{
"type": "FeatureCollection",
"name": "antennes_telecom",
"crs": { "type": "name", "properties": { "name": "urn:ogc:def:crs:OGC:1.3:CRS84" } },
"xy_coordinate_resolution": 1e-06,
"features": [
{ "type": "Feature", "properties": { "tg_type": "INF.TELECOM.ANTENNE", "nom": "", "source_id": "node/1049705890", "source": "OSM_OSMFR_2026-10-03", "statut": "IMPORTE", "date_source": "2026-10-03", "geometrie_source": "Point", "man_made": "tower", "tower_type": "communication", "communication_mobile_phone": null, "height": null, "operator": "Antenne de relais MTN" }, "geometry": { "type": "Point", "coordinates": [ 13.61087, 9.442559 ] } },
{ "type": "Feature", "properties": { "tg_type": "INF.TELECOM.ANTENNE", "nom": "", "source_id": "node/1049706032", "source": "OSM_OSMFR_2026-10-03", "statut": "IMPORTE", "date_source": "2026-10-03", "geometrie_source": "Point", "man_made": "tower", "tower_type": "communication", "communication_mobile_phone": null, "height": null, "operator": "Antenne de relais Orange" }, "geometry": { "type": "Point", "coordinates": [ 13.609912, 9.446607 ] } },
{ "type": "Feature", "properties": { "tg_type": "INF.TELECOM.ANTENNE", "nom": "", "source_id": "node/1068916070", "source": "OSM_OSMFR_2026-10-03", "statut": "IMPORTE", "date_source": "2026-10-03", "geometrie_source": "Point", "man_made": "tower", "tower_type": "communication", "communication_mobile_phone": null, "height": null, "operator": "MTN Antenna" }, "geometry": { "type": "Point", "coordinates": [ 10.43533, 5.985197 ] } },
{ "type": "Feature", "properties": { "tg_type": "INF.TELECOM.ANTENNE", "nom": "", "source_id": "node/1068916240", "source": "OSM_OSMFR_2026-10-03", "statut": "IMPORTE", "date_source": "2026-10-03", "geometrie_source": "Point", "man_made": "tower", "tower_type": "communication", "communication_mobile_phone": null, "height": null, "operator": "Orange Antenna" }, "geometry": { "type": "Point", "coordinates": [ 10.435586, 5.985566 ] } },
{ "type": "Feature", "properties": { "tg_type": "INF.TELECOM.ANTENNE", "nom": "", "source_id": "node/1116412132", "source": "OSM_OSMFR_2026-10-03", "statut": "IMPORTE", "date_source": "2026-10-03", "geometrie_source": "Point", "man_made": "tower", "tower_type": "communication", "communication_mobile_phone": null, "height": null, "operator": "MTN" }, "geometry": { "type": "Point", "coordinates": [ 8.988798, 4.102404 ] } },
{ "type": "Feature", "properties": { "tg_type": "INF.TELECOM.ANTENNE", "nom": "", "source_id": "node/2015877297", "source": "OSM_OSMFR_2026-10-03", "statut": "IMPORTE", "date_source": "2026-10-03", "geometrie_source": "Point", "man_made": "tower", "tower_type": "communication", "communication_mobile_phone": null, "height": null, "operator": null }, "geometry": { "type": "Point", "coordinates": [ 13.906928, 10.958986 ] } },
{ "type": "Feature", "properties": { "tg_type": "INF.TELECOM.ANTENNE", "nom": "Bamenda CRTV", "source_id": "node/2090500019", "source": "OSM_OSMFR_2026-10-03", "statut": "IMPORTE", "date_source": "2026-10-03", "geometrie_source": "Point", "man_made": "tower", "tower_type": "communication", "communication_mobile_phone": null, "height": null, "operator": null }, "geometry": { "type": "Point", "coordinates": [ 10.164822, 5.952725 ] } },
{ "type": "Feature", "properties": { "tg_type": "INF.TELECOM.ANTENNE", "nom": "", "source_id": "node/2107495718", "source": "OSM_OSMFR_2026-10-03", "statut": "IMPORTE", "date_source": "2026-10-03", "geometrie_source": "Point", "man_made": "tower", "tower_type": "communication", "communication_mobile_phone": null, "height": null, "operator": null }, "geometry": { "type": "Point", "coordinates": [ 14.821359, 12.175773 ] } },
{ "type": "Feature", "properties": { "tg_type": "INF.TELECOM.ANTENNE", "nom": "", "source_id": "node/2112126637", "source": "OSM_OSMFR_2026-10-03", "statut": "IMPORTE", "date_source": "2026-10-03", "geometrie_source": "Point", "man_made": "tower", "tower_type": "communication", "communication_mobile_phone": null, "height": null, "operator": null }, "geometry": { "type": "Point", "coordinates": [ 13.640451, 8.198589 ] } },
{ "type": "Feature", "properties": { "tg_type": "INF.TELECOM.ANTENNE", "nom": "Douala CRTV", "source_id": "node/2125013198", "source": "OSM_OSMFR_2026-10-03", "statut": "IMPORTE", "date_source": "2026-10-03", "geometrie_source": "Point", "man_made": "tower", "tower_type": "communication", "communication_mobile_phone": null, "height": null, "operator": null }, "geometry": { "type": "Point", "coordinates": [ 9.7753, 4.09443 ] } },
{ "type": "Feature", "properties": { "tg_type": "INF.TELECOM.ANTENNE", "nom": "", "source_id": "node/2125013200", "source": "OSM_OSMFR_2026-10-03", "statut": "IMPORTE", "date_source": "2026-10-03", "geometrie_source": "Point", "man_made": "tower", "tower_type": "communication", "communication_mobile_phone": null, "height": null, "operator": null }, "geometry": { "type": "Point", "coordinates": [ 9.749934, 4.092963 ] } },
{ "type": "Feature", "properties": { "tg_type": "INF.TELECOM.ANTENNE", "nom": "", "source_id": "node/2128225670", "source": "OSM_OSMFR_2026-10-03", "statut": "IMPORTE", "date_source": "2026-10-03", "geometrie_source": "Point", "man_made": "tower", "tower_type": "communication", "communication_mobile_phone": null, "height": null, "operator": null }, "geometry": { "type": "Point", "coordinates": [ 10.153054, 5.854262 ] } },
{ "type": "Feature", "properties": { "tg_type": "INF.TELECOM.ANTENNE", "nom": "", "source_id": "node/2128225671", "source": "OSM_OSMFR_2026-10-03", "statut": "IMPORTE", "date_source": "2026-10-03", "geometrie_source": "Point", "man_made": "tower", "tower_type": "communication", "communication_mobile_phone": null, "height": null, "operator": null }, "geometry": { "type": "Point", "coordinates": [ 10.150689, 5.856811 ] } },
{ "type": "Feature", "properties": { "tg_type": "INF.TELECOM.ANTENNE", "nom": "", "source_id": "node/2138251319", "source": "OSM_OSMFR_2026-10-03", "statut": "IMPORTE", "date_source": "2026-10-03", "geometrie_source": "Point", "man_made": "tower", "tower_type": "communication", "communication_mobile_phone": null, "height": null, "operator": null }, "geometry": { "type": "Point", "coordinates": [ 14.17478, 8.679692 ] } },
{ "type": "Feature", "properties": { "tg_type": "INF.TELECOM.ANTENNE", "nom": "", "source_id": "node/2142008721", "source": "OSM_OSMFR_2026-10-03", "statut": "IMPORTE", "date_source": "2026-10-03", "geometrie_source": "Point", "man_made": "tower", "tower_type": "communication", "communication_mobile_phone": null, "height": null, "operator": null }, "geometry": { "type": "Point", "coordinates": [ 14.341659, 10.796393 ] } },
{ "type": "Feature", "properties": { "tg_type": "INF.TELECOM.ANTENNE", "nom": "", "source_id": "node/2142008907", "source": "OSM_OSMFR_2026-10-03", "statut": "IMPORTE", "date_source": "2026-10-03", "geometrie_source": "Point", "man_made": "tower", "tower_type": "communication", "communication_mobile_phone": null, "height": null, "operator": null }, "geometry": { "type": "Point", "coordinates": [ 14.488479, 10.984432 ] } },
{ "type": "Feature", "properties": { "tg_type": "INF.TELECOM.ANTENNE", "nom": "Antenne Airtel", "source_id": "node/2165143915", "source": "OSM_OSMFR_2026-10-03", "statut": "IMPORTE", "date_source": "2026-10-03", "geometrie_source": "Point", "man_made": "tower", "tower_type": "communication", "communication_mobile_phone": null, "height": null, "operator": null }, "geometry": { "type": "Point", "coordinates": [ 15.035821, 12.118213 ] } },
{ "type": "Feature", "properties": { "tg_type": "INF.TELECOM.ANTENNE", "nom": "Antenne Tigo", "source_id": "node/2165143916", "source": "OSM_OSMFR_2026-10-03", "statut": "IMPORTE", "date_source": "2026-10-03", "geometrie_source": "Point", "man_made": "tower", "tower_type": "communication", "communication_mobile_phone": null, "height": null, "operator": null }, "geometry": { "type": "Point", "coordinates": [ 15.034629, 12.118263 ] } },
{ "type": "Feature", "properties": { "tg_type": "INF.TELECOM.ANTENNE", "nom": "", "source_id": "node/2282595360", "source": "OSM_OSMFR_2026-10-03", "statut": "IMPORTE", "date_source": "2026-10-03", "geometrie_source": "Point", "man_made": "tower", "tower_type": "communication", "communication_mobile_phone": null, "height": null, "operator": null }, "geometry": { "type": "Point", "coordinates": [ 11.484026, 3.906057 ] } },
{ "type": "Feature", "properties": { "tg_type": "INF.TELECOM.ANTENNE", "nom": "", "source_id": "node/2351566218", "source": "OSM_OSMFR_2026-10-03", "statut": "IMPORTE", "date_source": "2026-10-03", "geometrie_source": "Point", "man_made": "tower", "tower_type": "communication", "communication_mobile_phone": null, "height": null, "operator": null }, "geometry": { "type": "Point", "coordinates": [ 9.991798, 6.337989 ] } },
{ "type": "Feature", "properties": { "tg_type": "INF.TELECOM.ANTENNE", "nom": "", "source_id": "node/2356974182", "source": "OSM_OSMFR_2026-10-03", "statut": "IMPORTE", "date_source": "2026-10-03", "geometrie_source": "Point", "man_made": "mast", "tower_type": "communication", "communication_mobile_phone": null, "height": null, "operator": null }, "geometry": { "type": "Point", "coordinates": [ 10.386176, 5.17212 ] } },
{ "type": "Feature", "properties": { "tg_type": "INF.TELECOM.ANTENNE", "nom": "", "source_id": "node/2386227733", "source": "OSM_OSMFR_2026-10-03", "statut": "IMPORTE", "date_source": "2026-10-03", "geometrie_source": "Point", "man_made": "tower", "tower_type": "communication", "communication_mobile_phone": null, "height": null, "operator": null }, "geometry": { "type": "Point", "coordinates": [ 9.727173, 4.060927 ] } },
{ "type": "Feature", "properties": { "tg_type": "INF.TELECOM.ANTENNE", "nom": "", "source_id": "node/2449394532", "source": "OSM_OSMFR_2026-10-03", "statut": "IMPORTE", "date_source": "2026-10-03", "geometrie_source": "Point", "man_made": "tower", "tower_type": "communication", "communication_mobile_phone": null, "height": null, "operator": null }, "geometry": { "type": "Point", "coordinates": [ 9.97216, 2.855937 ] } },
{ "type": "Feature", "properties": { "tg_type": "INF.TELECOM.ANTENNE", "nom": "", "source_id": "node/2501066046", "source": "OSM_OSMFR_2026-10-03", "statut": "IMPORTE", "date_source": "2026-10-03", "geometrie_source": "Point", "man_made": "mast", "tower_type": "communication", "communication_mobile_phone": null, "height": null, "operator": null }, "geometry": { "type": "Point", "coordinates": [ 11.488138, 3.901552 ] } },
{ "type": "Feature", "properties": { "tg_type": "INF.TELECOM.ANTENNE", "nom": "", "source_id": "node/2501066049", "source": "OSM_OSMFR_2026-10-03", "statut": "IMPORTE", "date_source": "2026-10-03", "geometrie_source": "Point", "man_made": "tower", "tower_type": "communication", "communication_mobile_phone": null, "height": null, "operator": null }, "geometry": { "type": "Point", "coordinates": [ 11.487798, 3.901565 ] } },
{ "type": "Feature", "properties": { "tg_type": "INF.TELECOM.ANTENNE", "nom": "", "source_id": "node/2501066052", "source": "OSM_OSMFR_2026-10-03", "statut": "IMPORTE", "date_source": "2026-10-03", "geometrie_source": "Point", "man_made": "tower", "tower_type": "communication", "communication_mobile_phone": null, "height": null, "operator": null }, "geometry": { "type": "Point", "coordinates": [ 11.487884, 3.901639 ] } },
{ "type": "Feature", "properties": { "tg_type": "INF.TELECOM.ANTENNE", "nom": "", "source_id": "node/2501066996", "source": "OSM_OSMFR_2026-10-03", "statut": "IMPORTE", "date_source": "2026-10-03", "geometrie_source": "Point", "man_made": "tower", "tower_type": "communication", "communication_mobile_phone": null, "height": null, "operator": null }, "geometry": { "type": "Point", "coordinates": [ 11.489286, 3.902338 ] } },
{ "type": "Feature", "properties": { "tg_type": "INF.TELECOM.ANTENNE", "nom": "Antene Relais", "source_id": "node/2522617090", "source": "OSM_OSMFR_2026-10-03", "statut": "IMPORTE", "date_source": "2026-10-03", "geometrie_source": "Point", "man_made": "tower", "tower_type": "communication", "communication_mobile_phone": null, "height": null, "operator": null }, "geometry": { "type": "Point", "coordinates": [ 11.257457, 4.604046 ] } },
{ "type": "Feature", "properties": { "tg_type": "INF.TELECOM.ANTENNE", "nom": "", "source_id": "node/2589417030", "source": "OSM_OSMFR_2026-10-03", "statut": "IMPORTE", "date_source": "2026-10-03", "geometrie_source": "Point", "man_made": "tower", "tower_type": "communication", "communication_mobile_phone": null, "height": null, "operator": null }, "geometry": { "type": "Point", "coordinates": [ 9.828247, 2.37886 ] } },
{ "type": "Feature", "properties": { "tg_type": "INF.TELECOM.ANTENNE", "nom": "", "source_id": "node/2696809077", "source": "OSM_OSMFR_2026-10-03", "statut": "IMPORTE", "date_source": "2026-10-03", "geometrie_source": "Point", "man_made": "tower", "tower_type": "communication", "communication_mobile_phone": null, "height": null, "operator": null }, "geometry": { "type": "Point", "coordinates": [ 11.27167, 3.776927 ] } },
{ "type": "Feature", "properties": { "tg_type": "INF.TELECOM.ANTENNE", "nom": "", "source_id": "node/2698610507", "source": "OSM_OSMFR_2026-10-03", "statut": "IMPORTE", "date_source": "2026-10-03", "geometrie_source": "Point", "man_made": "tower", "tower_type": "communication", "communication_mobile_phone": null, "height": null, "operator": null }, "geometry": { "type": "Point", "coordinates": [ 11.345009, 3.800803 ] } },
{ "type": "Feature", "properties": { "tg_type": "INF.TELECOM.ANTENNE", "nom": "", "source_id": "node/2717995407", "source": "OSM_OSMFR_2026-10-03", "statut": "IMPORTE", "date_source": "2026-10-03", "geometrie_source": "Point", "man_made": "tower", "tower_type": "communication", "communication_mobile_phone": null, "height": null, "operator": null }, "geometry": { "type": "Point", "coordinates": [ 11.330644, 3.502194 ] } },
{ "type": "Feature", "properties": { "tg_type": "INF.TELECOM.ANTENNE", "nom": "", "source_id": "node/2717995411", "source": "OSM_OSMFR_2026-10-03", "statut": "IMPORTE", "date_source": "2026-10-03", "geometrie_source": "Point", "man_made": "tower", "tower_type": "communication", "communication_mobile_phone": null, "height": null, "operator": null }, "geometry": { "type": "Point", "coordinates": [ 11.330971, 3.503261 ] } },
{ "type": "Feature", "properties": { "tg_type": "INF.TELECOM.ANTENNE", "nom": "", "source_id": "node/2736178239", "source": "OSM_OSMFR_2026-10-03", "statut": "IMPORTE", "date_source": "2026-10-03", "geometrie_source": "Point", "man_made": "tower", "tower_type": "communication", "communication_mobile_phone": null, "height": null, "operator": null }, "geometry": { "type": "Point", "coordinates": [ 14.20544, 6.71036 ] } },
{ "type": "Feature", "properties": { "tg_type": "INF.TELECOM.ANTENNE", "nom": "", "source_id": "node/2751531535", "source": "OSM_OSMFR_2026-10-03", "statut": "IMPORTE", "date_source": "2026-10-03", "geometrie_source": "Point", "man_made": "tower", "tower_type": "communication", "communication_mobile_phone": null, "height": null, "operator": null }, "geometry": { "type": "Point", "coordinates": [ 11.381012, 3.791562 ] } },
{ "type": "Feature", "properties": { "tg_type": "INF.TELECOM.ANTENNE", "nom": "", "source_id": "node/2973163958", "source": "OSM_OSMFR_2026-10-03", "statut": "IMPORTE", "date_source": "2026-10-03", "geometrie_source": "Point", "man_made": "tower", "tower_type": "communication", "communication_mobile_phone": null, "height": null, "operator": null }, "geometry": { "type": "Point", "coordinates": [ 14.833617, 4.330249 ] } },
{ "type": "Feature", "properties": { "tg_type": "INF.TELECOM.ANTENNE", "nom": "", "source_id": "node/2974948266", "source": "OSM_OSMFR_2026-10-03", "statut": "IMPORTE", "date_source": "2026-10-03", "geometrie_source": "Point", "man_made": "tower", "tower_type": "communication", "communication_mobile_phone": null, "height": null, "operator": null }, "geometry": { "type": "Point", "coordinates": [ 15.030316, 4.171315 ] } },
{ "type": "Feature", "properties": { "tg_type": "INF.TELECOM.ANTENNE", "nom": "", "source_id": "node/2997510361", "source": "OSM_OSMFR_2026-10-03", "statut": "IMPORTE", "date_source": "2026-10-03", "geometrie_source": "Point", "man_made": "tower", "tower_type": "communication", "communication_mobile_phone": null, "height": null, "operator": null }, "geometry": { "type": "Point", "coordinates": [ 11.604222, 3.970937 ] } },
{ "type": "Feature", "properties": { "tg_type": "INF.TELECOM.ANTENNE", "nom": "", "source_id": "node/2997547633", "source": "OSM_OSMFR_2026-10-03", "statut": "IMPORTE", "date_source": "2026-10-03", "geometrie_source": "Point", "man_made": "tower", "tower_type": "communication", "communication_mobile_phone": null, "height": null, "operator": null }, "geometry": { "type": "Point", "coordinates": [ 11.594459, 3.972146 ] } },
{ "type": "Feature", "properties": { "tg_type": "INF.TELECOM.ANTENNE", "nom": "", "source_id": "node/2998592133", "source": "OSM_OSMFR_2026-10-03", "statut": "IMPORTE", "date_source": "2026-10-03", "geometrie_source": "Point", "man_made": "tower", "tower_type": "communication", "communication_mobile_phone": null, "height": null, "operator": null }, "geometry": { "type": "Point", "coordinates": [ 14.441256, 5.744906 ] } },
{ "type": "Feature", "properties": { "tg_type": "INF.TELECOM.ANTENNE", "nom": "", "source_id": "node/2998592533", "source": "OSM_OSMFR_2026-10-03", "statut": "IMPORTE", "date_source": "2026-10-03", "geometrie_source": "Point", "man_made": "tower", "tower_type": "communication", "communication_mobile_phone": null, "height": null, "operator": null }, "geometry": { "type": "Point", "coordinates": [ 14.441469, 5.74566 ] } },
{ "type": "Feature", "properties": { "tg_type": "INF.TELECOM.ANTENNE", "nom": "", "source_id": "node/3005488029", "source": "OSM_OSMFR_2026-10-03", "statut": "IMPORTE", "date_source": "2026-10-03", "geometrie_source": "Point", "man_made": "tower", "tower_type": "communication", "communication_mobile_phone": null, "height": null, "operator": null }, "geometry": { "type": "Point", "coordinates": [ 11.578583, 3.922257 ] } },
{ "type": "Feature", "properties": { "tg_type": "INF.TELECOM.ANTENNE", "nom": "", "source_id": "node/3005488030", "source": "OSM_OSMFR_2026-10-03", "statut": "IMPORTE", "date_source": "2026-10-03", "geometrie_source": "Point", "man_made": "tower", "tower_type": "communication", "communication_mobile_phone": null, "height": null, "operator": null }, "geometry": { "type": "Point", "coordinates": [ 11.57811, 3.930031 ] } },
{ "type": "Feature", "properties": { "tg_type": "INF.TELECOM.ANTENNE", "nom": "", "source_id": "node/3014359936", "source": "OSM_OSMFR_2026-10-03", "statut": "IMPORTE", "date_source": "2026-10-03", "geometrie_source": "Point", "man_made": "tower", "tower_type": "communication", "communication_mobile_phone": null, "height": null, "operator": null }, "geometry": { "type": "Point", "coordinates": [ 14.382637, 6.136372 ] } },
{ "type": "Feature", "properties": { "tg_type": "INF.TELECOM.ANTENNE", "nom": "", "source_id": "node/3014359950", "source": "OSM_OSMFR_2026-10-03", "statut": "IMPORTE", "date_source": "2026-10-03", "geometrie_source": "Point", "man_made": "tower", "tower_type": "communication", "communication_mobile_phone": null, "height": null, "operator": null }, "geometry": { "type": "Point", "coordinates": [ 14.382328, 6.136831 ] } },
{ "type": "Feature", "properties": { "tg_type": "INF.TELECOM.ANTENNE", "nom": "", "source_id": "node/3021902110", "source": "OSM_OSMFR_2026-10-03", "statut": "IMPORTE", "date_source": "2026-10-03", "geometrie_source": "Point", "man_made": "tower", "tower_type": "communication", "communication_mobile_phone": null, "height": null, "operator": null }, "geometry": { "type": "Point", "coordinates": [ 9.82603, 4.849122 ] } },
{ "type": "Feature", "properties": { "tg_type": "INF.TELECOM.ANTENNE", "nom": "", "source_id": "node/3032141002", "source": "OSM_OSMFR_2026-10-03", "statut": "IMPORTE", "date_source": "2026-10-03", "geometrie_source": "Point", "man_made": "tower", "tower_type": "communication", "communication_mobile_phone": null, "height": null, "operator": null }, "geometry": { "type": "Point", "coordinates": [ 14.316803, 6.379896 ] } },
{ "type": "Feature", "properties": { "tg_type": "INF.TELECOM.ANTENNE", "nom": "", "source_id": "node/3175221821", "source": "OSM_OSMFR_2026-10-03", "statut": "IMPORTE", "date_source": "2026-10-03", "geometrie_source": "Point", "man_made": "tower", "tower_type": "communication", "communication_mobile_phone": null, "height": null, "operator": null }, "geometry": { "type": "Point", "coordinates": [ 9.706041, 4.695492 ] } },
{ "type": "Feature", "properties": { "tg_type": "INF.TELECOM.ANTENNE", "nom": "", "source_id": "node/3175596525", "source": "OSM_OSMFR_2026-10-03", "statut": "IMPORTE", "date_source": "2026-10-03", "geometrie_source": "Point", "man_made": "tower", "tower_type": "communication", "communication_mobile_phone": null, "height": null, "operator": null }, "geometry": { "type": "Point", "coordinates": [ 10.726886, 3.239272 ] } },
{ "type": "Feature", "properties": { "tg_type": "INF.TELECOM.ANTENNE", "nom": "", "source_id": "node/3184432088", "source": "OSM_OSMFR_2026-10-03", "statut": "IMPORTE", "date_source": "2026-10-03", "geometrie_source": "Point", "man_made": "tower", "tower_type": "communication", "communication_mobile_phone": null, "height": null, "operator": null }, "geometry": { "type": "Point", "coordinates": [ 10.322602, 5.158921 ] } },
{ "type": "Feature", "properties": { "tg_type": "INF.TELECOM.ANTENNE", "nom": "", "source_id": "node/3184433204", "source": "OSM_OSMFR_2026-10-03", "statut": "IMPORTE", "date_source": "2026-10-03", "geometrie_source": "Point", "man_made": "tower", "tower_type": "communication", "communication_mobile_phone": null, "height": null, "operator": null }, "geometry": { "type": "Point", "coordinates": [ 10.206347, 5.174069 ] } },
{ "type": "Feature", "properties": { "tg_type": "INF.TELECOM.ANTENNE", "nom": "", "source_id": "node/3184973644", "source": "OSM_OSMFR_2026-10-03", "statut": "IMPORTE", "date_source": "2026-10-03", "geometrie_source": "Point", "man_made": "tower", "tower_type": "communication", "communication_mobile_phone": null, "height": null, "operator": null }, "geometry": { "type": "Point", "coordinates": [ 10.872074, 5.72453 ] } },
{ "type": "Feature", "properties": { "tg_type": "INF.TELECOM.ANTENNE", "nom": "", "source_id": "node/3186957383", "source": "OSM_OSMFR_2026-10-03", "statut": "IMPORTE", "date_source": "2026-10-03", "geometrie_source": "Point", "man_made": "tower", "tower_type": "communication", "communication_mobile_phone": null, "height": null, "operator": null }, "geometry": { "type": "Point", "coordinates": [ 9.917097, 2.924904 ] } },
{ "type": "Feature", "properties": { "tg_type": "INF.TELECOM.ANTENNE", "nom": "", "source_id": "node/3193675321", "source": "OSM_OSMFR_2026-10-03", "statut": "IMPORTE", "date_source": "2026-10-03", "geometrie_source": "Point", "man_made": "tower", "tower_type": "communication", "communication_mobile_phone": null, "height": null, "operator": null }, "geometry": { "type": "Point", "coordinates": [ 13.681188, 4.565795 ] } },
{ "type": "Feature", "properties": { "tg_type": "INF.TELECOM.ANTENNE", "nom": "", "source_id": "node/3193948133", "source": "OSM_OSMFR_2026-10-03", "statut": "IMPORTE", "date_source": "2026-10-03", "geometrie_source": "Point", "man_made": "tower", "tower_type": "communication", "communication_mobile_phone": null, "height": null, "operator": null }, "geometry": { "type": "Point", "coordinates": [ 13.663246, 4.580543 ] } },
{ "type": "Feature", "properties": { "tg_type": "INF.TELECOM.ANTENNE", "nom": "", "source_id": "node/3194035198", "source": "OSM_OSMFR_2026-10-03", "statut": "IMPORTE", "date_source": "2026-10-03", "geometrie_source": "Point", "man_made": "tower", "tower_type": "communication", "communication_mobile_phone": null, "height": null, "operator": null }, "geometry": { "type": "Point", "coordinates": [ 13.68384, 4.583203 ] } },
{ "type": "Feature", "properties": { "tg_type": "INF.TELECOM.ANTENNE", "nom": "", "source_id": "node/3198424481", "source": "OSM_OSMFR_2026-10-03", "statut": "IMPORTE", "date_source": "2026-10-03", "geometrie_source": "Point", "man_made": "tower", "tower_type": "communication", "communication_mobile_phone": null, "height": null, "operator": null }, "geometry": { "type": "Point", "coordinates": [ 9.477599, 4.934442 ] } },
{ "type": "Feature", "properties": { "tg_type": "INF.TELECOM.ANTENNE", "nom": "", "source_id": "node/3206077923", "source": "OSM_OSMFR_2026-10-03", "statut": "IMPORTE", "date_source": "2026-10-03", "geometrie_source": "Point", "man_made": "tower", "tower_type": "communication", "communication_mobile_phone": null, "height": null, "operator": null }, "geometry": { "type": "Point", "coordinates": [ 10.899462, 3.57245 ] } },
{ "type": "Feature", "properties": { "tg_type": "INF.TELECOM.ANTENNE", "nom": "", "source_id": "node/3206078300", "source": "OSM_OSMFR_2026-10-03", "statut": "IMPORTE", "date_source": "2026-10-03", "geometrie_source": "Point", "man_made": "tower", "tower_type": "communication", "communication_mobile_phone": null, "height": null, "operator": null }, "geometry": { "type": "Point", "coordinates": [ 10.768799, 3.654096 ] } },
{ "type": "Feature", "properties": { "tg_type": "INF.TELECOM.ANTENNE", "nom": "", "source_id": "node/3206292823", "source": "OSM_OSMFR_2026-10-03", "statut": "IMPORTE", "date_source": "2026-10-03", "geometrie_source": "Point", "man_made": "tower", "tower_type": "communication", "communication_mobile_phone": null, "height": null, "operator": null }, "geometry": { "type": "Point", "coordinates": [ 11.534431, 4.169377 ] } },
{ "type": "Feature", "properties": { "tg_type": "INF.TELECOM.ANTENNE", "nom": "", "source_id": "node/3206292824", "source": "OSM_OSMFR_2026-10-03", "statut": "IMPORTE", "date_source": "2026-10-03", "geometrie_source": "Point", "man_made": "tower", "tower_type": "communication", "communication_mobile_phone": null, "height": null, "operator": null }, "geometry": { "type": "Point", "coordinates": [ 11.533504, 4.16952 ] } },
{ "type": "Feature", "properties": { "tg_type": "INF.TELECOM.ANTENNE", "nom": "", "source_id": "node/3235845164", "source": "OSM_OSMFR_2026-10-03", "statut": "IMPORTE", "date_source": "2026-10-03", "geometrie_source": "Point", "man_made": "tower", "tower_type": "communication", "communication_mobile_phone": null, "height": null, "operator": null }, "geometry": { "type": "Point", "coordinates": [ 10.512146, 5.136576 ] } },
{ "type": "Feature", "properties": { "tg_type": "INF.TELECOM.ANTENNE", "nom": "", "source_id": "node/3242406672", "source": "OSM_OSMFR_2026-10-03", "statut": "IMPORTE", "date_source": "2026-10-03", "geometrie_source": "Point", "man_made": "tower", "tower_type": "communication", "communication_mobile_phone": null, "height": null, "operator": null }, "geometry": { "type": "Point", "coordinates": [ 10.880782, 5.730553 ] } },
{ "type": "Feature", "properties": { "tg_type": "INF.TELECOM.ANTENNE", "nom": "", "source_id": "node/3273010019", "source": "OSM_OSMFR_2026-10-03", "statut": "IMPORTE", "date_source": "2026-10-03", "geometrie_source": "Point", "man_made": "tower", "tower_type": "communication", "communication_mobile_phone": null, "height": null, "operator": null }, "geometry": { "type": "Point", "coordinates": [ 12.382118, 4.695352 ] } },
{ "type": "Feature", "properties": { "tg_type": "INF.TELECOM.ANTENNE", "nom": "", "source_id": "node/3287638876", "source": "OSM_OSMFR_2026-10-03", "statut": "IMPORTE", "date_source": "2026-10-03", "geometrie_source": "Point", "man_made": "tower", "tower_type": "communication", "communication_mobile_phone": null, "height": null, "operator": null }, "geometry": { "type": "Point", "coordinates": [ 9.893372, 4.922425 ] } },
{ "type": "Feature", "properties": { "tg_type": "INF.TELECOM.ANTENNE", "nom": "", "source_id": "node/3287638956", "source": "OSM_OSMFR_2026-10-03", "statut": "IMPORTE", "date_source": "2026-10-03", "geometrie_source": "Point", "man_made": "tower", "tower_type": "communication", "communication_mobile_phone": null, "height": null, "operator": null }, "geometry": { "type": "Point", "coordinates": [ 9.890391, 4.927085 ] } },
{ "type": "Feature", "properties": { "tg_type": "INF.TELECOM.ANTENNE", "nom": "", "source_id": "node/3292206087", "source": "OSM_OSMFR_2026-10-03", "statut": "IMPORTE", "date_source": "2026-10-03", "geometrie_source": "Point", "man_made": "tower", "tower_type": "communication", "communication_mobile_phone": null, "height": null, "operator": null }, "geometry": { "type": "Point", "coordinates": [ 9.742149, 4.741643 ] } },
{ "type": "Feature", "properties": { "tg_type": "INF.TELECOM.ANTENNE", "nom": "", "source_id": "node/3299066938", "source": "OSM_OSMFR_2026-10-03", "statut": "IMPORTE", "date_source": "2026-10-03", "geometrie_source": "Point", "man_made": "tower", "tower_type": "communication", "communication_mobile_phone": null, "height": null, "operator": null }, "geometry": { "type": "Point", "coordinates": [ 11.259598, 4.937909 ] } },
{ "type": "Feature", "properties": { "tg_type": "INF.TELECOM.ANTENNE", "nom": "", "source_id": "node/3370227269", "source": "OSM_OSMFR_2026-10-03", "statut": "IMPORTE", "date_source": "2026-10-03", "geometrie_source": "Point", "man_made": "tower", "tower_type": "communication", "communication_mobile_phone": null, "height": null, "operator": null }, "geometry": { "type": "Point", "coordinates": [ 13.253929, 6.850654 ] } },
{ "type": "Feature", "properties": { "tg_type": "INF.TELECOM.ANTENNE", "nom": "", "source_id": "node/3370293313", "source": "OSM_OSMFR_2026-10-03", "statut": "IMPORTE", "date_source": "2026-10-03", "geometrie_source": "Point", "man_made": "tower", "tower_type": "communication", "communication_mobile_phone": null, "height": null, "operator": null }, "geometry": { "type": "Point", "coordinates": [ 13.589835, 7.862436 ] } },
{ "type": "Feature", "properties": { "tg_type": "INF.TELECOM.ANTENNE", "nom": "", "source_id": "node/3374765541", "source": "OSM_OSMFR_2026-10-03", "statut": "IMPORTE", "date_source": "2026-10-03", "geometrie_source": "Point", "man_made": "tower", "tower_type": "communication", "communication_mobile_phone": null, "height": null, "operator": null }, "geometry": { "type": "Point", "coordinates": [ 13.588537, 8.982287 ] } },
{ "type": "Feature", "properties": { "tg_type": "INF.TELECOM.ANTENNE", "nom": "", "source_id": "node/3374874732", "source": "OSM_OSMFR_2026-10-03", "statut": "IMPORTE", "date_source": "2026-10-03", "geometrie_source": "Point", "man_made": "tower", "tower_type": "communication", "communication_mobile_phone": null, "height": null, "operator": null }, "geometry": { "type": "Point", "coordinates": [ 13.368738, 9.295691 ] } },
{ "type": "Feature", "properties": { "tg_type": "INF.TELECOM.ANTENNE", "nom": "", "source_id": "node/3393792890", "source": "OSM_OSMFR_2026-10-03", "statut": "IMPORTE", "date_source": "2026-10-03", "geometrie_source": "Point", "man_made": "tower", "tower_type": "communication", "communication_mobile_phone": null, "height": null, "operator": null }, "geometry": { "type": "Point", "coordinates": [ 13.560979, 7.575033 ] } },
{ "type": "Feature", "properties": { "tg_type": "INF.TELECOM.ANTENNE", "nom": "", "source_id": "node/3393793497", "source": "OSM_OSMFR_2026-10-03", "statut": "IMPORTE", "date_source": "2026-10-03", "geometrie_source": "Point", "man_made": "tower", "tower_type": "communication", "communication_mobile_phone": null, "height": null, "operator": null }, "geometry": { "type": "Point", "coordinates": [ 13.562308, 7.575666 ] } },
{ "type": "Feature", "properties": { "tg_type": "INF.TELECOM.ANTENNE", "nom": "", "source_id": "node/3394196316", "source": "OSM_OSMFR_2026-10-03", "statut": "IMPORTE", "date_source": "2026-10-03", "geometrie_source": "Point", "man_made": "tower", "tower_type": "communication", "communication_mobile_phone": null, "height": null, "operator": null }, "geometry": { "type": "Point", "coordinates": [ 13.512251, 8.803193 ] } },
{ "type": "Feature", "properties": { "tg_type": "INF.TELECOM.ANTENNE", "nom": "", "source_id": "node/3423487519", "source": "OSM_OSMFR_2026-10-03", "statut": "IMPORTE", "date_source": "2026-10-03", "geometrie_source": "Point", "man_made": "tower", "tower_type": "communication", "communication_mobile_phone": null, "height": null, "operator": null }, "geometry": { "type": "Point", "coordinates": [ 14.438012, 7.049996 ] } },
{ "type": "Feature", "properties": { "tg_type": "INF.TELECOM.ANTENNE", "nom": "", "source_id": "node/3424944561", "source": "OSM_OSMFR_2026-10-03", "statut": "IMPORTE", "date_source": "2026-10-03", "geometrie_source": "Point", "man_made": "tower", "tower_type": "communication", "communication_mobile_phone": null, "height": null, "operator": "Nextel" }, "geometry": { "type": "Point", "coordinates": [ 9.747144, 4.012102 ] } },
{ "type": "Feature", "properties": { "tg_type": "INF.TELECOM.ANTENNE", "nom": "", "source_id": "node/3454402946", "source": "OSM_OSMFR_2026-10-03", "statut": "IMPORTE", "date_source": "2026-10-03", "geometrie_source": "Point", "man_made": "tower", "tower_type": "communication", "communication_mobile_phone": null, "height": null, "operator": null }, "geometry": { "type": "Point", "coordinates": [ 9.609346, 4.241953 ] } },
{ "type": "Feature", "properties": { "tg_type": "INF.TELECOM.ANTENNE", "nom": "", "source_id": "node/3523054158", "source": "OSM_OSMFR_2026-10-03", "statut": "IMPORTE", "date_source": "2026-10-03", "geometrie_source": "Point", "man_made": "tower", "tower_type": "communication", "communication_mobile_phone": null, "height": null, "operator": null }, "geometry": { "type": "Point", "coordinates": [ 11.779903, 6.706789 ] } },
{ "type": "Feature", "properties": { "tg_type": "INF.TELECOM.ANTENNE", "nom": "", "source_id": "node/3523054160", "source": "OSM_OSMFR_2026-10-03", "statut": "IMPORTE", "date_source": "2026-10-03", "geometrie_source": "Point", "man_made": "tower", "tower_type": "communication", "communication_mobile_phone": null, "height": null, "operator": null }, "geometry": { "type": "Point", "coordinates": [ 11.779006, 6.708032 ] } },
{ "type": "Feature", "properties": { "tg_type": "INF.TELECOM.ANTENNE", "nom": "", "source_id": "node/3523067056", "source": "OSM_OSMFR_2026-10-03", "statut": "IMPORTE", "date_source": "2026-10-03", "geometrie_source": "Point", "man_made": "tower", "tower_type": "communication", "communication_mobile_phone": null, "height": null, "operator": null }, "geometry": { "type": "Point", "coordinates": [ 12.377991, 6.532515 ] } },
{ "type": "Feature", "properties": { "tg_type": "INF.TELECOM.ANTENNE", "nom": "", "source_id": "node/3607286784", "source": "OSM_OSMFR_2026-10-03", "statut": "IMPORTE", "date_source": "2026-10-03", "geometrie_source": "Point", "man_made": "mast", "tower_type": "communication", "communication_mobile_phone": null, "height": null, "operator": null }, "geometry": { "type": "Point", "coordinates": [ 11.565489, 6.486262 ] } },
{ "type": "Feature", "properties": { "tg_type": "INF.TELECOM.ANTENNE", "nom": "", "source_id": "node/3608017534", "source": "OSM_OSMFR_2026-10-03", "statut": "IMPORTE", "date_source": "2026-10-03", "geometrie_source": "Point", "man_made": "mast", "tower_type": "communication", "communication_mobile_phone": null, "height": null, "operator": null }, "geometry": { "type": "Point", "coordinates": [ 11.613873, 6.344186 ] } },
{ "type": "Feature", "properties": { "tg_type": "INF.TELECOM.ANTENNE", "nom": "", "source_id": "node/3659331862", "source": "OSM_OSMFR_2026-10-03", "statut": "IMPORTE", "date_source": "2026-10-03", "geometrie_source": "Point", "man_made": "tower", "tower_type": "communication", "communication_mobile_phone": null, "height": null, "operator": null }, "geometry": { "type": "Point", "coordinates": [ 10.667627, 5.518661 ] } },
{ "type": "Feature", "properties": { "tg_type": "INF.TELECOM.ANTENNE", "nom": "", "source_id": "node/3675303317", "source": "OSM_OSMFR_2026-10-03", "statut": "IMPORTE", "date_source": "2026-10-03", "geometrie_source": "Point", "man_made": "mast", "tower_type": "communication", "communication_mobile_phone": null, "height": null, "operator": null }, "geometry": { "type": "Point", "coordinates": [ 11.93648, 6.71833 ] } },
{ "type": "Feature", "properties": { "tg_type": "INF.TELECOM.ANTENNE", "nom": "", "source_id": "node/3704941977", "source": "OSM_OSMFR_2026-10-03", "statut": "IMPORTE", "date_source": "2026-10-03", "geometrie_source": "Point", "man_made": "mast", "tower_type": "communication", "communication_mobile_phone": null, "height": null, "operator": null }, "geometry": { "type": "Point", "coordinates": [ 12.061182, 6.656268 ] } },
{ "type": "Feature", "properties": { "tg_type": "INF.TELECOM.ANTENNE", "nom": "", "source_id": "node/3709930413", "source": "OSM_OSMFR_2026-10-03", "statut": "IMPORTE", "date_source": "2026-10-03", "geometrie_source": "Point", "man_made": "mast", "tower_type": "communication", "communication_mobile_phone": null, "height": null, "operator": null }, "geometry": { "type": "Point", "coordinates": [ 12.17161, 6.601796 ] } },
{ "type": "Feature", "properties": { "tg_type": "INF.TELECOM.ANTENNE", "nom": "", "source_id": "node/3709930468", "source": "OSM_OSMFR_2026-10-03", "statut": "IMPORTE", "date_source": "2026-10-03", "geometrie_source": "Point", "man_made": "mast", "tower_type": "communication", "communication_mobile_phone": null, "height": null, "operator": null }, "geometry": { "type": "Point", "coordinates": [ 12.167829, 6.614364 ] } },
{ "type": "Feature", "properties": { "tg_type": "INF.TELECOM.ANTENNE", "nom": "Antenne Relais MTN", "source_id": "node/3732769853", "source": "OSM_OSMFR_2026-10-03", "statut": "IMPORTE", "date_source": "2026-10-03", "geometrie_source": "Point", "man_made": "tower", "tower_type": "communication", "communication_mobile_phone": null, "height": null, "operator": null }, "geometry": { "type": "Point", "coordinates": [ 9.600064, 4.165539 ] } },
{ "type": "Feature", "properties": { "tg_type": "INF.TELECOM.ANTENNE", "nom": "Antenne MTN", "source_id": "node/3732811635", "source": "OSM_OSMFR_2026-10-03", "statut": "IMPORTE", "date_source": "2026-10-03", "geometrie_source": "Point", "man_made": "tower", "tower_type": "communication", "communication_mobile_phone": null, "height": null, "operator": null }, "geometry": { "type": "Point", "coordinates": [ 9.655426, 4.179289 ] } },
{ "type": "Feature", "properties": { "tg_type": "INF.TELECOM.ANTENNE", "nom": "Antenne MTN", "source_id": "node/3732811636", "source": "OSM_OSMFR_2026-10-03", "statut": "IMPORTE", "date_source": "2026-10-03", "geometrie_source": "Point", "man_made": "tower", "tower_type": "communication", "communication_mobile_phone": null, "height": null, "operator": null }, "geometry": { "type": "Point", "coordinates": [ 9.66267, 4.180418 ] } },
{ "type": "Feature", "properties": { "tg_type": "INF.TELECOM.ANTENNE", "nom": "", "source_id": "node/3740270065", "source": "OSM_OSMFR_2026-10-03", "statut": "IMPORTE", "date_source": "2026-10-03", "geometrie_source": "Point", "man_made": "mast", "tower_type": "communication", "communication_mobile_phone": null, "height": null, "operator": null }, "geometry": { "type": "Point", "coordinates": [ 12.740644, 6.577755 ] } },
{ "type": "Feature", "properties": { "tg_type": "INF.TELECOM.ANTENNE", "nom": "", "source_id": "node/3744840274", "source": "OSM_OSMFR_2026-10-03", "statut": "IMPORTE", "date_source": "2026-10-03", "geometrie_source": "Point", "man_made": "mast", "tower_type": "communication", "communication_mobile_phone": null, "height": null, "operator": null }, "geometry": { "type": "Point", "coordinates": [ 12.998363, 6.605918 ] } },
{ "type": "Feature", "properties": { "tg_type": "INF.TELECOM.ANTENNE", "nom": "", "source_id": "node/3746115174", "source": "OSM_OSMFR_2026-10-03", "statut": "IMPORTE", "date_source": "2026-10-03", "geometrie_source": "Point", "man_made": "mast", "tower_type": "communication", "communication_mobile_phone": null, "height": null, "operator": null }, "geometry": { "type": "Point", "coordinates": [ 13.1051, 6.597864 ] } },
{ "type": "Feature", "properties": { "tg_type": "INF.TELECOM.ANTENNE", "nom": "", "source_id": "node/3773376553", "source": "OSM_OSMFR_2026-10-03", "statut": "IMPORTE", "date_source": "2026-10-03", "geometrie_source": "Point", "man_made": "mast", "tower_type": "communication", "communication_mobile_phone": null, "height": null, "operator": null }, "geometry": { "type": "Point", "coordinates": [ 12.391992, 5.992277 ] } },
{ "type": "Feature", "properties": { "tg_type": "INF.TELECOM.ANTENNE", "nom": "", "source_id": "node/3780794168", "source": "OSM_OSMFR_2026-10-03", "statut": "IMPORTE", "date_source": "2026-10-03", "geometrie_source": "Point", "man_made": "mast", "tower_type": "communication", "communication_mobile_phone": null, "height": null, "operator": null }, "geometry": { "type": "Point", "coordinates": [ 13.739114, 6.350871 ] } },
{ "type": "Feature", "properties": { "tg_type": "INF.TELECOM.ANTENNE", "nom": "", "source_id": "node/3782140730", "source": "OSM_OSMFR_2026-10-03", "statut": "IMPORTE", "date_source": "2026-10-03", "geometrie_source": "Point", "man_made": "mast", "tower_type": "communication", "communication_mobile_phone": null, "height": null, "operator": null }, "geometry": { "type": "Point", "coordinates": [ 12.797624, 8.617797 ] } },
{ "type": "Feature", "properties": { "tg_type": "INF.TELECOM.ANTENNE", "nom": "", "source_id": "node/3782770980", "source": "OSM_OSMFR_2026-10-03", "statut": "IMPORTE", "date_source": "2026-10-03", "geometrie_source": "Point", "man_made": "mast", "tower_type": "communication", "communication_mobile_phone": null, "height": null, "operator": null }, "geometry": { "type": "Point", "coordinates": [ 13.562145, 8.525751 ] } },
{ "type": "Feature", "properties": { "tg_type": "INF.TELECOM.ANTENNE", "nom": "", "source_id": "node/3784971479", "source": "OSM_OSMFR_2026-10-03", "statut": "IMPORTE", "date_source": "2026-10-03", "geometrie_source": "Point", "man_made": "tower", "tower_type": "communication", "communication_mobile_phone": null, "height": null, "operator": null }, "geometry": { "type": "Point", "coordinates": [ 13.604274, 7.328174 ] } },
{ "type": "Feature", "properties": { "tg_type": "INF.TELECOM.ANTENNE", "nom": "", "source_id": "node/3801591582", "source": "OSM_OSMFR_2026-10-03", "statut": "IMPORTE", "date_source": "2026-10-03", "geometrie_source": "Point", "man_made": "mast", "tower_type": "communication", "communication_mobile_phone": null, "height": null, "operator": null }, "geometry": { "type": "Point", "coordinates": [ 14.278544, 10.68492 ] } },
{ "type": "Feature", "properties": { "tg_type": "INF.TELECOM.ANTENNE", "nom": "", "source_id": "node/3805428474", "source": "OSM_OSMFR_2026-10-03", "statut": "IMPORTE", "date_source": "2026-10-03", "geometrie_source": "Point", "man_made": "tower", "tower_type": "communication", "communication_mobile_phone": null, "height": null, "operator": null }, "geometry": { "type": "Point", "coordinates": [ 10.090469, 5.454857 ] } },
{ "type": "Feature", "properties": { "tg_type": "INF.TELECOM.ANTENNE", "nom": "", "source_id": "node/3816460158", "source": "OSM_OSMFR_2026-10-03", "statut": "IMPORTE", "date_source": "2026-10-03", "geometrie_source": "Point", "man_made": "mast", "tower_type": "communication", "communication_mobile_phone": null, "height": null, "operator": null }, "geometry": { "type": "Point", "coordinates": [ 12.569824, 6.657101 ] } },
{ "type": "Feature", "properties": { "tg_type": "INF.TELECOM.ANTENNE", "nom": "", "source_id": "node/3817372394", "source": "OSM_OSMFR_2026-10-03", "statut": "IMPORTE", "date_source": "2026-10-03", "geometrie_source": "Point", "man_made": "tower", "tower_type": "communication", "communication_mobile_phone": null, "height": null, "operator": null }, "geometry": { "type": "Point", "coordinates": [ 10.899049, 5.729511 ] } },
{ "type": "Feature", "properties": { "tg_type": "INF.TELECOM.ANTENNE", "nom": "", "source_id": "node/3821290038", "source": "OSM_OSMFR_2026-10-03", "statut": "IMPORTE", "date_source": "2026-10-03", "geometrie_source": "Point", "man_made": "tower", "tower_type": "communication", "communication_mobile_phone": null, "height": null, "operator": null }, "geometry": { "type": "Point", "coordinates": [ 10.065492, 5.452331 ] } },
{ "type": "Feature", "properties": { "tg_type": "INF.TELECOM.ANTENNE", "nom": "", "source_id": "node/3822123603", "source": "OSM_OSMFR_2026-10-03", "statut": "IMPORTE", "date_source": "2026-10-03", "geometrie_source": "Point", "man_made": "mast", "tower_type": "communication", "communication_mobile_phone": null, "height": null, "operator": null }, "geometry": { "type": "Point", "coordinates": [ 14.080506, 9.914206 ] } },
{ "type": "Feature", "properties": { "tg_type": "INF.TELECOM.ANTENNE", "nom": "", "source_id": "node/3830077679", "source": "OSM_OSMFR_2026-10-03", "statut": "IMPORTE", "date_source": "2026-10-03", "geometrie_source": "Point", "man_made": "tower", "tower_type": "communication", "communication_mobile_phone": null, "height": null, "operator": null }, "geometry": { "type": "Point", "coordinates": [ 13.355473, 7.214495 ] } },
{ "type": "Feature", "properties": { "tg_type": "INF.TELECOM.ANTENNE", "nom": "", "source_id": "node/3836600571", "source": "OSM_OSMFR_2026-10-03", "statut": "IMPORTE", "date_source": "2026-10-03", "geometrie_source": "Point", "man_made": "mast", "tower_type": "communication", "communication_mobile_phone": null, "height": null, "operator": null }, "geometry": { "type": "Point", "coordinates": [ 13.510276, 9.179359 ] } },
{ "type": "Feature", "properties": { "tg_type": "INF.TELECOM.ANTENNE", "nom": "", "source_id": "node/3838831320", "source": "OSM_OSMFR_2026-10-03", "statut": "IMPORTE", "date_source": "2026-10-03", "geometrie_source": "Point", "man_made": "mast", "tower_type": "communication", "communication_mobile_phone": null, "height": null, "operator": null }, "geometry": { "type": "Point", "coordinates": [ 13.858133, 10.376797 ] } },
{ "type": "Feature", "properties": { "tg_type": "INF.TELECOM.ANTENNE", "nom": "", "source_id": "node/3841695974", "source": "OSM_OSMFR_2026-10-03", "statut": "IMPORTE", "date_source": "2026-10-03", "geometrie_source": "Point", "man_made": "tower", "tower_type": "communication", "communication_mobile_phone": null, "height": null, "operator": null }, "geometry": { "type": "Point", "coordinates": [ 10.551346, 6.577591 ] } },
{ "type": "Feature", "properties": { "tg_type": "INF.TELECOM.ANTENNE", "nom": "", "source_id": "node/3843959251", "source": "OSM_OSMFR_2026-10-03", "statut": "IMPORTE", "date_source": "2026-10-03", "geometrie_source": "Point", "man_made": "mast", "tower_type": "communication", "communication_mobile_phone": null, "height": null, "operator": null }, "geometry": { "type": "Point", "coordinates": [ 11.385493, 2.245677 ] } },
{ "type": "Feature", "properties": { "tg_type": "INF.TELECOM.ANTENNE", "nom": "", "source_id": "node/3843959405", "source": "OSM_OSMFR_2026-10-03", "statut": "IMPORTE", "date_source": "2026-10-03", "geometrie_source": "Point", "man_made": "mast", "tower_type": "communication", "communication_mobile_phone": null, "height": null, "operator": null }, "geometry": { "type": "Point", "coordinates": [ 11.427089, 2.3283 ] } },
{ "type": "Feature", "properties": { "tg_type": "INF.TELECOM.ANTENNE", "nom": "", "source_id": "node/3855597859", "source": "OSM_OSMFR_2026-10-03", "statut": "IMPORTE", "date_source": "2026-10-03", "geometrie_source": "Point", "man_made": "mast", "tower_type": "communication", "communication_mobile_phone": null, "height": null, "operator": null }, "geometry": { "type": "Point", "coordinates": [ 10.191954, 6.370063 ] } },
{ "type": "Feature", "properties": { "tg_type": "INF.TELECOM.ANTENNE", "nom": "", "source_id": "node/3863421264", "source": "OSM_OSMFR_2026-10-03", "statut": "IMPORTE", "date_source": "2026-10-03", "geometrie_source": "Point", "man_made": "mast", "tower_type": "communication", "communication_mobile_phone": null, "height": null, "operator": null }, "geometry": { "type": "Point", "coordinates": [ 14.257401, 6.558185 ] } },
{ "type": "Feature", "properties": { "tg_type": "INF.TELECOM.ANTENNE", "nom": "", "source_id": "node/3863421266", "source": "OSM_OSMFR_2026-10-03", "statut": "IMPORTE", "date_source": "2026-10-03", "geometrie_source": "Point", "man_made": "mast", "tower_type": "communication", "communication_mobile_phone": null, "height": null, "operator": null }, "geometry": { "type": "Point", "coordinates": [ 14.257845, 6.558664 ] } },
{ "type": "Feature", "properties": { "tg_type": "INF.TELECOM.ANTENNE", "nom": "", "source_id": "node/3865090516", "source": "OSM_OSMFR_2026-10-03", "statut": "IMPORTE", "date_source": "2026-10-03", "geometrie_source": "Point", "man_made": "mast", "tower_type": "communication", "communication_mobile_phone": null, "height": null, "operator": null }, "geometry": { "type": "Point", "coordinates": [ 13.27242, 7.276501 ] } },
{ "type": "Feature", "properties": { "tg_type": "INF.TELECOM.ANTENNE", "nom": "", "source_id": "node/3914155416", "source": "OSM_OSMFR_2026-10-03", "statut": "IMPORTE", "date_source": "2026-10-03", "geometrie_source": "Point", "man_made": "tower", "tower_type": "communication", "communication_mobile_phone": null, "height": null, "operator": null }, "geometry": { "type": "Point", "coordinates": [ 14.224621, 12.376257 ] } },
{ "type": "Feature", "properties": { "tg_type": "INF.TELECOM.ANTENNE", "nom": "", "source_id": "node/3943775776", "source": "OSM_OSMFR_2026-10-03", "statut": "IMPORTE", "date_source": "2026-10-03", "geometrie_source": "Point", "man_made": "mast", "tower_type": "communication", "communication_mobile_phone": null, "height": null, "operator": null }, "geometry": { "type": "Point", "coordinates": [ 13.617812, 7.900558 ] } },
{ "type": "Feature", "properties": { "tg_type": "INF.TELECOM.ANTENNE", "nom": "", "source_id": "node/3973101857", "source": "OSM_OSMFR_2026-10-03", "statut": "IMPORTE", "date_source": "2026-10-03", "geometrie_source": "Point", "man_made": "tower", "tower_type": "communication", "communication_mobile_phone": null, "height": null, "operator": null }, "geometry": { "type": "Point", "coordinates": [ 14.828897, 12.64868 ] } },
{ "type": "Feature", "properties": { "tg_type": "INF.TELECOM.ANTENNE", "nom": "", "source_id": "node/3973962803", "source": "OSM_OSMFR_2026-10-03", "statut": "IMPORTE", "date_source": "2026-10-03", "geometrie_source": "Point", "man_made": "tower", "tower_type": "communication", "communication_mobile_phone": null, "height": null, "operator": null }, "geometry": { "type": "Point", "coordinates": [ 14.29621, 12.877011 ] } },
{ "type": "Feature", "properties": { "tg_type": "INF.TELECOM.ANTENNE", "nom": "", "source_id": "node/3974136839", "source": "OSM_OSMFR_2026-10-03", "statut": "IMPORTE", "date_source": "2026-10-03", "geometrie_source": "Point", "man_made": "tower", "tower_type": "communication", "communication_mobile_phone": null, "height": null, "operator": null }, "geometry": { "type": "Point", "coordinates": [ 14.456007, 12.569054 ] } },
{ "type": "Feature", "properties": { "tg_type": "INF.TELECOM.ANTENNE", "nom": "", "source_id": "node/4058492289", "source": "OSM_OSMFR_2026-10-03", "statut": "IMPORTE", "date_source": "2026-10-03", "geometrie_source": "Point", "man_made": "tower", "tower_type": "communication", "communication_mobile_phone": null, "height": null, "operator": null }, "geometry": { "type": "Point", "coordinates": [ 10.390459, 5.51041 ] } },
{ "type": "Feature", "properties": { "tg_type": "INF.TELECOM.ANTENNE", "nom": "", "source_id": "node/4058539270", "source": "OSM_OSMFR_2026-10-03", "statut": "IMPORTE", "date_source": "2026-10-03", "geometrie_source": "Point", "man_made": "tower", "tower_type": "communication", "communication_mobile_phone": null, "height": null, "operator": null }, "geometry": { "type": "Point", "coordinates": [ 10.222827, 5.267706 ] } },
{ "type": "Feature", "properties": { "tg_type": "INF.TELECOM.ANTENNE", "nom": "", "source_id": "node/4096320057", "source": "OSM_OSMFR_2026-10-03", "statut": "IMPORTE", "date_source": "2026-10-03", "geometrie_source": "Point", "man_made": "mast", "tower_type": "communication", "communication_mobile_phone": null, "height": null, "operator": null }, "geometry": { "type": "Point", "coordinates": [ 14.023115, 7.240398 ] } },
{ "type": "Feature", "properties": { "tg_type": "INF.TELECOM.ANTENNE", "nom": "", "source_id": "node/4107787100", "source": "OSM_OSMFR_2026-10-03", "statut": "IMPORTE", "date_source": "2026-10-03", "geometrie_source": "Point", "man_made": "mast", "tower_type": "communication", "communication_mobile_phone": null, "height": null, "operator": null }, "geometry": { "type": "Point", "coordinates": [ 13.776165, 7.276595 ] } },
{ "type": "Feature", "properties": { "tg_type": "INF.TELECOM.ANTENNE", "nom": "", "source_id": "node/4142998128", "source": "OSM_OSMFR_2026-10-03", "statut": "IMPORTE", "date_source": "2026-10-03", "geometrie_source": "Point", "man_made": "mast", "tower_type": "communication", "communication_mobile_phone": null, "height": null, "operator": null }, "geometry": { "type": "Point", "coordinates": [ 14.151545, 6.843405 ] } },
{ "type": "Feature", "properties": { "tg_type": "INF.TELECOM.ANTENNE", "nom": "", "source_id": "node/4165267657", "source": "OSM_OSMFR_2026-10-03", "statut": "IMPORTE", "date_source": "2026-10-03", "geometrie_source": "Point", "man_made": "mast", "tower_type": "communication", "communication_mobile_phone": "yes", "height": null, "operator": null }, "geometry": { "type": "Point", "coordinates": [ 14.902384, 12.377615 ] } },
{ "type": "Feature", "properties": { "tg_type": "INF.TELECOM.ANTENNE", "nom": "", "source_id": "node/4165912289", "source": "OSM_OSMFR_2026-10-03", "statut": "IMPORTE", "date_source": "2026-10-03", "geometrie_source": "Point", "man_made": "mast", "tower_type": "communication", "communication_mobile_phone": null, "height": null, "operator": "MTN" }, "geometry": { "type": "Point", "coordinates": [ 15.036402, 12.071145 ] } },
{ "type": "Feature", "properties": { "tg_type": "INF.TELECOM.ANTENNE", "nom": "", "source_id": "node/4165912290", "source": "OSM_OSMFR_2026-10-03", "statut": "IMPORTE", "date_source": "2026-10-03", "geometrie_source": "Point", "man_made": "tower", "tower_type": "communication", "communication_mobile_phone": null, "height": null, "operator": null }, "geometry": { "type": "Point", "coordinates": [ 15.024287, 12.070352 ] } },
{ "type": "Feature", "properties": { "tg_type": "INF.TELECOM.ANTENNE", "nom": "", "source_id": "node/4165912291", "source": "OSM_OSMFR_2026-10-03", "statut": "IMPORTE", "date_source": "2026-10-03", "geometrie_source": "Point", "man_made": "tower", "tower_type": "communication", "communication_mobile_phone": null, "height": null, "operator": null }, "geometry": { "type": "Point", "coordinates": [ 15.024558, 12.086215 ] } },
{ "type": "Feature", "properties": { "tg_type": "INF.TELECOM.ANTENNE", "nom": "", "source_id": "node/4273019394", "source": "OSM_OSMFR_2026-10-03", "statut": "IMPORTE", "date_source": "2026-10-03", "geometrie_source": "Point", "man_made": "tower", "tower_type": "communication", "communication_mobile_phone": null, "height": null, "operator": null }, "geometry": { "type": "Point", "coordinates": [ 9.727205, 4.060991 ] } },
{ "type": "Feature", "properties": { "tg_type": "INF.TELECOM.ANTENNE", "nom": "", "source_id": "node/4275442290", "source": "OSM_OSMFR_2026-10-03", "statut": "IMPORTE", "date_source": "2026-10-03", "geometrie_source": "Point", "man_made": "tower", "tower_type": "communication", "communication_mobile_phone": null, "height": null, "operator": null }, "geometry": { "type": "Point", "coordinates": [ 10.421286, 5.456151 ] } },
{ "type": "Feature", "properties": { "tg_type": "INF.TELECOM.ANTENNE", "nom": "", "source_id": "node/4275442291", "source": "OSM_OSMFR_2026-10-03", "statut": "IMPORTE", "date_source": "2026-10-03", "geometrie_source": "Point", "man_made": "tower", "tower_type": "communication", "communication_mobile_phone": null, "height": null, "operator": null }, "geometry": { "type": "Point", "coordinates": [ 10.421841, 5.457076 ] } },
{ "type": "Feature", "properties": { "tg_type": "INF.TELECOM.ANTENNE", "nom": "", "source_id": "node/4338750579", "source": "OSM_OSMFR_2026-10-03", "statut": "IMPORTE", "date_source": "2026-10-03", "geometrie_source": "Point", "man_made": "tower", "tower_type": "communication", "communication_mobile_phone": null, "height": null, "operator": null }, "geometry": { "type": "Point", "coordinates": [ 10.036163, 6.289963 ] } },
{ "type": "Feature", "properties": { "tg_type": "INF.TELECOM.ANTENNE", "nom": "", "source_id": "node/4344342488", "source": "OSM_OSMFR_2026-10-03", "statut": "IMPORTE", "date_source": "2026-10-03", "geometrie_source": "Point", "man_made": "mast", "tower_type": "communication", "communication_mobile_phone": "yes", "height": null, "operator": null }, "geometry": { "type": "Point", "coordinates": [ 10.070094, 2.630654 ] } },
{ "type": "Feature", "properties": { "tg_type": "INF.TELECOM.ANTENNE", "nom": "Antenne Orange", "source_id": "node/4355356189", "source": "OSM_OSMFR_2026-10-03", "statut": "IMPORTE", "date_source": "2026-10-03", "geometrie_source": "Point", "man_made": "tower", "tower_type": "communication", "communication_mobile_phone": null, "height": null, "operator": null }, "geometry": { "type": "Point", "coordinates": [ 10.13646, 5.512669 ] } },
{ "type": "Feature", "properties": { "tg_type": "INF.TELECOM.ANTENNE", "nom": "", "source_id": "node/4401443611", "source": "OSM_OSMFR_2026-10-03", "statut": "IMPORTE", "date_source": "2026-10-03", "geometrie_source": "Point", "man_made": "tower", "tower_type": "communication", "communication_mobile_phone": null, "height": null, "operator": null }, "geometry": { "type": "Point", "coordinates": [ 12.246243, 3.783585 ] } },
{ "type": "Feature", "properties": { "tg_type": "INF.TELECOM.ANTENNE", "nom": "", "source_id": "node/4405969082", "source": "OSM_OSMFR_2026-10-03", "statut": "IMPORTE", "date_source": "2026-10-03", "geometrie_source": "Point", "man_made": "tower", "tower_type": "communication", "communication_mobile_phone": null, "height": null, "operator": null }, "geometry": { "type": "Point", "coordinates": [ 9.910419, 2.927695 ] } },
{ "type": "Feature", "properties": { "tg_type": "INF.TELECOM.ANTENNE", "nom": "", "source_id": "node/4448770272", "source": "OSM_OSMFR_2026-10-03", "statut": "IMPORTE", "date_source": "2026-10-03", "geometrie_source": "Point", "man_made": "tower", "tower_type": "communication", "communication_mobile_phone": null, "height": null, "operator": null }, "geometry": { "type": "Point", "coordinates": [ 11.141462, 2.926008 ] } },
{ "type": "Feature", "properties": { "tg_type": "INF.TELECOM.ANTENNE", "nom": "", "source_id": "node/4451074199", "source": "OSM_OSMFR_2026-10-03", "statut": "IMPORTE", "date_source": "2026-10-03", "geometrie_source": "Point", "man_made": "tower", "tower_type": "communication", "communication_mobile_phone": null, "height": null, "operator": null }, "geometry": { "type": "Point", "coordinates": [ 10.263311, 5.624795 ] } },
{ "type": "Feature", "properties": { "tg_type": "INF.TELECOM.ANTENNE", "nom": "", "source_id": "node/4451915552", "source": "OSM_OSMFR_2026-10-03", "statut": "IMPORTE", "date_source": "2026-10-03", "geometrie_source": "Point", "man_made": "tower", "tower_type": "communication", "communication_mobile_phone": null, "height": null, "operator": null }, "geometry": { "type": "Point", "coordinates": [ 10.623677, 5.505931 ] } },
{ "type": "Feature", "properties": { "tg_type": "INF.TELECOM.ANTENNE", "nom": "", "source_id": "node/4456147466", "source": "OSM_OSMFR_2026-10-03", "statut": "IMPORTE", "date_source": "2026-10-03", "geometrie_source": "Point", "man_made": "tower", "tower_type": "communication", "communication_mobile_phone": null, "height": null, "operator": null }, "geometry": { "type": "Point", "coordinates": [ 13.616632, 4.550995 ] } },
{ "type": "Feature", "properties": { "tg_type": "INF.TELECOM.ANTENNE", "nom": "", "source_id": "node/4466460779", "source": "OSM_OSMFR_2026-10-03", "statut": "IMPORTE", "date_source": "2026-10-03", "geometrie_source": "Point", "man_made": "tower", "tower_type": "communication", "communication_mobile_phone": null, "height": null, "operator": null }, "geometry": { "type": "Point", "coordinates": [ 12.755288, 4.935835 ] } },
{ "type": "Feature", "properties": { "tg_type": "INF.TELECOM.ANTENNE", "nom": "", "source_id": "node/4466476911", "source": "OSM_OSMFR_2026-10-03", "statut": "IMPORTE", "date_source": "2026-10-03", "geometrie_source": "Point", "man_made": "tower", "tower_type": "communication", "communication_mobile_phone": null, "height": null, "operator": null }, "geometry": { "type": "Point", "coordinates": [ 13.06841, 4.911007 ] } },
{ "type": "Feature", "properties": { "tg_type": "INF.TELECOM.ANTENNE", "nom": "", "source_id": "node/4467612072", "source": "OSM_OSMFR_2026-10-03", "statut": "IMPORTE", "date_source": "2026-10-03", "geometrie_source": "Point", "man_made": "tower", "tower_type": "communication", "communication_mobile_phone": null, "height": null, "operator": null }, "geometry": { "type": "Point", "coordinates": [ 11.90387, 4.458366 ] } },
{ "type": "Feature", "properties": { "tg_type": "INF.TELECOM.ANTENNE", "nom": "", "source_id": "node/4467668855", "source": "OSM_OSMFR_2026-10-03", "statut": "IMPORTE", "date_source": "2026-10-03", "geometrie_source": "Point", "man_made": "tower", "tower_type": "communication", "communication_mobile_phone": null, "height": null, "operator": null }, "geometry": { "type": "Point", "coordinates": [ 11.640127, 4.282393 ] } },
{ "type": "Feature", "properties": { "tg_type": "INF.TELECOM.ANTENNE", "nom": "", "source_id": "node/4467710648", "source": "OSM_OSMFR_2026-10-03", "statut": "IMPORTE", "date_source": "2026-10-03", "geometrie_source": "Point", "man_made": "tower", "tower_type": "communication", "communication_mobile_phone": null, "height": null, "operator": null }, "geometry": { "type": "Point", "coordinates": [ 11.546019, 4.153441 ] } },
{ "type": "Feature", "properties": { "tg_type": "INF.TELECOM.ANTENNE", "nom": "", "source_id": "node/4468176674", "source": "OSM_OSMFR_2026-10-03", "statut": "IMPORTE", "date_source": "2026-10-03", "geometrie_source": "Point", "man_made": "tower", "tower_type": "communication", "communication_mobile_phone": null, "height": null, "operator": null }, "geometry": { "type": "Point", "coordinates": [ 14.097272, 9.903511 ] } },
{ "type": "Feature", "properties": { "tg_type": "INF.TELECOM.ANTENNE", "nom": "", "source_id": "node/4499274993", "source": "OSM_OSMFR_2026-10-03", "statut": "IMPORTE", "date_source": "2026-10-03", "geometrie_source": "Point", "man_made": "tower", "tower_type": "communication", "communication_mobile_phone": null, "height": null, "operator": null }, "geometry": { "type": "Point", "coordinates": [ 11.482003, 3.88864 ] } },
{ "type": "Feature", "properties": { "tg_type": "INF.TELECOM.ANTENNE", "nom": "", "source_id": "node/4542042365", "source": "OSM_OSMFR_2026-10-03", "statut": "IMPORTE", "date_source": "2026-10-03", "geometrie_source": "Point", "man_made": "tower", "tower_type": "communication", "communication_mobile_phone": null, "height": null, "operator": null }, "geometry": { "type": "Point", "coordinates": [ 9.792472, 4.023136 ] } },
{ "type": "Feature", "properties": { "tg_type": "INF.TELECOM.ANTENNE", "nom": "", "source_id": "node/4705144872", "source": "OSM_OSMFR_2026-10-03", "statut": "IMPORTE", "date_source": "2026-10-03", "geometrie_source": "Point", "man_made": "tower", "tower_type": "communication", "communication_mobile_phone": null, "height": null, "operator": null }, "geometry": { "type": "Point", "coordinates": [ 9.910581, 2.931032 ] } },
{ "type": "Feature", "properties": { "tg_type": "INF.TELECOM.ANTENNE", "nom": "", "source_id": "node/4731061643", "source": "OSM_OSMFR_2026-10-03", "statut": "IMPORTE", "date_source": "2026-10-03", "geometrie_source": "Point", "man_made": "tower", "tower_type": "communication", "communication_mobile_phone": null, "height": null, "operator": null }, "geometry": { "type": "Point", "coordinates": [ 10.204414, 5.585163 ] } },
{ "type": "Feature", "properties": { "tg_type": "INF.TELECOM.ANTENNE", "nom": "", "source_id": "node/4746505869", "source": "OSM_OSMFR_2026-10-03", "statut": "IMPORTE", "date_source": "2026-10-03", "geometrie_source": "Point", "man_made": "mast", "tower_type": "communication", "communication_mobile_phone": null, "height": null, "operator": null }, "geometry": { "type": "Point", "coordinates": [ 13.620398, 4.471501 ] } },
{ "type": "Feature", "properties": { "tg_type": "INF.TELECOM.ANTENNE", "nom": "", "source_id": "node/4758645158", "source": "OSM_OSMFR_2026-10-03", "statut": "IMPORTE", "date_source": "2026-10-03", "geometrie_source": "Point", "man_made": "mast", "tower_type": "communication", "communication_mobile_phone": null, "height": null, "operator": null }, "geometry": { "type": "Point", "coordinates": [ 14.008406, 7.027718 ] } },
{ "type": "Feature", "properties": { "tg_type": "INF.TELECOM.ANTENNE", "nom": "", "source_id": "node/4780842054", "source": "OSM_OSMFR_2026-10-03", "statut": "IMPORTE", "date_source": "2026-10-03", "geometrie_source": "Point", "man_made": "tower", "tower_type": "communication", "communication_mobile_phone": null, "height": null, "operator": null }, "geometry": { "type": "Point", "coordinates": [ 10.090671, 5.454948 ] } },
{ "type": "Feature", "properties": { "tg_type": "INF.TELECOM.ANTENNE", "nom": "antenne MTN - Orange", "source_id": "node/5041417161", "source": "OSM_OSMFR_2026-10-03", "statut": "IMPORTE", "date_source": "2026-10-03", "geometrie_source": "Point", "man_made": "tower", "tower_type": "communication", "communication_mobile_phone": null, "height": null, "operator": "Mtn - Orange" }, "geometry": { "type": "Point", "coordinates": [ 11.422806, 3.786779 ] } },
{ "type": "Feature", "properties": { "tg_type": "INF.TELECOM.ANTENNE", "nom": "", "source_id": "node/5058069999", "source": "OSM_OSMFR_2026-10-03", "statut": "IMPORTE", "date_source": "2026-10-03", "geometrie_source": "Point", "man_made": "mast", "tower_type": "communication", "communication_mobile_phone": "yes", "height": "30", "operator": null }, "geometry": { "type": "Point", "coordinates": [ 11.514021, 3.84993 ] } },
{ "type": "Feature", "properties": { "tg_type": "INF.TELECOM.ANTENNE", "nom": "", "source_id": "node/5224431032", "source": "OSM_OSMFR_2026-10-03", "statut": "IMPORTE", "date_source": "2026-10-03", "geometrie_source": "Point", "man_made": "tower", "tower_type": "communication", "communication_mobile_phone": null, "height": null, "operator": null }, "geometry": { "type": "Point", "coordinates": [ 14.912476, 12.398761 ] } },
{ "type": "Feature", "properties": { "tg_type": "INF.TELECOM.ANTENNE", "nom": "", "source_id": "node/5224518651", "source": "OSM_OSMFR_2026-10-03", "statut": "IMPORTE", "date_source": "2026-10-03", "geometrie_source": "Point", "man_made": "tower", "tower_type": "communication", "communication_mobile_phone": null, "height": null, "operator": null }, "geometry": { "type": "Point", "coordinates": [ 14.911445, 12.398731 ] } },
{ "type": "Feature", "properties": { "tg_type": "INF.TELECOM.ANTENNE", "nom": "", "source_id": "node/5293913183", "source": "OSM_OSMFR_2026-10-03", "statut": "IMPORTE", "date_source": "2026-10-03", "geometrie_source": "Point", "man_made": "mast", "tower_type": "communication", "communication_mobile_phone": "yes", "height": null, "operator": null }, "geometry": { "type": "Point", "coordinates": [ 11.498906, 3.858876 ] } },
{ "type": "Feature", "properties": { "tg_type": "INF.TELECOM.ANTENNE", "nom": "", "source_id": "node/5689849961", "source": "OSM_OSMFR_2026-10-03", "statut": "IMPORTE", "date_source": "2026-10-03", "geometrie_source": "Point", "man_made": "mast", "tower_type": "communication", "communication_mobile_phone": null, "height": null, "operator": null }, "geometry": { "type": "Point", "coordinates": [ 13.572276, 10.614943 ] } },
{ "type": "Feature", "properties": { "tg_type": "INF.TELECOM.ANTENNE", "nom": "", "source_id": "node/5689890519", "source": "OSM_OSMFR_2026-10-03", "statut": "IMPORTE", "date_source": "2026-10-03", "geometrie_source": "Point", "man_made": "mast", "tower_type": "communication", "communication_mobile_phone": null, "height": null, "operator": null }, "geometry": { "type": "Point", "coordinates": [ 10.020307, 3.746419 ] } },
{ "type": "Feature", "properties": { "tg_type": "INF.TELECOM.ANTENNE", "nom": "", "source_id": "node/5689891375", "source": "OSM_OSMFR_2026-10-03", "statut": "IMPORTE", "date_source": "2026-10-03", "geometrie_source": "Point", "man_made": "mast", "tower_type": "communication", "communication_mobile_phone": null, "height": null, "operator": null }, "geometry": { "type": "Point", "coordinates": [ 10.018123, 3.74895 ] } },
{ "type": "Feature", "properties": { "tg_type": "INF.TELECOM.ANTENNE", "nom": "", "source_id": "node/5751700221", "source": "OSM_OSMFR_2026-10-03", "statut": "IMPORTE", "date_source": "2026-10-03", "geometrie_source": "Point", "man_made": "tower", "tower_type": "communication", "communication_mobile_phone": null, "height": null, "operator": null }, "geometry": { "type": "Point", "coordinates": [ 10.130181, 3.798928 ] } },
{ "type": "Feature", "properties": { "tg_type": "INF.TELECOM.ANTENNE", "nom": "", "source_id": "node/5907810459", "source": "OSM_OSMFR_2026-10-03", "statut": "IMPORTE", "date_source": "2026-10-03", "geometrie_source": "Point", "man_made": "tower", "tower_type": "communication", "communication_mobile_phone": null, "height": null, "operator": null }, "geometry": { "type": "Point", "coordinates": [ 9.979196, 4.454822 ] } },
{ "type": "Feature", "properties": { "tg_type": "INF.TELECOM.ANTENNE", "nom": "", "source_id": "node/5907810460", "source": "OSM_OSMFR_2026-10-03", "statut": "IMPORTE", "date_source": "2026-10-03", "geometrie_source": "Point", "man_made": "tower", "tower_type": "communication", "communication_mobile_phone": null, "height": null, "operator": null }, "geometry": { "type": "Point", "coordinates": [ 9.978601, 4.454892 ] } },
{ "type": "Feature", "properties": { "tg_type": "INF.TELECOM.ANTENNE", "nom": "radio sawtou lindjila", "source_id": "node/5940353836", "source": "OSM_OSMFR_2026-10-03", "statut": "IMPORTE", "date_source": "2026-10-03", "geometrie_source": "Point", "man_made": "mast", "tower_type": "communication", "communication_mobile_phone": null, "height": null, "operator": null }, "geometry": { "type": "Point", "coordinates": [ 13.596919, 7.315381 ] } },
{ "type": "Feature", "properties": { "tg_type": "INF.TELECOM.ANTENNE", "nom": "Bonne nouvelle", "source_id": "node/5940353837", "source": "OSM_OSMFR_2026-10-03", "statut": "IMPORTE", "date_source": "2026-10-03", "geometrie_source": "Point", "man_made": "mast", "tower_type": "communication", "communication_mobile_phone": null, "height": null, "operator": null }, "geometry": { "type": "Point", "coordinates": [ 13.577602, 7.324839 ] } },
{ "type": "Feature", "properties": { "tg_type": "INF.TELECOM.ANTENNE", "nom": "La distinction", "source_id": "node/5940353838", "source": "OSM_OSMFR_2026-10-03", "statut": "IMPORTE", "date_source": "2026-10-03", "geometrie_source": "Point", "man_made": "mast", "tower_type": "communication", "communication_mobile_phone": null, "height": null, "operator": null }, "geometry": { "type": "Point", "coordinates": [ 13.590238, 7.309147 ] } },
{ "type": "Feature", "properties": { "tg_type": "INF.TELECOM.ANTENNE", "nom": "", "source_id": "node/6245289561", "source": "OSM_OSMFR_2026-10-03", "statut": "IMPORTE", "date_source": "2026-10-03", "geometrie_source": "Point", "man_made": "tower", "tower_type": "communication", "communication_mobile_phone": null, "height": null, "operator": null }, "geometry": { "type": "Point", "coordinates": [ 11.883457, 4.093598 ] } },
{ "type": "Feature", "properties": { "tg_type": "INF.TELECOM.ANTENNE", "nom": "", "source_id": "node/6298198575", "source": "OSM_OSMFR_2026-10-03", "statut": "IMPORTE", "date_source": "2026-10-03", "geometrie_source": "Point", "man_made": "tower", "tower_type": "communication", "communication_mobile_phone": null, "height": null, "operator": null }, "geometry": { "type": "Point", "coordinates": [ 13.620426, 3.162548 ] } },
{ "type": "Feature", "properties": { "tg_type": "INF.TELECOM.ANTENNE", "nom": "", "source_id": "node/6428493473", "source": "OSM_OSMFR_2026-10-03", "statut": "IMPORTE", "date_source": "2026-10-03", "geometrie_source": "Point", "man_made": "tower", "tower_type": "communication", "communication_mobile_phone": null, "height": null, "operator": null }, "geometry": { "type": "Point", "coordinates": [ 12.653776, 7.371807 ] } },
{ "type": "Feature", "properties": { "tg_type": "INF.TELECOM.ANTENNE", "nom": "", "source_id": "node/6576656755", "source": "OSM_OSMFR_2026-10-03", "statut": "IMPORTE", "date_source": "2026-10-03", "geometrie_source": "Point", "man_made": "tower", "tower_type": "communication", "communication_mobile_phone": null, "height": null, "operator": null }, "geometry": { "type": "Point", "coordinates": [ 13.865191, 9.302463 ] } },
{ "type": "Feature", "properties": { "tg_type": "INF.TELECOM.ANTENNE", "nom": "", "source_id": "node/6670365672", "source": "OSM_OSMFR_2026-10-03", "statut": "IMPORTE", "date_source": "2026-10-03", "geometrie_source": "Point", "man_made": "tower", "tower_type": "communication", "communication_mobile_phone": null, "height": null, "operator": null }, "geometry": { "type": "Point", "coordinates": [ 13.353748, 9.280681 ] } },
{ "type": "Feature", "properties": { "tg_type": "INF.TELECOM.ANTENNE", "nom": "", "source_id": "node/6764175185", "source": "OSM_OSMFR_2026-10-03", "statut": "IMPORTE", "date_source": "2026-10-03", "geometrie_source": "Point", "man_made": "tower", "tower_type": "communication", "communication_mobile_phone": null, "height": null, "operator": null }, "geometry": { "type": "Point", "coordinates": [ 13.45399, 4.242167 ] } },
{ "type": "Feature", "properties": { "tg_type": "INF.TELECOM.ANTENNE", "nom": "", "source_id": "node/6764618524", "source": "OSM_OSMFR_2026-10-03", "statut": "IMPORTE", "date_source": "2026-10-03", "geometrie_source": "Point", "man_made": "tower", "tower_type": "communication", "communication_mobile_phone": null, "height": null, "operator": null }, "geometry": { "type": "Point", "coordinates": [ 14.409538, 10.640645 ] } },
{ "type": "Feature", "properties": { "tg_type": "INF.TELECOM.ANTENNE", "nom": "", "source_id": "node/6764731296", "source": "OSM_OSMFR_2026-10-03", "statut": "IMPORTE", "date_source": "2026-10-03", "geometrie_source": "Point", "man_made": "tower", "tower_type": "communication", "communication_mobile_phone": null, "height": null, "operator": null }, "geometry": { "type": "Point", "coordinates": [ 13.185164, 3.981176 ] } },
{ "type": "Feature", "properties": { "tg_type": "INF.TELECOM.ANTENNE", "nom": "", "source_id": "node/6765036708", "source": "OSM_OSMFR_2026-10-03", "statut": "IMPORTE", "date_source": "2026-10-03", "geometrie_source": "Point", "man_made": "tower", "tower_type": "communication", "communication_mobile_phone": null, "height": null, "operator": null }, "geometry": { "type": "Point", "coordinates": [ 13.102945, 4.011679 ] } },
{ "type": "Feature", "properties": { "tg_type": "INF.TELECOM.ANTENNE", "nom": "Radio fm 105.5", "source_id": "node/7036081779", "source": "OSM_OSMFR_2026-10-03", "statut": "IMPORTE", "date_source": "2026-10-03", "geometrie_source": "Point", "man_made": "mast", "tower_type": "communication", "communication_mobile_phone": null, "height": null, "operator": null }, "geometry": { "type": "Point", "coordinates": [ 9.282118, 4.158467 ] } },
{ "type": "Feature", "properties": { "tg_type": "INF.TELECOM.ANTENNE", "nom": "", "source_id": "node/7042064321", "source": "OSM_OSMFR_2026-10-03", "statut": "IMPORTE", "date_source": "2026-10-03", "geometrie_source": "Point", "man_made": "tower", "tower_type": "communication", "communication_mobile_phone": null, "height": null, "operator": null }, "geometry": { "type": "Point", "coordinates": [ 12.525677, 3.90591 ] } },
{ "type": "Feature", "properties": { "tg_type": "INF.TELECOM.ANTENNE", "nom": "", "source_id": "node/7042064353", "source": "OSM_OSMFR_2026-10-03", "statut": "IMPORTE", "date_source": "2026-10-03", "geometrie_source": "Point", "man_made": "tower", "tower_type": "communication", "communication_mobile_phone": null, "height": null, "operator": null }, "geometry": { "type": "Point", "coordinates": [ 11.885965, 3.898938 ] } },
{ "type": "Feature", "properties": { "tg_type": "INF.TELECOM.ANTENNE", "nom": "", "source_id": "node/7042064354", "source": "OSM_OSMFR_2026-10-03", "statut": "IMPORTE", "date_source": "2026-10-03", "geometrie_source": "Point", "man_made": "tower", "tower_type": "communication", "communication_mobile_phone": null, "height": null, "operator": null }, "geometry": { "type": "Point", "coordinates": [ 11.885836, 3.899029 ] } },
{ "type": "Feature", "properties": { "tg_type": "INF.TELECOM.ANTENNE", "nom": "", "source_id": "node/7072565452", "source": "OSM_OSMFR_2026-10-03", "statut": "IMPORTE", "date_source": "2026-10-03", "geometrie_source": "Point", "man_made": "mast", "tower_type": "communication", "communication_mobile_phone": null, "height": null, "operator": null }, "geometry": { "type": "Point", "coordinates": [ 9.194579, 4.029274 ] } },
{ "type": "Feature", "properties": { "tg_type": "INF.TELECOM.ANTENNE", "nom": "Eternity gospel radio", "source_id": "node/7072565453", "source": "OSM_OSMFR_2026-10-03", "statut": "IMPORTE", "date_source": "2026-10-03", "geometrie_source": "Point", "man_made": "mast", "tower_type": "communication", "communication_mobile_phone": null, "height": null, "operator": null }, "geometry": { "type": "Point", "coordinates": [ 9.195048, 4.027254 ] } },
{ "type": "Feature", "properties": { "tg_type": "INF.TELECOM.ANTENNE", "nom": "", "source_id": "node/7130495771", "source": "OSM_OSMFR_2026-10-03", "statut": "IMPORTE", "date_source": "2026-10-03", "geometrie_source": "Point", "man_made": "tower", "tower_type": "communication", "communication_mobile_phone": null, "height": null, "operator": null }, "geometry": { "type": "Point", "coordinates": [ 14.594301, 4.389325 ] } },
{ "type": "Feature", "properties": { "tg_type": "INF.TELECOM.ANTENNE", "nom": "", "source_id": "node/7636584162", "source": "OSM_OSMFR_2026-10-03", "statut": "IMPORTE", "date_source": "2026-10-03", "geometrie_source": "Point", "man_made": "mast", "tower_type": "communication", "communication_mobile_phone": "yes", "height": null, "operator": "MTN" }, "geometry": { "type": "Point", "coordinates": [ 10.511438, 4.218113 ] } },
{ "type": "Feature", "properties": { "tg_type": "INF.TELECOM.ANTENNE", "nom": "", "source_id": "node/7636732860", "source": "OSM_OSMFR_2026-10-03", "statut": "IMPORTE", "date_source": "2026-10-03", "geometrie_source": "Point", "man_made": "mast", "tower_type": "communication", "communication_mobile_phone": "yes", "height": null, "operator": "Orange" }, "geometry": { "type": "Point", "coordinates": [ 10.422074, 4.09321 ] } },
{ "type": "Feature", "properties": { "tg_type": "INF.TELECOM.ANTENNE", "nom": "", "source_id": "node/7636732870", "source": "OSM_OSMFR_2026-10-03", "statut": "IMPORTE", "date_source": "2026-10-03", "geometrie_source": "Point", "man_made": "mast", "tower_type": "communication", "communication_mobile_phone": "yes", "height": null, "operator": "MTN" }, "geometry": { "type": "Point", "coordinates": [ 10.404776, 4.082832 ] } },
{ "type": "Feature", "properties": { "tg_type": "INF.TELECOM.ANTENNE", "nom": "", "source_id": "node/7776110693", "source": "OSM_OSMFR_2026-10-03", "statut": "IMPORTE", "date_source": "2026-10-03", "geometrie_source": "Point", "man_made": "tower", "tower_type": "communication", "communication_mobile_phone": null, "height": null, "operator": null }, "geometry": { "type": "Point", "coordinates": [ 11.441667, 4.365644 ] } },
{ "type": "Feature", "properties": { "tg_type": "INF.TELECOM.ANTENNE", "nom": "", "source_id": "node/7827156769", "source": "OSM_OSMFR_2026-10-03", "statut": "IMPORTE", "date_source": "2026-10-03", "geometrie_source": "Point", "man_made": "mast", "tower_type": "communication", "communication_mobile_phone": "yes", "height": null, "operator": null }, "geometry": { "type": "Point", "coordinates": [ 9.892883, 4.881909 ] } },
{ "type": "Feature", "properties": { "tg_type": "INF.TELECOM.ANTENNE", "nom": "", "source_id": "node/7875225853", "source": "OSM_OSMFR_2026-10-03", "statut": "IMPORTE", "date_source": "2026-10-03", "geometrie_source": "Point", "man_made": "tower", "tower_type": "communication", "communication_mobile_phone": null, "height": null, "operator": null }, "geometry": { "type": "Point", "coordinates": [ 14.772838, 6.489139 ] } },
{ "type": "Feature", "properties": { "tg_type": "INF.TELECOM.ANTENNE", "nom": "", "source_id": "node/7989839874", "source": "OSM_OSMFR_2026-10-03", "statut": "IMPORTE", "date_source": "2026-10-03", "geometrie_source": "Point", "man_made": "tower", "tower_type": "communication", "communication_mobile_phone": null, "height": null, "operator": null }, "geometry": { "type": "Point", "coordinates": [ 9.791694, 4.000392 ] } },
{ "type": "Feature", "properties": { "tg_type": "INF.TELECOM.ANTENNE", "nom": "", "source_id": "node/8012803331", "source": "OSM_OSMFR_2026-10-03", "statut": "IMPORTE", "date_source": "2026-10-03", "geometrie_source": "Point", "man_made": "mast", "tower_type": "communication", "communication_mobile_phone": "yes", "height": null, "operator": null }, "geometry": { "type": "Point", "coordinates": [ 11.32398, 3.841255 ] } },
{ "type": "Feature", "properties": { "tg_type": "INF.TELECOM.ANTENNE", "nom": "", "source_id": "node/8205534794", "source": "OSM_OSMFR_2026-10-03", "statut": "IMPORTE", "date_source": "2026-10-03", "geometrie_source": "Point", "man_made": "mast", "tower_type": "communication", "communication_mobile_phone": null, "height": null, "operator": null }, "geometry": { "type": "Point", "coordinates": [ 10.389589, 5.254441 ] } },
{ "type": "Feature", "properties": { "tg_type": "INF.TELECOM.ANTENNE", "nom": "", "source_id": "node/8210068802", "source": "OSM_OSMFR_2026-10-03", "statut": "IMPORTE", "date_source": "2026-10-03", "geometrie_source": "Point", "man_made": "mast", "tower_type": "communication", "communication_mobile_phone": null, "height": null, "operator": null }, "geometry": { "type": "Point", "coordinates": [ 13.829431, 4.56617 ] } },
{ "type": "Feature", "properties": { "tg_type": "INF.TELECOM.ANTENNE", "nom": "", "source_id": "node/8210287712", "source": "OSM_OSMFR_2026-10-03", "statut": "IMPORTE", "date_source": "2026-10-03", "geometrie_source": "Point", "man_made": "mast", "tower_type": "communication", "communication_mobile_phone": null, "height": null, "operator": null }, "geometry": { "type": "Point", "coordinates": [ 13.667704, 4.572199 ] } },
{ "type": "Feature", "properties": { "tg_type": "INF.TELECOM.ANTENNE", "nom": "", "source_id": "node/8237234001", "source": "OSM_OSMFR_2026-10-03", "statut": "IMPORTE", "date_source": "2026-10-03", "geometrie_source": "Point", "man_made": "mast", "tower_type": "communication", "communication_mobile_phone": null, "height": null, "operator": null }, "geometry": { "type": "Point", "coordinates": [ 9.282948, 4.151131 ] } },
{ "type": "Feature", "properties": { "tg_type": "INF.TELECOM.ANTENNE", "nom": "", "source_id": "node/8267154714", "source": "OSM_OSMFR_2026-10-03", "statut": "IMPORTE", "date_source": "2026-10-03", "geometrie_source": "Point", "man_made": "mast", "tower_type": "communication", "communication_mobile_phone": null, "height": null, "operator": "Orange" }, "geometry": { "type": "Point", "coordinates": [ 9.767586, 4.010431 ] } },
{ "type": "Feature", "properties": { "tg_type": "INF.TELECOM.ANTENNE", "nom": "", "source_id": "node/8289190293", "source": "OSM_OSMFR_2026-10-03", "statut": "IMPORTE", "date_source": "2026-10-03", "geometrie_source": "Point", "man_made": "mast", "tower_type": "communication", "communication_mobile_phone": null, "height": null, "operator": null }, "geometry": { "type": "Point", "coordinates": [ 10.166072, 5.949626 ] } },
{ "type": "Feature", "properties": { "tg_type": "INF.TELECOM.ANTENNE", "nom": "", "source_id": "node/8321241402", "source": "OSM_OSMFR_2026-10-03", "statut": "IMPORTE", "date_source": "2026-10-03", "geometrie_source": "Point", "man_made": "tower", "tower_type": "communication", "communication_mobile_phone": null, "height": null, "operator": null }, "geometry": { "type": "Point", "coordinates": [ 10.450126, 5.31998 ] } },
{ "type": "Feature", "properties": { "tg_type": "INF.TELECOM.ANTENNE", "nom": "", "source_id": "node/8329023969", "source": "OSM_OSMFR_2026-10-03", "statut": "IMPORTE", "date_source": "2026-10-03", "geometrie_source": "Point", "man_made": "tower", "tower_type": "communication", "communication_mobile_phone": null, "height": null, "operator": null }, "geometry": { "type": "Point", "coordinates": [ 10.396375, 5.460955 ] } },
{ "type": "Feature", "properties": { "tg_type": "INF.TELECOM.ANTENNE", "nom": "", "source_id": "node/8329023970", "source": "OSM_OSMFR_2026-10-03", "statut": "IMPORTE", "date_source": "2026-10-03", "geometrie_source": "Point", "man_made": "mast", "tower_type": "communication", "communication_mobile_phone": null, "height": null, "operator": null }, "geometry": { "type": "Point", "coordinates": [ 10.395844, 5.460705 ] } },
{ "type": "Feature", "properties": { "tg_type": "INF.TELECOM.ANTENNE", "nom": "", "source_id": "node/8329023971", "source": "OSM_OSMFR_2026-10-03", "statut": "IMPORTE", "date_source": "2026-10-03", "geometrie_source": "Point", "man_made": "mast", "tower_type": "communication", "communication_mobile_phone": null, "height": null, "operator": null }, "geometry": { "type": "Point", "coordinates": [ 10.39548, 5.460469 ] } },
{ "type": "Feature", "properties": { "tg_type": "INF.TELECOM.ANTENNE", "nom": "", "source_id": "node/8329023972", "source": "OSM_OSMFR_2026-10-03", "statut": "IMPORTE", "date_source": "2026-10-03", "geometrie_source": "Point", "man_made": "mast", "tower_type": "communication", "communication_mobile_phone": null, "height": null, "operator": null }, "geometry": { "type": "Point", "coordinates": [ 10.404857, 5.460461 ] } },
{ "type": "Feature", "properties": { "tg_type": "INF.TELECOM.ANTENNE", "nom": "", "source_id": "node/8445999637", "source": "OSM_OSMFR_2026-10-03", "statut": "IMPORTE", "date_source": "2026-10-03", "geometrie_source": "Point", "man_made": "mast", "tower_type": "communication", "communication_mobile_phone": null, "height": null, "operator": null }, "geometry": { "type": "Point", "coordinates": [ 11.503768, 3.915942 ] } },
{ "type": "Feature", "properties": { "tg_type": "INF.TELECOM.ANTENNE", "nom": "", "source_id": "node/8493769274", "source": "OSM_OSMFR_2026-10-03", "statut": "IMPORTE", "date_source": "2026-10-03", "geometrie_source": "Point", "man_made": "tower", "tower_type": "communication", "communication_mobile_phone": null, "height": null, "operator": null }, "geometry": { "type": "Point", "coordinates": [ 11.523206, 3.900458 ] } },
{ "type": "Feature", "properties": { "tg_type": "INF.TELECOM.ANTENNE", "nom": "", "source_id": "node/8494129257", "source": "OSM_OSMFR_2026-10-03", "statut": "IMPORTE", "date_source": "2026-10-03", "geometrie_source": "Point", "man_made": "tower", "tower_type": "communication", "communication_mobile_phone": null, "height": null, "operator": null }, "geometry": { "type": "Point", "coordinates": [ 11.505809, 3.941041 ] } },
{ "type": "Feature", "properties": { "tg_type": "INF.TELECOM.ANTENNE", "nom": "", "source_id": "node/8542608030", "source": "OSM_OSMFR_2026-10-03", "statut": "IMPORTE", "date_source": "2026-10-03", "geometrie_source": "Point", "man_made": "tower", "tower_type": "communication", "communication_mobile_phone": null, "height": null, "operator": null }, "geometry": { "type": "Point", "coordinates": [ 10.246146, 5.625059 ] } },
{ "type": "Feature", "properties": { "tg_type": "INF.TELECOM.ANTENNE", "nom": "", "source_id": "node/8566118898", "source": "OSM_OSMFR_2026-10-03", "statut": "IMPORTE", "date_source": "2026-10-03", "geometrie_source": "Point", "man_made": "tower", "tower_type": "communication", "communication_mobile_phone": null, "height": null, "operator": null }, "geometry": { "type": "Point", "coordinates": [ 13.288341, 2.695364 ] } },
{ "type": "Feature", "properties": { "tg_type": "INF.TELECOM.ANTENNE", "nom": "", "source_id": "node/8672502363", "source": "OSM_OSMFR_2026-10-03", "statut": "IMPORTE", "date_source": "2026-10-03", "geometrie_source": "Point", "man_made": "mast", "tower_type": "communication", "communication_mobile_phone": null, "height": null, "operator": null }, "geometry": { "type": "Point", "coordinates": [ 9.46471, 4.560905 ] } },
{ "type": "Feature", "properties": { "tg_type": "INF.TELECOM.ANTENNE", "nom": "", "source_id": "node/8672639354", "source": "OSM_OSMFR_2026-10-03", "statut": "IMPORTE", "date_source": "2026-10-03", "geometrie_source": "Point", "man_made": "mast", "tower_type": "communication", "communication_mobile_phone": null, "height": null, "operator": null }, "geometry": { "type": "Point", "coordinates": [ 9.701296, 4.722907 ] } },
{ "type": "Feature", "properties": { "tg_type": "INF.TELECOM.ANTENNE", "nom": "", "source_id": "node/8676354134", "source": "OSM_OSMFR_2026-10-03", "statut": "IMPORTE", "date_source": "2026-10-03", "geometrie_source": "Point", "man_made": "mast", "tower_type": "communication", "communication_mobile_phone": null, "height": null, "operator": null }, "geometry": { "type": "Point", "coordinates": [ 10.549136, 5.48063 ] } },
{ "type": "Feature", "properties": { "tg_type": "INF.TELECOM.ANTENNE", "nom": "", "source_id": "node/8676482533", "source": "OSM_OSMFR_2026-10-03", "statut": "IMPORTE", "date_source": "2026-10-03", "geometrie_source": "Point", "man_made": "tower", "tower_type": "communication", "communication_mobile_phone": null, "height": null, "operator": null }, "geometry": { "type": "Point", "coordinates": [ 10.420994, 5.482023 ] } },
{ "type": "Feature", "properties": { "tg_type": "INF.TELECOM.ANTENNE", "nom": "", "source_id": "node/8676482534", "source": "OSM_OSMFR_2026-10-03", "statut": "IMPORTE", "date_source": "2026-10-03", "geometrie_source": "Point", "man_made": "tower", "tower_type": "communication", "communication_mobile_phone": null, "height": null, "operator": null }, "geometry": { "type": "Point", "coordinates": [ 10.421293, 5.48172 ] } },
{ "type": "Feature", "properties": { "tg_type": "INF.TELECOM.ANTENNE", "nom": "", "source_id": "node/8737256686", "source": "OSM_OSMFR_2026-10-03", "statut": "IMPORTE", "date_source": "2026-10-03", "geometrie_source": "Point", "man_made": "mast", "tower_type": "communication", "communication_mobile_phone": null, "height": null, "operator": null }, "geometry": { "type": "Point", "coordinates": [ 15.03353, 12.061108 ] } },
{ "type": "Feature", "properties": { "tg_type": "INF.TELECOM.ANTENNE", "nom": "", "source_id": "node/8762734183", "source": "OSM_OSMFR_2026-10-03", "statut": "IMPORTE", "date_source": "2026-10-03", "geometrie_source": "Point", "man_made": "tower", "tower_type": "communication", "communication_mobile_phone": null, "height": null, "operator": null }, "geometry": { "type": "Point", "coordinates": [ 8.893773, 4.961963 ] } },
{ "type": "Feature", "properties": { "tg_type": "INF.TELECOM.ANTENNE", "nom": "", "source_id": "node/8762841299", "source": "OSM_OSMFR_2026-10-03", "statut": "IMPORTE", "date_source": "2026-10-03", "geometrie_source": "Point", "man_made": "tower", "tower_type": "communication", "communication_mobile_phone": null, "height": null, "operator": null }, "geometry": { "type": "Point", "coordinates": [ 8.904968, 4.975701 ] } },
{ "type": "Feature", "properties": { "tg_type": "INF.TELECOM.ANTENNE", "nom": "", "source_id": "node/8762841312", "source": "OSM_OSMFR_2026-10-03", "statut": "IMPORTE", "date_source": "2026-10-03", "geometrie_source": "Point", "man_made": "tower", "tower_type": "communication", "communication_mobile_phone": null, "height": null, "operator": null }, "geometry": { "type": "Point", "coordinates": [ 8.902801, 4.97576 ] } },
{ "type": "Feature", "properties": { "tg_type": "INF.TELECOM.ANTENNE", "nom": "", "source_id": "node/8762841368", "source": "OSM_OSMFR_2026-10-03", "statut": "IMPORTE", "date_source": "2026-10-03", "geometrie_source": "Point", "man_made": "tower", "tower_type": "communication", "communication_mobile_phone": null, "height": null, "operator": null }, "geometry": { "type": "Point", "coordinates": [ 8.905157, 4.892149 ] } },
{ "type": "Feature", "properties": { "tg_type": "INF.TELECOM.ANTENNE", "nom": "", "source_id": "node/8813009504", "source": "OSM_OSMFR_2026-10-03", "statut": "IMPORTE", "date_source": "2026-10-03", "geometrie_source": "Point", "man_made": "tower", "tower_type": "communication", "communication_mobile_phone": null, "height": null, "operator": null }, "geometry": { "type": "Point", "coordinates": [ 13.374031, 9.671575 ] } },
{ "type": "Feature", "properties": { "tg_type": "INF.TELECOM.ANTENNE", "nom": "", "source_id": "node/8852667797", "source": "OSM_OSMFR_2026-10-03", "statut": "IMPORTE", "date_source": "2026-10-03", "geometrie_source": "Point", "man_made": "tower", "tower_type": "communication", "communication_mobile_phone": null, "height": null, "operator": null }, "geometry": { "type": "Point", "coordinates": [ 10.407409, 5.580376 ] } },
{ "type": "Feature", "properties": { "tg_type": "INF.TELECOM.ANTENNE", "nom": "", "source_id": "node/8953782718", "source": "OSM_OSMFR_2026-10-03", "statut": "IMPORTE", "date_source": "2026-10-03", "geometrie_source": "Point", "man_made": "mast", "tower_type": "communication", "communication_mobile_phone": null, "height": null, "operator": null }, "geometry": { "type": "Point", "coordinates": [ 13.795192, 6.370441 ] } },
{ "type": "Feature", "properties": { "tg_type": "INF.TELECOM.ANTENNE", "nom": "", "source_id": "node/9070467948", "source": "OSM_OSMFR_2026-10-03", "statut": "IMPORTE", "date_source": "2026-10-03", "geometrie_source": "Point", "man_made": "mast", "tower_type": "communication", "communication_mobile_phone": null, "height": null, "operator": null }, "geometry": { "type": "Point", "coordinates": [ 11.459016, 3.809596 ] } },
{ "type": "Feature", "properties": { "tg_type": "INF.TELECOM.ANTENNE", "nom": "", "source_id": "node/9146955409", "source": "OSM_OSMFR_2026-10-03", "statut": "IMPORTE", "date_source": "2026-10-03", "geometrie_source": "Point", "man_made": "tower", "tower_type": "communication", "communication_mobile_phone": null, "height": null, "operator": null }, "geometry": { "type": "Point", "coordinates": [ 11.444184, 3.945669 ] } },
{ "type": "Feature", "properties": { "tg_type": "INF.TELECOM.ANTENNE", "nom": "", "source_id": "node/9146955410", "source": "OSM_OSMFR_2026-10-03", "statut": "IMPORTE", "date_source": "2026-10-03", "geometrie_source": "Point", "man_made": "tower", "tower_type": "communication", "communication_mobile_phone": null, "height": null, "operator": null }, "geometry": { "type": "Point", "coordinates": [ 11.44422, 3.945489 ] } },
{ "type": "Feature", "properties": { "tg_type": "INF.TELECOM.ANTENNE", "nom": "", "source_id": "node/9146955411", "source": "OSM_OSMFR_2026-10-03", "statut": "IMPORTE", "date_source": "2026-10-03", "geometrie_source": "Point", "man_made": "tower", "tower_type": "communication", "communication_mobile_phone": null, "height": null, "operator": null }, "geometry": { "type": "Point", "coordinates": [ 11.444103, 3.945354 ] } },
{ "type": "Feature", "properties": { "tg_type": "INF.TELECOM.ANTENNE", "nom": "", "source_id": "node/9146955412", "source": "OSM_OSMFR_2026-10-03", "statut": "IMPORTE", "date_source": "2026-10-03", "geometrie_source": "Point", "man_made": "tower", "tower_type": "communication", "communication_mobile_phone": null, "height": null, "operator": null }, "geometry": { "type": "Point", "coordinates": [ 11.444773, 3.945214 ] } },
{ "type": "Feature", "properties": { "tg_type": "INF.TELECOM.ANTENNE", "nom": "", "source_id": "node/9146955413", "source": "OSM_OSMFR_2026-10-03", "statut": "IMPORTE", "date_source": "2026-10-03", "geometrie_source": "Point", "man_made": "tower", "tower_type": "communication", "communication_mobile_phone": null, "height": null, "operator": null }, "geometry": { "type": "Point", "coordinates": [ 11.444043, 3.94476 ] } },
{ "type": "Feature", "properties": { "tg_type": "INF.TELECOM.ANTENNE", "nom": "", "source_id": "node/10056031638", "source": "OSM_OSMFR_2026-10-03", "statut": "IMPORTE", "date_source": "2026-10-03", "geometrie_source": "Point", "man_made": "mast", "tower_type": "communication", "communication_mobile_phone": null, "height": null, "operator": null }, "geometry": { "type": "Point", "coordinates": [ 13.999907, 11.155278 ] } },
{ "type": "Feature", "properties": { "tg_type": "INF.TELECOM.ANTENNE", "nom": "", "source_id": "node/10056031769", "source": "OSM_OSMFR_2026-10-03", "statut": "IMPORTE", "date_source": "2026-10-03", "geometrie_source": "Point", "man_made": "mast", "tower_type": "communication", "communication_mobile_phone": null, "height": null, "operator": null }, "geometry": { "type": "Point", "coordinates": [ 14.013702, 11.159554 ] } },
{ "type": "Feature", "properties": { "tg_type": "INF.TELECOM.ANTENNE", "nom": "", "source_id": "node/10245458028", "source": "OSM_OSMFR_2026-10-03", "statut": "IMPORTE", "date_source": "2026-10-03", "geometrie_source": "Point", "man_made": "tower", "tower_type": "communication", "communication_mobile_phone": null, "height": null, "operator": null }, "geometry": { "type": "Point", "coordinates": [ 12.607137, 6.479175 ] } },
{ "type": "Feature", "properties": { "tg_type": "INF.TELECOM.ANTENNE", "nom": "", "source_id": "node/10245458029", "source": "OSM_OSMFR_2026-10-03", "statut": "IMPORTE", "date_source": "2026-10-03", "geometrie_source": "Point", "man_made": "tower", "tower_type": "communication", "communication_mobile_phone": null, "height": null, "operator": null }, "geometry": { "type": "Point", "coordinates": [ 12.606054, 6.478156 ] } },
{ "type": "Feature", "properties": { "tg_type": "INF.TELECOM.ANTENNE", "nom": "", "source_id": "node/10245610226", "source": "OSM_OSMFR_2026-10-03", "statut": "IMPORTE", "date_source": "2026-10-03", "geometrie_source": "Point", "man_made": "tower", "tower_type": "communication", "communication_mobile_phone": null, "height": null, "operator": null }, "geometry": { "type": "Point", "coordinates": [ 12.555209, 6.337231 ] } },
{ "type": "Feature", "properties": { "tg_type": "INF.TELECOM.ANTENNE", "nom": "", "source_id": "node/10977190625", "source": "OSM_OSMFR_2026-10-03", "statut": "IMPORTE", "date_source": "2026-10-03", "geometrie_source": "Point", "man_made": "mast", "tower_type": "communication", "communication_mobile_phone": "yes", "height": null, "operator": null }, "geometry": { "type": "Point", "coordinates": [ 14.483621, 10.039308 ] } },
{ "type": "Feature", "properties": { "tg_type": "INF.TELECOM.ANTENNE", "nom": "", "source_id": "node/11831868596", "source": "OSM_OSMFR_2026-10-03", "statut": "IMPORTE", "date_source": "2026-10-03", "geometrie_source": "Point", "man_made": "tower", "tower_type": "communication", "communication_mobile_phone": null, "height": null, "operator": null }, "geometry": { "type": "Point", "coordinates": [ 13.581252, 4.383072 ] } },
{ "type": "Feature", "properties": { "tg_type": "INF.TELECOM.ANTENNE", "nom": "", "source_id": "node/12192604554", "source": "OSM_OSMFR_2026-10-03", "statut": "IMPORTE", "date_source": "2026-10-03", "geometrie_source": "Point", "man_made": "tower", "tower_type": "communication", "communication_mobile_phone": null, "height": null, "operator": null }, "geometry": { "type": "Point", "coordinates": [ 9.78332, 4.032625 ] } },
{ "type": "Feature", "properties": { "tg_type": "INF.TELECOM.ANTENNE", "nom": "", "source_id": "node/12192734279", "source": "OSM_OSMFR_2026-10-03", "statut": "IMPORTE", "date_source": "2026-10-03", "geometrie_source": "Point", "man_made": "tower", "tower_type": "communication", "communication_mobile_phone": null, "height": null, "operator": null }, "geometry": { "type": "Point", "coordinates": [ 10.111431, 3.398809 ] } },
{ "type": "Feature", "properties": { "tg_type": "INF.TELECOM.ANTENNE", "nom": "", "source_id": "node/12192755991", "source": "OSM_OSMFR_2026-10-03", "statut": "IMPORTE", "date_source": "2026-10-03", "geometrie_source": "Point", "man_made": "tower", "tower_type": "communication", "communication_mobile_phone": null, "height": null, "operator": null }, "geometry": { "type": "Point", "coordinates": [ 10.099628, 3.815428 ] } },
{ "type": "Feature", "properties": { "tg_type": "INF.TELECOM.ANTENNE", "nom": "", "source_id": "node/12192755992", "source": "OSM_OSMFR_2026-10-03", "statut": "IMPORTE", "date_source": "2026-10-03", "geometrie_source": "Point", "man_made": "tower", "tower_type": "communication", "communication_mobile_phone": null, "height": null, "operator": null }, "geometry": { "type": "Point", "coordinates": [ 10.114582, 3.636188 ] } },
{ "type": "Feature", "properties": { "tg_type": "INF.TELECOM.ANTENNE", "nom": "", "source_id": "node/12192755993", "source": "OSM_OSMFR_2026-10-03", "statut": "IMPORTE", "date_source": "2026-10-03", "geometrie_source": "Point", "man_made": "tower", "tower_type": "communication", "communication_mobile_phone": null, "height": null, "operator": null }, "geometry": { "type": "Point", "coordinates": [ 10.023105, 3.949094 ] } },
{ "type": "Feature", "properties": { "tg_type": "INF.TELECOM.ANTENNE", "nom": "", "source_id": "node/12192755994", "source": "OSM_OSMFR_2026-10-03", "statut": "IMPORTE", "date_source": "2026-10-03", "geometrie_source": "Point", "man_made": "tower", "tower_type": "communication", "communication_mobile_phone": null, "height": null, "operator": null }, "geometry": { "type": "Point", "coordinates": [ 10.130019, 3.79898 ] } },
{ "type": "Feature", "properties": { "tg_type": "INF.TELECOM.ANTENNE", "nom": "", "source_id": "node/12192807987", "source": "OSM_OSMFR_2026-10-03", "statut": "IMPORTE", "date_source": "2026-10-03", "geometrie_source": "Point", "man_made": "tower", "tower_type": "communication", "communication_mobile_phone": null, "height": null, "operator": null }, "geometry": { "type": "Point", "coordinates": [ 10.116859, 3.548954 ] } },
{ "type": "Feature", "properties": { "tg_type": "INF.TELECOM.ANTENNE", "nom": "", "source_id": "node/12192807988", "source": "OSM_OSMFR_2026-10-03", "statut": "IMPORTE", "date_source": "2026-10-03", "geometrie_source": "Point", "man_made": "tower", "tower_type": "communication", "communication_mobile_phone": null, "height": null, "operator": null }, "geometry": { "type": "Point", "coordinates": [ 10.125658, 3.425284 ] } },
{ "type": "Feature", "properties": { "tg_type": "INF.TELECOM.ANTENNE", "nom": "", "source_id": "node/12192807989", "source": "OSM_OSMFR_2026-10-03", "statut": "IMPORTE", "date_source": "2026-10-03", "geometrie_source": "Point", "man_made": "tower", "tower_type": "communication", "communication_mobile_phone": null, "height": null, "operator": null }, "geometry": { "type": "Point", "coordinates": [ 10.118584, 3.507306 ] } },
{ "type": "Feature", "properties": { "tg_type": "INF.TELECOM.ANTENNE", "nom": "", "source_id": "node/12192893705", "source": "OSM_OSMFR_2026-10-03", "statut": "IMPORTE", "date_source": "2026-10-03", "geometrie_source": "Point", "man_made": "tower", "tower_type": "communication", "communication_mobile_phone": null, "height": null, "operator": null }, "geometry": { "type": "Point", "coordinates": [ 10.083537, 3.306829 ] } },
{ "type": "Feature", "properties": { "tg_type": "INF.TELECOM.ANTENNE", "nom": "", "source_id": "node/12192893706", "source": "OSM_OSMFR_2026-10-03", "statut": "IMPORTE", "date_source": "2026-10-03", "geometrie_source": "Point", "man_made": "tower", "tower_type": "communication", "communication_mobile_phone": null, "height": null, "operator": null }, "geometry": { "type": "Point", "coordinates": [ 9.9736, 3.072902 ] } },
{ "type": "Feature", "properties": { "tg_type": "INF.TELECOM.ANTENNE", "nom": "", "source_id": "node/12192893707", "source": "OSM_OSMFR_2026-10-03", "statut": "IMPORTE", "date_source": "2026-10-03", "geometrie_source": "Point", "man_made": "tower", "tower_type": "communication", "communication_mobile_phone": null, "height": null, "operator": null }, "geometry": { "type": "Point", "coordinates": [ 9.968117, 3.034815 ] } },
{ "type": "Feature", "properties": { "tg_type": "INF.TELECOM.ANTENNE", "nom": "", "source_id": "node/12192893708", "source": "OSM_OSMFR_2026-10-03", "statut": "IMPORTE", "date_source": "2026-10-03", "geometrie_source": "Point", "man_made": "tower", "tower_type": "communication", "communication_mobile_phone": null, "height": null, "operator": null }, "geometry": { "type": "Point", "coordinates": [ 9.989667, 3.1021 ] } },
{ "type": "Feature", "properties": { "tg_type": "INF.TELECOM.ANTENNE", "nom": "", "source_id": "node/12192893709", "source": "OSM_OSMFR_2026-10-03", "statut": "IMPORTE", "date_source": "2026-10-03", "geometrie_source": "Point", "man_made": "tower", "tower_type": "communication", "communication_mobile_phone": null, "height": null, "operator": null }, "geometry": { "type": "Point", "coordinates": [ 9.954892, 3.010164 ] } },
{ "type": "Feature", "properties": { "tg_type": "INF.TELECOM.ANTENNE", "nom": "", "source_id": "node/12192893710", "source": "OSM_OSMFR_2026-10-03", "statut": "IMPORTE", "date_source": "2026-10-03", "geometrie_source": "Point", "man_made": "tower", "tower_type": "communication", "communication_mobile_phone": null, "height": null, "operator": null }, "geometry": { "type": "Point", "coordinates": [ 9.96481, 3.02136 ] } },
{ "type": "Feature", "properties": { "tg_type": "INF.TELECOM.ANTENNE", "nom": "", "source_id": "node/12192893711", "source": "OSM_OSMFR_2026-10-03", "statut": "IMPORTE", "date_source": "2026-10-03", "geometrie_source": "Point", "man_made": "tower", "tower_type": "communication", "communication_mobile_phone": null, "height": null, "operator": null }, "geometry": { "type": "Point", "coordinates": [ 10.078435, 3.279328 ] } },
{ "type": "Feature", "properties": { "tg_type": "INF.TELECOM.ANTENNE", "nom": "", "source_id": "node/12192893712", "source": "OSM_OSMFR_2026-10-03", "statut": "IMPORTE", "date_source": "2026-10-03", "geometrie_source": "Point", "man_made": "tower", "tower_type": "communication", "communication_mobile_phone": null, "height": null, "operator": null }, "geometry": { "type": "Point", "coordinates": [ 10.025312, 3.202373 ] } },
{ "type": "Feature", "properties": { "tg_type": "INF.TELECOM.ANTENNE", "nom": "", "source_id": "node/12222698874", "source": "OSM_OSMFR_2026-10-03", "statut": "IMPORTE", "date_source": "2026-10-03", "geometrie_source": "Point", "man_made": "tower", "tower_type": "communication", "communication_mobile_phone": null, "height": null, "operator": null }, "geometry": { "type": "Point", "coordinates": [ 9.926632, 2.959617 ] } },
{ "type": "Feature", "properties": { "tg_type": "INF.TELECOM.ANTENNE", "nom": "", "source_id": "node/12222698875", "source": "OSM_OSMFR_2026-10-03", "statut": "IMPORTE", "date_source": "2026-10-03", "geometrie_source": "Point", "man_made": "tower", "tower_type": "communication", "communication_mobile_phone": null, "height": null, "operator": null }, "geometry": { "type": "Point", "coordinates": [ 9.938512, 2.962553 ] } },
{ "type": "Feature", "properties": { "tg_type": "INF.TELECOM.ANTENNE", "nom": "", "source_id": "node/12235037419", "source": "OSM_OSMFR_2026-10-03", "statut": "IMPORTE", "date_source": "2026-10-03", "geometrie_source": "Point", "man_made": "tower", "tower_type": "communication", "communication_mobile_phone": null, "height": null, "operator": null }, "geometry": { "type": "Point", "coordinates": [ 9.916892, 2.943544 ] } },
{ "type": "Feature", "properties": { "tg_type": "INF.TELECOM.ANTENNE", "nom": "", "source_id": "node/12235732373", "source": "OSM_OSMFR_2026-10-03", "statut": "IMPORTE", "date_source": "2026-10-03", "geometrie_source": "Point", "man_made": "tower", "tower_type": "communication", "communication_mobile_phone": null, "height": null, "operator": null }, "geometry": { "type": "Point", "coordinates": [ 9.915109, 2.969615 ] } },
{ "type": "Feature", "properties": { "tg_type": "INF.TELECOM.ANTENNE", "nom": "", "source_id": "node/12581936416", "source": "OSM_OSMFR_2026-10-03", "statut": "IMPORTE", "date_source": "2026-10-03", "geometrie_source": "Point", "man_made": "mast", "tower_type": "communication", "communication_mobile_phone": "yes", "height": null, "operator": null }, "geometry": { "type": "Point", "coordinates": [ 11.501044, 3.891479 ] } },
{ "type": "Feature", "properties": { "tg_type": "INF.TELECOM.ANTENNE", "nom": "", "source_id": "node/12581936417", "source": "OSM_OSMFR_2026-10-03", "statut": "IMPORTE", "date_source": "2026-10-03", "geometrie_source": "Point", "man_made": "mast", "tower_type": "communication", "communication_mobile_phone": "yes", "height": null, "operator": null }, "geometry": { "type": "Point", "coordinates": [ 11.501301, 3.891484 ] } },
{ "type": "Feature", "properties": { "tg_type": "INF.TELECOM.ANTENNE", "nom": "", "source_id": "node/12581951002", "source": "OSM_OSMFR_2026-10-03", "statut": "IMPORTE", "date_source": "2026-10-03", "geometrie_source": "Point", "man_made": "mast", "tower_type": "communication", "communication_mobile_phone": "yes", "height": null, "operator": null }, "geometry": { "type": "Point", "coordinates": [ 11.501083, 3.890786 ] } },
{ "type": "Feature", "properties": { "tg_type": "INF.TELECOM.ANTENNE", "nom": "", "source_id": "node/12581951003", "source": "OSM_OSMFR_2026-10-03", "statut": "IMPORTE", "date_source": "2026-10-03", "geometrie_source": "Point", "man_made": "mast", "tower_type": "communication", "communication_mobile_phone": "yes", "height": null, "operator": null }, "geometry": { "type": "Point", "coordinates": [ 11.500963, 3.891276 ] } },
{ "type": "Feature", "properties": { "tg_type": "INF.TELECOM.ANTENNE", "nom": "", "source_id": "node/12585293739", "source": "OSM_OSMFR_2026-10-03", "statut": "IMPORTE", "date_source": "2026-10-03", "geometrie_source": "Point", "man_made": "mast", "tower_type": "communication", "communication_mobile_phone": "yes", "height": null, "operator": null }, "geometry": { "type": "Point", "coordinates": [ 14.315157, 6.380153 ] } },
{ "type": "Feature", "properties": { "tg_type": "INF.TELECOM.ANTENNE", "nom": "", "source_id": "node/12585378602", "source": "OSM_OSMFR_2026-10-03", "statut": "IMPORTE", "date_source": "2026-10-03", "geometrie_source": "Point", "man_made": "mast", "tower_type": "communication", "communication_mobile_phone": "yes", "height": null, "operator": null }, "geometry": { "type": "Point", "coordinates": [ 14.087213, 6.930099 ] } },
{ "type": "Feature", "properties": { "tg_type": "INF.TELECOM.ANTENNE", "nom": "", "source_id": "node/12730562230", "source": "OSM_OSMFR_2026-10-03", "statut": "IMPORTE", "date_source": "2026-10-03", "geometrie_source": "Point", "man_made": "tower", "tower_type": "communication", "communication_mobile_phone": null, "height": null, "operator": null }, "geometry": { "type": "Point", "coordinates": [ 12.933815, 4.890713 ] } },
{ "type": "Feature", "properties": { "tg_type": "INF.TELECOM.ANTENNE", "nom": "", "source_id": "node/12784673254", "source": "OSM_OSMFR_2026-10-03", "statut": "IMPORTE", "date_source": "2026-10-03", "geometrie_source": "Point", "man_made": "tower", "tower_type": "communication", "communication_mobile_phone": null, "height": null, "operator": null }, "geometry": { "type": "Point", "coordinates": [ 13.960328, 9.931251 ] } },
{ "type": "Feature", "properties": { "tg_type": "INF.TELECOM.ANTENNE", "nom": "", "source_id": "node/13354071140", "source": "OSM_OSMFR_2026-10-03", "statut": "IMPORTE", "date_source": "2026-10-03", "geometrie_source": "Point", "man_made": "tower", "tower_type": "communication", "communication_mobile_phone": null, "height": null, "operator": null }, "geometry": { "type": "Point", "coordinates": [ 15.033507, 12.114731 ] } },
{ "type": "Feature", "properties": { "tg_type": "INF.TELECOM.ANTENNE", "nom": "Sodikombo", "source_id": "node/13690689982", "source": "OSM_OSMFR_2026-10-03", "statut": "IMPORTE", "date_source": "2026-10-03", "geometrie_source": "Point", "man_made": "tower", "tower_type": "communication", "communication_mobile_phone": null, "height": null, "operator": null }, "geometry": { "type": "Point", "coordinates": [ 9.786036, 4.08199 ] } },
{ "type": "Feature", "properties": { "tg_type": "INF.TELECOM.ANTENNE", "nom": "", "source_id": "node/13691855943", "source": "OSM_OSMFR_2026-10-03", "statut": "IMPORTE", "date_source": "2026-10-03", "geometrie_source": "Point", "man_made": "tower", "tower_type": "communication", "communication_mobile_phone": null, "height": null, "operator": null }, "geometry": { "type": "Point", "coordinates": [ 10.165173, 5.952547 ] } },
{ "type": "Feature", "properties": { "tg_type": "INF.TELECOM.ANTENNE", "nom": "", "source_id": "node/13802283150", "source": "OSM_OSMFR_2026-10-03", "statut": "IMPORTE", "date_source": "2026-10-03", "geometrie_source": "Point", "man_made": "mast", "tower_type": "communication", "communication_mobile_phone": null, "height": null, "operator": null }, "geometry": { "type": "Point", "coordinates": [ 11.501446, 3.852733 ] } },
{ "type": "Feature", "properties": { "tg_type": "INF.TELECOM.ANTENNE", "nom": "", "source_id": "node/13859281070", "source": "OSM_OSMFR_2026-10-03", "statut": "IMPORTE", "date_source": "2026-10-03", "geometrie_source": "Point", "man_made": "mast", "tower_type": "communication", "communication_mobile_phone": null, "height": null, "operator": null }, "geometry": { "type": "Point", "coordinates": [ 15.035981, 12.058002 ] } },
{ "type": "Feature", "properties": { "tg_type": "INF.TELECOM.ANTENNE", "nom": "", "source_id": "node/13861118231", "source": "OSM_OSMFR_2026-10-03", "statut": "IMPORTE", "date_source": "2026-10-03", "geometrie_source": "Point", "man_made": "mast", "tower_type": "communication", "communication_mobile_phone": null, "height": null, "operator": null }, "geometry": { "type": "Point", "coordinates": [ 15.025846, 12.086221 ] } },
{ "type": "Feature", "properties": { "tg_type": "INF.TELECOM.ANTENNE", "nom": "", "source_id": "node/14210661546", "source": "OSM_OSMFR_2026-10-03", "statut": "IMPORTE", "date_source": "2026-10-03", "geometrie_source": "Point", "man_made": "tower", "tower_type": "communication", "communication_mobile_phone": null, "height": null, "operator": null }, "geometry": { "type": "Point", "coordinates": [ 8.857247, 5.809923 ] } },
{ "type": "Feature", "properties": { "tg_type": "INF.TELECOM.ANTENNE", "nom": "Antenne NEXTTEL", "source_id": "way/399385326", "source": "OSM_OSMFR_2026-10-03", "statut": "IMPORTE", "date_source": "2026-10-03", "geometrie_source": "Polygon", "man_made": "tower", "tower_type": "communication", "communication_mobile_phone": null, "height": null, "operator": null }, "geometry": { "type": "Point", "coordinates": [ 15.016101, 12.071993 ] } },
{ "type": "Feature", "properties": { "tg_type": "INF.TELECOM.ANTENNE", "nom": "", "source_id": "way/399480009", "source": "OSM_OSMFR_2026-10-03", "statut": "IMPORTE", "date_source": "2026-10-03", "geometrie_source": "Polygon", "man_made": "mast", "tower_type": "communication", "communication_mobile_phone": null, "height": null, "operator": "MTN" }, "geometry": { "type": "Point", "coordinates": [ 15.046942, 12.067715 ] } },
{ "type": "Feature", "properties": { "tg_type": "INF.TELECOM.ANTENNE", "nom": "Antenne", "source_id": "way/399881583", "source": "OSM_OSMFR_2026-10-03", "statut": "IMPORTE", "date_source": "2026-10-03", "geometrie_source": "Polygon", "man_made": "tower", "tower_type": "communication", "communication_mobile_phone": null, "height": null, "operator": null }, "geometry": { "type": "Point", "coordinates": [ 15.017942, 12.067739 ] } },
{ "type": "Feature", "properties": { "tg_type": "INF.TELECOM.ANTENNE", "nom": "Antenne Orange", "source_id": "way/415269560", "source": "OSM_OSMFR_2026-10-03", "statut": "IMPORTE", "date_source": "2026-10-03", "geometrie_source": "Polygon", "man_made": "tower", "tower_type": "communication", "communication_mobile_phone": null, "height": null, "operator": null }, "geometry": { "type": "Point", "coordinates": [ 15.028056, 12.103541 ] } },
{ "type": "Feature", "properties": { "tg_type": "INF.TELECOM.ANTENNE", "nom": "Antenne de télecommunication", "source_id": "way/415269562", "source": "OSM_OSMFR_2026-10-03", "statut": "IMPORTE", "date_source": "2026-10-03", "geometrie_source": "Polygon", "man_made": "tower", "tower_type": "communication", "communication_mobile_phone": null, "height": null, "operator": null }, "geometry": { "type": "Point", "coordinates": [ 14.997591, 12.085885 ] } },
{ "type": "Feature", "properties": { "tg_type": "INF.TELECOM.ANTENNE", "nom": "", "source_id": "way/415269564", "source": "OSM_OSMFR_2026-10-03", "statut": "IMPORTE", "date_source": "2026-10-03", "geometrie_source": "Polygon", "man_made": "tower", "tower_type": "communication", "communication_mobile_phone": null, "height": null, "operator": null }, "geometry": { "type": "Point", "coordinates": [ 15.021083, 12.077619 ] } },
{ "type": "Feature", "properties": { "tg_type": "INF.TELECOM.ANTENNE", "nom": "CAMTEL", "source_id": "way/417886176", "source": "OSM_OSMFR_2026-10-03", "statut": "IMPORTE", "date_source": "2026-10-03", "geometrie_source": "Polygon", "man_made": "tower", "tower_type": "communication", "communication_mobile_phone": "yes", "height": null, "operator": null }, "geometry": { "type": "Point", "coordinates": [ 14.338469, 10.606761 ] } },
{ "type": "Feature", "properties": { "tg_type": "INF.TELECOM.ANTENNE", "nom": "Orange", "source_id": "way/417893833", "source": "OSM_OSMFR_2026-10-03", "statut": "IMPORTE", "date_source": "2026-10-03", "geometrie_source": "Polygon", "man_made": "tower", "tower_type": "communication", "communication_mobile_phone": "yes", "height": null, "operator": null }, "geometry": { "type": "Point", "coordinates": [ 14.326901, 10.628194 ] } },
{ "type": "Feature", "properties": { "tg_type": "INF.TELECOM.ANTENNE", "nom": "Antenne MTN", "source_id": "way/424764855", "source": "OSM_OSMFR_2026-10-03", "statut": "IMPORTE", "date_source": "2026-10-03", "geometrie_source": "Polygon", "man_made": "tower", "tower_type": "communication", "communication_mobile_phone": null, "height": null, "operator": null }, "geometry": { "type": "Point", "coordinates": [ 10.440758, 5.459075 ] } },
{ "type": "Feature", "properties": { "tg_type": "INF.TELECOM.ANTENNE", "nom": "Antenne", "source_id": "way/516136195", "source": "OSM_OSMFR_2026-10-03", "statut": "IMPORTE", "date_source": "2026-10-03", "geometrie_source": "Polygon", "man_made": "tower", "tower_type": "communication", "communication_mobile_phone": null, "height": null, "operator": null }, "geometry": { "type": "Point", "coordinates": [ 11.399867, 3.786017 ] } },
{ "type": "Feature", "properties": { "tg_type": "INF.TELECOM.ANTENNE", "nom": "Antenne", "source_id": "way/516136197", "source": "OSM_OSMFR_2026-10-03", "statut": "IMPORTE", "date_source": "2026-10-03", "geometrie_source": "Polygon", "man_made": "tower", "tower_type": "communication", "communication_mobile_phone": null, "height": null, "operator": null }, "geometry": { "type": "Point", "coordinates": [ 11.400472, 3.785342 ] } },
{ "type": "Feature", "properties": { "tg_type": "INF.TELECOM.ANTENNE", "nom": "Antenne", "source_id": "way/519115622", "source": "OSM_OSMFR_2026-10-03", "statut": "IMPORTE", "date_source": "2026-10-03", "geometrie_source": "Polygon", "man_made": "tower", "tower_type": "communication", "communication_mobile_phone": null, "height": null, "operator": "Nextel" }, "geometry": { "type": "Point", "coordinates": [ 11.421924, 3.787755 ] } },
{ "type": "Feature", "properties": { "tg_type": "INF.TELECOM.ANTENNE", "nom": "Antenne", "source_id": "way/519122354", "source": "OSM_OSMFR_2026-10-03", "statut": "IMPORTE", "date_source": "2026-10-03", "geometrie_source": "Polygon", "man_made": "tower", "tower_type": "communication", "communication_mobile_phone": null, "height": null, "operator": "Nextel" }, "geometry": { "type": "Point", "coordinates": [ 11.44877, 3.787836 ] } },
{ "type": "Feature", "properties": { "tg_type": "INF.TELECOM.ANTENNE", "nom": "Antenne", "source_id": "way/519122355", "source": "OSM_OSMFR_2026-10-03", "statut": "IMPORTE", "date_source": "2026-10-03", "geometrie_source": "Polygon", "man_made": "tower", "tower_type": "communication", "communication_mobile_phone": null, "height": null, "operator": "Mtn - Orange" }, "geometry": { "type": "Point", "coordinates": [ 11.448804, 3.787927 ] } },
{ "type": "Feature", "properties": { "tg_type": "INF.TELECOM.ANTENNE", "nom": "", "source_id": "way/676732506", "source": "OSM_OSMFR_2026-10-03", "statut": "IMPORTE", "date_source": "2026-10-03", "geometrie_source": "Polygon", "man_made": "tower", "tower_type": "communication", "communication_mobile_phone": null, "height": null, "operator": null }, "geometry": { "type": "Point", "coordinates": [ 10.048827, 5.456477 ] } },
{ "type": "Feature", "properties": { "tg_type": "INF.TELECOM.ANTENNE", "nom": "", "source_id": "way/1120202363", "source": "OSM_OSMFR_2026-10-03", "statut": "IMPORTE", "date_source": "2026-10-03", "geometrie_source": "Polygon", "man_made": "tower", "tower_type": "communication", "communication_mobile_phone": null, "height": null, "operator": null }, "geometry": { "type": "Point", "coordinates": [ 12.625561, 6.465419 ] } },
{ "type": "Feature", "properties": { "tg_type": "INF.TELECOM.ANTENNE", "nom": "", "source_id": "way/1153455672", "source": "OSM_OSMFR_2026-10-03", "statut": "IMPORTE", "date_source": "2026-10-03", "geometrie_source": "Polygon", "man_made": "tower", "tower_type": "communication", "communication_mobile_phone": null, "height": null, "operator": null }, "geometry": { "type": "Point", "coordinates": [ 12.626446, 6.465411 ] } },
{ "type": "Feature", "properties": { "tg_type": "INF.TELECOM.ANTENNE", "nom": "", "source_id": "way/1385615770", "source": "OSM_OSMFR_2026-10-03", "statut": "IMPORTE", "date_source": "2026-10-03", "geometrie_source": "Polygon", "man_made": "tower", "tower_type": "communication", "communication_mobile_phone": null, "height": null, "operator": null }, "geometry": { "type": "Point", "coordinates": [ 11.88468, 3.394225 ] } },
{ "type": "Feature", "properties": { "tg_type": "INF.TELECOM.ANTENNE", "nom": "", "source_id": "way/1392539886", "source": "OSM_OSMFR_2026-10-03", "statut": "IMPORTE", "date_source": "2026-10-03", "geometrie_source": "Polygon", "man_made": "tower", "tower_type": "communication", "communication_mobile_phone": null, "height": null, "operator": null }, "geometry": { "type": "Point", "coordinates": [ 8.905529, 4.81938 ] } },
{ "type": "Feature", "properties": { "tg_type": "INF.TELECOM.ANTENNE", "nom": "", "source_id": "way/1425947071", "source": "OSM_OSMFR_2026-10-03", "statut": "IMPORTE", "date_source": "2026-10-03", "geometrie_source": "Polygon", "man_made": "tower", "tower_type": "communication", "communication_mobile_phone": null, "height": null, "operator": null }, "geometry": { "type": "Point", "coordinates": [ 14.676686, 4.391836 ] } }
]
}
