{
"type": "FeatureCollection",
"name": "ponts_routes_principales",
"crs": { "type": "name", "properties": { "name": "urn:ogc:def:crs:OGC:1.3:CRS84" } },
"xy_coordinate_resolution": 1e-06,
"features": [
{ "type": "Feature", "properties": { "tg_type": "INF.PONT", "nom": "Pont Ngueli جسر انكلي", "source_id": "way/23192897", "source": "OSM_OSMFR_2026-10-03", "statut": "IMPORTE", "date_source": "2026-10-03", "classe_route": "trunk", "ref": null, "bridge": "yes", "bridge_structure": null, "longueur_m": 224.6 }, "geometry": { "type": "LineString", "coordinates": [ [ 15.054551, 12.069102 ], [ 15.052833, 12.067976 ] ] } },
{ "type": "Feature", "properties": { "tg_type": "INF.PONT", "nom": "", "source_id": "way/30063693", "source": "OSM_OSMFR_2026-10-03", "statut": "IMPORTE", "date_source": "2026-10-03", "classe_route": "trunk", "ref": "N7", "bridge": "yes", "bridge_structure": null, "longueur_m": 134.1 }, "geometry": { "type": "LineString", "coordinates": [ [ 9.908933, 2.939133 ], [ 9.908288, 2.938108 ] ] } },
{ "type": "Feature", "properties": { "tg_type": "INF.PONT", "nom": "", "source_id": "way/30064081", "source": "OSM_OSMFR_2026-10-03", "statut": "IMPORTE", "date_source": "2026-10-03", "classe_route": "trunk", "ref": "N2A", "bridge": "yes", "bridge_structure": null, "longueur_m": 179.7 }, "geometry": { "type": "LineString", "coordinates": [ [ 11.303337, 2.303438 ], [ 11.303684, 2.301852 ] ] } },
{ "type": "Feature", "properties": { "tg_type": "INF.PONT", "nom": "Nouveau Pont sur le Noun", "source_id": "way/32125010", "source": "OSM_OSMFR_2026-10-03", "statut": "IMPORTE", "date_source": "2026-10-03", "classe_route": "trunk", "ref": "N6", "bridge": "yes", "bridge_structure": null, "longueur_m": 106.1 }, "geometry": { "type": "LineString", "coordinates": [ [ 10.553145, 5.480296 ], [ 10.554058, 5.480586 ] ] } },
{ "type": "Feature", "properties": { "tg_type": "INF.PONT", "nom": "Rue 8.138", "source_id": "way/34601594", "source": "OSM_OSMFR_2026-10-03", "statut": "IMPORTE", "date_source": "2026-10-03", "classe_route": "primary", "ref": null, "bridge": "yes", "bridge_structure": null, "longueur_m": 61.2 }, "geometry": { "type": "LineString", "coordinates": [ [ 11.511171, 3.811204 ], [ 11.510997, 3.811729 ] ] } },
{ "type": "Feature", "properties": { "tg_type": "INF.PONT", "nom": "", "source_id": "way/36771541", "source": "OSM_OSMFR_2026-10-03", "statut": "IMPORTE", "date_source": "2026-10-03", "classe_route": "trunk", "ref": "N 4", "bridge": "yes", "bridge_structure": null, "longueur_m": 1006.7 }, "geometry": { "type": "LineString", "coordinates": [ [ 11.267372, 4.366339 ], [ 11.260463, 4.372237 ] ] } },
{ "type": "Feature", "properties": { "tg_type": "INF.PONT", "nom": "Edea-Kribi", "source_id": "way/38562677", "source": "OSM_OSMFR_2026-10-03", "statut": "IMPORTE", "date_source": "2026-10-03", "classe_route": "trunk", "ref": "N7", "bridge": "yes", "bridge_structure": null, "longueur_m": 206.9 }, "geometry": { "type": "LineString", "coordinates": [ [ 10.11353, 3.555631 ], [ 10.111706, 3.556012 ] ] } },
{ "type": "Feature", "properties": { "tg_type": "INF.PONT", "nom": "Pont de la Réunification", "source_id": "way/48842551", "source": "OSM_OSMFR_2026-10-03", "statut": "IMPORTE", "date_source": "2026-10-03", "classe_route": "trunk", "ref": "N 3", "bridge": "yes", "bridge_structure": null, "longueur_m": 110.8 }, "geometry": { "type": "LineString", "coordinates": [ [ 9.547765, 4.145456 ], [ 9.546777, 4.145597 ] ] } },
{ "type": "Feature", "properties": { "tg_type": "INF.PONT", "nom": "Douala-Bafoussam", "source_id": "way/48842554", "source": "OSM_OSMFR_2026-10-03", "statut": "IMPORTE", "date_source": "2026-10-03", "classe_route": "trunk", "ref": "N5", "bridge": "yes", "bridge_structure": null, "longueur_m": 49.9 }, "geometry": { "type": "LineString", "coordinates": [ [ 9.680112, 4.643119 ], [ 9.679725, 4.64289 ] ] } },
{ "type": "Feature", "properties": { "tg_type": "INF.PONT", "nom": "Douala-Bafoussam", "source_id": "way/59068532", "source": "OSM_OSMFR_2026-10-03", "statut": "IMPORTE", "date_source": "2026-10-03", "classe_route": "trunk", "ref": "N3", "bridge": "yes", "bridge_structure": null, "longueur_m": 30.0 }, "geometry": { "type": "LineString", "coordinates": [ [ 9.586565, 4.118846 ], [ 9.586434, 4.119083 ] ] } },
{ "type": "Feature", "properties": { "tg_type": "INF.PONT", "nom": "", "source_id": "way/59267230", "source": "OSM_OSMFR_2026-10-03", "statut": "IMPORTE", "date_source": "2026-10-03", "classe_route": "trunk", "ref": null, "bridge": "yes", "bridge_structure": null, "longueur_m": 40.9 }, "geometry": { "type": "LineString", "coordinates": [ [ 9.720967, 4.019952 ], [ 9.721034, 4.020316 ] ] } },
{ "type": "Feature", "properties": { "tg_type": "INF.PONT", "nom": "Pont sur le Wouri vers Bonaberi", "source_id": "way/59272320", "source": "OSM_OSMFR_2026-10-03", "statut": "IMPORTE", "date_source": "2026-10-03", "classe_route": "trunk", "ref": "N 3", "bridge": "yes", "bridge_structure": null, "longueur_m": 736.1 }, "geometry": { "type": "LineString", "coordinates": [ [ 9.696316, 4.072473 ], [ 9.694823, 4.072486 ], [ 9.693338, 4.072237 ], [ 9.691572, 4.071654 ], [ 9.689942, 4.070968 ] ] } },
{ "type": "Feature", "properties": { "tg_type": "INF.PONT", "nom": "", "source_id": "way/79212737", "source": "OSM_OSMFR_2026-10-03", "statut": "IMPORTE", "date_source": "2026-10-03", "classe_route": "primary", "ref": "P1", "bridge": "yes", "bridge_structure": null, "longueur_m": 128.4 }, "geometry": { "type": "LineString", "coordinates": [ [ 13.367541, 9.421295 ], [ 13.368132, 9.420293 ] ] } },
{ "type": "Feature", "properties": { "tg_type": "INF.PONT", "nom": "Pont De La Benoue", "source_id": "way/79212752", "source": "OSM_OSMFR_2026-10-03", "statut": "IMPORTE", "date_source": "2026-10-03", "classe_route": "trunk", "ref": "N1", "bridge": "yes", "bridge_structure": null, "longueur_m": 407.7 }, "geometry": { "type": "LineString", "coordinates": [ [ 13.407515, 9.293646 ], [ 13.405155, 9.296489 ] ] } },
{ "type": "Feature", "properties": { "tg_type": "INF.PONT", "nom": "", "source_id": "way/79546926", "source": "OSM_OSMFR_2026-10-03", "statut": "IMPORTE", "date_source": "2026-10-03", "classe_route": "trunk", "ref": "N2", "bridge": "yes", "bridge_structure": null, "longueur_m": 141.3 }, "geometry": { "type": "LineString", "coordinates": [ [ 11.507607, 3.512002 ], [ 11.50665, 3.511161 ] ] } },
{ "type": "Feature", "properties": { "tg_type": "INF.PONT", "nom": "", "source_id": "way/79639852", "source": "OSM_OSMFR_2026-10-03", "statut": "IMPORTE", "date_source": "2026-10-03", "classe_route": "trunk", "ref": "N3", "bridge": "yes", "bridge_structure": null, "longueur_m": 296.6 }, "geometry": { "type": "LineString", "coordinates": [ [ 10.113115, 3.809756 ], [ 10.110658, 3.810807 ] ] } },
{ "type": "Feature", "properties": { "tg_type": "INF.PONT", "nom": "Bamenda-Mamfe", "source_id": "way/79678116", "source": "OSM_OSMFR_2026-10-03", "statut": "IMPORTE", "date_source": "2026-10-03", "classe_route": "trunk", "ref": "N6", "bridge": "yes", "bridge_structure": null, "longueur_m": 152.6 }, "geometry": { "type": "LineString", "coordinates": [ [ 9.502128, 5.721344 ], [ 9.503008, 5.722406 ] ] } },
{ "type": "Feature", "properties": { "tg_type": "INF.PONT", "nom": "", "source_id": "way/79724911", "source": "OSM_OSMFR_2026-10-03", "statut": "IMPORTE", "date_source": "2026-10-03", "classe_route": "trunk", "ref": "N1", "bridge": "yes", "bridge_structure": null, "longueur_m": 188.3 }, "geometry": { "type": "LineString", "coordinates": [ [ 14.281728, 10.573556 ], [ 14.282955, 10.572362 ] ] } },
{ "type": "Feature", "properties": { "tg_type": "INF.PONT", "nom": "Maroua-Kousséri", "source_id": "way/79724918", "source": "OSM_OSMFR_2026-10-03", "statut": "IMPORTE", "date_source": "2026-10-03", "classe_route": "trunk", "ref": "N 1", "bridge": "yes", "bridge_structure": null, "longueur_m": 68.1 }, "geometry": { "type": "LineString", "coordinates": [ [ 14.288923, 10.593844 ], [ 14.288681, 10.593276 ] ] } },
{ "type": "Feature", "properties": { "tg_type": "INF.PONT", "nom": "Kribi-Lolodorf", "source_id": "way/79795857", "source": "OSM_OSMFR_2026-10-03", "statut": "IMPORTE", "date_source": "2026-10-03", "classe_route": "primary", "ref": "P8", "bridge": "yes", "bridge_structure": null, "longueur_m": 90.2 }, "geometry": { "type": "LineString", "coordinates": [ [ 10.402769, 3.07579 ], [ 10.403451, 3.076233 ] ] } },
{ "type": "Feature", "properties": { "tg_type": "INF.PONT", "nom": "Banyo-Tibati", "source_id": "way/80346498", "source": "OSM_OSMFR_2026-10-03", "statut": "IMPORTE", "date_source": "2026-10-03", "classe_route": "trunk", "ref": "N6", "bridge": "yes", "bridge_structure": null, "longueur_m": 78.7 }, "geometry": { "type": "LineString", "coordinates": [ [ 12.016709, 6.682845 ], [ 12.016018, 6.683016 ] ] } },
{ "type": "Feature", "properties": { "tg_type": "INF.PONT", "nom": "Tibati-Ngaoundal", "source_id": "way/80346511", "source": "OSM_OSMFR_2026-10-03", "statut": "IMPORTE", "date_source": "2026-10-03", "classe_route": "trunk", "ref": "N 6", "bridge": "yes", "bridge_structure": null, "longueur_m": 157.5 }, "geometry": { "type": "LineString", "coordinates": [ [ 13.192308, 6.58063 ], [ 13.191906, 6.581996 ] ] } },
{ "type": "Feature", "properties": { "tg_type": "INF.PONT", "nom": "Douala-Edea", "source_id": "way/95859037", "source": "OSM_OSMFR_2026-10-03", "statut": "IMPORTE", "date_source": "2026-10-03", "classe_route": "trunk", "ref": "N3", "bridge": "yes", "bridge_structure": null, "longueur_m": 461.6 }, "geometry": { "type": "LineString", "coordinates": [ [ 9.844933, 4.00021 ], [ 9.848694, 4.001985 ] ] } },
{ "type": "Feature", "properties": { "tg_type": "INF.PONT", "nom": "", "source_id": "way/95859040", "source": "OSM_OSMFR_2026-10-03", "statut": "IMPORTE", "date_source": "2026-10-03", "classe_route": "trunk", "ref": "N3", "bridge": "yes", "bridge_structure": null, "longueur_m": 161.6 }, "geometry": { "type": "LineString", "coordinates": [ [ 10.126206, 3.806512 ], [ 10.124916, 3.807188 ] ] } },
{ "type": "Feature", "properties": { "tg_type": "INF.PONT", "nom": "Edea-Kribi", "source_id": "way/95859041", "source": "OSM_OSMFR_2026-10-03", "statut": "IMPORTE", "date_source": "2026-10-03", "classe_route": "trunk", "ref": "N7", "bridge": "yes", "bridge_structure": null, "longueur_m": 208.2 }, "geometry": { "type": "LineString", "coordinates": [ [ 10.027611, 3.176272 ], [ 10.027945, 3.178125 ] ] } },
{ "type": "Feature", "properties": { "tg_type": "INF.PONT", "nom": "Douala-Bafoussam", "source_id": "way/96072679", "source": "OSM_OSMFR_2026-10-03", "statut": "IMPORTE", "date_source": "2026-10-03", "classe_route": "trunk", "ref": "N5", "bridge": "yes", "bridge_structure": null, "longueur_m": 55.5 }, "geometry": { "type": "LineString", "coordinates": [ [ 10.416573, 5.370096 ], [ 10.41614, 5.369842 ] ] } },
{ "type": "Feature", "properties": { "tg_type": "INF.PONT", "nom": "", "source_id": "way/96320264", "source": "OSM_OSMFR_2026-10-03", "statut": "IMPORTE", "date_source": "2026-10-03", "classe_route": "primary", "ref": "D46", "bridge": "yes", "bridge_structure": null, "longueur_m": 34.8 }, "geometry": { "type": "LineString", "coordinates": [ [ 11.531592, 3.886942 ], [ 11.53128, 3.886967 ] ] } },
{ "type": "Feature", "properties": { "tg_type": "INF.PONT", "nom": "", "source_id": "way/96322377", "source": "OSM_OSMFR_2026-10-03", "statut": "IMPORTE", "date_source": "2026-10-03", "classe_route": "trunk", "ref": "N3", "bridge": "yes", "bridge_structure": null, "longueur_m": 32.6 }, "geometry": { "type": "LineString", "coordinates": [ [ 11.456229, 3.785018 ], [ 11.455937, 3.785044 ] ] } },
{ "type": "Feature", "properties": { "tg_type": "INF.PONT", "nom": "Pont du zoo de Limbé", "source_id": "way/96326146", "source": "OSM_OSMFR_2026-10-03", "statut": "IMPORTE", "date_source": "2026-10-03", "classe_route": "trunk", "ref": "N3", "bridge": "yes", "bridge_structure": null, "longueur_m": 42.4 }, "geometry": { "type": "LineString", "coordinates": [ [ 9.198063, 4.016146 ], [ 9.197691, 4.01606 ] ] } },
{ "type": "Feature", "properties": { "tg_type": "INF.PONT", "nom": "Pont d'Eboro", "source_id": "way/96537148", "source": "OSM_OSMFR_2026-10-03", "statut": "IMPORTE", "date_source": "2026-10-03", "classe_route": "trunk", "ref": null, "bridge": "yes", "bridge_structure": null, "longueur_m": 79.1 }, "geometry": { "type": "LineString", "coordinates": [ [ 11.44651, 2.292742 ], [ 11.446608, 2.292033 ] ] } },
{ "type": "Feature", "properties": { "tg_type": "INF.PONT", "nom": "", "source_id": "way/97405346", "source": "OSM_OSMFR_2026-10-03", "statut": "IMPORTE", "date_source": "2026-10-03", "classe_route": "trunk", "ref": "N3", "bridge": "yes", "bridge_structure": null, "longueur_m": 14.6 }, "geometry": { "type": "LineString", "coordinates": [ [ 9.099181, 4.023584 ], [ 9.099229, 4.023461 ] ] } },
{ "type": "Feature", "properties": { "tg_type": "INF.PONT", "nom": "", "source_id": "way/97408573", "source": "OSM_OSMFR_2026-10-03", "statut": "IMPORTE", "date_source": "2026-10-03", "classe_route": "trunk", "ref": "N3", "bridge": "yes", "bridge_structure": null, "longueur_m": 24.2 }, "geometry": { "type": "LineString", "coordinates": [ [ 9.008318, 4.082865 ], [ 9.008531, 4.082821 ] ] } },
{ "type": "Feature", "properties": { "tg_type": "INF.PONT", "nom": "", "source_id": "way/97409142", "source": "OSM_OSMFR_2026-10-03", "statut": "IMPORTE", "date_source": "2026-10-03", "classe_route": "trunk", "ref": "N3", "bridge": "yes", "bridge_structure": null, "longueur_m": 31.2 }, "geometry": { "type": "LineString", "coordinates": [ [ 9.02374, 4.07312 ], [ 9.024014, 4.073058 ] ] } },
{ "type": "Feature", "properties": { "tg_type": "INF.PONT", "nom": "", "source_id": "way/97409888", "source": "OSM_OSMFR_2026-10-03", "statut": "IMPORTE", "date_source": "2026-10-03", "classe_route": "trunk", "ref": "N3", "bridge": "yes", "bridge_structure": null, "longueur_m": 22.1 }, "geometry": { "type": "LineString", "coordinates": [ [ 8.989231, 4.105353 ], [ 8.989276, 4.105159 ] ] } },
{ "type": "Feature", "properties": { "tg_type": "INF.PONT", "nom": "Douala-Limbé", "source_id": "way/97411611", "source": "OSM_OSMFR_2026-10-03", "statut": "IMPORTE", "date_source": "2026-10-03", "classe_route": "trunk", "ref": "N3", "bridge": "yes", "bridge_structure": null, "longueur_m": 43.4 }, "geometry": { "type": "LineString", "coordinates": [ [ 9.245718, 4.061312 ], [ 9.24542, 4.061058 ] ] } },
{ "type": "Feature", "properties": { "tg_type": "INF.PONT", "nom": "Douala-Limbé", "source_id": "way/97411615", "source": "OSM_OSMFR_2026-10-03", "statut": "IMPORTE", "date_source": "2026-10-03", "classe_route": "trunk", "ref": "N3", "bridge": "yes", "bridge_structure": null, "longueur_m": 48.6 }, "geometry": { "type": "LineString", "coordinates": [ [ 9.282351, 4.076594 ], [ 9.281959, 4.076398 ] ] } },
{ "type": "Feature", "properties": { "tg_type": "INF.PONT", "nom": "", "source_id": "way/97411616", "source": "OSM_OSMFR_2026-10-03", "statut": "IMPORTE", "date_source": "2026-10-03", "classe_route": "trunk", "ref": null, "bridge": "yes", "bridge_structure": null, "longueur_m": 30.7 }, "geometry": { "type": "LineString", "coordinates": [ [ 9.210718, 4.036673 ], [ 9.210631, 4.036409 ] ] } },
{ "type": "Feature", "properties": { "tg_type": "INF.PONT", "nom": "Douala-Limbé", "source_id": "way/97411621", "source": "OSM_OSMFR_2026-10-03", "statut": "IMPORTE", "date_source": "2026-10-03", "classe_route": "trunk", "ref": "N3", "bridge": "yes", "bridge_structure": null, "longueur_m": 16.7 }, "geometry": { "type": "LineString", "coordinates": [ [ 9.323233, 4.088587 ], [ 9.323086, 4.088618 ] ] } },
{ "type": "Feature", "properties": { "tg_type": "INF.PONT", "nom": "Douala-Limbé", "source_id": "way/97411623", "source": "OSM_OSMFR_2026-10-03", "statut": "IMPORTE", "date_source": "2026-10-03", "classe_route": "trunk", "ref": "N3", "bridge": "yes", "bridge_structure": null, "longueur_m": 26.3 }, "geometry": { "type": "LineString", "coordinates": [ [ 9.212539, 4.043197 ], [ 9.212414, 4.042995 ] ] } },
{ "type": "Feature", "properties": { "tg_type": "INF.PONT", "nom": "Douala-Limbé", "source_id": "way/97416993", "source": "OSM_OSMFR_2026-10-03", "statut": "IMPORTE", "date_source": "2026-10-03", "classe_route": "trunk", "ref": "N3", "bridge": "yes", "bridge_structure": null, "longueur_m": 21.1 }, "geometry": { "type": "LineString", "coordinates": [ [ 9.381588, 4.110639 ], [ 9.3815, 4.11047 ] ] } },
{ "type": "Feature", "properties": { "tg_type": "INF.PONT", "nom": "Douala-Limbé", "source_id": "way/97416995", "source": "OSM_OSMFR_2026-10-03", "statut": "IMPORTE", "date_source": "2026-10-03", "classe_route": "trunk", "ref": "N3", "bridge": "yes", "bridge_structure": null, "longueur_m": 20.1 }, "geometry": { "type": "LineString", "coordinates": [ [ 9.475084, 4.138705 ], [ 9.474906, 4.138672 ] ] } },
{ "type": "Feature", "properties": { "tg_type": "INF.PONT", "nom": "Douala-Limbé", "source_id": "way/97417015", "source": "OSM_OSMFR_2026-10-03", "statut": "IMPORTE", "date_source": "2026-10-03", "classe_route": "trunk", "ref": "N3", "bridge": "yes", "bridge_structure": null, "longueur_m": 14.0 }, "geometry": { "type": "LineString", "coordinates": [ [ 9.398109, 4.122937 ], [ 9.397987, 4.122906 ] ] } },
{ "type": "Feature", "properties": { "tg_type": "INF.PONT", "nom": "Route de Douala Nord", "source_id": "way/97421510", "source": "OSM_OSMFR_2026-10-03", "statut": "IMPORTE", "date_source": "2026-10-03", "classe_route": "primary", "ref": null, "bridge": "yes", "bridge_structure": null, "longueur_m": 30.5 }, "geometry": { "type": "LineString", "coordinates": [ [ 9.731037, 4.082798 ], [ 9.730781, 4.082698 ] ] } },
{ "type": "Feature", "properties": { "tg_type": "INF.PONT", "nom": "", "source_id": "way/97685781", "source": "OSM_OSMFR_2026-10-03", "statut": "IMPORTE", "date_source": "2026-10-03", "classe_route": "trunk", "ref": null, "bridge": "yes", "bridge_structure": null, "longueur_m": 49.8 }, "geometry": { "type": "LineString", "coordinates": [ [ 9.718409, 4.017479 ], [ 9.718846, 4.017584 ] ] } },
{ "type": "Feature", "properties": { "tg_type": "INF.PONT", "nom": "Autoroute de l'Aviation", "source_id": "way/97685782", "source": "OSM_OSMFR_2026-10-03", "statut": "IMPORTE", "date_source": "2026-10-03", "classe_route": "trunk", "ref": null, "bridge": "yes", "bridge_structure": null, "longueur_m": 44.5 }, "geometry": { "type": "LineString", "coordinates": [ [ 9.718465, 4.019851 ], [ 9.718399, 4.020247 ] ] } },
{ "type": "Feature", "properties": { "tg_type": "INF.PONT", "nom": "Autoroute de l'Aviation", "source_id": "way/97685787", "source": "OSM_OSMFR_2026-10-03", "statut": "IMPORTE", "date_source": "2026-10-03", "classe_route": "trunk", "ref": null, "bridge": "yes", "bridge_structure": null, "longueur_m": 44.1 }, "geometry": { "type": "LineString", "coordinates": [ [ 9.718294, 4.020217 ], [ 9.718361, 4.019825 ] ] } },
{ "type": "Feature", "properties": { "tg_type": "INF.PONT", "nom": "Route de Douala Nord", "source_id": "way/98384773", "source": "OSM_OSMFR_2026-10-03", "statut": "IMPORTE", "date_source": "2026-10-03", "classe_route": "primary", "ref": null, "bridge": "yes", "bridge_structure": null, "longueur_m": 9.7 }, "geometry": { "type": "LineString", "coordinates": [ [ 9.723004, 4.085296 ], [ 9.723091, 4.08529 ] ] } },
{ "type": "Feature", "properties": { "tg_type": "INF.PONT", "nom": "", "source_id": "way/98386189", "source": "OSM_OSMFR_2026-10-03", "statut": "IMPORTE", "date_source": "2026-10-03", "classe_route": "primary", "ref": null, "bridge": "yes", "bridge_structure": null, "longueur_m": 22.7 }, "geometry": { "type": "LineString", "coordinates": [ [ 9.733595, 4.080247 ], [ 9.733528, 4.080053 ] ] } },
{ "type": "Feature", "properties": { "tg_type": "INF.PONT", "nom": "Bridge Bekoh", "source_id": "way/169778393", "source": "OSM_OSMFR_2026-10-03", "statut": "IMPORTE", "date_source": "2026-10-03", "classe_route": "trunk", "ref": "N11", "bridge": "yes", "bridge_structure": null, "longueur_m": 14.6 }, "geometry": { "type": "LineString", "coordinates": [ [ 10.36602, 5.99777 ], [ 10.366142, 5.99772 ] ] } },
{ "type": "Feature", "properties": { "tg_type": "INF.PONT", "nom": "", "source_id": "way/169778427", "source": "OSM_OSMFR_2026-10-03", "statut": "IMPORTE", "date_source": "2026-10-03", "classe_route": "trunk", "ref": "N11", "bridge": "yes", "bridge_structure": null, "longueur_m": 15.1 }, "geometry": { "type": "LineString", "coordinates": [ [ 10.388508, 5.982502 ], [ 10.388641, 5.982473 ] ] } },
{ "type": "Feature", "properties": { "tg_type": "INF.PONT", "nom": "", "source_id": "way/169778432", "source": "OSM_OSMFR_2026-10-03", "statut": "IMPORTE", "date_source": "2026-10-03", "classe_route": "trunk", "ref": "N11", "bridge": "yes", "bridge_structure": null, "longueur_m": 16.2 }, "geometry": { "type": "LineString", "coordinates": [ [ 10.35516, 6.004208 ], [ 10.355306, 6.004207 ] ] } },
{ "type": "Feature", "properties": { "tg_type": "INF.PONT", "nom": "", "source_id": "way/169778433", "source": "OSM_OSMFR_2026-10-03", "statut": "IMPORTE", "date_source": "2026-10-03", "classe_route": "trunk", "ref": "N11", "bridge": "yes", "bridge_structure": null, "longueur_m": 15.3 }, "geometry": { "type": "LineString", "coordinates": [ [ 10.377175, 5.988445 ], [ 10.377303, 5.988393 ] ] } },
{ "type": "Feature", "properties": { "tg_type": "INF.PONT", "nom": "Kake bridge", "source_id": "way/169778435", "source": "OSM_OSMFR_2026-10-03", "statut": "IMPORTE", "date_source": "2026-10-03", "classe_route": "trunk", "ref": "N11", "bridge": "yes", "bridge_structure": null, "longueur_m": 16.3 }, "geometry": { "type": "LineString", "coordinates": [ [ 10.441761, 5.996399 ], [ 10.441834, 5.996528 ] ] } },
{ "type": "Feature", "properties": { "tg_type": "INF.PONT", "nom": "", "source_id": "way/169778437", "source": "OSM_OSMFR_2026-10-03", "statut": "IMPORTE", "date_source": "2026-10-03", "classe_route": "trunk", "ref": "N11", "bridge": "yes", "bridge_structure": null, "longueur_m": 19.0 }, "geometry": { "type": "LineString", "coordinates": [ [ 10.361225, 6.001372 ], [ 10.361362, 6.001269 ] ] } },
{ "type": "Feature", "properties": { "tg_type": "INF.PONT", "nom": "Garoua-Yagoua", "source_id": "way/190828045", "source": "OSM_OSMFR_2026-10-03", "statut": "IMPORTE", "date_source": "2026-10-03", "classe_route": "trunk", "ref": "N12", "bridge": "yes", "bridge_structure": null, "longueur_m": 42.0 }, "geometry": { "type": "LineString", "coordinates": [ [ 14.257825, 10.0904 ], [ 14.257448, 10.09033 ] ] } },
{ "type": "Feature", "properties": { "tg_type": "INF.PONT", "nom": "Garoua-Yagoua", "source_id": "way/190832006", "source": "OSM_OSMFR_2026-10-03", "statut": "IMPORTE", "date_source": "2026-10-03", "classe_route": "trunk", "ref": "N12", "bridge": "yes", "bridge_structure": null, "longueur_m": 32.5 }, "geometry": { "type": "LineString", "coordinates": [ [ 14.339854, 10.121658 ], [ 14.339584, 10.121535 ] ] } },
{ "type": "Feature", "properties": { "tg_type": "INF.PONT", "nom": "Pont Kaélé", "source_id": "way/190832056", "source": "OSM_OSMFR_2026-10-03", "statut": "IMPORTE", "date_source": "2026-10-03", "classe_route": "trunk", "ref": "N 12", "bridge": "yes", "bridge_structure": null, "longueur_m": 74.8 }, "geometry": { "type": "LineString", "coordinates": [ [ 14.459905, 10.113953 ], [ 14.460374, 10.114444 ] ] } },
{ "type": "Feature", "properties": { "tg_type": "INF.PONT", "nom": "Garoua-Maroua", "source_id": "way/191000250", "source": "OSM_OSMFR_2026-10-03", "statut": "IMPORTE", "date_source": "2026-10-03", "classe_route": "trunk", "ref": "N1", "bridge": "yes", "bridge_structure": null, "longueur_m": 101.7 }, "geometry": { "type": "LineString", "coordinates": [ [ 14.253156, 10.436417 ], [ 14.252986, 10.435514 ] ] } },
{ "type": "Feature", "properties": { "tg_type": "INF.PONT", "nom": "", "source_id": "way/191007819", "source": "OSM_OSMFR_2026-10-03", "statut": "IMPORTE", "date_source": "2026-10-03", "classe_route": "primary", "ref": "P29", "bridge": "yes", "bridge_structure": null, "longueur_m": 26.1 }, "geometry": { "type": "LineString", "coordinates": [ [ 13.847443, 10.414752 ], [ 13.84758, 10.414559 ] ] } },
{ "type": "Feature", "properties": { "tg_type": "INF.PONT", "nom": "", "source_id": "way/191008607", "source": "OSM_OSMFR_2026-10-03", "statut": "IMPORTE", "date_source": "2026-10-03", "classe_route": "primary", "ref": "P29", "bridge": "yes", "bridge_structure": null, "longueur_m": 39.2 }, "geometry": { "type": "LineString", "coordinates": [ [ 13.911648, 10.240555 ], [ 13.911656, 10.2402 ] ] } },
{ "type": "Feature", "properties": { "tg_type": "INF.PONT", "nom": "", "source_id": "way/191008610", "source": "OSM_OSMFR_2026-10-03", "statut": "IMPORTE", "date_source": "2026-10-03", "classe_route": "primary", "ref": "P29", "bridge": "yes", "bridge_structure": null, "longueur_m": 40.6 }, "geometry": { "type": "LineString", "coordinates": [ [ 13.910526, 10.245672 ], [ 13.910678, 10.245337 ] ] } },
{ "type": "Feature", "properties": { "tg_type": "INF.PONT", "nom": "Route Yaoundé-Kribi", "source_id": "way/199417297", "source": "OSM_OSMFR_2026-10-03", "statut": "IMPORTE", "date_source": "2026-10-03", "classe_route": "primary", "ref": "P8", "bridge": "yes", "bridge_structure": null, "longueur_m": 264.0 }, "geometry": { "type": "LineString", "coordinates": [ [ 11.289315, 3.435018 ], [ 11.287783, 3.433193 ] ] } },
{ "type": "Feature", "properties": { "tg_type": "INF.PONT", "nom": "Route Yaoundé-Kribi", "source_id": "way/199504390", "source": "OSM_OSMFR_2026-10-03", "statut": "IMPORTE", "date_source": "2026-10-03", "classe_route": "primary", "ref": "P8", "bridge": "yes", "bridge_structure": null, "longueur_m": 32.1 }, "geometry": { "type": "LineString", "coordinates": [ [ 11.309013, 3.602538 ], [ 11.309163, 3.602786 ] ] } },
{ "type": "Feature", "properties": { "tg_type": "INF.PONT", "nom": "Pont Domayo", "source_id": "way/199512801", "source": "OSM_OSMFR_2026-10-03", "statut": "IMPORTE", "date_source": "2026-10-03", "classe_route": "primary", "ref": null, "bridge": "yes", "bridge_structure": null, "longueur_m": 162.5 }, "geometry": { "type": "LineString", "coordinates": [ [ 14.315448, 10.596573 ], [ 14.316083, 10.597901 ] ] } },
{ "type": "Feature", "properties": { "tg_type": "INF.PONT", "nom": "", "source_id": "way/200506829", "source": "OSM_OSMFR_2026-10-03", "statut": "IMPORTE", "date_source": "2026-10-03", "classe_route": "primary", "ref": "P12", "bridge": "yes", "bridge_structure": null, "longueur_m": 76.4 }, "geometry": { "type": "LineString", "coordinates": [ [ 13.060827, 7.38327 ], [ 13.060141, 7.383352 ] ] } },
{ "type": "Feature", "properties": { "tg_type": "INF.PONT", "nom": "Maroua-Kousséri", "source_id": "way/200784804", "source": "OSM_OSMFR_2026-10-03", "statut": "IMPORTE", "date_source": "2026-10-03", "classe_route": "trunk", "ref": "N1", "bridge": "yes", "bridge_structure": null, "longueur_m": 52.2 }, "geometry": { "type": "LineString", "coordinates": [ [ 14.17544, 11.015296 ], [ 14.175664, 11.014879 ] ] } },
{ "type": "Feature", "properties": { "tg_type": "INF.PONT", "nom": "", "source_id": "way/200808634", "source": "OSM_OSMFR_2026-10-03", "statut": "IMPORTE", "date_source": "2026-10-03", "classe_route": "primary", "ref": "P29", "bridge": "yes", "bridge_structure": null, "longueur_m": 70.8 }, "geometry": { "type": "LineString", "coordinates": [ [ 13.875859, 10.587452 ], [ 13.875586, 10.586872 ] ] } },
{ "type": "Feature", "properties": { "tg_type": "INF.PONT", "nom": "", "source_id": "way/200810690", "source": "OSM_OSMFR_2026-10-03", "statut": "IMPORTE", "date_source": "2026-10-03", "classe_route": "primary", "ref": "P29", "bridge": "yes", "bridge_structure": null, "longueur_m": 39.6 }, "geometry": { "type": "LineString", "coordinates": [ [ 13.841219, 10.515416 ], [ 13.841013, 10.515122 ] ] } },
{ "type": "Feature", "properties": { "tg_type": "INF.PONT", "nom": "", "source_id": "way/200810691", "source": "OSM_OSMFR_2026-10-03", "statut": "IMPORTE", "date_source": "2026-10-03", "classe_route": "primary", "ref": "P29", "bridge": "yes", "bridge_structure": null, "longueur_m": 51.2 }, "geometry": { "type": "LineString", "coordinates": [ [ 13.916726, 10.188315 ], [ 13.916713, 10.187852 ] ] } },
{ "type": "Feature", "properties": { "tg_type": "INF.PONT", "nom": "", "source_id": "way/200810692", "source": "OSM_OSMFR_2026-10-03", "statut": "IMPORTE", "date_source": "2026-10-03", "classe_route": "primary", "ref": "P29", "bridge": "yes", "bridge_structure": null, "longueur_m": 41.1 }, "geometry": { "type": "LineString", "coordinates": [ [ 13.908996, 10.226629 ], [ 13.9088, 10.226312 ] ] } },
{ "type": "Feature", "properties": { "tg_type": "INF.PONT", "nom": "", "source_id": "way/200814810", "source": "OSM_OSMFR_2026-10-03", "statut": "IMPORTE", "date_source": "2026-10-03", "classe_route": "primary", "ref": "P29", "bridge": "yes", "bridge_structure": null, "longueur_m": 71.5 }, "geometry": { "type": "LineString", "coordinates": [ [ 13.912473, 10.03358 ], [ 13.912433, 10.032934 ] ] } },
{ "type": "Feature", "properties": { "tg_type": "INF.PONT", "nom": "", "source_id": "way/200814811", "source": "OSM_OSMFR_2026-10-03", "statut": "IMPORTE", "date_source": "2026-10-03", "classe_route": "primary", "ref": "P29", "bridge": "yes", "bridge_structure": null, "longueur_m": 19.4 }, "geometry": { "type": "LineString", "coordinates": [ [ 13.916206, 10.072407 ], [ 13.916216, 10.072231 ] ] } },
{ "type": "Feature", "properties": { "tg_type": "INF.PONT", "nom": "", "source_id": "way/200814812", "source": "OSM_OSMFR_2026-10-03", "statut": "IMPORTE", "date_source": "2026-10-03", "classe_route": "primary", "ref": "P29", "bridge": "yes", "bridge_structure": null, "longueur_m": 13.1 }, "geometry": { "type": "LineString", "coordinates": [ [ 13.914354, 10.029752 ], [ 13.914423, 10.029656 ] ] } },
{ "type": "Feature", "properties": { "tg_type": "INF.PONT", "nom": "", "source_id": "way/200814814", "source": "OSM_OSMFR_2026-10-03", "statut": "IMPORTE", "date_source": "2026-10-03", "classe_route": "primary", "ref": "P29", "bridge": "yes", "bridge_structure": null, "longueur_m": 39.4 }, "geometry": { "type": "LineString", "coordinates": [ [ 13.914347, 10.09812 ], [ 13.914385, 10.097766 ] ] } },
{ "type": "Feature", "properties": { "tg_type": "INF.PONT", "nom": "", "source_id": "way/200815913", "source": "OSM_OSMFR_2026-10-03", "statut": "IMPORTE", "date_source": "2026-10-03", "classe_route": "primary", "ref": "P29", "bridge": "yes", "bridge_structure": null, "longueur_m": 51.3 }, "geometry": { "type": "LineString", "coordinates": [ [ 13.920834, 9.983191 ], [ 13.921066, 9.982788 ] ] } },
{ "type": "Feature", "properties": { "tg_type": "INF.PONT", "nom": "Ngaoundéré-Garoua", "source_id": "way/201271513", "source": "OSM_OSMFR_2026-10-03", "statut": "IMPORTE", "date_source": "2026-10-03", "classe_route": "trunk", "ref": "N1", "bridge": "yes", "bridge_structure": null, "longueur_m": 40.6 }, "geometry": { "type": "LineString", "coordinates": [ [ 13.608718, 8.044103 ], [ 13.608435, 8.043869 ] ] } },
{ "type": "Feature", "properties": { "tg_type": "INF.PONT", "nom": "Foumban-Banyo", "source_id": "way/201455897", "source": "OSM_OSMFR_2026-10-03", "statut": "IMPORTE", "date_source": "2026-10-03", "classe_route": "trunk", "ref": "N6", "bridge": "yes", "bridge_structure": null, "longueur_m": 12.4 }, "geometry": { "type": "LineString", "coordinates": [ [ 11.6244, 6.577102 ], [ 11.624303, 6.577046 ] ] } },
{ "type": "Feature", "properties": { "tg_type": "INF.PONT", "nom": "", "source_id": "way/202657209", "source": "OSM_OSMFR_2026-10-03", "statut": "IMPORTE", "date_source": "2026-10-03", "classe_route": "primary", "ref": "P19", "bridge": "yes", "bridge_structure": null, "longueur_m": 21.8 }, "geometry": { "type": "LineString", "coordinates": [ [ 9.565413, 5.559722 ], [ 9.565219, 5.559695 ] ] } },
{ "type": "Feature", "properties": { "tg_type": "INF.PONT", "nom": "", "source_id": "way/202811139", "source": "OSM_OSMFR_2026-10-03", "statut": "IMPORTE", "date_source": "2026-10-03", "classe_route": "primary", "ref": "A4-7", "bridge": "yes", "bridge_structure": null, "longueur_m": 37.8 }, "geometry": { "type": "LineString", "coordinates": [ [ 13.991637, 11.311677 ], [ 13.991971, 11.311586 ] ] } },
{ "type": "Feature", "properties": { "tg_type": "INF.PONT", "nom": "Maroua-Mokolo", "source_id": "way/202842031", "source": "OSM_OSMFR_2026-10-03", "statut": "IMPORTE", "date_source": "2026-10-03", "classe_route": "primary", "ref": "P2", "bridge": "yes", "bridge_structure": null, "longueur_m": 27.1 }, "geometry": { "type": "LineString", "coordinates": [ [ 13.913296, 10.5859 ], [ 13.913413, 10.585685 ] ] } },
{ "type": "Feature", "properties": { "tg_type": "INF.PONT", "nom": "Maroua-Mokolo", "source_id": "way/202842032", "source": "OSM_OSMFR_2026-10-03", "statut": "IMPORTE", "date_source": "2026-10-03", "classe_route": "primary", "ref": "P2", "bridge": "yes", "bridge_structure": null, "longueur_m": 32.5 }, "geometry": { "type": "LineString", "coordinates": [ [ 13.93904, 10.568491 ], [ 13.939312, 10.568609 ] ] } },
{ "type": "Feature", "properties": { "tg_type": "INF.PONT", "nom": "Maroua-Mokolo", "source_id": "way/202842033", "source": "OSM_OSMFR_2026-10-03", "statut": "IMPORTE", "date_source": "2026-10-03", "classe_route": "primary", "ref": "P2", "bridge": "yes", "bridge_structure": null, "longueur_m": 16.4 }, "geometry": { "type": "LineString", "coordinates": [ [ 13.90743, 10.595778 ], [ 13.90751, 10.595652 ] ] } },
{ "type": "Feature", "properties": { "tg_type": "INF.PONT", "nom": "Maroua-Mokolo", "source_id": "way/202844304", "source": "OSM_OSMFR_2026-10-03", "statut": "IMPORTE", "date_source": "2026-10-03", "classe_route": "primary", "ref": "P2", "bridge": "yes", "bridge_structure": null, "longueur_m": 50.7 }, "geometry": { "type": "LineString", "coordinates": [ [ 13.900165, 10.625886 ], [ 13.900323, 10.625455 ] ] } },
{ "type": "Feature", "properties": { "tg_type": "INF.PONT", "nom": "Maroua-Kousséri", "source_id": "way/202890539", "source": "OSM_OSMFR_2026-10-03", "statut": "IMPORTE", "date_source": "2026-10-03", "classe_route": "trunk", "ref": "N1", "bridge": "yes", "bridge_structure": null, "longueur_m": 22.7 }, "geometry": { "type": "LineString", "coordinates": [ [ 14.210449, 10.939739 ], [ 14.210528, 10.939549 ] ] } },
{ "type": "Feature", "properties": { "tg_type": "INF.PONT", "nom": "Maroua-Kousséri", "source_id": "way/202893261", "source": "OSM_OSMFR_2026-10-03", "statut": "IMPORTE", "date_source": "2026-10-03", "classe_route": "trunk", "ref": "N1", "bridge": "yes", "bridge_structure": null, "longueur_m": 88.3 }, "geometry": { "type": "LineString", "coordinates": [ [ 14.258218, 10.706788 ], [ 14.258787, 10.706222 ] ] } },
{ "type": "Feature", "properties": { "tg_type": "INF.PONT", "nom": "Maroua-Kousséri", "source_id": "way/202893262", "source": "OSM_OSMFR_2026-10-03", "statut": "IMPORTE", "date_source": "2026-10-03", "classe_route": "trunk", "ref": "N1", "bridge": "yes", "bridge_structure": null, "longueur_m": 160.7 }, "geometry": { "type": "LineString", "coordinates": [ [ 14.236511, 10.874776 ], [ 14.237123, 10.873456 ] ] } },
{ "type": "Feature", "properties": { "tg_type": "INF.PONT", "nom": "Maroua-Kousséri", "source_id": "way/202893263", "source": "OSM_OSMFR_2026-10-03", "statut": "IMPORTE", "date_source": "2026-10-03", "classe_route": "trunk", "ref": "N1", "bridge": "yes", "bridge_structure": null, "longueur_m": 113.2 }, "geometry": { "type": "LineString", "coordinates": [ [ 14.247681, 10.763813 ], [ 14.247557, 10.762797 ] ] } },
{ "type": "Feature", "properties": { "tg_type": "INF.PONT", "nom": "", "source_id": "way/203019336", "source": "OSM_OSMFR_2026-10-03", "statut": "IMPORTE", "date_source": "2026-10-03", "classe_route": "primary", "ref": "P3", "bridge": "yes", "bridge_structure": null, "longueur_m": 126.5 }, "geometry": { "type": "LineString", "coordinates": [ [ 13.979442, 9.991226 ], [ 13.978718, 9.990335 ] ] } },
{ "type": "Feature", "properties": { "tg_type": "INF.PONT", "nom": "Maroua-Kousséri", "source_id": "way/203242232", "source": "OSM_OSMFR_2026-10-03", "statut": "IMPORTE", "date_source": "2026-10-03", "classe_route": "trunk", "ref": "N 1", "bridge": "yes", "bridge_structure": null, "longueur_m": 52.7 }, "geometry": { "type": "LineString", "coordinates": [ [ 14.300543, 10.604922 ], [ 14.300415, 10.604462 ] ] } },
{ "type": "Feature", "properties": { "tg_type": "INF.PONT", "nom": "", "source_id": "way/203249387", "source": "OSM_OSMFR_2026-10-03", "statut": "IMPORTE", "date_source": "2026-10-03", "classe_route": "primary", "ref": "P3", "bridge": "yes", "bridge_structure": null, "longueur_m": 27.1 }, "geometry": { "type": "LineString", "coordinates": [ [ 15.062387, 10.83995 ], [ 15.062156, 10.839861 ] ] } },
{ "type": "Feature", "properties": { "tg_type": "INF.PONT", "nom": "", "source_id": "way/203488356", "source": "OSM_OSMFR_2026-10-03", "statut": "IMPORTE", "date_source": "2026-10-03", "classe_route": "primary", "ref": "P2", "bridge": "yes", "bridge_structure": null, "longueur_m": 184.5 }, "geometry": { "type": "LineString", "coordinates": [ [ 14.4479, 10.618522 ], [ 14.449538, 10.618126 ] ] } },
{ "type": "Feature", "properties": { "tg_type": "INF.PONT", "nom": "Maroua-Kousséri", "source_id": "way/203518218", "source": "OSM_OSMFR_2026-10-03", "statut": "IMPORTE", "date_source": "2026-10-03", "classe_route": "trunk", "ref": "N1", "bridge": "yes", "bridge_structure": null, "longueur_m": 16.5 }, "geometry": { "type": "LineString", "coordinates": [ [ 14.229278, 10.900447 ], [ 14.229308, 10.900301 ] ] } },
{ "type": "Feature", "properties": { "tg_type": "INF.PONT", "nom": "", "source_id": "way/203525675", "source": "OSM_OSMFR_2026-10-03", "statut": "IMPORTE", "date_source": "2026-10-03", "classe_route": "primary", "ref": "P1", "bridge": "yes", "bridge_structure": null, "longueur_m": 99.4 }, "geometry": { "type": "LineString", "coordinates": [ [ 13.968372, 11.022155 ], [ 13.967549, 11.021773 ] ] } },
{ "type": "Feature", "properties": { "tg_type": "INF.PONT", "nom": "", "source_id": "way/203525676", "source": "OSM_OSMFR_2026-10-03", "statut": "IMPORTE", "date_source": "2026-10-03", "classe_route": "primary", "ref": "P1", "bridge": "yes", "bridge_structure": null, "longueur_m": 35.9 }, "geometry": { "type": "LineString", "coordinates": [ [ 14.034646, 11.087674 ], [ 14.034325, 11.087602 ] ] } },
{ "type": "Feature", "properties": { "tg_type": "INF.PONT", "nom": "", "source_id": "way/203526783", "source": "OSM_OSMFR_2026-10-03", "statut": "IMPORTE", "date_source": "2026-10-03", "classe_route": "primary", "ref": "P1", "bridge": "yes", "bridge_structure": null, "longueur_m": 58.4 }, "geometry": { "type": "LineString", "coordinates": [ [ 13.947504, 11.001509 ], [ 13.947082, 11.001185 ] ] } },
{ "type": "Feature", "properties": { "tg_type": "INF.PONT", "nom": "Garoua-Yagoua", "source_id": "way/204166238", "source": "OSM_OSMFR_2026-10-03", "statut": "IMPORTE", "date_source": "2026-10-03", "classe_route": "trunk", "ref": "N12", "bridge": "yes", "bridge_structure": null, "longueur_m": 37.3 }, "geometry": { "type": "LineString", "coordinates": [ [ 14.539042, 10.165744 ], [ 14.539348, 10.165597 ] ] } },
{ "type": "Feature", "properties": { "tg_type": "INF.PONT", "nom": "Maroua-Kousséri", "source_id": "way/204182678", "source": "OSM_OSMFR_2026-10-03", "statut": "IMPORTE", "date_source": "2026-10-03", "classe_route": "trunk", "ref": "N1", "bridge": "yes", "bridge_structure": null, "longueur_m": 57.0 }, "geometry": { "type": "LineString", "coordinates": [ [ 14.205143, 10.954965 ], [ 14.205315, 10.954479 ] ] } },
{ "type": "Feature", "properties": { "tg_type": "INF.PONT", "nom": "", "source_id": "way/204400859", "source": "OSM_OSMFR_2026-10-03", "statut": "IMPORTE", "date_source": "2026-10-03", "classe_route": "primary", "ref": null, "bridge": "yes", "bridge_structure": null, "longueur_m": 38.1 }, "geometry": { "type": "LineString", "coordinates": [ [ 11.511998, 3.837585 ], [ 11.512181, 3.837293 ] ] } },
{ "type": "Feature", "properties": { "tg_type": "INF.PONT", "nom": "", "source_id": "way/204671571", "source": "OSM_OSMFR_2026-10-03", "statut": "IMPORTE", "date_source": "2026-10-03", "classe_route": "primary", "ref": "P33", "bridge": "yes", "bridge_structure": null, "longueur_m": 86.4 }, "geometry": { "type": "LineString", "coordinates": [ [ 12.246059, 3.76985 ], [ 12.24608, 3.769069 ] ] } },
{ "type": "Feature", "properties": { "tg_type": "INF.PONT", "nom": "", "source_id": "way/205363092", "source": "OSM_OSMFR_2026-10-03", "statut": "IMPORTE", "date_source": "2026-10-03", "classe_route": "primary", "ref": "P9", "bridge": "yes", "bridge_structure": null, "longueur_m": 110.7 }, "geometry": { "type": "LineString", "coordinates": [ [ 11.501485, 3.512991 ], [ 11.502078, 3.512187 ] ] } },
{ "type": "Feature", "properties": { "tg_type": "INF.PONT", "nom": "", "source_id": "way/206106451", "source": "OSM_OSMFR_2026-10-03", "statut": "IMPORTE", "date_source": "2026-10-03", "classe_route": "trunk", "ref": "N10", "bridge": "yes", "bridge_structure": null, "longueur_m": 135.3 }, "geometry": { "type": "LineString", "coordinates": [ [ 14.324494, 4.422482 ], [ 14.325374, 4.423329 ] ] } },
{ "type": "Feature", "properties": { "tg_type": "INF.PONT", "nom": "Rue 1.001", "source_id": "way/206159731", "source": "OSM_OSMFR_2026-10-03", "statut": "IMPORTE", "date_source": "2026-10-03", "classe_route": "trunk", "ref": "N3", "bridge": "yes", "bridge_structure": null, "longueur_m": 16.3 }, "geometry": { "type": "LineString", "coordinates": [ [ 11.522081, 3.857972 ], [ 11.522077, 3.85812 ] ] } },
{ "type": "Feature", "properties": { "tg_type": "INF.PONT", "nom": "Rue Martin Tabi Essomba", "source_id": "way/206159733", "source": "OSM_OSMFR_2026-10-03", "statut": "IMPORTE", "date_source": "2026-10-03", "classe_route": "primary", "ref": null, "bridge": "yes", "bridge_structure": null, "longueur_m": 16.3 }, "geometry": { "type": "LineString", "coordinates": [ [ 11.535034, 3.865267 ], [ 11.53518, 3.865283 ] ] } },
{ "type": "Feature", "properties": { "tg_type": "INF.PONT", "nom": "Douala-Edea", "source_id": "way/207186951", "source": "OSM_OSMFR_2026-10-03", "statut": "IMPORTE", "date_source": "2026-10-03", "classe_route": "trunk", "ref": "N3", "bridge": "yes", "bridge_structure": null, "longueur_m": 56.2 }, "geometry": { "type": "LineString", "coordinates": [ [ 9.737961, 4.009701 ], [ 9.73845, 4.009568 ] ] } },
{ "type": "Feature", "properties": { "tg_type": "INF.PONT", "nom": "Moroua-Pouss", "source_id": "way/207292594", "source": "OSM_OSMFR_2026-10-03", "statut": "IMPORTE", "date_source": "2026-10-03", "classe_route": "primary", "ref": "P3", "bridge": "yes", "bridge_structure": null, "longueur_m": 18.6 }, "geometry": { "type": "LineString", "coordinates": [ [ 15.002986, 10.829781 ], [ 15.002816, 10.829783 ] ] } },
{ "type": "Feature", "properties": { "tg_type": "INF.PONT", "nom": "Batouri-Yokadouma", "source_id": "way/207328414", "source": "OSM_OSMFR_2026-10-03", "statut": "IMPORTE", "date_source": "2026-10-03", "classe_route": "trunk", "ref": "N10", "bridge": "yes", "bridge_structure": null, "longueur_m": 226.2 }, "geometry": { "type": "LineString", "coordinates": [ [ 14.680469, 4.203496 ], [ 14.67942, 4.20525 ] ] } },
{ "type": "Feature", "properties": { "tg_type": "INF.PONT", "nom": "Moroua-Pouss", "source_id": "way/207457459", "source": "OSM_OSMFR_2026-10-03", "statut": "IMPORTE", "date_source": "2026-10-03", "classe_route": "primary", "ref": "P3", "bridge": "yes", "bridge_structure": null, "longueur_m": 22.8 }, "geometry": { "type": "LineString", "coordinates": [ [ 14.958201, 10.8335 ], [ 14.957992, 10.833504 ] ] } },
{ "type": "Feature", "properties": { "tg_type": "INF.PONT", "nom": "Avenue de Biyeme Assi", "source_id": "way/207594146", "source": "OSM_OSMFR_2026-10-03", "statut": "IMPORTE", "date_source": "2026-10-03", "classe_route": "primary", "ref": null, "bridge": "yes", "bridge_structure": null, "longueur_m": 13.2 }, "geometry": { "type": "LineString", "coordinates": [ [ 11.48594, 3.837995 ], [ 11.485863, 3.837905 ] ] } },
{ "type": "Feature", "properties": { "tg_type": "INF.PONT", "nom": "Route Calabar - Ikom", "source_id": "way/210098865", "source": "OSM_OSMFR_2026-10-03", "statut": "IMPORTE", "date_source": "2026-10-03", "classe_route": "primary", "ref": "A42", "bridge": "yes", "bridge_structure": null, "longueur_m": 53.4 }, "geometry": { "type": "LineString", "coordinates": [ [ 8.844407, 5.677678 ], [ 8.844668, 5.678084 ] ] } },
{ "type": "Feature", "properties": { "tg_type": "INF.PONT", "nom": "", "source_id": "way/211673717", "source": "OSM_OSMFR_2026-10-03", "statut": "IMPORTE", "date_source": "2026-10-03", "classe_route": "primary", "ref": "P17", "bridge": "yes", "bridge_structure": null, "longueur_m": 34.2 }, "geometry": { "type": "LineString", "coordinates": [ [ 9.97615, 5.269198 ], [ 9.976169, 5.268889 ] ] } },
{ "type": "Feature", "properties": { "tg_type": "INF.PONT", "nom": "", "source_id": "way/211893937", "source": "OSM_OSMFR_2026-10-03", "statut": "IMPORTE", "date_source": "2026-10-03", "classe_route": "trunk", "ref": "N 15", "bridge": "yes", "bridge_structure": null, "longueur_m": 45.4 }, "geometry": { "type": "LineString", "coordinates": [ [ 12.473181, 6.050636 ], [ 12.473587, 6.050694 ] ] } },
{ "type": "Feature", "properties": { "tg_type": "INF.PONT", "nom": "Batouri-Yokadouma", "source_id": "way/213476526", "source": "OSM_OSMFR_2026-10-03", "statut": "IMPORTE", "date_source": "2026-10-03", "classe_route": "trunk", "ref": "N10", "bridge": "yes", "bridge_structure": null, "longueur_m": 14.6 }, "geometry": { "type": "LineString", "coordinates": [ [ 14.744928, 4.189859 ], [ 14.744801, 4.189896 ] ] } },
{ "type": "Feature", "properties": { "tg_type": "INF.PONT", "nom": "Garoua-Maroua", "source_id": "way/219754531", "source": "OSM_OSMFR_2026-10-03", "statut": "IMPORTE", "date_source": "2026-10-03", "classe_route": "trunk", "ref": "N1", "bridge": "yes", "bridge_structure": null, "longueur_m": 18.9 }, "geometry": { "type": "LineString", "coordinates": [ [ 13.407942, 9.30909 ], [ 13.407833, 9.308957 ] ] } },
{ "type": "Feature", "properties": { "tg_type": "INF.PONT", "nom": "", "source_id": "way/220022227", "source": "OSM_OSMFR_2026-10-03", "statut": "IMPORTE", "date_source": "2026-10-03", "classe_route": "primary", "ref": null, "bridge": "yes", "bridge_structure": null, "longueur_m": 45.2 }, "geometry": { "type": "LineString", "coordinates": [ [ 9.735366, 4.014895 ], [ 9.73518, 4.014531 ] ] } },
{ "type": "Feature", "properties": { "tg_type": "INF.PONT", "nom": "Provinciale 15", "source_id": "way/222011333", "source": "OSM_OSMFR_2026-10-03", "statut": "IMPORTE", "date_source": "2026-10-03", "classe_route": "primary", "ref": "P15", "bridge": "yes", "bridge_structure": null, "longueur_m": 76.9 }, "geometry": { "type": "LineString", "coordinates": [ [ 9.978958, 4.460125 ], [ 9.979323, 4.459535 ] ] } },
{ "type": "Feature", "properties": { "tg_type": "INF.PONT", "nom": "Douala-Bafoussam (N5)", "source_id": "way/223869814", "source": "OSM_OSMFR_2026-10-03", "statut": "IMPORTE", "date_source": "2026-10-03", "classe_route": "trunk", "ref": "N5", "bridge": "yes", "bridge_structure": null, "longueur_m": 59.1 }, "geometry": { "type": "LineString", "coordinates": [ [ 10.414283, 5.368915 ], [ 10.413938, 5.368507 ] ] } },
{ "type": "Feature", "properties": { "tg_type": "INF.PONT", "nom": "", "source_id": "way/223869852", "source": "OSM_OSMFR_2026-10-03", "statut": "IMPORTE", "date_source": "2026-10-03", "classe_route": "primary", "ref": "X19", "bridge": "yes", "bridge_structure": null, "longueur_m": 16.0 }, "geometry": { "type": "LineString", "coordinates": [ [ 10.412778, 5.369553 ], [ 10.412733, 5.369416 ] ] } },
{ "type": "Feature", "properties": { "tg_type": "INF.PONT", "nom": "", "source_id": "way/223918302", "source": "OSM_OSMFR_2026-10-03", "statut": "IMPORTE", "date_source": "2026-10-03", "classe_route": "trunk", "ref": "N3", "bridge": "yes", "bridge_structure": null, "longueur_m": 22.1 }, "geometry": { "type": "LineString", "coordinates": [ [ 11.468772, 3.786046 ], [ 11.468612, 3.785927 ] ] } },
{ "type": "Feature", "properties": { "tg_type": "INF.PONT", "nom": "", "source_id": "way/224995497", "source": "OSM_OSMFR_2026-10-03", "statut": "IMPORTE", "date_source": "2026-10-03", "classe_route": "primary", "ref": "P15", "bridge": "yes", "bridge_structure": null, "longueur_m": 24.2 }, "geometry": { "type": "LineString", "coordinates": [ [ 10.500959, 5.699189 ], [ 10.501163, 5.699112 ] ] } },
{ "type": "Feature", "properties": { "tg_type": "INF.PONT", "nom": "", "source_id": "way/224995498", "source": "OSM_OSMFR_2026-10-03", "statut": "IMPORTE", "date_source": "2026-10-03", "classe_route": "primary", "ref": "P15", "bridge": "yes", "bridge_structure": null, "longueur_m": 22.3 }, "geometry": { "type": "LineString", "coordinates": [ [ 10.329695, 5.692934 ], [ 10.329888, 5.692992 ] ] } },
{ "type": "Feature", "properties": { "tg_type": "INF.PONT", "nom": "", "source_id": "way/224995499", "source": "OSM_OSMFR_2026-10-03", "statut": "IMPORTE", "date_source": "2026-10-03", "classe_route": "primary", "ref": "P15", "bridge": "yes", "bridge_structure": null, "longueur_m": 18.5 }, "geometry": { "type": "LineString", "coordinates": [ [ 10.43952, 5.691659 ], [ 10.439686, 5.691675 ] ] } },
{ "type": "Feature", "properties": { "tg_type": "INF.PONT", "nom": "Bafoussam-Mbouda", "source_id": "way/225084143", "source": "OSM_OSMFR_2026-10-03", "statut": "IMPORTE", "date_source": "2026-10-03", "classe_route": "trunk", "ref": "N6", "bridge": "yes", "bridge_structure": null, "longueur_m": 17.8 }, "geometry": { "type": "LineString", "coordinates": [ [ 10.329018, 5.532606 ], [ 10.32908, 5.532457 ] ] } },
{ "type": "Feature", "properties": { "tg_type": "INF.PONT", "nom": "Bafoussam-Mbouda", "source_id": "way/225094076", "source": "OSM_OSMFR_2026-10-03", "statut": "IMPORTE", "date_source": "2026-10-03", "classe_route": "trunk", "ref": "N6", "bridge": "yes", "bridge_structure": null, "longueur_m": 10.9 }, "geometry": { "type": "LineString", "coordinates": [ [ 10.354917, 5.518714 ], [ 10.354829, 5.518759 ] ] } },
{ "type": "Feature", "properties": { "tg_type": "INF.PONT", "nom": "Provinciale 19", "source_id": "way/225257728", "source": "OSM_OSMFR_2026-10-03", "statut": "IMPORTE", "date_source": "2026-10-03", "classe_route": "primary", "ref": "P19", "bridge": "yes", "bridge_structure": null, "longueur_m": 11.6 }, "geometry": { "type": "LineString", "coordinates": [ [ 10.005575, 5.502752 ], [ 10.005499, 5.502679 ] ] } },
{ "type": "Feature", "properties": { "tg_type": "INF.PONT", "nom": "", "source_id": "way/225496334", "source": "OSM_OSMFR_2026-10-03", "statut": "IMPORTE", "date_source": "2026-10-03", "classe_route": "primary", "ref": "P29", "bridge": "yes", "bridge_structure": null, "longueur_m": 18.1 }, "geometry": { "type": "LineString", "coordinates": [ [ 13.835499, 10.452299 ], [ 13.835553, 10.452145 ] ] } },
{ "type": "Feature", "properties": { "tg_type": "INF.PONT", "nom": "", "source_id": "way/225496335", "source": "OSM_OSMFR_2026-10-03", "statut": "IMPORTE", "date_source": "2026-10-03", "classe_route": "primary", "ref": "P29", "bridge": "yes", "bridge_structure": null, "longueur_m": 34.6 }, "geometry": { "type": "LineString", "coordinates": [ [ 13.83605, 10.467631 ], [ 13.835922, 10.467345 ] ] } },
{ "type": "Feature", "properties": { "tg_type": "INF.PONT", "nom": "", "source_id": "way/225496339", "source": "OSM_OSMFR_2026-10-03", "statut": "IMPORTE", "date_source": "2026-10-03", "classe_route": "primary", "ref": "P29", "bridge": "yes", "bridge_structure": null, "longueur_m": 22.7 }, "geometry": { "type": "LineString", "coordinates": [ [ 13.915386, 10.08229 ], [ 13.915402, 10.082085 ] ] } },
{ "type": "Feature", "properties": { "tg_type": "INF.PONT", "nom": "", "source_id": "way/225496340", "source": "OSM_OSMFR_2026-10-03", "statut": "IMPORTE", "date_source": "2026-10-03", "classe_route": "primary", "ref": "P29", "bridge": "yes", "bridge_structure": null, "longueur_m": 24.6 }, "geometry": { "type": "LineString", "coordinates": [ [ 13.85166, 10.392631 ], [ 13.851693, 10.392411 ] ] } },
{ "type": "Feature", "properties": { "tg_type": "INF.PONT", "nom": "", "source_id": "way/225496341", "source": "OSM_OSMFR_2026-10-03", "statut": "IMPORTE", "date_source": "2026-10-03", "classe_route": "primary", "ref": "P29", "bridge": "yes", "bridge_structure": null, "longueur_m": 22.6 }, "geometry": { "type": "LineString", "coordinates": [ [ 13.917598, 10.004441 ], [ 13.917699, 10.004263 ] ] } },
{ "type": "Feature", "properties": { "tg_type": "INF.PONT", "nom": "", "source_id": "way/225496342", "source": "OSM_OSMFR_2026-10-03", "statut": "IMPORTE", "date_source": "2026-10-03", "classe_route": "primary", "ref": "P29", "bridge": "yes", "bridge_structure": null, "longueur_m": 12.0 }, "geometry": { "type": "LineString", "coordinates": [ [ 13.85134, 10.389635 ], [ 13.851299, 10.389534 ] ] } },
{ "type": "Feature", "properties": { "tg_type": "INF.PONT", "nom": "", "source_id": "way/225496343", "source": "OSM_OSMFR_2026-10-03", "statut": "IMPORTE", "date_source": "2026-10-03", "classe_route": "primary", "ref": "P29", "bridge": "yes", "bridge_structure": null, "longueur_m": 42.3 }, "geometry": { "type": "LineString", "coordinates": [ [ 13.852686, 10.386162 ], [ 13.852768, 10.385788 ] ] } },
{ "type": "Feature", "properties": { "tg_type": "INF.PONT", "nom": "Maroua-Kousséri", "source_id": "way/225507715", "source": "OSM_OSMFR_2026-10-03", "statut": "IMPORTE", "date_source": "2026-10-03", "classe_route": "trunk", "ref": "N1", "bridge": "yes", "bridge_structure": null, "longueur_m": 12.8 }, "geometry": { "type": "LineString", "coordinates": [ [ 14.173184, 11.019436 ], [ 14.173247, 11.019338 ] ] } },
{ "type": "Feature", "properties": { "tg_type": "INF.PONT", "nom": "Douala-Bafoussam (N5)", "source_id": "way/226744235", "source": "OSM_OSMFR_2026-10-03", "statut": "IMPORTE", "date_source": "2026-10-03", "classe_route": "trunk", "ref": "N5", "bridge": "yes", "bridge_structure": null, "longueur_m": 15.9 }, "geometry": { "type": "LineString", "coordinates": [ [ 10.222727, 5.243678 ], [ 10.222793, 5.243549 ] ] } },
{ "type": "Feature", "properties": { "tg_type": "INF.PONT", "nom": "route Yaoundé-Kribi", "source_id": "way/227633151", "source": "OSM_OSMFR_2026-10-03", "statut": "IMPORTE", "date_source": "2026-10-03", "classe_route": "primary", "ref": "P8", "bridge": "yes", "bridge_structure": null, "longueur_m": 26.2 }, "geometry": { "type": "LineString", "coordinates": [ [ 11.324752, 3.506474 ], [ 11.324596, 3.506652 ] ] } },
{ "type": "Feature", "properties": { "tg_type": "INF.PONT", "nom": "", "source_id": "way/227656517", "source": "OSM_OSMFR_2026-10-03", "statut": "IMPORTE", "date_source": "2026-10-03", "classe_route": "trunk", "ref": "N7", "bridge": "yes", "bridge_structure": null, "longueur_m": 152.0 }, "geometry": { "type": "LineString", "coordinates": [ [ 9.899999, 2.876004 ], [ 9.899038, 2.875025 ] ] } },
{ "type": "Feature", "properties": { "tg_type": "INF.PONT", "nom": "Kumba-Mundemba", "source_id": "way/227711728", "source": "OSM_OSMFR_2026-10-03", "statut": "IMPORTE", "date_source": "2026-10-03", "classe_route": "trunk", "ref": "N16", "bridge": "yes", "bridge_structure": null, "longueur_m": 20.2 }, "geometry": { "type": "LineString", "coordinates": [ [ 9.354096, 4.605959 ], [ 9.35395, 4.60585 ] ] } },
{ "type": "Feature", "properties": { "tg_type": "INF.PONT", "nom": "Foumban-Banyo", "source_id": "way/228252673", "source": "OSM_OSMFR_2026-10-03", "statut": "IMPORTE", "date_source": "2026-10-03", "classe_route": "trunk", "ref": "N6", "bridge": "yes", "bridge_structure": null, "longueur_m": 89.1 }, "geometry": { "type": "LineString", "coordinates": [ [ 11.261143, 5.987588 ], [ 11.261924, 5.987393 ] ] } },
{ "type": "Feature", "properties": { "tg_type": "INF.PONT", "nom": "Route de Kribi", "source_id": "way/228816626", "source": "OSM_OSMFR_2026-10-03", "statut": "IMPORTE", "date_source": "2026-10-03", "classe_route": "primary", "ref": null, "bridge": "yes", "bridge_structure": null, "longueur_m": 37.6 }, "geometry": { "type": "LineString", "coordinates": [ [ 11.467466, 3.809669 ], [ 11.46723, 3.809426 ] ] } },
{ "type": "Feature", "properties": { "tg_type": "INF.PONT", "nom": "", "source_id": "way/229169170", "source": "OSM_OSMFR_2026-10-03", "statut": "IMPORTE", "date_source": "2026-10-03", "classe_route": "trunk", "ref": "N20", "bridge": "yes", "bridge_structure": null, "longueur_m": 76.3 }, "geometry": { "type": "LineString", "coordinates": [ [ 14.817499, 7.856589 ], [ 14.817688, 7.857253 ] ] } },
{ "type": "Feature", "properties": { "tg_type": "INF.PONT", "nom": "", "source_id": "way/229169181", "source": "OSM_OSMFR_2026-10-03", "statut": "IMPORTE", "date_source": "2026-10-03", "classe_route": "trunk", "ref": "N 13", "bridge": "yes", "bridge_structure": null, "longueur_m": 34.8 }, "geometry": { "type": "LineString", "coordinates": [ [ 14.791007, 8.360695 ], [ 14.791273, 8.360524 ] ] } },
{ "type": "Feature", "properties": { "tg_type": "INF.PONT", "nom": "", "source_id": "way/229169196", "source": "OSM_OSMFR_2026-10-03", "statut": "IMPORTE", "date_source": "2026-10-03", "classe_route": "primary", "ref": null, "bridge": "yes", "bridge_structure": null, "longueur_m": 50.6 }, "geometry": { "type": "LineString", "coordinates": [ [ 15.100804, 4.143579 ], [ 15.100363, 4.143466 ] ] } },
{ "type": "Feature", "properties": { "tg_type": "INF.PONT", "nom": "Boulevard de la Liberté", "source_id": "way/229919716", "source": "OSM_OSMFR_2026-10-03", "statut": "IMPORTE", "date_source": "2026-10-03", "classe_route": "trunk", "ref": "N3", "bridge": "yes", "bridge_structure": null, "longueur_m": 14.3 }, "geometry": { "type": "LineString", "coordinates": [ [ 9.704073, 4.061421 ], [ 9.703983, 4.061328 ] ] } },
{ "type": "Feature", "properties": { "tg_type": "INF.PONT", "nom": "Boulevard de l'Unité", "source_id": "way/229923495", "source": "OSM_OSMFR_2026-10-03", "statut": "IMPORTE", "date_source": "2026-10-03", "classe_route": "primary", "ref": "P14", "bridge": "yes", "bridge_structure": null, "longueur_m": 65.5 }, "geometry": { "type": "LineString", "coordinates": [ [ 9.717863, 4.047084 ], [ 9.717329, 4.046831 ] ] } },
{ "type": "Feature", "properties": { "tg_type": "INF.PONT", "nom": "Boulevard de l'Unité", "source_id": "way/229923499", "source": "OSM_OSMFR_2026-10-03", "statut": "IMPORTE", "date_source": "2026-10-03", "classe_route": "primary", "ref": "P14", "bridge": "yes", "bridge_structure": null, "longueur_m": 63.8 }, "geometry": { "type": "LineString", "coordinates": [ [ 9.71737, 4.046788 ], [ 9.71789, 4.047032 ] ] } },
{ "type": "Feature", "properties": { "tg_type": "INF.PONT", "nom": "", "source_id": "way/230392340", "source": "OSM_OSMFR_2026-10-03", "statut": "IMPORTE", "date_source": "2026-10-03", "classe_route": "primary", "ref": "P 10", "bridge": "yes", "bridge_structure": null, "longueur_m": 200.3 }, "geometry": { "type": "LineString", "coordinates": [ [ 11.02058, 4.17077 ], [ 11.021322, 4.169119 ] ] } },
{ "type": "Feature", "properties": { "tg_type": "INF.PONT", "nom": "", "source_id": "way/231947423", "source": "OSM_OSMFR_2026-10-03", "statut": "IMPORTE", "date_source": "2026-10-03", "classe_route": "trunk", "ref": "N10", "bridge": "yes", "bridge_structure": null, "longueur_m": 101.7 }, "geometry": { "type": "LineString", "coordinates": [ [ 12.538554, 3.898934 ], [ 12.539097, 3.898193 ] ] } },
{ "type": "Feature", "properties": { "tg_type": "INF.PONT", "nom": "Pont de l'Elbeid", "source_id": "way/233065796", "source": "OSM_OSMFR_2026-10-03", "statut": "IMPORTE", "date_source": "2026-10-03", "classe_route": "trunk", "ref": null, "bridge": "yes", "bridge_structure": null, "longueur_m": 65.8 }, "geometry": { "type": "LineString", "coordinates": [ [ 14.222684, 12.374457 ], [ 14.222144, 12.374187 ] ] } },
{ "type": "Feature", "properties": { "tg_type": "INF.PONT", "nom": "Pont de l'Elbeid", "source_id": "way/233065804", "source": "OSM_OSMFR_2026-10-03", "statut": "IMPORTE", "date_source": "2026-10-03", "classe_route": "trunk", "ref": "A3", "bridge": "yes", "bridge_structure": null, "longueur_m": 62.5 }, "geometry": { "type": "LineString", "coordinates": [ [ 14.221636, 12.373924 ], [ 14.222144, 12.374187 ] ] } },
{ "type": "Feature", "properties": { "tg_type": "INF.PONT", "nom": "", "source_id": "way/236562745", "source": "OSM_OSMFR_2026-10-03", "statut": "IMPORTE", "date_source": "2026-10-03", "classe_route": "trunk", "ref": "N14", "bridge": "yes", "bridge_structure": null, "longueur_m": 104.4 }, "geometry": { "type": "LineString", "coordinates": [ [ 14.01602, 11.161246 ], [ 14.016941, 11.161498 ] ] } },
{ "type": "Feature", "properties": { "tg_type": "INF.PONT", "nom": "", "source_id": "way/236562752", "source": "OSM_OSMFR_2026-10-03", "statut": "IMPORTE", "date_source": "2026-10-03", "classe_route": "primary", "ref": "P1", "bridge": "yes", "bridge_structure": null, "longueur_m": 48.5 }, "geometry": { "type": "LineString", "coordinates": [ [ 14.082776, 11.094873 ], [ 14.082388, 11.095085 ] ] } },
{ "type": "Feature", "properties": { "tg_type": "INF.PONT", "nom": "", "source_id": "way/236562753", "source": "OSM_OSMFR_2026-10-03", "statut": "IMPORTE", "date_source": "2026-10-03", "classe_route": "primary", "ref": "P1", "bridge": "yes", "bridge_structure": null, "longueur_m": 19.4 }, "geometry": { "type": "LineString", "coordinates": [ [ 14.062485, 11.100133 ], [ 14.062308, 11.100111 ] ] } },
{ "type": "Feature", "properties": { "tg_type": "INF.PONT", "nom": "", "source_id": "way/236562758", "source": "OSM_OSMFR_2026-10-03", "statut": "IMPORTE", "date_source": "2026-10-03", "classe_route": "primary", "ref": "P3", "bridge": "yes", "bridge_structure": null, "longueur_m": 14.8 }, "geometry": { "type": "LineString", "coordinates": [ [ 14.028362, 10.128149 ], [ 14.028386, 10.128017 ] ] } },
{ "type": "Feature", "properties": { "tg_type": "INF.PONT", "nom": "", "source_id": "way/236562759", "source": "OSM_OSMFR_2026-10-03", "statut": "IMPORTE", "date_source": "2026-10-03", "classe_route": "primary", "ref": "P3", "bridge": "yes", "bridge_structure": null, "longueur_m": 25.6 }, "geometry": { "type": "LineString", "coordinates": [ [ 13.906845, 9.834286 ], [ 13.906791, 9.83406 ] ] } },
{ "type": "Feature", "properties": { "tg_type": "INF.PONT", "nom": "", "source_id": "way/236562760", "source": "OSM_OSMFR_2026-10-03", "statut": "IMPORTE", "date_source": "2026-10-03", "classe_route": "primary", "ref": "P3", "bridge": "yes", "bridge_structure": null, "longueur_m": 113.6 }, "geometry": { "type": "LineString", "coordinates": [ [ 14.152977, 10.485306 ], [ 14.15365, 10.486087 ] ] } },
{ "type": "Feature", "properties": { "tg_type": "INF.PONT", "nom": "", "source_id": "way/236562761", "source": "OSM_OSMFR_2026-10-03", "statut": "IMPORTE", "date_source": "2026-10-03", "classe_route": "primary", "ref": "P3", "bridge": "yes", "bridge_structure": null, "longueur_m": 67.0 }, "geometry": { "type": "LineString", "coordinates": [ [ 13.920532, 9.861303 ], [ 13.920343, 9.860727 ] ] } },
{ "type": "Feature", "properties": { "tg_type": "INF.PONT", "nom": "", "source_id": "way/236562784", "source": "OSM_OSMFR_2026-10-03", "statut": "IMPORTE", "date_source": "2026-10-03", "classe_route": "primary", "ref": null, "bridge": "yes", "bridge_structure": null, "longueur_m": 113.8 }, "geometry": { "type": "LineString", "coordinates": [ [ 13.945211, 9.928296 ], [ 13.944567, 9.927489 ] ] } },
{ "type": "Feature", "properties": { "tg_type": "INF.PONT", "nom": "Yaoundé-Mbalmayo", "source_id": "way/241789026", "source": "OSM_OSMFR_2026-10-03", "statut": "IMPORTE", "date_source": "2026-10-03", "classe_route": "trunk", "ref": "N2", "bridge": "yes", "bridge_structure": null, "longueur_m": 22.0 }, "geometry": { "type": "LineString", "coordinates": [ [ 11.53612, 3.726532 ], [ 11.536156, 3.726337 ] ] } },
{ "type": "Feature", "properties": { "tg_type": "INF.PONT", "nom": "Ngaoundéré-Garoua", "source_id": "way/242944246", "source": "OSM_OSMFR_2026-10-03", "statut": "IMPORTE", "date_source": "2026-10-03", "classe_route": "trunk", "ref": "N1", "bridge": "yes", "bridge_structure": null, "longueur_m": 13.5 }, "geometry": { "type": "LineString", "coordinates": [ [ 13.561373, 7.337687 ], [ 13.561444, 7.337588 ] ] } },
{ "type": "Feature", "properties": { "tg_type": "INF.PONT", "nom": "", "source_id": "way/254642596", "source": "OSM_OSMFR_2026-10-03", "statut": "IMPORTE", "date_source": "2026-10-03", "classe_route": "trunk", "ref": "N1", "bridge": "yes", "bridge_structure": null, "longueur_m": 55.8 }, "geometry": { "type": "LineString", "coordinates": [ [ 13.586824, 7.209783 ], [ 13.586645, 7.210255 ] ] } },
{ "type": "Feature", "properties": { "tg_type": "INF.PONT", "nom": "Garoua-Maroua", "source_id": "way/257087805", "source": "OSM_OSMFR_2026-10-03", "statut": "IMPORTE", "date_source": "2026-10-03", "classe_route": "trunk", "ref": "N1", "bridge": "yes", "bridge_structure": null, "longueur_m": 43.4 }, "geometry": { "type": "LineString", "coordinates": [ [ 13.721827, 9.506549 ], [ 13.721548, 9.506272 ] ] } },
{ "type": "Feature", "properties": { "tg_type": "INF.PONT", "nom": "Garoua-Maroua", "source_id": "way/257087806", "source": "OSM_OSMFR_2026-10-03", "statut": "IMPORTE", "date_source": "2026-10-03", "classe_route": "trunk", "ref": "N1", "bridge": "yes", "bridge_structure": null, "longueur_m": 64.1 }, "geometry": { "type": "LineString", "coordinates": [ [ 13.734241, 9.513645 ], [ 13.733693, 9.513443 ] ] } },
{ "type": "Feature", "properties": { "tg_type": "INF.PONT", "nom": "Garoua-Maroua", "source_id": "way/257087807", "source": "OSM_OSMFR_2026-10-03", "statut": "IMPORTE", "date_source": "2026-10-03", "classe_route": "trunk", "ref": "N1", "bridge": "yes", "bridge_structure": null, "longueur_m": 79.1 }, "geometry": { "type": "LineString", "coordinates": [ [ 13.634809, 9.45801 ], [ 13.634308, 9.457496 ] ] } },
{ "type": "Feature", "properties": { "tg_type": "INF.PONT", "nom": "Route Yaoundé-Kribi", "source_id": "way/260670583", "source": "OSM_OSMFR_2026-10-03", "statut": "IMPORTE", "date_source": "2026-10-03", "classe_route": "primary", "ref": "P8", "bridge": "yes", "bridge_structure": null, "longueur_m": 25.2 }, "geometry": { "type": "LineString", "coordinates": [ [ 11.372143, 3.702169 ], [ 11.372306, 3.702327 ] ] } },
{ "type": "Feature", "properties": { "tg_type": "INF.PONT", "nom": "", "source_id": "way/273131379", "source": "OSM_OSMFR_2026-10-03", "statut": "IMPORTE", "date_source": "2026-10-03", "classe_route": "primary", "ref": "P 28", "bridge": "yes", "bridge_structure": null, "longueur_m": 14.9 }, "geometry": { "type": "LineString", "coordinates": [ [ 15.057722, 11.419634 ], [ 15.057816, 11.419732 ] ] } },
{ "type": "Feature", "properties": { "tg_type": "INF.PONT", "nom": "", "source_id": "way/275311769", "source": "OSM_OSMFR_2026-10-03", "statut": "IMPORTE", "date_source": "2026-10-03", "classe_route": "primary", "ref": null, "bridge": "yes", "bridge_structure": null, "longueur_m": 16.1 }, "geometry": { "type": "LineString", "coordinates": [ [ 11.221076, 4.76574 ], [ 11.221155, 4.765617 ] ] } },
{ "type": "Feature", "properties": { "tg_type": "INF.PONT", "nom": "Food Market Road", "source_id": "way/284507580", "source": "OSM_OSMFR_2026-10-03", "statut": "IMPORTE", "date_source": "2026-10-03", "classe_route": "trunk", "ref": "N6", "bridge": "yes", "bridge_structure": null, "longueur_m": 11.9 }, "geometry": { "type": "LineString", "coordinates": [ [ 10.147635, 5.956158 ], [ 10.147704, 5.956242 ] ] } },
{ "type": "Feature", "properties": { "tg_type": "INF.PONT", "nom": "", "source_id": "way/288033999", "source": "OSM_OSMFR_2026-10-03", "statut": "IMPORTE", "date_source": "2026-10-03", "classe_route": "trunk", "ref": "N14", "bridge": "yes", "bridge_structure": null, "longueur_m": 7.0 }, "geometry": { "type": "LineString", "coordinates": [ [ 14.135913, 11.04734 ], [ 14.135967, 11.047308 ] ] } },
{ "type": "Feature", "properties": { "tg_type": "INF.PONT", "nom": "Sonac Street", "source_id": "way/289025349", "source": "OSM_OSMFR_2026-10-03", "statut": "IMPORTE", "date_source": "2026-10-03", "classe_route": "trunk", "ref": "N6", "bridge": "yes", "bridge_structure": null, "longueur_m": 17.9 }, "geometry": { "type": "LineString", "coordinates": [ [ 10.152755, 5.961368 ], [ 10.152913, 5.961335 ] ] } },
{ "type": "Feature", "properties": { "tg_type": "INF.PONT", "nom": "", "source_id": "way/289026108", "source": "OSM_OSMFR_2026-10-03", "statut": "IMPORTE", "date_source": "2026-10-03", "classe_route": "trunk", "ref": "N14", "bridge": "yes", "bridge_structure": null, "longueur_m": 16.3 }, "geometry": { "type": "LineString", "coordinates": [ [ 14.127035, 11.05676 ], [ 14.127115, 11.056635 ] ] } },
{ "type": "Feature", "properties": { "tg_type": "INF.PONT", "nom": "", "source_id": "way/291721648", "source": "OSM_OSMFR_2026-10-03", "statut": "IMPORTE", "date_source": "2026-10-03", "classe_route": "primary", "ref": "P12", "bridge": "yes", "bridge_structure": null, "longueur_m": 14.0 }, "geometry": { "type": "LineString", "coordinates": [ [ 12.652192, 7.362345 ], [ 12.652119, 7.362241 ] ] } },
{ "type": "Feature", "properties": { "tg_type": "INF.PONT", "nom": "", "source_id": "way/291721649", "source": "OSM_OSMFR_2026-10-03", "statut": "IMPORTE", "date_source": "2026-10-03", "classe_route": "primary", "ref": "P12", "bridge": "yes", "bridge_structure": null, "longueur_m": 13.2 }, "geometry": { "type": "LineString", "coordinates": [ [ 12.616229, 7.288769 ], [ 12.616126, 7.288709 ] ] } },
{ "type": "Feature", "properties": { "tg_type": "INF.PONT", "nom": "Batouri-Kentzou", "source_id": "way/293558979", "source": "OSM_OSMFR_2026-10-03", "statut": "IMPORTE", "date_source": "2026-10-03", "classe_route": "trunk", "ref": "N10A", "bridge": "yes", "bridge_structure": null, "longueur_m": 10.8 }, "geometry": { "type": "LineString", "coordinates": [ [ 14.806721, 4.331346 ], [ 14.806744, 4.331252 ] ] } },
{ "type": "Feature", "properties": { "tg_type": "INF.PONT", "nom": "Viaduc", "source_id": "way/298281738", "source": "OSM_OSMFR_2026-10-03", "statut": "IMPORTE", "date_source": "2026-10-03", "classe_route": "trunk", "ref": "N 4", "bridge": "yes", "bridge_structure": null, "longueur_m": 167.2 }, "geometry": { "type": "LineString", "coordinates": [ [ 10.697928, 5.054775 ], [ 10.696866, 5.055844 ] ] } },
{ "type": "Feature", "properties": { "tg_type": "INF.PONT", "nom": "Douala-Bafoussam", "source_id": "way/298349850", "source": "OSM_OSMFR_2026-10-03", "statut": "IMPORTE", "date_source": "2026-10-03", "classe_route": "trunk", "ref": "N3", "bridge": "yes", "bridge_structure": null, "longueur_m": 32.0 }, "geometry": { "type": "LineString", "coordinates": [ [ 9.586351, 4.119046 ], [ 9.586491, 4.118792 ] ] } },
{ "type": "Feature", "properties": { "tg_type": "INF.PONT", "nom": "Ngaoundéré-Garoua-Boulai", "source_id": "way/301720409", "source": "OSM_OSMFR_2026-10-03", "statut": "IMPORTE", "date_source": "2026-10-03", "classe_route": "trunk", "ref": "N1", "bridge": "yes", "bridge_structure": null, "longueur_m": 28.5 }, "geometry": { "type": "LineString", "coordinates": [ [ 14.29868, 6.423408 ], [ 14.298764, 6.423164 ] ] } },
{ "type": "Feature", "properties": { "tg_type": "INF.PONT", "nom": "Mbouda-Bamenda", "source_id": "way/305266935", "source": "OSM_OSMFR_2026-10-03", "statut": "IMPORTE", "date_source": "2026-10-03", "classe_route": "trunk", "ref": "N6", "bridge": "yes", "bridge_structure": null, "longueur_m": 14.3 }, "geometry": { "type": "LineString", "coordinates": [ [ 10.158534, 5.773532 ], [ 10.158454, 5.773431 ] ] } },
{ "type": "Feature", "properties": { "tg_type": "INF.PONT", "nom": "", "source_id": "way/307520595", "source": "OSM_OSMFR_2026-10-03", "statut": "IMPORTE", "date_source": "2026-10-03", "classe_route": "trunk", "ref": "N 6", "bridge": "yes", "bridge_structure": null, "longueur_m": 25.3 }, "geometry": { "type": "LineString", "coordinates": [ [ 10.678252, 5.576002 ], [ 10.678139, 5.575803 ] ] } },
{ "type": "Feature", "properties": { "tg_type": "INF.PONT", "nom": "Bafoussam-Foumban", "source_id": "way/308833034", "source": "OSM_OSMFR_2026-10-03", "statut": "IMPORTE", "date_source": "2026-10-03", "classe_route": "trunk", "ref": "N6", "bridge": "yes", "bridge_structure": null, "longueur_m": 15.1 }, "geometry": { "type": "LineString", "coordinates": [ [ 10.630896, 5.507966 ], [ 10.631027, 5.508002 ] ] } },
{ "type": "Feature", "properties": { "tg_type": "INF.PONT", "nom": "German Bridge", "source_id": "way/311169632", "source": "OSM_OSMFR_2026-10-03", "statut": "IMPORTE", "date_source": "2026-10-03", "classe_route": "trunk", "ref": "N3", "bridge": "yes", "bridge_structure": "truss", "longueur_m": 79.4 }, "geometry": { "type": "LineString", "coordinates": [ [ 8.986917, 4.216988 ], [ 8.987407, 4.216464 ] ] } },
{ "type": "Feature", "properties": { "tg_type": "INF.PONT", "nom": "", "source_id": "way/311823594", "source": "OSM_OSMFR_2026-10-03", "statut": "IMPORTE", "date_source": "2026-10-03", "classe_route": "primary", "ref": null, "bridge": "yes", "bridge_structure": null, "longueur_m": 49.0 }, "geometry": { "type": "LineString", "coordinates": [ [ 10.729581, 3.239376 ], [ 10.729161, 3.239513 ] ] } },
{ "type": "Feature", "properties": { "tg_type": "INF.PONT", "nom": "Douala-Bafoussam (N5)", "source_id": "way/312945533", "source": "OSM_OSMFR_2026-10-03", "statut": "IMPORTE", "date_source": "2026-10-03", "classe_route": "trunk", "ref": "N5", "bridge": "yes", "bridge_structure": null, "longueur_m": 45.3 }, "geometry": { "type": "LineString", "coordinates": [ [ 9.998711, 5.142456 ], [ 9.999072, 5.142265 ] ] } },
{ "type": "Feature", "properties": { "tg_type": "INF.PONT", "nom": "", "source_id": "way/313309916", "source": "OSM_OSMFR_2026-10-03", "statut": "IMPORTE", "date_source": "2026-10-03", "classe_route": "primary", "ref": "P15", "bridge": "yes", "bridge_structure": null, "longueur_m": 16.8 }, "geometry": { "type": "LineString", "coordinates": [ [ 10.42527, 5.692393 ], [ 10.425422, 5.692391 ] ] } },
{ "type": "Feature", "properties": { "tg_type": "INF.PONT", "nom": "Dja", "source_id": "way/313403279", "source": "OSM_OSMFR_2026-10-03", "statut": "IMPORTE", "date_source": "2026-10-03", "classe_route": "trunk", "ref": "N1", "bridge": "yes", "bridge_structure": "suspension", "longueur_m": 24.7 }, "geometry": { "type": "LineString", "coordinates": [ [ 13.693882, 4.578088 ], [ 13.694105, 4.578091 ] ] } },
{ "type": "Feature", "properties": { "tg_type": "INF.PONT", "nom": "", "source_id": "way/313682102", "source": "OSM_OSMFR_2026-10-03", "statut": "IMPORTE", "date_source": "2026-10-03", "classe_route": "trunk", "ref": "N7", "bridge": "yes", "bridge_structure": null, "longueur_m": 4.0 }, "geometry": { "type": "LineString", "coordinates": [ [ 9.909007, 2.951058 ], [ 9.909, 2.951022 ] ] } },
{ "type": "Feature", "properties": { "tg_type": "INF.PONT", "nom": "", "source_id": "way/313682106", "source": "OSM_OSMFR_2026-10-03", "statut": "IMPORTE", "date_source": "2026-10-03", "classe_route": "trunk", "ref": "N7", "bridge": "yes", "bridge_structure": null, "longueur_m": 24.8 }, "geometry": { "type": "LineString", "coordinates": [ [ 9.912919, 2.967619 ], [ 9.913033, 2.967812 ] ] } },
{ "type": "Feature", "properties": { "tg_type": "INF.PONT", "nom": "", "source_id": "way/313682163", "source": "OSM_OSMFR_2026-10-03", "statut": "IMPORTE", "date_source": "2026-10-03", "classe_route": "primary", "ref": null, "bridge": "yes", "bridge_structure": null, "longueur_m": 4.4 }, "geometry": { "type": "LineString", "coordinates": [ [ 9.921368, 2.946317 ], [ 9.921337, 2.946293 ] ] } },
{ "type": "Feature", "properties": { "tg_type": "INF.PONT", "nom": "Route Bamenda - Mamfé", "source_id": "way/313798042", "source": "OSM_OSMFR_2026-10-03", "statut": "IMPORTE", "date_source": "2026-10-03", "classe_route": "trunk", "ref": "N6", "bridge": "yes", "bridge_structure": null, "longueur_m": 96.1 }, "geometry": { "type": "LineString", "coordinates": [ [ 9.324589, 5.739469 ], [ 9.324605, 5.7386 ] ] } },
{ "type": "Feature", "properties": { "tg_type": "INF.PONT", "nom": "Kumba-Mamfe", "source_id": "way/313809038", "source": "OSM_OSMFR_2026-10-03", "statut": "IMPORTE", "date_source": "2026-10-03", "classe_route": "trunk", "ref": "N8", "bridge": "yes", "bridge_structure": null, "longueur_m": 68.2 }, "geometry": { "type": "LineString", "coordinates": [ [ 9.428344, 4.998681 ], [ 9.428543, 4.998097 ] ] } },
{ "type": "Feature", "properties": { "tg_type": "INF.PONT", "nom": "Route Kumba - Mamfé", "source_id": "way/313810039", "source": "OSM_OSMFR_2026-10-03", "statut": "IMPORTE", "date_source": "2026-10-03", "classe_route": "trunk", "ref": "N16", "bridge": "yes", "bridge_structure": null, "longueur_m": 108.7 }, "geometry": { "type": "LineString", "coordinates": [ [ 9.56873, 4.734959 ], [ 9.56789, 4.735464 ] ] } },
{ "type": "Feature", "properties": { "tg_type": "INF.PONT", "nom": "", "source_id": "way/314449327", "source": "OSM_OSMFR_2026-10-03", "statut": "IMPORTE", "date_source": "2026-10-03", "classe_route": "primary", "ref": "P25", "bridge": "yes", "bridge_structure": null, "longueur_m": 46.3 }, "geometry": { "type": "LineString", "coordinates": [ [ 11.121755, 5.605148 ], [ 11.121698, 5.605563 ] ] } },
{ "type": "Feature", "properties": { "tg_type": "INF.PONT", "nom": "", "source_id": "way/314564380", "source": "OSM_OSMFR_2026-10-03", "statut": "IMPORTE", "date_source": "2026-10-03", "classe_route": "primary", "ref": "R0103", "bridge": "yes", "bridge_structure": null, "longueur_m": 117.9 }, "geometry": { "type": "LineString", "coordinates": [ [ 11.016994, 4.164802 ], [ 11.01621, 4.164083 ] ] } },
{ "type": "Feature", "properties": { "tg_type": "INF.PONT", "nom": "", "source_id": "way/314564386", "source": "OSM_OSMFR_2026-10-03", "statut": "IMPORTE", "date_source": "2026-10-03", "classe_route": "primary", "ref": "P 11", "bridge": "yes", "bridge_structure": null, "longueur_m": 26.9 }, "geometry": { "type": "LineString", "coordinates": [ [ 11.234553, 4.103832 ], [ 11.234645, 4.103607 ] ] } },
{ "type": "Feature", "properties": { "tg_type": "INF.PONT", "nom": "", "source_id": "way/314659431", "source": "OSM_OSMFR_2026-10-03", "statut": "IMPORTE", "date_source": "2026-10-03", "classe_route": "trunk", "ref": "N10", "bridge": "yes", "bridge_structure": null, "longueur_m": 95.4 }, "geometry": { "type": "LineString", "coordinates": [ [ 15.120239, 3.013999 ], [ 15.120692, 3.013266 ] ] } },
{ "type": "Feature", "properties": { "tg_type": "INF.PONT", "nom": "", "source_id": "way/314698925", "source": "OSM_OSMFR_2026-10-03", "statut": "IMPORTE", "date_source": "2026-10-03", "classe_route": "trunk", "ref": "N10", "bridge": "yes", "bridge_structure": null, "longueur_m": 27.6 }, "geometry": { "type": "LineString", "coordinates": [ [ 15.230292, 2.833407 ], [ 15.230307, 2.833158 ] ] } },
{ "type": "Feature", "properties": { "tg_type": "INF.PONT", "nom": "", "source_id": "way/315006853", "source": "OSM_OSMFR_2026-10-03", "statut": "IMPORTE", "date_source": "2026-10-03", "classe_route": "trunk", "ref": "N 6", "bridge": "yes", "bridge_structure": null, "longueur_m": 148.5 }, "geometry": { "type": "LineString", "coordinates": [ [ 11.116481, 5.881118 ], [ 11.117691, 5.881697 ] ] } },
{ "type": "Feature", "properties": { "tg_type": "INF.PONT", "nom": "", "source_id": "way/315186843", "source": "OSM_OSMFR_2026-10-03", "statut": "IMPORTE", "date_source": "2026-10-03", "classe_route": "trunk", "ref": "N19", "bridge": "yes", "bridge_structure": null, "longueur_m": 29.6 }, "geometry": { "type": "LineString", "coordinates": [ [ 14.024904, 2.622821 ], [ 14.025028, 2.622585 ] ] } },
{ "type": "Feature", "properties": { "tg_type": "INF.PONT", "nom": "", "source_id": "way/315494660", "source": "OSM_OSMFR_2026-10-03", "statut": "IMPORTE", "date_source": "2026-10-03", "classe_route": "trunk", "ref": "N10", "bridge": "yes", "bridge_structure": null, "longueur_m": 29.2 }, "geometry": { "type": "LineString", "coordinates": [ [ 13.621075, 4.451544 ], [ 13.621203, 4.451774 ] ] } },
{ "type": "Feature", "properties": { "tg_type": "INF.PONT", "nom": "", "source_id": "way/315533329", "source": "OSM_OSMFR_2026-10-03", "statut": "IMPORTE", "date_source": "2026-10-03", "classe_route": "trunk", "ref": "N10", "bridge": "yes", "bridge_structure": null, "longueur_m": 20.7 }, "geometry": { "type": "LineString", "coordinates": [ [ 13.505221, 4.267857 ], [ 13.505304, 4.268025 ] ] } },
{ "type": "Feature", "properties": { "tg_type": "INF.PONT", "nom": "", "source_id": "way/316461983", "source": "OSM_OSMFR_2026-10-03", "statut": "IMPORTE", "date_source": "2026-10-03", "classe_route": "trunk", "ref": "N10", "bridge": "yes", "bridge_structure": null, "longueur_m": 31.2 }, "geometry": { "type": "LineString", "coordinates": [ [ 15.311131, 2.684889 ], [ 15.311412, 2.684874 ] ] } },
{ "type": "Feature", "properties": { "tg_type": "INF.PONT", "nom": "Nationale 4", "source_id": "way/317340008", "source": "OSM_OSMFR_2026-10-03", "statut": "IMPORTE", "date_source": "2026-10-03", "classe_route": "trunk", "ref": "N4", "bridge": "yes", "bridge_structure": null, "longueur_m": 173.3 }, "geometry": { "type": "LineString", "coordinates": [ [ 10.521901, 5.155402 ], [ 10.520446, 5.154835 ] ] } },
{ "type": "Feature", "properties": { "tg_type": "INF.PONT", "nom": "", "source_id": "way/317690166", "source": "OSM_OSMFR_2026-10-03", "statut": "IMPORTE", "date_source": "2026-10-03", "classe_route": "primary", "ref": "P26", "bridge": "yes", "bridge_structure": null, "longueur_m": 25.3 }, "geometry": { "type": "LineString", "coordinates": [ [ 11.173511, 6.449249 ], [ 11.173316, 6.449131 ] ] } },
{ "type": "Feature", "properties": { "tg_type": "INF.PONT", "nom": "Provinciale 17", "source_id": "way/317913573", "source": "OSM_OSMFR_2026-10-03", "statut": "IMPORTE", "date_source": "2026-10-03", "classe_route": "primary", "ref": "P17", "bridge": "yes", "bridge_structure": null, "longueur_m": 15.4 }, "geometry": { "type": "LineString", "coordinates": [ [ 10.278557, 5.477962 ], [ 10.278454, 5.478055 ] ] } },
{ "type": "Feature", "properties": { "tg_type": "INF.PONT", "nom": "", "source_id": "way/317918637", "source": "OSM_OSMFR_2026-10-03", "statut": "IMPORTE", "date_source": "2026-10-03", "classe_route": "primary", "ref": "P24", "bridge": "yes", "bridge_structure": null, "longueur_m": 19.3 }, "geometry": { "type": "LineString", "coordinates": [ [ 10.072181, 6.607318 ], [ 10.07201, 6.607353 ] ] } },
{ "type": "Feature", "properties": { "tg_type": "INF.PONT", "nom": "Bamenda-Mamfe", "source_id": "way/317924215", "source": "OSM_OSMFR_2026-10-03", "statut": "IMPORTE", "date_source": "2026-10-03", "classe_route": "trunk", "ref": "N6", "bridge": "yes", "bridge_structure": null, "longueur_m": 31.8 }, "geometry": { "type": "LineString", "coordinates": [ [ 10.018441, 5.888494 ], [ 10.018688, 5.888641 ] ] } },
{ "type": "Feature", "properties": { "tg_type": "INF.PONT", "nom": "Ngaoundéré-Garoua-Boulai", "source_id": "way/320584451", "source": "OSM_OSMFR_2026-10-03", "statut": "IMPORTE", "date_source": "2026-10-03", "classe_route": "trunk", "ref": "N1", "bridge": "yes", "bridge_structure": null, "longueur_m": 15.3 }, "geometry": { "type": "LineString", "coordinates": [ [ 14.267277, 6.484052 ], [ 14.267147, 6.484004 ] ] } },
{ "type": "Feature", "properties": { "tg_type": "INF.PONT", "nom": "Ngaoundéré-Garoua-Boulai", "source_id": "way/320584458", "source": "OSM_OSMFR_2026-10-03", "statut": "IMPORTE", "date_source": "2026-10-03", "classe_route": "trunk", "ref": "N1", "bridge": "yes", "bridge_structure": null, "longueur_m": 42.0 }, "geometry": { "type": "LineString", "coordinates": [ [ 14.260994, 6.476817 ], [ 14.26096, 6.476439 ] ] } },
{ "type": "Feature", "properties": { "tg_type": "INF.PONT", "nom": "Ngaoundéré-Garoua-Boulai", "source_id": "way/320584464", "source": "OSM_OSMFR_2026-10-03", "statut": "IMPORTE", "date_source": "2026-10-03", "classe_route": "trunk", "ref": "N1", "bridge": "yes", "bridge_structure": null, "longueur_m": 15.2 }, "geometry": { "type": "LineString", "coordinates": [ [ 14.267451, 6.484126 ], [ 14.267325, 6.484071 ] ] } },
{ "type": "Feature", "properties": { "tg_type": "INF.PONT", "nom": "Bertoua-Garoua-Boulai", "source_id": "way/320632434", "source": "OSM_OSMFR_2026-10-03", "statut": "IMPORTE", "date_source": "2026-10-03", "classe_route": "trunk", "ref": "N1", "bridge": "yes", "bridge_structure": null, "longueur_m": 12.7 }, "geometry": { "type": "LineString", "coordinates": [ [ 14.248178, 5.516127 ], [ 14.248277, 5.516068 ] ] } },
{ "type": "Feature", "properties": { "tg_type": "INF.PONT", "nom": "Bertoua-Garoua-Boulai", "source_id": "way/320632435", "source": "OSM_OSMFR_2026-10-03", "statut": "IMPORTE", "date_source": "2026-10-03", "classe_route": "trunk", "ref": "N1", "bridge": "yes", "bridge_structure": null, "longueur_m": 21.5 }, "geometry": { "type": "LineString", "coordinates": [ [ 14.239569, 5.519694 ], [ 14.239757, 5.519647 ] ] } },
{ "type": "Feature", "properties": { "tg_type": "INF.PONT", "nom": "", "source_id": "way/320689929", "source": "OSM_OSMFR_2026-10-03", "statut": "IMPORTE", "date_source": "2026-10-03", "classe_route": "primary", "ref": "P15", "bridge": "yes", "bridge_structure": null, "longueur_m": 109.7 }, "geometry": { "type": "LineString", "coordinates": [ [ 10.146198, 4.699713 ], [ 10.146871, 4.70044 ] ] } },
{ "type": "Feature", "properties": { "tg_type": "INF.PONT", "nom": "Douala-Bafoussam (N5)", "source_id": "way/322449883", "source": "OSM_OSMFR_2026-10-03", "statut": "IMPORTE", "date_source": "2026-10-03", "classe_route": "trunk", "ref": "N5", "bridge": "yes", "bridge_structure": null, "longueur_m": 18.3 }, "geometry": { "type": "LineString", "coordinates": [ [ 9.819903, 4.849249 ], [ 9.81976, 4.849333 ] ] } },
{ "type": "Feature", "properties": { "tg_type": "INF.PONT", "nom": "Douala-Bafoussam (N5)", "source_id": "way/322461162", "source": "OSM_OSMFR_2026-10-03", "statut": "IMPORTE", "date_source": "2026-10-03", "classe_route": "trunk", "ref": "N5", "bridge": "yes", "bridge_structure": null, "longueur_m": 24.5 }, "geometry": { "type": "LineString", "coordinates": [ [ 9.890355, 4.876673 ], [ 9.89016, 4.876568 ] ] } },
{ "type": "Feature", "properties": { "tg_type": "INF.PONT", "nom": "Douala-Bafoussam (N5)", "source_id": "way/322461163", "source": "OSM_OSMFR_2026-10-03", "statut": "IMPORTE", "date_source": "2026-10-03", "classe_route": "trunk", "ref": "N5", "bridge": "yes", "bridge_structure": null, "longueur_m": 25.4 }, "geometry": { "type": "LineString", "coordinates": [ [ 9.897407, 4.888012 ], [ 9.897274, 4.887825 ] ] } },
{ "type": "Feature", "properties": { "tg_type": "INF.PONT", "nom": "Wum Road", "source_id": "way/322887324", "source": "OSM_OSMFR_2026-10-03", "statut": "IMPORTE", "date_source": "2026-10-03", "classe_route": "trunk", "ref": "N11", "bridge": "yes", "bridge_structure": null, "longueur_m": 24.1 }, "geometry": { "type": "LineString", "coordinates": [ [ 10.127468, 5.985864 ], [ 10.127554, 5.985664 ] ] } },
{ "type": "Feature", "properties": { "tg_type": "INF.PONT", "nom": "", "source_id": "way/323030775", "source": "OSM_OSMFR_2026-10-03", "statut": "IMPORTE", "date_source": "2026-10-03", "classe_route": "trunk", "ref": "N11", "bridge": "yes", "bridge_structure": null, "longueur_m": 18.0 }, "geometry": { "type": "LineString", "coordinates": [ [ 10.557771, 6.026156 ], [ 10.55793, 6.026191 ] ] } },
{ "type": "Feature", "properties": { "tg_type": "INF.PONT", "nom": "Provinciale 17", "source_id": "way/325102825", "source": "OSM_OSMFR_2026-10-03", "statut": "IMPORTE", "date_source": "2026-10-03", "classe_route": "primary", "ref": "P17", "bridge": "yes", "bridge_structure": null, "longueur_m": 67.5 }, "geometry": { "type": "LineString", "coordinates": [ [ 9.982458, 5.305351 ], [ 9.981853, 5.305418 ] ] } },
{ "type": "Feature", "properties": { "tg_type": "INF.PONT", "nom": "", "source_id": "way/326447445", "source": "OSM_OSMFR_2026-10-03", "statut": "IMPORTE", "date_source": "2026-10-03", "classe_route": "primary", "ref": "P15", "bridge": "yes", "bridge_structure": null, "longueur_m": 13.7 }, "geometry": { "type": "LineString", "coordinates": [ [ 10.181313, 5.077546 ], [ 10.181267, 5.07766 ] ] } },
{ "type": "Feature", "properties": { "tg_type": "INF.PONT", "nom": "Douala-Bafoussam (N5)", "source_id": "way/326821769", "source": "OSM_OSMFR_2026-10-03", "statut": "IMPORTE", "date_source": "2026-10-03", "classe_route": "trunk", "ref": "N5", "bridge": "yes", "bridge_structure": null, "longueur_m": 5.4 }, "geometry": { "type": "LineString", "coordinates": [ [ 10.010321, 5.146452 ], [ 10.010331, 5.1465 ] ] } },
{ "type": "Feature", "properties": { "tg_type": "INF.PONT", "nom": "Douala-Bafoussam (N5)", "source_id": "way/327170841", "source": "OSM_OSMFR_2026-10-03", "statut": "IMPORTE", "date_source": "2026-10-03", "classe_route": "trunk", "ref": "N5", "bridge": "yes", "bridge_structure": null, "longueur_m": 18.4 }, "geometry": { "type": "LineString", "coordinates": [ [ 10.068936, 5.166894 ], [ 10.069088, 5.166959 ] ] } },
{ "type": "Feature", "properties": { "tg_type": "INF.PONT", "nom": "", "source_id": "way/327270832", "source": "OSM_OSMFR_2026-10-03", "statut": "IMPORTE", "date_source": "2026-10-03", "classe_route": "primary", "ref": "P15", "bridge": "yes", "bridge_structure": null, "longueur_m": 19.2 }, "geometry": { "type": "LineString", "coordinates": [ [ 10.179659, 5.154011 ], [ 10.179598, 5.154174 ] ] } },
{ "type": "Feature", "properties": { "tg_type": "INF.PONT", "nom": "Douala-Bafoussam (N5)", "source_id": "way/327273427", "source": "OSM_OSMFR_2026-10-03", "statut": "IMPORTE", "date_source": "2026-10-03", "classe_route": "trunk", "ref": "N5", "bridge": "yes", "bridge_structure": null, "longueur_m": 25.4 }, "geometry": { "type": "LineString", "coordinates": [ [ 10.14469, 5.146829 ], [ 10.144699, 5.147059 ] ] } },
{ "type": "Feature", "properties": { "tg_type": "INF.PONT", "nom": "Douala-Bafoussam (N5)", "source_id": "way/327273429", "source": "OSM_OSMFR_2026-10-03", "statut": "IMPORTE", "date_source": "2026-10-03", "classe_route": "trunk", "ref": "N5", "bridge": "yes", "bridge_structure": null, "longueur_m": 18.1 }, "geometry": { "type": "LineString", "coordinates": [ [ 10.153874, 5.15133 ], [ 10.154037, 5.151339 ] ] } },
{ "type": "Feature", "properties": { "tg_type": "INF.PONT", "nom": "Provinciale 15", "source_id": "way/327335240", "source": "OSM_OSMFR_2026-10-03", "statut": "IMPORTE", "date_source": "2026-10-03", "classe_route": "primary", "ref": "P15", "bridge": "yes", "bridge_structure": null, "longueur_m": 13.8 }, "geometry": { "type": "LineString", "coordinates": [ [ 10.199701, 5.163828 ], [ 10.199826, 5.163833 ] ] } },
{ "type": "Feature", "properties": { "tg_type": "INF.PONT", "nom": "Provinciale 15", "source_id": "way/327885888", "source": "OSM_OSMFR_2026-10-03", "statut": "IMPORTE", "date_source": "2026-10-03", "classe_route": "primary", "ref": "P15", "bridge": "yes", "bridge_structure": null, "longueur_m": 336.1 }, "geometry": { "type": "LineString", "coordinates": [ [ 10.322183, 5.165377 ], [ 10.323391, 5.165155 ], [ 10.323863, 5.165148 ], [ 10.324432, 5.165262 ], [ 10.325117, 5.165562 ] ] } },
{ "type": "Feature", "properties": { "tg_type": "INF.PONT", "nom": "Ganye - Jimeta Federal Road", "source_id": "way/328239880", "source": "OSM_OSMFR_2026-10-03", "statut": "IMPORTE", "date_source": "2026-10-03", "classe_route": "primary", "ref": "F252", "bridge": "yes", "bridge_structure": null, "longueur_m": 21.8 }, "geometry": { "type": "LineString", "coordinates": [ [ 12.434015, 8.623119 ], [ 12.434154, 8.62326 ] ] } },
{ "type": "Feature", "properties": { "tg_type": "INF.PONT", "nom": "Nationale 4", "source_id": "way/329695879", "source": "OSM_OSMFR_2026-10-03", "statut": "IMPORTE", "date_source": "2026-10-03", "classe_route": "trunk", "ref": "N4", "bridge": "yes", "bridge_structure": null, "longueur_m": 13.6 }, "geometry": { "type": "LineString", "coordinates": [ [ 11.137605, 4.838065 ], [ 11.137688, 4.837974 ] ] } },
{ "type": "Feature", "properties": { "tg_type": "INF.PONT", "nom": "", "source_id": "way/329698196", "source": "OSM_OSMFR_2026-10-03", "statut": "IMPORTE", "date_source": "2026-10-03", "classe_route": "trunk", "ref": "N4", "bridge": "yes", "bridge_structure": null, "longueur_m": 35.7 }, "geometry": { "type": "LineString", "coordinates": [ [ 10.923713, 4.780353 ], [ 10.923986, 4.780525 ] ] } },
{ "type": "Feature", "properties": { "tg_type": "INF.PONT", "nom": "", "source_id": "way/329698197", "source": "OSM_OSMFR_2026-10-03", "statut": "IMPORTE", "date_source": "2026-10-03", "classe_route": "trunk", "ref": "N4", "bridge": "yes", "bridge_structure": null, "longueur_m": 101.2 }, "geometry": { "type": "LineString", "coordinates": [ [ 10.720376, 4.955962 ], [ 10.71957, 4.95639 ] ] } },
{ "type": "Feature", "properties": { "tg_type": "INF.PONT", "nom": "", "source_id": "way/329698198", "source": "OSM_OSMFR_2026-10-03", "statut": "IMPORTE", "date_source": "2026-10-03", "classe_route": "trunk", "ref": "N4", "bridge": "yes", "bridge_structure": null, "longueur_m": 22.4 }, "geometry": { "type": "LineString", "coordinates": [ [ 10.940061, 4.786178 ], [ 10.940263, 4.786193 ] ] } },
{ "type": "Feature", "properties": { "tg_type": "INF.PONT", "nom": "", "source_id": "way/329870668", "source": "OSM_OSMFR_2026-10-03", "statut": "IMPORTE", "date_source": "2026-10-03", "classe_route": "trunk", "ref": "N15", "bridge": "yes", "bridge_structure": null, "longueur_m": 23.8 }, "geometry": { "type": "LineString", "coordinates": [ [ 12.621647, 6.459119 ], [ 12.621748, 6.459309 ] ] } },
{ "type": "Feature", "properties": { "tg_type": "INF.PONT", "nom": "Ngaoundéré-Garoua", "source_id": "way/330068732", "source": "OSM_OSMFR_2026-10-03", "statut": "IMPORTE", "date_source": "2026-10-03", "classe_route": "trunk", "ref": "N1", "bridge": "yes", "bridge_structure": null, "longueur_m": 54.3 }, "geometry": { "type": "LineString", "coordinates": [ [ 13.525496, 7.757364 ], [ 13.525636, 7.757835 ] ] } },
{ "type": "Feature", "properties": { "tg_type": "INF.PONT", "nom": "", "source_id": "way/330493408", "source": "OSM_OSMFR_2026-10-03", "statut": "IMPORTE", "date_source": "2026-10-03", "classe_route": "primary", "ref": "P 34", "bridge": "yes", "bridge_structure": null, "longueur_m": 13.8 }, "geometry": { "type": "LineString", "coordinates": [ [ 13.230764, 8.478551 ], [ 13.230879, 8.478603 ] ] } },
{ "type": "Feature", "properties": { "tg_type": "INF.PONT", "nom": "", "source_id": "way/330493409", "source": "OSM_OSMFR_2026-10-03", "statut": "IMPORTE", "date_source": "2026-10-03", "classe_route": "primary", "ref": "P 34", "bridge": "yes", "bridge_structure": null, "longueur_m": 38.8 }, "geometry": { "type": "LineString", "coordinates": [ [ 13.235828, 8.478416 ], [ 13.236139, 8.47825 ] ] } },
{ "type": "Feature", "properties": { "tg_type": "INF.PONT", "nom": "", "source_id": "way/330493413", "source": "OSM_OSMFR_2026-10-03", "statut": "IMPORTE", "date_source": "2026-10-03", "classe_route": "primary", "ref": "P34", "bridge": "yes", "bridge_structure": null, "longueur_m": 20.8 }, "geometry": { "type": "LineString", "coordinates": [ [ 12.763391, 8.582214 ], [ 12.763553, 8.582311 ] ] } },
{ "type": "Feature", "properties": { "tg_type": "INF.PONT", "nom": "", "source_id": "way/330493416", "source": "OSM_OSMFR_2026-10-03", "statut": "IMPORTE", "date_source": "2026-10-03", "classe_route": "primary", "ref": "P34", "bridge": "yes", "bridge_structure": null, "longueur_m": 55.7 }, "geometry": { "type": "LineString", "coordinates": [ [ 12.474146, 8.487339 ], [ 12.474652, 8.48732 ] ] } },
{ "type": "Feature", "properties": { "tg_type": "INF.PONT", "nom": "", "source_id": "way/330493417", "source": "OSM_OSMFR_2026-10-03", "statut": "IMPORTE", "date_source": "2026-10-03", "classe_route": "primary", "ref": "P34", "bridge": "yes", "bridge_structure": null, "longueur_m": 30.5 }, "geometry": { "type": "LineString", "coordinates": [ [ 12.413843, 8.465321 ], [ 12.414107, 8.465405 ] ] } },
{ "type": "Feature", "properties": { "tg_type": "INF.PONT", "nom": "", "source_id": "way/330493418", "source": "OSM_OSMFR_2026-10-03", "statut": "IMPORTE", "date_source": "2026-10-03", "classe_route": "primary", "ref": "P34", "bridge": "yes", "bridge_structure": null, "longueur_m": 15.0 }, "geometry": { "type": "LineString", "coordinates": [ [ 12.328551, 8.342409 ], [ 12.328567, 8.342543 ] ] } },
{ "type": "Feature", "properties": { "tg_type": "INF.PONT", "nom": "", "source_id": "way/330493419", "source": "OSM_OSMFR_2026-10-03", "statut": "IMPORTE", "date_source": "2026-10-03", "classe_route": "primary", "ref": "P34", "bridge": "yes", "bridge_structure": null, "longueur_m": 14.4 }, "geometry": { "type": "LineString", "coordinates": [ [ 12.397888, 8.449725 ], [ 12.398015, 8.449754 ] ] } },
{ "type": "Feature", "properties": { "tg_type": "INF.PONT", "nom": "", "source_id": "way/332252051", "source": "OSM_OSMFR_2026-10-03", "statut": "IMPORTE", "date_source": "2026-10-03", "classe_route": "primary", "ref": null, "bridge": "yes", "bridge_structure": null, "longueur_m": 17.9 }, "geometry": { "type": "LineString", "coordinates": [ [ 13.572502, 7.356284 ], [ 13.572585, 7.356145 ] ] } },
{ "type": "Feature", "properties": { "tg_type": "INF.PONT", "nom": "Pont de Mardock", "source_id": "way/332252052", "source": "OSM_OSMFR_2026-10-03", "statut": "IMPORTE", "date_source": "2026-10-03", "classe_route": "trunk", "ref": "N1", "bridge": "yes", "bridge_structure": null, "longueur_m": 18.4 }, "geometry": { "type": "LineString", "coordinates": [ [ 13.562345, 7.336328 ], [ 13.56244, 7.336193 ] ] } },
{ "type": "Feature", "properties": { "tg_type": "INF.PONT", "nom": "Ngaoundéré-Garoua", "source_id": "way/332277705", "source": "OSM_OSMFR_2026-10-03", "statut": "IMPORTE", "date_source": "2026-10-03", "classe_route": "trunk", "ref": "N1", "bridge": "yes", "bridge_structure": null, "longueur_m": 14.0 }, "geometry": { "type": "LineString", "coordinates": [ [ 13.543532, 7.779006 ], [ 13.54362, 7.779097 ] ] } },
{ "type": "Feature", "properties": { "tg_type": "INF.PONT", "nom": "Ngaoundéré-Garoua", "source_id": "way/332290656", "source": "OSM_OSMFR_2026-10-03", "statut": "IMPORTE", "date_source": "2026-10-03", "classe_route": "trunk", "ref": "N1", "bridge": "yes", "bridge_structure": null, "longueur_m": 80.0 }, "geometry": { "type": "LineString", "coordinates": [ [ 13.654161, 8.506003 ], [ 13.654804, 8.505668 ] ] } },
{ "type": "Feature", "properties": { "tg_type": "INF.PONT", "nom": "Ngaoundéré-Garoua", "source_id": "way/332290657", "source": "OSM_OSMFR_2026-10-03", "statut": "IMPORTE", "date_source": "2026-10-03", "classe_route": "trunk", "ref": "N1", "bridge": "yes", "bridge_structure": null, "longueur_m": 52.5 }, "geometry": { "type": "LineString", "coordinates": [ [ 13.720795, 8.403222 ], [ 13.720459, 8.402886 ] ] } },
{ "type": "Feature", "properties": { "tg_type": "INF.PONT", "nom": "Ngaoundéré-Garoua", "source_id": "way/332290658", "source": "OSM_OSMFR_2026-10-03", "statut": "IMPORTE", "date_source": "2026-10-03", "classe_route": "trunk", "ref": "N1", "bridge": "yes", "bridge_structure": null, "longueur_m": 44.5 }, "geometry": { "type": "LineString", "coordinates": [ [ 13.630985, 8.14579 ], [ 13.63082, 8.145422 ] ] } },
{ "type": "Feature", "properties": { "tg_type": "INF.PONT", "nom": "Ngaoundéré-Garoua", "source_id": "way/332290660", "source": "OSM_OSMFR_2026-10-03", "statut": "IMPORTE", "date_source": "2026-10-03", "classe_route": "trunk", "ref": "N1", "bridge": "yes", "bridge_structure": null, "longueur_m": 121.6 }, "geometry": { "type": "LineString", "coordinates": [ [ 13.54623, 8.716498 ], [ 13.545414, 8.71724 ] ] } },
{ "type": "Feature", "properties": { "tg_type": "INF.PONT", "nom": "", "source_id": "way/335295830", "source": "OSM_OSMFR_2026-10-03", "statut": "IMPORTE", "date_source": "2026-10-03", "classe_route": "trunk", "ref": "N8", "bridge": "yes", "bridge_structure": null, "longueur_m": 28.9 }, "geometry": { "type": "LineString", "coordinates": [ [ 9.410174, 4.286931 ], [ 9.409918, 4.286884 ] ] } },
{ "type": "Feature", "properties": { "tg_type": "INF.PONT", "nom": "", "source_id": "way/335984323", "source": "OSM_OSMFR_2026-10-03", "statut": "IMPORTE", "date_source": "2026-10-03", "classe_route": "primary", "ref": "P28", "bridge": "yes", "bridge_structure": null, "longueur_m": 24.7 }, "geometry": { "type": "LineString", "coordinates": [ [ 15.145967, 10.598513 ], [ 15.146117, 10.59868 ] ] } },
{ "type": "Feature", "properties": { "tg_type": "INF.PONT", "nom": "", "source_id": "way/336892799", "source": "OSM_OSMFR_2026-10-03", "statut": "IMPORTE", "date_source": "2026-10-03", "classe_route": "primary", "ref": null, "bridge": "yes", "bridge_structure": null, "longueur_m": 57.0 }, "geometry": { "type": "LineString", "coordinates": [ [ 9.104572, 4.515902 ], [ 9.105064, 4.515754 ] ] } },
{ "type": "Feature", "properties": { "tg_type": "INF.PONT", "nom": "Route Kumba - Mamfé", "source_id": "way/336910682", "source": "OSM_OSMFR_2026-10-03", "statut": "IMPORTE", "date_source": "2026-10-03", "classe_route": "trunk", "ref": "N8", "bridge": "yes", "bridge_structure": null, "longueur_m": 24.5 }, "geometry": { "type": "LineString", "coordinates": [ [ 9.48731, 4.724838 ], [ 9.487127, 4.724712 ] ] } },
{ "type": "Feature", "properties": { "tg_type": "INF.PONT", "nom": "Kumba-Mamfe", "source_id": "way/336910683", "source": "OSM_OSMFR_2026-10-03", "statut": "IMPORTE", "date_source": "2026-10-03", "classe_route": "trunk", "ref": "N8", "bridge": "yes", "bridge_structure": null, "longueur_m": 94.1 }, "geometry": { "type": "LineString", "coordinates": [ [ 9.489108, 4.761972 ], [ 9.488908, 4.761145 ] ] } },
{ "type": "Feature", "properties": { "tg_type": "INF.PONT", "nom": "Buea Road", "source_id": "way/336910689", "source": "OSM_OSMFR_2026-10-03", "statut": "IMPORTE", "date_source": "2026-10-03", "classe_route": "trunk", "ref": "N8", "bridge": "yes", "bridge_structure": null, "longueur_m": 23.4 }, "geometry": { "type": "LineString", "coordinates": [ [ 9.44946, 4.621533 ], [ 9.44962, 4.621395 ] ] } },
{ "type": "Feature", "properties": { "tg_type": "INF.PONT", "nom": "", "source_id": "way/336910737", "source": "OSM_OSMFR_2026-10-03", "statut": "IMPORTE", "date_source": "2026-10-03", "classe_route": "trunk", "ref": "N8;N16", "bridge": "yes", "bridge_structure": null, "longueur_m": 24.6 }, "geometry": { "type": "LineString", "coordinates": [ [ 9.44133, 4.638381 ], [ 9.441462, 4.63856 ] ] } },
{ "type": "Feature", "properties": { "tg_type": "INF.PONT", "nom": "Kumba-Mundemba", "source_id": "way/337775376", "source": "OSM_OSMFR_2026-10-03", "statut": "IMPORTE", "date_source": "2026-10-03", "classe_route": "trunk", "ref": "N16", "bridge": "yes", "bridge_structure": null, "longueur_m": 51.2 }, "geometry": { "type": "LineString", "coordinates": [ [ 9.227566, 4.546211 ], [ 9.228011, 4.546091 ] ] } },
{ "type": "Feature", "properties": { "tg_type": "INF.PONT", "nom": "Douala-Bafoussam", "source_id": "way/338366346", "source": "OSM_OSMFR_2026-10-03", "statut": "IMPORTE", "date_source": "2026-10-03", "classe_route": "trunk", "ref": "N5", "bridge": "yes", "bridge_structure": null, "longueur_m": 12.5 }, "geometry": { "type": "LineString", "coordinates": [ [ 9.614079, 4.226107 ], [ 9.614031, 4.226209 ] ] } },
{ "type": "Feature", "properties": { "tg_type": "INF.PONT", "nom": "Douala-Bafoussam", "source_id": "way/338366349", "source": "OSM_OSMFR_2026-10-03", "statut": "IMPORTE", "date_source": "2026-10-03", "classe_route": "trunk", "ref": "N5", "bridge": "yes", "bridge_structure": null, "longueur_m": 13.5 }, "geometry": { "type": "LineString", "coordinates": [ [ 9.596413, 4.166948 ], [ 9.596513, 4.167016 ] ] } },
{ "type": "Feature", "properties": { "tg_type": "INF.PONT", "nom": "", "source_id": "way/338369908", "source": "OSM_OSMFR_2026-10-03", "statut": "IMPORTE", "date_source": "2026-10-03", "classe_route": "primary", "ref": null, "bridge": "yes", "bridge_structure": null, "longueur_m": 43.2 }, "geometry": { "type": "LineString", "coordinates": [ [ 9.299873, 5.196916 ], [ 9.299619, 5.196619 ] ] } },
{ "type": "Feature", "properties": { "tg_type": "INF.PONT", "nom": "", "source_id": "way/339170968", "source": "OSM_OSMFR_2026-10-03", "statut": "IMPORTE", "date_source": "2026-10-03", "classe_route": "trunk", "ref": "N3", "bridge": "yes", "bridge_structure": null, "longueur_m": 43.2 }, "geometry": { "type": "LineString", "coordinates": [ [ 10.661968, 3.873235 ], [ 10.661597, 3.873115 ] ] } },
{ "type": "Feature", "properties": { "tg_type": "INF.PONT", "nom": "Foumban-Banyo", "source_id": "way/345660908", "source": "OSM_OSMFR_2026-10-03", "statut": "IMPORTE", "date_source": "2026-10-03", "classe_route": "trunk", "ref": "N6", "bridge": "yes", "bridge_structure": null, "longueur_m": 34.2 }, "geometry": { "type": "LineString", "coordinates": [ [ 11.741599, 6.680898 ], [ 11.741528, 6.680597 ] ] } },
{ "type": "Feature", "properties": { "tg_type": "INF.PONT", "nom": "Foumban-Banyo", "source_id": "way/345661212", "source": "OSM_OSMFR_2026-10-03", "statut": "IMPORTE", "date_source": "2026-10-03", "classe_route": "trunk", "ref": "N6", "bridge": "yes", "bridge_structure": null, "longueur_m": 35.3 }, "geometry": { "type": "LineString", "coordinates": [ [ 11.764682, 6.706186 ], [ 11.764445, 6.705971 ] ] } },
{ "type": "Feature", "properties": { "tg_type": "INF.PONT", "nom": "Banyo-Tibati", "source_id": "way/345663480", "source": "OSM_OSMFR_2026-10-03", "statut": "IMPORTE", "date_source": "2026-10-03", "classe_route": "trunk", "ref": "N6", "bridge": "yes", "bridge_structure": null, "longueur_m": 74.2 }, "geometry": { "type": "LineString", "coordinates": [ [ 12.577363, 6.487467 ], [ 12.576842, 6.487891 ] ] } },
{ "type": "Feature", "properties": { "tg_type": "INF.PONT", "nom": "", "source_id": "way/345924980", "source": "OSM_OSMFR_2026-10-03", "statut": "IMPORTE", "date_source": "2026-10-03", "classe_route": "primary", "ref": "P9", "bridge": "yes", "bridge_structure": null, "longueur_m": 12.1 }, "geometry": { "type": "LineString", "coordinates": [ [ 11.27137, 3.591372 ], [ 11.271451, 3.591444 ] ] } },
{ "type": "Feature", "properties": { "tg_type": "INF.PONT", "nom": "", "source_id": "way/358311509", "source": "OSM_OSMFR_2026-10-03", "statut": "IMPORTE", "date_source": "2026-10-03", "classe_route": "primary", "ref": "P32", "bridge": "yes", "bridge_structure": null, "longueur_m": 24.0 }, "geometry": { "type": "LineString", "coordinates": [ [ 9.24244, 4.142795 ], [ 9.242564, 4.142973 ] ] } },
{ "type": "Feature", "properties": { "tg_type": "INF.PONT", "nom": "", "source_id": "way/361926921", "source": "OSM_OSMFR_2026-10-03", "statut": "IMPORTE", "date_source": "2026-10-03", "classe_route": "primary", "ref": "P 15", "bridge": "yes", "bridge_structure": null, "longueur_m": 10.3 }, "geometry": { "type": "LineString", "coordinates": [ [ 10.642038, 5.506579 ], [ 10.641999, 5.506664 ] ] } },
{ "type": "Feature", "properties": { "tg_type": "INF.PONT", "nom": "", "source_id": "way/361958671", "source": "OSM_OSMFR_2026-10-03", "statut": "IMPORTE", "date_source": "2026-10-03", "classe_route": "trunk", "ref": "N6", "bridge": "yes", "bridge_structure": null, "longueur_m": 54.7 }, "geometry": { "type": "LineString", "coordinates": [ [ 12.641985, 6.554881 ], [ 12.641603, 6.554567 ] ] } },
{ "type": "Feature", "properties": { "tg_type": "INF.PONT", "nom": "", "source_id": "way/369514795", "source": "OSM_OSMFR_2026-10-03", "statut": "IMPORTE", "date_source": "2026-10-03", "classe_route": "primary", "ref": "P10", "bridge": "yes", "bridge_structure": null, "longueur_m": 21.2 }, "geometry": { "type": "LineString", "coordinates": [ [ 11.020913, 4.28368 ], [ 11.020857, 4.283498 ] ] } },
{ "type": "Feature", "properties": { "tg_type": "INF.PONT", "nom": "Tibati-Ngaoundal", "source_id": "way/370362510", "source": "OSM_OSMFR_2026-10-03", "statut": "IMPORTE", "date_source": "2026-10-03", "classe_route": "trunk", "ref": "N6", "bridge": "yes", "bridge_structure": null, "longueur_m": 19.7 }, "geometry": { "type": "LineString", "coordinates": [ [ 12.748542, 6.573429 ], [ 12.748388, 6.573518 ] ] } },
{ "type": "Feature", "properties": { "tg_type": "INF.PONT", "nom": "Tibati-Ngaoundal", "source_id": "way/370795930", "source": "OSM_OSMFR_2026-10-03", "statut": "IMPORTE", "date_source": "2026-10-03", "classe_route": "trunk", "ref": "N 6", "bridge": "yes", "bridge_structure": null, "longueur_m": 26.9 }, "geometry": { "type": "LineString", "coordinates": [ [ 13.006238, 6.606842 ], [ 13.005998, 6.606804 ] ] } },
{ "type": "Feature", "properties": { "tg_type": "INF.PONT", "nom": "", "source_id": "way/372047656", "source": "OSM_OSMFR_2026-10-03", "statut": "IMPORTE", "date_source": "2026-10-03", "classe_route": "primary", "ref": "P25", "bridge": "yes", "bridge_structure": null, "longueur_m": 79.1 }, "geometry": { "type": "LineString", "coordinates": [ [ 11.073655, 4.913227 ], [ 11.074031, 4.912619 ] ] } },
{ "type": "Feature", "properties": { "tg_type": "INF.PONT", "nom": "", "source_id": "way/374534089", "source": "OSM_OSMFR_2026-10-03", "statut": "IMPORTE", "date_source": "2026-10-03", "classe_route": "trunk", "ref": "N8", "bridge": "yes", "bridge_structure": null, "longueur_m": 40.1 }, "geometry": { "type": "LineString", "coordinates": [ [ 9.46305, 4.543498 ], [ 9.462854, 4.543193 ] ] } },
{ "type": "Feature", "properties": { "tg_type": "INF.PONT", "nom": "Route Kumba - Mamfé", "source_id": "way/374539960", "source": "OSM_OSMFR_2026-10-03", "statut": "IMPORTE", "date_source": "2026-10-03", "classe_route": "trunk", "ref": "N16", "bridge": "yes", "bridge_structure": null, "longueur_m": 23.1 }, "geometry": { "type": "LineString", "coordinates": [ [ 9.528157, 4.700954 ], [ 9.528045, 4.700777 ] ] } },
{ "type": "Feature", "properties": { "tg_type": "INF.PONT", "nom": "", "source_id": "way/374593769", "source": "OSM_OSMFR_2026-10-03", "statut": "IMPORTE", "date_source": "2026-10-03", "classe_route": "trunk", "ref": "N20", "bridge": "yes", "bridge_structure": null, "longueur_m": 22.7 }, "geometry": { "type": "LineString", "coordinates": [ [ 14.110917, 7.598541 ], [ 14.111097, 7.598641 ] ] } },
{ "type": "Feature", "properties": { "tg_type": "INF.PONT", "nom": "", "source_id": "way/374593770", "source": "OSM_OSMFR_2026-10-03", "statut": "IMPORTE", "date_source": "2026-10-03", "classe_route": "trunk", "ref": "N20", "bridge": "yes", "bridge_structure": null, "longueur_m": 12.1 }, "geometry": { "type": "LineString", "coordinates": [ [ 14.085686, 7.598306 ], [ 14.085785, 7.59826 ] ] } },
{ "type": "Feature", "properties": { "tg_type": "INF.PONT", "nom": "", "source_id": "way/374593771", "source": "OSM_OSMFR_2026-10-03", "statut": "IMPORTE", "date_source": "2026-10-03", "classe_route": "trunk", "ref": "N20", "bridge": "yes", "bridge_structure": null, "longueur_m": 18.8 }, "geometry": { "type": "LineString", "coordinates": [ [ 14.201634, 7.634707 ], [ 14.201802, 7.634735 ] ] } },
{ "type": "Feature", "properties": { "tg_type": "INF.PONT", "nom": "", "source_id": "way/374699178", "source": "OSM_OSMFR_2026-10-03", "statut": "IMPORTE", "date_source": "2026-10-03", "classe_route": "trunk", "ref": "N15A", "bridge": "yes", "bridge_structure": null, "longueur_m": 33.5 }, "geometry": { "type": "LineString", "coordinates": [ [ 13.147381, 6.782757 ], [ 13.147642, 6.78291 ] ] } },
{ "type": "Feature", "properties": { "tg_type": "INF.PONT", "nom": "", "source_id": "way/374699180", "source": "OSM_OSMFR_2026-10-03", "statut": "IMPORTE", "date_source": "2026-10-03", "classe_route": "trunk", "ref": "N15A", "bridge": "yes", "bridge_structure": null, "longueur_m": 36.7 }, "geometry": { "type": "LineString", "coordinates": [ [ 13.097553, 6.687175 ], [ 13.097471, 6.686854 ] ] } },
{ "type": "Feature", "properties": { "tg_type": "INF.PONT", "nom": "", "source_id": "way/374895423", "source": "OSM_OSMFR_2026-10-03", "statut": "IMPORTE", "date_source": "2026-10-03", "classe_route": "primary", "ref": "P34", "bridge": "yes", "bridge_structure": null, "longueur_m": 25.4 }, "geometry": { "type": "LineString", "coordinates": [ [ 13.291694, 8.469376 ], [ 13.291918, 8.46943 ] ] } },
{ "type": "Feature", "properties": { "tg_type": "INF.PONT", "nom": "", "source_id": "way/375539043", "source": "OSM_OSMFR_2026-10-03", "statut": "IMPORTE", "date_source": "2026-10-03", "classe_route": "primary", "ref": "P2", "bridge": "yes", "bridge_structure": null, "longueur_m": 69.3 }, "geometry": { "type": "LineString", "coordinates": [ [ 14.600518, 10.529893 ], [ 14.600815, 10.530446 ] ] } },
{ "type": "Feature", "properties": { "tg_type": "INF.PONT", "nom": "Garoua-Maroua", "source_id": "way/375846925", "source": "OSM_OSMFR_2026-10-03", "statut": "IMPORTE", "date_source": "2026-10-03", "classe_route": "trunk", "ref": "N1", "bridge": "yes", "bridge_structure": null, "longueur_m": 113.5 }, "geometry": { "type": "LineString", "coordinates": [ [ 13.836208, 9.694162 ], [ 13.8352, 9.693931 ] ] } },
{ "type": "Feature", "properties": { "tg_type": "INF.PONT", "nom": "Provinciale 31", "source_id": "way/377057525", "source": "OSM_OSMFR_2026-10-03", "statut": "IMPORTE", "date_source": "2026-10-03", "classe_route": "primary", "ref": "P31", "bridge": "yes", "bridge_structure": null, "longueur_m": 14.4 }, "geometry": { "type": "LineString", "coordinates": [ [ 10.246475, 5.482789 ], [ 10.246355, 5.482738 ] ] } },
{ "type": "Feature", "properties": { "tg_type": "INF.PONT", "nom": "Magada-Kaélé-Yagoua", "source_id": "way/377078759", "source": "OSM_OSMFR_2026-10-03", "statut": "IMPORTE", "date_source": "2026-10-03", "classe_route": "trunk", "ref": "N12", "bridge": "yes", "bridge_structure": null, "longueur_m": 13.4 }, "geometry": { "type": "LineString", "coordinates": [ [ 14.844718, 10.20431 ], [ 14.844684, 10.204193 ] ] } },
{ "type": "Feature", "properties": { "tg_type": "INF.PONT", "nom": "", "source_id": "way/378846126", "source": "OSM_OSMFR_2026-10-03", "statut": "IMPORTE", "date_source": "2026-10-03", "classe_route": "primary", "ref": "P3", "bridge": "yes", "bridge_structure": null, "longueur_m": 29.8 }, "geometry": { "type": "LineString", "coordinates": [ [ 13.998727, 10.02396 ], [ 13.998734, 10.02369 ] ] } },
{ "type": "Feature", "properties": { "tg_type": "INF.PONT", "nom": "", "source_id": "way/380010195", "source": "OSM_OSMFR_2026-10-03", "statut": "IMPORTE", "date_source": "2026-10-03", "classe_route": "trunk", "ref": "N 1", "bridge": "yes", "bridge_structure": null, "longueur_m": 49.7 }, "geometry": { "type": "LineString", "coordinates": [ [ 13.634014, 8.214918 ], [ 13.634229, 8.214522 ] ] } },
{ "type": "Feature", "properties": { "tg_type": "INF.PONT", "nom": "Garoua-Bolai-Ngaoundéré", "source_id": "way/380060679", "source": "OSM_OSMFR_2026-10-03", "statut": "IMPORTE", "date_source": "2026-10-03", "classe_route": "trunk", "ref": "N1", "bridge": "yes", "bridge_structure": null, "longueur_m": 57.2 }, "geometry": { "type": "LineString", "coordinates": [ [ 14.389918, 6.200631 ], [ 14.389925, 6.201149 ] ] } },
{ "type": "Feature", "properties": { "tg_type": "INF.PONT", "nom": "Banyo-Tibati", "source_id": "way/381453119", "source": "OSM_OSMFR_2026-10-03", "statut": "IMPORTE", "date_source": "2026-10-03", "classe_route": "trunk", "ref": "N6", "bridge": "yes", "bridge_structure": null, "longueur_m": 20.6 }, "geometry": { "type": "LineString", "coordinates": [ [ 11.863281, 6.745258 ], [ 11.863168, 6.745405 ] ] } },
{ "type": "Feature", "properties": { "tg_type": "INF.PONT", "nom": "", "source_id": "way/381806081", "source": "OSM_OSMFR_2026-10-03", "statut": "IMPORTE", "date_source": "2026-10-03", "classe_route": "primary", "ref": "P15", "bridge": "yes", "bridge_structure": null, "longueur_m": 21.1 }, "geometry": { "type": "LineString", "coordinates": [ [ 10.005105, 4.388129 ], [ 10.005282, 4.388199 ] ] } },
{ "type": "Feature", "properties": { "tg_type": "INF.PONT", "nom": "", "source_id": "way/392283277", "source": "OSM_OSMFR_2026-10-03", "statut": "IMPORTE", "date_source": "2026-10-03", "classe_route": "trunk", "ref": "N1", "bridge": "yes", "bridge_structure": null, "longueur_m": 37.4 }, "geometry": { "type": "LineString", "coordinates": [ [ 11.540053, 4.171367 ], [ 11.540256, 4.171637 ] ] } },
{ "type": "Feature", "properties": { "tg_type": "INF.PONT", "nom": "", "source_id": "way/392466985", "source": "OSM_OSMFR_2026-10-03", "statut": "IMPORTE", "date_source": "2026-10-03", "classe_route": "trunk", "ref": "N1", "bridge": "yes", "bridge_structure": null, "longueur_m": 40.5 }, "geometry": { "type": "LineString", "coordinates": [ [ 11.529258, 4.138922 ], [ 11.529446, 4.139237 ] ] } },
{ "type": "Feature", "properties": { "tg_type": "INF.PONT", "nom": "Bamenda-Mamfe", "source_id": "way/393415408", "source": "OSM_OSMFR_2026-10-03", "statut": "IMPORTE", "date_source": "2026-10-03", "classe_route": "trunk", "ref": "N6", "bridge": "yes", "bridge_structure": null, "longueur_m": 53.6 }, "geometry": { "type": "LineString", "coordinates": [ [ 10.115415, 5.923745 ], [ 10.115878, 5.92389 ] ] } },
{ "type": "Feature", "properties": { "tg_type": "INF.PONT", "nom": "", "source_id": "way/399166173", "source": "OSM_OSMFR_2026-10-03", "statut": "IMPORTE", "date_source": "2026-10-03", "classe_route": "primary", "ref": null, "bridge": "yes", "bridge_structure": null, "longueur_m": 195.0 }, "geometry": { "type": "LineString", "coordinates": [ [ 13.21611, 9.564828 ], [ 13.215613, 9.56652 ] ] } },
{ "type": "Feature", "properties": { "tg_type": "INF.PONT", "nom": "", "source_id": "way/401700004", "source": "OSM_OSMFR_2026-10-03", "statut": "IMPORTE", "date_source": "2026-10-03", "classe_route": "primary", "ref": "P26", "bridge": "yes", "bridge_structure": null, "longueur_m": 33.7 }, "geometry": { "type": "LineString", "coordinates": [ [ 11.472182, 6.366223 ], [ 11.471885, 6.366155 ] ] } },
{ "type": "Feature", "properties": { "tg_type": "INF.PONT", "nom": "", "source_id": "way/403296797", "source": "OSM_OSMFR_2026-10-03", "statut": "IMPORTE", "date_source": "2026-10-03", "classe_route": "primary", "ref": "P24", "bridge": "yes", "bridge_structure": null, "longueur_m": 7.5 }, "geometry": { "type": "LineString", "coordinates": [ [ 10.25721, 6.116586 ], [ 10.257264, 6.116626 ] ] } },
{ "type": "Feature", "properties": { "tg_type": "INF.PONT", "nom": "", "source_id": "way/409753081", "source": "OSM_OSMFR_2026-10-03", "statut": "IMPORTE", "date_source": "2026-10-03", "classe_route": "primary", "ref": "P2", "bridge": "yes", "bridge_structure": null, "longueur_m": 27.0 }, "geometry": { "type": "LineString", "coordinates": [ [ 14.441655, 10.620073 ], [ 14.441896, 10.620021 ] ] } },
{ "type": "Feature", "properties": { "tg_type": "INF.PONT", "nom": "Pont sur le Chari", "source_id": "way/415269587", "source": "OSM_OSMFR_2026-10-03", "statut": "IMPORTE", "date_source": "2026-10-03", "classe_route": "trunk", "ref": "N1", "bridge": "yes", "bridge_structure": null, "longueur_m": 40.3 }, "geometry": { "type": "LineString", "coordinates": [ [ 14.92148, 12.091334 ], [ 14.921305, 12.091655 ] ] } },
{ "type": "Feature", "properties": { "tg_type": "INF.PONT", "nom": "Pont", "source_id": "way/415269589", "source": "OSM_OSMFR_2026-10-03", "statut": "IMPORTE", "date_source": "2026-10-03", "classe_route": "trunk", "ref": "N 1", "bridge": "yes", "bridge_structure": null, "longueur_m": 6.7 }, "geometry": { "type": "LineString", "coordinates": [ [ 15.032982, 12.077419 ], [ 15.032971, 12.077478 ] ] } },
{ "type": "Feature", "properties": { "tg_type": "INF.PONT", "nom": "Pont Vert", "source_id": "way/417520416", "source": "OSM_OSMFR_2026-10-03", "statut": "IMPORTE", "date_source": "2026-10-03", "classe_route": "primary", "ref": "P 3", "bridge": "yes", "bridge_structure": null, "longueur_m": 160.7 }, "geometry": { "type": "LineString", "coordinates": [ [ 14.336935, 10.600474 ], [ 14.337513, 10.599139 ] ] } },
{ "type": "Feature", "properties": { "tg_type": "INF.PONT", "nom": "", "source_id": "way/421126411", "source": "OSM_OSMFR_2026-10-03", "statut": "IMPORTE", "date_source": "2026-10-03", "classe_route": "trunk", "ref": "N 20", "bridge": "yes", "bridge_structure": null, "longueur_m": 183.6 }, "geometry": { "type": "LineString", "coordinates": [ [ 13.895408, 7.553468 ], [ 13.896999, 7.553953 ] ] } },
{ "type": "Feature", "properties": { "tg_type": "INF.PONT", "nom": "", "source_id": "way/421126421", "source": "OSM_OSMFR_2026-10-03", "statut": "IMPORTE", "date_source": "2026-10-03", "classe_route": "primary", "ref": null, "bridge": "yes", "bridge_structure": null, "longueur_m": 39.5 }, "geometry": { "type": "LineString", "coordinates": [ [ 13.928386, 7.542579 ], [ 13.928743, 7.542593 ] ] } },
{ "type": "Feature", "properties": { "tg_type": "INF.PONT", "nom": "", "source_id": "way/421231059", "source": "OSM_OSMFR_2026-10-03", "statut": "IMPORTE", "date_source": "2026-10-03", "classe_route": "trunk", "ref": "N20", "bridge": "yes", "bridge_structure": null, "longueur_m": 62.8 }, "geometry": { "type": "LineString", "coordinates": [ [ 13.984887, 7.572446 ], [ 13.985398, 7.572694 ] ] } },
{ "type": "Feature", "properties": { "tg_type": "INF.PONT", "nom": "", "source_id": "way/421288971", "source": "OSM_OSMFR_2026-10-03", "statut": "IMPORTE", "date_source": "2026-10-03", "classe_route": "trunk", "ref": "N 20", "bridge": "yes", "bridge_structure": null, "longueur_m": 45.4 }, "geometry": { "type": "LineString", "coordinates": [ [ 13.849795, 7.563858 ], [ 13.85016, 7.563668 ] ] } },
{ "type": "Feature", "properties": { "tg_type": "INF.PONT", "nom": "", "source_id": "way/421288972", "source": "OSM_OSMFR_2026-10-03", "statut": "IMPORTE", "date_source": "2026-10-03", "classe_route": "trunk", "ref": "N 20", "bridge": "yes", "bridge_structure": null, "longueur_m": 52.2 }, "geometry": { "type": "LineString", "coordinates": [ [ 13.860485, 7.554823 ], [ 13.860861, 7.554536 ] ] } },
{ "type": "Feature", "properties": { "tg_type": "INF.PONT", "nom": "", "source_id": "way/421288974", "source": "OSM_OSMFR_2026-10-03", "statut": "IMPORTE", "date_source": "2026-10-03", "classe_route": "trunk", "ref": "N 20", "bridge": "yes", "bridge_structure": null, "longueur_m": 84.1 }, "geometry": { "type": "LineString", "coordinates": [ [ 13.852177, 7.561115 ], [ 13.852686, 7.560553 ] ] } },
{ "type": "Feature", "properties": { "tg_type": "INF.PONT", "nom": "", "source_id": "way/421294745", "source": "OSM_OSMFR_2026-10-03", "statut": "IMPORTE", "date_source": "2026-10-03", "classe_route": "trunk", "ref": "N 20", "bridge": "yes", "bridge_structure": null, "longueur_m": 20.7 }, "geometry": { "type": "LineString", "coordinates": [ [ 13.721221, 7.531167 ], [ 13.721405, 7.531206 ] ] } },
{ "type": "Feature", "properties": { "tg_type": "INF.PONT", "nom": "", "source_id": "way/421294746", "source": "OSM_OSMFR_2026-10-03", "statut": "IMPORTE", "date_source": "2026-10-03", "classe_route": "trunk", "ref": "N 20", "bridge": "yes", "bridge_structure": null, "longueur_m": 24.7 }, "geometry": { "type": "LineString", "coordinates": [ [ 13.719678, 7.530834 ], [ 13.719896, 7.530883 ] ] } },
{ "type": "Feature", "properties": { "tg_type": "INF.PONT", "nom": "", "source_id": "way/421377563", "source": "OSM_OSMFR_2026-10-03", "statut": "IMPORTE", "date_source": "2026-10-03", "classe_route": "primary", "ref": null, "bridge": "yes", "bridge_structure": null, "longueur_m": 37.3 }, "geometry": { "type": "LineString", "coordinates": [ [ 13.849971, 7.513419 ], [ 13.849637, 7.513368 ] ] } },
{ "type": "Feature", "properties": { "tg_type": "INF.PONT", "nom": "Douala-Limbé", "source_id": "way/421639217", "source": "OSM_OSMFR_2026-10-03", "statut": "IMPORTE", "date_source": "2026-10-03", "classe_route": "trunk", "ref": "N3", "bridge": "yes", "bridge_structure": null, "longueur_m": 15.7 }, "geometry": { "type": "LineString", "coordinates": [ [ 9.30291, 4.084719 ], [ 9.30278, 4.084663 ] ] } },
{ "type": "Feature", "properties": { "tg_type": "INF.PONT", "nom": "Douala-Limbé", "source_id": "way/421639218", "source": "OSM_OSMFR_2026-10-03", "statut": "IMPORTE", "date_source": "2026-10-03", "classe_route": "trunk", "ref": "N3", "bridge": "yes", "bridge_structure": null, "longueur_m": 34.7 }, "geometry": { "type": "LineString", "coordinates": [ [ 9.31051, 4.086138 ], [ 9.310222, 4.086016 ] ] } },
{ "type": "Feature", "properties": { "tg_type": "INF.PONT", "nom": "Douala-Limbé", "source_id": "way/421639220", "source": "OSM_OSMFR_2026-10-03", "statut": "IMPORTE", "date_source": "2026-10-03", "classe_route": "trunk", "ref": "N3", "bridge": "yes", "bridge_structure": null, "longueur_m": 16.4 }, "geometry": { "type": "LineString", "coordinates": [ [ 9.303975, 4.085163 ], [ 9.30384, 4.085101 ] ] } },
{ "type": "Feature", "properties": { "tg_type": "INF.PONT", "nom": "", "source_id": "way/422038848", "source": "OSM_OSMFR_2026-10-03", "statut": "IMPORTE", "date_source": "2026-10-03", "classe_route": "trunk", "ref": "N20", "bridge": "yes", "bridge_structure": null, "longueur_m": 41.9 }, "geometry": { "type": "LineString", "coordinates": [ [ 14.053779, 7.604676 ], [ 14.054138, 7.604801 ] ] } },
{ "type": "Feature", "properties": { "tg_type": "INF.PONT", "nom": "", "source_id": "way/422038849", "source": "OSM_OSMFR_2026-10-03", "statut": "IMPORTE", "date_source": "2026-10-03", "classe_route": "trunk", "ref": "N20", "bridge": "yes", "bridge_structure": null, "longueur_m": 27.3 }, "geometry": { "type": "LineString", "coordinates": [ [ 14.005016, 7.585732 ], [ 14.00521, 7.585884 ] ] } },
{ "type": "Feature", "properties": { "tg_type": "INF.PONT", "nom": "Pont bini -dang", "source_id": "way/422447965", "source": "OSM_OSMFR_2026-10-03", "statut": "IMPORTE", "date_source": "2026-10-03", "classe_route": "trunk", "ref": "N1", "bridge": "yes", "bridge_structure": null, "longueur_m": 55.4 }, "geometry": { "type": "LineString", "coordinates": [ [ 13.55335, 7.423321 ], [ 13.553542, 7.423785 ] ] } },
{ "type": "Feature", "properties": { "tg_type": "INF.PONT", "nom": "Pont de malang", "source_id": "way/422449619", "source": "OSM_OSMFR_2026-10-03", "statut": "IMPORTE", "date_source": "2026-10-03", "classe_route": "trunk", "ref": "N20", "bridge": "yes", "bridge_structure": null, "longueur_m": 25.7 }, "geometry": { "type": "LineString", "coordinates": [ [ 13.557801, 7.441535 ], [ 13.558018, 7.441619 ] ] } },
{ "type": "Feature", "properties": { "tg_type": "INF.PONT", "nom": "Moroua-Pouss", "source_id": "way/423613413", "source": "OSM_OSMFR_2026-10-03", "statut": "IMPORTE", "date_source": "2026-10-03", "classe_route": "primary", "ref": "P3", "bridge": "yes", "bridge_structure": null, "longueur_m": 20.1 }, "geometry": { "type": "LineString", "coordinates": [ [ 14.889621, 10.852722 ], [ 14.889453, 10.852796 ] ] } },
{ "type": "Feature", "properties": { "tg_type": "INF.PONT", "nom": "", "source_id": "way/426147490", "source": "OSM_OSMFR_2026-10-03", "statut": "IMPORTE", "date_source": "2026-10-03", "classe_route": "trunk", "ref": "N20", "bridge": "yes", "bridge_structure": null, "longueur_m": 27.1 }, "geometry": { "type": "LineString", "coordinates": [ [ 13.588498, 7.453442 ], [ 13.588742, 7.453413 ] ] } },
{ "type": "Feature", "properties": { "tg_type": "INF.PONT", "nom": "", "source_id": "way/429266920", "source": "OSM_OSMFR_2026-10-03", "statut": "IMPORTE", "date_source": "2026-10-03", "classe_route": "trunk", "ref": "N 20", "bridge": "yes", "bridge_structure": null, "longueur_m": 51.8 }, "geometry": { "type": "LineString", "coordinates": [ [ 13.629074, 7.525257 ], [ 13.628931, 7.525704 ] ] } },
{ "type": "Feature", "properties": { "tg_type": "INF.PONT", "nom": "Yaounde - Obala", "source_id": "way/436570385", "source": "OSM_OSMFR_2026-10-03", "statut": "IMPORTE", "date_source": "2026-10-03", "classe_route": "trunk", "ref": "N1", "bridge": "yes", "bridge_structure": null, "longueur_m": 9.8 }, "geometry": { "type": "LineString", "coordinates": [ [ 11.526972, 4.123349 ], [ 11.526937, 4.12343 ] ] } },
{ "type": "Feature", "properties": { "tg_type": "INF.PONT", "nom": "Nationale 4", "source_id": "way/436587836", "source": "OSM_OSMFR_2026-10-03", "statut": "IMPORTE", "date_source": "2026-10-03", "classe_route": "trunk", "ref": "N4", "bridge": "yes", "bridge_structure": null, "longueur_m": 6.4 }, "geometry": { "type": "LineString", "coordinates": [ [ 11.239235, 4.701602 ], [ 11.239208, 4.701551 ] ] } },
{ "type": "Feature", "properties": { "tg_type": "INF.PONT", "nom": "Nationale 4", "source_id": "way/436587837", "source": "OSM_OSMFR_2026-10-03", "statut": "IMPORTE", "date_source": "2026-10-03", "classe_route": "trunk", "ref": "N4", "bridge": "yes", "bridge_structure": null, "longueur_m": 5.3 }, "geometry": { "type": "LineString", "coordinates": [ [ 11.221846, 4.733889 ], [ 11.221885, 4.73386 ] ] } },
{ "type": "Feature", "properties": { "tg_type": "INF.PONT", "nom": "Nationale 4", "source_id": "way/436587838", "source": "OSM_OSMFR_2026-10-03", "statut": "IMPORTE", "date_source": "2026-10-03", "classe_route": "trunk", "ref": "N4", "bridge": "yes", "bridge_structure": null, "longueur_m": 13.8 }, "geometry": { "type": "LineString", "coordinates": [ [ 11.214824, 4.763687 ], [ 11.214877, 4.763574 ] ] } },
{ "type": "Feature", "properties": { "tg_type": "INF.PONT", "nom": "Nationale 4", "source_id": "way/436587839", "source": "OSM_OSMFR_2026-10-03", "statut": "IMPORTE", "date_source": "2026-10-03", "classe_route": "trunk", "ref": "N4", "bridge": "yes", "bridge_structure": null, "longueur_m": 24.9 }, "geometry": { "type": "LineString", "coordinates": [ [ 11.110089, 4.860184 ], [ 11.110245, 4.860021 ] ] } },
{ "type": "Feature", "properties": { "tg_type": "INF.PONT", "nom": "Nationale 4", "source_id": "way/436587840", "source": "OSM_OSMFR_2026-10-03", "statut": "IMPORTE", "date_source": "2026-10-03", "classe_route": "trunk", "ref": "N4", "bridge": "yes", "bridge_structure": null, "longueur_m": 4.3 }, "geometry": { "type": "LineString", "coordinates": [ [ 11.249688, 4.678725 ], [ 11.249714, 4.678697 ] ] } },
{ "type": "Feature", "properties": { "tg_type": "INF.PONT", "nom": "Nationale 4", "source_id": "way/436587841", "source": "OSM_OSMFR_2026-10-03", "statut": "IMPORTE", "date_source": "2026-10-03", "classe_route": "trunk", "ref": "N4", "bridge": "yes", "bridge_structure": null, "longueur_m": 6.4 }, "geometry": { "type": "LineString", "coordinates": [ [ 11.262884, 4.559665 ], [ 11.2629, 4.559721 ] ] } },
{ "type": "Feature", "properties": { "tg_type": "INF.PONT", "nom": "", "source_id": "way/436592501", "source": "OSM_OSMFR_2026-10-03", "statut": "IMPORTE", "date_source": "2026-10-03", "classe_route": "trunk", "ref": "N4", "bridge": "yes", "bridge_structure": null, "longueur_m": 14.1 }, "geometry": { "type": "LineString", "coordinates": [ [ 10.972687, 4.800774 ], [ 10.972803, 4.800825 ] ] } },
{ "type": "Feature", "properties": { "tg_type": "INF.PONT", "nom": "", "source_id": "way/436592502", "source": "OSM_OSMFR_2026-10-03", "statut": "IMPORTE", "date_source": "2026-10-03", "classe_route": "trunk", "ref": "N4", "bridge": "yes", "bridge_structure": null, "longueur_m": 34.5 }, "geometry": { "type": "LineString", "coordinates": [ [ 10.891169, 4.758467 ], [ 10.890858, 4.758454 ] ] } },
{ "type": "Feature", "properties": { "tg_type": "INF.PONT", "nom": "", "source_id": "way/436592503", "source": "OSM_OSMFR_2026-10-03", "statut": "IMPORTE", "date_source": "2026-10-03", "classe_route": "trunk", "ref": "N4", "bridge": "yes", "bridge_structure": null, "longueur_m": 23.4 }, "geometry": { "type": "LineString", "coordinates": [ [ 11.079131, 4.855485 ], [ 11.079279, 4.855635 ] ] } },
{ "type": "Feature", "properties": { "tg_type": "INF.PONT", "nom": "", "source_id": "way/436592504", "source": "OSM_OSMFR_2026-10-03", "statut": "IMPORTE", "date_source": "2026-10-03", "classe_route": "trunk", "ref": "N4", "bridge": "yes", "bridge_structure": null, "longueur_m": 39.8 }, "geometry": { "type": "LineString", "coordinates": [ [ 10.824333, 4.789541 ], [ 10.824075, 4.789791 ] ] } },
{ "type": "Feature", "properties": { "tg_type": "INF.PONT", "nom": "", "source_id": "way/436592506", "source": "OSM_OSMFR_2026-10-03", "statut": "IMPORTE", "date_source": "2026-10-03", "classe_route": "trunk", "ref": "N4", "bridge": "yes", "bridge_structure": null, "longueur_m": 6.8 }, "geometry": { "type": "LineString", "coordinates": [ [ 11.063073, 4.834677 ], [ 11.063133, 4.834689 ] ] } },
{ "type": "Feature", "properties": { "tg_type": "INF.PONT", "nom": "", "source_id": "way/436592507", "source": "OSM_OSMFR_2026-10-03", "statut": "IMPORTE", "date_source": "2026-10-03", "classe_route": "trunk", "ref": "N4", "bridge": "yes", "bridge_structure": null, "longueur_m": 13.0 }, "geometry": { "type": "LineString", "coordinates": [ [ 10.941799, 4.786307 ], [ 10.941916, 4.786318 ] ] } },
{ "type": "Feature", "properties": { "tg_type": "INF.PONT", "nom": "", "source_id": "way/436592508", "source": "OSM_OSMFR_2026-10-03", "statut": "IMPORTE", "date_source": "2026-10-03", "classe_route": "trunk", "ref": "N4", "bridge": "yes", "bridge_structure": null, "longueur_m": 25.8 }, "geometry": { "type": "LineString", "coordinates": [ [ 11.055438, 4.831837 ], [ 11.055623, 4.831979 ] ] } },
{ "type": "Feature", "properties": { "tg_type": "INF.PONT", "nom": "", "source_id": "way/436592511", "source": "OSM_OSMFR_2026-10-03", "statut": "IMPORTE", "date_source": "2026-10-03", "classe_route": "trunk", "ref": "N4", "bridge": "yes", "bridge_structure": null, "longueur_m": 23.6 }, "geometry": { "type": "LineString", "coordinates": [ [ 10.822757, 4.794595 ], [ 10.822803, 4.794803 ] ] } },
{ "type": "Feature", "properties": { "tg_type": "INF.PONT", "nom": "", "source_id": "way/436592512", "source": "OSM_OSMFR_2026-10-03", "statut": "IMPORTE", "date_source": "2026-10-03", "classe_route": "trunk", "ref": "N4", "bridge": "yes", "bridge_structure": null, "longueur_m": 10.6 }, "geometry": { "type": "LineString", "coordinates": [ [ 11.00935, 4.81191 ], [ 11.009433, 4.811958 ] ] } },
{ "type": "Feature", "properties": { "tg_type": "INF.PONT", "nom": "Nationale 4", "source_id": "way/436592522", "source": "OSM_OSMFR_2026-10-03", "statut": "IMPORTE", "date_source": "2026-10-03", "classe_route": "trunk", "ref": "N4", "bridge": "yes", "bridge_structure": null, "longueur_m": 99.5 }, "geometry": { "type": "LineString", "coordinates": [ [ 10.567204, 5.136876 ], [ 10.56723, 5.137775 ] ] } },
{ "type": "Feature", "properties": { "tg_type": "INF.PONT", "nom": "Nationale 4", "source_id": "way/436592523", "source": "OSM_OSMFR_2026-10-03", "statut": "IMPORTE", "date_source": "2026-10-03", "classe_route": "trunk", "ref": "N4", "bridge": "yes", "bridge_structure": null, "longueur_m": 24.1 }, "geometry": { "type": "LineString", "coordinates": [ [ 10.700312, 4.99728 ], [ 10.700214, 4.997474 ] ] } },
{ "type": "Feature", "properties": { "tg_type": "INF.PONT", "nom": "Nationale 4", "source_id": "way/436592524", "source": "OSM_OSMFR_2026-10-03", "statut": "IMPORTE", "date_source": "2026-10-03", "classe_route": "trunk", "ref": "N4", "bridge": "yes", "bridge_structure": null, "longueur_m": 37.1 }, "geometry": { "type": "LineString", "coordinates": [ [ 10.56538, 5.144117 ], [ 10.565115, 5.144322 ] ] } },
{ "type": "Feature", "properties": { "tg_type": "INF.PONT", "nom": "Bafoussam-Foumban", "source_id": "way/436834799", "source": "OSM_OSMFR_2026-10-03", "statut": "IMPORTE", "date_source": "2026-10-03", "classe_route": "trunk", "ref": "N6", "bridge": "yes", "bridge_structure": null, "longueur_m": 17.3 }, "geometry": { "type": "LineString", "coordinates": [ [ 10.813188, 5.697171 ], [ 10.813323, 5.697248 ] ] } },
{ "type": "Feature", "properties": { "tg_type": "INF.PONT", "nom": "Bafoussam-Foumban", "source_id": "way/436839498", "source": "OSM_OSMFR_2026-10-03", "statut": "IMPORTE", "date_source": "2026-10-03", "classe_route": "trunk", "ref": "N6", "bridge": "yes", "bridge_structure": null, "longueur_m": 13.0 }, "geometry": { "type": "LineString", "coordinates": [ [ 10.580008, 5.487727 ], [ 10.580125, 5.487715 ] ] } },
{ "type": "Feature", "properties": { "tg_type": "INF.PONT", "nom": "", "source_id": "way/436860533", "source": "OSM_OSMFR_2026-10-03", "statut": "IMPORTE", "date_source": "2026-10-03", "classe_route": "trunk", "ref": "N 5", "bridge": "yes", "bridge_structure": null, "longueur_m": 57.1 }, "geometry": { "type": "LineString", "coordinates": [ [ 10.414009, 5.368433 ], [ 10.414337, 5.368832 ] ] } },
{ "type": "Feature", "properties": { "tg_type": "INF.PONT", "nom": "", "source_id": "way/436860534", "source": "OSM_OSMFR_2026-10-03", "statut": "IMPORTE", "date_source": "2026-10-03", "classe_route": "trunk", "ref": "N 5", "bridge": "yes", "bridge_structure": null, "longueur_m": 54.6 }, "geometry": { "type": "LineString", "coordinates": [ [ 10.416198, 5.369772 ], [ 10.41661, 5.370043 ] ] } },
{ "type": "Feature", "properties": { "tg_type": "INF.PONT", "nom": "", "source_id": "way/437158746", "source": "OSM_OSMFR_2026-10-03", "statut": "IMPORTE", "date_source": "2026-10-03", "classe_route": "trunk", "ref": "N7", "bridge": "yes", "bridge_structure": null, "longueur_m": 35.2 }, "geometry": { "type": "LineString", "coordinates": [ [ 9.857, 2.67381 ], [ 9.856855, 2.673527 ] ] } },
{ "type": "Feature", "properties": { "tg_type": "INF.PONT", "nom": "", "source_id": "way/437158747", "source": "OSM_OSMFR_2026-10-03", "statut": "IMPORTE", "date_source": "2026-10-03", "classe_route": "trunk", "ref": "N7", "bridge": "yes", "bridge_structure": null, "longueur_m": 18.0 }, "geometry": { "type": "LineString", "coordinates": [ [ 9.857074, 2.686757 ], [ 9.857031, 2.686601 ] ] } },
{ "type": "Feature", "properties": { "tg_type": "INF.PONT", "nom": "", "source_id": "way/437158748", "source": "OSM_OSMFR_2026-10-03", "statut": "IMPORTE", "date_source": "2026-10-03", "classe_route": "trunk", "ref": "N7", "bridge": "yes", "bridge_structure": null, "longueur_m": 11.3 }, "geometry": { "type": "LineString", "coordinates": [ [ 9.863551, 2.703419 ], [ 9.863531, 2.703319 ] ] } },
{ "type": "Feature", "properties": { "tg_type": "INF.PONT", "nom": "", "source_id": "way/437158749", "source": "OSM_OSMFR_2026-10-03", "statut": "IMPORTE", "date_source": "2026-10-03", "classe_route": "trunk", "ref": "N7", "bridge": "yes", "bridge_structure": null, "longueur_m": 16.4 }, "geometry": { "type": "LineString", "coordinates": [ [ 9.858943, 2.693102 ], [ 9.858864, 2.692976 ] ] } },
{ "type": "Feature", "properties": { "tg_type": "INF.PONT", "nom": "", "source_id": "way/437647669", "source": "OSM_OSMFR_2026-10-03", "statut": "IMPORTE", "date_source": "2026-10-03", "classe_route": "trunk", "ref": "N6", "bridge": "yes", "bridge_structure": null, "longueur_m": 34.7 }, "geometry": { "type": "LineString", "coordinates": [ [ 11.554445, 6.500071 ], [ 11.554484, 6.500382 ] ] } },
{ "type": "Feature", "properties": { "tg_type": "INF.PONT", "nom": "", "source_id": "way/438539767", "source": "OSM_OSMFR_2026-10-03", "statut": "IMPORTE", "date_source": "2026-10-03", "classe_route": "trunk", "ref": "N8", "bridge": "yes", "bridge_structure": null, "longueur_m": 42.9 }, "geometry": { "type": "LineString", "coordinates": [ [ 9.425911, 4.300833 ], [ 9.425553, 4.300685 ] ] } },
{ "type": "Feature", "properties": { "tg_type": "INF.PONT", "nom": "Douala-Limbé", "source_id": "way/438810041", "source": "OSM_OSMFR_2026-10-03", "statut": "IMPORTE", "date_source": "2026-10-03", "classe_route": "trunk", "ref": "N3", "bridge": "yes", "bridge_structure": null, "longueur_m": 7.6 }, "geometry": { "type": "LineString", "coordinates": [ [ 9.401511, 4.12358 ], [ 9.401444, 4.123566 ] ] } },
{ "type": "Feature", "properties": { "tg_type": "INF.PONT", "nom": "Douala-Limbé", "source_id": "way/438810042", "source": "OSM_OSMFR_2026-10-03", "statut": "IMPORTE", "date_source": "2026-10-03", "classe_route": "trunk", "ref": "N3", "bridge": "yes", "bridge_structure": null, "longueur_m": 2.4 }, "geometry": { "type": "LineString", "coordinates": [ [ 9.400328, 4.123358 ], [ 9.400308, 4.123353 ] ] } },
{ "type": "Feature", "properties": { "tg_type": "INF.PONT", "nom": "Garoua-Mokolo", "source_id": "way/439470324", "source": "OSM_OSMFR_2026-10-03", "statut": "IMPORTE", "date_source": "2026-10-03", "classe_route": "primary", "ref": "P1", "bridge": "yes", "bridge_structure": null, "longueur_m": 43.5 }, "geometry": { "type": "LineString", "coordinates": [ [ 13.729276, 10.733981 ], [ 13.728891, 10.733882 ] ] } },
{ "type": "Feature", "properties": { "tg_type": "INF.PONT", "nom": "Edea-Kribi", "source_id": "way/442943601", "source": "OSM_OSMFR_2026-10-03", "statut": "IMPORTE", "date_source": "2026-10-03", "classe_route": "trunk", "ref": "N7", "bridge": "yes", "bridge_structure": null, "longueur_m": 9.6 }, "geometry": { "type": "LineString", "coordinates": [ [ 9.910822, 2.961564 ], [ 9.910831, 2.961651 ] ] } },
{ "type": "Feature", "properties": { "tg_type": "INF.PONT", "nom": "", "source_id": "way/443378029", "source": "OSM_OSMFR_2026-10-03", "statut": "IMPORTE", "date_source": "2026-10-03", "classe_route": "trunk", "ref": "N7", "bridge": "yes", "bridge_structure": null, "longueur_m": 13.1 }, "geometry": { "type": "LineString", "coordinates": [ [ 9.900337, 2.922422 ], [ 9.900255, 2.922338 ] ] } },
{ "type": "Feature", "properties": { "tg_type": "INF.PONT", "nom": "", "source_id": "way/449718733", "source": "OSM_OSMFR_2026-10-03", "statut": "IMPORTE", "date_source": "2026-10-03", "classe_route": "trunk", "ref": "N 1", "bridge": "yes", "bridge_structure": null, "longueur_m": 16.3 }, "geometry": { "type": "LineString", "coordinates": [ [ 11.975579, 4.486191 ], [ 11.975623, 4.486332 ] ] } },
{ "type": "Feature", "properties": { "tg_type": "INF.PONT", "nom": "", "source_id": "way/449838398", "source": "OSM_OSMFR_2026-10-03", "statut": "IMPORTE", "date_source": "2026-10-03", "classe_route": "trunk", "ref": "N 1", "bridge": "yes", "bridge_structure": null, "longueur_m": 9.9 }, "geometry": { "type": "LineString", "coordinates": [ [ 11.893499, 4.443863 ], [ 11.893585, 4.443888 ] ] } },
{ "type": "Feature", "properties": { "tg_type": "INF.PONT", "nom": "", "source_id": "way/449845302", "source": "OSM_OSMFR_2026-10-03", "statut": "IMPORTE", "date_source": "2026-10-03", "classe_route": "trunk", "ref": "N 1", "bridge": "yes", "bridge_structure": null, "longueur_m": 24.0 }, "geometry": { "type": "LineString", "coordinates": [ [ 11.650416, 4.285462 ], [ 11.650631, 4.28544 ] ] } },
{ "type": "Feature", "properties": { "tg_type": "INF.PONT", "nom": "", "source_id": "way/449845303", "source": "OSM_OSMFR_2026-10-03", "statut": "IMPORTE", "date_source": "2026-10-03", "classe_route": "trunk", "ref": "N 1", "bridge": "yes", "bridge_structure": null, "longueur_m": 50.1 }, "geometry": { "type": "LineString", "coordinates": [ [ 11.672605, 4.3268 ], [ 11.672925, 4.327119 ] ] } },
{ "type": "Feature", "properties": { "tg_type": "INF.PONT", "nom": "", "source_id": "way/449845304", "source": "OSM_OSMFR_2026-10-03", "statut": "IMPORTE", "date_source": "2026-10-03", "classe_route": "trunk", "ref": "N 1", "bridge": "yes", "bridge_structure": null, "longueur_m": 39.7 }, "geometry": { "type": "LineString", "coordinates": [ [ 11.678397, 4.332958 ], [ 11.678563, 4.333276 ] ] } },
{ "type": "Feature", "properties": { "tg_type": "INF.PONT", "nom": "Garoua-Maroua", "source_id": "way/449898013", "source": "OSM_OSMFR_2026-10-03", "statut": "IMPORTE", "date_source": "2026-10-03", "classe_route": "trunk", "ref": "N1", "bridge": "yes", "bridge_structure": null, "longueur_m": 143.1 }, "geometry": { "type": "LineString", "coordinates": [ [ 13.927971, 9.763278 ], [ 13.92667, 9.763372 ] ] } },
{ "type": "Feature", "properties": { "tg_type": "INF.PONT", "nom": "", "source_id": "way/452655878", "source": "OSM_OSMFR_2026-10-03", "statut": "IMPORTE", "date_source": "2026-10-03", "classe_route": "trunk", "ref": "N11", "bridge": "yes", "bridge_structure": null, "longueur_m": 46.7 }, "geometry": { "type": "LineString", "coordinates": [ [ 10.031881, 6.287501 ], [ 10.032082, 6.287872 ] ] } },
{ "type": "Feature", "properties": { "tg_type": "INF.PONT", "nom": "", "source_id": "way/452655882", "source": "OSM_OSMFR_2026-10-03", "statut": "IMPORTE", "date_source": "2026-10-03", "classe_route": "trunk", "ref": "N11", "bridge": "yes", "bridge_structure": null, "longueur_m": 49.8 }, "geometry": { "type": "LineString", "coordinates": [ [ 10.093974, 6.148163 ], [ 10.094423, 6.148145 ] ] } },
{ "type": "Feature", "properties": { "tg_type": "INF.PONT", "nom": "Mbengwi Road", "source_id": "way/452685084", "source": "OSM_OSMFR_2026-10-03", "statut": "IMPORTE", "date_source": "2026-10-03", "classe_route": "primary", "ref": "P18", "bridge": "yes", "bridge_structure": null, "longueur_m": 19.1 }, "geometry": { "type": "LineString", "coordinates": [ [ 10.017482, 6.001027 ], [ 10.01731, 6.001049 ] ] } },
{ "type": "Feature", "properties": { "tg_type": "INF.PONT", "nom": "Douala-Bafoussam", "source_id": "way/452784316", "source": "OSM_OSMFR_2026-10-03", "statut": "IMPORTE", "date_source": "2026-10-03", "classe_route": "trunk", "ref": "N5", "bridge": "yes", "bridge_structure": null, "longueur_m": 18.5 }, "geometry": { "type": "LineString", "coordinates": [ [ 9.642626, 4.570385 ], [ 9.642526, 4.570251 ] ] } },
{ "type": "Feature", "properties": { "tg_type": "INF.PONT", "nom": "Kumba-Mamfe", "source_id": "way/452860046", "source": "OSM_OSMFR_2026-10-03", "statut": "IMPORTE", "date_source": "2026-10-03", "classe_route": "trunk", "ref": "N8", "bridge": "yes", "bridge_structure": null, "longueur_m": 33.7 }, "geometry": { "type": "LineString", "coordinates": [ [ 9.395477, 5.061605 ], [ 9.395368, 5.061321 ] ] } },
{ "type": "Feature", "properties": { "tg_type": "INF.PONT", "nom": "Kumba-Mamfe", "source_id": "way/452860047", "source": "OSM_OSMFR_2026-10-03", "statut": "IMPORTE", "date_source": "2026-10-03", "classe_route": "trunk", "ref": "N8", "bridge": "yes", "bridge_structure": null, "longueur_m": 25.0 }, "geometry": { "type": "LineString", "coordinates": [ [ 9.457787, 4.865628 ], [ 9.457759, 4.865404 ] ] } },
{ "type": "Feature", "properties": { "tg_type": "INF.PONT", "nom": "Kumba-Mamfe", "source_id": "way/452860048", "source": "OSM_OSMFR_2026-10-03", "statut": "IMPORTE", "date_source": "2026-10-03", "classe_route": "trunk", "ref": "N8", "bridge": "yes", "bridge_structure": null, "longueur_m": 92.6 }, "geometry": { "type": "LineString", "coordinates": [ [ 9.414663, 5.029775 ], [ 9.415384, 5.029367 ] ] } },
{ "type": "Feature", "properties": { "tg_type": "INF.PONT", "nom": "Kumba-Mamfe", "source_id": "way/452860049", "source": "OSM_OSMFR_2026-10-03", "statut": "IMPORTE", "date_source": "2026-10-03", "classe_route": "trunk", "ref": "N8", "bridge": "yes", "bridge_structure": null, "longueur_m": 100.0 }, "geometry": { "type": "LineString", "coordinates": [ [ 9.417521, 5.030126 ], [ 9.41797, 5.030268 ], [ 9.418399, 5.030259 ] ] } },
{ "type": "Feature", "properties": { "tg_type": "INF.PONT", "nom": "Mbakwa Supe viaduct", "source_id": "way/452860055", "source": "OSM_OSMFR_2026-10-03", "statut": "IMPORTE", "date_source": "2026-10-03", "classe_route": "trunk", "ref": "N8", "bridge": "yes", "bridge_structure": null, "longueur_m": 980.2 }, "geometry": { "type": "LineString", "coordinates": [ [ 9.420238, 5.029346 ], [ 9.421231, 5.028727 ], [ 9.421784, 5.028191 ], [ 9.422138, 5.027539 ], [ 9.422246, 5.026801 ], [ 9.422161, 5.026224 ], [ 9.420595, 5.022492 ], [ 9.420397, 5.02173 ] ] } },
{ "type": "Feature", "properties": { "tg_type": "INF.PONT", "nom": "Kumba-Mundemba", "source_id": "way/452863176", "source": "OSM_OSMFR_2026-10-03", "statut": "IMPORTE", "date_source": "2026-10-03", "classe_route": "trunk", "ref": "N16", "bridge": "yes", "bridge_structure": null, "longueur_m": 15.9 }, "geometry": { "type": "LineString", "coordinates": [ [ 9.416534, 4.622024 ], [ 9.416646, 4.622112 ] ] } },
{ "type": "Feature", "properties": { "tg_type": "INF.PONT", "nom": "Provinciale 17", "source_id": "way/457328725", "source": "OSM_OSMFR_2026-10-03", "statut": "IMPORTE", "date_source": "2026-10-03", "classe_route": "primary", "ref": "P17", "bridge": "yes", "bridge_structure": null, "longueur_m": 10.7 }, "geometry": { "type": "LineString", "coordinates": [ [ 10.062224, 5.450559 ], [ 10.06216, 5.450486 ] ] } },
{ "type": "Feature", "properties": { "tg_type": "INF.PONT", "nom": "Provinciale 19", "source_id": "way/457342053", "source": "OSM_OSMFR_2026-10-03", "statut": "IMPORTE", "date_source": "2026-10-03", "classe_route": "primary", "ref": "P19", "bridge": "yes", "bridge_structure": null, "longueur_m": 8.9 }, "geometry": { "type": "LineString", "coordinates": [ [ 10.054839, 5.454138 ], [ 10.054914, 5.454109 ] ] } },
{ "type": "Feature", "properties": { "tg_type": "INF.PONT", "nom": "Avenue Japoma", "source_id": "way/457491880", "source": "OSM_OSMFR_2026-10-03", "statut": "IMPORTE", "date_source": "2026-10-03", "classe_route": "primary", "ref": "P14", "bridge": "yes", "bridge_structure": null, "longueur_m": 13.9 }, "geometry": { "type": "LineString", "coordinates": [ [ 9.760898, 4.047625 ], [ 9.76102, 4.047654 ] ] } },
{ "type": "Feature", "properties": { "tg_type": "INF.PONT", "nom": "Axe Centrale Douala-Edea", "source_id": "way/460393275", "source": "OSM_OSMFR_2026-10-03", "statut": "IMPORTE", "date_source": "2026-10-03", "classe_route": "trunk", "ref": "N3", "bridge": "yes", "bridge_structure": null, "longueur_m": 300.9 }, "geometry": { "type": "LineString", "coordinates": [ [ 9.731183, 4.012503 ], [ 9.732044, 4.011983 ], [ 9.733582, 4.011247 ] ] } },
{ "type": "Feature", "properties": { "tg_type": "INF.PONT", "nom": "Pont d'Eboro", "source_id": "way/472667416", "source": "OSM_OSMFR_2026-10-03", "statut": "IMPORTE", "date_source": "2026-10-03", "classe_route": "trunk", "ref": null, "bridge": "yes", "bridge_structure": null, "longueur_m": 110.0 }, "geometry": { "type": "LineString", "coordinates": [ [ 11.446608, 2.292033 ], [ 11.446753, 2.291049 ] ] } },
{ "type": "Feature", "properties": { "tg_type": "INF.PONT", "nom": "", "source_id": "way/477118220", "source": "OSM_OSMFR_2026-10-03", "statut": "IMPORTE", "date_source": "2026-10-03", "classe_route": "trunk", "ref": "N7", "bridge": "yes", "bridge_structure": null, "longueur_m": 10.3 }, "geometry": { "type": "LineString", "coordinates": [ [ 9.904032, 2.930405 ], [ 9.904017, 2.930313 ] ] } },
{ "type": "Feature", "properties": { "tg_type": "INF.PONT", "nom": "", "source_id": "way/478557094", "source": "OSM_OSMFR_2026-10-03", "statut": "IMPORTE", "date_source": "2026-10-03", "classe_route": "trunk", "ref": "N 13", "bridge": "yes", "bridge_structure": null, "longueur_m": 59.2 }, "geometry": { "type": "LineString", "coordinates": [ [ 14.85877, 8.26453 ], [ 14.859307, 8.264546 ] ] } },
{ "type": "Feature", "properties": { "tg_type": "INF.PONT", "nom": "Douala-Bafoussam (N5)", "source_id": "way/479570299", "source": "OSM_OSMFR_2026-10-03", "statut": "IMPORTE", "date_source": "2026-10-03", "classe_route": "trunk", "ref": "N5", "bridge": "yes", "bridge_structure": null, "longueur_m": 29.7 }, "geometry": { "type": "LineString", "coordinates": [ [ 9.951975, 5.11742 ], [ 9.951937, 5.117154 ] ] } },
{ "type": "Feature", "properties": { "tg_type": "INF.PONT", "nom": "Provinciale 17a", "source_id": "way/479572656", "source": "OSM_OSMFR_2026-10-03", "statut": "IMPORTE", "date_source": "2026-10-03", "classe_route": "primary", "ref": "P17a", "bridge": "yes", "bridge_structure": null, "longueur_m": 10.1 }, "geometry": { "type": "LineString", "coordinates": [ [ 9.941382, 5.114847 ], [ 9.941429, 5.114768 ] ] } },
{ "type": "Feature", "properties": { "tg_type": "INF.PONT", "nom": "Route Mamfé - Eyumodjock", "source_id": "way/481340230", "source": "OSM_OSMFR_2026-10-03", "statut": "IMPORTE", "date_source": "2026-10-03", "classe_route": "trunk", "ref": "N6", "bridge": "yes", "bridge_structure": null, "longueur_m": 77.1 }, "geometry": { "type": "LineString", "coordinates": [ [ 9.0608, 5.764608 ], [ 9.060575, 5.763948 ] ] } },
{ "type": "Feature", "properties": { "tg_type": "INF.PONT", "nom": "Maroua-Kousséri", "source_id": "way/484276019", "source": "OSM_OSMFR_2026-10-03", "statut": "IMPORTE", "date_source": "2026-10-03", "classe_route": "trunk", "ref": "N1", "bridge": "yes", "bridge_structure": null, "longueur_m": 3.1 }, "geometry": { "type": "LineString", "coordinates": [ [ 14.289094, 10.659571 ], [ 14.289121, 10.659564 ] ] } },
{ "type": "Feature", "properties": { "tg_type": "INF.PONT", "nom": "Provinciale 17", "source_id": "way/485719508", "source": "OSM_OSMFR_2026-10-03", "statut": "IMPORTE", "date_source": "2026-10-03", "classe_route": "primary", "ref": "P17", "bridge": "yes", "bridge_structure": null, "longueur_m": 25.4 }, "geometry": { "type": "LineString", "coordinates": [ [ 10.132509, 5.495537 ], [ 10.132293, 5.495463 ] ] } },
{ "type": "Feature", "properties": { "tg_type": "INF.PONT", "nom": "", "source_id": "way/490506076", "source": "OSM_OSMFR_2026-10-03", "statut": "IMPORTE", "date_source": "2026-10-03", "classe_route": "trunk", "ref": "N9", "bridge": "yes", "bridge_structure": null, "longueur_m": 21.0 }, "geometry": { "type": "LineString", "coordinates": [ [ 11.976766, 2.94013 ], [ 11.97677, 2.93994 ] ] } },
{ "type": "Feature", "properties": { "tg_type": "INF.PONT", "nom": "Sangmélima-Mbalmayo", "source_id": "way/490506078", "source": "OSM_OSMFR_2026-10-03", "statut": "IMPORTE", "date_source": "2026-10-03", "classe_route": "trunk", "ref": "N9", "bridge": "yes", "bridge_structure": null, "longueur_m": 30.6 }, "geometry": { "type": "LineString", "coordinates": [ [ 11.792119, 3.298405 ], [ 11.792077, 3.298131 ] ] } },
{ "type": "Feature", "properties": { "tg_type": "INF.PONT", "nom": "", "source_id": "way/495685048", "source": "OSM_OSMFR_2026-10-03", "statut": "IMPORTE", "date_source": "2026-10-03", "classe_route": "trunk", "ref": "N11", "bridge": "yes", "bridge_structure": null, "longueur_m": 59.2 }, "geometry": { "type": "LineString", "coordinates": [ [ 10.420609, 6.600971 ], [ 10.420678, 6.60044 ] ] } },
{ "type": "Feature", "properties": { "tg_type": "INF.PONT", "nom": "", "source_id": "way/495685056", "source": "OSM_OSMFR_2026-10-03", "statut": "IMPORTE", "date_source": "2026-10-03", "classe_route": "trunk", "ref": "N11", "bridge": "yes", "bridge_structure": null, "longueur_m": 29.2 }, "geometry": { "type": "LineString", "coordinates": [ [ 10.364815, 6.528287 ], [ 10.364707, 6.528047 ] ] } },
{ "type": "Feature", "properties": { "tg_type": "INF.PONT", "nom": "", "source_id": "way/499608019", "source": "OSM_OSMFR_2026-10-03", "statut": "IMPORTE", "date_source": "2026-10-03", "classe_route": "trunk", "ref": "N5", "bridge": "yes", "bridge_structure": null, "longueur_m": 43.0 }, "geometry": { "type": "LineString", "coordinates": [ [ 9.772272, 4.829682 ], [ 9.771995, 4.82941 ] ] } },
{ "type": "Feature", "properties": { "tg_type": "INF.PONT", "nom": "Maroua-Kousséri", "source_id": "way/503605462", "source": "OSM_OSMFR_2026-10-03", "statut": "IMPORTE", "date_source": "2026-10-03", "classe_route": "trunk", "ref": "N1", "bridge": "yes", "bridge_structure": null, "longueur_m": 17.8 }, "geometry": { "type": "LineString", "coordinates": [ [ 14.657142, 11.943032 ], [ 14.65714, 11.942871 ] ] } },
{ "type": "Feature", "properties": { "tg_type": "INF.PONT", "nom": "Maroua-Kousséri", "source_id": "way/510320328", "source": "OSM_OSMFR_2026-10-03", "statut": "IMPORTE", "date_source": "2026-10-03", "classe_route": "trunk", "ref": "N1", "bridge": "yes", "bridge_structure": null, "longueur_m": 182.8 }, "geometry": { "type": "LineString", "coordinates": [ [ 14.741859, 12.12533 ], [ 14.740542, 12.124304 ] ] } },
{ "type": "Feature", "properties": { "tg_type": "INF.PONT", "nom": "", "source_id": "way/511099406", "source": "OSM_OSMFR_2026-10-03", "statut": "IMPORTE", "date_source": "2026-10-03", "classe_route": "trunk", "ref": "N1A", "bridge": "yes", "bridge_structure": null, "longueur_m": 15.7 }, "geometry": { "type": "LineString", "coordinates": [ [ 14.441125, 12.368367 ], [ 14.441006, 12.368446 ] ] } },
{ "type": "Feature", "properties": { "tg_type": "INF.PONT", "nom": "Edea-Kribi", "source_id": "way/518757448", "source": "OSM_OSMFR_2026-10-03", "statut": "IMPORTE", "date_source": "2026-10-03", "classe_route": "trunk", "ref": "N7", "bridge": "yes", "bridge_structure": null, "longueur_m": 57.8 }, "geometry": { "type": "LineString", "coordinates": [ [ 9.972013, 3.030016 ], [ 9.971902, 3.030527 ] ] } },
{ "type": "Feature", "properties": { "tg_type": "INF.PONT", "nom": "Edea-Kribi", "source_id": "way/520618358", "source": "OSM_OSMFR_2026-10-03", "statut": "IMPORTE", "date_source": "2026-10-03", "classe_route": "trunk", "ref": "N7", "bridge": "yes", "bridge_structure": null, "longueur_m": 53.0 }, "geometry": { "type": "LineString", "coordinates": [ [ 9.951706, 3.010005 ], [ 9.952091, 3.010287 ] ] } },
{ "type": "Feature", "properties": { "tg_type": "INF.PONT", "nom": "", "source_id": "way/527790642", "source": "OSM_OSMFR_2026-10-03", "statut": "IMPORTE", "date_source": "2026-10-03", "classe_route": "trunk", "ref": "N 1", "bridge": "yes", "bridge_structure": null, "longueur_m": 36.2 }, "geometry": { "type": "LineString", "coordinates": [ [ 11.85899, 4.430118 ], [ 11.859143, 4.430407 ] ] } },
{ "type": "Feature", "properties": { "tg_type": "INF.PONT", "nom": "", "source_id": "way/531205235", "source": "OSM_OSMFR_2026-10-03", "statut": "IMPORTE", "date_source": "2026-10-03", "classe_route": "trunk", "ref": "N 1", "bridge": "yes", "bridge_structure": null, "longueur_m": 28.9 }, "geometry": { "type": "LineString", "coordinates": [ [ 11.829816, 4.408627 ], [ 11.829805, 4.408888 ] ] } },
{ "type": "Feature", "properties": { "tg_type": "INF.PONT", "nom": "", "source_id": "way/540966553", "source": "OSM_OSMFR_2026-10-03", "statut": "IMPORTE", "date_source": "2026-10-03", "classe_route": "primary", "ref": "P10", "bridge": "yes", "bridge_structure": null, "longueur_m": 39.3 }, "geometry": { "type": "LineString", "coordinates": [ [ 11.123291, 4.582023 ], [ 11.123495, 4.582314 ] ] } },
{ "type": "Feature", "properties": { "tg_type": "INF.PONT", "nom": "", "source_id": "way/540967598", "source": "OSM_OSMFR_2026-10-03", "statut": "IMPORTE", "date_source": "2026-10-03", "classe_route": "primary", "ref": "P10", "bridge": "yes", "bridge_structure": null, "longueur_m": 25.4 }, "geometry": { "type": "LineString", "coordinates": [ [ 11.117487, 4.527878 ], [ 11.117452, 4.527651 ] ] } },
{ "type": "Feature", "properties": { "tg_type": "INF.PONT", "nom": "", "source_id": "way/540973637", "source": "OSM_OSMFR_2026-10-03", "statut": "IMPORTE", "date_source": "2026-10-03", "classe_route": "primary", "ref": "P10", "bridge": "yes", "bridge_structure": null, "longueur_m": 31.3 }, "geometry": { "type": "LineString", "coordinates": [ [ 11.063933, 4.492028 ], [ 11.063736, 4.491824 ] ] } },
{ "type": "Feature", "properties": { "tg_type": "INF.PONT", "nom": "", "source_id": "way/540975438", "source": "OSM_OSMFR_2026-10-03", "statut": "IMPORTE", "date_source": "2026-10-03", "classe_route": "primary", "ref": "P10", "bridge": "yes", "bridge_structure": null, "longueur_m": 30.1 }, "geometry": { "type": "LineString", "coordinates": [ [ 11.06344, 4.376686 ], [ 11.063493, 4.376419 ] ] } },
{ "type": "Feature", "properties": { "tg_type": "INF.PONT", "nom": "", "source_id": "way/540975445", "source": "OSM_OSMFR_2026-10-03", "statut": "IMPORTE", "date_source": "2026-10-03", "classe_route": "primary", "ref": "P10", "bridge": "yes", "bridge_structure": null, "longueur_m": 10.9 }, "geometry": { "type": "LineString", "coordinates": [ [ 11.06379, 4.381902 ], [ 11.063789, 4.381803 ] ] } },
{ "type": "Feature", "properties": { "tg_type": "INF.PONT", "nom": "Garoua-Mokolo", "source_id": "way/544624532", "source": "OSM_OSMFR_2026-10-03", "statut": "IMPORTE", "date_source": "2026-10-03", "classe_route": "primary", "ref": "P1", "bridge": "yes", "bridge_structure": null, "longueur_m": 24.1 }, "geometry": { "type": "LineString", "coordinates": [ [ 13.541639, 10.320143 ], [ 13.541656, 10.319926 ] ] } },
{ "type": "Feature", "properties": { "tg_type": "INF.PONT", "nom": "Garoua-Mokolo", "source_id": "way/547033741", "source": "OSM_OSMFR_2026-10-03", "statut": "IMPORTE", "date_source": "2026-10-03", "classe_route": "primary", "ref": "P1", "bridge": "yes", "bridge_structure": null, "longueur_m": 34.0 }, "geometry": { "type": "LineString", "coordinates": [ [ 13.797303, 10.740959 ], [ 13.796993, 10.74095 ] ] } },
{ "type": "Feature", "properties": { "tg_type": "INF.PONT", "nom": "", "source_id": "way/553454696", "source": "OSM_OSMFR_2026-10-03", "statut": "IMPORTE", "date_source": "2026-10-03", "classe_route": "trunk", "ref": "N 1", "bridge": "yes", "bridge_structure": null, "longueur_m": 21.1 }, "geometry": { "type": "LineString", "coordinates": [ [ 11.912432, 4.451271 ], [ 11.912567, 4.451406 ] ] } },
{ "type": "Feature", "properties": { "tg_type": "INF.PONT", "nom": "", "source_id": "way/553500222", "source": "OSM_OSMFR_2026-10-03", "statut": "IMPORTE", "date_source": "2026-10-03", "classe_route": "primary", "ref": null, "bridge": "yes", "bridge_structure": null, "longueur_m": 56.1 }, "geometry": { "type": "LineString", "coordinates": [ [ 9.73847, 4.009647 ], [ 9.737981, 4.009776 ] ] } },
{ "type": "Feature", "properties": { "tg_type": "INF.PONT", "nom": "", "source_id": "way/553500232", "source": "OSM_OSMFR_2026-10-03", "statut": "IMPORTE", "date_source": "2026-10-03", "classe_route": "primary", "ref": null, "bridge": "yes", "bridge_structure": null, "longueur_m": 55.9 }, "geometry": { "type": "LineString", "coordinates": [ [ 9.737945, 4.00961 ], [ 9.738432, 4.009483 ] ] } },
{ "type": "Feature", "properties": { "tg_type": "INF.PONT", "nom": "Pont Routier du Wouri vers Deido", "source_id": "way/553571781", "source": "OSM_OSMFR_2026-10-03", "statut": "IMPORTE", "date_source": "2026-10-03", "classe_route": "trunk", "ref": "N3", "bridge": "yes", "bridge_structure": null, "longueur_m": 730.1 }, "geometry": { "type": "LineString", "coordinates": [ [ 9.689988, 4.070853 ], [ 9.692488, 4.071858 ], [ 9.69354, 4.072159 ], [ 9.694473, 4.072329 ], [ 9.69631, 4.072322 ] ] } },
{ "type": "Feature", "properties": { "tg_type": "INF.PONT", "nom": "", "source_id": "way/571263980", "source": "OSM_OSMFR_2026-10-03", "statut": "IMPORTE", "date_source": "2026-10-03", "classe_route": "primary", "ref": "P1", "bridge": "yes", "bridge_structure": null, "longueur_m": 40.8 }, "geometry": { "type": "LineString", "coordinates": [ [ 13.991192, 11.05178 ], [ 13.990957, 11.051493 ] ] } },
{ "type": "Feature", "properties": { "tg_type": "INF.PONT", "nom": "", "source_id": "way/571263982", "source": "OSM_OSMFR_2026-10-03", "statut": "IMPORTE", "date_source": "2026-10-03", "classe_route": "primary", "ref": "P1", "bridge": "yes", "bridge_structure": null, "longueur_m": 59.8 }, "geometry": { "type": "LineString", "coordinates": [ [ 14.011653, 11.077778 ], [ 14.011146, 11.077574 ] ] } },
{ "type": "Feature", "properties": { "tg_type": "INF.PONT", "nom": "Rue 1.500", "source_id": "way/583730154", "source": "OSM_OSMFR_2026-10-03", "statut": "IMPORTE", "date_source": "2026-10-03", "classe_route": "primary", "ref": "D 46", "bridge": "yes", "bridge_structure": null, "longueur_m": 37.1 }, "geometry": { "type": "LineString", "coordinates": [ [ 11.531261, 3.88688 ], [ 11.531594, 3.886857 ] ] } },
{ "type": "Feature", "properties": { "tg_type": "INF.PONT", "nom": "Rue 4.014", "source_id": "way/587509967", "source": "OSM_OSMFR_2026-10-03", "statut": "IMPORTE", "date_source": "2026-10-03", "classe_route": "trunk", "ref": "N 3", "bridge": "yes", "bridge_structure": null, "longueur_m": 82.2 }, "geometry": { "type": "LineString", "coordinates": [ [ 9.660867, 4.090377 ], [ 9.661085, 4.089668 ] ] } },
{ "type": "Feature", "properties": { "tg_type": "INF.PONT", "nom": "", "source_id": "way/591741717", "source": "OSM_OSMFR_2026-10-03", "statut": "IMPORTE", "date_source": "2026-10-03", "classe_route": "trunk", "ref": null, "bridge": "yes", "bridge_structure": null, "longueur_m": 64.9 }, "geometry": { "type": "LineString", "coordinates": [ [ 9.958871, 2.983605 ], [ 9.959319, 2.983229 ] ] } },
{ "type": "Feature", "properties": { "tg_type": "INF.PONT", "nom": "Maroua-Kousséri", "source_id": "way/595581117", "source": "OSM_OSMFR_2026-10-03", "statut": "IMPORTE", "date_source": "2026-10-03", "classe_route": "trunk", "ref": "N1", "bridge": "yes", "bridge_structure": null, "longueur_m": 15.4 }, "geometry": { "type": "LineString", "coordinates": [ [ 14.208023, 10.946745 ], [ 14.208075, 10.946616 ] ] } },
{ "type": "Feature", "properties": { "tg_type": "INF.PONT", "nom": "", "source_id": "way/595931863", "source": "OSM_OSMFR_2026-10-03", "statut": "IMPORTE", "date_source": "2026-10-03", "classe_route": "trunk", "ref": "N11", "bridge": "yes", "bridge_structure": null, "longueur_m": 29.0 }, "geometry": { "type": "LineString", "coordinates": [ [ 10.336044, 6.486276 ], [ 10.335962, 6.486026 ] ] } },
{ "type": "Feature", "properties": { "tg_type": "INF.PONT", "nom": "", "source_id": "way/596653729", "source": "OSM_OSMFR_2026-10-03", "statut": "IMPORTE", "date_source": "2026-10-03", "classe_route": "primary", "ref": "P14", "bridge": "yes", "bridge_structure": null, "longueur_m": 19.5 }, "geometry": { "type": "LineString", "coordinates": [ [ 10.108705, 3.812303 ], [ 10.108684, 3.812128 ] ] } },
{ "type": "Feature", "properties": { "tg_type": "INF.PONT", "nom": "Bamenda-Mamfe", "source_id": "way/599889958", "source": "OSM_OSMFR_2026-10-03", "statut": "IMPORTE", "date_source": "2026-10-03", "classe_route": "trunk", "ref": "N6", "bridge": "yes", "bridge_structure": null, "longueur_m": 41.8 }, "geometry": { "type": "LineString", "coordinates": [ [ 9.769564, 5.860538 ], [ 9.769924, 5.860653 ] ] } },
{ "type": "Feature", "properties": { "tg_type": "INF.PONT", "nom": "", "source_id": "way/600771022", "source": "OSM_OSMFR_2026-10-03", "statut": "IMPORTE", "date_source": "2026-10-03", "classe_route": "trunk", "ref": "N 15", "bridge": "yes", "bridge_structure": null, "longueur_m": 66.0 }, "geometry": { "type": "LineString", "coordinates": [ [ 11.633634, 4.494488 ], [ 11.633616, 4.495085 ] ] } },
{ "type": "Feature", "properties": { "tg_type": "INF.PONT", "nom": "", "source_id": "way/602012919", "source": "OSM_OSMFR_2026-10-03", "statut": "IMPORTE", "date_source": "2026-10-03", "classe_route": "trunk", "ref": "N 1", "bridge": "yes", "bridge_structure": null, "longueur_m": 56.9 }, "geometry": { "type": "LineString", "coordinates": [ [ 12.266568, 4.628172 ], [ 12.266979, 4.628479 ] ] } },
{ "type": "Feature", "properties": { "tg_type": "INF.PONT", "nom": "", "source_id": "way/602012938", "source": "OSM_OSMFR_2026-10-03", "statut": "IMPORTE", "date_source": "2026-10-03", "classe_route": "trunk", "ref": "N 1", "bridge": "yes", "bridge_structure": null, "longueur_m": 40.8 }, "geometry": { "type": "LineString", "coordinates": [ [ 12.229957, 4.606546 ], [ 12.230025, 4.606909 ] ] } },
{ "type": "Feature", "properties": { "tg_type": "INF.PONT", "nom": "", "source_id": "way/602028116", "source": "OSM_OSMFR_2026-10-03", "statut": "IMPORTE", "date_source": "2026-10-03", "classe_route": "primary", "ref": "P29", "bridge": "yes", "bridge_structure": null, "longueur_m": 21.4 }, "geometry": { "type": "LineString", "coordinates": [ [ 13.835443, 10.457815 ], [ 13.83532, 10.457665 ] ] } },
{ "type": "Feature", "properties": { "tg_type": "INF.PONT", "nom": "", "source_id": "way/602028118", "source": "OSM_OSMFR_2026-10-03", "statut": "IMPORTE", "date_source": "2026-10-03", "classe_route": "primary", "ref": "P29", "bridge": "yes", "bridge_structure": null, "longueur_m": 18.6 }, "geometry": { "type": "LineString", "coordinates": [ [ 13.852982, 10.360977 ], [ 13.853025, 10.360815 ] ] } },
{ "type": "Feature", "properties": { "tg_type": "INF.PONT", "nom": "", "source_id": "way/602028120", "source": "OSM_OSMFR_2026-10-03", "statut": "IMPORTE", "date_source": "2026-10-03", "classe_route": "primary", "ref": "P29", "bridge": "yes", "bridge_structure": null, "longueur_m": 25.9 }, "geometry": { "type": "LineString", "coordinates": [ [ 13.873011, 10.313777 ], [ 13.873096, 10.313558 ] ] } },
{ "type": "Feature", "properties": { "tg_type": "INF.PONT", "nom": "", "source_id": "way/602028122", "source": "OSM_OSMFR_2026-10-03", "statut": "IMPORTE", "date_source": "2026-10-03", "classe_route": "primary", "ref": "P29", "bridge": "yes", "bridge_structure": null, "longueur_m": 40.6 }, "geometry": { "type": "LineString", "coordinates": [ [ 13.915381, 10.178519 ], [ 13.915555, 10.178195 ] ] } },
{ "type": "Feature", "properties": { "tg_type": "INF.PONT", "nom": "", "source_id": "way/602028124", "source": "OSM_OSMFR_2026-10-03", "statut": "IMPORTE", "date_source": "2026-10-03", "classe_route": "primary", "ref": "P29", "bridge": "yes", "bridge_structure": null, "longueur_m": 33.2 }, "geometry": { "type": "LineString", "coordinates": [ [ 13.916093, 10.054925 ], [ 13.915918, 10.05468 ] ] } },
{ "type": "Feature", "properties": { "tg_type": "INF.PONT", "nom": "", "source_id": "way/602028126", "source": "OSM_OSMFR_2026-10-03", "statut": "IMPORTE", "date_source": "2026-10-03", "classe_route": "primary", "ref": "P29", "bridge": "yes", "bridge_structure": null, "longueur_m": 50.7 }, "geometry": { "type": "LineString", "coordinates": [ [ 13.915906, 10.023149 ], [ 13.916104, 10.022736 ] ] } },
{ "type": "Feature", "properties": { "tg_type": "INF.PONT", "nom": "", "source_id": "way/603024868", "source": "OSM_OSMFR_2026-10-03", "statut": "IMPORTE", "date_source": "2026-10-03", "classe_route": "trunk", "ref": "N20", "bridge": "yes", "bridge_structure": null, "longueur_m": 52.7 }, "geometry": { "type": "LineString", "coordinates": [ [ 15.338299, 7.769208 ], [ 15.338762, 7.769089 ] ] } },
{ "type": "Feature", "properties": { "tg_type": "INF.PONT", "nom": "Garoua-Maroua", "source_id": "way/604099938", "source": "OSM_OSMFR_2026-10-03", "statut": "IMPORTE", "date_source": "2026-10-03", "classe_route": "trunk", "ref": "N1", "bridge": "yes", "bridge_structure": null, "longueur_m": 18.9 }, "geometry": { "type": "LineString", "coordinates": [ [ 13.40791, 9.308905 ], [ 13.408018, 9.309038 ] ] } },
{ "type": "Feature", "properties": { "tg_type": "INF.PONT", "nom": "", "source_id": "way/604952704", "source": "OSM_OSMFR_2026-10-03", "statut": "IMPORTE", "date_source": "2026-10-03", "classe_route": "trunk", "ref": "N 13", "bridge": "yes", "bridge_structure": null, "longueur_m": 24.5 }, "geometry": { "type": "LineString", "coordinates": [ [ 14.965934, 8.228359 ], [ 14.966151, 8.228313 ] ] } },
{ "type": "Feature", "properties": { "tg_type": "INF.PONT", "nom": "", "source_id": "way/604952706", "source": "OSM_OSMFR_2026-10-03", "statut": "IMPORTE", "date_source": "2026-10-03", "classe_route": "trunk", "ref": "N 13", "bridge": "yes", "bridge_structure": null, "longueur_m": 33.2 }, "geometry": { "type": "LineString", "coordinates": [ [ 14.954133, 8.2268 ], [ 14.954368, 8.226988 ] ] } },
{ "type": "Feature", "properties": { "tg_type": "INF.PONT", "nom": "Maroua-Kousséri", "source_id": "way/605128068", "source": "OSM_OSMFR_2026-10-03", "statut": "IMPORTE", "date_source": "2026-10-03", "classe_route": "trunk", "ref": "N1", "bridge": "yes", "bridge_structure": null, "longueur_m": 9.4 }, "geometry": { "type": "LineString", "coordinates": [ [ 14.30572, 10.621912 ], [ 14.305732, 10.621828 ] ] } },
{ "type": "Feature", "properties": { "tg_type": "INF.PONT", "nom": "", "source_id": "way/605880067", "source": "OSM_OSMFR_2026-10-03", "statut": "IMPORTE", "date_source": "2026-10-03", "classe_route": "primary", "ref": null, "bridge": "yes", "bridge_structure": null, "longueur_m": 27.4 }, "geometry": { "type": "LineString", "coordinates": [ [ 9.730855, 4.082607 ], [ 9.731084, 4.0827 ] ] } },
{ "type": "Feature", "properties": { "tg_type": "INF.PONT", "nom": "", "source_id": "way/607346918", "source": "OSM_OSMFR_2026-10-03", "statut": "IMPORTE", "date_source": "2026-10-03", "classe_route": "trunk", "ref": "N 8", "bridge": "yes", "bridge_structure": null, "longueur_m": 16.6 }, "geometry": { "type": "LineString", "coordinates": [ [ 9.307807, 4.137976 ], [ 9.307769, 4.137831 ] ] } },
{ "type": "Feature", "properties": { "tg_type": "INF.PONT", "nom": "", "source_id": "way/608403664", "source": "OSM_OSMFR_2026-10-03", "statut": "IMPORTE", "date_source": "2026-10-03", "classe_route": "primary", "ref": null, "bridge": "yes", "bridge_structure": null, "longueur_m": 20.0 }, "geometry": { "type": "LineString", "coordinates": [ [ 13.584481, 7.317413 ], [ 13.584528, 7.317588 ] ] } },
{ "type": "Feature", "properties": { "tg_type": "INF.PONT", "nom": "Pont de manwi- bini", "source_id": "way/608571565", "source": "OSM_OSMFR_2026-10-03", "statut": "IMPORTE", "date_source": "2026-10-03", "classe_route": "trunk", "ref": "N 1", "bridge": "yes", "bridge_structure": null, "longueur_m": 26.9 }, "geometry": { "type": "LineString", "coordinates": [ [ 13.548933, 7.406118 ], [ 13.548881, 7.406356 ] ] } },
{ "type": "Feature", "properties": { "tg_type": "INF.PONT", "nom": "Yaoundé-Mbalmayo", "source_id": "way/608840497", "source": "OSM_OSMFR_2026-10-03", "statut": "IMPORTE", "date_source": "2026-10-03", "classe_route": "trunk", "ref": "N2", "bridge": "yes", "bridge_structure": null, "longueur_m": 13.2 }, "geometry": { "type": "LineString", "coordinates": [ [ 11.513408, 3.523515 ], [ 11.513416, 3.523634 ] ] } },
{ "type": "Feature", "properties": { "tg_type": "INF.PONT", "nom": "Douala-Bafoussam (N5)", "source_id": "way/609398983", "source": "OSM_OSMFR_2026-10-03", "statut": "IMPORTE", "date_source": "2026-10-03", "classe_route": "trunk", "ref": "N5", "bridge": "yes", "bridge_structure": null, "longueur_m": 35.6 }, "geometry": { "type": "LineString", "coordinates": [ [ 9.731505, 4.727215 ], [ 9.731205, 4.727102 ] ] } },
{ "type": "Feature", "properties": { "tg_type": "INF.PONT", "nom": "", "source_id": "way/609529204", "source": "OSM_OSMFR_2026-10-03", "statut": "IMPORTE", "date_source": "2026-10-03", "classe_route": "primary", "ref": "P11", "bridge": "yes", "bridge_structure": null, "longueur_m": 14.5 }, "geometry": { "type": "LineString", "coordinates": [ [ 11.449934, 3.945487 ], [ 11.449821, 3.945423 ] ] } },
{ "type": "Feature", "properties": { "tg_type": "INF.PONT", "nom": "", "source_id": "way/609529207", "source": "OSM_OSMFR_2026-10-03", "statut": "IMPORTE", "date_source": "2026-10-03", "classe_route": "primary", "ref": "P11", "bridge": "yes", "bridge_structure": null, "longueur_m": 17.5 }, "geometry": { "type": "LineString", "coordinates": [ [ 11.449866, 3.94538 ], [ 11.449998, 3.945465 ] ] } },
{ "type": "Feature", "properties": { "tg_type": "INF.PONT", "nom": "Mbalmayo - Ebolowa", "source_id": "way/610004745", "source": "OSM_OSMFR_2026-10-03", "statut": "IMPORTE", "date_source": "2026-10-03", "classe_route": "trunk", "ref": "N2", "bridge": "yes", "bridge_structure": null, "longueur_m": 77.5 }, "geometry": { "type": "LineString", "coordinates": [ [ 11.481037, 3.322683 ], [ 11.480664, 3.322091 ] ] } },
{ "type": "Feature", "properties": { "tg_type": "INF.PONT", "nom": "", "source_id": "way/610065440", "source": "OSM_OSMFR_2026-10-03", "statut": "IMPORTE", "date_source": "2026-10-03", "classe_route": "primary", "ref": "P16", "bridge": "yes", "bridge_structure": null, "longueur_m": 13.5 }, "geometry": { "type": "LineString", "coordinates": [ [ 9.743408, 4.710601 ], [ 9.74352, 4.710553 ] ] } },
{ "type": "Feature", "properties": { "tg_type": "INF.PONT", "nom": "", "source_id": "way/610154121", "source": "OSM_OSMFR_2026-10-03", "statut": "IMPORTE", "date_source": "2026-10-03", "classe_route": "trunk", "ref": "N 1", "bridge": "yes", "bridge_structure": null, "longueur_m": 22.0 }, "geometry": { "type": "LineString", "coordinates": [ [ 11.612372, 4.2682 ], [ 11.612455, 4.268381 ] ] } },
{ "type": "Feature", "properties": { "tg_type": "INF.PONT", "nom": "", "source_id": "way/610336837", "source": "OSM_OSMFR_2026-10-03", "statut": "IMPORTE", "date_source": "2026-10-03", "classe_route": "trunk", "ref": "N10", "bridge": "yes", "bridge_structure": null, "longueur_m": 62.5 }, "geometry": { "type": "LineString", "coordinates": [ [ 13.175384, 3.992936 ], [ 13.17563, 3.993445 ] ] } },
{ "type": "Feature", "properties": { "tg_type": "INF.PONT", "nom": "", "source_id": "way/611099863", "source": "OSM_OSMFR_2026-10-03", "statut": "IMPORTE", "date_source": "2026-10-03", "classe_route": "trunk", "ref": "N14", "bridge": "yes", "bridge_structure": null, "longueur_m": 54.5 }, "geometry": { "type": "LineString", "coordinates": [ [ 14.110929, 11.085437 ], [ 14.111198, 11.085022 ] ] } },
{ "type": "Feature", "properties": { "tg_type": "INF.PONT", "nom": "", "source_id": "way/611099865", "source": "OSM_OSMFR_2026-10-03", "statut": "IMPORTE", "date_source": "2026-10-03", "classe_route": "primary", "ref": "P1", "bridge": "yes", "bridge_structure": null, "longueur_m": 21.1 }, "geometry": { "type": "LineString", "coordinates": [ [ 14.096924, 11.086165 ], [ 14.096846, 11.08634 ] ] } },
{ "type": "Feature", "properties": { "tg_type": "INF.PONT", "nom": "", "source_id": "way/611099867", "source": "OSM_OSMFR_2026-10-03", "statut": "IMPORTE", "date_source": "2026-10-03", "classe_route": "trunk", "ref": "N14", "bridge": "yes", "bridge_structure": null, "longueur_m": 45.2 }, "geometry": { "type": "LineString", "coordinates": [ [ 14.113453, 11.081454 ], [ 14.113673, 11.081108 ] ] } },
{ "type": "Feature", "properties": { "tg_type": "INF.PONT", "nom": "Provinciale 17", "source_id": "way/611267389", "source": "OSM_OSMFR_2026-10-03", "statut": "IMPORTE", "date_source": "2026-10-03", "classe_route": "primary", "ref": "P17", "bridge": "yes", "bridge_structure": null, "longueur_m": 18.8 }, "geometry": { "type": "LineString", "coordinates": [ [ 10.112483, 5.487323 ], [ 10.112324, 5.487264 ] ] } },
{ "type": "Feature", "properties": { "tg_type": "INF.PONT", "nom": "Boulevard de la République (1.729)", "source_id": "way/611269146", "source": "OSM_OSMFR_2026-10-03", "statut": "IMPORTE", "date_source": "2026-10-03", "classe_route": "primary", "ref": null, "bridge": "yes", "bridge_structure": null, "longueur_m": 20.6 }, "geometry": { "type": "LineString", "coordinates": [ [ 9.706893, 4.05527 ], [ 9.707034, 4.055392 ] ] } },
{ "type": "Feature", "properties": { "tg_type": "INF.PONT", "nom": "Boulevard de la République (1.729)", "source_id": "way/611269147", "source": "OSM_OSMFR_2026-10-03", "statut": "IMPORTE", "date_source": "2026-10-03", "classe_route": "primary", "ref": null, "bridge": "yes", "bridge_structure": null, "longueur_m": 16.2 }, "geometry": { "type": "LineString", "coordinates": [ [ 9.707003, 4.055482 ], [ 9.706891, 4.055388 ] ] } },
{ "type": "Feature", "properties": { "tg_type": "INF.PONT", "nom": "Boulevard de la République (1.729)", "source_id": "way/611269149", "source": "OSM_OSMFR_2026-10-03", "statut": "IMPORTE", "date_source": "2026-10-03", "classe_route": "primary", "ref": null, "bridge": "yes", "bridge_structure": null, "longueur_m": 12.1 }, "geometry": { "type": "LineString", "coordinates": [ [ 9.708102, 4.056319 ], [ 9.708182, 4.056393 ] ] } },
{ "type": "Feature", "properties": { "tg_type": "INF.PONT", "nom": "Boulevard de la République (1.729)", "source_id": "way/611269151", "source": "OSM_OSMFR_2026-10-03", "statut": "IMPORTE", "date_source": "2026-10-03", "classe_route": "primary", "ref": null, "bridge": "yes", "bridge_structure": null, "longueur_m": 14.6 }, "geometry": { "type": "LineString", "coordinates": [ [ 9.708126, 4.056465 ], [ 9.70803, 4.056375 ] ] } },
{ "type": "Feature", "properties": { "tg_type": "INF.PONT", "nom": "", "source_id": "way/611597635", "source": "OSM_OSMFR_2026-10-03", "statut": "IMPORTE", "date_source": "2026-10-03", "classe_route": "primary", "ref": "X19", "bridge": "yes", "bridge_structure": null, "longueur_m": 15.5 }, "geometry": { "type": "LineString", "coordinates": [ [ 10.412851, 5.369509 ], [ 10.412891, 5.369643 ] ] } },
{ "type": "Feature", "properties": { "tg_type": "INF.PONT", "nom": "Rue 8.138", "source_id": "way/613030066", "source": "OSM_OSMFR_2026-10-03", "statut": "IMPORTE", "date_source": "2026-10-03", "classe_route": "primary", "ref": null, "bridge": "yes", "bridge_structure": null, "longueur_m": 32.9 }, "geometry": { "type": "LineString", "coordinates": [ [ 11.510008, 3.815053 ], [ 11.510099, 3.81477 ] ] } },
{ "type": "Feature", "properties": { "tg_type": "INF.PONT", "nom": "Rue 8.251", "source_id": "way/613089852", "source": "OSM_OSMFR_2026-10-03", "statut": "IMPORTE", "date_source": "2026-10-03", "classe_route": "trunk", "ref": "N10", "bridge": "yes", "bridge_structure": null, "longueur_m": 20.2 }, "geometry": { "type": "LineString", "coordinates": [ [ 11.50927, 3.802228 ], [ 11.509089, 3.802203 ] ] } },
{ "type": "Feature", "properties": { "tg_type": "INF.PONT", "nom": "", "source_id": "way/616984589", "source": "OSM_OSMFR_2026-10-03", "statut": "IMPORTE", "date_source": "2026-10-03", "classe_route": "primary", "ref": null, "bridge": "yes", "bridge_structure": null, "longueur_m": 44.7 }, "geometry": { "type": "LineString", "coordinates": [ [ 9.735253, 4.014495 ], [ 9.735438, 4.014855 ] ] } },
{ "type": "Feature", "properties": { "tg_type": "INF.PONT", "nom": "Garoua-Mokolo", "source_id": "way/621117358", "source": "OSM_OSMFR_2026-10-03", "statut": "IMPORTE", "date_source": "2026-10-03", "classe_route": "primary", "ref": "P1", "bridge": "yes", "bridge_structure": null, "longueur_m": 15.6 }, "geometry": { "type": "LineString", "coordinates": [ [ 13.522178, 10.00873 ], [ 13.522297, 10.008651 ] ] } },
{ "type": "Feature", "properties": { "tg_type": "INF.PONT", "nom": "Garoua-Mokolo", "source_id": "way/621117360", "source": "OSM_OSMFR_2026-10-03", "statut": "IMPORTE", "date_source": "2026-10-03", "classe_route": "primary", "ref": "P1", "bridge": "yes", "bridge_structure": null, "longueur_m": 28.1 }, "geometry": { "type": "LineString", "coordinates": [ [ 13.521254, 9.987843 ], [ 13.521271, 9.987589 ] ] } },
{ "type": "Feature", "properties": { "tg_type": "INF.PONT", "nom": "Garoua-Mokolo", "source_id": "way/621117383", "source": "OSM_OSMFR_2026-10-03", "statut": "IMPORTE", "date_source": "2026-10-03", "classe_route": "primary", "ref": "P1", "bridge": "yes", "bridge_structure": null, "longueur_m": 20.0 }, "geometry": { "type": "LineString", "coordinates": [ [ 13.511578, 10.214487 ], [ 13.511602, 10.214307 ] ] } },
{ "type": "Feature", "properties": { "tg_type": "INF.PONT", "nom": "Garoua-Mokolo", "source_id": "way/621117390", "source": "OSM_OSMFR_2026-10-03", "statut": "IMPORTE", "date_source": "2026-10-03", "classe_route": "primary", "ref": "P1", "bridge": "yes", "bridge_structure": null, "longueur_m": 27.3 }, "geometry": { "type": "LineString", "coordinates": [ [ 13.510906, 10.178091 ], [ 13.510866, 10.177848 ] ] } },
{ "type": "Feature", "properties": { "tg_type": "INF.PONT", "nom": "Garoua-Mokolo", "source_id": "way/621117396", "source": "OSM_OSMFR_2026-10-03", "statut": "IMPORTE", "date_source": "2026-10-03", "classe_route": "primary", "ref": "P1", "bridge": "yes", "bridge_structure": null, "longueur_m": 15.7 }, "geometry": { "type": "LineString", "coordinates": [ [ 13.509834, 10.125319 ], [ 13.509805, 10.12518 ] ] } },
{ "type": "Feature", "properties": { "tg_type": "INF.PONT", "nom": "Garoua-Mokolo", "source_id": "way/621117411", "source": "OSM_OSMFR_2026-10-03", "statut": "IMPORTE", "date_source": "2026-10-03", "classe_route": "primary", "ref": "P1", "bridge": "yes", "bridge_structure": null, "longueur_m": 33.7 }, "geometry": { "type": "LineString", "coordinates": [ [ 13.507342, 10.108811 ], [ 13.507281, 10.108513 ] ] } },
{ "type": "Feature", "properties": { "tg_type": "INF.PONT", "nom": "Garoua-Mokolo", "source_id": "way/621117418", "source": "OSM_OSMFR_2026-10-03", "statut": "IMPORTE", "date_source": "2026-10-03", "classe_route": "primary", "ref": "P1", "bridge": "yes", "bridge_structure": null, "longueur_m": 36.7 }, "geometry": { "type": "LineString", "coordinates": [ [ 13.508682, 10.095215 ], [ 13.508749, 10.09489 ] ] } },
{ "type": "Feature", "properties": { "tg_type": "INF.PONT", "nom": "Garoua-Mokolo", "source_id": "way/622152832", "source": "OSM_OSMFR_2026-10-03", "statut": "IMPORTE", "date_source": "2026-10-03", "classe_route": "primary", "ref": "P1", "bridge": "yes", "bridge_structure": null, "longueur_m": 27.3 }, "geometry": { "type": "LineString", "coordinates": [ [ 13.573358, 10.474696 ], [ 13.573417, 10.474456 ] ] } },
{ "type": "Feature", "properties": { "tg_type": "INF.PONT", "nom": "Garoua-Mokolo", "source_id": "way/622152834", "source": "OSM_OSMFR_2026-10-03", "statut": "IMPORTE", "date_source": "2026-10-03", "classe_route": "primary", "ref": "P1", "bridge": "yes", "bridge_structure": null, "longueur_m": 25.2 }, "geometry": { "type": "LineString", "coordinates": [ [ 13.567871, 10.439769 ], [ 13.56782, 10.439547 ] ] } },
{ "type": "Feature", "properties": { "tg_type": "INF.PONT", "nom": "Garoua-Mokolo", "source_id": "way/622152836", "source": "OSM_OSMFR_2026-10-03", "statut": "IMPORTE", "date_source": "2026-10-03", "classe_route": "primary", "ref": "P1", "bridge": "yes", "bridge_structure": null, "longueur_m": 26.3 }, "geometry": { "type": "LineString", "coordinates": [ [ 13.564012, 10.424817 ], [ 13.564069, 10.424586 ] ] } },
{ "type": "Feature", "properties": { "tg_type": "INF.PONT", "nom": "Garoua-Mokolo", "source_id": "way/622152838", "source": "OSM_OSMFR_2026-10-03", "statut": "IMPORTE", "date_source": "2026-10-03", "classe_route": "primary", "ref": "P1", "bridge": "yes", "bridge_structure": null, "longueur_m": 19.9 }, "geometry": { "type": "LineString", "coordinates": [ [ 13.563223, 10.420654 ], [ 13.563165, 10.420484 ] ] } },
{ "type": "Feature", "properties": { "tg_type": "INF.PONT", "nom": "", "source_id": "way/622167156", "source": "OSM_OSMFR_2026-10-03", "statut": "IMPORTE", "date_source": "2026-10-03", "classe_route": "primary", "ref": "P1", "bridge": "yes", "bridge_structure": null, "longueur_m": 15.7 }, "geometry": { "type": "LineString", "coordinates": [ [ 13.875158, 10.842716 ], [ 13.87505, 10.842623 ] ] } },
{ "type": "Feature", "properties": { "tg_type": "INF.PONT", "nom": "Garoua-Mokolo", "source_id": "way/622167158", "source": "OSM_OSMFR_2026-10-03", "statut": "IMPORTE", "date_source": "2026-10-03", "classe_route": "primary", "ref": "P1", "bridge": "yes", "bridge_structure": null, "longueur_m": 30.2 }, "geometry": { "type": "LineString", "coordinates": [ [ 13.727907, 10.733647 ], [ 13.727632, 10.733626 ] ] } },
{ "type": "Feature", "properties": { "tg_type": "INF.PONT", "nom": "", "source_id": "way/622173087", "source": "OSM_OSMFR_2026-10-03", "statut": "IMPORTE", "date_source": "2026-10-03", "classe_route": "primary", "ref": "P1", "bridge": "yes", "bridge_structure": null, "longueur_m": 17.4 }, "geometry": { "type": "LineString", "coordinates": [ [ 14.003064, 11.073887 ], [ 14.002952, 11.073774 ] ] } },
{ "type": "Feature", "properties": { "tg_type": "INF.PONT", "nom": "", "source_id": "way/622173089", "source": "OSM_OSMFR_2026-10-03", "statut": "IMPORTE", "date_source": "2026-10-03", "classe_route": "primary", "ref": "P1", "bridge": "yes", "bridge_structure": null, "longueur_m": 18.6 }, "geometry": { "type": "LineString", "coordinates": [ [ 14.003652, 11.074441 ], [ 14.003526, 11.074328 ] ] } },
{ "type": "Feature", "properties": { "tg_type": "INF.PONT", "nom": "", "source_id": "way/622181313", "source": "OSM_OSMFR_2026-10-03", "statut": "IMPORTE", "date_source": "2026-10-03", "classe_route": "trunk", "ref": "N14", "bridge": "yes", "bridge_structure": null, "longueur_m": 140.4 }, "geometry": { "type": "LineString", "coordinates": [ [ 14.06901, 11.160972 ], [ 14.070135, 11.160358 ] ] } },
{ "type": "Feature", "properties": { "tg_type": "INF.PONT", "nom": "", "source_id": "way/622211153", "source": "OSM_OSMFR_2026-10-03", "statut": "IMPORTE", "date_source": "2026-10-03", "classe_route": "primary", "ref": "P29", "bridge": "yes", "bridge_structure": null, "longueur_m": 13.7 }, "geometry": { "type": "LineString", "coordinates": [ [ 13.834219, 10.442331 ], [ 13.834194, 10.442209 ] ] } },
{ "type": "Feature", "properties": { "tg_type": "INF.PONT", "nom": "", "source_id": "way/622211157", "source": "OSM_OSMFR_2026-10-03", "statut": "IMPORTE", "date_source": "2026-10-03", "classe_route": "primary", "ref": "P29", "bridge": "yes", "bridge_structure": null, "longueur_m": 11.8 }, "geometry": { "type": "LineString", "coordinates": [ [ 13.887108, 10.610315 ], [ 13.887077, 10.610213 ] ] } },
{ "type": "Feature", "properties": { "tg_type": "INF.PONT", "nom": "Maroua-Mokolo", "source_id": "way/622242927", "source": "OSM_OSMFR_2026-10-03", "statut": "IMPORTE", "date_source": "2026-10-03", "classe_route": "primary", "ref": "P2", "bridge": "yes", "bridge_structure": null, "longueur_m": 19.2 }, "geometry": { "type": "LineString", "coordinates": [ [ 13.903782, 10.609753 ], [ 13.903803, 10.60958 ] ] } },
{ "type": "Feature", "properties": { "tg_type": "INF.PONT", "nom": "", "source_id": "way/622572832", "source": "OSM_OSMFR_2026-10-03", "statut": "IMPORTE", "date_source": "2026-10-03", "classe_route": "primary", "ref": "P 28", "bridge": "yes", "bridge_structure": null, "longueur_m": 20.3 }, "geometry": { "type": "LineString", "coordinates": [ [ 15.073643, 11.672245 ], [ 15.073623, 11.672428 ] ] } },
{ "type": "Feature", "properties": { "tg_type": "INF.PONT", "nom": "Moroua-Pouss", "source_id": "way/622581070", "source": "OSM_OSMFR_2026-10-03", "statut": "IMPORTE", "date_source": "2026-10-03", "classe_route": "primary", "ref": "P28", "bridge": "yes", "bridge_structure": null, "longueur_m": 17.2 }, "geometry": { "type": "LineString", "coordinates": [ [ 15.048559, 10.990487 ], [ 15.048644, 10.990357 ] ] } },
{ "type": "Feature", "properties": { "tg_type": "INF.PONT", "nom": "", "source_id": "way/622644740", "source": "OSM_OSMFR_2026-10-03", "statut": "IMPORTE", "date_source": "2026-10-03", "classe_route": "primary", "ref": "P 28", "bridge": "yes", "bridge_structure": null, "longueur_m": 25.1 }, "geometry": { "type": "LineString", "coordinates": [ [ 15.234978, 10.344265 ], [ 15.235166, 10.344395 ] ] } },
{ "type": "Feature", "properties": { "tg_type": "INF.PONT", "nom": "", "source_id": "way/622644749", "source": "OSM_OSMFR_2026-10-03", "statut": "IMPORTE", "date_source": "2026-10-03", "classe_route": "primary", "ref": null, "bridge": "yes", "bridge_structure": null, "longueur_m": 13.3 }, "geometry": { "type": "LineString", "coordinates": [ [ 15.246392, 10.411594 ], [ 15.246476, 10.411681 ] ] } },
{ "type": "Feature", "properties": { "tg_type": "INF.PONT", "nom": "", "source_id": "way/622932304", "source": "OSM_OSMFR_2026-10-03", "statut": "IMPORTE", "date_source": "2026-10-03", "classe_route": "primary", "ref": "P 2", "bridge": "yes", "bridge_structure": null, "longueur_m": 14.0 }, "geometry": { "type": "LineString", "coordinates": [ [ 14.869279, 10.409528 ], [ 14.869152, 10.409514 ] ] } },
{ "type": "Feature", "properties": { "tg_type": "INF.PONT", "nom": "", "source_id": "way/622933421", "source": "OSM_OSMFR_2026-10-03", "statut": "IMPORTE", "date_source": "2026-10-03", "classe_route": "primary", "ref": "P2", "bridge": "yes", "bridge_structure": null, "longueur_m": 18.2 }, "geometry": { "type": "LineString", "coordinates": [ [ 14.458694, 10.618831 ], [ 14.458855, 10.618873 ] ] } },
{ "type": "Feature", "properties": { "tg_type": "INF.PONT", "nom": "Bamenda-Mamfe", "source_id": "way/623972667", "source": "OSM_OSMFR_2026-10-03", "statut": "IMPORTE", "date_source": "2026-10-03", "classe_route": "trunk", "ref": "N6", "bridge": "yes", "bridge_structure": null, "longueur_m": 28.1 }, "geometry": { "type": "LineString", "coordinates": [ [ 10.0402, 5.91028 ], [ 10.040379, 5.910461 ] ] } },
{ "type": "Feature", "properties": { "tg_type": "INF.PONT", "nom": "Bamenda-Mamfe", "source_id": "way/623976909", "source": "OSM_OSMFR_2026-10-03", "statut": "IMPORTE", "date_source": "2026-10-03", "classe_route": "trunk", "ref": "N6", "bridge": "yes", "bridge_structure": null, "longueur_m": 27.2 }, "geometry": { "type": "LineString", "coordinates": [ [ 10.067806, 5.926938 ], [ 10.068036, 5.927022 ] ] } },
{ "type": "Feature", "properties": { "tg_type": "INF.PONT", "nom": "", "source_id": "way/623980823", "source": "OSM_OSMFR_2026-10-03", "statut": "IMPORTE", "date_source": "2026-10-03", "classe_route": "trunk", "ref": "N11", "bridge": "yes", "bridge_structure": null, "longueur_m": 25.1 }, "geometry": { "type": "LineString", "coordinates": [ [ 10.065987, 6.192611 ], [ 10.066065, 6.192398 ] ] } },
{ "type": "Feature", "properties": { "tg_type": "INF.PONT", "nom": "", "source_id": "way/623981051", "source": "OSM_OSMFR_2026-10-03", "statut": "IMPORTE", "date_source": "2026-10-03", "classe_route": "trunk", "ref": "N11", "bridge": "yes", "bridge_structure": null, "longueur_m": 17.3 }, "geometry": { "type": "LineString", "coordinates": [ [ 10.05915, 6.208373 ], [ 10.059194, 6.208223 ] ] } },
{ "type": "Feature", "properties": { "tg_type": "INF.PONT", "nom": "", "source_id": "way/623987131", "source": "OSM_OSMFR_2026-10-03", "statut": "IMPORTE", "date_source": "2026-10-03", "classe_route": "trunk", "ref": "N11", "bridge": "yes", "bridge_structure": null, "longueur_m": 23.2 }, "geometry": { "type": "LineString", "coordinates": [ [ 10.031996, 6.277013 ], [ 10.032054, 6.277215 ] ] } },
{ "type": "Feature", "properties": { "tg_type": "INF.PONT", "nom": "", "source_id": "way/624022682", "source": "OSM_OSMFR_2026-10-03", "statut": "IMPORTE", "date_source": "2026-10-03", "classe_route": "trunk", "ref": "N11", "bridge": "yes", "bridge_structure": null, "longueur_m": 31.9 }, "geometry": { "type": "LineString", "coordinates": [ [ 10.228765, 6.475912 ], [ 10.228699, 6.476193 ] ] } },
{ "type": "Feature", "properties": { "tg_type": "INF.PONT", "nom": "", "source_id": "way/624032174", "source": "OSM_OSMFR_2026-10-03", "statut": "IMPORTE", "date_source": "2026-10-03", "classe_route": "trunk", "ref": "N11", "bridge": "yes", "bridge_structure": null, "longueur_m": 47.7 }, "geometry": { "type": "LineString", "coordinates": [ [ 10.593313, 6.598926 ], [ 10.592889, 6.598844 ] ] } },
{ "type": "Feature", "properties": { "tg_type": "INF.PONT", "nom": "", "source_id": "way/624306366", "source": "OSM_OSMFR_2026-10-03", "statut": "IMPORTE", "date_source": "2026-10-03", "classe_route": "trunk", "ref": "N9", "bridge": "yes", "bridge_structure": null, "longueur_m": 24.5 }, "geometry": { "type": "LineString", "coordinates": [ [ 13.41638, 2.312429 ], [ 13.416381, 2.312207 ] ] } },
{ "type": "Feature", "properties": { "tg_type": "INF.PONT", "nom": "", "source_id": "way/624308070", "source": "OSM_OSMFR_2026-10-03", "statut": "IMPORTE", "date_source": "2026-10-03", "classe_route": "trunk", "ref": "N9", "bridge": "yes", "bridge_structure": null, "longueur_m": 11.3 }, "geometry": { "type": "LineString", "coordinates": [ [ 13.416384, 2.311911 ], [ 13.416383, 2.311809 ] ] } },
{ "type": "Feature", "properties": { "tg_type": "INF.PONT", "nom": "", "source_id": "way/624308072", "source": "OSM_OSMFR_2026-10-03", "statut": "IMPORTE", "date_source": "2026-10-03", "classe_route": "trunk", "ref": "N9", "bridge": "yes", "bridge_structure": null, "longueur_m": 11.3 }, "geometry": { "type": "LineString", "coordinates": [ [ 13.416379, 2.31143 ], [ 13.416377, 2.311327 ] ] } },
{ "type": "Feature", "properties": { "tg_type": "INF.PONT", "nom": "", "source_id": "way/624311794", "source": "OSM_OSMFR_2026-10-03", "statut": "IMPORTE", "date_source": "2026-10-03", "classe_route": "primary", "ref": "P3", "bridge": "yes", "bridge_structure": null, "longueur_m": 19.1 }, "geometry": { "type": "LineString", "coordinates": [ [ 14.044264, 10.24698 ], [ 14.04417, 10.247125 ] ] } },
{ "type": "Feature", "properties": { "tg_type": "INF.PONT", "nom": "", "source_id": "way/624311796", "source": "OSM_OSMFR_2026-10-03", "statut": "IMPORTE", "date_source": "2026-10-03", "classe_route": "primary", "ref": "P3", "bridge": "yes", "bridge_structure": null, "longueur_m": 20.3 }, "geometry": { "type": "LineString", "coordinates": [ [ 14.069459, 10.368972 ], [ 14.069566, 10.369121 ] ] } },
{ "type": "Feature", "properties": { "tg_type": "INF.PONT", "nom": "", "source_id": "way/624311798", "source": "OSM_OSMFR_2026-10-03", "statut": "IMPORTE", "date_source": "2026-10-03", "classe_route": "primary", "ref": "P3", "bridge": "yes", "bridge_structure": null, "longueur_m": 29.4 }, "geometry": { "type": "LineString", "coordinates": [ [ 14.097341, 10.402883 ], [ 14.097448, 10.403127 ] ] } },
{ "type": "Feature", "properties": { "tg_type": "INF.PONT", "nom": "", "source_id": "way/624623857", "source": "OSM_OSMFR_2026-10-03", "statut": "IMPORTE", "date_source": "2026-10-03", "classe_route": "primary", "ref": "P 24", "bridge": "yes", "bridge_structure": null, "longueur_m": 32.6 }, "geometry": { "type": "LineString", "coordinates": [ [ 10.351468, 6.181878 ], [ 10.351267, 6.182094 ] ] } },
{ "type": "Feature", "properties": { "tg_type": "INF.PONT", "nom": "", "source_id": "way/624670952", "source": "OSM_OSMFR_2026-10-03", "statut": "IMPORTE", "date_source": "2026-10-03", "classe_route": "trunk", "ref": "N 1", "bridge": "yes", "bridge_structure": null, "longueur_m": 44.7 }, "geometry": { "type": "LineString", "coordinates": [ [ 13.208435, 4.603923 ], [ 13.208652, 4.603582 ] ] } },
{ "type": "Feature", "properties": { "tg_type": "INF.PONT", "nom": "Bamenda-Mamfe", "source_id": "way/624785205", "source": "OSM_OSMFR_2026-10-03", "statut": "IMPORTE", "date_source": "2026-10-03", "classe_route": "trunk", "ref": "N6", "bridge": "yes", "bridge_structure": null, "longueur_m": 52.1 }, "geometry": { "type": "LineString", "coordinates": [ [ 9.558299, 5.711604 ], [ 9.558697, 5.711353 ] ] } },
{ "type": "Feature", "properties": { "tg_type": "INF.PONT", "nom": "Bamenda-Mamfe", "source_id": "way/624788423", "source": "OSM_OSMFR_2026-10-03", "statut": "IMPORTE", "date_source": "2026-10-03", "classe_route": "trunk", "ref": "N6", "bridge": "yes", "bridge_structure": null, "longueur_m": 47.1 }, "geometry": { "type": "LineString", "coordinates": [ [ 9.573841, 5.702642 ], [ 9.574199, 5.702412 ] ] } },
{ "type": "Feature", "properties": { "tg_type": "INF.PONT", "nom": "Bamenda-Mamfe", "source_id": "way/624788618", "source": "OSM_OSMFR_2026-10-03", "statut": "IMPORTE", "date_source": "2026-10-03", "classe_route": "trunk", "ref": "N6", "bridge": "yes", "bridge_structure": null, "longueur_m": 20.1 }, "geometry": { "type": "LineString", "coordinates": [ [ 9.586132, 5.700044 ], [ 9.586311, 5.700071 ] ] } },
{ "type": "Feature", "properties": { "tg_type": "INF.PONT", "nom": "Bamenda-Mamfe", "source_id": "way/624789203", "source": "OSM_OSMFR_2026-10-03", "statut": "IMPORTE", "date_source": "2026-10-03", "classe_route": "trunk", "ref": "N6", "bridge": "yes", "bridge_structure": null, "longueur_m": 37.2 }, "geometry": { "type": "LineString", "coordinates": [ [ 9.684645, 5.728163 ], [ 9.684773, 5.728474 ] ] } },
{ "type": "Feature", "properties": { "tg_type": "INF.PONT", "nom": "", "source_id": "way/624993692", "source": "OSM_OSMFR_2026-10-03", "statut": "IMPORTE", "date_source": "2026-10-03", "classe_route": "trunk", "ref": "N6", "bridge": "yes", "bridge_structure": null, "longueur_m": 22.0 }, "geometry": { "type": "LineString", "coordinates": [ [ 11.562569, 6.158357 ], [ 11.562594, 6.158555 ] ] } },
{ "type": "Feature", "properties": { "tg_type": "INF.PONT", "nom": "", "source_id": "way/624997117", "source": "OSM_OSMFR_2026-10-03", "statut": "IMPORTE", "date_source": "2026-10-03", "classe_route": "trunk", "ref": "N6", "bridge": "yes", "bridge_structure": null, "longueur_m": 26.1 }, "geometry": { "type": "LineString", "coordinates": [ [ 11.576857, 6.287601 ], [ 11.576989, 6.287796 ] ] } },
{ "type": "Feature", "properties": { "tg_type": "INF.PONT", "nom": "", "source_id": "way/624997119", "source": "OSM_OSMFR_2026-10-03", "statut": "IMPORTE", "date_source": "2026-10-03", "classe_route": "trunk", "ref": "N6", "bridge": "yes", "bridge_structure": null, "longueur_m": 28.2 }, "geometry": { "type": "LineString", "coordinates": [ [ 11.570358, 6.203299 ], [ 11.570428, 6.203544 ] ] } },
{ "type": "Feature", "properties": { "tg_type": "INF.PONT", "nom": "", "source_id": "way/624997404", "source": "OSM_OSMFR_2026-10-03", "statut": "IMPORTE", "date_source": "2026-10-03", "classe_route": "primary", "ref": "P 26", "bridge": "yes", "bridge_structure": null, "longueur_m": 29.7 }, "geometry": { "type": "LineString", "coordinates": [ [ 11.009508, 6.328052 ], [ 11.009277, 6.32819 ] ] } },
{ "type": "Feature", "properties": { "tg_type": "INF.PONT", "nom": "", "source_id": "way/625001495", "source": "OSM_OSMFR_2026-10-03", "statut": "IMPORTE", "date_source": "2026-10-03", "classe_route": "primary", "ref": "P26", "bridge": "yes", "bridge_structure": null, "longueur_m": 22.9 }, "geometry": { "type": "LineString", "coordinates": [ [ 11.161952, 6.420116 ], [ 11.161782, 6.419998 ] ] } },
{ "type": "Feature", "properties": { "tg_type": "INF.PONT", "nom": "", "source_id": "way/625006768", "source": "OSM_OSMFR_2026-10-03", "statut": "IMPORTE", "date_source": "2026-10-03", "classe_route": "primary", "ref": "P26", "bridge": "yes", "bridge_structure": null, "longueur_m": 48.2 }, "geometry": { "type": "LineString", "coordinates": [ [ 11.291753, 6.467721 ], [ 11.291318, 6.467679 ] ] } },
{ "type": "Feature", "properties": { "tg_type": "INF.PONT", "nom": "", "source_id": "way/626064325", "source": "OSM_OSMFR_2026-10-03", "statut": "IMPORTE", "date_source": "2026-10-03", "classe_route": "trunk", "ref": "N9", "bridge": "yes", "bridge_structure": null, "longueur_m": 27.0 }, "geometry": { "type": "LineString", "coordinates": [ [ 12.316259, 2.819673 ], [ 12.316501, 2.81966 ] ] } },
{ "type": "Feature", "properties": { "tg_type": "INF.PONT", "nom": "Foumban-Banyo", "source_id": "way/626067488", "source": "OSM_OSMFR_2026-10-03", "statut": "IMPORTE", "date_source": "2026-10-03", "classe_route": "trunk", "ref": "N6", "bridge": "yes", "bridge_structure": null, "longueur_m": 12.8 }, "geometry": { "type": "LineString", "coordinates": [ [ 11.562497, 6.537225 ], [ 11.562613, 6.537227 ] ] } },
{ "type": "Feature", "properties": { "tg_type": "INF.PONT", "nom": "Foumban-Banyo", "source_id": "way/626068611", "source": "OSM_OSMFR_2026-10-03", "statut": "IMPORTE", "date_source": "2026-10-03", "classe_route": "trunk", "ref": "N6", "bridge": "yes", "bridge_structure": null, "longueur_m": 14.2 }, "geometry": { "type": "LineString", "coordinates": [ [ 11.684052, 6.611253 ], [ 11.683964, 6.611159 ] ] } },
{ "type": "Feature", "properties": { "tg_type": "INF.PONT", "nom": "", "source_id": "way/626068950", "source": "OSM_OSMFR_2026-10-03", "statut": "IMPORTE", "date_source": "2026-10-03", "classe_route": "trunk", "ref": "N9", "bridge": "yes", "bridge_structure": null, "longueur_m": 10.0 }, "geometry": { "type": "LineString", "coordinates": [ [ 12.44619, 2.788862 ], [ 12.446229, 2.788781 ] ] } },
{ "type": "Feature", "properties": { "tg_type": "INF.PONT", "nom": "Axe Bansoa Voyage", "source_id": "way/626071237", "source": "OSM_OSMFR_2026-10-03", "statut": "IMPORTE", "date_source": "2026-10-03", "classe_route": "trunk", "ref": "N4", "bridge": "yes", "bridge_structure": null, "longueur_m": 22.8 }, "geometry": { "type": "LineString", "coordinates": [ [ 10.420979, 5.444872 ], [ 10.420849, 5.444712 ] ] } },
{ "type": "Feature", "properties": { "tg_type": "INF.PONT", "nom": "", "source_id": "way/626071678", "source": "OSM_OSMFR_2026-10-03", "statut": "IMPORTE", "date_source": "2026-10-03", "classe_route": "trunk", "ref": "N9", "bridge": "yes", "bridge_structure": null, "longueur_m": 30.4 }, "geometry": { "type": "LineString", "coordinates": [ [ 12.915397, 2.692831 ], [ 12.915667, 2.692874 ] ] } },
{ "type": "Feature", "properties": { "tg_type": "INF.PONT", "nom": "Banyo-Tibati", "source_id": "way/626074795", "source": "OSM_OSMFR_2026-10-03", "statut": "IMPORTE", "date_source": "2026-10-03", "classe_route": "trunk", "ref": "N6", "bridge": "yes", "bridge_structure": null, "longueur_m": 11.4 }, "geometry": { "type": "LineString", "coordinates": [ [ 12.307213, 6.558062 ], [ 12.307132, 6.558126 ] ] } },
{ "type": "Feature", "properties": { "tg_type": "INF.PONT", "nom": "Banyo-Tibati", "source_id": "way/626074797", "source": "OSM_OSMFR_2026-10-03", "statut": "IMPORTE", "date_source": "2026-10-03", "classe_route": "trunk", "ref": "N6", "bridge": "yes", "bridge_structure": null, "longueur_m": 13.3 }, "geometry": { "type": "LineString", "coordinates": [ [ 12.251682, 6.589139 ], [ 12.251566, 6.589174 ] ] } },
{ "type": "Feature", "properties": { "tg_type": "INF.PONT", "nom": "Banyo-Tibati", "source_id": "way/626074799", "source": "OSM_OSMFR_2026-10-03", "statut": "IMPORTE", "date_source": "2026-10-03", "classe_route": "trunk", "ref": "N6", "bridge": "yes", "bridge_structure": null, "longueur_m": 16.0 }, "geometry": { "type": "LineString", "coordinates": [ [ 12.250477, 6.589515 ], [ 12.250338, 6.589552 ] ] } },
{ "type": "Feature", "properties": { "tg_type": "INF.PONT", "nom": "", "source_id": "way/626075354", "source": "OSM_OSMFR_2026-10-03", "statut": "IMPORTE", "date_source": "2026-10-03", "classe_route": "trunk", "ref": "N 17a", "bridge": "yes", "bridge_structure": null, "longueur_m": 26.2 }, "geometry": { "type": "LineString", "coordinates": [ [ 11.929828, 2.958773 ], [ 11.930061, 2.958805 ] ] } },
{ "type": "Feature", "properties": { "tg_type": "INF.PONT", "nom": "", "source_id": "way/626083730", "source": "OSM_OSMFR_2026-10-03", "statut": "IMPORTE", "date_source": "2026-10-03", "classe_route": "trunk", "ref": "N 15", "bridge": "yes", "bridge_structure": null, "longueur_m": 6.9 }, "geometry": { "type": "LineString", "coordinates": [ [ 12.472086, 6.047524 ], [ 12.472063, 6.047582 ] ] } },
{ "type": "Feature", "properties": { "tg_type": "INF.PONT", "nom": "", "source_id": "way/626083790", "source": "OSM_OSMFR_2026-10-03", "statut": "IMPORTE", "date_source": "2026-10-03", "classe_route": "trunk", "ref": "N9", "bridge": "yes", "bridge_structure": null, "longueur_m": 34.7 }, "geometry": { "type": "LineString", "coordinates": [ [ 11.954488, 3.050102 ], [ 11.954713, 3.049885 ] ] } },
{ "type": "Feature", "properties": { "tg_type": "INF.PONT", "nom": "Garoua-Bolai-Ngaoundéré", "source_id": "way/626090565", "source": "OSM_OSMFR_2026-10-03", "statut": "IMPORTE", "date_source": "2026-10-03", "classe_route": "trunk", "ref": "N1", "bridge": "yes", "bridge_structure": null, "longueur_m": 147.2 }, "geometry": { "type": "LineString", "coordinates": [ [ 14.387766, 6.058592 ], [ 14.387139, 6.059765 ] ] } },
{ "type": "Feature", "properties": { "tg_type": "INF.PONT", "nom": "", "source_id": "way/626104008", "source": "OSM_OSMFR_2026-10-03", "statut": "IMPORTE", "date_source": "2026-10-03", "classe_route": "trunk", "ref": "N 17A", "bridge": "yes", "bridge_structure": null, "longueur_m": 26.4 }, "geometry": { "type": "LineString", "coordinates": [ [ 11.547393, 2.976869 ], [ 11.547626, 2.976912 ] ] } },
{ "type": "Feature", "properties": { "tg_type": "INF.PONT", "nom": "", "source_id": "way/626107832", "source": "OSM_OSMFR_2026-10-03", "statut": "IMPORTE", "date_source": "2026-10-03", "classe_route": "trunk", "ref": "N 17A", "bridge": "yes", "bridge_structure": null, "longueur_m": 13.8 }, "geometry": { "type": "LineString", "coordinates": [ [ 11.534016, 2.970876 ], [ 11.534099, 2.970968 ] ] } },
{ "type": "Feature", "properties": { "tg_type": "INF.PONT", "nom": "Tibati-Ngaoundal", "source_id": "way/626129195", "source": "OSM_OSMFR_2026-10-03", "statut": "IMPORTE", "date_source": "2026-10-03", "classe_route": "trunk", "ref": "N 6", "bridge": "yes", "bridge_structure": null, "longueur_m": 19.2 }, "geometry": { "type": "LineString", "coordinates": [ [ 13.231914, 6.545586 ], [ 13.231762, 6.545671 ] ] } },
{ "type": "Feature", "properties": { "tg_type": "INF.PONT", "nom": "Tibati-Ngaoundal", "source_id": "way/626129197", "source": "OSM_OSMFR_2026-10-03", "statut": "IMPORTE", "date_source": "2026-10-03", "classe_route": "trunk", "ref": "N 6", "bridge": "yes", "bridge_structure": null, "longueur_m": 15.4 }, "geometry": { "type": "LineString", "coordinates": [ [ 13.149207, 6.584167 ], [ 13.149068, 6.58415 ] ] } },
{ "type": "Feature", "properties": { "tg_type": "INF.PONT", "nom": "Garoua-Maroua", "source_id": "way/626130066", "source": "OSM_OSMFR_2026-10-03", "statut": "IMPORTE", "date_source": "2026-10-03", "classe_route": "trunk", "ref": "N1", "bridge": "yes", "bridge_structure": null, "longueur_m": 38.9 }, "geometry": { "type": "LineString", "coordinates": [ [ 13.848712, 9.76275 ], [ 13.848536, 9.762446 ] ] } },
{ "type": "Feature", "properties": { "tg_type": "INF.PONT", "nom": "Ngaoundéré-Garoua", "source_id": "way/626130077", "source": "OSM_OSMFR_2026-10-03", "statut": "IMPORTE", "date_source": "2026-10-03", "classe_route": "trunk", "ref": "N1", "bridge": "yes", "bridge_structure": null, "longueur_m": 49.8 }, "geometry": { "type": "LineString", "coordinates": [ [ 13.691585, 8.349409 ], [ 13.691221, 8.349142 ] ] } },
{ "type": "Feature", "properties": { "tg_type": "INF.PONT", "nom": "", "source_id": "way/626132071", "source": "OSM_OSMFR_2026-10-03", "statut": "IMPORTE", "date_source": "2026-10-03", "classe_route": "trunk", "ref": "N10", "bridge": "yes", "bridge_structure": null, "longueur_m": 21.6 }, "geometry": { "type": "LineString", "coordinates": [ [ 13.461384, 4.246197 ], [ 13.461523, 4.246334 ] ] } },
{ "type": "Feature", "properties": { "tg_type": "INF.PONT", "nom": "", "source_id": "way/626132090", "source": "OSM_OSMFR_2026-10-03", "statut": "IMPORTE", "date_source": "2026-10-03", "classe_route": "trunk", "ref": "N10", "bridge": "yes", "bridge_structure": null, "longueur_m": 34.9 }, "geometry": { "type": "LineString", "coordinates": [ [ 13.45307, 4.237498 ], [ 13.453108, 4.237811 ] ] } },
{ "type": "Feature", "properties": { "tg_type": "INF.PONT", "nom": "", "source_id": "way/626138425", "source": "OSM_OSMFR_2026-10-03", "statut": "IMPORTE", "date_source": "2026-10-03", "classe_route": "trunk", "ref": "N20", "bridge": "yes", "bridge_structure": null, "longueur_m": 35.3 }, "geometry": { "type": "LineString", "coordinates": [ [ 14.955871, 7.841083 ], [ 14.956107, 7.840869 ] ] } },
{ "type": "Feature", "properties": { "tg_type": "INF.PONT", "nom": "", "source_id": "way/626138430", "source": "OSM_OSMFR_2026-10-03", "statut": "IMPORTE", "date_source": "2026-10-03", "classe_route": "trunk", "ref": "N20", "bridge": "yes", "bridge_structure": null, "longueur_m": 49.5 }, "geometry": { "type": "LineString", "coordinates": [ [ 14.881518, 7.877405 ], [ 14.881966, 7.877381 ] ] } },
{ "type": "Feature", "properties": { "tg_type": "INF.PONT", "nom": "", "source_id": "way/626138432", "source": "OSM_OSMFR_2026-10-03", "statut": "IMPORTE", "date_source": "2026-10-03", "classe_route": "trunk", "ref": "N20", "bridge": "yes", "bridge_structure": null, "longueur_m": 34.0 }, "geometry": { "type": "LineString", "coordinates": [ [ 14.188275, 7.628256 ], [ 14.188534, 7.628422 ] ] } },
{ "type": "Feature", "properties": { "tg_type": "INF.PONT", "nom": "Bamenda-Mamfe", "source_id": "way/626159970", "source": "OSM_OSMFR_2026-10-03", "statut": "IMPORTE", "date_source": "2026-10-03", "classe_route": "trunk", "ref": "N6", "bridge": "yes", "bridge_structure": null, "longueur_m": 23.2 }, "geometry": { "type": "LineString", "coordinates": [ [ 9.600569, 5.699373 ], [ 9.600718, 5.699519 ] ] } },
{ "type": "Feature", "properties": { "tg_type": "INF.PONT", "nom": "Bamenda-Mamfe", "source_id": "way/626168053", "source": "OSM_OSMFR_2026-10-03", "statut": "IMPORTE", "date_source": "2026-10-03", "classe_route": "trunk", "ref": "N6", "bridge": "yes", "bridge_structure": null, "longueur_m": 51.8 }, "geometry": { "type": "LineString", "coordinates": [ [ 9.609859, 5.711225 ], [ 9.610307, 5.711358 ] ] } },
{ "type": "Feature", "properties": { "tg_type": "INF.PONT", "nom": "Bamenda-Mamfe", "source_id": "way/626168720", "source": "OSM_OSMFR_2026-10-03", "statut": "IMPORTE", "date_source": "2026-10-03", "classe_route": "trunk", "ref": "N6", "bridge": "yes", "bridge_structure": null, "longueur_m": 19.6 }, "geometry": { "type": "LineString", "coordinates": [ [ 9.706229, 5.731043 ], [ 9.706393, 5.731108 ] ] } },
{ "type": "Feature", "properties": { "tg_type": "INF.PONT", "nom": "Bamenda-Mamfe", "source_id": "way/626168983", "source": "OSM_OSMFR_2026-10-03", "statut": "IMPORTE", "date_source": "2026-10-03", "classe_route": "trunk", "ref": "N6", "bridge": "yes", "bridge_structure": null, "longueur_m": 24.3 }, "geometry": { "type": "LineString", "coordinates": [ [ 9.711319, 5.757441 ], [ 9.711101, 5.75747 ] ] } },
{ "type": "Feature", "properties": { "tg_type": "INF.PONT", "nom": "Bamenda-Mamfe", "source_id": "way/626169171", "source": "OSM_OSMFR_2026-10-03", "statut": "IMPORTE", "date_source": "2026-10-03", "classe_route": "trunk", "ref": "N6", "bridge": "yes", "bridge_structure": null, "longueur_m": 42.3 }, "geometry": { "type": "LineString", "coordinates": [ [ 9.69763, 5.785844 ], [ 9.6979, 5.786115 ] ] } },
{ "type": "Feature", "properties": { "tg_type": "INF.PONT", "nom": "Douala-Limbé", "source_id": "way/626170423", "source": "OSM_OSMFR_2026-10-03", "statut": "IMPORTE", "date_source": "2026-10-03", "classe_route": "trunk", "ref": "N3", "bridge": "yes", "bridge_structure": null, "longueur_m": 34.5 }, "geometry": { "type": "LineString", "coordinates": [ [ 9.524288, 4.14972 ], [ 9.523979, 4.149751 ] ] } },
{ "type": "Feature", "properties": { "tg_type": "INF.PONT", "nom": "Edea-Kribi", "source_id": "way/626312706", "source": "OSM_OSMFR_2026-10-03", "statut": "IMPORTE", "date_source": "2026-10-03", "classe_route": "trunk", "ref": "N7", "bridge": "yes", "bridge_structure": null, "longueur_m": 27.6 }, "geometry": { "type": "LineString", "coordinates": [ [ 10.117834, 3.499995 ], [ 10.117931, 3.500225 ] ] } },
{ "type": "Feature", "properties": { "tg_type": "INF.PONT", "nom": "", "source_id": "way/626312988", "source": "OSM_OSMFR_2026-10-03", "statut": "IMPORTE", "date_source": "2026-10-03", "classe_route": "primary", "ref": "P14", "bridge": "yes", "bridge_structure": null, "longueur_m": 95.0 }, "geometry": { "type": "LineString", "coordinates": [ [ 10.036503, 4.086147 ], [ 10.036813, 4.085346 ] ] } },
{ "type": "Feature", "properties": { "tg_type": "INF.PONT", "nom": "Edea-Kribi", "source_id": "way/626315243", "source": "OSM_OSMFR_2026-10-03", "statut": "IMPORTE", "date_source": "2026-10-03", "classe_route": "trunk", "ref": "N7", "bridge": "yes", "bridge_structure": null, "longueur_m": 47.4 }, "geometry": { "type": "LineString", "coordinates": [ [ 9.979934, 3.078472 ], [ 9.980229, 3.078781 ] ] } },
{ "type": "Feature", "properties": { "tg_type": "INF.PONT", "nom": "", "source_id": "way/626317095", "source": "OSM_OSMFR_2026-10-03", "statut": "IMPORTE", "date_source": "2026-10-03", "classe_route": "trunk", "ref": "N1", "bridge": "yes", "bridge_structure": null, "longueur_m": 29.5 }, "geometry": { "type": "LineString", "coordinates": [ [ 14.19855, 6.675247 ], [ 14.1983, 6.675155 ] ] } },
{ "type": "Feature", "properties": { "tg_type": "INF.PONT", "nom": "", "source_id": "way/626318189", "source": "OSM_OSMFR_2026-10-03", "statut": "IMPORTE", "date_source": "2026-10-03", "classe_route": "trunk", "ref": "N6", "bridge": "yes", "bridge_structure": null, "longueur_m": 12.7 }, "geometry": { "type": "LineString", "coordinates": [ [ 10.877297, 5.748273 ], [ 10.877248, 5.748377 ] ] } },
{ "type": "Feature", "properties": { "tg_type": "INF.PONT", "nom": "", "source_id": "way/626319076", "source": "OSM_OSMFR_2026-10-03", "statut": "IMPORTE", "date_source": "2026-10-03", "classe_route": "trunk", "ref": "N 13", "bridge": "yes", "bridge_structure": null, "longueur_m": 203.2 }, "geometry": { "type": "LineString", "coordinates": [ [ 13.910796, 8.545144 ], [ 13.912145, 8.54389 ] ] } },
{ "type": "Feature", "properties": { "tg_type": "INF.PONT", "nom": "", "source_id": "way/626319083", "source": "OSM_OSMFR_2026-10-03", "statut": "IMPORTE", "date_source": "2026-10-03", "classe_route": "trunk", "ref": "N 13", "bridge": "yes", "bridge_structure": null, "longueur_m": 42.2 }, "geometry": { "type": "LineString", "coordinates": [ [ 13.90098, 8.543793 ], [ 13.901361, 8.543833 ] ] } },
{ "type": "Feature", "properties": { "tg_type": "INF.PONT", "nom": "", "source_id": "way/626319183", "source": "OSM_OSMFR_2026-10-03", "statut": "IMPORTE", "date_source": "2026-10-03", "classe_route": "trunk", "ref": "N1", "bridge": "yes", "bridge_structure": null, "longueur_m": 30.1 }, "geometry": { "type": "LineString", "coordinates": [ [ 14.022545, 7.007459 ], [ 14.022613, 7.007195 ] ] } },
{ "type": "Feature", "properties": { "tg_type": "INF.PONT", "nom": "", "source_id": "way/626320440", "source": "OSM_OSMFR_2026-10-03", "statut": "IMPORTE", "date_source": "2026-10-03", "classe_route": "trunk", "ref": "N7", "bridge": "yes", "bridge_structure": null, "longueur_m": 13.3 }, "geometry": { "type": "LineString", "coordinates": [ [ 9.880957, 2.772113 ], [ 9.880881, 2.772019 ] ] } },
{ "type": "Feature", "properties": { "tg_type": "INF.PONT", "nom": "Edea-Kribi", "source_id": "way/626320450", "source": "OSM_OSMFR_2026-10-03", "statut": "IMPORTE", "date_source": "2026-10-03", "classe_route": "trunk", "ref": "N7", "bridge": "yes", "bridge_structure": null, "longueur_m": 29.4 }, "geometry": { "type": "LineString", "coordinates": [ [ 9.98855, 3.094543 ], [ 9.988563, 3.094809 ] ] } },
{ "type": "Feature", "properties": { "tg_type": "INF.PONT", "nom": "", "source_id": "way/626323916", "source": "OSM_OSMFR_2026-10-03", "statut": "IMPORTE", "date_source": "2026-10-03", "classe_route": "trunk", "ref": "N7", "bridge": "yes", "bridge_structure": null, "longueur_m": 16.8 }, "geometry": { "type": "LineString", "coordinates": [ [ 9.844606, 2.444609 ], [ 9.844552, 2.444467 ] ] } },
{ "type": "Feature", "properties": { "tg_type": "INF.PONT", "nom": "", "source_id": "way/626323918", "source": "OSM_OSMFR_2026-10-03", "statut": "IMPORTE", "date_source": "2026-10-03", "classe_route": "trunk", "ref": "N7", "bridge": "yes", "bridge_structure": null, "longueur_m": 18.3 }, "geometry": { "type": "LineString", "coordinates": [ [ 9.844878, 2.445693 ], [ 9.844853, 2.445529 ] ] } },
{ "type": "Feature", "properties": { "tg_type": "INF.PONT", "nom": "", "source_id": "way/626323920", "source": "OSM_OSMFR_2026-10-03", "statut": "IMPORTE", "date_source": "2026-10-03", "classe_route": "trunk", "ref": "N7", "bridge": "yes", "bridge_structure": null, "longueur_m": 24.5 }, "geometry": { "type": "LineString", "coordinates": [ [ 9.829474, 2.515706 ], [ 9.829632, 2.515551 ] ] } },
{ "type": "Feature", "properties": { "tg_type": "INF.PONT", "nom": "", "source_id": "way/626323923", "source": "OSM_OSMFR_2026-10-03", "statut": "IMPORTE", "date_source": "2026-10-03", "classe_route": "trunk", "ref": "N7", "bridge": "yes", "bridge_structure": null, "longueur_m": 15.5 }, "geometry": { "type": "LineString", "coordinates": [ [ 9.827914, 2.564605 ], [ 9.827862, 2.564475 ] ] } },
{ "type": "Feature", "properties": { "tg_type": "INF.PONT", "nom": "", "source_id": "way/626323925", "source": "OSM_OSMFR_2026-10-03", "statut": "IMPORTE", "date_source": "2026-10-03", "classe_route": "trunk", "ref": "N7", "bridge": "yes", "bridge_structure": null, "longueur_m": 15.1 }, "geometry": { "type": "LineString", "coordinates": [ [ 9.841744, 2.564975 ], [ 9.841639, 2.564888 ] ] } },
{ "type": "Feature", "properties": { "tg_type": "INF.PONT", "nom": "", "source_id": "way/626323927", "source": "OSM_OSMFR_2026-10-03", "statut": "IMPORTE", "date_source": "2026-10-03", "classe_route": "trunk", "ref": "N7", "bridge": "yes", "bridge_structure": null, "longueur_m": 11.8 }, "geometry": { "type": "LineString", "coordinates": [ [ 9.848357, 2.567227 ], [ 9.848355, 2.56712 ] ] } },
{ "type": "Feature", "properties": { "tg_type": "INF.PONT", "nom": "", "source_id": "way/626323930", "source": "OSM_OSMFR_2026-10-03", "statut": "IMPORTE", "date_source": "2026-10-03", "classe_route": "trunk", "ref": "N7", "bridge": "yes", "bridge_structure": null, "longueur_m": 9.9 }, "geometry": { "type": "LineString", "coordinates": [ [ 9.87267, 2.730303 ], [ 9.872619, 2.73023 ] ] } },
{ "type": "Feature", "properties": { "tg_type": "INF.PONT", "nom": "", "source_id": "way/626325420", "source": "OSM_OSMFR_2026-10-03", "statut": "IMPORTE", "date_source": "2026-10-03", "classe_route": "trunk", "ref": "N11", "bridge": "yes", "bridge_structure": null, "longueur_m": 11.9 }, "geometry": { "type": "LineString", "coordinates": [ [ 10.445687, 6.04944 ], [ 10.445684, 6.049547 ] ] } },
{ "type": "Feature", "properties": { "tg_type": "INF.PONT", "nom": "", "source_id": "way/626325422", "source": "OSM_OSMFR_2026-10-03", "statut": "IMPORTE", "date_source": "2026-10-03", "classe_route": "trunk", "ref": "N11", "bridge": "yes", "bridge_structure": null, "longueur_m": 32.6 }, "geometry": { "type": "LineString", "coordinates": [ [ 10.454241, 6.064834 ], [ 10.454492, 6.064989 ] ] } },
{ "type": "Feature", "properties": { "tg_type": "INF.PONT", "nom": "Pont de manwi bini", "source_id": "way/626327954", "source": "OSM_OSMFR_2026-10-03", "statut": "IMPORTE", "date_source": "2026-10-03", "classe_route": "trunk", "ref": "N 1", "bridge": "yes", "bridge_structure": null, "longueur_m": 33.7 }, "geometry": { "type": "LineString", "coordinates": [ [ 13.551377, 7.394103 ], [ 13.551322, 7.394403 ] ] } },
{ "type": "Feature", "properties": { "tg_type": "INF.PONT", "nom": "", "source_id": "way/626327956", "source": "OSM_OSMFR_2026-10-03", "statut": "IMPORTE", "date_source": "2026-10-03", "classe_route": "trunk", "ref": "N1", "bridge": "yes", "bridge_structure": null, "longueur_m": 31.8 }, "geometry": { "type": "LineString", "coordinates": [ [ 13.607646, 7.186597 ], [ 13.607634, 7.18631 ] ] } },
{ "type": "Feature", "properties": { "tg_type": "INF.PONT", "nom": "", "source_id": "way/626331877", "source": "OSM_OSMFR_2026-10-03", "statut": "IMPORTE", "date_source": "2026-10-03", "classe_route": "trunk", "ref": "N7", "bridge": "yes", "bridge_structure": null, "longueur_m": 9.7 }, "geometry": { "type": "LineString", "coordinates": [ [ 9.826657, 2.552949 ], [ 9.82666, 2.552862 ] ] } },
{ "type": "Feature", "properties": { "tg_type": "INF.PONT", "nom": "", "source_id": "way/626331879", "source": "OSM_OSMFR_2026-10-03", "statut": "IMPORTE", "date_source": "2026-10-03", "classe_route": "trunk", "ref": "N7", "bridge": "yes", "bridge_structure": null, "longueur_m": 12.8 }, "geometry": { "type": "LineString", "coordinates": [ [ 9.82768, 2.530877 ], [ 9.827708, 2.530765 ] ] } },
{ "type": "Feature", "properties": { "tg_type": "INF.PONT", "nom": "", "source_id": "way/626334006", "source": "OSM_OSMFR_2026-10-03", "statut": "IMPORTE", "date_source": "2026-10-03", "classe_route": "trunk", "ref": "N7", "bridge": "yes", "bridge_structure": null, "longueur_m": 61.9 }, "geometry": { "type": "LineString", "coordinates": [ [ 9.905339, 2.892294 ], [ 9.905253, 2.892037 ], [ 9.905289, 2.89175 ] ] } },
{ "type": "Feature", "properties": { "tg_type": "INF.PONT", "nom": "Ngaoundéré-Garoua", "source_id": "way/626344175", "source": "OSM_OSMFR_2026-10-03", "statut": "IMPORTE", "date_source": "2026-10-03", "classe_route": "trunk", "ref": "N1", "bridge": "yes", "bridge_structure": null, "longueur_m": 19.1 }, "geometry": { "type": "LineString", "coordinates": [ [ 13.599189, 7.86821 ], [ 13.599218, 7.868381 ] ] } },
{ "type": "Feature", "properties": { "tg_type": "INF.PONT", "nom": "Ngaoundéré-Garoua", "source_id": "way/626344177", "source": "OSM_OSMFR_2026-10-03", "statut": "IMPORTE", "date_source": "2026-10-03", "classe_route": "trunk", "ref": "N1", "bridge": "yes", "bridge_structure": null, "longueur_m": 22.2 }, "geometry": { "type": "LineString", "coordinates": [ [ 13.580779, 7.815871 ], [ 13.580842, 7.816061 ] ] } },
{ "type": "Feature", "properties": { "tg_type": "INF.PONT", "nom": "", "source_id": "way/626364464", "source": "OSM_OSMFR_2026-10-03", "statut": "IMPORTE", "date_source": "2026-10-03", "classe_route": "trunk", "ref": "N 13", "bridge": "yes", "bridge_structure": null, "longueur_m": 31.4 }, "geometry": { "type": "LineString", "coordinates": [ [ 14.777149, 8.382155 ], [ 14.777421, 8.382072 ] ] } },
{ "type": "Feature", "properties": { "tg_type": "INF.PONT", "nom": "", "source_id": "way/626364465", "source": "OSM_OSMFR_2026-10-03", "statut": "IMPORTE", "date_source": "2026-10-03", "classe_route": "trunk", "ref": "N 13", "bridge": "yes", "bridge_structure": null, "longueur_m": 27.9 }, "geometry": { "type": "LineString", "coordinates": [ [ 15.107003, 8.079467 ], [ 15.107238, 8.079373 ] ] } },
{ "type": "Feature", "properties": { "tg_type": "INF.PONT", "nom": "", "source_id": "way/626364468", "source": "OSM_OSMFR_2026-10-03", "statut": "IMPORTE", "date_source": "2026-10-03", "classe_route": "trunk", "ref": "N 13", "bridge": "yes", "bridge_structure": null, "longueur_m": 31.4 }, "geometry": { "type": "LineString", "coordinates": [ [ 14.434443, 8.367652 ], [ 14.434728, 8.367669 ] ] } },
{ "type": "Feature", "properties": { "tg_type": "INF.PONT", "nom": "", "source_id": "way/626364473", "source": "OSM_OSMFR_2026-10-03", "statut": "IMPORTE", "date_source": "2026-10-03", "classe_route": "trunk", "ref": "N 13", "bridge": "yes", "bridge_structure": null, "longueur_m": 40.0 }, "geometry": { "type": "LineString", "coordinates": [ [ 14.101962, 8.53036 ], [ 14.102284, 8.530193 ] ] } },
{ "type": "Feature", "properties": { "tg_type": "INF.PONT", "nom": "Route Mamfé - Eyumodjock", "source_id": "way/626379810", "source": "OSM_OSMFR_2026-10-03", "statut": "IMPORTE", "date_source": "2026-10-03", "classe_route": "trunk", "ref": "N6", "bridge": "yes", "bridge_structure": null, "longueur_m": 18.2 }, "geometry": { "type": "LineString", "coordinates": [ [ 9.047175, 5.773935 ], [ 9.047322, 5.773861 ] ] } },
{ "type": "Feature", "properties": { "tg_type": "INF.PONT", "nom": "Kumba-Mamfe", "source_id": "way/626381013", "source": "OSM_OSMFR_2026-10-03", "statut": "IMPORTE", "date_source": "2026-10-03", "classe_route": "trunk", "ref": "N8", "bridge": "yes", "bridge_structure": null, "longueur_m": 35.1 }, "geometry": { "type": "LineString", "coordinates": [ [ 9.487511, 5.454194 ], [ 9.487625, 5.453898 ] ] } },
{ "type": "Feature", "properties": { "tg_type": "INF.PONT", "nom": "Kumba-Mamfe", "source_id": "way/626381949", "source": "OSM_OSMFR_2026-10-03", "statut": "IMPORTE", "date_source": "2026-10-03", "classe_route": "trunk", "ref": "N8", "bridge": "yes", "bridge_structure": null, "longueur_m": 36.0 }, "geometry": { "type": "LineString", "coordinates": [ [ 9.420648, 5.322294 ], [ 9.420487, 5.322011 ] ] } },
{ "type": "Feature", "properties": { "tg_type": "INF.PONT", "nom": "Kumba-Mamfe", "source_id": "way/626382159", "source": "OSM_OSMFR_2026-10-03", "statut": "IMPORTE", "date_source": "2026-10-03", "classe_route": "trunk", "ref": "N8", "bridge": "yes", "bridge_structure": null, "longueur_m": 17.7 }, "geometry": { "type": "LineString", "coordinates": [ [ 9.418444, 5.0116 ], [ 9.418472, 5.011442 ] ] } },
{ "type": "Feature", "properties": { "tg_type": "INF.PONT", "nom": "Sokolo New Road", "source_id": "way/626382428", "source": "OSM_OSMFR_2026-10-03", "statut": "IMPORTE", "date_source": "2026-10-03", "classe_route": "trunk", "ref": "N3", "bridge": "yes", "bridge_structure": null, "longueur_m": 22.9 }, "geometry": { "type": "LineString", "coordinates": [ [ 8.990421, 4.140583 ], [ 8.990431, 4.140377 ] ] } },
{ "type": "Feature", "properties": { "tg_type": "INF.PONT", "nom": "Sokolo New Road", "source_id": "way/626382584", "source": "OSM_OSMFR_2026-10-03", "statut": "IMPORTE", "date_source": "2026-10-03", "classe_route": "trunk", "ref": "N3", "bridge": "yes", "bridge_structure": null, "longueur_m": 39.3 }, "geometry": { "type": "LineString", "coordinates": [ [ 9.000314, 4.177199 ], [ 9.000087, 4.176926 ] ] } },
{ "type": "Feature", "properties": { "tg_type": "INF.PONT", "nom": "", "source_id": "way/626551398", "source": "OSM_OSMFR_2026-10-03", "statut": "IMPORTE", "date_source": "2026-10-03", "classe_route": "trunk", "ref": "N19", "bridge": "yes", "bridge_structure": null, "longueur_m": 11.7 }, "geometry": { "type": "LineString", "coordinates": [ [ 13.629913, 3.193515 ], [ 13.629891, 3.193412 ] ] } },
{ "type": "Feature", "properties": { "tg_type": "INF.PONT", "nom": "", "source_id": "way/626551400", "source": "OSM_OSMFR_2026-10-03", "statut": "IMPORTE", "date_source": "2026-10-03", "classe_route": "trunk", "ref": "N19", "bridge": "yes", "bridge_structure": null, "longueur_m": 20.1 }, "geometry": { "type": "LineString", "coordinates": [ [ 13.446661, 3.520039 ], [ 13.446791, 3.519913 ] ] } },
{ "type": "Feature", "properties": { "tg_type": "INF.PONT", "nom": "Kribi-Ebolowa", "source_id": "way/626563830", "source": "OSM_OSMFR_2026-10-03", "statut": "IMPORTE", "date_source": "2026-10-03", "classe_route": "trunk", "ref": "N17", "bridge": "yes", "bridge_structure": null, "longueur_m": 48.3 }, "geometry": { "type": "LineString", "coordinates": [ [ 10.343867, 2.807859 ], [ 10.344296, 2.807789 ] ] } },
{ "type": "Feature", "properties": { "tg_type": "INF.PONT", "nom": "Kribi-Ebolowa", "source_id": "way/626565786", "source": "OSM_OSMFR_2026-10-03", "statut": "IMPORTE", "date_source": "2026-10-03", "classe_route": "trunk", "ref": "N17", "bridge": "yes", "bridge_structure": null, "longueur_m": 22.8 }, "geometry": { "type": "LineString", "coordinates": [ [ 10.511561, 2.797279 ], [ 10.511711, 2.79742 ] ] } },
{ "type": "Feature", "properties": { "tg_type": "INF.PONT", "nom": "Kribi-Ebolowa", "source_id": "way/626568856", "source": "OSM_OSMFR_2026-10-03", "statut": "IMPORTE", "date_source": "2026-10-03", "classe_route": "trunk", "ref": "N17", "bridge": "yes", "bridge_structure": null, "longueur_m": 31.0 }, "geometry": { "type": "LineString", "coordinates": [ [ 10.219388, 2.805705 ], [ 10.219664, 2.80574 ] ] } },
{ "type": "Feature", "properties": { "tg_type": "INF.PONT", "nom": "Kribi-Ebolowa", "source_id": "way/626568861", "source": "OSM_OSMFR_2026-10-03", "statut": "IMPORTE", "date_source": "2026-10-03", "classe_route": "trunk", "ref": "N17", "bridge": "yes", "bridge_structure": null, "longueur_m": 18.5 }, "geometry": { "type": "LineString", "coordinates": [ [ 10.083557, 2.845521 ], [ 10.083651, 2.845383 ] ] } },
{ "type": "Feature", "properties": { "tg_type": "INF.PONT", "nom": "Kribi-Ebolowa", "source_id": "way/626568863", "source": "OSM_OSMFR_2026-10-03", "statut": "IMPORTE", "date_source": "2026-10-03", "classe_route": "trunk", "ref": "N17", "bridge": "yes", "bridge_structure": null, "longueur_m": 16.1 }, "geometry": { "type": "LineString", "coordinates": [ [ 9.981181, 2.867792 ], [ 9.98126, 2.86767 ] ] } },
{ "type": "Feature", "properties": { "tg_type": "INF.PONT", "nom": "Kribi-Ebolowa", "source_id": "way/626571657", "source": "OSM_OSMFR_2026-10-03", "statut": "IMPORTE", "date_source": "2026-10-03", "classe_route": "trunk", "ref": "N17", "bridge": "yes", "bridge_structure": null, "longueur_m": 16.2 }, "geometry": { "type": "LineString", "coordinates": [ [ 10.654767, 2.809588 ], [ 10.654901, 2.809645 ] ] } },
{ "type": "Feature", "properties": { "tg_type": "INF.PONT", "nom": "", "source_id": "way/626576848", "source": "OSM_OSMFR_2026-10-03", "statut": "IMPORTE", "date_source": "2026-10-03", "classe_route": "trunk", "ref": "N19", "bridge": "yes", "bridge_structure": null, "longueur_m": 25.4 }, "geometry": { "type": "LineString", "coordinates": [ [ 13.821765, 3.118868 ], [ 13.821991, 3.118903 ] ] } },
{ "type": "Feature", "properties": { "tg_type": "INF.PONT", "nom": "Garoua-Mokolo", "source_id": "way/626590916", "source": "OSM_OSMFR_2026-10-03", "statut": "IMPORTE", "date_source": "2026-10-03", "classe_route": "primary", "ref": "P1", "bridge": "yes", "bridge_structure": null, "longueur_m": 35.6 }, "geometry": { "type": "LineString", "coordinates": [ [ 13.557093, 10.396913 ], [ 13.557014, 10.3966 ] ] } },
{ "type": "Feature", "properties": { "tg_type": "INF.PONT", "nom": "Garoua-Mokolo", "source_id": "way/626590922", "source": "OSM_OSMFR_2026-10-03", "statut": "IMPORTE", "date_source": "2026-10-03", "classe_route": "primary", "ref": "P1", "bridge": "yes", "bridge_structure": null, "longueur_m": 16.7 }, "geometry": { "type": "LineString", "coordinates": [ [ 13.513188, 10.208236 ], [ 13.513248, 10.208097 ] ] } },
{ "type": "Feature", "properties": { "tg_type": "INF.PONT", "nom": "Garoua-Kaélé-Yagoua", "source_id": "way/626592519", "source": "OSM_OSMFR_2026-10-03", "statut": "IMPORTE", "date_source": "2026-10-03", "classe_route": "trunk", "ref": "N12", "bridge": "yes", "bridge_structure": null, "longueur_m": 32.0 }, "geometry": { "type": "LineString", "coordinates": [ [ 14.493482, 10.15152 ], [ 14.493654, 10.151754 ] ] } },
{ "type": "Feature", "properties": { "tg_type": "INF.PONT", "nom": "", "source_id": "way/626594683", "source": "OSM_OSMFR_2026-10-03", "statut": "IMPORTE", "date_source": "2026-10-03", "classe_route": "primary", "ref": "P 28", "bridge": "yes", "bridge_structure": null, "longueur_m": 24.4 }, "geometry": { "type": "LineString", "coordinates": [ [ 15.140749, 10.588883 ], [ 15.140788, 10.589101 ] ] } },
{ "type": "Feature", "properties": { "tg_type": "INF.PONT", "nom": "", "source_id": "way/626597350", "source": "OSM_OSMFR_2026-10-03", "statut": "IMPORTE", "date_source": "2026-10-03", "classe_route": "primary", "ref": null, "bridge": "yes", "bridge_structure": null, "longueur_m": 33.0 }, "geometry": { "type": "LineString", "coordinates": [ [ 13.96232, 9.74371 ], [ 13.962472, 9.743454 ] ] } },
{ "type": "Feature", "properties": { "tg_type": "INF.PONT", "nom": "", "source_id": "way/626597353", "source": "OSM_OSMFR_2026-10-03", "statut": "IMPORTE", "date_source": "2026-10-03", "classe_route": "primary", "ref": "P29", "bridge": "yes", "bridge_structure": null, "longueur_m": 9.6 }, "geometry": { "type": "LineString", "coordinates": [ [ 13.90941, 10.125514 ], [ 13.909381, 10.125432 ] ] } },
{ "type": "Feature", "properties": { "tg_type": "INF.PONT", "nom": "Kribi-Ebolowa", "source_id": "way/626597541", "source": "OSM_OSMFR_2026-10-03", "statut": "IMPORTE", "date_source": "2026-10-03", "classe_route": "trunk", "ref": "N17", "bridge": "yes", "bridge_structure": null, "longueur_m": 19.7 }, "geometry": { "type": "LineString", "coordinates": [ [ 11.081533, 2.872791 ], [ 11.081673, 2.8729 ] ] } },
{ "type": "Feature", "properties": { "tg_type": "INF.PONT", "nom": "Garoua-Mokolo", "source_id": "way/626600293", "source": "OSM_OSMFR_2026-10-03", "statut": "IMPORTE", "date_source": "2026-10-03", "classe_route": "primary", "ref": "P1", "bridge": "yes", "bridge_structure": null, "longueur_m": 31.8 }, "geometry": { "type": "LineString", "coordinates": [ [ 13.706162, 10.724799 ], [ 13.706014, 10.724551 ] ] } },
{ "type": "Feature", "properties": { "tg_type": "INF.PONT", "nom": "", "source_id": "way/626600496", "source": "OSM_OSMFR_2026-10-03", "statut": "IMPORTE", "date_source": "2026-10-03", "classe_route": "primary", "ref": "P3", "bridge": "yes", "bridge_structure": null, "longueur_m": 31.1 }, "geometry": { "type": "LineString", "coordinates": [ [ 14.100776, 10.413271 ], [ 14.100798, 10.413551 ] ] } },
{ "type": "Feature", "properties": { "tg_type": "INF.PONT", "nom": "", "source_id": "way/626602192", "source": "OSM_OSMFR_2026-10-03", "statut": "IMPORTE", "date_source": "2026-10-03", "classe_route": "trunk", "ref": "N7", "bridge": "yes", "bridge_structure": null, "longueur_m": 12.7 }, "geometry": { "type": "LineString", "coordinates": [ [ 9.835102, 2.499913 ], [ 9.835156, 2.499813 ] ] } },
{ "type": "Feature", "properties": { "tg_type": "INF.PONT", "nom": "Kribi-Ebolowa", "source_id": "way/626602194", "source": "OSM_OSMFR_2026-10-03", "statut": "IMPORTE", "date_source": "2026-10-03", "classe_route": "trunk", "ref": "N17", "bridge": "yes", "bridge_structure": null, "longueur_m": 16.1 }, "geometry": { "type": "LineString", "coordinates": [ [ 11.093389, 2.880692 ], [ 11.093528, 2.880729 ] ] } },
{ "type": "Feature", "properties": { "tg_type": "INF.PONT", "nom": "", "source_id": "way/626618099", "source": "OSM_OSMFR_2026-10-03", "statut": "IMPORTE", "date_source": "2026-10-03", "classe_route": "trunk", "ref": "N7", "bridge": "yes", "bridge_structure": null, "longueur_m": 25.2 }, "geometry": { "type": "LineString", "coordinates": [ [ 9.849625, 2.428218 ], [ 9.849619, 2.427991 ] ] } },
{ "type": "Feature", "properties": { "tg_type": "INF.PONT", "nom": "Route Kumba-Mundemba", "source_id": "way/626665688", "source": "OSM_OSMFR_2026-10-03", "statut": "IMPORTE", "date_source": "2026-10-03", "classe_route": "trunk", "ref": "N16", "bridge": "yes", "bridge_structure": null, "longueur_m": 157.5 }, "geometry": { "type": "LineString", "coordinates": [ [ 8.899906, 4.850642 ], [ 8.899744, 4.852057 ] ] } },
{ "type": "Feature", "properties": { "tg_type": "INF.PONT", "nom": "Kumba-Mundemba", "source_id": "way/626665776", "source": "OSM_OSMFR_2026-10-03", "statut": "IMPORTE", "date_source": "2026-10-03", "classe_route": "trunk", "ref": "N16", "bridge": "yes", "bridge_structure": null, "longueur_m": 68.5 }, "geometry": { "type": "LineString", "coordinates": [ [ 8.907761, 4.923489 ], [ 8.907176, 4.923689 ] ] } },
{ "type": "Feature", "properties": { "tg_type": "INF.PONT", "nom": "Kumba-Mundemba", "source_id": "way/626665879", "source": "OSM_OSMFR_2026-10-03", "statut": "IMPORTE", "date_source": "2026-10-03", "classe_route": "trunk", "ref": "N16", "bridge": "yes", "bridge_structure": null, "longueur_m": 16.2 }, "geometry": { "type": "LineString", "coordinates": [ [ 8.903032, 4.927624 ], [ 8.902989, 4.927765 ] ] } },
{ "type": "Feature", "properties": { "tg_type": "INF.PONT", "nom": "Kumba-Mundemba", "source_id": "way/626665937", "source": "OSM_OSMFR_2026-10-03", "statut": "IMPORTE", "date_source": "2026-10-03", "classe_route": "trunk", "ref": "N16", "bridge": "yes", "bridge_structure": null, "longueur_m": 14.8 }, "geometry": { "type": "LineString", "coordinates": [ [ 8.907576, 4.963765 ], [ 8.907623, 4.963891 ] ] } },
{ "type": "Feature", "properties": { "tg_type": "INF.PONT", "nom": "Kribi-Lolodorf", "source_id": "way/626802617", "source": "OSM_OSMFR_2026-10-03", "statut": "IMPORTE", "date_source": "2026-10-03", "classe_route": "primary", "ref": "P8", "bridge": "yes", "bridge_structure": null, "longueur_m": 18.5 }, "geometry": { "type": "LineString", "coordinates": [ [ 10.012494, 2.993744 ], [ 10.012589, 2.993882 ] ] } },
{ "type": "Feature", "properties": { "tg_type": "INF.PONT", "nom": "Kribi-Lolodorf", "source_id": "way/626802619", "source": "OSM_OSMFR_2026-10-03", "statut": "IMPORTE", "date_source": "2026-10-03", "classe_route": "primary", "ref": "P8", "bridge": "yes", "bridge_structure": null, "longueur_m": 9.7 }, "geometry": { "type": "LineString", "coordinates": [ [ 9.950778, 2.970297 ], [ 9.950859, 2.970332 ] ] } },
{ "type": "Feature", "properties": { "tg_type": "INF.PONT", "nom": "Kribi-Lolodorf", "source_id": "way/626802621", "source": "OSM_OSMFR_2026-10-03", "statut": "IMPORTE", "date_source": "2026-10-03", "classe_route": "primary", "ref": "P8", "bridge": "yes", "bridge_structure": null, "longueur_m": 15.4 }, "geometry": { "type": "LineString", "coordinates": [ [ 9.948222, 2.969036 ], [ 9.948331, 2.969122 ] ] } },
{ "type": "Feature", "properties": { "tg_type": "INF.PONT", "nom": "Kribi-Lolodorf", "source_id": "way/626815544", "source": "OSM_OSMFR_2026-10-03", "statut": "IMPORTE", "date_source": "2026-10-03", "classe_route": "primary", "ref": "P8", "bridge": "yes", "bridge_structure": null, "longueur_m": 8.1 }, "geometry": { "type": "LineString", "coordinates": [ [ 10.515643, 3.146045 ], [ 10.515716, 3.14604 ] ] } },
{ "type": "Feature", "properties": { "tg_type": "INF.PONT", "nom": "", "source_id": "way/626874836", "source": "OSM_OSMFR_2026-10-03", "statut": "IMPORTE", "date_source": "2026-10-03", "classe_route": "trunk", "ref": "N 13", "bridge": "yes", "bridge_structure": null, "longueur_m": 18.6 }, "geometry": { "type": "LineString", "coordinates": [ [ 14.196014, 8.510503 ], [ 14.196084, 8.51035 ] ] } },
{ "type": "Feature", "properties": { "tg_type": "INF.PONT", "nom": "Provinciale 19", "source_id": "way/626931688", "source": "OSM_OSMFR_2026-10-03", "statut": "IMPORTE", "date_source": "2026-10-03", "classe_route": "primary", "ref": "P19", "bridge": "yes", "bridge_structure": null, "longueur_m": 45.3 }, "geometry": { "type": "LineString", "coordinates": [ [ 9.665646, 5.579797 ], [ 9.665587, 5.579391 ] ] } },
{ "type": "Feature", "properties": { "tg_type": "INF.PONT", "nom": "Provinciale 19", "source_id": "way/626931689", "source": "OSM_OSMFR_2026-10-03", "statut": "IMPORTE", "date_source": "2026-10-03", "classe_route": "primary", "ref": "P19", "bridge": "yes", "bridge_structure": null, "longueur_m": 62.0 }, "geometry": { "type": "LineString", "coordinates": [ [ 9.632456, 5.571062 ], [ 9.631937, 5.571273 ] ] } },
{ "type": "Feature", "properties": { "tg_type": "INF.PONT", "nom": "Provinciale 19", "source_id": "way/626931772", "source": "OSM_OSMFR_2026-10-03", "statut": "IMPORTE", "date_source": "2026-10-03", "classe_route": "primary", "ref": "P19", "bridge": "yes", "bridge_structure": null, "longueur_m": 57.6 }, "geometry": { "type": "LineString", "coordinates": [ [ 9.752322, 5.574284 ], [ 9.751817, 5.574412 ] ] } },
{ "type": "Feature", "properties": { "tg_type": "INF.PONT", "nom": "Provinciale 19", "source_id": "way/626931775", "source": "OSM_OSMFR_2026-10-03", "statut": "IMPORTE", "date_source": "2026-10-03", "classe_route": "primary", "ref": "P19", "bridge": "yes", "bridge_structure": null, "longueur_m": 40.1 }, "geometry": { "type": "LineString", "coordinates": [ [ 9.712697, 5.580322 ], [ 9.712343, 5.5804 ] ] } },
{ "type": "Feature", "properties": { "tg_type": "INF.PONT", "nom": "Douala-Limbé", "source_id": "way/626938563", "source": "OSM_OSMFR_2026-10-03", "statut": "IMPORTE", "date_source": "2026-10-03", "classe_route": "trunk", "ref": "N3", "bridge": "yes", "bridge_structure": null, "longueur_m": 23.8 }, "geometry": { "type": "LineString", "coordinates": [ [ 9.355629, 4.083512 ], [ 9.355414, 4.083518 ] ] } },
{ "type": "Feature", "properties": { "tg_type": "INF.PONT", "nom": "Bamenda-Mamfe", "source_id": "way/626978579", "source": "OSM_OSMFR_2026-10-03", "statut": "IMPORTE", "date_source": "2026-10-03", "classe_route": "trunk", "ref": "N6", "bridge": "yes", "bridge_structure": null, "longueur_m": 34.5 }, "geometry": { "type": "LineString", "coordinates": [ [ 9.634689, 5.714338 ], [ 9.634916, 5.714552 ] ] } },
{ "type": "Feature", "properties": { "tg_type": "INF.PONT", "nom": "N6 Bamenda-Mamfe", "source_id": "way/626978787", "source": "OSM_OSMFR_2026-10-03", "statut": "IMPORTE", "date_source": "2026-10-03", "classe_route": "trunk", "ref": "N6", "bridge": "yes", "bridge_structure": null, "longueur_m": 16.7 }, "geometry": { "type": "LineString", "coordinates": [ [ 9.717147, 5.827046 ], [ 9.717169, 5.827196 ] ] } },
{ "type": "Feature", "properties": { "tg_type": "INF.PONT", "nom": "Kumba-Mamfe", "source_id": "way/626982644", "source": "OSM_OSMFR_2026-10-03", "statut": "IMPORTE", "date_source": "2026-10-03", "classe_route": "trunk", "ref": "N8", "bridge": "yes", "bridge_structure": null, "longueur_m": 31.3 }, "geometry": { "type": "LineString", "coordinates": [ [ 9.536058, 5.602477 ], [ 9.536339, 5.602506 ] ] } },
{ "type": "Feature", "properties": { "tg_type": "INF.PONT", "nom": "Kumba-Mamfe", "source_id": "way/626982892", "source": "OSM_OSMFR_2026-10-03", "statut": "IMPORTE", "date_source": "2026-10-03", "classe_route": "trunk", "ref": "N8", "bridge": "yes", "bridge_structure": null, "longueur_m": 10.7 }, "geometry": { "type": "LineString", "coordinates": [ [ 9.553454, 5.583058 ], [ 9.553551, 5.583061 ] ] } },
{ "type": "Feature", "properties": { "tg_type": "INF.PONT", "nom": "", "source_id": "way/627061983", "source": "OSM_OSMFR_2026-10-03", "statut": "IMPORTE", "date_source": "2026-10-03", "classe_route": "primary", "ref": "P15", "bridge": "yes", "bridge_structure": null, "longueur_m": 11.9 }, "geometry": { "type": "LineString", "coordinates": [ [ 10.181414, 5.570069 ], [ 10.181306, 5.570071 ] ] } },
{ "type": "Feature", "properties": { "tg_type": "INF.PONT", "nom": "", "source_id": "way/627067941", "source": "OSM_OSMFR_2026-10-03", "statut": "IMPORTE", "date_source": "2026-10-03", "classe_route": "trunk", "ref": "N6", "bridge": "yes", "bridge_structure": null, "longueur_m": 41.7 }, "geometry": { "type": "LineString", "coordinates": [ [ 9.921275, 5.872269 ], [ 9.921632, 5.87239 ] ] } },
{ "type": "Feature", "properties": { "tg_type": "INF.PONT", "nom": "N3 AXE LOURD", "source_id": "way/627070511", "source": "OSM_OSMFR_2026-10-03", "statut": "IMPORTE", "date_source": "2026-10-03", "classe_route": "trunk", "ref": "N3", "bridge": "yes", "bridge_structure": null, "longueur_m": 50.1 }, "geometry": { "type": "LineString", "coordinates": [ [ 10.755811, 3.889639 ], [ 10.755378, 3.889511 ] ] } },
{ "type": "Feature", "properties": { "tg_type": "INF.PONT", "nom": "", "source_id": "way/627079893", "source": "OSM_OSMFR_2026-10-03", "statut": "IMPORTE", "date_source": "2026-10-03", "classe_route": "primary", "ref": "P3", "bridge": "yes", "bridge_structure": null, "longueur_m": 22.1 }, "geometry": { "type": "LineString", "coordinates": [ [ 14.030772, 10.130482 ], [ 14.030582, 10.130415 ] ] } },
{ "type": "Feature", "properties": { "tg_type": "INF.PONT", "nom": "", "source_id": "way/627080718", "source": "OSM_OSMFR_2026-10-03", "statut": "IMPORTE", "date_source": "2026-10-03", "classe_route": "primary", "ref": "P5", "bridge": "yes", "bridge_structure": null, "longueur_m": 30.5 }, "geometry": { "type": "LineString", "coordinates": [ [ 14.101097, 5.638373 ], [ 14.101054, 5.638101 ] ] } },
{ "type": "Feature", "properties": { "tg_type": "INF.PONT", "nom": "Batouri-Yokadouma", "source_id": "way/627290695", "source": "OSM_OSMFR_2026-10-03", "statut": "IMPORTE", "date_source": "2026-10-03", "classe_route": "trunk", "ref": "N10", "bridge": "yes", "bridge_structure": null, "longueur_m": 28.2 }, "geometry": { "type": "LineString", "coordinates": [ [ 14.943335, 4.041721 ], [ 14.943081, 4.04172 ] ] } },
{ "type": "Feature", "properties": { "tg_type": "INF.PONT", "nom": "Kumba-Buea", "source_id": "way/627350040", "source": "OSM_OSMFR_2026-10-03", "statut": "IMPORTE", "date_source": "2026-10-03", "classe_route": "trunk", "ref": "N8", "bridge": "yes", "bridge_structure": null, "longueur_m": 13.5 }, "geometry": { "type": "LineString", "coordinates": [ [ 9.391293, 4.265309 ], [ 9.391214, 4.265217 ] ] } },
{ "type": "Feature", "properties": { "tg_type": "INF.PONT", "nom": "Kumba-Buea", "source_id": "way/627350264", "source": "OSM_OSMFR_2026-10-03", "statut": "IMPORTE", "date_source": "2026-10-03", "classe_route": "trunk", "ref": "N8", "bridge": "yes", "bridge_structure": null, "longueur_m": 31.4 }, "geometry": { "type": "LineString", "coordinates": [ [ 9.403891, 4.278448 ], [ 9.403759, 4.278197 ] ] } },
{ "type": "Feature", "properties": { "tg_type": "INF.PONT", "nom": "Kumba-Mundemba", "source_id": "way/627350834", "source": "OSM_OSMFR_2026-10-03", "statut": "IMPORTE", "date_source": "2026-10-03", "classe_route": "trunk", "ref": "N16", "bridge": "yes", "bridge_structure": null, "longueur_m": 23.9 }, "geometry": { "type": "LineString", "coordinates": [ [ 9.31148, 4.583921 ], [ 9.311685, 4.583854 ] ] } },
{ "type": "Feature", "properties": { "tg_type": "INF.PONT", "nom": "Bamenda-Mamfe", "source_id": "way/627356379", "source": "OSM_OSMFR_2026-10-03", "statut": "IMPORTE", "date_source": "2026-10-03", "classe_route": "trunk", "ref": "N6", "bridge": "yes", "bridge_structure": null, "longueur_m": 19.2 }, "geometry": { "type": "LineString", "coordinates": [ [ 9.452784, 5.707138 ], [ 9.452895, 5.707271 ] ] } },
{ "type": "Feature", "properties": { "tg_type": "INF.PONT", "nom": "Provinciale 19", "source_id": "way/627372801", "source": "OSM_OSMFR_2026-10-03", "statut": "IMPORTE", "date_source": "2026-10-03", "classe_route": "primary", "ref": "P19", "bridge": "yes", "bridge_structure": null, "longueur_m": 60.4 }, "geometry": { "type": "LineString", "coordinates": [ [ 9.826575, 5.530138 ], [ 9.826142, 5.53047 ] ] } },
{ "type": "Feature", "properties": { "tg_type": "INF.PONT", "nom": "Bamenda-Mamfe", "source_id": "way/627377977", "source": "OSM_OSMFR_2026-10-03", "statut": "IMPORTE", "date_source": "2026-10-03", "classe_route": "trunk", "ref": "N6", "bridge": "yes", "bridge_structure": null, "longueur_m": 28.5 }, "geometry": { "type": "LineString", "coordinates": [ [ 9.533773, 5.719704 ], [ 9.53403, 5.719695 ] ] } },
{ "type": "Feature", "properties": { "tg_type": "INF.PONT", "nom": "Bamenda-Mamfe", "source_id": "way/627377978", "source": "OSM_OSMFR_2026-10-03", "statut": "IMPORTE", "date_source": "2026-10-03", "classe_route": "trunk", "ref": "N6", "bridge": "yes", "bridge_structure": null, "longueur_m": 38.0 }, "geometry": { "type": "LineString", "coordinates": [ [ 9.45901, 5.71411 ], [ 9.45929, 5.714308 ] ] } },
{ "type": "Feature", "properties": { "tg_type": "INF.PONT", "nom": "Bamenda-Mamfe", "source_id": "way/627378369", "source": "OSM_OSMFR_2026-10-03", "statut": "IMPORTE", "date_source": "2026-10-03", "classe_route": "trunk", "ref": "N6", "bridge": "yes", "bridge_structure": null, "longueur_m": 27.1 }, "geometry": { "type": "LineString", "coordinates": [ [ 9.715971, 5.738969 ], [ 9.716106, 5.739173 ] ] } },
{ "type": "Feature", "properties": { "tg_type": "INF.PONT", "nom": "Bamenda-Mamfe", "source_id": "way/627378371", "source": "OSM_OSMFR_2026-10-03", "statut": "IMPORTE", "date_source": "2026-10-03", "classe_route": "trunk", "ref": "N6", "bridge": "yes", "bridge_structure": null, "longueur_m": 28.0 }, "geometry": { "type": "LineString", "coordinates": [ [ 9.626826, 5.714462 ], [ 9.627064, 5.714547 ] ] } },
{ "type": "Feature", "properties": { "tg_type": "INF.PONT", "nom": "Kumba-Mamfe", "source_id": "way/627378479", "source": "OSM_OSMFR_2026-10-03", "statut": "IMPORTE", "date_source": "2026-10-03", "classe_route": "trunk", "ref": "N8", "bridge": "yes", "bridge_structure": null, "longueur_m": 99.5 }, "geometry": { "type": "LineString", "coordinates": [ [ 9.477136, 4.939509 ], [ 9.477002, 4.938619 ] ] } },
{ "type": "Feature", "properties": { "tg_type": "INF.PONT", "nom": "Route Kumba - Mamfé", "source_id": "way/627378481", "source": "OSM_OSMFR_2026-10-03", "statut": "IMPORTE", "date_source": "2026-10-03", "classe_route": "trunk", "ref": "N8;N16", "bridge": "yes", "bridge_structure": null, "longueur_m": 18.3 }, "geometry": { "type": "LineString", "coordinates": [ [ 9.472699, 4.636688 ], [ 9.472556, 4.636604 ] ] } },
{ "type": "Feature", "properties": { "tg_type": "INF.PONT", "nom": "", "source_id": "way/627661700", "source": "OSM_OSMFR_2026-10-03", "statut": "IMPORTE", "date_source": "2026-10-03", "classe_route": "primary", "ref": "P 9", "bridge": "yes", "bridge_structure": null, "longueur_m": 105.3 }, "geometry": { "type": "LineString", "coordinates": [ [ 10.367534, 3.730304 ], [ 10.366676, 3.73071 ] ] } },
{ "type": "Feature", "properties": { "tg_type": "INF.PONT", "nom": "", "source_id": "way/627676453", "source": "OSM_OSMFR_2026-10-03", "statut": "IMPORTE", "date_source": "2026-10-03", "classe_route": "primary", "ref": "N21", "bridge": "yes", "bridge_structure": null, "longueur_m": 167.3 }, "geometry": { "type": "LineString", "coordinates": [ [ 12.241873, 3.300613 ], [ 12.243361, 3.300841 ] ] } },
{ "type": "Feature", "properties": { "tg_type": "INF.PONT", "nom": "", "source_id": "way/627681371", "source": "OSM_OSMFR_2026-10-03", "statut": "IMPORTE", "date_source": "2026-10-03", "classe_route": "primary", "ref": "N21", "bridge": "yes", "bridge_structure": null, "longueur_m": 15.5 }, "geometry": { "type": "LineString", "coordinates": [ [ 12.388989, 3.447599 ], [ 12.389126, 3.44757 ] ] } },
{ "type": "Feature", "properties": { "tg_type": "INF.PONT", "nom": "", "source_id": "way/627682612", "source": "OSM_OSMFR_2026-10-03", "statut": "IMPORTE", "date_source": "2026-10-03", "classe_route": "primary", "ref": "P15", "bridge": "yes", "bridge_structure": null, "longueur_m": 36.3 }, "geometry": { "type": "LineString", "coordinates": [ [ 10.651691, 5.308586 ], [ 10.651741, 5.308911 ] ] } },
{ "type": "Feature", "properties": { "tg_type": "INF.PONT", "nom": "", "source_id": "way/627682614", "source": "OSM_OSMFR_2026-10-03", "statut": "IMPORTE", "date_source": "2026-10-03", "classe_route": "primary", "ref": "P15", "bridge": "yes", "bridge_structure": null, "longueur_m": 17.4 }, "geometry": { "type": "LineString", "coordinates": [ [ 10.575238, 5.192731 ], [ 10.575085, 5.192694 ] ] } },
{ "type": "Feature", "properties": { "tg_type": "INF.PONT", "nom": "", "source_id": "way/627704341", "source": "OSM_OSMFR_2026-10-03", "statut": "IMPORTE", "date_source": "2026-10-03", "classe_route": "primary", "ref": "P25", "bridge": "yes", "bridge_structure": null, "longueur_m": 14.9 }, "geometry": { "type": "LineString", "coordinates": [ [ 10.912551, 5.46579 ], [ 10.912626, 5.465902 ] ] } },
{ "type": "Feature", "properties": { "tg_type": "INF.PONT", "nom": "", "source_id": "way/627704343", "source": "OSM_OSMFR_2026-10-03", "statut": "IMPORTE", "date_source": "2026-10-03", "classe_route": "primary", "ref": "P 27", "bridge": "yes", "bridge_structure": null, "longueur_m": 7.9 }, "geometry": { "type": "LineString", "coordinates": [ [ 10.711761, 5.488112 ], [ 10.711694, 5.488136 ] ] } },
{ "type": "Feature", "properties": { "tg_type": "INF.PONT", "nom": "", "source_id": "way/627733599", "source": "OSM_OSMFR_2026-10-03", "statut": "IMPORTE", "date_source": "2026-10-03", "classe_route": "primary", "ref": "P15", "bridge": "yes", "bridge_structure": null, "longueur_m": 20.7 }, "geometry": { "type": "LineString", "coordinates": [ [ 10.036714, 4.331522 ], [ 10.036589, 4.331661 ] ] } },
{ "type": "Feature", "properties": { "tg_type": "INF.PONT", "nom": "", "source_id": "way/627745959", "source": "OSM_OSMFR_2026-10-03", "statut": "IMPORTE", "date_source": "2026-10-03", "classe_route": "primary", "ref": "P25", "bridge": "yes", "bridge_structure": null, "longueur_m": 10.0 }, "geometry": { "type": "LineString", "coordinates": [ [ 10.925755, 4.990072 ], [ 10.925666, 4.990088 ] ] } },
{ "type": "Feature", "properties": { "tg_type": "INF.PONT", "nom": "", "source_id": "way/627925338", "source": "OSM_OSMFR_2026-10-03", "statut": "IMPORTE", "date_source": "2026-10-03", "classe_route": "primary", "ref": "P25", "bridge": "yes", "bridge_structure": null, "longueur_m": 16.5 }, "geometry": { "type": "LineString", "coordinates": [ [ 11.044816, 4.946018 ], [ 11.044688, 4.946094 ] ] } },
{ "type": "Feature", "properties": { "tg_type": "INF.PONT", "nom": "", "source_id": "way/627930186", "source": "OSM_OSMFR_2026-10-03", "statut": "IMPORTE", "date_source": "2026-10-03", "classe_route": "primary", "ref": "P15", "bridge": "yes", "bridge_structure": null, "longueur_m": 13.2 }, "geometry": { "type": "LineString", "coordinates": [ [ 10.130803, 4.676386 ], [ 10.130918, 4.676357 ] ] } },
{ "type": "Feature", "properties": { "tg_type": "INF.PONT", "nom": "Jakiri-Foumban", "source_id": "way/628194803", "source": "OSM_OSMFR_2026-10-03", "statut": "IMPORTE", "date_source": "2026-10-03", "classe_route": "primary", "ref": "P20", "bridge": "yes", "bridge_structure": null, "longueur_m": 16.2 }, "geometry": { "type": "LineString", "coordinates": [ [ 10.836173, 5.744714 ], [ 10.836283, 5.744617 ] ] } },
{ "type": "Feature", "properties": { "tg_type": "INF.PONT", "nom": "Jakiri-Foumban", "source_id": "way/628205495", "source": "OSM_OSMFR_2026-10-03", "statut": "IMPORTE", "date_source": "2026-10-03", "classe_route": "primary", "ref": "P20", "bridge": "yes", "bridge_structure": null, "longueur_m": 21.0 }, "geometry": { "type": "LineString", "coordinates": [ [ 10.689713, 5.998314 ], [ 10.68976, 5.998499 ] ] } },
{ "type": "Feature", "properties": { "tg_type": "INF.PONT", "nom": "Jakiri-Foumban", "source_id": "way/628205497", "source": "OSM_OSMFR_2026-10-03", "statut": "IMPORTE", "date_source": "2026-10-03", "classe_route": "primary", "ref": "P20", "bridge": "yes", "bridge_structure": null, "longueur_m": 10.3 }, "geometry": { "type": "LineString", "coordinates": [ [ 10.65671, 5.919876 ], [ 10.656659, 5.919954 ] ] } },
{ "type": "Feature", "properties": { "tg_type": "INF.PONT", "nom": "Jakiri-Foumban", "source_id": "way/628205503", "source": "OSM_OSMFR_2026-10-03", "statut": "IMPORTE", "date_source": "2026-10-03", "classe_route": "primary", "ref": "P20", "bridge": "yes", "bridge_structure": null, "longueur_m": 6.2 }, "geometry": { "type": "LineString", "coordinates": [ [ 10.723315, 5.846249 ], [ 10.723262, 5.846265 ] ] } },
{ "type": "Feature", "properties": { "tg_type": "INF.PONT", "nom": "", "source_id": "way/628228976", "source": "OSM_OSMFR_2026-10-03", "statut": "IMPORTE", "date_source": "2026-10-03", "classe_route": "trunk", "ref": "N13A", "bridge": "yes", "bridge_structure": null, "longueur_m": 89.1 }, "geometry": { "type": "LineString", "coordinates": [ [ 14.986765, 8.441292 ], [ 14.987342, 8.441857 ] ] } },
{ "type": "Feature", "properties": { "tg_type": "INF.PONT", "nom": "", "source_id": "way/628228981", "source": "OSM_OSMFR_2026-10-03", "statut": "IMPORTE", "date_source": "2026-10-03", "classe_route": "primary", "ref": "P34", "bridge": "yes", "bridge_structure": null, "longueur_m": 44.6 }, "geometry": { "type": "LineString", "coordinates": [ [ 12.973531, 8.604975 ], [ 12.973917, 8.604853 ] ] } },
{ "type": "Feature", "properties": { "tg_type": "INF.PONT", "nom": "", "source_id": "way/628238941", "source": "OSM_OSMFR_2026-10-03", "statut": "IMPORTE", "date_source": "2026-10-03", "classe_route": "primary", "ref": "P 34", "bridge": "yes", "bridge_structure": null, "longueur_m": 30.4 }, "geometry": { "type": "LineString", "coordinates": [ [ 13.207229, 8.506777 ], [ 13.207496, 8.506705 ] ] } },
{ "type": "Feature", "properties": { "tg_type": "INF.PONT", "nom": "", "source_id": "way/628238947", "source": "OSM_OSMFR_2026-10-03", "statut": "IMPORTE", "date_source": "2026-10-03", "classe_route": "primary", "ref": "P34", "bridge": "yes", "bridge_structure": null, "longueur_m": 28.0 }, "geometry": { "type": "LineString", "coordinates": [ [ 13.438126, 8.491779 ], [ 13.438241, 8.491554 ] ] } },
{ "type": "Feature", "properties": { "tg_type": "INF.PONT", "nom": "", "source_id": "way/628238949", "source": "OSM_OSMFR_2026-10-03", "statut": "IMPORTE", "date_source": "2026-10-03", "classe_route": "primary", "ref": "P34", "bridge": "yes", "bridge_structure": null, "longueur_m": 27.6 }, "geometry": { "type": "LineString", "coordinates": [ [ 13.259545, 8.456385 ], [ 13.259782, 8.456466 ] ] } },
{ "type": "Feature", "properties": { "tg_type": "INF.PONT", "nom": "", "source_id": "way/628241047", "source": "OSM_OSMFR_2026-10-03", "statut": "IMPORTE", "date_source": "2026-10-03", "classe_route": "primary", "ref": "P16", "bridge": "yes", "bridge_structure": null, "longueur_m": 28.1 }, "geometry": { "type": "LineString", "coordinates": [ [ 9.851032, 4.589641 ], [ 9.85126, 4.589531 ] ] } },
{ "type": "Feature", "properties": { "tg_type": "INF.PONT", "nom": "", "source_id": "way/628241049", "source": "OSM_OSMFR_2026-10-03", "statut": "IMPORTE", "date_source": "2026-10-03", "classe_route": "primary", "ref": "P16", "bridge": "yes", "bridge_structure": null, "longueur_m": 14.5 }, "geometry": { "type": "LineString", "coordinates": [ [ 9.822589, 4.59778 ], [ 9.822711, 4.597828 ] ] } },
{ "type": "Feature", "properties": { "tg_type": "INF.PONT", "nom": "", "source_id": "way/628241051", "source": "OSM_OSMFR_2026-10-03", "statut": "IMPORTE", "date_source": "2026-10-03", "classe_route": "primary", "ref": "P16", "bridge": "yes", "bridge_structure": null, "longueur_m": 13.2 }, "geometry": { "type": "LineString", "coordinates": [ [ 9.801484, 4.607201 ], [ 9.801579, 4.607129 ] ] } },
{ "type": "Feature", "properties": { "tg_type": "INF.PONT", "nom": "", "source_id": "way/628241053", "source": "OSM_OSMFR_2026-10-03", "statut": "IMPORTE", "date_source": "2026-10-03", "classe_route": "primary", "ref": "P16", "bridge": "yes", "bridge_structure": null, "longueur_m": 78.5 }, "geometry": { "type": "LineString", "coordinates": [ [ 9.804385, 4.687695 ], [ 9.805031, 4.687408 ] ] } },
{ "type": "Feature", "properties": { "tg_type": "INF.PONT", "nom": "", "source_id": "way/628452042", "source": "OSM_OSMFR_2026-10-03", "statut": "IMPORTE", "date_source": "2026-10-03", "classe_route": "primary", "ref": "P16", "bridge": "yes", "bridge_structure": null, "longueur_m": 20.5 }, "geometry": { "type": "LineString", "coordinates": [ [ 9.963902, 4.495762 ], [ 9.964077, 4.4957 ] ] } },
{ "type": "Feature", "properties": { "tg_type": "INF.PONT", "nom": "", "source_id": "way/628452044", "source": "OSM_OSMFR_2026-10-03", "statut": "IMPORTE", "date_source": "2026-10-03", "classe_route": "primary", "ref": "P16", "bridge": "yes", "bridge_structure": null, "longueur_m": 27.4 }, "geometry": { "type": "LineString", "coordinates": [ [ 9.950027, 4.510378 ], [ 9.950175, 4.510179 ] ] } },
{ "type": "Feature", "properties": { "tg_type": "INF.PONT", "nom": "", "source_id": "way/628452045", "source": "OSM_OSMFR_2026-10-03", "statut": "IMPORTE", "date_source": "2026-10-03", "classe_route": "primary", "ref": "P16", "bridge": "yes", "bridge_structure": null, "longueur_m": 40.5 }, "geometry": { "type": "LineString", "coordinates": [ [ 9.879096, 4.539707 ], [ 9.879351, 4.539445 ] ] } },
{ "type": "Feature", "properties": { "tg_type": "INF.PONT", "nom": "", "source_id": "way/628452047", "source": "OSM_OSMFR_2026-10-03", "statut": "IMPORTE", "date_source": "2026-10-03", "classe_route": "primary", "ref": "P16", "bridge": "yes", "bridge_structure": null, "longueur_m": 43.0 }, "geometry": { "type": "LineString", "coordinates": [ [ 9.872646, 4.571844 ], [ 9.872882, 4.571535 ] ] } },
{ "type": "Feature", "properties": { "tg_type": "INF.PONT", "nom": "", "source_id": "way/628462885", "source": "OSM_OSMFR_2026-10-03", "statut": "IMPORTE", "date_source": "2026-10-03", "classe_route": "primary", "ref": "P 15", "bridge": "yes", "bridge_structure": null, "longueur_m": 24.2 }, "geometry": { "type": "LineString", "coordinates": [ [ 10.588266, 5.611022 ], [ 10.588245, 5.61124 ] ] } },
{ "type": "Feature", "properties": { "tg_type": "INF.PONT", "nom": "", "source_id": "way/628462888", "source": "OSM_OSMFR_2026-10-03", "statut": "IMPORTE", "date_source": "2026-10-03", "classe_route": "primary", "ref": "P15", "bridge": "yes", "bridge_structure": null, "longueur_m": 18.1 }, "geometry": { "type": "LineString", "coordinates": [ [ 10.592869, 5.583476 ], [ 10.592861, 5.58364 ] ] } },
{ "type": "Feature", "properties": { "tg_type": "INF.PONT", "nom": "Garoua-Maroua", "source_id": "way/628508244", "source": "OSM_OSMFR_2026-10-03", "statut": "IMPORTE", "date_source": "2026-10-03", "classe_route": "trunk", "ref": "N1", "bridge": "yes", "bridge_structure": null, "longueur_m": 33.9 }, "geometry": { "type": "LineString", "coordinates": [ [ 14.023831, 9.844649 ], [ 14.023646, 9.844404 ] ] } },
{ "type": "Feature", "properties": { "tg_type": "INF.PONT", "nom": "Garoua-Maroua", "source_id": "way/628508279", "source": "OSM_OSMFR_2026-10-03", "statut": "IMPORTE", "date_source": "2026-10-03", "classe_route": "trunk", "ref": "N1", "bridge": "yes", "bridge_structure": null, "longueur_m": 17.7 }, "geometry": { "type": "LineString", "coordinates": [ [ 13.651752, 9.476464 ], [ 13.651611, 9.476385 ] ] } },
{ "type": "Feature", "properties": { "tg_type": "INF.PONT", "nom": "Garoua-Maroua", "source_id": "way/628508289", "source": "OSM_OSMFR_2026-10-03", "statut": "IMPORTE", "date_source": "2026-10-03", "classe_route": "trunk", "ref": "N1", "bridge": "yes", "bridge_structure": null, "longueur_m": 24.5 }, "geometry": { "type": "LineString", "coordinates": [ [ 13.49707, 9.383307 ], [ 13.496891, 9.383175 ] ] } },
{ "type": "Feature", "properties": { "tg_type": "INF.PONT", "nom": "", "source_id": "way/628518617", "source": "OSM_OSMFR_2026-10-03", "statut": "IMPORTE", "date_source": "2026-10-03", "classe_route": "primary", "ref": "P1", "bridge": "yes", "bridge_structure": null, "longueur_m": 11.5 }, "geometry": { "type": "LineString", "coordinates": [ [ 13.537236, 9.845926 ], [ 13.537224, 9.845823 ] ] } },
{ "type": "Feature", "properties": { "tg_type": "INF.PONT", "nom": "", "source_id": "way/628705937", "source": "OSM_OSMFR_2026-10-03", "statut": "IMPORTE", "date_source": "2026-10-03", "classe_route": "primary", "ref": "P 10", "bridge": "yes", "bridge_structure": null, "longueur_m": 37.9 }, "geometry": { "type": "LineString", "coordinates": [ [ 10.910493, 3.027153 ], [ 10.910362, 3.02747 ] ] } },
{ "type": "Feature", "properties": { "tg_type": "INF.PONT", "nom": "", "source_id": "way/628712848", "source": "OSM_OSMFR_2026-10-03", "statut": "IMPORTE", "date_source": "2026-10-03", "classe_route": "primary", "ref": "P 10", "bridge": "yes", "bridge_structure": null, "longueur_m": 26.7 }, "geometry": { "type": "LineString", "coordinates": [ [ 11.006543, 2.965193 ], [ 11.00678, 2.965157 ] ] } },
{ "type": "Feature", "properties": { "tg_type": "INF.PONT", "nom": "", "source_id": "way/628713038", "source": "OSM_OSMFR_2026-10-03", "statut": "IMPORTE", "date_source": "2026-10-03", "classe_route": "primary", "ref": "P 10", "bridge": "yes", "bridge_structure": null, "longueur_m": 8.7 }, "geometry": { "type": "LineString", "coordinates": [ [ 10.949779, 2.981931 ], [ 10.949818, 2.981862 ] ] } },
{ "type": "Feature", "properties": { "tg_type": "INF.PONT", "nom": "", "source_id": "way/628715522", "source": "OSM_OSMFR_2026-10-03", "statut": "IMPORTE", "date_source": "2026-10-03", "classe_route": "primary", "ref": "N21", "bridge": "yes", "bridge_structure": null, "longueur_m": 24.8 }, "geometry": { "type": "LineString", "coordinates": [ [ 12.817559, 3.769867 ], [ 12.817594, 3.770088 ] ] } },
{ "type": "Feature", "properties": { "tg_type": "INF.PONT", "nom": "Garoua-Mokolo", "source_id": "way/628762625", "source": "OSM_OSMFR_2026-10-03", "statut": "IMPORTE", "date_source": "2026-10-03", "classe_route": "primary", "ref": "P1", "bridge": "yes", "bridge_structure": null, "longueur_m": 16.4 }, "geometry": { "type": "LineString", "coordinates": [ [ 13.522295, 10.052506 ], [ 13.522292, 10.052358 ] ] } },
{ "type": "Feature", "properties": { "tg_type": "INF.PONT", "nom": "Garoua-Mokolo", "source_id": "way/628762627", "source": "OSM_OSMFR_2026-10-03", "statut": "IMPORTE", "date_source": "2026-10-03", "classe_route": "primary", "ref": "P1", "bridge": "yes", "bridge_structure": null, "longueur_m": 11.7 }, "geometry": { "type": "LineString", "coordinates": [ [ 13.403368, 9.520368 ], [ 13.403335, 9.520268 ] ] } },
{ "type": "Feature", "properties": { "tg_type": "INF.PONT", "nom": "Garoua-Mokolo", "source_id": "way/628762628", "source": "OSM_OSMFR_2026-10-03", "statut": "IMPORTE", "date_source": "2026-10-03", "classe_route": "primary", "ref": "P1", "bridge": "yes", "bridge_structure": null, "longueur_m": 23.6 }, "geometry": { "type": "LineString", "coordinates": [ [ 13.459989, 9.597668 ], [ 13.459964, 9.597455 ] ] } },
{ "type": "Feature", "properties": { "tg_type": "INF.PONT", "nom": "", "source_id": "way/628762642", "source": "OSM_OSMFR_2026-10-03", "statut": "IMPORTE", "date_source": "2026-10-03", "classe_route": "trunk", "ref": "N 13", "bridge": "yes", "bridge_structure": null, "longueur_m": 9.7 }, "geometry": { "type": "LineString", "coordinates": [ [ 15.348583, 7.794104 ], [ 15.348615, 7.794022 ] ] } },
{ "type": "Feature", "properties": { "tg_type": "INF.PONT", "nom": "Kumba-Mamfe", "source_id": "way/629190905", "source": "OSM_OSMFR_2026-10-03", "statut": "IMPORTE", "date_source": "2026-10-03", "classe_route": "trunk", "ref": "N8", "bridge": "yes", "bridge_structure": null, "longueur_m": 36.2 }, "geometry": { "type": "LineString", "coordinates": [ [ 9.456833, 5.672323 ], [ 9.456975, 5.672029 ] ] } },
{ "type": "Feature", "properties": { "tg_type": "INF.PONT", "nom": "Kumba-Mamfe", "source_id": "way/629191753", "source": "OSM_OSMFR_2026-10-03", "statut": "IMPORTE", "date_source": "2026-10-03", "classe_route": "trunk", "ref": "N8", "bridge": "yes", "bridge_structure": null, "longueur_m": 25.5 }, "geometry": { "type": "LineString", "coordinates": [ [ 9.396644, 5.251836 ], [ 9.396446, 5.251719 ] ] } },
{ "type": "Feature", "properties": { "tg_type": "INF.PONT", "nom": "Kumba-Mamfe", "source_id": "way/629192082", "source": "OSM_OSMFR_2026-10-03", "statut": "IMPORTE", "date_source": "2026-10-03", "classe_route": "trunk", "ref": "N8", "bridge": "yes", "bridge_structure": null, "longueur_m": 23.5 }, "geometry": { "type": "LineString", "coordinates": [ [ 9.456656, 4.834711 ], [ 9.456662, 4.834499 ] ] } },
{ "type": "Feature", "properties": { "tg_type": "INF.PONT", "nom": "Kumba-Mundemba", "source_id": "way/629192702", "source": "OSM_OSMFR_2026-10-03", "statut": "IMPORTE", "date_source": "2026-10-03", "classe_route": "trunk", "ref": "N16", "bridge": "yes", "bridge_structure": null, "longueur_m": 31.5 }, "geometry": { "type": "LineString", "coordinates": [ [ 9.131094, 4.571132 ], [ 9.130819, 4.571062 ] ] } },
{ "type": "Feature", "properties": { "tg_type": "INF.PONT", "nom": "", "source_id": "way/629410211", "source": "OSM_OSMFR_2026-10-03", "statut": "IMPORTE", "date_source": "2026-10-03", "classe_route": "trunk", "ref": "N 17a", "bridge": "yes", "bridge_structure": null, "longueur_m": 26.7 }, "geometry": { "type": "LineString", "coordinates": [ [ 11.815257, 2.955787 ], [ 11.815497, 2.955788 ] ] } },
{ "type": "Feature", "properties": { "tg_type": "INF.PONT", "nom": "Route Kumba - Mamfé", "source_id": "way/630168931", "source": "OSM_OSMFR_2026-10-03", "statut": "IMPORTE", "date_source": "2026-10-03", "classe_route": "trunk", "ref": "N16", "bridge": "yes", "bridge_structure": null, "longueur_m": 16.9 }, "geometry": { "type": "LineString", "coordinates": [ [ 9.589385, 4.730929 ], [ 9.589522, 4.730863 ] ] } },
{ "type": "Feature", "properties": { "tg_type": "INF.PONT", "nom": "Nationale 4", "source_id": "way/630482359", "source": "OSM_OSMFR_2026-10-03", "statut": "IMPORTE", "date_source": "2026-10-03", "classe_route": "trunk", "ref": "N4", "bridge": "yes", "bridge_structure": null, "longueur_m": 20.6 }, "geometry": { "type": "LineString", "coordinates": [ [ 10.440633, 5.329692 ], [ 10.440481, 5.3298 ] ] } },
{ "type": "Feature", "properties": { "tg_type": "INF.PONT", "nom": "", "source_id": "way/630486763", "source": "OSM_OSMFR_2026-10-03", "statut": "IMPORTE", "date_source": "2026-10-03", "classe_route": "trunk", "ref": "N2", "bridge": "yes", "bridge_structure": null, "longueur_m": 38.8 }, "geometry": { "type": "LineString", "coordinates": [ [ 11.060539, 2.701213 ], [ 11.060663, 2.700885 ] ] } },
{ "type": "Feature", "properties": { "tg_type": "INF.PONT", "nom": "", "source_id": "way/630486765", "source": "OSM_OSMFR_2026-10-03", "statut": "IMPORTE", "date_source": "2026-10-03", "classe_route": "trunk", "ref": "N 2", "bridge": "yes", "bridge_structure": null, "longueur_m": 35.1 }, "geometry": { "type": "LineString", "coordinates": [ [ 11.140648, 2.832452 ], [ 11.140935, 2.832319 ] ] } },
{ "type": "Feature", "properties": { "tg_type": "INF.PONT", "nom": "", "source_id": "way/630491175", "source": "OSM_OSMFR_2026-10-03", "statut": "IMPORTE", "date_source": "2026-10-03", "classe_route": "trunk", "ref": "N2A", "bridge": "yes", "bridge_structure": null, "longueur_m": 34.4 }, "geometry": { "type": "LineString", "coordinates": [ [ 11.336348, 2.175746 ], [ 11.336474, 2.175462 ] ] } },
{ "type": "Feature", "properties": { "tg_type": "INF.PONT", "nom": "", "source_id": "way/630491177", "source": "OSM_OSMFR_2026-10-03", "statut": "IMPORTE", "date_source": "2026-10-03", "classe_route": "trunk", "ref": "N2", "bridge": "yes", "bridge_structure": null, "longueur_m": 22.7 }, "geometry": { "type": "LineString", "coordinates": [ [ 11.433059, 2.327308 ], [ 11.433263, 2.327296 ] ] } },
{ "type": "Feature", "properties": { "tg_type": "INF.PONT", "nom": "", "source_id": "way/630497047", "source": "OSM_OSMFR_2026-10-03", "statut": "IMPORTE", "date_source": "2026-10-03", "classe_route": "trunk", "ref": "N3", "bridge": "yes", "bridge_structure": null, "longueur_m": 44.2 }, "geometry": { "type": "LineString", "coordinates": [ [ 10.46946, 3.842571 ], [ 10.469707, 3.842884 ] ] } },
{ "type": "Feature", "properties": { "tg_type": "INF.PONT", "nom": "Edea-Kribi", "source_id": "way/630497616", "source": "OSM_OSMFR_2026-10-03", "statut": "IMPORTE", "date_source": "2026-10-03", "classe_route": "trunk", "ref": "N7", "bridge": "yes", "bridge_structure": null, "longueur_m": 19.8 }, "geometry": { "type": "LineString", "coordinates": [ [ 9.965567, 3.039875 ], [ 9.965503, 3.040042 ] ] } },
{ "type": "Feature", "properties": { "tg_type": "INF.PONT", "nom": "Edea-Kribi", "source_id": "way/630497618", "source": "OSM_OSMFR_2026-10-03", "statut": "IMPORTE", "date_source": "2026-10-03", "classe_route": "trunk", "ref": "N7", "bridge": "yes", "bridge_structure": null, "longueur_m": 21.9 }, "geometry": { "type": "LineString", "coordinates": [ [ 9.974141, 3.061802 ], [ 9.9743, 3.061919 ] ] } },
{ "type": "Feature", "properties": { "tg_type": "INF.PONT", "nom": "Edea-Kribi", "source_id": "way/630497621", "source": "OSM_OSMFR_2026-10-03", "statut": "IMPORTE", "date_source": "2026-10-03", "classe_route": "trunk", "ref": "N7", "bridge": "yes", "bridge_structure": null, "longueur_m": 32.8 }, "geometry": { "type": "LineString", "coordinates": [ [ 9.995509, 3.114937 ], [ 9.995699, 3.115164 ] ] } },
{ "type": "Feature", "properties": { "tg_type": "INF.PONT", "nom": "Edea-Kribi", "source_id": "way/630497630", "source": "OSM_OSMFR_2026-10-03", "statut": "IMPORTE", "date_source": "2026-10-03", "classe_route": "trunk", "ref": "N7", "bridge": "yes", "bridge_structure": null, "longueur_m": 36.3 }, "geometry": { "type": "LineString", "coordinates": [ [ 10.031656, 3.233607 ], [ 10.031928, 3.233788 ] ] } },
{ "type": "Feature", "properties": { "tg_type": "INF.PONT", "nom": "Edea-Kribi", "source_id": "way/630497637", "source": "OSM_OSMFR_2026-10-03", "statut": "IMPORTE", "date_source": "2026-10-03", "classe_route": "trunk", "ref": "N7", "bridge": "yes", "bridge_structure": null, "longueur_m": 60.7 }, "geometry": { "type": "LineString", "coordinates": [ [ 10.094239, 3.324339 ], [ 10.09455, 3.324791 ] ] } },
{ "type": "Feature", "properties": { "tg_type": "INF.PONT", "nom": "Kribi-Ebolowa", "source_id": "way/630802995", "source": "OSM_OSMFR_2026-10-03", "statut": "IMPORTE", "date_source": "2026-10-03", "classe_route": "trunk", "ref": "N17", "bridge": "yes", "bridge_structure": null, "longueur_m": 13.9 }, "geometry": { "type": "LineString", "coordinates": [ [ 10.53823, 2.812206 ], [ 10.538355, 2.812202 ] ] } },
{ "type": "Feature", "properties": { "tg_type": "INF.PONT", "nom": "Kribi-Ebolowa", "source_id": "way/630802997", "source": "OSM_OSMFR_2026-10-03", "statut": "IMPORTE", "date_source": "2026-10-03", "classe_route": "trunk", "ref": "N17", "bridge": "yes", "bridge_structure": null, "longueur_m": 6.8 }, "geometry": { "type": "LineString", "coordinates": [ [ 11.03579, 2.859246 ], [ 11.035821, 2.8593 ] ] } },
{ "type": "Feature", "properties": { "tg_type": "INF.PONT", "nom": "", "source_id": "way/630826650", "source": "OSM_OSMFR_2026-10-03", "statut": "IMPORTE", "date_source": "2026-10-03", "classe_route": "primary", "ref": "N21", "bridge": "yes", "bridge_structure": null, "longueur_m": 14.3 }, "geometry": { "type": "LineString", "coordinates": [ [ 12.317754, 3.411079 ], [ 12.317881, 3.41109 ] ] } },
{ "type": "Feature", "properties": { "tg_type": "INF.PONT", "nom": "Douala-Bafoussam (N5)", "source_id": "way/630891653", "source": "OSM_OSMFR_2026-10-03", "statut": "IMPORTE", "date_source": "2026-10-03", "classe_route": "trunk", "ref": "N5", "bridge": "yes", "bridge_structure": null, "longueur_m": 12.1 }, "geometry": { "type": "LineString", "coordinates": [ [ 9.901529, 4.89232 ], [ 9.901441, 4.892255 ] ] } },
{ "type": "Feature", "properties": { "tg_type": "INF.PONT", "nom": "Douala-Bafoussam (N5)", "source_id": "way/630891654", "source": "OSM_OSMFR_2026-10-03", "statut": "IMPORTE", "date_source": "2026-10-03", "classe_route": "trunk", "ref": "N5", "bridge": "yes", "bridge_structure": null, "longueur_m": 20.2 }, "geometry": { "type": "LineString", "coordinates": [ [ 9.754445, 4.773866 ], [ 9.754358, 4.773705 ] ] } },
{ "type": "Feature", "properties": { "tg_type": "INF.PONT", "nom": "", "source_id": "way/632808090", "source": "OSM_OSMFR_2026-10-03", "statut": "IMPORTE", "date_source": "2026-10-03", "classe_route": "trunk", "ref": "N 1", "bridge": "yes", "bridge_structure": null, "longueur_m": 38.5 }, "geometry": { "type": "LineString", "coordinates": [ [ 12.177755, 4.56399 ], [ 12.178091, 4.564074 ] ] } },
{ "type": "Feature", "properties": { "tg_type": "INF.PONT", "nom": "", "source_id": "way/637492424", "source": "OSM_OSMFR_2026-10-03", "statut": "IMPORTE", "date_source": "2026-10-03", "classe_route": "primary", "ref": null, "bridge": "yes", "bridge_structure": null, "longueur_m": 67.7 }, "geometry": { "type": "LineString", "coordinates": [ [ 13.999425, 9.726966 ], [ 14.000037, 9.726881 ] ] } },
{ "type": "Feature", "properties": { "tg_type": "INF.PONT", "nom": "", "source_id": "way/637492428", "source": "OSM_OSMFR_2026-10-03", "statut": "IMPORTE", "date_source": "2026-10-03", "classe_route": "primary", "ref": null, "bridge": "yes", "bridge_structure": null, "longueur_m": 18.3 }, "geometry": { "type": "LineString", "coordinates": [ [ 13.976549, 9.730108 ], [ 13.976593, 9.729948 ] ] } },
{ "type": "Feature", "properties": { "tg_type": "INF.PONT", "nom": "", "source_id": "way/642041361", "source": "OSM_OSMFR_2026-10-03", "statut": "IMPORTE", "date_source": "2026-10-03", "classe_route": "trunk", "ref": "N4", "bridge": "yes", "bridge_structure": null, "longueur_m": 33.6 }, "geometry": { "type": "LineString", "coordinates": [ [ 10.813763, 4.875455 ], [ 10.813739, 4.875759 ] ] } },
{ "type": "Feature", "properties": { "tg_type": "INF.PONT", "nom": "Lolodorf - Éséka", "source_id": "way/643297144", "source": "OSM_OSMFR_2026-10-03", "statut": "IMPORTE", "date_source": "2026-10-03", "classe_route": "primary", "ref": "P10", "bridge": "yes", "bridge_structure": null, "longueur_m": 113.7 }, "geometry": { "type": "LineString", "coordinates": [ [ 10.708159, 3.562741 ], [ 10.708355, 3.561732 ] ] } },
{ "type": "Feature", "properties": { "tg_type": "INF.PONT", "nom": "", "source_id": "way/643301890", "source": "OSM_OSMFR_2026-10-03", "statut": "IMPORTE", "date_source": "2026-10-03", "classe_route": "primary", "ref": "P 10", "bridge": "yes", "bridge_structure": null, "longueur_m": 36.3 }, "geometry": { "type": "LineString", "coordinates": [ [ 11.006018, 4.1319 ], [ 11.00626, 4.131678 ] ] } },
{ "type": "Feature", "properties": { "tg_type": "INF.PONT", "nom": "", "source_id": "way/643301894", "source": "OSM_OSMFR_2026-10-03", "statut": "IMPORTE", "date_source": "2026-10-03", "classe_route": "primary", "ref": "P 10", "bridge": "yes", "bridge_structure": null, "longueur_m": 37.6 }, "geometry": { "type": "LineString", "coordinates": [ [ 10.905692, 3.968642 ], [ 10.905904, 3.968376 ] ] } },
{ "type": "Feature", "properties": { "tg_type": "INF.PONT", "nom": "Lolodorf - Éséka", "source_id": "way/643301896", "source": "OSM_OSMFR_2026-10-03", "statut": "IMPORTE", "date_source": "2026-10-03", "classe_route": "primary", "ref": "P10", "bridge": "yes", "bridge_structure": null, "longueur_m": 51.3 }, "geometry": { "type": "LineString", "coordinates": [ [ 10.812289, 3.846754 ], [ 10.811864, 3.846572 ] ] } },
{ "type": "Feature", "properties": { "tg_type": "INF.PONT", "nom": "", "source_id": "way/643607495", "source": "OSM_OSMFR_2026-10-03", "statut": "IMPORTE", "date_source": "2026-10-03", "classe_route": "primary", "ref": "P 13", "bridge": "yes", "bridge_structure": null, "longueur_m": 34.7 }, "geometry": { "type": "LineString", "coordinates": [ [ 11.267169, 4.277441 ], [ 11.266887, 4.277305 ] ] } },
{ "type": "Feature", "properties": { "tg_type": "INF.PONT", "nom": "Ganye - Jimeta Federal Road", "source_id": "way/645152272", "source": "OSM_OSMFR_2026-10-03", "statut": "IMPORTE", "date_source": "2026-10-03", "classe_route": "primary", "ref": "F252", "bridge": "yes", "bridge_structure": null, "longueur_m": 24.9 }, "geometry": { "type": "LineString", "coordinates": [ [ 12.43151, 8.619947 ], [ 12.431628, 8.620139 ] ] } },
{ "type": "Feature", "properties": { "tg_type": "INF.PONT", "nom": "", "source_id": "way/645152274", "source": "OSM_OSMFR_2026-10-03", "statut": "IMPORTE", "date_source": "2026-10-03", "classe_route": "primary", "ref": "P3", "bridge": "yes", "bridge_structure": null, "longueur_m": 54.2 }, "geometry": { "type": "LineString", "coordinates": [ [ 13.923322, 9.868526 ], [ 13.923083, 9.868097 ] ] } },
{ "type": "Feature", "properties": { "tg_type": "INF.PONT", "nom": "", "source_id": "way/646270976", "source": "OSM_OSMFR_2026-10-03", "statut": "IMPORTE", "date_source": "2026-10-03", "classe_route": "primary", "ref": null, "bridge": "yes", "bridge_structure": null, "longueur_m": 24.3 }, "geometry": { "type": "LineString", "coordinates": [ [ 14.018465, 9.716584 ], [ 14.018629, 9.716437 ] ] } },
{ "type": "Feature", "properties": { "tg_type": "INF.PONT", "nom": "", "source_id": "way/647080827", "source": "OSM_OSMFR_2026-10-03", "statut": "IMPORTE", "date_source": "2026-10-03", "classe_route": "primary", "ref": "P17", "bridge": "yes", "bridge_structure": null, "longueur_m": 61.9 }, "geometry": { "type": "LineString", "coordinates": [ [ 9.985344, 5.229499 ], [ 9.985446, 5.228948 ] ] } },
{ "type": "Feature", "properties": { "tg_type": "INF.PONT", "nom": "Provinciale 17", "source_id": "way/647081138", "source": "OSM_OSMFR_2026-10-03", "statut": "IMPORTE", "date_source": "2026-10-03", "classe_route": "primary", "ref": "P17", "bridge": "yes", "bridge_structure": null, "longueur_m": 43.2 }, "geometry": { "type": "LineString", "coordinates": [ [ 10.011436, 5.366696 ], [ 10.011284, 5.366337 ] ] } },
{ "type": "Feature", "properties": { "tg_type": "INF.PONT", "nom": "", "source_id": "way/647614725", "source": "OSM_OSMFR_2026-10-03", "statut": "IMPORTE", "date_source": "2026-10-03", "classe_route": "trunk", "ref": "N10", "bridge": "yes", "bridge_structure": null, "longueur_m": 18.3 }, "geometry": { "type": "LineString", "coordinates": [ [ 13.388666, 4.207972 ], [ 13.388823, 4.208024 ] ] } },
{ "type": "Feature", "properties": { "tg_type": "INF.PONT", "nom": "", "source_id": "way/647657286", "source": "OSM_OSMFR_2026-10-03", "statut": "IMPORTE", "date_source": "2026-10-03", "classe_route": "trunk", "ref": "N10", "bridge": "yes", "bridge_structure": null, "longueur_m": 15.2 }, "geometry": { "type": "LineString", "coordinates": [ [ 15.024925, 4.022387 ], [ 15.024802, 4.022446 ] ] } },
{ "type": "Feature", "properties": { "tg_type": "INF.PONT", "nom": "", "source_id": "way/648962296", "source": "OSM_OSMFR_2026-10-03", "statut": "IMPORTE", "date_source": "2026-10-03", "classe_route": "primary", "ref": "P11", "bridge": "yes", "bridge_structure": null, "longueur_m": 51.6 }, "geometry": { "type": "LineString", "coordinates": [ [ 10.838023, 4.780571 ], [ 10.83806, 4.781036 ] ] } },
{ "type": "Feature", "properties": { "tg_type": "INF.PONT", "nom": "", "source_id": "way/649334269", "source": "OSM_OSMFR_2026-10-03", "statut": "IMPORTE", "date_source": "2026-10-03", "classe_route": "primary", "ref": "P22", "bridge": "yes", "bridge_structure": null, "longueur_m": 9.5 }, "geometry": { "type": "LineString", "coordinates": [ [ 12.293186, 3.702999 ], [ 12.293101, 3.703006 ] ] } },
{ "type": "Feature", "properties": { "tg_type": "INF.PONT", "nom": "", "source_id": "way/649800515", "source": "OSM_OSMFR_2026-10-03", "statut": "IMPORTE", "date_source": "2026-10-03", "classe_route": "primary", "ref": "P15", "bridge": "yes", "bridge_structure": null, "longueur_m": 12.7 }, "geometry": { "type": "LineString", "coordinates": [ [ 10.029172, 4.577962 ], [ 10.029244, 4.578052 ] ] } },
{ "type": "Feature", "properties": { "tg_type": "INF.PONT", "nom": "", "source_id": "way/649802501", "source": "OSM_OSMFR_2026-10-03", "statut": "IMPORTE", "date_source": "2026-10-03", "classe_route": "primary", "ref": "P15", "bridge": "yes", "bridge_structure": null, "longueur_m": 41.5 }, "geometry": { "type": "LineString", "coordinates": [ [ 10.032293, 4.581256 ], [ 10.032618, 4.581443 ] ] } },
{ "type": "Feature", "properties": { "tg_type": "INF.PONT", "nom": "Douala-Bafoussam (N5)", "source_id": "way/649814523", "source": "OSM_OSMFR_2026-10-03", "statut": "IMPORTE", "date_source": "2026-10-03", "classe_route": "trunk", "ref": "N5", "bridge": "yes", "bridge_structure": null, "longueur_m": 18.5 }, "geometry": { "type": "LineString", "coordinates": [ [ 9.852919, 4.87253 ], [ 9.852803, 4.872411 ] ] } },
{ "type": "Feature", "properties": { "tg_type": "INF.PONT", "nom": "", "source_id": "way/649823672", "source": "OSM_OSMFR_2026-10-03", "statut": "IMPORTE", "date_source": "2026-10-03", "classe_route": "primary", "ref": "P11", "bridge": "yes", "bridge_structure": null, "longueur_m": 16.4 }, "geometry": { "type": "LineString", "coordinates": [ [ 11.680739, 3.677914 ], [ 11.680621, 3.678005 ] ] } },
{ "type": "Feature", "properties": { "tg_type": "INF.PONT", "nom": "", "source_id": "way/649823673", "source": "OSM_OSMFR_2026-10-03", "statut": "IMPORTE", "date_source": "2026-10-03", "classe_route": "primary", "ref": "P11", "bridge": "yes", "bridge_structure": null, "longueur_m": 21.6 }, "geometry": { "type": "LineString", "coordinates": [ [ 11.680182, 3.678339 ], [ 11.680022, 3.678449 ] ] } },
{ "type": "Feature", "properties": { "tg_type": "INF.PONT", "nom": "", "source_id": "way/649881059", "source": "OSM_OSMFR_2026-10-03", "statut": "IMPORTE", "date_source": "2026-10-03", "classe_route": "primary", "ref": "P15", "bridge": "yes", "bridge_structure": null, "longueur_m": 39.1 }, "geometry": { "type": "LineString", "coordinates": [ [ 10.260502, 4.910824 ], [ 10.260433, 4.910971 ], [ 10.260265, 4.911061 ] ] } },
{ "type": "Feature", "properties": { "tg_type": "INF.PONT", "nom": "", "source_id": "way/649914596", "source": "OSM_OSMFR_2026-10-03", "statut": "IMPORTE", "date_source": "2026-10-03", "classe_route": "primary", "ref": "P16", "bridge": "yes", "bridge_structure": null, "longueur_m": 15.3 }, "geometry": { "type": "LineString", "coordinates": [ [ 10.062363, 4.437054 ], [ 10.062468, 4.436964 ] ] } },
{ "type": "Feature", "properties": { "tg_type": "INF.PONT", "nom": "", "source_id": "way/649914620", "source": "OSM_OSMFR_2026-10-03", "statut": "IMPORTE", "date_source": "2026-10-03", "classe_route": "primary", "ref": "P16", "bridge": "yes", "bridge_structure": null, "longueur_m": 9.5 }, "geometry": { "type": "LineString", "coordinates": [ [ 9.802121, 4.671744 ], [ 9.802084, 4.671667 ] ] } },
{ "type": "Feature", "properties": { "tg_type": "INF.PONT", "nom": "", "source_id": "way/649914637", "source": "OSM_OSMFR_2026-10-03", "statut": "IMPORTE", "date_source": "2026-10-03", "classe_route": "primary", "ref": "P15", "bridge": "yes", "bridge_structure": null, "longueur_m": 18.8 }, "geometry": { "type": "LineString", "coordinates": [ [ 9.989866, 4.42567 ], [ 9.989909, 4.425834 ] ] } },
{ "type": "Feature", "properties": { "tg_type": "INF.PONT", "nom": "", "source_id": "way/649960825", "source": "OSM_OSMFR_2026-10-03", "statut": "IMPORTE", "date_source": "2026-10-03", "classe_route": "primary", "ref": "P16", "bridge": "yes", "bridge_structure": null, "longueur_m": 17.0 }, "geometry": { "type": "LineString", "coordinates": [ [ 10.137481, 4.430025 ], [ 10.137629, 4.429982 ] ] } },
{ "type": "Feature", "properties": { "tg_type": "INF.PONT", "nom": "", "source_id": "way/650434662", "source": "OSM_OSMFR_2026-10-03", "statut": "IMPORTE", "date_source": "2026-10-03", "classe_route": "primary", "ref": "P 11", "bridge": "yes", "bridge_structure": null, "longueur_m": 7.2 }, "geometry": { "type": "LineString", "coordinates": [ [ 10.84296, 4.364648 ], [ 10.842974, 4.364711 ] ] } },
{ "type": "Feature", "properties": { "tg_type": "INF.PONT", "nom": "", "source_id": "way/650452102", "source": "OSM_OSMFR_2026-10-03", "statut": "IMPORTE", "date_source": "2026-10-03", "classe_route": "primary", "ref": "P17", "bridge": "yes", "bridge_structure": null, "longueur_m": 19.6 }, "geometry": { "type": "LineString", "coordinates": [ [ 9.976215, 5.162506 ], [ 9.97629, 5.162346 ] ] } },
{ "type": "Feature", "properties": { "tg_type": "INF.PONT", "nom": "", "source_id": "way/654542960", "source": "OSM_OSMFR_2026-10-03", "statut": "IMPORTE", "date_source": "2026-10-03", "classe_route": "trunk", "ref": "N7", "bridge": "yes", "bridge_structure": null, "longueur_m": 128.4 }, "geometry": { "type": "LineString", "coordinates": [ [ 9.894467, 2.798451 ], [ 9.893375, 2.798074 ] ] } },
{ "type": "Feature", "properties": { "tg_type": "INF.PONT", "nom": "", "source_id": "way/654754630", "source": "OSM_OSMFR_2026-10-03", "statut": "IMPORTE", "date_source": "2026-10-03", "classe_route": "trunk", "ref": "N9", "bridge": "yes", "bridge_structure": null, "longueur_m": 36.5 }, "geometry": { "type": "LineString", "coordinates": [ [ 11.992202, 2.928959 ], [ 11.992516, 2.929056 ] ] } },
{ "type": "Feature", "properties": { "tg_type": "INF.PONT", "nom": "Ngaoundéré-Garoua", "source_id": "way/660430659", "source": "OSM_OSMFR_2026-10-03", "statut": "IMPORTE", "date_source": "2026-10-03", "classe_route": "trunk", "ref": "N1", "bridge": "yes", "bridge_structure": null, "longueur_m": 13.8 }, "geometry": { "type": "LineString", "coordinates": [ [ 13.559204, 7.384528 ], [ 13.559105, 7.384605 ] ] } },
{ "type": "Feature", "properties": { "tg_type": "INF.PONT", "nom": "Ngaoundéré-Garoua", "source_id": "way/660430792", "source": "OSM_OSMFR_2026-10-03", "statut": "IMPORTE", "date_source": "2026-10-03", "classe_route": "trunk", "ref": "N1", "bridge": "yes", "bridge_structure": null, "longueur_m": 23.7 }, "geometry": { "type": "LineString", "coordinates": [ [ 13.555919, 7.387055 ], [ 13.555752, 7.38719 ] ] } },
{ "type": "Feature", "properties": { "tg_type": "INF.PONT", "nom": "", "source_id": "way/660433515", "source": "OSM_OSMFR_2026-10-03", "statut": "IMPORTE", "date_source": "2026-10-03", "classe_route": "primary", "ref": null, "bridge": "yes", "bridge_structure": null, "longueur_m": 49.4 }, "geometry": { "type": "LineString", "coordinates": [ [ 13.571588, 7.35798 ], [ 13.571799, 7.357586 ] ] } },
{ "type": "Feature", "properties": { "tg_type": "INF.PONT", "nom": "Ngaoundéré-Garoua", "source_id": "way/660433522", "source": "OSM_OSMFR_2026-10-03", "statut": "IMPORTE", "date_source": "2026-10-03", "classe_route": "trunk", "ref": "N1", "bridge": "yes", "bridge_structure": null, "longueur_m": 10.3 }, "geometry": { "type": "LineString", "coordinates": [ [ 13.566489, 7.363919 ], [ 13.566527, 7.364004 ] ] } },
{ "type": "Feature", "properties": { "tg_type": "INF.PONT", "nom": "", "source_id": "way/660454046", "source": "OSM_OSMFR_2026-10-03", "statut": "IMPORTE", "date_source": "2026-10-03", "classe_route": "primary", "ref": null, "bridge": "yes", "bridge_structure": null, "longueur_m": 36.4 }, "geometry": { "type": "LineString", "coordinates": [ [ 13.583199, 7.339937 ], [ 13.583493, 7.339787 ] ] } },
{ "type": "Feature", "properties": { "tg_type": "INF.PONT", "nom": "", "source_id": "way/660527133", "source": "OSM_OSMFR_2026-10-03", "statut": "IMPORTE", "date_source": "2026-10-03", "classe_route": "primary", "ref": null, "bridge": "yes", "bridge_structure": null, "longueur_m": 8.6 }, "geometry": { "type": "LineString", "coordinates": [ [ 13.579882, 7.314122 ], [ 13.579959, 7.31411 ] ] } },
{ "type": "Feature", "properties": { "tg_type": "INF.PONT", "nom": "Provinciale 17", "source_id": "way/676864852", "source": "OSM_OSMFR_2026-10-03", "statut": "IMPORTE", "date_source": "2026-10-03", "classe_route": "primary", "ref": "P17", "bridge": "yes", "bridge_structure": null, "longueur_m": 22.3 }, "geometry": { "type": "LineString", "coordinates": [ [ 10.005648, 5.39207 ], [ 10.005847, 5.392037 ] ] } },
{ "type": "Feature", "properties": { "tg_type": "INF.PONT", "nom": "Provinciale 17", "source_id": "way/677213792", "source": "OSM_OSMFR_2026-10-03", "statut": "IMPORTE", "date_source": "2026-10-03", "classe_route": "primary", "ref": "P17", "bridge": "yes", "bridge_structure": null, "longueur_m": 24.2 }, "geometry": { "type": "LineString", "coordinates": [ [ 10.016271, 5.381751 ], [ 10.016404, 5.381581 ] ] } },
{ "type": "Feature", "properties": { "tg_type": "INF.PONT", "nom": "Route de Douala", "source_id": "way/679831312", "source": "OSM_OSMFR_2026-10-03", "statut": "IMPORTE", "date_source": "2026-10-03", "classe_route": "trunk", "ref": "N3A", "bridge": "yes", "bridge_structure": null, "longueur_m": 46.3 }, "geometry": { "type": "LineString", "coordinates": [ [ 11.452314, 3.873356 ], [ 11.451942, 3.873544 ] ] } },
{ "type": "Feature", "properties": { "tg_type": "INF.PONT", "nom": "", "source_id": "way/680862292", "source": "OSM_OSMFR_2026-10-03", "statut": "IMPORTE", "date_source": "2026-10-03", "classe_route": "trunk", "ref": "N 15", "bridge": "yes", "bridge_structure": null, "longueur_m": 386.2 }, "geometry": { "type": "LineString", "coordinates": [ [ 11.625682, 4.353413 ], [ 11.62827, 4.355747 ] ] } },
{ "type": "Feature", "properties": { "tg_type": "INF.PONT", "nom": "Bamenda-Mamfe", "source_id": "way/681300545", "source": "OSM_OSMFR_2026-10-03", "statut": "IMPORTE", "date_source": "2026-10-03", "classe_route": "trunk", "ref": "N6", "bridge": "yes", "bridge_structure": null, "longueur_m": 18.8 }, "geometry": { "type": "LineString", "coordinates": [ [ 9.875352, 5.842685 ], [ 9.875505, 5.84261 ] ] } },
{ "type": "Feature", "properties": { "tg_type": "INF.PONT", "nom": "", "source_id": "way/688554592", "source": "OSM_OSMFR_2026-10-03", "statut": "IMPORTE", "date_source": "2026-10-03", "classe_route": "primary", "ref": null, "bridge": "yes", "bridge_structure": null, "longueur_m": 23.8 }, "geometry": { "type": "LineString", "coordinates": [ [ 9.705573, 4.065472 ], [ 9.705715, 4.065625 ] ] } },
{ "type": "Feature", "properties": { "tg_type": "INF.PONT", "nom": "", "source_id": "way/688554593", "source": "OSM_OSMFR_2026-10-03", "statut": "IMPORTE", "date_source": "2026-10-03", "classe_route": "primary", "ref": null, "bridge": "yes", "bridge_structure": null, "longueur_m": 21.3 }, "geometry": { "type": "LineString", "coordinates": [ [ 9.705415, 4.065929 ], [ 9.705269, 4.065811 ] ] } },
{ "type": "Feature", "properties": { "tg_type": "INF.PONT", "nom": "", "source_id": "way/689040239", "source": "OSM_OSMFR_2026-10-03", "statut": "IMPORTE", "date_source": "2026-10-03", "classe_route": "trunk", "ref": "N 13", "bridge": "yes", "bridge_structure": null, "longueur_m": 142.8 }, "geometry": { "type": "LineString", "coordinates": [ [ 14.239235, 8.389424 ], [ 14.240229, 8.388594 ] ] } },
{ "type": "Feature", "properties": { "tg_type": "INF.PONT", "nom": "Provinciale 19", "source_id": "way/697014578", "source": "OSM_OSMFR_2026-10-03", "statut": "IMPORTE", "date_source": "2026-10-03", "classe_route": "primary", "ref": "P19", "bridge": "yes", "bridge_structure": null, "longueur_m": 15.8 }, "geometry": { "type": "LineString", "coordinates": [ [ 9.897931, 5.500168 ], [ 9.897979, 5.500035 ] ] } },
{ "type": "Feature", "properties": { "tg_type": "INF.PONT", "nom": "Rue 8.138", "source_id": "way/711001315", "source": "OSM_OSMFR_2026-10-03", "statut": "IMPORTE", "date_source": "2026-10-03", "classe_route": "primary", "ref": null, "bridge": "yes", "bridge_structure": null, "longueur_m": 35.4 }, "geometry": { "type": "LineString", "coordinates": [ [ 11.51074, 3.808419 ], [ 11.511009, 3.80859 ] ] } },
{ "type": "Feature", "properties": { "tg_type": "INF.PONT", "nom": "Rue 8.078", "source_id": "way/711001317", "source": "OSM_OSMFR_2026-10-03", "statut": "IMPORTE", "date_source": "2026-10-03", "classe_route": "trunk", "ref": "N3", "bridge": "yes", "bridge_structure": null, "longueur_m": 48.3 }, "geometry": { "type": "LineString", "coordinates": [ [ 11.510483, 3.80947 ], [ 11.510377, 3.809046 ] ] } },
{ "type": "Feature", "properties": { "tg_type": "INF.PONT", "nom": "Avenue de Biyeme Assi", "source_id": "way/714511235", "source": "OSM_OSMFR_2026-10-03", "statut": "IMPORTE", "date_source": "2026-10-03", "classe_route": "primary", "ref": null, "bridge": "yes", "bridge_structure": null, "longueur_m": 7.8 }, "geometry": { "type": "LineString", "coordinates": [ [ 11.491627, 3.844219 ], [ 11.491582, 3.844166 ] ] } },
{ "type": "Feature", "properties": { "tg_type": "INF.PONT", "nom": "Bamenda-Mamfe", "source_id": "way/726033853", "source": "OSM_OSMFR_2026-10-03", "statut": "IMPORTE", "date_source": "2026-10-03", "classe_route": "trunk", "ref": "N6", "bridge": "yes", "bridge_structure": null, "longueur_m": 11.6 }, "geometry": { "type": "LineString", "coordinates": [ [ 9.465401, 5.715234 ], [ 9.465505, 5.715242 ] ] } },
{ "type": "Feature", "properties": { "tg_type": "INF.PONT", "nom": "", "source_id": "way/726077212", "source": "OSM_OSMFR_2026-10-03", "statut": "IMPORTE", "date_source": "2026-10-03", "classe_route": "trunk", "ref": "N 17A", "bridge": "yes", "bridge_structure": null, "longueur_m": 11.1 }, "geometry": { "type": "LineString", "coordinates": [ [ 11.45121, 2.973088 ], [ 11.451305, 2.973058 ] ] } },
{ "type": "Feature", "properties": { "tg_type": "INF.PONT", "nom": "", "source_id": "way/726077213", "source": "OSM_OSMFR_2026-10-03", "statut": "IMPORTE", "date_source": "2026-10-03", "classe_route": "trunk", "ref": "N 17A", "bridge": "yes", "bridge_structure": null, "longueur_m": 8.4 }, "geometry": { "type": "LineString", "coordinates": [ [ 11.454465, 2.970285 ], [ 11.454523, 2.970236 ] ] } },
{ "type": "Feature", "properties": { "tg_type": "INF.PONT", "nom": "", "source_id": "way/726601012", "source": "OSM_OSMFR_2026-10-03", "statut": "IMPORTE", "date_source": "2026-10-03", "classe_route": "trunk", "ref": "N20", "bridge": "yes", "bridge_structure": null, "longueur_m": 19.1 }, "geometry": { "type": "LineString", "coordinates": [ [ 14.129024, 7.6061 ], [ 14.129165, 7.6062 ] ] } },
{ "type": "Feature", "properties": { "tg_type": "INF.PONT", "nom": "", "source_id": "way/727356963", "source": "OSM_OSMFR_2026-10-03", "statut": "IMPORTE", "date_source": "2026-10-03", "classe_route": "trunk", "ref": "N13", "bridge": "yes", "bridge_structure": null, "longueur_m": 35.9 }, "geometry": { "type": "LineString", "coordinates": [ [ 15.516176, 7.783659 ], [ 15.516501, 7.783679 ] ] } },
{ "type": "Feature", "properties": { "tg_type": "INF.PONT", "nom": "", "source_id": "way/727626667", "source": "OSM_OSMFR_2026-10-03", "statut": "IMPORTE", "date_source": "2026-10-03", "classe_route": "primary", "ref": "P 11", "bridge": "yes", "bridge_structure": null, "longueur_m": 31.4 }, "geometry": { "type": "LineString", "coordinates": [ [ 11.396853, 4.014584 ], [ 11.396647, 4.014777 ] ] } },
{ "type": "Feature", "properties": { "tg_type": "INF.PONT", "nom": "", "source_id": "way/727675797", "source": "OSM_OSMFR_2026-10-03", "statut": "IMPORTE", "date_source": "2026-10-03", "classe_route": "trunk", "ref": "N20", "bridge": "yes", "bridge_structure": null, "longueur_m": 35.1 }, "geometry": { "type": "LineString", "coordinates": [ [ 15.081127, 7.788566 ], [ 15.08143, 7.788469 ] ] } },
{ "type": "Feature", "properties": { "tg_type": "INF.PONT", "nom": "Maroua-Mokolo", "source_id": "way/727682030", "source": "OSM_OSMFR_2026-10-03", "statut": "IMPORTE", "date_source": "2026-10-03", "classe_route": "primary", "ref": "P2", "bridge": "yes", "bridge_structure": null, "longueur_m": 11.1 }, "geometry": { "type": "LineString", "coordinates": [ [ 13.917619, 10.576422 ], [ 13.91767, 10.576335 ] ] } },
{ "type": "Feature", "properties": { "tg_type": "INF.PONT", "nom": "Batouri-Yokadouma", "source_id": "way/727928688", "source": "OSM_OSMFR_2026-10-03", "statut": "IMPORTE", "date_source": "2026-10-03", "classe_route": "trunk", "ref": "N10", "bridge": "yes", "bridge_structure": null, "longueur_m": 21.8 }, "geometry": { "type": "LineString", "coordinates": [ [ 14.564209, 4.40115 ], [ 14.564251, 4.400958 ] ] } },
{ "type": "Feature", "properties": { "tg_type": "INF.PONT", "nom": "", "source_id": "way/727941342", "source": "OSM_OSMFR_2026-10-03", "statut": "IMPORTE", "date_source": "2026-10-03", "classe_route": "trunk", "ref": "N4", "bridge": "yes", "bridge_structure": null, "longueur_m": 14.1 }, "geometry": { "type": "LineString", "coordinates": [ [ 10.971663, 4.800214 ], [ 10.971773, 4.800278 ] ] } },
{ "type": "Feature", "properties": { "tg_type": "INF.PONT", "nom": "", "source_id": "way/727944528", "source": "OSM_OSMFR_2026-10-03", "statut": "IMPORTE", "date_source": "2026-10-03", "classe_route": "trunk", "ref": "N 1", "bridge": "yes", "bridge_structure": null, "longueur_m": 99.0 }, "geometry": { "type": "LineString", "coordinates": [ [ 12.134149, 4.517379 ], [ 12.134469, 4.518214 ] ] } },
{ "type": "Feature", "properties": { "tg_type": "INF.PONT", "nom": "Magada-Kaélé-Yagoua", "source_id": "way/727944769", "source": "OSM_OSMFR_2026-10-03", "statut": "IMPORTE", "date_source": "2026-10-03", "classe_route": "trunk", "ref": "N12", "bridge": "yes", "bridge_structure": null, "longueur_m": 18.7 }, "geometry": { "type": "LineString", "coordinates": [ [ 14.632895, 10.141555 ], [ 14.633065, 10.141542 ] ] } },
{ "type": "Feature", "properties": { "tg_type": "INF.PONT", "nom": "", "source_id": "way/727958328", "source": "OSM_OSMFR_2026-10-03", "statut": "IMPORTE", "date_source": "2026-10-03", "classe_route": "trunk", "ref": "N 1", "bridge": "yes", "bridge_structure": null, "longueur_m": 19.5 }, "geometry": { "type": "LineString", "coordinates": [ [ 12.291964, 4.630514 ], [ 12.29214, 4.630519 ] ] } },
{ "type": "Feature", "properties": { "tg_type": "INF.PONT", "nom": "", "source_id": "way/727958330", "source": "OSM_OSMFR_2026-10-03", "statut": "IMPORTE", "date_source": "2026-10-03", "classe_route": "trunk", "ref": "N 1", "bridge": "yes", "bridge_structure": null, "longueur_m": 21.0 }, "geometry": { "type": "LineString", "coordinates": [ [ 12.289977, 4.63052 ], [ 12.290166, 4.630523 ] ] } },
{ "type": "Feature", "properties": { "tg_type": "INF.PONT", "nom": "", "source_id": "way/727982776", "source": "OSM_OSMFR_2026-10-03", "statut": "IMPORTE", "date_source": "2026-10-03", "classe_route": "trunk", "ref": "N7", "bridge": "yes", "bridge_structure": null, "longueur_m": 19.1 }, "geometry": { "type": "LineString", "coordinates": [ [ 9.886683, 2.847407 ], [ 9.886593, 2.84726 ] ] } },
{ "type": "Feature", "properties": { "tg_type": "INF.PONT", "nom": "", "source_id": "way/727982779", "source": "OSM_OSMFR_2026-10-03", "statut": "IMPORTE", "date_source": "2026-10-03", "classe_route": "trunk", "ref": "N7", "bridge": "yes", "bridge_structure": null, "longueur_m": 23.0 }, "geometry": { "type": "LineString", "coordinates": [ [ 9.88418, 2.844301 ], [ 9.884052, 2.844138 ] ] } },
{ "type": "Feature", "properties": { "tg_type": "INF.PONT", "nom": "Ngaoundéré-Garoua-Boulai", "source_id": "way/727985269", "source": "OSM_OSMFR_2026-10-03", "statut": "IMPORTE", "date_source": "2026-10-03", "classe_route": "trunk", "ref": "N1", "bridge": "yes", "bridge_structure": null, "longueur_m": 15.8 }, "geometry": { "type": "LineString", "coordinates": [ [ 14.281652, 6.442189 ], [ 14.281737, 6.442075 ] ] } },
{ "type": "Feature", "properties": { "tg_type": "INF.PONT", "nom": "", "source_id": "way/727990271", "source": "OSM_OSMFR_2026-10-03", "statut": "IMPORTE", "date_source": "2026-10-03", "classe_route": "trunk", "ref": "N7", "bridge": "yes", "bridge_structure": null, "longueur_m": 22.0 }, "geometry": { "type": "LineString", "coordinates": [ [ 9.847766, 2.642854 ], [ 9.8476, 2.642746 ] ] } },
{ "type": "Feature", "properties": { "tg_type": "INF.PONT", "nom": "", "source_id": "way/728239503", "source": "OSM_OSMFR_2026-10-03", "statut": "IMPORTE", "date_source": "2026-10-03", "classe_route": "trunk", "ref": "N11", "bridge": "yes", "bridge_structure": null, "longueur_m": 28.0 }, "geometry": { "type": "LineString", "coordinates": [ [ 10.459778, 6.068254 ], [ 10.459996, 6.068383 ] ] } },
{ "type": "Feature", "properties": { "tg_type": "INF.PONT", "nom": "Route Mamfé - Eyumodjock", "source_id": "way/728239721", "source": "OSM_OSMFR_2026-10-03", "statut": "IMPORTE", "date_source": "2026-10-03", "classe_route": "trunk", "ref": "N6", "bridge": "yes", "bridge_structure": null, "longueur_m": 14.9 }, "geometry": { "type": "LineString", "coordinates": [ [ 9.168768, 5.694941 ], [ 9.168812, 5.694814 ] ] } },
{ "type": "Feature", "properties": { "tg_type": "INF.PONT", "nom": "Garoua-Maroua", "source_id": "way/728255822", "source": "OSM_OSMFR_2026-10-03", "statut": "IMPORTE", "date_source": "2026-10-03", "classe_route": "trunk", "ref": "N1", "bridge": "yes", "bridge_structure": null, "longueur_m": 20.0 }, "geometry": { "type": "LineString", "coordinates": [ [ 13.846394, 9.708156 ], [ 13.84639, 9.707974 ] ] } },
{ "type": "Feature", "properties": { "tg_type": "INF.PONT", "nom": "Garoua-Maroua", "source_id": "way/728920454", "source": "OSM_OSMFR_2026-10-03", "statut": "IMPORTE", "date_source": "2026-10-03", "classe_route": "trunk", "ref": "N1", "bridge": "yes", "bridge_structure": null, "longueur_m": 13.9 }, "geometry": { "type": "LineString", "coordinates": [ [ 13.978133, 9.794994 ], [ 13.978048, 9.794901 ] ] } },
{ "type": "Feature", "properties": { "tg_type": "INF.PONT", "nom": "Garoua-Maroua", "source_id": "way/728928032", "source": "OSM_OSMFR_2026-10-03", "statut": "IMPORTE", "date_source": "2026-10-03", "classe_route": "trunk", "ref": "N1", "bridge": "yes", "bridge_structure": null, "longueur_m": 22.8 }, "geometry": { "type": "LineString", "coordinates": [ [ 13.995516, 9.820069 ], [ 13.995371, 9.819921 ] ] } },
{ "type": "Feature", "properties": { "tg_type": "INF.PONT", "nom": "Garoua-Maroua", "source_id": "way/728928034", "source": "OSM_OSMFR_2026-10-03", "statut": "IMPORTE", "date_source": "2026-10-03", "classe_route": "trunk", "ref": "N1", "bridge": "yes", "bridge_structure": null, "longueur_m": 25.8 }, "geometry": { "type": "LineString", "coordinates": [ [ 13.998633, 9.821835 ], [ 13.998426, 9.821724 ] ] } },
{ "type": "Feature", "properties": { "tg_type": "INF.PONT", "nom": "Ngaoundéré-Garoua", "source_id": "way/729774512", "source": "OSM_OSMFR_2026-10-03", "statut": "IMPORTE", "date_source": "2026-10-03", "classe_route": "trunk", "ref": "N1", "bridge": "yes", "bridge_structure": null, "longueur_m": 10.0 }, "geometry": { "type": "LineString", "coordinates": [ [ 13.59792, 7.925338 ], [ 13.597889, 7.925423 ] ] } },
{ "type": "Feature", "properties": { "tg_type": "INF.PONT", "nom": "", "source_id": "way/729789003", "source": "OSM_OSMFR_2026-10-03", "statut": "IMPORTE", "date_source": "2026-10-03", "classe_route": "primary", "ref": "P1", "bridge": "yes", "bridge_structure": null, "longueur_m": 24.1 }, "geometry": { "type": "LineString", "coordinates": [ [ 13.549741, 9.708285 ], [ 13.549703, 9.708071 ] ] } },
{ "type": "Feature", "properties": { "tg_type": "INF.PONT", "nom": "Maroua-Mokolo", "source_id": "way/729794804", "source": "OSM_OSMFR_2026-10-03", "statut": "IMPORTE", "date_source": "2026-10-03", "classe_route": "primary", "ref": "P2", "bridge": "yes", "bridge_structure": null, "longueur_m": 14.4 }, "geometry": { "type": "LineString", "coordinates": [ [ 13.955146, 10.56637 ], [ 13.955273, 10.566337 ] ] } },
{ "type": "Feature", "properties": { "tg_type": "INF.PONT", "nom": "Garoua-Maroua", "source_id": "way/730062961", "source": "OSM_OSMFR_2026-10-03", "statut": "IMPORTE", "date_source": "2026-10-03", "classe_route": "trunk", "ref": "N1", "bridge": "yes", "bridge_structure": null, "longueur_m": 12.2 }, "geometry": { "type": "LineString", "coordinates": [ [ 14.143656, 9.920683 ], [ 14.14358, 9.920604 ] ] } },
{ "type": "Feature", "properties": { "tg_type": "INF.PONT", "nom": "Garoua-Maroua", "source_id": "way/730062963", "source": "OSM_OSMFR_2026-10-03", "statut": "IMPORTE", "date_source": "2026-10-03", "classe_route": "trunk", "ref": "N1", "bridge": "yes", "bridge_structure": null, "longueur_m": 13.8 }, "geometry": { "type": "LineString", "coordinates": [ [ 14.133229, 9.91001 ], [ 14.133144, 9.909918 ] ] } },
{ "type": "Feature", "properties": { "tg_type": "INF.PONT", "nom": "Kribi-Ebolowa", "source_id": "way/730092135", "source": "OSM_OSMFR_2026-10-03", "statut": "IMPORTE", "date_source": "2026-10-03", "classe_route": "trunk", "ref": "N17", "bridge": "yes", "bridge_structure": null, "longueur_m": 8.6 }, "geometry": { "type": "LineString", "coordinates": [ [ 9.970885, 2.88613 ], [ 9.970944, 2.88608 ] ] } },
{ "type": "Feature", "properties": { "tg_type": "INF.PONT", "nom": "", "source_id": "way/730125044", "source": "OSM_OSMFR_2026-10-03", "statut": "IMPORTE", "date_source": "2026-10-03", "classe_route": "primary", "ref": "P29", "bridge": "yes", "bridge_structure": null, "longueur_m": 11.2 }, "geometry": { "type": "LineString", "coordinates": [ [ 13.890774, 10.620695 ], [ 13.890729, 10.620604 ] ] } },
{ "type": "Feature", "properties": { "tg_type": "INF.PONT", "nom": "Garoua-Maroua", "source_id": "way/730921662", "source": "OSM_OSMFR_2026-10-03", "statut": "IMPORTE", "date_source": "2026-10-03", "classe_route": "trunk", "ref": "N1", "bridge": "yes", "bridge_structure": null, "longueur_m": 9.7 }, "geometry": { "type": "LineString", "coordinates": [ [ 14.264843, 10.524613 ], [ 14.264836, 10.524526 ] ] } },
{ "type": "Feature", "properties": { "tg_type": "INF.PONT", "nom": "Garoua-Maroua", "source_id": "way/730968852", "source": "OSM_OSMFR_2026-10-03", "statut": "IMPORTE", "date_source": "2026-10-03", "classe_route": "trunk", "ref": "N1", "bridge": "yes", "bridge_structure": null, "longueur_m": 11.4 }, "geometry": { "type": "LineString", "coordinates": [ [ 13.583672, 9.436005 ], [ 13.583589, 9.435942 ] ] } },
{ "type": "Feature", "properties": { "tg_type": "INF.PONT", "nom": "Garoua-Maroua", "source_id": "way/730999214", "source": "OSM_OSMFR_2026-10-03", "statut": "IMPORTE", "date_source": "2026-10-03", "classe_route": "trunk", "ref": "N1", "bridge": "yes", "bridge_structure": null, "longueur_m": 12.7 }, "geometry": { "type": "LineString", "coordinates": [ [ 13.591456, 9.437556 ], [ 13.59135, 9.43751 ] ] } },
{ "type": "Feature", "properties": { "tg_type": "INF.PONT", "nom": "Garoua-Maroua", "source_id": "way/731242122", "source": "OSM_OSMFR_2026-10-03", "statut": "IMPORTE", "date_source": "2026-10-03", "classe_route": "trunk", "ref": "N1", "bridge": "yes", "bridge_structure": null, "longueur_m": 10.4 }, "geometry": { "type": "LineString", "coordinates": [ [ 13.765589, 9.564162 ], [ 13.765557, 9.564073 ] ] } },
{ "type": "Feature", "properties": { "tg_type": "INF.PONT", "nom": "", "source_id": "way/731244715", "source": "OSM_OSMFR_2026-10-03", "statut": "IMPORTE", "date_source": "2026-10-03", "classe_route": "trunk", "ref": "N2", "bridge": "yes", "bridge_structure": null, "longueur_m": 12.6 }, "geometry": { "type": "LineString", "coordinates": [ [ 11.28549, 2.388976 ], [ 11.2856, 2.389003 ] ] } },
{ "type": "Feature", "properties": { "tg_type": "INF.PONT", "nom": "Maroua-Kousséri", "source_id": "way/732239156", "source": "OSM_OSMFR_2026-10-03", "statut": "IMPORTE", "date_source": "2026-10-03", "classe_route": "trunk", "ref": "N1", "bridge": "yes", "bridge_structure": null, "longueur_m": 12.5 }, "geometry": { "type": "LineString", "coordinates": [ [ 14.644366, 11.91142 ], [ 14.644311, 11.911321 ] ] } },
{ "type": "Feature", "properties": { "tg_type": "INF.PONT", "nom": "Ngaoundéré-Garoua-Boulai", "source_id": "way/732838389", "source": "OSM_OSMFR_2026-10-03", "statut": "IMPORTE", "date_source": "2026-10-03", "classe_route": "trunk", "ref": "N1", "bridge": "yes", "bridge_structure": null, "longueur_m": 26.6 }, "geometry": { "type": "LineString", "coordinates": [ [ 14.275551, 6.495921 ], [ 14.275376, 6.495756 ] ] } },
{ "type": "Feature", "properties": { "tg_type": "INF.PONT", "nom": "", "source_id": "way/733133647", "source": "OSM_OSMFR_2026-10-03", "statut": "IMPORTE", "date_source": "2026-10-03", "classe_route": "trunk", "ref": "N11", "bridge": "yes", "bridge_structure": null, "longueur_m": 23.3 }, "geometry": { "type": "LineString", "coordinates": [ [ 10.462542, 6.069371 ], [ 10.462746, 6.069423 ] ] } },
{ "type": "Feature", "properties": { "tg_type": "INF.PONT", "nom": "Batouri-Kentzou", "source_id": "way/744365603", "source": "OSM_OSMFR_2026-10-03", "statut": "IMPORTE", "date_source": "2026-10-03", "classe_route": "trunk", "ref": "N10A", "bridge": "yes", "bridge_structure": null, "longueur_m": 12.3 }, "geometry": { "type": "LineString", "coordinates": [ [ 14.648538, 4.397195 ], [ 14.648643, 4.397231 ] ] } },
{ "type": "Feature", "properties": { "tg_type": "INF.PONT", "nom": "Route Eyumodjock - Ekok", "source_id": "way/758834199", "source": "OSM_OSMFR_2026-10-03", "statut": "IMPORTE", "date_source": "2026-10-03", "classe_route": "trunk", "ref": "N6", "bridge": "yes", "bridge_structure": null, "longueur_m": 37.1 }, "geometry": { "type": "LineString", "coordinates": [ [ 8.923447, 5.810125 ], [ 8.923782, 5.810124 ] ] } },
{ "type": "Feature", "properties": { "tg_type": "INF.PONT", "nom": "", "source_id": "way/761177267", "source": "OSM_OSMFR_2026-10-03", "statut": "IMPORTE", "date_source": "2026-10-03", "classe_route": "primary", "ref": "P29", "bridge": "yes", "bridge_structure": null, "longueur_m": 47.4 }, "geometry": { "type": "LineString", "coordinates": [ [ 13.908152, 10.251005 ], [ 13.908312, 10.250607 ] ] } },
{ "type": "Feature", "properties": { "tg_type": "INF.PONT", "nom": "Garoua-Mokolo", "source_id": "way/761180495", "source": "OSM_OSMFR_2026-10-03", "statut": "IMPORTE", "date_source": "2026-10-03", "classe_route": "primary", "ref": "P1", "bridge": "yes", "bridge_structure": null, "longueur_m": 51.6 }, "geometry": { "type": "LineString", "coordinates": [ [ 13.723428, 10.733091 ], [ 13.723059, 10.7328 ] ] } },
{ "type": "Feature", "properties": { "tg_type": "INF.PONT", "nom": "", "source_id": "way/769530389", "source": "OSM_OSMFR_2026-10-03", "statut": "IMPORTE", "date_source": "2026-10-03", "classe_route": "trunk", "ref": "N2", "bridge": "yes", "bridge_structure": null, "longueur_m": 51.7 }, "geometry": { "type": "LineString", "coordinates": [ [ 11.178207, 2.47226 ], [ 11.178594, 2.472002 ] ] } },
{ "type": "Feature", "properties": { "tg_type": "INF.PONT", "nom": "Mbalmayo - Ebolowa", "source_id": "way/818459661", "source": "OSM_OSMFR_2026-10-03", "statut": "IMPORTE", "date_source": "2026-10-03", "classe_route": "trunk", "ref": "N2", "bridge": "yes", "bridge_structure": null, "longueur_m": 23.3 }, "geometry": { "type": "LineString", "coordinates": [ [ 11.481259, 3.323039 ], [ 11.481149, 3.32286 ] ] } },
{ "type": "Feature", "properties": { "tg_type": "INF.PONT", "nom": "", "source_id": "way/818459667", "source": "OSM_OSMFR_2026-10-03", "statut": "IMPORTE", "date_source": "2026-10-03", "classe_route": "primary", "ref": "P9", "bridge": "yes", "bridge_structure": null, "longueur_m": 16.8 }, "geometry": { "type": "LineString", "coordinates": [ [ 11.502078, 3.512187 ], [ 11.502168, 3.512065 ] ] } },
{ "type": "Feature", "properties": { "tg_type": "INF.PONT", "nom": "", "source_id": "way/819900759", "source": "OSM_OSMFR_2026-10-03", "statut": "IMPORTE", "date_source": "2026-10-03", "classe_route": "primary", "ref": "P16", "bridge": "yes", "bridge_structure": null, "longueur_m": 28.9 }, "geometry": { "type": "LineString", "coordinates": [ [ 10.457616, 4.472906 ], [ 10.457746, 4.472679 ] ] } },
{ "type": "Feature", "properties": { "tg_type": "INF.PONT", "nom": "", "source_id": "way/820273862", "source": "OSM_OSMFR_2026-10-03", "statut": "IMPORTE", "date_source": "2026-10-03", "classe_route": "primary", "ref": "P16", "bridge": "yes", "bridge_structure": null, "longueur_m": 52.9 }, "geometry": { "type": "LineString", "coordinates": [ [ 10.319805, 4.538287 ], [ 10.320108, 4.537929 ] ] } },
{ "type": "Feature", "properties": { "tg_type": "INF.PONT", "nom": "Rue 6.751", "source_id": "way/832234797", "source": "OSM_OSMFR_2026-10-03", "statut": "IMPORTE", "date_source": "2026-10-03", "classe_route": "primary", "ref": "P11", "bridge": "yes", "bridge_structure": null, "longueur_m": 8.1 }, "geometry": { "type": "LineString", "coordinates": [ [ 11.451429, 3.876144 ], [ 11.451449, 3.876074 ] ] } },
{ "type": "Feature", "properties": { "tg_type": "INF.PONT", "nom": "Route de Douala", "source_id": "way/832234802", "source": "OSM_OSMFR_2026-10-03", "statut": "IMPORTE", "date_source": "2026-10-03", "classe_route": "trunk", "ref": "N3A", "bridge": "yes", "bridge_structure": null, "longueur_m": 14.4 }, "geometry": { "type": "LineString", "coordinates": [ [ 11.437181, 3.872929 ], [ 11.437059, 3.87297 ] ] } },
{ "type": "Feature", "properties": { "tg_type": "INF.PONT", "nom": "", "source_id": "way/833173632", "source": "OSM_OSMFR_2026-10-03", "statut": "IMPORTE", "date_source": "2026-10-03", "classe_route": "trunk", "ref": "N7", "bridge": "yes", "bridge_structure": null, "longueur_m": 10.2 }, "geometry": { "type": "LineString", "coordinates": [ [ 9.907356, 2.899434 ], [ 9.90733, 2.899345 ] ] } },
{ "type": "Feature", "properties": { "tg_type": "INF.PONT", "nom": "", "source_id": "way/833173635", "source": "OSM_OSMFR_2026-10-03", "statut": "IMPORTE", "date_source": "2026-10-03", "classe_route": "trunk", "ref": "N7", "bridge": "yes", "bridge_structure": null, "longueur_m": 4.1 }, "geometry": { "type": "LineString", "coordinates": [ [ 9.905433, 2.907605 ], [ 9.905466, 2.90759 ] ] } },
{ "type": "Feature", "properties": { "tg_type": "INF.PONT", "nom": "", "source_id": "way/844348241", "source": "OSM_OSMFR_2026-10-03", "statut": "IMPORTE", "date_source": "2026-10-03", "classe_route": "primary", "ref": "P15", "bridge": "yes", "bridge_structure": null, "longueur_m": 17.0 }, "geometry": { "type": "LineString", "coordinates": [ [ 10.049513, 4.304249 ], [ 10.049488, 4.304401 ] ] } },
{ "type": "Feature", "properties": { "tg_type": "INF.PONT", "nom": "Route Camp Yabassi", "source_id": "way/856834869", "source": "OSM_OSMFR_2026-10-03", "statut": "IMPORTE", "date_source": "2026-10-03", "classe_route": "primary", "ref": null, "bridge": "yes", "bridge_structure": null, "longueur_m": 10.0 }, "geometry": { "type": "LineString", "coordinates": [ [ 9.711315, 4.039915 ], [ 9.711299, 4.040004 ] ] } },
{ "type": "Feature", "properties": { "tg_type": "INF.PONT", "nom": "", "source_id": "way/886274111", "source": "OSM_OSMFR_2026-10-03", "statut": "IMPORTE", "date_source": "2026-10-03", "classe_route": "trunk", "ref": "N6", "bridge": "yes", "bridge_structure": null, "longueur_m": 381.1 }, "geometry": { "type": "LineString", "coordinates": [ [ 8.850427, 5.812523 ], [ 8.846986, 5.812539 ] ] } },
{ "type": "Feature", "properties": { "tg_type": "INF.PONT", "nom": "Tombel-Bangem Road", "source_id": "way/902360768", "source": "OSM_OSMFR_2026-10-03", "statut": "IMPORTE", "date_source": "2026-10-03", "classe_route": "primary", "ref": "P17", "bridge": "yes", "bridge_structure": null, "longueur_m": 24.2 }, "geometry": { "type": "LineString", "coordinates": [ [ 9.712228, 4.927182 ], [ 9.712206, 4.926965 ] ] } },
{ "type": "Feature", "properties": { "tg_type": "INF.PONT", "nom": "Mbalmayo - Ebolowa", "source_id": "way/915950652", "source": "OSM_OSMFR_2026-10-03", "statut": "IMPORTE", "date_source": "2026-10-03", "classe_route": "trunk", "ref": "N2", "bridge": "yes", "bridge_structure": null, "longueur_m": 23.2 }, "geometry": { "type": "LineString", "coordinates": [ [ 11.481149, 3.32286 ], [ 11.481037, 3.322683 ] ] } },
{ "type": "Feature", "properties": { "tg_type": "INF.PONT", "nom": "", "source_id": "way/917366149", "source": "OSM_OSMFR_2026-10-03", "statut": "IMPORTE", "date_source": "2026-10-03", "classe_route": "trunk", "ref": "N 17a", "bridge": "yes", "bridge_structure": null, "longueur_m": 38.6 }, "geometry": { "type": "LineString", "coordinates": [ [ 11.959289, 2.958184 ], [ 11.959628, 2.958262 ] ] } },
{ "type": "Feature", "properties": { "tg_type": "INF.PONT", "nom": "Garoua-Mokolo", "source_id": "way/926883516", "source": "OSM_OSMFR_2026-10-03", "statut": "IMPORTE", "date_source": "2026-10-03", "classe_route": "primary", "ref": "P1", "bridge": "yes", "bridge_structure": null, "longueur_m": 49.8 }, "geometry": { "type": "LineString", "coordinates": [ [ 13.526878, 10.283216 ], [ 13.526622, 10.282844 ] ] } },
{ "type": "Feature", "properties": { "tg_type": "INF.PONT", "nom": "Route Kumba - Mamfé", "source_id": "way/935898634", "source": "OSM_OSMFR_2026-10-03", "statut": "IMPORTE", "date_source": "2026-10-03", "classe_route": "trunk", "ref": "N16", "bridge": "yes", "bridge_structure": null, "longueur_m": 14.4 }, "geometry": { "type": "LineString", "coordinates": [ [ 9.562139, 4.734265 ], [ 9.562014, 4.734234 ] ] } },
{ "type": "Feature", "properties": { "tg_type": "INF.PONT", "nom": "Pont sur le Logone", "source_id": "way/939778460", "source": "OSM_OSMFR_2026-10-03", "statut": "IMPORTE", "date_source": "2026-10-03", "classe_route": "trunk", "ref": null, "bridge": "yes", "bridge_structure": null, "longueur_m": 627.1 }, "geometry": { "type": "LineString", "coordinates": [ [ 15.302545, 10.310856 ], [ 15.307528, 10.313649 ] ] } },
{ "type": "Feature", "properties": { "tg_type": "INF.PONT", "nom": "", "source_id": "way/940626211", "source": "OSM_OSMFR_2026-10-03", "statut": "IMPORTE", "date_source": "2026-10-03", "classe_route": "trunk", "ref": "N10", "bridge": "yes", "bridge_structure": null, "longueur_m": 50.6 }, "geometry": { "type": "LineString", "coordinates": [ [ 15.051927, 3.519466 ], [ 15.051841, 3.519916 ] ] } },
{ "type": "Feature", "properties": { "tg_type": "INF.PONT", "nom": "", "source_id": "way/940626213", "source": "OSM_OSMFR_2026-10-03", "statut": "IMPORTE", "date_source": "2026-10-03", "classe_route": "trunk", "ref": "N10", "bridge": "yes", "bridge_structure": null, "longueur_m": 47.7 }, "geometry": { "type": "LineString", "coordinates": [ [ 15.051758, 3.519869 ], [ 15.051843, 3.519446 ] ] } },
{ "type": "Feature", "properties": { "tg_type": "INF.PONT", "nom": "", "source_id": "way/946368759", "source": "OSM_OSMFR_2026-10-03", "statut": "IMPORTE", "date_source": "2026-10-03", "classe_route": "primary", "ref": null, "bridge": "yes", "bridge_structure": null, "longueur_m": 21.8 }, "geometry": { "type": "LineString", "coordinates": [ [ 9.754931, 4.07193 ], [ 9.754835, 4.072103 ] ] } },
{ "type": "Feature", "properties": { "tg_type": "INF.PONT", "nom": "Kumba-Mundemba", "source_id": "way/946643080", "source": "OSM_OSMFR_2026-10-03", "statut": "IMPORTE", "date_source": "2026-10-03", "classe_route": "trunk", "ref": "N16", "bridge": "yes", "bridge_structure": null, "longueur_m": 15.2 }, "geometry": { "type": "LineString", "coordinates": [ [ 8.909154, 4.972284 ], [ 8.909148, 4.972146 ] ] } },
{ "type": "Feature", "properties": { "tg_type": "INF.PONT", "nom": "", "source_id": "way/964598153", "source": "OSM_OSMFR_2026-10-03", "statut": "IMPORTE", "date_source": "2026-10-03", "classe_route": "primary", "ref": "P15", "bridge": "yes", "bridge_structure": null, "longueur_m": 15.7 }, "geometry": { "type": "LineString", "coordinates": [ [ 10.417015, 5.69067 ], [ 10.417151, 5.690713 ] ] } },
{ "type": "Feature", "properties": { "tg_type": "INF.PONT", "nom": "", "source_id": "way/965628496", "source": "OSM_OSMFR_2026-10-03", "statut": "IMPORTE", "date_source": "2026-10-03", "classe_route": "primary", "ref": "P15", "bridge": "yes", "bridge_structure": null, "longueur_m": 74.0 }, "geometry": { "type": "LineString", "coordinates": [ [ 10.636218, 5.238606 ], [ 10.63581, 5.239136 ] ] } },
{ "type": "Feature", "properties": { "tg_type": "INF.PONT", "nom": "", "source_id": "way/968864398", "source": "OSM_OSMFR_2026-10-03", "statut": "IMPORTE", "date_source": "2026-10-03", "classe_route": "trunk", "ref": "N11", "bridge": "yes", "bridge_structure": null, "longueur_m": 28.0 }, "geometry": { "type": "LineString", "coordinates": [ [ 10.680152, 6.195714 ], [ 10.680283, 6.195931 ] ] } },
{ "type": "Feature", "properties": { "tg_type": "INF.PONT", "nom": "", "source_id": "way/1003848825", "source": "OSM_OSMFR_2026-10-03", "statut": "IMPORTE", "date_source": "2026-10-03", "classe_route": "primary", "ref": "P12", "bridge": "yes", "bridge_structure": null, "longueur_m": 22.5 }, "geometry": { "type": "LineString", "coordinates": [ [ 13.179461, 7.333065 ], [ 13.179258, 7.333041 ] ] } },
{ "type": "Feature", "properties": { "tg_type": "INF.PONT", "nom": "", "source_id": "way/1004936970", "source": "OSM_OSMFR_2026-10-03", "statut": "IMPORTE", "date_source": "2026-10-03", "classe_route": "trunk", "ref": "N 1", "bridge": "yes", "bridge_structure": null, "longueur_m": 50.5 }, "geometry": { "type": "LineString", "coordinates": [ [ 11.519987, 3.931663 ], [ 11.520027, 3.931208 ] ] } },
{ "type": "Feature", "properties": { "tg_type": "INF.PONT", "nom": "Rue 5.767", "source_id": "way/1004936971", "source": "OSM_OSMFR_2026-10-03", "statut": "IMPORTE", "date_source": "2026-10-03", "classe_route": "trunk", "ref": "N1", "bridge": "yes", "bridge_structure": null, "longueur_m": 49.9 }, "geometry": { "type": "LineString", "coordinates": [ [ 11.520136, 3.931216 ], [ 11.520101, 3.931666 ] ] } },
{ "type": "Feature", "properties": { "tg_type": "INF.PONT", "nom": "", "source_id": "way/1005200299", "source": "OSM_OSMFR_2026-10-03", "statut": "IMPORTE", "date_source": "2026-10-03", "classe_route": "primary", "ref": "P12", "bridge": "yes", "bridge_structure": null, "longueur_m": 19.1 }, "geometry": { "type": "LineString", "coordinates": [ [ 13.040633, 7.390877 ], [ 13.040792, 7.390946 ] ] } },
{ "type": "Feature", "properties": { "tg_type": "INF.PONT", "nom": "", "source_id": "way/1005879793", "source": "OSM_OSMFR_2026-10-03", "statut": "IMPORTE", "date_source": "2026-10-03", "classe_route": "trunk", "ref": "N3", "bridge": "yes", "bridge_structure": null, "longueur_m": 18.9 }, "geometry": { "type": "LineString", "coordinates": [ [ 11.484215, 3.794603 ], [ 11.484385, 3.794594 ] ] } },
{ "type": "Feature", "properties": { "tg_type": "INF.PONT", "nom": "Ngaoundéré-Garoua", "source_id": "way/1007390919", "source": "OSM_OSMFR_2026-10-03", "statut": "IMPORTE", "date_source": "2026-10-03", "classe_route": "trunk", "ref": "N1", "bridge": "yes", "bridge_structure": null, "longueur_m": 7.2 }, "geometry": { "type": "LineString", "coordinates": [ [ 13.597889, 7.925423 ], [ 13.597865, 7.925484 ] ] } },
{ "type": "Feature", "properties": { "tg_type": "INF.PONT", "nom": "Pont sur le Dja", "source_id": "way/1033284897", "source": "OSM_OSMFR_2026-10-03", "statut": "IMPORTE", "date_source": "2026-10-03", "classe_route": "trunk", "ref": "N19", "bridge": "yes", "bridge_structure": null, "longueur_m": 32.8 }, "geometry": { "type": "LineString", "coordinates": [ [ 13.52193, 3.427885 ], [ 13.522216, 3.427812 ] ] } },
{ "type": "Feature", "properties": { "tg_type": "INF.PONT", "nom": "", "source_id": "way/1042628673", "source": "OSM_OSMFR_2026-10-03", "statut": "IMPORTE", "date_source": "2026-10-03", "classe_route": "trunk", "ref": null, "bridge": "yes", "bridge_structure": null, "longueur_m": 55.3 }, "geometry": { "type": "LineString", "coordinates": [ [ 11.524816, 4.126496 ], [ 11.524571, 4.126061 ] ] } },
{ "type": "Feature", "properties": { "tg_type": "INF.PONT", "nom": "", "source_id": "way/1044455910", "source": "OSM_OSMFR_2026-10-03", "statut": "IMPORTE", "date_source": "2026-10-03", "classe_route": "primary", "ref": "N21", "bridge": "yes", "bridge_structure": null, "longueur_m": 33.5 }, "geometry": { "type": "LineString", "coordinates": [ [ 12.81265, 3.724759 ], [ 12.812937, 3.724665 ] ] } },
{ "type": "Feature", "properties": { "tg_type": "INF.PONT", "nom": "", "source_id": "way/1044687426", "source": "OSM_OSMFR_2026-10-03", "statut": "IMPORTE", "date_source": "2026-10-03", "classe_route": "primary", "ref": "N21", "bridge": "yes", "bridge_structure": null, "longueur_m": 19.0 }, "geometry": { "type": "LineString", "coordinates": [ [ 12.580464, 3.466171 ], [ 12.580633, 3.4662 ] ] } },
{ "type": "Feature", "properties": { "tg_type": "INF.PONT", "nom": "", "source_id": "way/1044687430", "source": "OSM_OSMFR_2026-10-03", "statut": "IMPORTE", "date_source": "2026-10-03", "classe_route": "primary", "ref": "N21", "bridge": "yes", "bridge_structure": null, "longueur_m": 37.7 }, "geometry": { "type": "LineString", "coordinates": [ [ 12.54871, 3.427313 ], [ 12.549009, 3.427475 ] ] } },
{ "type": "Feature", "properties": { "tg_type": "INF.PONT", "nom": "", "source_id": "way/1046911451", "source": "OSM_OSMFR_2026-10-03", "statut": "IMPORTE", "date_source": "2026-10-03", "classe_route": "trunk", "ref": "N10", "bridge": "yes", "bridge_structure": null, "longueur_m": 58.8 }, "geometry": { "type": "LineString", "coordinates": [ [ 12.15194, 3.893633 ], [ 12.151537, 3.893978 ] ] } },
{ "type": "Feature", "properties": { "tg_type": "INF.PONT", "nom": "", "source_id": "way/1081205989", "source": "OSM_OSMFR_2026-10-03", "statut": "IMPORTE", "date_source": "2026-10-03", "classe_route": "trunk", "ref": "N11", "bridge": "yes", "bridge_structure": null, "longueur_m": 65.4 }, "geometry": { "type": "LineString", "coordinates": [ [ 10.420678, 6.60044 ], [ 10.420695, 6.599848 ] ] } },
{ "type": "Feature", "properties": { "tg_type": "INF.PONT", "nom": "", "source_id": "way/1081205993", "source": "OSM_OSMFR_2026-10-03", "statut": "IMPORTE", "date_source": "2026-10-03", "classe_route": "trunk", "ref": "N11", "bridge": "yes", "bridge_structure": null, "longueur_m": 29.0 }, "geometry": { "type": "LineString", "coordinates": [ [ 10.364707, 6.528047 ], [ 10.364603, 6.527807 ] ] } },
{ "type": "Feature", "properties": { "tg_type": "INF.PONT", "nom": "", "source_id": "way/1092335028", "source": "OSM_OSMFR_2026-10-03", "statut": "IMPORTE", "date_source": "2026-10-03", "classe_route": "trunk", "ref": "N1", "bridge": "yes", "bridge_structure": null, "longueur_m": 77.5 }, "geometry": { "type": "LineString", "coordinates": [ [ 13.654051, 8.505071 ], [ 13.653546, 8.505559 ] ] } },
{ "type": "Feature", "properties": { "tg_type": "INF.PONT", "nom": "", "source_id": "way/1107769072", "source": "OSM_OSMFR_2026-10-03", "statut": "IMPORTE", "date_source": "2026-10-03", "classe_route": "trunk", "ref": "N6", "bridge": "yes", "bridge_structure": null, "longueur_m": 31.5 }, "geometry": { "type": "LineString", "coordinates": [ [ 11.489547, 6.083779 ], [ 11.489798, 6.083914 ] ] } },
{ "type": "Feature", "properties": { "tg_type": "INF.PONT", "nom": "Edea-Kribi", "source_id": "way/1116586037", "source": "OSM_OSMFR_2026-10-03", "statut": "IMPORTE", "date_source": "2026-10-03", "classe_route": "trunk", "ref": "N7", "bridge": "yes", "bridge_structure": null, "longueur_m": 19.7 }, "geometry": { "type": "LineString", "coordinates": [ [ 9.924801, 2.985595 ], [ 9.924891, 2.985749 ] ] } },
{ "type": "Feature", "properties": { "tg_type": "INF.PONT", "nom": "", "source_id": "way/1118029786", "source": "OSM_OSMFR_2026-10-03", "statut": "IMPORTE", "date_source": "2026-10-03", "classe_route": "primary", "ref": "P 8", "bridge": "yes", "bridge_structure": null, "longueur_m": 33.8 }, "geometry": { "type": "LineString", "coordinates": [ [ 10.927527, 3.27513 ], [ 10.927519, 3.275435 ] ] } },
{ "type": "Feature", "properties": { "tg_type": "INF.PONT", "nom": "Tibati-Ngaoundal", "source_id": "way/1120210862", "source": "OSM_OSMFR_2026-10-03", "statut": "IMPORTE", "date_source": "2026-10-03", "classe_route": "trunk", "ref": "N6", "bridge": "yes", "bridge_structure": null, "longueur_m": 104.1 }, "geometry": { "type": "LineString", "coordinates": [ [ 12.601913, 6.509892 ], [ 12.601152, 6.509338 ] ] } },
{ "type": "Feature", "properties": { "tg_type": "INF.PONT", "nom": "", "source_id": "way/1120217190", "source": "OSM_OSMFR_2026-10-03", "statut": "IMPORTE", "date_source": "2026-10-03", "classe_route": "trunk", "ref": "N15", "bridge": "yes", "bridge_structure": null, "longueur_m": 102.1 }, "geometry": { "type": "LineString", "coordinates": [ [ 12.559088, 6.356746 ], [ 12.559405, 6.357613 ] ] } },
{ "type": "Feature", "properties": { "tg_type": "INF.PONT", "nom": "Bafoussam-Yaounde", "source_id": "way/1136671525", "source": "OSM_OSMFR_2026-10-03", "statut": "IMPORTE", "date_source": "2026-10-03", "classe_route": "trunk", "ref": "N4", "bridge": "yes", "bridge_structure": null, "longueur_m": 20.7 }, "geometry": { "type": "LineString", "coordinates": [ [ 10.415524, 5.36643 ], [ 10.415592, 5.366605 ] ] } },
{ "type": "Feature", "properties": { "tg_type": "INF.PONT", "nom": "Provinciale 15", "source_id": "way/1136940448", "source": "OSM_OSMFR_2026-10-03", "statut": "IMPORTE", "date_source": "2026-10-03", "classe_route": "primary", "ref": "P15", "bridge": "yes", "bridge_structure": null, "longueur_m": 6.9 }, "geometry": { "type": "LineString", "coordinates": [ [ 10.399086, 5.173401 ], [ 10.399147, 5.173389 ] ] } },
{ "type": "Feature", "properties": { "tg_type": "INF.PONT", "nom": "", "source_id": "way/1144859304", "source": "OSM_OSMFR_2026-10-03", "statut": "IMPORTE", "date_source": "2026-10-03", "classe_route": "trunk", "ref": "N9", "bridge": "yes", "bridge_structure": null, "longueur_m": 41.9 }, "geometry": { "type": "LineString", "coordinates": [ [ 12.966633, 2.714911 ], [ 12.966995, 2.715015 ] ] } },
{ "type": "Feature", "properties": { "tg_type": "INF.PONT", "nom": "", "source_id": "way/1144888637", "source": "OSM_OSMFR_2026-10-03", "statut": "IMPORTE", "date_source": "2026-10-03", "classe_route": "trunk", "ref": "N9", "bridge": "yes", "bridge_structure": null, "longueur_m": 24.9 }, "geometry": { "type": "LineString", "coordinates": [ [ 12.01421, 2.911995 ], [ 12.014341, 2.911812 ] ] } },
{ "type": "Feature", "properties": { "tg_type": "INF.PONT", "nom": "", "source_id": "way/1144888642", "source": "OSM_OSMFR_2026-10-03", "statut": "IMPORTE", "date_source": "2026-10-03", "classe_route": "trunk", "ref": "N9", "bridge": "yes", "bridge_structure": null, "longueur_m": 21.4 }, "geometry": { "type": "LineString", "coordinates": [ [ 12.487395, 2.764242 ], [ 12.487562, 2.764339 ] ] } },
{ "type": "Feature", "properties": { "tg_type": "INF.PONT", "nom": "", "source_id": "way/1147598903", "source": "OSM_OSMFR_2026-10-03", "statut": "IMPORTE", "date_source": "2026-10-03", "classe_route": "primary", "ref": "P 11", "bridge": "yes", "bridge_structure": null, "longueur_m": 11.1 }, "geometry": { "type": "LineString", "coordinates": [ [ 11.145485, 4.100419 ], [ 11.145407, 4.10048 ] ] } },
{ "type": "Feature", "properties": { "tg_type": "INF.PONT", "nom": "", "source_id": "way/1147598905", "source": "OSM_OSMFR_2026-10-03", "statut": "IMPORTE", "date_source": "2026-10-03", "classe_route": "primary", "ref": "P 11", "bridge": "yes", "bridge_structure": null, "longueur_m": 13.8 }, "geometry": { "type": "LineString", "coordinates": [ [ 11.106974, 4.152026 ], [ 11.106851, 4.15201 ] ] } },
{ "type": "Feature", "properties": { "tg_type": "INF.PONT", "nom": "", "source_id": "way/1147598907", "source": "OSM_OSMFR_2026-10-03", "statut": "IMPORTE", "date_source": "2026-10-03", "classe_route": "primary", "ref": "P 11", "bridge": "yes", "bridge_structure": null, "longueur_m": 6.9 }, "geometry": { "type": "LineString", "coordinates": [ [ 11.137731, 4.118025 ], [ 11.137743, 4.118087 ] ] } },
{ "type": "Feature", "properties": { "tg_type": "INF.PONT", "nom": "", "source_id": "way/1147598909", "source": "OSM_OSMFR_2026-10-03", "statut": "IMPORTE", "date_source": "2026-10-03", "classe_route": "primary", "ref": "P 11", "bridge": "yes", "bridge_structure": null, "longueur_m": 20.1 }, "geometry": { "type": "LineString", "coordinates": [ [ 11.143336, 4.103843 ], [ 11.143357, 4.104024 ] ] } },
{ "type": "Feature", "properties": { "tg_type": "INF.PONT", "nom": "", "source_id": "way/1147598911", "source": "OSM_OSMFR_2026-10-03", "statut": "IMPORTE", "date_source": "2026-10-03", "classe_route": "primary", "ref": "P 11", "bridge": "yes", "bridge_structure": null, "longueur_m": 7.9 }, "geometry": { "type": "LineString", "coordinates": [ [ 11.210364, 4.094782 ], [ 11.210315, 4.094731 ] ] } },
{ "type": "Feature", "properties": { "tg_type": "INF.PONT", "nom": "", "source_id": "way/1153423239", "source": "OSM_OSMFR_2026-10-03", "statut": "IMPORTE", "date_source": "2026-10-03", "classe_route": "trunk", "ref": "N15", "bridge": "yes", "bridge_structure": null, "longueur_m": 20.0 }, "geometry": { "type": "LineString", "coordinates": [ [ 12.538642, 6.238712 ], [ 12.538631, 6.238893 ] ] } },
{ "type": "Feature", "properties": { "tg_type": "INF.PONT", "nom": "", "source_id": "way/1167927344", "source": "OSM_OSMFR_2026-10-03", "statut": "IMPORTE", "date_source": "2026-10-03", "classe_route": "primary", "ref": "P 8", "bridge": "yes", "bridge_structure": null, "longueur_m": 23.1 }, "geometry": { "type": "LineString", "coordinates": [ [ 10.612184, 3.215259 ], [ 10.61227, 3.215449 ] ] } },
{ "type": "Feature", "properties": { "tg_type": "INF.PONT", "nom": "", "source_id": "way/1169029821", "source": "OSM_OSMFR_2026-10-03", "statut": "IMPORTE", "date_source": "2026-10-03", "classe_route": "trunk", "ref": "N19", "bridge": "yes", "bridge_structure": null, "longueur_m": 28.0 }, "geometry": { "type": "LineString", "coordinates": [ [ 13.195272, 3.978671 ], [ 13.195503, 3.978568 ] ] } },
{ "type": "Feature", "properties": { "tg_type": "INF.PONT", "nom": "Route Kumba - Mamfé", "source_id": "way/1171537016", "source": "OSM_OSMFR_2026-10-03", "statut": "IMPORTE", "date_source": "2026-10-03", "classe_route": "trunk", "ref": "N16", "bridge": "yes", "bridge_structure": null, "longueur_m": 17.1 }, "geometry": { "type": "LineString", "coordinates": [ [ 9.528045, 4.700777 ], [ 9.527965, 4.700645 ] ] } },
{ "type": "Feature", "properties": { "tg_type": "INF.PONT", "nom": "", "source_id": "way/1202835613", "source": "OSM_OSMFR_2026-10-03", "statut": "IMPORTE", "date_source": "2026-10-03", "classe_route": "trunk", "ref": "N11", "bridge": "yes", "bridge_structure": null, "longueur_m": 21.6 }, "geometry": { "type": "LineString", "coordinates": [ [ 10.445933, 6.059211 ], [ 10.445946, 6.059405 ] ] } },
{ "type": "Feature", "properties": { "tg_type": "INF.PONT", "nom": "Magada-Kaélé-Yagoua", "source_id": "way/1205396325", "source": "OSM_OSMFR_2026-10-03", "statut": "IMPORTE", "date_source": "2026-10-03", "classe_route": "trunk", "ref": "N12", "bridge": "yes", "bridge_structure": null, "longueur_m": 34.2 }, "geometry": { "type": "LineString", "coordinates": [ [ 14.710502, 10.134723 ], [ 14.710814, 10.134705 ] ] } },
{ "type": "Feature", "properties": { "tg_type": "INF.PONT", "nom": "", "source_id": "way/1206052398", "source": "OSM_OSMFR_2026-10-03", "statut": "IMPORTE", "date_source": "2026-10-03", "classe_route": "trunk", "ref": "N9", "bridge": "yes", "bridge_structure": null, "longueur_m": 27.6 }, "geometry": { "type": "LineString", "coordinates": [ [ 12.227901, 2.831619 ], [ 12.228148, 2.831589 ] ] } },
{ "type": "Feature", "properties": { "tg_type": "INF.PONT", "nom": "", "source_id": "way/1206058820", "source": "OSM_OSMFR_2026-10-03", "statut": "IMPORTE", "date_source": "2026-10-03", "classe_route": "trunk", "ref": "N9", "bridge": "yes", "bridge_structure": null, "longueur_m": 27.3 }, "geometry": { "type": "LineString", "coordinates": [ [ 12.262912, 2.827287 ], [ 12.263153, 2.827244 ] ] } },
{ "type": "Feature", "properties": { "tg_type": "INF.PONT", "nom": "", "source_id": "way/1243748301", "source": "OSM_OSMFR_2026-10-03", "statut": "IMPORTE", "date_source": "2026-10-03", "classe_route": "trunk", "ref": "N9", "bridge": "yes", "bridge_structure": null, "longueur_m": 30.2 }, "geometry": { "type": "LineString", "coordinates": [ [ 13.678496, 2.180808 ], [ 13.678767, 2.180821 ] ] } },
{ "type": "Feature", "properties": { "tg_type": "INF.PONT", "nom": "", "source_id": "way/1272249481", "source": "OSM_OSMFR_2026-10-03", "statut": "IMPORTE", "date_source": "2026-10-03", "classe_route": "trunk", "ref": "N10", "bridge": "yes", "bridge_structure": null, "longueur_m": 13.0 }, "geometry": { "type": "LineString", "coordinates": [ [ 15.013008, 3.215819 ], [ 15.013079, 3.215726 ] ] } },
{ "type": "Feature", "properties": { "tg_type": "INF.PONT", "nom": "Batouri-Yokadouma", "source_id": "way/1272271740", "source": "OSM_OSMFR_2026-10-03", "statut": "IMPORTE", "date_source": "2026-10-03", "classe_route": "trunk", "ref": "N10", "bridge": "yes", "bridge_structure": null, "longueur_m": 36.7 }, "geometry": { "type": "LineString", "coordinates": [ [ 14.882038, 4.098558 ], [ 14.881727, 4.09867 ] ] } },
{ "type": "Feature", "properties": { "tg_type": "INF.PONT", "nom": "Batouri-Yokadouma", "source_id": "way/1272350975", "source": "OSM_OSMFR_2026-10-03", "statut": "IMPORTE", "date_source": "2026-10-03", "classe_route": "trunk", "ref": "N10", "bridge": "yes", "bridge_structure": null, "longueur_m": 37.1 }, "geometry": { "type": "LineString", "coordinates": [ [ 14.61327, 4.271201 ], [ 14.612938, 4.271158 ] ] } },
{ "type": "Feature", "properties": { "tg_type": "INF.PONT", "nom": "Kribi-Ebolowa", "source_id": "way/1283477969", "source": "OSM_OSMFR_2026-10-03", "statut": "IMPORTE", "date_source": "2026-10-03", "classe_route": "trunk", "ref": "N17", "bridge": "yes", "bridge_structure": null, "longueur_m": 56.5 }, "geometry": { "type": "LineString", "coordinates": [ [ 9.937924, 2.915221 ], [ 9.938282, 2.914858 ] ] } },
{ "type": "Feature", "properties": { "tg_type": "INF.PONT", "nom": "", "source_id": "way/1298053628", "source": "OSM_OSMFR_2026-10-03", "statut": "IMPORTE", "date_source": "2026-10-03", "classe_route": "trunk", "ref": "N 15", "bridge": "yes", "bridge_structure": null, "longueur_m": 15.7 }, "geometry": { "type": "LineString", "coordinates": [ [ 12.474174, 6.041444 ], [ 12.474109, 6.041571 ] ] } },
{ "type": "Feature", "properties": { "tg_type": "INF.PONT", "nom": "", "source_id": "way/1298604281", "source": "OSM_OSMFR_2026-10-03", "statut": "IMPORTE", "date_source": "2026-10-03", "classe_route": "trunk", "ref": "N 1", "bridge": "yes", "bridge_structure": null, "longueur_m": 57.7 }, "geometry": { "type": "LineString", "coordinates": [ [ 13.176027, 4.602126 ], [ 13.176499, 4.601907 ] ] } },
{ "type": "Feature", "properties": { "tg_type": "INF.PONT", "nom": "", "source_id": "way/1303224480", "source": "OSM_OSMFR_2026-10-03", "statut": "IMPORTE", "date_source": "2026-10-03", "classe_route": "trunk", "ref": "N10", "bridge": "yes", "bridge_structure": null, "longueur_m": 8.4 }, "geometry": { "type": "LineString", "coordinates": [ [ 13.503953, 4.263442 ], [ 13.503975, 4.263515 ] ] } },
{ "type": "Feature", "properties": { "tg_type": "INF.PONT", "nom": "", "source_id": "way/1303732910", "source": "OSM_OSMFR_2026-10-03", "statut": "IMPORTE", "date_source": "2026-10-03", "classe_route": "primary", "ref": "P22", "bridge": "yes", "bridge_structure": null, "longueur_m": 51.9 }, "geometry": { "type": "LineString", "coordinates": [ [ 12.662832, 3.719633 ], [ 12.662366, 3.719671 ] ] } },
{ "type": "Feature", "properties": { "tg_type": "INF.PONT", "nom": "", "source_id": "way/1304621514", "source": "OSM_OSMFR_2026-10-03", "statut": "IMPORTE", "date_source": "2026-10-03", "classe_route": "primary", "ref": "P5", "bridge": "yes", "bridge_structure": null, "longueur_m": 30.1 }, "geometry": { "type": "LineString", "coordinates": [ [ 14.24929, 5.245436 ], [ 14.2495, 5.245264 ] ] } },
{ "type": "Feature", "properties": { "tg_type": "INF.PONT", "nom": "", "source_id": "way/1304991217", "source": "OSM_OSMFR_2026-10-03", "statut": "IMPORTE", "date_source": "2026-10-03", "classe_route": "trunk", "ref": "N10", "bridge": "yes", "bridge_structure": null, "longueur_m": 27.7 }, "geometry": { "type": "LineString", "coordinates": [ [ 15.001618, 3.36052 ], [ 15.001729, 3.360744 ] ] } },
{ "type": "Feature", "properties": { "tg_type": "INF.PONT", "nom": "", "source_id": "way/1307272749", "source": "OSM_OSMFR_2026-10-03", "statut": "IMPORTE", "date_source": "2026-10-03", "classe_route": "trunk", "ref": "N19", "bridge": "yes", "bridge_structure": null, "longueur_m": 10.8 }, "geometry": { "type": "LineString", "coordinates": [ [ 13.591406, 3.299359 ], [ 13.591471, 3.299285 ] ] } },
{ "type": "Feature", "properties": { "tg_type": "INF.PONT", "nom": "Douala-Limbé", "source_id": "way/1307408387", "source": "OSM_OSMFR_2026-10-03", "statut": "IMPORTE", "date_source": "2026-10-03", "classe_route": "trunk", "ref": "N3", "bridge": "yes", "bridge_structure": null, "longueur_m": 21.8 }, "geometry": { "type": "LineString", "coordinates": [ [ 9.373795, 4.097839 ], [ 9.373692, 4.097671 ] ] } },
{ "type": "Feature", "properties": { "tg_type": "INF.PONT", "nom": "", "source_id": "way/1308123256", "source": "OSM_OSMFR_2026-10-03", "statut": "IMPORTE", "date_source": "2026-10-03", "classe_route": "trunk", "ref": "N19", "bridge": "yes", "bridge_structure": null, "longueur_m": 5.3 }, "geometry": { "type": "LineString", "coordinates": [ [ 13.375173, 3.638213 ], [ 13.375145, 3.638252 ] ] } },
{ "type": "Feature", "properties": { "tg_type": "INF.PONT", "nom": "", "source_id": "way/1308123258", "source": "OSM_OSMFR_2026-10-03", "statut": "IMPORTE", "date_source": "2026-10-03", "classe_route": "trunk", "ref": "N19", "bridge": "yes", "bridge_structure": null, "longueur_m": 5.5 }, "geometry": { "type": "LineString", "coordinates": [ [ 13.375092, 3.638217 ], [ 13.375124, 3.638178 ] ] } },
{ "type": "Feature", "properties": { "tg_type": "INF.PONT", "nom": "Douala-Bafoussam (N5)", "source_id": "way/1309353826", "source": "OSM_OSMFR_2026-10-03", "statut": "IMPORTE", "date_source": "2026-10-03", "classe_route": "trunk", "ref": "N5", "bridge": "yes", "bridge_structure": null, "longueur_m": 17.5 }, "geometry": { "type": "LineString", "coordinates": [ [ 10.311334, 5.305278 ], [ 10.311491, 5.305271 ] ] } },
{ "type": "Feature", "properties": { "tg_type": "INF.PONT", "nom": "", "source_id": "way/1309484330", "source": "OSM_OSMFR_2026-10-03", "statut": "IMPORTE", "date_source": "2026-10-03", "classe_route": "primary", "ref": "P10", "bridge": "yes", "bridge_structure": null, "longueur_m": 5.9 }, "geometry": { "type": "LineString", "coordinates": [ [ 11.038417, 4.306395 ], [ 11.038374, 4.306365 ] ] } },
{ "type": "Feature", "properties": { "tg_type": "INF.PONT", "nom": "Douala-Bafoussam (N5)", "source_id": "way/1324052407", "source": "OSM_OSMFR_2026-10-03", "statut": "IMPORTE", "date_source": "2026-10-03", "classe_route": "trunk", "ref": "N5", "bridge": "yes", "bridge_structure": null, "longueur_m": 6.8 }, "geometry": { "type": "LineString", "coordinates": [ [ 9.957005, 5.018716 ], [ 9.956969, 5.018665 ] ] } },
{ "type": "Feature", "properties": { "tg_type": "INF.PONT", "nom": "", "source_id": "way/1329719951", "source": "OSM_OSMFR_2026-10-03", "statut": "IMPORTE", "date_source": "2026-10-03", "classe_route": "primary", "ref": "P25", "bridge": "yes", "bridge_structure": null, "longueur_m": 48.2 }, "geometry": { "type": "LineString", "coordinates": [ [ 10.823913, 5.422554 ], [ 10.824159, 5.422913 ] ] } },
{ "type": "Feature", "properties": { "tg_type": "INF.PONT", "nom": "", "source_id": "way/1329721497", "source": "OSM_OSMFR_2026-10-03", "statut": "IMPORTE", "date_source": "2026-10-03", "classe_route": "primary", "ref": "P25", "bridge": "yes", "bridge_structure": null, "longueur_m": 39.4 }, "geometry": { "type": "LineString", "coordinates": [ [ 10.870354, 5.155305 ], [ 10.870046, 5.155482 ] ] } },
{ "type": "Feature", "properties": { "tg_type": "INF.PONT", "nom": "", "source_id": "way/1329721501", "source": "OSM_OSMFR_2026-10-03", "statut": "IMPORTE", "date_source": "2026-10-03", "classe_route": "primary", "ref": "P25", "bridge": "yes", "bridge_structure": null, "longueur_m": 26.3 }, "geometry": { "type": "LineString", "coordinates": [ [ 10.873116, 5.097426 ], [ 10.873179, 5.097655 ] ] } },
{ "type": "Feature", "properties": { "tg_type": "INF.PONT", "nom": "", "source_id": "way/1346579893", "source": "OSM_OSMFR_2026-10-03", "statut": "IMPORTE", "date_source": "2026-10-03", "classe_route": "trunk", "ref": "N3", "bridge": "yes", "bridge_structure": null, "longueur_m": 28.2 }, "geometry": { "type": "LineString", "coordinates": [ [ 10.417206, 3.836714 ], [ 10.41745, 3.836784 ] ] } },
{ "type": "Feature", "properties": { "tg_type": "INF.PONT", "nom": "", "source_id": "way/1382755587", "source": "OSM_OSMFR_2026-10-03", "statut": "IMPORTE", "date_source": "2026-10-03", "classe_route": "trunk", "ref": null, "bridge": "yes", "bridge_structure": null, "longueur_m": 21.4 }, "geometry": { "type": "LineString", "coordinates": [ [ 15.349632, 10.2969 ], [ 15.349778, 10.296773 ] ] } },
{ "type": "Feature", "properties": { "tg_type": "INF.PONT", "nom": "Mobile Nkwen Street", "source_id": "way/1393147758", "source": "OSM_OSMFR_2026-10-03", "statut": "IMPORTE", "date_source": "2026-10-03", "classe_route": "trunk", "ref": "N11", "bridge": "yes", "bridge_structure": null, "longueur_m": 18.9 }, "geometry": { "type": "LineString", "coordinates": [ [ 10.181969, 5.987121 ], [ 10.182039, 5.987277 ] ] } },
{ "type": "Feature", "properties": { "tg_type": "INF.PONT", "nom": "", "source_id": "way/1415710114", "source": "OSM_OSMFR_2026-10-03", "statut": "IMPORTE", "date_source": "2026-10-03", "classe_route": "trunk", "ref": "N3A", "bridge": "yes", "bridge_structure": null, "longueur_m": 9.1 }, "geometry": { "type": "LineString", "coordinates": [ [ 11.158006, 3.800123 ], [ 11.158088, 3.800119 ] ] } },
{ "type": "Feature", "properties": { "tg_type": "INF.PONT", "nom": "", "source_id": "way/1419309612", "source": "OSM_OSMFR_2026-10-03", "statut": "IMPORTE", "date_source": "2026-10-03", "classe_route": "primary", "ref": "P15", "bridge": "yes", "bridge_structure": null, "longueur_m": 8.2 }, "geometry": { "type": "LineString", "coordinates": [ [ 10.358421, 5.689703 ], [ 10.358486, 5.689667 ] ] } },
{ "type": "Feature", "properties": { "tg_type": "INF.PONT", "nom": "Garoua-Mokolo", "source_id": "way/1425615930", "source": "OSM_OSMFR_2026-10-03", "statut": "IMPORTE", "date_source": "2026-10-03", "classe_route": "primary", "ref": "P1", "bridge": "yes", "bridge_structure": null, "longueur_m": 8.7 }, "geometry": { "type": "LineString", "coordinates": [ [ 13.460293, 9.60856 ], [ 13.460371, 9.608546 ] ] } },
{ "type": "Feature", "properties": { "tg_type": "INF.PONT", "nom": "", "source_id": "way/1430892315", "source": "OSM_OSMFR_2026-10-03", "statut": "IMPORTE", "date_source": "2026-10-03", "classe_route": "trunk", "ref": "N10", "bridge": "yes", "bridge_structure": null, "longueur_m": 17.6 }, "geometry": { "type": "LineString", "coordinates": [ [ 14.976929, 3.345268 ], [ 14.977088, 3.345269 ] ] } },
{ "type": "Feature", "properties": { "tg_type": "INF.PONT", "nom": "", "source_id": "way/1430892316", "source": "OSM_OSMFR_2026-10-03", "statut": "IMPORTE", "date_source": "2026-10-03", "classe_route": "trunk", "ref": "N10", "bridge": "yes", "bridge_structure": null, "longueur_m": 14.2 }, "geometry": { "type": "LineString", "coordinates": [ [ 14.970572, 3.259217 ], [ 14.970581, 3.259089 ] ] } },
{ "type": "Feature", "properties": { "tg_type": "INF.PONT", "nom": "Route de Douala", "source_id": "way/1433313395", "source": "OSM_OSMFR_2026-10-03", "statut": "IMPORTE", "date_source": "2026-10-03", "classe_route": "primary", "ref": "P11", "bridge": "yes", "bridge_structure": null, "longueur_m": 17.7 }, "geometry": { "type": "LineString", "coordinates": [ [ 11.459792, 3.872922 ], [ 11.459632, 3.87292 ] ] } },
{ "type": "Feature", "properties": { "tg_type": "INF.PONT", "nom": "Ancienne Route de Douala", "source_id": "way/1433313397", "source": "OSM_OSMFR_2026-10-03", "statut": "IMPORTE", "date_source": "2026-10-03", "classe_route": "primary", "ref": "P11", "bridge": "yes", "bridge_structure": null, "longueur_m": 18.1 }, "geometry": { "type": "LineString", "coordinates": [ [ 11.459633, 3.872846 ], [ 11.459796, 3.872852 ] ] } },
{ "type": "Feature", "properties": { "tg_type": "INF.PONT", "nom": "", "source_id": "way/1436563523", "source": "OSM_OSMFR_2026-10-03", "statut": "IMPORTE", "date_source": "2026-10-03", "classe_route": "trunk", "ref": "N4", "bridge": "yes", "bridge_structure": null, "longueur_m": 21.5 }, "geometry": { "type": "LineString", "coordinates": [ [ 10.81365, 4.876575 ], [ 10.813627, 4.876768 ] ] } },
{ "type": "Feature", "properties": { "tg_type": "INF.PONT", "nom": "", "source_id": "way/1444780134", "source": "OSM_OSMFR_2026-10-03", "statut": "IMPORTE", "date_source": "2026-10-03", "classe_route": "trunk", "ref": "N10", "bridge": "yes", "bridge_structure": null, "longueur_m": 9.1 }, "geometry": { "type": "LineString", "coordinates": [ [ 15.305048, 2.686911 ], [ 15.305112, 2.686859 ] ] } },
{ "type": "Feature", "properties": { "tg_type": "INF.PONT", "nom": "", "source_id": "way/1460077878", "source": "OSM_OSMFR_2026-10-03", "statut": "IMPORTE", "date_source": "2026-10-03", "classe_route": "trunk", "ref": "N10", "bridge": "yes", "bridge_structure": null, "longueur_m": 21.8 }, "geometry": { "type": "LineString", "coordinates": [ [ 14.961041, 3.285128 ], [ 14.961015, 3.285323 ] ] } },
{ "type": "Feature", "properties": { "tg_type": "INF.PONT", "nom": "Kribi-Lolodorf", "source_id": "way/1463646596", "source": "OSM_OSMFR_2026-10-03", "statut": "IMPORTE", "date_source": "2026-10-03", "classe_route": "primary", "ref": "P8", "bridge": "yes", "bridge_structure": null, "longueur_m": 20.9 }, "geometry": { "type": "LineString", "coordinates": [ [ 10.249096, 3.051278 ], [ 10.24926, 3.051184 ] ] } },
{ "type": "Feature", "properties": { "tg_type": "INF.PONT", "nom": "", "source_id": "way/1463685942", "source": "OSM_OSMFR_2026-10-03", "statut": "IMPORTE", "date_source": "2026-10-03", "classe_route": "primary", "ref": "P 8", "bridge": "yes", "bridge_structure": null, "longueur_m": 52.4 }, "geometry": { "type": "LineString", "coordinates": [ [ 10.874459, 3.27537 ], [ 10.874671, 3.274947 ] ] } },
{ "type": "Feature", "properties": { "tg_type": "INF.PONT", "nom": "", "source_id": "way/1485673742", "source": "OSM_OSMFR_2026-10-03", "statut": "IMPORTE", "date_source": "2026-10-03", "classe_route": "trunk", "ref": "N10", "bridge": "yes", "bridge_structure": null, "longueur_m": 31.0 }, "geometry": { "type": "LineString", "coordinates": [ [ 15.387509, 2.587698 ], [ 15.387479, 2.58742 ] ] } },
{ "type": "Feature", "properties": { "tg_type": "INF.PONT", "nom": "", "source_id": "way/1512019633", "source": "OSM_OSMFR_2026-10-03", "statut": "IMPORTE", "date_source": "2026-10-03", "classe_route": "trunk", "ref": "N 17a", "bridge": "yes", "bridge_structure": null, "longueur_m": 16.5 }, "geometry": { "type": "LineString", "coordinates": [ [ 11.812922, 2.955733 ], [ 11.81307, 2.955735 ] ] } },
{ "type": "Feature", "properties": { "tg_type": "INF.PONT", "nom": "", "source_id": "way/1512019635", "source": "OSM_OSMFR_2026-10-03", "statut": "IMPORTE", "date_source": "2026-10-03", "classe_route": "trunk", "ref": "N 17a", "bridge": "yes", "bridge_structure": null, "longueur_m": 14.8 }, "geometry": { "type": "LineString", "coordinates": [ [ 11.809709, 2.955663 ], [ 11.809842, 2.955665 ] ] } },
{ "type": "Feature", "properties": { "tg_type": "INF.PONT", "nom": "", "source_id": "way/1512019639", "source": "OSM_OSMFR_2026-10-03", "statut": "IMPORTE", "date_source": "2026-10-03", "classe_route": "trunk", "ref": "N 17a", "bridge": "yes", "bridge_structure": null, "longueur_m": 16.8 }, "geometry": { "type": "LineString", "coordinates": [ [ 11.769751, 2.972054 ], [ 11.769842, 2.971933 ] ] } },
{ "type": "Feature", "properties": { "tg_type": "INF.PONT", "nom": "", "source_id": "way/1512019641", "source": "OSM_OSMFR_2026-10-03", "statut": "IMPORTE", "date_source": "2026-10-03", "classe_route": "trunk", "ref": "N 17a", "bridge": "yes", "bridge_structure": null, "longueur_m": 13.9 }, "geometry": { "type": "LineString", "coordinates": [ [ 11.744642, 2.982529 ], [ 11.744753, 2.982589 ] ] } },
{ "type": "Feature", "properties": { "tg_type": "INF.PONT", "nom": "", "source_id": "way/1512019648", "source": "OSM_OSMFR_2026-10-03", "statut": "IMPORTE", "date_source": "2026-10-03", "classe_route": "trunk", "ref": "N 17a", "bridge": "yes", "bridge_structure": null, "longueur_m": 17.3 }, "geometry": { "type": "LineString", "coordinates": [ [ 11.681493, 2.977362 ], [ 11.681553, 2.977218 ] ] } },
{ "type": "Feature", "properties": { "tg_type": "INF.PONT", "nom": "", "source_id": "way/1525866487", "source": "OSM_OSMFR_2026-10-03", "statut": "IMPORTE", "date_source": "2026-10-03", "classe_route": "trunk", "ref": "N10", "bridge": "yes", "bridge_structure": null, "longueur_m": 22.5 }, "geometry": { "type": "LineString", "coordinates": [ [ 15.43017, 2.455827 ], [ 15.430194, 2.455624 ] ] } },
{ "type": "Feature", "properties": { "tg_type": "INF.PONT", "nom": "Bertoua-Batouri", "source_id": "way/1527502415", "source": "OSM_OSMFR_2026-10-03", "statut": "IMPORTE", "date_source": "2026-10-03", "classe_route": "trunk", "ref": "N10", "bridge": "yes", "bridge_structure": null, "longueur_m": 26.8 }, "geometry": { "type": "LineString", "coordinates": [ [ 14.059595, 4.486884 ], [ 14.059837, 4.486899 ] ] } },
{ "type": "Feature", "properties": { "tg_type": "INF.PONT", "nom": "Bertoua-Batouri", "source_id": "way/1527506644", "source": "OSM_OSMFR_2026-10-03", "statut": "IMPORTE", "date_source": "2026-10-03", "classe_route": "trunk", "ref": "N10", "bridge": "yes", "bridge_structure": null, "longueur_m": 22.0 }, "geometry": { "type": "LineString", "coordinates": [ [ 13.853923, 4.555073 ], [ 13.854033, 4.554907 ] ] } },
{ "type": "Feature", "properties": { "tg_type": "INF.PONT", "nom": "", "source_id": "way/1527510221", "source": "OSM_OSMFR_2026-10-03", "statut": "IMPORTE", "date_source": "2026-10-03", "classe_route": "trunk", "ref": "N10", "bridge": "yes", "bridge_structure": null, "longueur_m": 16.9 }, "geometry": { "type": "LineString", "coordinates": [ [ 15.050159, 4.000522 ], [ 15.050012, 4.000559 ] ] } },
{ "type": "Feature", "properties": { "tg_type": "INF.PONT", "nom": "Rue 4.258", "source_id": "way/1540951172", "source": "OSM_OSMFR_2026-10-03", "statut": "IMPORTE", "date_source": "2026-10-03", "classe_route": "trunk", "ref": "N10", "bridge": "yes", "bridge_structure": null, "longueur_m": 12.7 }, "geometry": { "type": "LineString", "coordinates": [ [ 11.633107, 3.864299 ], [ 11.633086, 3.864186 ] ] } }
]
}
