{
"type": "FeatureCollection",
"name": "voies_ferrees",
"crs": { "type": "name", "properties": { "name": "urn:ogc:def:crs:OGC:1.3:CRS84" } },
"xy_coordinate_resolution": 1e-06,
"features": [
{ "type": "Feature", "properties": { "tg_type": "INF.VOIE_FERREE", "nom": "", "source_id": "way/59068820", "source": "OSM_OSMFR_2026-10-03", "statut": "IMPORTE", "date_source": "2026-10-03", "usage": "branch", "service": null, "gauge": "1000", "operator": "CAMRAIL", "electrified": "no", "longueur_m": 1974.8 }, "geometry": { "type": "LineString", "coordinates": [ [ 9.673407, 4.073124 ], [ 9.674704, 4.072097 ], [ 9.675493, 4.071639 ], [ 9.686016, 4.069265 ], [ 9.686894, 4.069209 ], [ 9.687423, 4.069267 ], [ 9.687942, 4.069453 ], [ 9.689306, 4.070389 ], [ 9.690025, 4.07077 ] ] } },
{ "type": "Feature", "properties": { "tg_type": "INF.VOIE_FERREE", "nom": "", "source_id": "way/59068931", "source": "OSM_OSMFR_2026-10-03", "statut": "IMPORTE", "date_source": "2026-10-03", "usage": null, "service": "yard", "gauge": "1000", "operator": null, "electrified": null, "longueur_m": 1148.0 }, "geometry": { "type": "LineString", "coordinates": [ [ 9.690285, 4.024825 ], [ 9.683063, 4.032248 ] ] } },
{ "type": "Feature", "properties": { "tg_type": "INF.VOIE_FERREE", "nom": "chemin de fer pour Mbanga", "source_id": "way/59070107", "source": "OSM_OSMFR_2026-10-03", "statut": "IMPORTE", "date_source": "2026-10-03", "usage": "branch", "service": null, "gauge": "1000", "operator": "CAMRAIL", "electrified": "no", "longueur_m": 8016.0 }, "geometry": { "type": "LineString", "coordinates": [ [ 9.673407, 4.073124 ], [ 9.660132, 4.084031 ], [ 9.654045, 4.088802 ], [ 9.650129, 4.092143 ], [ 9.636113, 4.103555 ], [ 9.63484, 4.10451 ], [ 9.62942, 4.109005 ], [ 9.620441, 4.116219 ], [ 9.619252, 4.117325 ], [ 9.617614, 4.119076 ] ] } },
{ "type": "Feature", "properties": { "tg_type": "INF.VOIE_FERREE", "nom": "", "source_id": "way/92006366", "source": "OSM_OSMFR_2026-10-03", "statut": "IMPORTE", "date_source": "2026-10-03", "usage": null, "service": "yard", "gauge": "1000", "operator": null, "electrified": null, "longueur_m": 534.7 }, "geometry": { "type": "LineString", "coordinates": [ [ 9.719172, 4.045774 ], [ 9.719695, 4.045292 ], [ 9.722977, 4.042822 ] ] } },
{ "type": "Feature", "properties": { "tg_type": "INF.VOIE_FERREE", "nom": "", "source_id": "way/92006367", "source": "OSM_OSMFR_2026-10-03", "statut": "IMPORTE", "date_source": "2026-10-03", "usage": null, "service": "yard", "gauge": "1000", "operator": null, "electrified": null, "longueur_m": 1746.6 }, "geometry": { "type": "LineString", "coordinates": [ [ 9.708476, 4.05599 ], [ 9.708765, 4.055209 ], [ 9.709522, 4.053771 ], [ 9.710443, 4.05252 ], [ 9.711382, 4.051589 ], [ 9.715443, 4.048052 ], [ 9.718425, 4.046185 ], [ 9.719025, 4.045624 ], [ 9.71942, 4.04505 ] ] } },
{ "type": "Feature", "properties": { "tg_type": "INF.VOIE_FERREE", "nom": "", "source_id": "way/92008869", "source": "OSM_OSMFR_2026-10-03", "statut": "IMPORTE", "date_source": "2026-10-03", "usage": null, "service": "yard", "gauge": "1000", "operator": null, "electrified": null, "longueur_m": 899.6 }, "geometry": { "type": "LineString", "coordinates": [ [ 9.689305, 4.025878 ], [ 9.688275, 4.026951 ], [ 9.687383, 4.027654 ], [ 9.683533, 4.031574 ] ] } },
{ "type": "Feature", "properties": { "tg_type": "INF.VOIE_FERREE", "nom": "", "source_id": "way/93792882", "source": "OSM_OSMFR_2026-10-03", "statut": "IMPORTE", "date_source": "2026-10-03", "usage": "branch", "service": null, "gauge": "1000", "operator": "CAMRAIL", "electrified": "no", "longueur_m": 710.6 }, "geometry": { "type": "LineString", "coordinates": [ [ 9.704029, 4.061319 ], [ 9.704404, 4.061041 ], [ 9.704732, 4.060645 ], [ 9.706225, 4.057958 ], [ 9.708032, 4.056451 ] ] } },
{ "type": "Feature", "properties": { "tg_type": "INF.VOIE_FERREE", "nom": "", "source_id": "way/95786645", "source": "OSM_OSMFR_2026-10-03", "statut": "IMPORTE", "date_source": "2026-10-03", "usage": "branch", "service": null, "gauge": "1000", "operator": "CAMRAIL", "electrified": "no", "longueur_m": 1267.9 }, "geometry": { "type": "LineString", "coordinates": [ [ 9.696309, 4.072227 ], [ 9.697248, 4.072085 ], [ 9.698074, 4.071822 ], [ 9.699258, 4.071148 ], [ 9.702159, 4.068369 ], [ 9.704468, 4.066472 ], [ 9.704896, 4.065901 ], [ 9.704966, 4.065382 ] ] } },
{ "type": "Feature", "properties": { "tg_type": "INF.VOIE_FERREE", "nom": "", "source_id": "way/95912891", "source": "OSM_OSMFR_2026-10-03", "statut": "IMPORTE", "date_source": "2026-10-03", "usage": "main", "service": null, "gauge": "1000", "operator": "CAMRAIL", "electrified": "no", "longueur_m": 289.5 }, "geometry": { "type": "LineString", "coordinates": [ [ 9.824923, 4.039617 ], [ 9.826023, 4.041991 ] ] } },
{ "type": "Feature", "properties": { "tg_type": "INF.VOIE_FERREE", "nom": "", "source_id": "way/95912892", "source": "OSM_OSMFR_2026-10-03", "statut": "IMPORTE", "date_source": "2026-10-03", "usage": "main", "service": null, "gauge": "1000", "operator": "CAMRAIL", "electrified": "no", "longueur_m": 50051.9 }, "geometry": { "type": "LineString", "coordinates": [ [ 9.826023, 4.041991 ], [ 9.826482, 4.043021 ], [ 9.826994, 4.043885 ], [ 9.827712, 4.044757 ], [ 9.82847, 4.045454 ], [ 9.831201, 4.047374 ], [ 9.841376, 4.053289 ], [ 9.842436, 4.053777 ], [ 9.848916, 4.055652 ], [ 9.853342, 4.056805 ], [ 9.854195, 4.056841 ], [ 9.855003, 4.056645 ], [ 9.858792, 4.054734 ], [ 9.859346, 4.054239 ], [ 9.859684, 4.053667 ], [ 9.860118, 4.052481 ], [ 9.860446, 4.05187 ], [ 9.86089, 4.051282 ], [ 9.861852, 4.050482 ], [ 9.868252, 4.046494 ], [ 9.87084, 4.045339 ], [ 9.872597, 4.044818 ], [ 9.874368, 4.04438 ], [ 9.877451, 4.04426 ], [ 9.880522, 4.044498 ], [ 9.889301, 4.045468 ], [ 9.890207, 4.045336 ], [ 9.896191, 4.042727 ], [ 9.896822, 4.042603 ], [ 9.897696, 4.042491 ], [ 9.901502, 4.042953 ], [ 9.902802, 4.042946 ], [ 9.903279, 4.042853 ], [ 9.903999, 4.042574 ], [ 9.904734, 4.042168 ], [ 9.908297, 4.038606 ], [ 9.9092, 4.037961 ], [ 9.910258, 4.037343 ], [ 9.911319, 4.036929 ], [ 9.942914, 4.029355 ], [ 9.954207, 4.028901 ], [ 9.955123, 4.02876 ], [ 9.956153, 4.028364 ], [ 9.956913, 4.027879 ], [ 9.983326, 4.007892 ], [ 9.984848, 4.006968 ], [ 9.987846, 4.005813 ], [ 9.990729, 4.005476 ], [ 9.999547, 4.005583 ], [ 10.000844, 4.005536 ], [ 10.002064, 4.005283 ], [ 10.022327, 3.995341 ], [ 10.02601, 3.993669 ], [ 10.057724, 3.984345 ], [ 10.058569, 3.983972 ], [ 10.076514, 3.970661 ], [ 10.080009, 3.968231 ], [ 10.080956, 3.967281 ], [ 10.081875, 3.966122 ], [ 10.086628, 3.954712 ], [ 10.087563, 3.951994 ], [ 10.089033, 3.9469 ], [ 10.089977, 3.945176 ], [ 10.090503, 3.944438 ], [ 10.091457, 3.943524 ], [ 10.103452, 3.9326 ], [ 10.105062, 3.931048 ], [ 10.108105, 3.927584 ], [ 10.108527, 3.926991 ], [ 10.109096, 3.92564 ], [ 10.109203, 3.924957 ], [ 10.109192, 3.924208 ], [ 10.108967, 3.923148 ], [ 10.102733, 3.90614 ], [ 10.102583, 3.905155 ], [ 10.102583, 3.902126 ], [ 10.102508, 3.901355 ], [ 10.099821, 3.894296 ], [ 10.099558, 3.893242 ], [ 10.099515, 3.892728 ], [ 10.102487, 3.859695 ], [ 10.102781, 3.857928 ], [ 10.103977, 3.853622 ], [ 10.10548, 3.847641 ], [ 10.105877, 3.844965 ], [ 10.106011, 3.842288 ], [ 10.106293, 3.815926 ], [ 10.106462, 3.814531 ], [ 10.106676, 3.813998 ], [ 10.107062, 3.813398 ], [ 10.107683, 3.812774 ] ] } },
{ "type": "Feature", "properties": { "tg_type": "INF.VOIE_FERREE", "nom": "", "source_id": "way/96324169", "source": "OSM_OSMFR_2026-10-03", "statut": "IMPORTE", "date_source": "2026-10-03", "usage": "branch", "service": null, "gauge": "1000", "operator": "CAMRAIL", "electrified": "no", "longueur_m": 91.3 }, "geometry": { "type": "LineString", "coordinates": [ [ 9.617614, 4.119076 ], [ 9.617071, 4.119696 ] ] } },
{ "type": "Feature", "properties": { "tg_type": "INF.VOIE_FERREE", "nom": "", "source_id": "way/171460904", "source": "OSM_OSMFR_2026-10-03", "statut": "IMPORTE", "date_source": "2026-10-03", "usage": "main", "service": null, "gauge": "1000", "operator": "Camrail", "electrified": "no", "longueur_m": 11136.0 }, "geometry": { "type": "LineString", "coordinates": [ [ 11.575652, 4.032656 ], [ 11.575352, 4.031581 ], [ 11.575026, 4.030975 ], [ 11.574631, 4.030418 ], [ 11.573583, 4.029239 ], [ 11.57303, 4.028212 ], [ 11.571403, 4.022174 ], [ 11.571321, 4.021721 ], [ 11.571321, 4.020751 ], [ 11.572325, 4.01449 ], [ 11.57234, 4.013373 ], [ 11.572211, 4.01235 ], [ 11.570034, 4.005152 ], [ 11.569865, 4.004392 ], [ 11.569734, 4.000162 ], [ 11.569455, 3.998743 ], [ 11.567599, 3.994646 ], [ 11.563914, 3.986929 ], [ 11.563169, 3.985132 ], [ 11.562874, 3.983664 ], [ 11.562813, 3.982481 ], [ 11.563074, 3.976563 ], [ 11.562974, 3.975671 ], [ 11.562773, 3.97478 ], [ 11.562508, 3.973944 ], [ 11.562166, 3.973197 ], [ 11.55648, 3.963818 ], [ 11.554317, 3.961395 ], [ 11.549651, 3.957313 ], [ 11.548481, 3.956755 ], [ 11.547443, 3.956579 ], [ 11.546809, 3.956584 ], [ 11.546266, 3.956647 ], [ 11.540976, 3.958088 ], [ 11.540012, 3.958173 ], [ 11.538827, 3.957991 ], [ 11.538021, 3.957674 ], [ 11.537181, 3.957096 ], [ 11.534101, 3.953702 ] ] } },
{ "type": "Feature", "properties": { "tg_type": "INF.VOIE_FERREE", "nom": "", "source_id": "way/199270968", "source": "OSM_OSMFR_2026-10-03", "statut": "IMPORTE", "date_source": "2026-10-03", "usage": null, "service": null, "gauge": "1000", "operator": "CAMRAIL", "electrified": null, "longueur_m": 724.9 }, "geometry": { "type": "LineString", "coordinates": [ [ 11.531512, 3.884169 ], [ 11.531225, 3.879305 ], [ 11.530788, 3.877682 ] ] } },
{ "type": "Feature", "properties": { "tg_type": "INF.VOIE_FERREE", "nom": "", "source_id": "way/199270970", "source": "OSM_OSMFR_2026-10-03", "statut": "IMPORTE", "date_source": "2026-10-03", "usage": null, "service": null, "gauge": "1000", "operator": "CAMRAIL", "electrified": null, "longueur_m": 185.9 }, "geometry": { "type": "LineString", "coordinates": [ [ 11.531187, 3.878168 ], [ 11.531447, 3.879068 ], [ 11.531482, 3.87981 ] ] } },
{ "type": "Feature", "properties": { "tg_type": "INF.VOIE_FERREE", "nom": "", "source_id": "way/199270972", "source": "OSM_OSMFR_2026-10-03", "statut": "IMPORTE", "date_source": "2026-10-03", "usage": null, "service": null, "gauge": "1000", "operator": "CAMRAIL", "electrified": null, "longueur_m": 794.4 }, "geometry": { "type": "LineString", "coordinates": [ [ 11.530668, 3.877542 ], [ 11.531158, 3.879294 ], [ 11.531482, 3.884647 ] ] } },
{ "type": "Feature", "properties": { "tg_type": "INF.VOIE_FERREE", "nom": "", "source_id": "way/199270973", "source": "OSM_OSMFR_2026-10-03", "statut": "IMPORTE", "date_source": "2026-10-03", "usage": null, "service": null, "gauge": "1000", "operator": "CAMRAIL", "electrified": null, "longueur_m": 629.1 }, "geometry": { "type": "LineString", "coordinates": [ [ 11.530955, 3.877877 ], [ 11.531395, 3.879827 ], [ 11.531557, 3.88351 ] ] } },
{ "type": "Feature", "properties": { "tg_type": "INF.VOIE_FERREE", "nom": "", "source_id": "way/199270975", "source": "OSM_OSMFR_2026-10-03", "statut": "IMPORTE", "date_source": "2026-10-03", "usage": null, "service": null, "gauge": "1000", "operator": "CAMRAIL", "electrified": null, "longueur_m": 584.1 }, "geometry": { "type": "LineString", "coordinates": [ [ 11.531015, 3.87794 ], [ 11.531482, 3.87981 ], [ 11.531612, 3.88316 ] ] } },
{ "type": "Feature", "properties": { "tg_type": "INF.VOIE_FERREE", "nom": "", "source_id": "way/199270978", "source": "OSM_OSMFR_2026-10-03", "statut": "IMPORTE", "date_source": "2026-10-03", "usage": null, "service": null, "gauge": "1000", "operator": "CAMRAIL", "electrified": null, "longueur_m": 479.9 }, "geometry": { "type": "LineString", "coordinates": [ [ 11.527432, 3.873741 ], [ 11.527991, 3.874974 ], [ 11.528238, 3.875312 ], [ 11.528618, 3.875701 ], [ 11.529566, 3.876413 ], [ 11.530089, 3.877053 ] ] } },
{ "type": "Feature", "properties": { "tg_type": "INF.VOIE_FERREE", "nom": "", "source_id": "way/199270980", "source": "OSM_OSMFR_2026-10-03", "statut": "IMPORTE", "date_source": "2026-10-03", "usage": null, "service": null, "gauge": "1000", "operator": "CAMRAIL", "electrified": null, "longueur_m": 805.2 }, "geometry": { "type": "LineString", "coordinates": [ [ 11.530259, 3.87752 ], [ 11.530989, 3.878808 ], [ 11.531336, 3.884596 ] ] } },
{ "type": "Feature", "properties": { "tg_type": "INF.VOIE_FERREE", "nom": "", "source_id": "way/199503387", "source": "OSM_OSMFR_2026-10-03", "statut": "IMPORTE", "date_source": "2026-10-03", "usage": "main", "service": null, "gauge": "1000", "operator": "CAMRAIL", "electrified": "no", "longueur_m": 35197.8 }, "geometry": { "type": "LineString", "coordinates": [ [ 11.263438, 3.594639 ], [ 11.280599, 3.591409 ], [ 11.282675, 3.590959 ], [ 11.284858, 3.590301 ], [ 11.288699, 3.588882 ], [ 11.290024, 3.588738 ], [ 11.29099, 3.588844 ], [ 11.295866, 3.590445 ], [ 11.297003, 3.59102 ], [ 11.299841, 3.594145 ], [ 11.305511, 3.600639 ], [ 11.306681, 3.601602 ], [ 11.307839, 3.602261 ], [ 11.319867, 3.606475 ], [ 11.320532, 3.606945 ], [ 11.321025, 3.607439 ], [ 11.321959, 3.608756 ], [ 11.332007, 3.627077 ], [ 11.33302, 3.628597 ], [ 11.333954, 3.629667 ], [ 11.356602, 3.650867 ], [ 11.357269, 3.651565 ], [ 11.357632, 3.652163 ], [ 11.358147, 3.653384 ], [ 11.358276, 3.654058 ], [ 11.358551, 3.662482 ], [ 11.358684, 3.663523 ], [ 11.358981, 3.664612 ], [ 11.359574, 3.665997 ], [ 11.36452, 3.675183 ], [ 11.364821, 3.676028 ], [ 11.365024, 3.677388 ], [ 11.365057, 3.678416 ], [ 11.365185, 3.687688 ], [ 11.365271, 3.688438 ], [ 11.365529, 3.689466 ], [ 11.365958, 3.690526 ], [ 11.366419, 3.691307 ], [ 11.36732, 3.692324 ], [ 11.370056, 3.694862 ], [ 11.37099, 3.69605 ], [ 11.371279, 3.696564 ], [ 11.373103, 3.701082 ], [ 11.373715, 3.702056 ], [ 11.374498, 3.702967 ], [ 11.37644, 3.704273 ], [ 11.380013, 3.705825 ], [ 11.380785, 3.706393 ], [ 11.381482, 3.707185 ], [ 11.381922, 3.707817 ], [ 11.388274, 3.71863 ], [ 11.391213, 3.72348 ], [ 11.397243, 3.731713 ], [ 11.397624, 3.732318 ], [ 11.398267, 3.733838 ], [ 11.402788, 3.748302 ], [ 11.403054, 3.748922 ], [ 11.403562, 3.749677 ], [ 11.408241, 3.755098 ], [ 11.408446, 3.755452 ], [ 11.410314, 3.757545 ], [ 11.411107, 3.758281 ], [ 11.41157, 3.758584 ], [ 11.412116, 3.758862 ], [ 11.4131, 3.759197 ], [ 11.417619, 3.759947 ], [ 11.419888, 3.760453 ], [ 11.420988, 3.760764 ], [ 11.422165, 3.761286 ], [ 11.425038, 3.763071 ], [ 11.426478, 3.764215 ], [ 11.433561, 3.771074 ], [ 11.434461, 3.771879 ], [ 11.435241, 3.772424 ], [ 11.447898, 3.779888 ], [ 11.465425, 3.790735 ], [ 11.471837, 3.793484 ] ] } },
{ "type": "Feature", "properties": { "tg_type": "INF.VOIE_FERREE", "nom": "", "source_id": "way/199504524", "source": "OSM_OSMFR_2026-10-03", "statut": "IMPORTE", "date_source": "2026-10-03", "usage": null, "service": "siding", "gauge": "1000", "operator": "CAMRAIL", "electrified": null, "longueur_m": 1009.9 }, "geometry": { "type": "LineString", "coordinates": [ [ 11.292433, 3.589268 ], [ 11.293211, 3.589631 ], [ 11.296151, 3.590638 ], [ 11.296837, 3.591013 ], [ 11.297175, 3.591286 ], [ 11.299214, 3.593588 ], [ 11.299841, 3.594145 ] ] } },
{ "type": "Feature", "properties": { "tg_type": "INF.VOIE_FERREE", "nom": "", "source_id": "way/199991217", "source": "OSM_OSMFR_2026-10-03", "statut": "IMPORTE", "date_source": "2026-10-03", "usage": "main", "service": null, "gauge": "1000", "operator": "CAMRAIL", "electrified": "no", "longueur_m": 47733.7 }, "geometry": { "type": "LineString", "coordinates": [ [ 11.263438, 3.594639 ], [ 11.258625, 3.595528 ], [ 11.257109, 3.595587 ], [ 11.254964, 3.595207 ], [ 11.24254, 3.591047 ], [ 11.241524, 3.590866 ], [ 11.240711, 3.590886 ], [ 11.239913, 3.591013 ], [ 11.239074, 3.591341 ], [ 11.238113, 3.591844 ], [ 11.23209, 3.597157 ], [ 11.231257, 3.597519 ], [ 11.230506, 3.597733 ], [ 11.229834, 3.59776 ], [ 11.221288, 3.596532 ], [ 11.219752, 3.596394 ], [ 11.218907, 3.596404 ], [ 11.216501, 3.596899 ], [ 11.195716, 3.602663 ], [ 11.19372, 3.602941 ], [ 11.191043, 3.603047 ], [ 11.188032, 3.602755 ], [ 11.185804, 3.602127 ], [ 11.181808, 3.600078 ], [ 11.180967, 3.599525 ], [ 11.178869, 3.597776 ], [ 11.177873, 3.597114 ], [ 11.173685, 3.595133 ], [ 11.172343, 3.594389 ], [ 11.171567, 3.593831 ], [ 11.170875, 3.593069 ], [ 11.161846, 3.580807 ], [ 11.159642, 3.579277 ], [ 11.156403, 3.577441 ], [ 11.154659, 3.575987 ], [ 11.143198, 3.562243 ], [ 11.14257, 3.561688 ], [ 11.141876, 3.561237 ], [ 11.141479, 3.561069 ], [ 11.140503, 3.560783 ], [ 11.110156, 3.554539 ], [ 11.104828, 3.553745 ], [ 11.103503, 3.553841 ], [ 11.092247, 3.55617 ], [ 11.086554, 3.557538 ], [ 11.080802, 3.55849 ], [ 11.063114, 3.557015 ], [ 11.061891, 3.556576 ], [ 11.043588, 3.547003 ], [ 11.042408, 3.54656 ], [ 11.041174, 3.546392 ], [ 11.040476, 3.546403 ], [ 11.034307, 3.547538 ], [ 11.02853, 3.548663 ], [ 11.02757, 3.548958 ], [ 11.026744, 3.54939 ], [ 11.022463, 3.553235 ], [ 11.021261, 3.553963 ], [ 11.019845, 3.55452 ], [ 11.018675, 3.554712 ], [ 11.008333, 3.554702 ], [ 11.006788, 3.554809 ], [ 10.996671, 3.557664 ], [ 10.99549, 3.55816 ], [ 10.992766, 3.559742 ], [ 10.98812, 3.562979 ], [ 10.978582, 3.569211 ], [ 10.977058, 3.569961 ], [ 10.975395, 3.570368 ], [ 10.974537, 3.570443 ], [ 10.973453, 3.570389 ], [ 10.96575, 3.56934 ], [ 10.954225, 3.567904 ], [ 10.951223, 3.567444 ], [ 10.949389, 3.567348 ], [ 10.948702, 3.567444 ], [ 10.944658, 3.56849 ], [ 10.934915, 3.571331 ], [ 10.93321, 3.571599 ], [ 10.932126, 3.571588 ], [ 10.931042, 3.57131 ], [ 10.929938, 3.570707 ], [ 10.92488, 3.566365 ], [ 10.924113, 3.565861 ], [ 10.922671, 3.565263 ], [ 10.916953, 3.563552 ], [ 10.911814, 3.562921 ], [ 10.907066, 3.562664 ], [ 10.90622, 3.56278 ], [ 10.90478, 3.563332 ], [ 10.904085, 3.563751 ], [ 10.903271, 3.564558 ], [ 10.902962, 3.564907 ], [ 10.899809, 3.569787 ], [ 10.89954, 3.570305 ], [ 10.899169, 3.571642 ], [ 10.899136, 3.573162 ], [ 10.900188, 3.578386 ], [ 10.900134, 3.57887 ], [ 10.899649, 3.580295 ], [ 10.898909, 3.580993 ], [ 10.898164, 3.581214 ], [ 10.897158, 3.581289 ], [ 10.895704, 3.580886 ], [ 10.893833, 3.579811 ], [ 10.883804, 3.574753 ] ] } },
{ "type": "Feature", "properties": { "tg_type": "INF.VOIE_FERREE", "nom": "", "source_id": "way/205640375", "source": "OSM_OSMFR_2026-10-03", "statut": "IMPORTE", "date_source": "2026-10-03", "usage": "main", "service": null, "gauge": "1000", "operator": "CAMRAIL", "electrified": "no", "longueur_m": 1471.5 }, "geometry": { "type": "LineString", "coordinates": [ [ 11.521507, 3.85916 ], [ 11.521301, 3.858229 ], [ 11.521504, 3.854401 ], [ 11.521295, 3.853271 ], [ 11.520967, 3.852614 ], [ 11.520267, 3.851767 ], [ 11.517457, 3.849758 ], [ 11.516797, 3.849072 ], [ 11.516233, 3.848123 ] ] } },
{ "type": "Feature", "properties": { "tg_type": "INF.VOIE_FERREE", "nom": "", "source_id": "way/205640378", "source": "OSM_OSMFR_2026-10-03", "statut": "IMPORTE", "date_source": "2026-10-03", "usage": "main", "service": null, "gauge": "1000", "operator": "CAMRAIL", "electrified": "no", "longueur_m": 104.7 }, "geometry": { "type": "LineString", "coordinates": [ [ 11.521923, 3.86001 ], [ 11.521507, 3.85916 ] ] } },
{ "type": "Feature", "properties": { "tg_type": "INF.VOIE_FERREE", "nom": "", "source_id": "way/205999415", "source": "OSM_OSMFR_2026-10-03", "statut": "IMPORTE", "date_source": "2026-10-03", "usage": null, "service": null, "gauge": "1000", "operator": "Camrail", "electrified": null, "longueur_m": 488.8 }, "geometry": { "type": "LineString", "coordinates": [ [ 11.525744, 3.868769 ], [ 11.525881, 3.870055 ], [ 11.527136, 3.872911 ] ] } },
{ "type": "Feature", "properties": { "tg_type": "INF.VOIE_FERREE", "nom": "", "source_id": "way/205999416", "source": "OSM_OSMFR_2026-10-03", "statut": "IMPORTE", "date_source": "2026-10-03", "usage": null, "service": null, "gauge": "1000", "operator": "Camrail", "electrified": null, "longueur_m": 221.9 }, "geometry": { "type": "LineString", "coordinates": [ [ 11.525744, 3.868769 ], [ 11.525772, 3.87008 ], [ 11.526063, 3.870706 ] ] } },
{ "type": "Feature", "properties": { "tg_type": "INF.VOIE_FERREE", "nom": "", "source_id": "way/205999417", "source": "OSM_OSMFR_2026-10-03", "statut": "IMPORTE", "date_source": "2026-10-03", "usage": null, "service": null, "gauge": "1000", "operator": "CAMRAIL", "electrified": null, "longueur_m": 1587.5 }, "geometry": { "type": "LineString", "coordinates": [ [ 11.527486, 3.873672 ], [ 11.527886, 3.874573 ], [ 11.528324, 3.875262 ], [ 11.528696, 3.875632 ], [ 11.530124, 3.876739 ], [ 11.531504, 3.878597 ], [ 11.531593, 3.878823 ], [ 11.531702, 3.879265 ], [ 11.531761, 3.880934 ], [ 11.531482, 3.884647 ], [ 11.531452, 3.886441 ] ] } },
{ "type": "Feature", "properties": { "tg_type": "INF.VOIE_FERREE", "nom": "", "source_id": "way/205999419", "source": "OSM_OSMFR_2026-10-03", "statut": "IMPORTE", "date_source": "2026-10-03", "usage": "main", "service": null, "gauge": "1000", "operator": "Camrail", "electrified": "no", "longueur_m": 504.0 }, "geometry": { "type": "LineString", "coordinates": [ [ 11.527136, 3.872911 ], [ 11.525923, 3.870055 ], [ 11.525738, 3.868619 ] ] } },
{ "type": "Feature", "properties": { "tg_type": "INF.VOIE_FERREE", "nom": "", "source_id": "way/205999420", "source": "OSM_OSMFR_2026-10-03", "statut": "IMPORTE", "date_source": "2026-10-03", "usage": null, "service": null, "gauge": "1000", "operator": "CAMRAIL", "electrified": null, "longueur_m": 12.6 }, "geometry": { "type": "LineString", "coordinates": [ [ 11.527439, 3.873568 ], [ 11.527486, 3.873672 ] ] } },
{ "type": "Feature", "properties": { "tg_type": "INF.VOIE_FERREE", "nom": "", "source_id": "way/205999421", "source": "OSM_OSMFR_2026-10-03", "statut": "IMPORTE", "date_source": "2026-10-03", "usage": null, "service": null, "gauge": "1000", "operator": "CAMRAIL", "electrified": null, "longueur_m": 12.6 }, "geometry": { "type": "LineString", "coordinates": [ [ 11.527387, 3.873637 ], [ 11.527432, 3.873741 ] ] } },
{ "type": "Feature", "properties": { "tg_type": "INF.VOIE_FERREE", "nom": "", "source_id": "way/205999422", "source": "OSM_OSMFR_2026-10-03", "statut": "IMPORTE", "date_source": "2026-10-03", "usage": "main", "service": null, "gauge": "1000", "operator": "Camrail", "electrified": "no", "longueur_m": 25.7 }, "geometry": { "type": "LineString", "coordinates": [ [ 11.52746, 3.873545 ], [ 11.527341, 3.873346 ] ] } },
{ "type": "Feature", "properties": { "tg_type": "INF.VOIE_FERREE", "nom": "", "source_id": "way/205999423", "source": "OSM_OSMFR_2026-10-03", "statut": "IMPORTE", "date_source": "2026-10-03", "usage": "main", "service": null, "gauge": "1000", "operator": "Camrail", "electrified": "no", "longueur_m": 12.0 }, "geometry": { "type": "LineString", "coordinates": [ [ 11.527514, 3.87364 ], [ 11.52746, 3.873545 ] ] } },
{ "type": "Feature", "properties": { "tg_type": "INF.VOIE_FERREE", "nom": "", "source_id": "way/205999424", "source": "OSM_OSMFR_2026-10-03", "statut": "IMPORTE", "date_source": "2026-10-03", "usage": null, "service": null, "gauge": "1000", "operator": "Camrail", "electrified": null, "longueur_m": 154.3 }, "geometry": { "type": "LineString", "coordinates": [ [ 11.526809, 3.872368 ], [ 11.527387, 3.873637 ] ] } },
{ "type": "Feature", "properties": { "tg_type": "INF.VOIE_FERREE", "nom": "", "source_id": "way/205999425", "source": "OSM_OSMFR_2026-10-03", "statut": "IMPORTE", "date_source": "2026-10-03", "usage": null, "service": null, "gauge": "1000", "operator": "Camrail", "electrified": null, "longueur_m": 370.2 }, "geometry": { "type": "LineString", "coordinates": [ [ 11.525722, 3.869147 ], [ 11.525737, 3.870098 ], [ 11.526752, 3.872256 ] ] } },
{ "type": "Feature", "properties": { "tg_type": "INF.VOIE_FERREE", "nom": "", "source_id": "way/206001607", "source": "OSM_OSMFR_2026-10-03", "statut": "IMPORTE", "date_source": "2026-10-03", "usage": "main", "service": null, "gauge": "1000", "operator": "CAMRAIL", "electrified": "no", "longueur_m": 283.0 }, "geometry": { "type": "LineString", "coordinates": [ [ 11.523643, 3.862555 ], [ 11.5222, 3.860445 ] ] } },
{ "type": "Feature", "properties": { "tg_type": "INF.VOIE_FERREE", "nom": "", "source_id": "way/206001609", "source": "OSM_OSMFR_2026-10-03", "statut": "IMPORTE", "date_source": "2026-10-03", "usage": "main", "service": null, "gauge": "1000", "operator": "CAMRAIL", "electrified": "no", "longueur_m": 18.1 }, "geometry": { "type": "LineString", "coordinates": [ [ 11.525197, 3.866022 ], [ 11.525263, 3.866171 ] ] } },
{ "type": "Feature", "properties": { "tg_type": "INF.VOIE_FERREE", "nom": "", "source_id": "way/206001610", "source": "OSM_OSMFR_2026-10-03", "statut": "IMPORTE", "date_source": "2026-10-03", "usage": "main", "service": null, "gauge": "1000", "operator": "CAMRAIL", "electrified": "no", "longueur_m": 57.1 }, "geometry": { "type": "LineString", "coordinates": [ [ 11.5222, 3.860445 ], [ 11.521923, 3.86001 ] ] } },
{ "type": "Feature", "properties": { "tg_type": "INF.VOIE_FERREE", "nom": "", "source_id": "way/206001612", "source": "OSM_OSMFR_2026-10-03", "statut": "IMPORTE", "date_source": "2026-10-03", "usage": "main", "service": null, "gauge": "1000", "operator": "CAMRAIL", "electrified": "no", "longueur_m": 421.2 }, "geometry": { "type": "LineString", "coordinates": [ [ 11.523643, 3.862555 ], [ 11.524138, 3.86344 ], [ 11.525197, 3.866022 ] ] } },
{ "type": "Feature", "properties": { "tg_type": "INF.VOIE_FERREE", "nom": "", "source_id": "way/206002215", "source": "OSM_OSMFR_2026-10-03", "statut": "IMPORTE", "date_source": "2026-10-03", "usage": null, "service": null, "gauge": "1000", "operator": "CAMRAIL", "electrified": null, "longueur_m": 373.7 }, "geometry": { "type": "LineString", "coordinates": [ [ 11.527809, 3.874607 ], [ 11.527955, 3.874997 ], [ 11.528196, 3.875342 ], [ 11.529514, 3.876471 ], [ 11.529963, 3.87713 ] ] } },
{ "type": "Feature", "properties": { "tg_type": "INF.VOIE_FERREE", "nom": "", "source_id": "way/206002216", "source": "OSM_OSMFR_2026-10-03", "statut": "IMPORTE", "date_source": "2026-10-03", "usage": null, "service": "spur", "gauge": "1000", "operator": "CAMRAIL", "electrified": null, "longueur_m": 321.2 }, "geometry": { "type": "LineString", "coordinates": [ [ 11.527858, 3.875782 ], [ 11.527562, 3.876012 ], [ 11.527398, 3.876342 ], [ 11.52738, 3.876615 ], [ 11.527507, 3.877019 ], [ 11.527715, 3.877297 ], [ 11.527974, 3.877426 ], [ 11.528762, 3.877625 ] ] } },
{ "type": "Feature", "properties": { "tg_type": "INF.VOIE_FERREE", "nom": "", "source_id": "way/206002217", "source": "OSM_OSMFR_2026-10-03", "statut": "IMPORTE", "date_source": "2026-10-03", "usage": null, "service": "spur", "gauge": "1000", "operator": "CAMRAIL", "electrified": null, "longueur_m": 18.8 }, "geometry": { "type": "LineString", "coordinates": [ [ 11.528017, 3.875725 ], [ 11.527858, 3.875782 ] ] } },
{ "type": "Feature", "properties": { "tg_type": "INF.VOIE_FERREE", "nom": "", "source_id": "way/206002218", "source": "OSM_OSMFR_2026-10-03", "statut": "IMPORTE", "date_source": "2026-10-03", "usage": null, "service": "spur", "gauge": "1000", "operator": null, "electrified": null, "longueur_m": 16.4 }, "geometry": { "type": "LineString", "coordinates": [ [ 11.528762, 3.877625 ], [ 11.528907, 3.877657 ] ] } },
{ "type": "Feature", "properties": { "tg_type": "INF.VOIE_FERREE", "nom": "", "source_id": "way/206002219", "source": "OSM_OSMFR_2026-10-03", "statut": "IMPORTE", "date_source": "2026-10-03", "usage": null, "service": "spur", "gauge": "1000", "operator": "CAMRAIL", "electrified": null, "longueur_m": 87.9 }, "geometry": { "type": "LineString", "coordinates": [ [ 11.52877, 3.87588 ], [ 11.528315, 3.875702 ], [ 11.528017, 3.875725 ] ] } },
{ "type": "Feature", "properties": { "tg_type": "INF.VOIE_FERREE", "nom": "", "source_id": "way/206002220", "source": "OSM_OSMFR_2026-10-03", "statut": "IMPORTE", "date_source": "2026-10-03", "usage": null, "service": "spur", "gauge": "1000", "operator": "CAMRAIL", "electrified": null, "longueur_m": 223.3 }, "geometry": { "type": "LineString", "coordinates": [ [ 11.528907, 3.877657 ], [ 11.530249, 3.877947 ], [ 11.530751, 3.87833 ] ] } },
{ "type": "Feature", "properties": { "tg_type": "INF.VOIE_FERREE", "nom": "", "source_id": "way/206003069", "source": "OSM_OSMFR_2026-10-03", "statut": "IMPORTE", "date_source": "2026-10-03", "usage": null, "service": "siding", "gauge": "1000", "operator": "CAMRAIL", "electrified": null, "longueur_m": 775.1 }, "geometry": { "type": "LineString", "coordinates": [ [ 11.53103, 3.879462 ], [ 11.530704, 3.88338 ], [ 11.530857, 3.884594 ], [ 11.531436, 3.88635 ] ] } },
{ "type": "Feature", "properties": { "tg_type": "INF.VOIE_FERREE", "nom": "", "source_id": "way/206003070", "source": "OSM_OSMFR_2026-10-03", "statut": "IMPORTE", "date_source": "2026-10-03", "usage": null, "service": "siding", "gauge": "1000", "operator": "CAMRAIL", "electrified": null, "longueur_m": 502.6 }, "geometry": { "type": "LineString", "coordinates": [ [ 11.531068, 3.880069 ], [ 11.531044, 3.880946 ], [ 11.531289, 3.884605 ] ] } },
{ "type": "Feature", "properties": { "tg_type": "INF.VOIE_FERREE", "nom": "", "source_id": "way/206003071", "source": "OSM_OSMFR_2026-10-03", "statut": "IMPORTE", "date_source": "2026-10-03", "usage": null, "service": "siding", "gauge": "1000", "operator": "CAMRAIL", "electrified": null, "longueur_m": 507.9 }, "geometry": { "type": "LineString", "coordinates": [ [ 11.531017, 3.880026 ], [ 11.530953, 3.880825 ], [ 11.5312, 3.884609 ] ] } },
{ "type": "Feature", "properties": { "tg_type": "INF.VOIE_FERREE", "nom": "", "source_id": "way/206003556", "source": "OSM_OSMFR_2026-10-03", "statut": "IMPORTE", "date_source": "2026-10-03", "usage": null, "service": "spur", "gauge": "1000", "operator": "CAMRAIL", "electrified": null, "longueur_m": 862.1 }, "geometry": { "type": "LineString", "coordinates": [ [ 11.514773, 3.832037 ], [ 11.514883, 3.832468 ], [ 11.514794, 3.833031 ], [ 11.513608, 3.834577 ], [ 11.512458, 3.838096 ], [ 11.512252, 3.838825 ], [ 11.512239, 3.839182 ] ] } },
{ "type": "Feature", "properties": { "tg_type": "INF.VOIE_FERREE", "nom": "", "source_id": "way/206005591", "source": "OSM_OSMFR_2026-10-03", "statut": "IMPORTE", "date_source": "2026-10-03", "usage": null, "service": "siding", "gauge": "1000", "operator": "CAMRAIL", "electrified": null, "longueur_m": 114.3 }, "geometry": { "type": "LineString", "coordinates": [ [ 11.529791, 3.877185 ], [ 11.530115, 3.87771 ], [ 11.5304, 3.878012 ] ] } },
{ "type": "Feature", "properties": { "tg_type": "INF.VOIE_FERREE", "nom": "", "source_id": "way/206006803", "source": "OSM_OSMFR_2026-10-03", "statut": "IMPORTE", "date_source": "2026-10-03", "usage": null, "service": "siding", "gauge": "1000", "operator": "CAMRAIL", "electrified": null, "longueur_m": 550.9 }, "geometry": { "type": "LineString", "coordinates": [ [ 11.531241, 3.884606 ], [ 11.530999, 3.880913 ], [ 11.531041, 3.879633 ] ] } },
{ "type": "Feature", "properties": { "tg_type": "INF.VOIE_FERREE", "nom": "", "source_id": "way/208084004", "source": "OSM_OSMFR_2026-10-03", "statut": "IMPORTE", "date_source": "2026-10-03", "usage": null, "service": "spur", "gauge": "1000", "operator": "CAMRAIL", "electrified": null, "longueur_m": 456.9 }, "geometry": { "type": "LineString", "coordinates": [ [ 11.51316, 3.840582 ], [ 11.513484, 3.840783 ], [ 11.513743, 3.841141 ], [ 11.514498, 3.84295 ], [ 11.514872, 3.844237 ] ] } },
{ "type": "Feature", "properties": { "tg_type": "INF.VOIE_FERREE", "nom": "", "source_id": "way/208084005", "source": "OSM_OSMFR_2026-10-03", "statut": "IMPORTE", "date_source": "2026-10-03", "usage": null, "service": "yard", "gauge": "1000", "operator": "CAMRAIL", "electrified": "no", "longueur_m": 1022.7 }, "geometry": { "type": "LineString", "coordinates": [ [ 11.512172, 3.838869 ], [ 11.51228, 3.839558 ], [ 11.512954, 3.841678 ], [ 11.51582, 3.847304 ] ] } },
{ "type": "Feature", "properties": { "tg_type": "INF.VOIE_FERREE", "nom": "", "source_id": "way/208084006", "source": "OSM_OSMFR_2026-10-03", "statut": "IMPORTE", "date_source": "2026-10-03", "usage": null, "service": "yard", "gauge": "1000", "operator": "CAMRAIL", "electrified": "no", "longueur_m": 1103.6 }, "geometry": { "type": "LineString", "coordinates": [ [ 11.512104, 3.838346 ], [ 11.512094, 3.838761 ], [ 11.512231, 3.839571 ], [ 11.512918, 3.841686 ], [ 11.515878, 3.847481 ] ] } },
{ "type": "Feature", "properties": { "tg_type": "INF.VOIE_FERREE", "nom": "", "source_id": "way/208084007", "source": "OSM_OSMFR_2026-10-03", "statut": "IMPORTE", "date_source": "2026-10-03", "usage": null, "service": "yard", "gauge": "1000", "operator": "CAMRAIL", "electrified": "no", "longueur_m": 948.8 }, "geometry": { "type": "LineString", "coordinates": [ [ 11.515053, 3.84578 ], [ 11.512989, 3.841671 ], [ 11.512239, 3.839182 ], [ 11.512051, 3.837823 ] ] } },
{ "type": "Feature", "properties": { "tg_type": "INF.VOIE_FERREE", "nom": "", "source_id": "way/208084009", "source": "OSM_OSMFR_2026-10-03", "statut": "IMPORTE", "date_source": "2026-10-03", "usage": null, "service": "siding", "gauge": "1000", "operator": "CAMRAIL", "electrified": "no", "longueur_m": 982.1 }, "geometry": { "type": "LineString", "coordinates": [ [ 11.40789, 3.754701 ], [ 11.403326, 3.749429 ], [ 11.402752, 3.748326 ], [ 11.402592, 3.747703 ] ] } },
{ "type": "Feature", "properties": { "tg_type": "INF.VOIE_FERREE", "nom": "", "source_id": "way/208084011", "source": "OSM_OSMFR_2026-10-03", "statut": "IMPORTE", "date_source": "2026-10-03", "usage": null, "service": "yard", "gauge": "1000", "operator": "CAMRAIL", "electrified": "no", "longueur_m": 590.5 }, "geometry": { "type": "LineString", "coordinates": [ [ 11.514744, 3.845136 ], [ 11.513224, 3.842141 ], [ 11.512601, 3.840269 ] ] } },
{ "type": "Feature", "properties": { "tg_type": "INF.VOIE_FERREE", "nom": "", "source_id": "way/208084012", "source": "OSM_OSMFR_2026-10-03", "statut": "IMPORTE", "date_source": "2026-10-03", "usage": null, "service": "yard", "gauge": "1000", "operator": "CAMRAIL", "electrified": null, "longueur_m": 466.4 }, "geometry": { "type": "LineString", "coordinates": [ [ 11.514138, 3.843913 ], [ 11.513249, 3.84212 ], [ 11.51271, 3.840471 ], [ 11.512483, 3.840053 ] ] } },
{ "type": "Feature", "properties": { "tg_type": "INF.VOIE_FERREE", "nom": "", "source_id": "way/208085226", "source": "OSM_OSMFR_2026-10-03", "statut": "IMPORTE", "date_source": "2026-10-03", "usage": null, "service": "spur", "gauge": "1000", "operator": "CAMRAIL", "electrified": null, "longueur_m": 435.0 }, "geometry": { "type": "LineString", "coordinates": [ [ 11.514729, 3.832038 ], [ 11.514827, 3.832477 ], [ 11.514738, 3.833013 ], [ 11.513658, 3.83437 ], [ 11.51331, 3.835507 ] ] } },
{ "type": "Feature", "properties": { "tg_type": "INF.VOIE_FERREE", "nom": "", "source_id": "way/208085227", "source": "OSM_OSMFR_2026-10-03", "statut": "IMPORTE", "date_source": "2026-10-03", "usage": null, "service": "spur", "gauge": "1000", "operator": "CAMRAIL", "electrified": null, "longueur_m": 96.8 }, "geometry": { "type": "LineString", "coordinates": [ [ 11.514824, 3.844253 ], [ 11.514623, 3.843401 ] ] } },
{ "type": "Feature", "properties": { "tg_type": "INF.VOIE_FERREE", "nom": "", "source_id": "way/209561378", "source": "OSM_OSMFR_2026-10-03", "statut": "IMPORTE", "date_source": "2026-10-03", "usage": null, "service": "yard", "gauge": "1000", "operator": null, "electrified": null, "longueur_m": 727.7 }, "geometry": { "type": "LineString", "coordinates": [ [ 9.714576, 4.048337 ], [ 9.713863, 4.04874 ], [ 9.711648, 4.050323 ], [ 9.708839, 4.05142 ] ] } },
{ "type": "Feature", "properties": { "tg_type": "INF.VOIE_FERREE", "nom": "", "source_id": "way/209561379", "source": "OSM_OSMFR_2026-10-03", "statut": "IMPORTE", "date_source": "2026-10-03", "usage": null, "service": "yard", "gauge": "1000", "operator": null, "electrified": null, "longueur_m": 794.0 }, "geometry": { "type": "LineString", "coordinates": [ [ 9.715726, 4.047864 ], [ 9.714367, 4.048519 ], [ 9.714096, 4.048718 ], [ 9.711158, 4.051351 ], [ 9.710443, 4.05252 ] ] } },
{ "type": "Feature", "properties": { "tg_type": "INF.VOIE_FERREE", "nom": "", "source_id": "way/209561381", "source": "OSM_OSMFR_2026-10-03", "statut": "IMPORTE", "date_source": "2026-10-03", "usage": null, "service": "yard", "gauge": "1000", "operator": null, "electrified": null, "longueur_m": 1770.7 }, "geometry": { "type": "LineString", "coordinates": [ [ 9.719782, 4.042601 ], [ 9.719922, 4.043408 ], [ 9.719785, 4.044175 ], [ 9.719273, 4.045145 ], [ 9.718654, 4.045881 ], [ 9.715924, 4.04772 ], [ 9.714239, 4.048541 ], [ 9.711378, 4.051066 ], [ 9.710829, 4.051444 ], [ 9.709908, 4.052037 ], [ 9.708466, 4.052634 ] ] } },
{ "type": "Feature", "properties": { "tg_type": "INF.VOIE_FERREE", "nom": "", "source_id": "way/209561382", "source": "OSM_OSMFR_2026-10-03", "statut": "IMPORTE", "date_source": "2026-10-03", "usage": null, "service": "yard", "gauge": "1000", "operator": null, "electrified": null, "longueur_m": 908.6 }, "geometry": { "type": "LineString", "coordinates": [ [ 9.72592, 4.043184 ], [ 9.725794, 4.043553 ], [ 9.725609, 4.043811 ], [ 9.72531, 4.043996 ], [ 9.725075, 4.044062 ], [ 9.724464, 4.044005 ], [ 9.7238, 4.044056 ], [ 9.721258, 4.044511 ], [ 9.720971, 4.044648 ], [ 9.718792, 4.046252 ] ] } },
{ "type": "Feature", "properties": { "tg_type": "INF.VOIE_FERREE", "nom": "", "source_id": "way/209561383", "source": "OSM_OSMFR_2026-10-03", "statut": "IMPORTE", "date_source": "2026-10-03", "usage": null, "service": "yard", "gauge": "1000", "operator": null, "electrified": null, "longueur_m": 1188.8 }, "geometry": { "type": "LineString", "coordinates": [ [ 9.725163, 4.044707 ], [ 9.725483, 4.044391 ], [ 9.725876, 4.043728 ], [ 9.72592, 4.043184 ], [ 9.72576, 4.042637 ], [ 9.725461, 4.042357 ], [ 9.725194, 4.042256 ], [ 9.724841, 4.042249 ], [ 9.724106, 4.0424 ], [ 9.723151, 4.042879 ], [ 9.719861, 4.045302 ], [ 9.718792, 4.046252 ] ] } },
{ "type": "Feature", "properties": { "tg_type": "INF.VOIE_FERREE", "nom": "", "source_id": "way/209561384", "source": "OSM_OSMFR_2026-10-03", "statut": "IMPORTE", "date_source": "2026-10-03", "usage": null, "service": "yard", "gauge": "1000", "operator": null, "electrified": null, "longueur_m": 293.2 }, "geometry": { "type": "LineString", "coordinates": [ [ 9.711316, 4.050475 ], [ 9.708882, 4.0515 ] ] } },
{ "type": "Feature", "properties": { "tg_type": "INF.VOIE_FERREE", "nom": "", "source_id": "way/209561385", "source": "OSM_OSMFR_2026-10-03", "statut": "IMPORTE", "date_source": "2026-10-03", "usage": null, "service": "yard", "gauge": "1000", "operator": null, "electrified": null, "longueur_m": 150.5 }, "geometry": { "type": "LineString", "coordinates": [ [ 9.708513, 4.052724 ], [ 9.709736, 4.052145 ] ] } },
{ "type": "Feature", "properties": { "tg_type": "INF.VOIE_FERREE", "nom": "", "source_id": "way/209561386", "source": "OSM_OSMFR_2026-10-03", "statut": "IMPORTE", "date_source": "2026-10-03", "usage": null, "service": "yard", "gauge": "1000", "operator": null, "electrified": null, "longueur_m": 172.6 }, "geometry": { "type": "LineString", "coordinates": [ [ 9.709908, 4.052037 ], [ 9.708492, 4.052677 ] ] } },
{ "type": "Feature", "properties": { "tg_type": "INF.VOIE_FERREE", "nom": "", "source_id": "way/209561387", "source": "OSM_OSMFR_2026-10-03", "statut": "IMPORTE", "date_source": "2026-10-03", "usage": null, "service": "yard", "gauge": "1000", "operator": null, "electrified": null, "longueur_m": 99.6 }, "geometry": { "type": "LineString", "coordinates": [ [ 9.711378, 4.051066 ], [ 9.711086, 4.051371 ], [ 9.710847, 4.051782 ] ] } },
{ "type": "Feature", "properties": { "tg_type": "INF.VOIE_FERREE", "nom": "", "source_id": "way/209561388", "source": "OSM_OSMFR_2026-10-03", "statut": "IMPORTE", "date_source": "2026-10-03", "usage": null, "service": "yard", "gauge": "1000", "operator": null, "electrified": null, "longueur_m": 344.0 }, "geometry": { "type": "LineString", "coordinates": [ [ 9.710022, 4.052503 ], [ 9.708624, 4.055278 ] ] } },
{ "type": "Feature", "properties": { "tg_type": "INF.VOIE_FERREE", "nom": "", "source_id": "way/209561389", "source": "OSM_OSMFR_2026-10-03", "statut": "IMPORTE", "date_source": "2026-10-03", "usage": null, "service": "yard", "gauge": "1000", "operator": null, "electrified": null, "longueur_m": 229.4 }, "geometry": { "type": "LineString", "coordinates": [ [ 9.708679, 4.054778 ], [ 9.709697, 4.052977 ] ] } },
{ "type": "Feature", "properties": { "tg_type": "INF.VOIE_FERREE", "nom": "", "source_id": "way/209561390", "source": "OSM_OSMFR_2026-10-03", "statut": "IMPORTE", "date_source": "2026-10-03", "usage": null, "service": "yard", "gauge": "1000", "operator": null, "electrified": null, "longueur_m": 262.8 }, "geometry": { "type": "LineString", "coordinates": [ [ 9.709836, 4.052692 ], [ 9.708654, 4.054748 ] ] } },
{ "type": "Feature", "properties": { "tg_type": "INF.VOIE_FERREE", "nom": "", "source_id": "way/209561391", "source": "OSM_OSMFR_2026-10-03", "statut": "IMPORTE", "date_source": "2026-10-03", "usage": null, "service": "yard", "gauge": "1000", "operator": null, "electrified": null, "longueur_m": 337.2 }, "geometry": { "type": "LineString", "coordinates": [ [ 9.711152, 4.051224 ], [ 9.710399, 4.052095 ], [ 9.709522, 4.053771 ] ] } },
{ "type": "Feature", "properties": { "tg_type": "INF.VOIE_FERREE", "nom": "", "source_id": "way/209561392", "source": "OSM_OSMFR_2026-10-03", "statut": "IMPORTE", "date_source": "2026-10-03", "usage": null, "service": "yard", "gauge": "1000", "operator": null, "electrified": null, "longueur_m": 388.6 }, "geometry": { "type": "LineString", "coordinates": [ [ 9.719695, 4.045292 ], [ 9.722493, 4.043184 ] ] } },
{ "type": "Feature", "properties": { "tg_type": "INF.VOIE_FERREE", "nom": "", "source_id": "way/209561393", "source": "OSM_OSMFR_2026-10-03", "statut": "IMPORTE", "date_source": "2026-10-03", "usage": null, "service": "yard", "gauge": "1000", "operator": null, "electrified": null, "longueur_m": 328.8 }, "geometry": { "type": "LineString", "coordinates": [ [ 9.709954, 4.052485 ], [ 9.709062, 4.053716 ], [ 9.708503, 4.05505 ] ] } },
{ "type": "Feature", "properties": { "tg_type": "INF.VOIE_FERREE", "nom": "", "source_id": "way/209561394", "source": "OSM_OSMFR_2026-10-03", "statut": "IMPORTE", "date_source": "2026-10-03", "usage": null, "service": "yard", "gauge": "1000", "operator": null, "electrified": null, "longueur_m": 581.2 }, "geometry": { "type": "LineString", "coordinates": [ [ 9.714539, 4.048436 ], [ 9.71139, 4.051199 ], [ 9.710727, 4.052015 ] ] } },
{ "type": "Feature", "properties": { "tg_type": "INF.VOIE_FERREE", "nom": "", "source_id": "way/209561395", "source": "OSM_OSMFR_2026-10-03", "statut": "IMPORTE", "date_source": "2026-10-03", "usage": null, "service": "yard", "gauge": "1000", "operator": null, "electrified": null, "longueur_m": 321.3 }, "geometry": { "type": "LineString", "coordinates": [ [ 9.710113, 4.05228 ], [ 9.708716, 4.05482 ] ] } },
{ "type": "Feature", "properties": { "tg_type": "INF.VOIE_FERREE", "nom": "", "source_id": "way/209561396", "source": "OSM_OSMFR_2026-10-03", "statut": "IMPORTE", "date_source": "2026-10-03", "usage": null, "service": "yard", "gauge": "1000", "operator": null, "electrified": null, "longueur_m": 306.3 }, "geometry": { "type": "LineString", "coordinates": [ [ 9.710829, 4.051444 ], [ 9.710209, 4.052123 ], [ 9.709398, 4.053777 ] ] } },
{ "type": "Feature", "properties": { "tg_type": "INF.VOIE_FERREE", "nom": "", "source_id": "way/209563582", "source": "OSM_OSMFR_2026-10-03", "statut": "IMPORTE", "date_source": "2026-10-03", "usage": null, "service": "yard", "gauge": "1000", "operator": null, "electrified": null, "longueur_m": 97.7 }, "geometry": { "type": "LineString", "coordinates": [ [ 9.714672, 4.049712 ], [ 9.71444, 4.049861 ], [ 9.714049, 4.050323 ] ] } },
{ "type": "Feature", "properties": { "tg_type": "INF.VOIE_FERREE", "nom": "", "source_id": "way/209563584", "source": "OSM_OSMFR_2026-10-03", "statut": "IMPORTE", "date_source": "2026-10-03", "usage": null, "service": "yard", "gauge": "1000", "operator": null, "electrified": null, "longueur_m": 525.2 }, "geometry": { "type": "LineString", "coordinates": [ [ 9.7116, 4.052231 ], [ 9.710913, 4.052509 ], [ 9.710489, 4.052935 ], [ 9.709526, 4.054301 ], [ 9.708663, 4.055786 ] ] } },
{ "type": "Feature", "properties": { "tg_type": "INF.VOIE_FERREE", "nom": "", "source_id": "way/209563585", "source": "OSM_OSMFR_2026-10-03", "statut": "IMPORTE", "date_source": "2026-10-03", "usage": null, "service": "yard", "gauge": "1000", "operator": null, "electrified": null, "longueur_m": 360.5 }, "geometry": { "type": "LineString", "coordinates": [ [ 9.721137, 4.044527 ], [ 9.72328, 4.042954 ], [ 9.723806, 4.042695 ] ] } },
{ "type": "Feature", "properties": { "tg_type": "INF.VOIE_FERREE", "nom": "", "source_id": "way/209563588", "source": "OSM_OSMFR_2026-10-03", "statut": "IMPORTE", "date_source": "2026-10-03", "usage": null, "service": null, "gauge": "1000", "operator": null, "electrified": null, "longueur_m": 1119.9 }, "geometry": { "type": "LineString", "coordinates": [ [ 9.719695, 4.044562 ], [ 9.719268, 4.045437 ], [ 9.718739, 4.046102 ], [ 9.715192, 4.048812 ], [ 9.712816, 4.051309 ], [ 9.712607, 4.051612 ] ] } },
{ "type": "Feature", "properties": { "tg_type": "INF.VOIE_FERREE", "nom": "", "source_id": "way/209563590", "source": "OSM_OSMFR_2026-10-03", "statut": "IMPORTE", "date_source": "2026-10-03", "usage": null, "service": "yard", "gauge": "1000", "operator": null, "electrified": null, "longueur_m": 87.5 }, "geometry": { "type": "LineString", "coordinates": [ [ 9.712376, 4.052093 ], [ 9.7116, 4.052231 ] ] } },
{ "type": "Feature", "properties": { "tg_type": "INF.VOIE_FERREE", "nom": "", "source_id": "way/209563592", "source": "OSM_OSMFR_2026-10-03", "statut": "IMPORTE", "date_source": "2026-10-03", "usage": null, "service": "yard", "gauge": "1000", "operator": null, "electrified": null, "longueur_m": 52.4 }, "geometry": { "type": "LineString", "coordinates": [ [ 9.72228, 4.043261 ], [ 9.722694, 4.043033 ] ] } },
{ "type": "Feature", "properties": { "tg_type": "INF.VOIE_FERREE", "nom": "", "source_id": "way/209563593", "source": "OSM_OSMFR_2026-10-03", "statut": "IMPORTE", "date_source": "2026-10-03", "usage": null, "service": "yard", "gauge": "1000", "operator": null, "electrified": null, "longueur_m": 338.8 }, "geometry": { "type": "LineString", "coordinates": [ [ 9.714672, 4.049712 ], [ 9.717136, 4.047907 ] ] } },
{ "type": "Feature", "properties": { "tg_type": "INF.VOIE_FERREE", "nom": "", "source_id": "way/209563595", "source": "OSM_OSMFR_2026-10-03", "statut": "IMPORTE", "date_source": "2026-10-03", "usage": null, "service": "yard", "gauge": "1000", "operator": null, "electrified": null, "longueur_m": 101.6 }, "geometry": { "type": "LineString", "coordinates": [ [ 9.721712, 4.043952 ], [ 9.722364, 4.043309 ] ] } },
{ "type": "Feature", "properties": { "tg_type": "INF.VOIE_FERREE", "nom": "", "source_id": "way/209563596", "source": "OSM_OSMFR_2026-10-03", "statut": "IMPORTE", "date_source": "2026-10-03", "usage": null, "service": "yard", "gauge": "1000", "operator": null, "electrified": null, "longueur_m": 79.7 }, "geometry": { "type": "LineString", "coordinates": [ [ 9.723539, 4.043046 ], [ 9.722862, 4.043268 ] ] } },
{ "type": "Feature", "properties": { "tg_type": "INF.VOIE_FERREE", "nom": "", "source_id": "way/209563598", "source": "OSM_OSMFR_2026-10-03", "statut": "IMPORTE", "date_source": "2026-10-03", "usage": null, "service": "yard", "gauge": "1000", "operator": null, "electrified": null, "longueur_m": 81.7 }, "geometry": { "type": "LineString", "coordinates": [ [ 9.720605, 4.043406 ], [ 9.720113, 4.043947 ] ] } },
{ "type": "Feature", "properties": { "tg_type": "INF.VOIE_FERREE", "nom": "", "source_id": "way/209563599", "source": "OSM_OSMFR_2026-10-03", "statut": "IMPORTE", "date_source": "2026-10-03", "usage": null, "service": "yard", "gauge": "1000", "operator": null, "electrified": null, "longueur_m": 88.4 }, "geometry": { "type": "LineString", "coordinates": [ [ 9.719855, 4.045033 ], [ 9.720494, 4.044557 ] ] } },
{ "type": "Feature", "properties": { "tg_type": "INF.VOIE_FERREE", "nom": "", "source_id": "way/209563600", "source": "OSM_OSMFR_2026-10-03", "statut": "IMPORTE", "date_source": "2026-10-03", "usage": null, "service": "yard", "gauge": "1000", "operator": null, "electrified": null, "longueur_m": 102.9 }, "geometry": { "type": "LineString", "coordinates": [ [ 9.723555, 4.043148 ], [ 9.723068, 4.043228 ], [ 9.722674, 4.043404 ] ] } },
{ "type": "Feature", "properties": { "tg_type": "INF.VOIE_FERREE", "nom": "", "source_id": "way/209563601", "source": "OSM_OSMFR_2026-10-03", "statut": "IMPORTE", "date_source": "2026-10-03", "usage": null, "service": "yard", "gauge": "1000", "operator": null, "electrified": null, "longueur_m": 184.6 }, "geometry": { "type": "LineString", "coordinates": [ [ 9.722556, 4.044204 ], [ 9.721438, 4.044428 ], [ 9.720971, 4.044648 ] ] } },
{ "type": "Feature", "properties": { "tg_type": "INF.VOIE_FERREE", "nom": "", "source_id": "way/209563602", "source": "OSM_OSMFR_2026-10-03", "statut": "IMPORTE", "date_source": "2026-10-03", "usage": null, "service": "yard", "gauge": "1000", "operator": null, "electrified": null, "longueur_m": 221.4 }, "geometry": { "type": "LineString", "coordinates": [ [ 9.724271, 4.043259 ], [ 9.722665, 4.043501 ], [ 9.722332, 4.043663 ] ] } },
{ "type": "Feature", "properties": { "tg_type": "INF.VOIE_FERREE", "nom": "", "source_id": "way/209563604", "source": "OSM_OSMFR_2026-10-03", "statut": "IMPORTE", "date_source": "2026-10-03", "usage": null, "service": "yard", "gauge": "1000", "operator": null, "electrified": null, "longueur_m": 209.9 }, "geometry": { "type": "LineString", "coordinates": [ [ 9.724342, 4.043207 ], [ 9.722812, 4.043392 ], [ 9.722494, 4.043537 ] ] } },
{ "type": "Feature", "properties": { "tg_type": "INF.VOIE_FERREE", "nom": "", "source_id": "way/209563606", "source": "OSM_OSMFR_2026-10-03", "statut": "IMPORTE", "date_source": "2026-10-03", "usage": null, "service": "yard", "gauge": "1000", "operator": null, "electrified": null, "longueur_m": 116.1 }, "geometry": { "type": "LineString", "coordinates": [ [ 9.722596, 4.043959 ], [ 9.721585, 4.044213 ] ] } },
{ "type": "Feature", "properties": { "tg_type": "INF.VOIE_FERREE", "nom": "", "source_id": "way/209563607", "source": "OSM_OSMFR_2026-10-03", "statut": "IMPORTE", "date_source": "2026-10-03", "usage": null, "service": null, "gauge": "1000", "operator": null, "electrified": null, "longueur_m": 47.2 }, "geometry": { "type": "LineString", "coordinates": [ [ 9.711876, 4.052819 ], [ 9.711649, 4.053171 ] ] } },
{ "type": "Feature", "properties": { "tg_type": "INF.VOIE_FERREE", "nom": "", "source_id": "way/209563609", "source": "OSM_OSMFR_2026-10-03", "statut": "IMPORTE", "date_source": "2026-10-03", "usage": null, "service": null, "gauge": "1000", "operator": null, "electrified": null, "longueur_m": 183.0 }, "geometry": { "type": "LineString", "coordinates": [ [ 9.711964, 4.052446 ], [ 9.710844, 4.053659 ] ] } },
{ "type": "Feature", "properties": { "tg_type": "INF.VOIE_FERREE", "nom": "", "source_id": "way/209563610", "source": "OSM_OSMFR_2026-10-03", "statut": "IMPORTE", "date_source": "2026-10-03", "usage": null, "service": "yard", "gauge": "1000", "operator": null, "electrified": null, "longueur_m": 370.4 }, "geometry": { "type": "LineString", "coordinates": [ [ 9.717356, 4.047735 ], [ 9.714672, 4.049712 ] ] } },
{ "type": "Feature", "properties": { "tg_type": "INF.VOIE_FERREE", "nom": "", "source_id": "way/209563612", "source": "OSM_OSMFR_2026-10-03", "statut": "IMPORTE", "date_source": "2026-10-03", "usage": null, "service": null, "gauge": "1000", "operator": null, "electrified": null, "longueur_m": 62.8 }, "geometry": { "type": "LineString", "coordinates": [ [ 9.711849, 4.052644 ], [ 9.711478, 4.053072 ] ] } },
{ "type": "Feature", "properties": { "tg_type": "INF.VOIE_FERREE", "nom": "", "source_id": "way/209563614", "source": "OSM_OSMFR_2026-10-03", "statut": "IMPORTE", "date_source": "2026-10-03", "usage": null, "service": "yard", "gauge": "1000", "operator": null, "electrified": null, "longueur_m": 353.5 }, "geometry": { "type": "LineString", "coordinates": [ [ 9.720117, 4.044778 ], [ 9.722716, 4.042938 ] ] } },
{ "type": "Feature", "properties": { "tg_type": "INF.VOIE_FERREE", "nom": "", "source_id": "way/209563617", "source": "OSM_OSMFR_2026-10-03", "statut": "IMPORTE", "date_source": "2026-10-03", "usage": null, "service": "yard", "gauge": "1000", "operator": null, "electrified": null, "longueur_m": 273.5 }, "geometry": { "type": "LineString", "coordinates": [ [ 9.719331, 4.045605 ], [ 9.720358, 4.044533 ], [ 9.721153, 4.043957 ] ] } },
{ "type": "Feature", "properties": { "tg_type": "INF.VOIE_FERREE", "nom": "", "source_id": "way/209563618", "source": "OSM_OSMFR_2026-10-03", "statut": "IMPORTE", "date_source": "2026-10-03", "usage": null, "service": null, "gauge": "1000", "operator": null, "electrified": null, "longueur_m": 270.6 }, "geometry": { "type": "LineString", "coordinates": [ [ 9.710862, 4.053528 ], [ 9.709156, 4.055271 ] ] } },
{ "type": "Feature", "properties": { "tg_type": "INF.VOIE_FERREE", "nom": "", "source_id": "way/209563619", "source": "OSM_OSMFR_2026-10-03", "statut": "IMPORTE", "date_source": "2026-10-03", "usage": "main", "service": null, "gauge": "1000", "operator": "CAMRAIL", "electrified": "no", "longueur_m": 3928.4 }, "geometry": { "type": "LineString", "coordinates": [ [ 9.712607, 4.051612 ], [ 9.715185, 4.048877 ], [ 9.718736, 4.046167 ], [ 9.719284, 4.045509 ], [ 9.72024, 4.043594 ], [ 9.720627, 4.043132 ], [ 9.721613, 4.042419 ], [ 9.722226, 4.042194 ], [ 9.734767, 4.039104 ], [ 9.73575, 4.038998 ], [ 9.736988, 4.039184 ], [ 9.738205, 4.039739 ], [ 9.740522, 4.041775 ], [ 9.741106, 4.042172 ], [ 9.741752, 4.042347 ], [ 9.742496, 4.04232 ] ] } },
{ "type": "Feature", "properties": { "tg_type": "INF.VOIE_FERREE", "nom": "", "source_id": "way/209567729", "source": "OSM_OSMFR_2026-10-03", "statut": "IMPORTE", "date_source": "2026-10-03", "usage": null, "service": "yard", "gauge": "1000", "operator": null, "electrified": null, "longueur_m": 784.5 }, "geometry": { "type": "LineString", "coordinates": [ [ 9.717364, 4.047246 ], [ 9.71552, 4.048679 ], [ 9.714382, 4.049784 ], [ 9.714111, 4.050074 ], [ 9.713543, 4.0512 ], [ 9.713226, 4.05162 ], [ 9.712723, 4.051946 ], [ 9.712369, 4.052054 ] ] } },
{ "type": "Feature", "properties": { "tg_type": "INF.VOIE_FERREE", "nom": "", "source_id": "way/209567730", "source": "OSM_OSMFR_2026-10-03", "statut": "IMPORTE", "date_source": "2026-10-03", "usage": null, "service": "yard", "gauge": "1000", "operator": null, "electrified": null, "longueur_m": 87.5 }, "geometry": { "type": "LineString", "coordinates": [ [ 9.712369, 4.052054 ], [ 9.711592, 4.052191 ] ] } },
{ "type": "Feature", "properties": { "tg_type": "INF.VOIE_FERREE", "nom": "", "source_id": "way/209567731", "source": "OSM_OSMFR_2026-10-03", "statut": "IMPORTE", "date_source": "2026-10-03", "usage": null, "service": "yard", "gauge": "1000", "operator": null, "electrified": null, "longueur_m": 339.1 }, "geometry": { "type": "LineString", "coordinates": [ [ 9.709526, 4.054301 ], [ 9.710638, 4.052673 ], [ 9.711073, 4.052358 ], [ 9.711592, 4.052191 ] ] } },
{ "type": "Feature", "properties": { "tg_type": "INF.VOIE_FERREE", "nom": "", "source_id": "way/209567732", "source": "OSM_OSMFR_2026-10-03", "statut": "IMPORTE", "date_source": "2026-10-03", "usage": null, "service": "yard", "gauge": "1000", "operator": null, "electrified": null, "longueur_m": 114.2 }, "geometry": { "type": "LineString", "coordinates": [ [ 9.714184, 4.049846 ], [ 9.714823, 4.049037 ] ] } },
{ "type": "Feature", "properties": { "tg_type": "INF.VOIE_FERREE", "nom": "", "source_id": "way/209567733", "source": "OSM_OSMFR_2026-10-03", "statut": "IMPORTE", "date_source": "2026-10-03", "usage": null, "service": "yard", "gauge": "1000", "operator": null, "electrified": null, "longueur_m": 236.9 }, "geometry": { "type": "LineString", "coordinates": [ [ 9.709357, 4.054586 ], [ 9.710316, 4.052673 ] ] } },
{ "type": "Feature", "properties": { "tg_type": "INF.VOIE_FERREE", "nom": "", "source_id": "way/209567734", "source": "OSM_OSMFR_2026-10-03", "statut": "IMPORTE", "date_source": "2026-10-03", "usage": null, "service": "yard", "gauge": "1000", "operator": null, "electrified": null, "longueur_m": 696.7 }, "geometry": { "type": "LineString", "coordinates": [ [ 9.718792, 4.046252 ], [ 9.716477, 4.047954 ], [ 9.715413, 4.048856 ], [ 9.714422, 4.049805 ], [ 9.714049, 4.050323 ] ] } },
{ "type": "Feature", "properties": { "tg_type": "INF.VOIE_FERREE", "nom": "", "source_id": "way/219077875", "source": "OSM_OSMFR_2026-10-03", "statut": "IMPORTE", "date_source": "2026-10-03", "usage": "main", "service": null, "gauge": "1000", "operator": "Camrail", "electrified": "no", "longueur_m": 8113.8 }, "geometry": { "type": "LineString", "coordinates": [ [ 11.668146, 4.333547 ], [ 11.667765, 4.33269 ], [ 11.667487, 4.331548 ], [ 11.667455, 4.330973 ], [ 11.667568, 4.329967 ], [ 11.66795, 4.32891 ], [ 11.6696, 4.325818 ], [ 11.669832, 4.32513 ], [ 11.66996, 4.323703 ], [ 11.669658, 4.3223 ], [ 11.668408, 4.319985 ], [ 11.668095, 4.319062 ], [ 11.66801, 4.318063 ], [ 11.668237, 4.313318 ], [ 11.668128, 4.312477 ], [ 11.667757, 4.311453 ], [ 11.666977, 4.310373 ], [ 11.666107, 4.309663 ], [ 11.664858, 4.308822 ], [ 11.664162, 4.308507 ], [ 11.663453, 4.30831 ], [ 11.662522, 4.308233 ], [ 11.661383, 4.3084 ], [ 11.660613, 4.308712 ], [ 11.658593, 4.30991 ], [ 11.657435, 4.310173 ], [ 11.656683, 4.310115 ], [ 11.65584, 4.30986 ], [ 11.655083, 4.309408 ], [ 11.654557, 4.308887 ], [ 11.654188, 4.308368 ], [ 11.653837, 4.307557 ], [ 11.653737, 4.307067 ], [ 11.653718, 4.306318 ], [ 11.653895, 4.30534 ], [ 11.65484, 4.30314 ], [ 11.655022, 4.30254 ], [ 11.655177, 4.301692 ], [ 11.655125, 4.300725 ], [ 11.654922, 4.29988 ], [ 11.654542, 4.299097 ], [ 11.654178, 4.298592 ], [ 11.652628, 4.297013 ], [ 11.652232, 4.296363 ], [ 11.65189, 4.295542 ], [ 11.651712, 4.29442 ], [ 11.651752, 4.28855 ], [ 11.65169, 4.287675 ], [ 11.651407, 4.28675 ], [ 11.650807, 4.285768 ], [ 11.649258, 4.284098 ], [ 11.648613, 4.283547 ], [ 11.648008, 4.283197 ], [ 11.64712, 4.28287 ], [ 11.64644, 4.282745 ], [ 11.641921, 4.282318 ] ] } },
{ "type": "Feature", "properties": { "tg_type": "INF.VOIE_FERREE", "nom": "", "source_id": "way/219093263", "source": "OSM_OSMFR_2026-10-03", "statut": "IMPORTE", "date_source": "2026-10-03", "usage": "main", "service": null, "gauge": "1000", "operator": "Camrail", "electrified": "no", "longueur_m": 17599.8 }, "geometry": { "type": "LineString", "coordinates": [ [ 11.641921, 4.282318 ], [ 11.637465, 4.28184 ], [ 11.636748, 4.281618 ], [ 11.636085, 4.281223 ], [ 11.635577, 4.280695 ], [ 11.635223, 4.28005 ], [ 11.635023, 4.279327 ], [ 11.635075, 4.27853 ], [ 11.63522, 4.277943 ], [ 11.64008, 4.26639 ], [ 11.640338, 4.265535 ], [ 11.640418, 4.26485 ], [ 11.640277, 4.263537 ], [ 11.63689, 4.248142 ], [ 11.636357, 4.247127 ], [ 11.635803, 4.246483 ], [ 11.634195, 4.245175 ], [ 11.628418, 4.240772 ], [ 11.62728, 4.239763 ], [ 11.626848, 4.23892 ], [ 11.626535, 4.237805 ], [ 11.62646, 4.234477 ], [ 11.626137, 4.233333 ], [ 11.625763, 4.232637 ], [ 11.621838, 4.227037 ], [ 11.621512, 4.226592 ], [ 11.620975, 4.22607 ], [ 11.620052, 4.225463 ], [ 11.619372, 4.225208 ], [ 11.61604, 4.224495 ], [ 11.615098, 4.22397 ], [ 11.614452, 4.223382 ], [ 11.61393, 4.222648 ], [ 11.61341, 4.221507 ], [ 11.612748, 4.217937 ], [ 11.612598, 4.217408 ], [ 11.612067, 4.216277 ], [ 11.61108, 4.21491 ], [ 11.605923, 4.209533 ], [ 11.605173, 4.208423 ], [ 11.604677, 4.20702 ], [ 11.604705, 4.2062 ], [ 11.605008, 4.204943 ], [ 11.606895, 4.199303 ], [ 11.607127, 4.197923 ], [ 11.60726, 4.19521 ], [ 11.60722, 4.193458 ], [ 11.606955, 4.192235 ], [ 11.60644, 4.190953 ], [ 11.6058, 4.189907 ], [ 11.604605, 4.188457 ], [ 11.603785, 4.187762 ], [ 11.602993, 4.187255 ], [ 11.602403, 4.186977 ], [ 11.596937, 4.18495 ], [ 11.595002, 4.184125 ], [ 11.59415, 4.18363 ], [ 11.58946, 4.180387 ], [ 11.588847, 4.180043 ], [ 11.587665, 4.17967 ], [ 11.585338, 4.179488 ], [ 11.5841, 4.179195 ], [ 11.570132, 4.17366 ], [ 11.569148, 4.17292 ], [ 11.566148, 4.170107 ] ] } },
{ "type": "Feature", "properties": { "tg_type": "INF.VOIE_FERREE", "nom": "", "source_id": "way/219112261", "source": "OSM_OSMFR_2026-10-03", "statut": "IMPORTE", "date_source": "2026-10-03", "usage": "main", "service": null, "gauge": "1000", "operator": "Camrail", "electrified": "no", "longueur_m": 18761.4 }, "geometry": { "type": "LineString", "coordinates": [ [ 12.104183, 4.523867 ], [ 12.099403, 4.519998 ], [ 12.09788, 4.518655 ], [ 12.085545, 4.508802 ], [ 12.08474, 4.508292 ], [ 12.083933, 4.507962 ], [ 12.083215, 4.507788 ], [ 12.082373, 4.507723 ], [ 12.081523, 4.507775 ], [ 12.080432, 4.50808 ], [ 12.077763, 4.509272 ], [ 12.074763, 4.51083 ], [ 12.072733, 4.512237 ], [ 12.063098, 4.519828 ], [ 12.061473, 4.520838 ], [ 12.059223, 4.521828 ], [ 12.057377, 4.522297 ], [ 12.05568, 4.522523 ], [ 12.039032, 4.52394 ], [ 12.038143, 4.523938 ], [ 12.03729, 4.52377 ], [ 12.036597, 4.523498 ], [ 12.035963, 4.52312 ], [ 12.031808, 4.51991 ], [ 12.031033, 4.51912 ], [ 12.030583, 4.518452 ], [ 12.030272, 4.51777 ], [ 12.029728, 4.51525 ], [ 12.029502, 4.514555 ], [ 12.02912, 4.51389 ], [ 12.02871, 4.513363 ], [ 12.028007, 4.512765 ], [ 12.01596, 4.504067 ], [ 12.015107, 4.503595 ], [ 12.014547, 4.503403 ], [ 12.01386, 4.503285 ], [ 12.010227, 4.502973 ], [ 12.002827, 4.504193 ], [ 12.00161, 4.504275 ], [ 11.990252, 4.502922 ], [ 11.98936, 4.502878 ], [ 11.988218, 4.503037 ], [ 11.982648, 4.504665 ], [ 11.981863, 4.50475 ], [ 11.980573, 4.504645 ], [ 11.979238, 4.504187 ], [ 11.965163, 4.496992 ], [ 11.964562, 4.496615 ], [ 11.963505, 4.495617 ], [ 11.959226, 4.490061 ] ] } },
{ "type": "Feature", "properties": { "tg_type": "INF.VOIE_FERREE", "nom": "", "source_id": "way/219112262", "source": "OSM_OSMFR_2026-10-03", "statut": "IMPORTE", "date_source": "2026-10-03", "usage": "main", "service": null, "gauge": "1000", "operator": "Camrail", "electrified": "no", "longueur_m": 28968.7 }, "geometry": { "type": "LineString", "coordinates": [ [ 12.437617, 4.740732 ], [ 12.437698, 4.737353 ], [ 12.437557, 4.73664 ], [ 12.437318, 4.735975 ], [ 12.43692, 4.735255 ], [ 12.436423, 4.734592 ], [ 12.432695, 4.730203 ], [ 12.428807, 4.724357 ], [ 12.427843, 4.72329 ], [ 12.4213, 4.718152 ], [ 12.419088, 4.716785 ], [ 12.414978, 4.714767 ], [ 12.414238, 4.71456 ], [ 12.413332, 4.714457 ], [ 12.412522, 4.714538 ], [ 12.411903, 4.714713 ], [ 12.406537, 4.717207 ], [ 12.405837, 4.717452 ], [ 12.405162, 4.717573 ], [ 12.403157, 4.717537 ], [ 12.397492, 4.717155 ], [ 12.396817, 4.717028 ], [ 12.396075, 4.71677 ], [ 12.394905, 4.716075 ], [ 12.39411, 4.715322 ], [ 12.393345, 4.714143 ], [ 12.391422, 4.708995 ], [ 12.390277, 4.705383 ], [ 12.38989, 4.704583 ], [ 12.388902, 4.701831 ], [ 12.388345, 4.700766 ], [ 12.387421, 4.699514 ], [ 12.386716, 4.698804 ], [ 12.383392, 4.696422 ], [ 12.382065, 4.6956 ], [ 12.368367, 4.692103 ], [ 12.367583, 4.691977 ], [ 12.366605, 4.692013 ], [ 12.365668, 4.692252 ], [ 12.364908, 4.692623 ], [ 12.362847, 4.69412 ], [ 12.36024, 4.696312 ], [ 12.359452, 4.69682 ], [ 12.358137, 4.69745 ], [ 12.356888, 4.697818 ], [ 12.345735, 4.70011 ], [ 12.344627, 4.7005 ], [ 12.343998, 4.700863 ], [ 12.343142, 4.701588 ], [ 12.340457, 4.70529 ], [ 12.339495, 4.706033 ], [ 12.338382, 4.706472 ], [ 12.337607, 4.706605 ], [ 12.336827, 4.70661 ], [ 12.324137, 4.705858 ], [ 12.321945, 4.705825 ], [ 12.320458, 4.706112 ], [ 12.319287, 4.706538 ], [ 12.318395, 4.706997 ], [ 12.316617, 4.708107 ], [ 12.315997, 4.708393 ], [ 12.315023, 4.708662 ], [ 12.314088, 4.708742 ], [ 12.312967, 4.708633 ], [ 12.30565, 4.707027 ], [ 12.304362, 4.706595 ], [ 12.303327, 4.706037 ], [ 12.302367, 4.705277 ], [ 12.30172, 4.704587 ], [ 12.29884, 4.700263 ], [ 12.297412, 4.697947 ], [ 12.295635, 4.695375 ], [ 12.294955, 4.694615 ], [ 12.294053, 4.693975 ], [ 12.293202, 4.693615 ], [ 12.290012, 4.6929 ], [ 12.289423, 4.69269 ], [ 12.28834, 4.692028 ], [ 12.287555, 4.691193 ], [ 12.287068, 4.690315 ], [ 12.286803, 4.689453 ], [ 12.28669, 4.688462 ], [ 12.286668, 4.684778 ], [ 12.286517, 4.683338 ], [ 12.286155, 4.681895 ], [ 12.285487, 4.680037 ], [ 12.281183, 4.672368 ], [ 12.279858, 4.67014 ], [ 12.279227, 4.66925 ], [ 12.27854, 4.668457 ], [ 12.27765, 4.66762 ], [ 12.276403, 4.66672 ], [ 12.275687, 4.666293 ], [ 12.274605, 4.665825 ], [ 12.272927, 4.66533 ], [ 12.271943, 4.665172 ], [ 12.2654, 4.664917 ], [ 12.252428, 4.66459 ], [ 12.25152, 4.664517 ], [ 12.250612, 4.664323 ], [ 12.249713, 4.664002 ], [ 12.248953, 4.663613 ], [ 12.238, 4.657048 ], [ 12.237525, 4.65682 ], [ 12.236578, 4.656547 ], [ 12.235698, 4.65646 ], [ 12.234906, 4.656518 ] ] } },
{ "type": "Feature", "properties": { "tg_type": "INF.VOIE_FERREE", "nom": "", "source_id": "way/219112264", "source": "OSM_OSMFR_2026-10-03", "statut": "IMPORTE", "date_source": "2026-10-03", "usage": "main", "service": null, "gauge": "1000", "operator": "Camrail", "electrified": "no", "longueur_m": 4185.3 }, "geometry": { "type": "LineString", "coordinates": [ [ 11.891148, 4.446562 ], [ 11.877473, 4.445192 ], [ 11.853961, 4.440528 ] ] } },
{ "type": "Feature", "properties": { "tg_type": "INF.VOIE_FERREE", "nom": "", "source_id": "way/219120204", "source": "OSM_OSMFR_2026-10-03", "statut": "IMPORTE", "date_source": "2026-10-03", "usage": "main", "service": null, "gauge": "1000", "operator": "Camrail", "electrified": "no", "longueur_m": 14869.9 }, "geometry": { "type": "LineString", "coordinates": [ [ 11.544894, 4.149238 ], [ 11.544527, 4.148057 ], [ 11.544332, 4.147072 ], [ 11.54439, 4.145875 ], [ 11.544528, 4.145257 ], [ 11.544738, 4.144633 ], [ 11.545122, 4.143863 ], [ 11.548028, 4.140208 ], [ 11.548562, 4.13926 ], [ 11.54876, 4.138667 ], [ 11.548883, 4.13793 ], [ 11.54888, 4.135572 ], [ 11.54869, 4.134185 ], [ 11.548292, 4.132943 ], [ 11.547763, 4.131873 ], [ 11.545902, 4.128773 ], [ 11.54516, 4.12688 ], [ 11.54489, 4.125308 ], [ 11.544543, 4.121033 ], [ 11.544637, 4.11968 ], [ 11.544957, 4.118753 ], [ 11.545462, 4.117913 ], [ 11.545988, 4.117335 ], [ 11.546783, 4.116752 ], [ 11.553252, 4.11337 ], [ 11.554403, 4.113 ], [ 11.556573, 4.112613 ], [ 11.557142, 4.112405 ], [ 11.557838, 4.112012 ], [ 11.558445, 4.111478 ], [ 11.559473, 4.11018 ], [ 11.559835, 4.109658 ], [ 11.560197, 4.108888 ], [ 11.560505, 4.107652 ], [ 11.561177, 4.103793 ], [ 11.561202, 4.102588 ], [ 11.561103, 4.10161 ], [ 11.560798, 4.100277 ], [ 11.560387, 4.099213 ], [ 11.55872, 4.09636 ], [ 11.558428, 4.095515 ], [ 11.558332, 4.09444 ], [ 11.56035, 4.080538 ], [ 11.56055, 4.079778 ], [ 11.561502, 4.077562 ], [ 11.561665, 4.076767 ], [ 11.561698, 4.07596 ], [ 11.561648, 4.075357 ], [ 11.561402, 4.074583 ], [ 11.561042, 4.07388 ], [ 11.55999, 4.072257 ], [ 11.55969, 4.071563 ], [ 11.559493, 4.070457 ], [ 11.559553, 4.069373 ], [ 11.559903, 4.068337 ], [ 11.56057, 4.067273 ], [ 11.56119, 4.066673 ], [ 11.563495, 4.065035 ], [ 11.564397, 4.064247 ], [ 11.56543, 4.06306 ], [ 11.566387, 4.061412 ], [ 11.56689, 4.060133 ], [ 11.567137, 4.059088 ], [ 11.56912, 4.04636 ], [ 11.569427, 4.04507 ], [ 11.569815, 4.044083 ], [ 11.570272, 4.043213 ], [ 11.575187, 4.035568 ], [ 11.575462, 4.034982 ], [ 11.575667, 4.034282 ], [ 11.575732, 4.03362 ], [ 11.575652, 4.032656 ] ] } },
{ "type": "Feature", "properties": { "tg_type": "INF.VOIE_FERREE", "nom": "", "source_id": "way/222981766", "source": "OSM_OSMFR_2026-10-03", "statut": "IMPORTE", "date_source": "2026-10-03", "usage": "main", "service": null, "gauge": "1000", "operator": "CAMRAIL", "electrified": "no", "longueur_m": 54.3 }, "geometry": { "type": "LineString", "coordinates": [ [ 11.471837, 3.793484 ], [ 11.472265, 3.793717 ] ] } },
{ "type": "Feature", "properties": { "tg_type": "INF.VOIE_FERREE", "nom": "", "source_id": "way/222981767", "source": "OSM_OSMFR_2026-10-03", "statut": "IMPORTE", "date_source": "2026-10-03", "usage": "main", "service": null, "gauge": "1000", "operator": "CAMRAIL", "electrified": "no", "longueur_m": 6854.0 }, "geometry": { "type": "LineString", "coordinates": [ [ 11.472265, 3.793717 ], [ 11.477988, 3.796114 ], [ 11.480295, 3.797474 ], [ 11.481554, 3.798438 ], [ 11.483542, 3.800161 ], [ 11.491962, 3.807637 ], [ 11.492646, 3.808563 ], [ 11.493437, 3.810134 ], [ 11.495953, 3.81922 ], [ 11.496365, 3.820254 ], [ 11.497004, 3.821296 ], [ 11.497848, 3.822275 ], [ 11.501193, 3.824919 ], [ 11.502188, 3.825806 ], [ 11.511166, 3.83496 ], [ 11.511649, 3.835584 ], [ 11.511957, 3.836307 ], [ 11.512051, 3.837823 ] ] } },
{ "type": "Feature", "properties": { "tg_type": "INF.VOIE_FERREE", "nom": "", "source_id": "way/223051938", "source": "OSM_OSMFR_2026-10-03", "statut": "IMPORTE", "date_source": "2026-10-03", "usage": "main", "service": null, "gauge": "1000", "operator": "CAMRAIL", "electrified": "no", "longueur_m": 1211.5 }, "geometry": { "type": "LineString", "coordinates": [ [ 11.516097, 3.847852 ], [ 11.512883, 3.841693 ], [ 11.512094, 3.839225 ], [ 11.512051, 3.837823 ] ] } },
{ "type": "Feature", "properties": { "tg_type": "INF.VOIE_FERREE", "nom": "", "source_id": "way/223051939", "source": "OSM_OSMFR_2026-10-03", "statut": "IMPORTE", "date_source": "2026-10-03", "usage": "main", "service": null, "gauge": "1000", "operator": "CAMRAIL", "electrified": "no", "longueur_m": 33.6 }, "geometry": { "type": "LineString", "coordinates": [ [ 11.516233, 3.848123 ], [ 11.516097, 3.847852 ] ] } },
{ "type": "Feature", "properties": { "tg_type": "INF.VOIE_FERREE", "nom": "", "source_id": "way/223342575", "source": "OSM_OSMFR_2026-10-03", "statut": "IMPORTE", "date_source": "2026-10-03", "usage": "main", "service": null, "gauge": "1000", "operator": "Camrail", "electrified": "no", "longueur_m": 14626.5 }, "geometry": { "type": "LineString", "coordinates": [ [ 13.563532, 7.348716 ], [ 13.563103, 7.347645 ], [ 13.562946, 7.346249 ], [ 13.56303, 7.345572 ], [ 13.56376, 7.342825 ], [ 13.563858, 7.341975 ], [ 13.563738, 7.340843 ], [ 13.563383, 7.339862 ], [ 13.562755, 7.338927 ], [ 13.557055, 7.333201 ], [ 13.556064, 7.331942 ], [ 13.555282, 7.330198 ], [ 13.553643, 7.323623 ], [ 13.552856, 7.322197 ], [ 13.5521, 7.32138 ], [ 13.551422, 7.320847 ], [ 13.55064, 7.320447 ], [ 13.549337, 7.320087 ], [ 13.537688, 7.319248 ], [ 13.536017, 7.318892 ], [ 13.530982, 7.317545 ], [ 13.530057, 7.317366 ], [ 13.524672, 7.317063 ], [ 13.519275, 7.316879 ], [ 13.518735, 7.316792 ], [ 13.517667, 7.3164 ], [ 13.51714, 7.316082 ], [ 13.516613, 7.315638 ], [ 13.516053, 7.314982 ], [ 13.513848, 7.311362 ], [ 13.513317, 7.31073 ], [ 13.512838, 7.31032 ], [ 13.511932, 7.3098 ], [ 13.50887, 7.30872 ], [ 13.507595, 7.30812 ], [ 13.499093, 7.302783 ], [ 13.498653, 7.302392 ], [ 13.498148, 7.301777 ], [ 13.497753, 7.301052 ], [ 13.495275, 7.295133 ], [ 13.494793, 7.294227 ], [ 13.49427, 7.293552 ], [ 13.490835, 7.289718 ], [ 13.489862, 7.288702 ], [ 13.489335, 7.288267 ], [ 13.488573, 7.287787 ], [ 13.48791, 7.287487 ], [ 13.487122, 7.28726 ], [ 13.486233, 7.287147 ], [ 13.485053, 7.28724 ], [ 13.480665, 7.28822 ], [ 13.479683, 7.28818 ], [ 13.478615, 7.287882 ], [ 13.477513, 7.287198 ], [ 13.476738, 7.286383 ], [ 13.47627, 7.285583 ], [ 13.474755, 7.282382 ], [ 13.474268, 7.281728 ], [ 13.47366, 7.281165 ], [ 13.472835, 7.280665 ], [ 13.472135, 7.280403 ], [ 13.469014, 7.279897 ] ] } },
{ "type": "Feature", "properties": { "tg_type": "INF.VOIE_FERREE", "nom": "Yaoundé-Ngaoundéré", "source_id": "way/223342577", "source": "OSM_OSMFR_2026-10-03", "statut": "IMPORTE", "date_source": "2026-10-03", "usage": "main", "service": null, "gauge": "1000", "operator": "Camrail", "electrified": "no", "longueur_m": 11011.9 }, "geometry": { "type": "LineString", "coordinates": [ [ 13.303827, 6.405325 ], [ 13.306738, 6.399345 ], [ 13.307148, 6.398623 ], [ 13.307667, 6.398007 ], [ 13.30827, 6.397488 ], [ 13.308945, 6.397083 ], [ 13.315235, 6.39424 ], [ 13.316403, 6.393257 ], [ 13.317093, 6.392282 ], [ 13.3176, 6.390987 ], [ 13.32346, 6.36968 ], [ 13.323567, 6.368812 ], [ 13.323557, 6.367917 ], [ 13.323245, 6.366295 ], [ 13.318852, 6.35549 ], [ 13.318597, 6.35466 ], [ 13.318415, 6.352995 ], [ 13.318487, 6.352003 ], [ 13.319783, 6.341987 ], [ 13.319748, 6.340931 ], [ 13.319367, 6.337729 ], [ 13.31937, 6.336386 ], [ 13.319509, 6.335722 ], [ 13.319909, 6.33484 ], [ 13.321862, 6.330974 ], [ 13.322044, 6.330329 ], [ 13.322119, 6.329636 ], [ 13.322113, 6.328809 ], [ 13.321968, 6.328151 ], [ 13.319477, 6.321209 ], [ 13.319378, 6.319897 ], [ 13.319469, 6.319271 ], [ 13.319697, 6.3185 ], [ 13.320014, 6.317893 ], [ 13.320325, 6.317413 ], [ 13.321695, 6.315976 ] ] } },
{ "type": "Feature", "properties": { "tg_type": "INF.VOIE_FERREE", "nom": "", "source_id": "way/223342578", "source": "OSM_OSMFR_2026-10-03", "statut": "IMPORTE", "date_source": "2026-10-03", "usage": "main", "service": null, "gauge": "1000", "operator": "Camrail", "electrified": "no", "longueur_m": 14665.8 }, "geometry": { "type": "LineString", "coordinates": [ [ 13.32449, 5.935348 ], [ 13.324217, 5.93417 ], [ 13.323692, 5.93304 ], [ 13.32291, 5.932045 ], [ 13.321397, 5.93046 ], [ 13.321043, 5.929952 ], [ 13.320698, 5.929232 ], [ 13.32037, 5.927983 ], [ 13.319775, 5.924305 ], [ 13.31959, 5.922712 ], [ 13.3197, 5.921233 ], [ 13.320192, 5.919842 ], [ 13.32175, 5.91633 ], [ 13.321925, 5.915207 ], [ 13.321868, 5.914303 ], [ 13.321717, 5.91373 ], [ 13.32114, 5.912552 ], [ 13.312452, 5.899675 ], [ 13.311978, 5.898727 ], [ 13.311772, 5.89806 ], [ 13.311638, 5.897198 ], [ 13.310888, 5.88737 ], [ 13.310907, 5.886503 ], [ 13.3111, 5.88549 ], [ 13.311398, 5.8847 ], [ 13.316298, 5.875353 ], [ 13.316845, 5.874662 ], [ 13.317638, 5.873973 ], [ 13.318375, 5.873512 ], [ 13.320923, 5.872328 ], [ 13.321798, 5.871707 ], [ 13.32242, 5.871067 ], [ 13.328347, 5.863478 ], [ 13.330021, 5.860796 ], [ 13.331688, 5.858837 ], [ 13.332275, 5.857777 ], [ 13.332702, 5.85663 ], [ 13.332885, 5.855782 ], [ 13.33294, 5.854547 ], [ 13.332855, 5.853675 ], [ 13.332652, 5.852807 ], [ 13.328803, 5.840618 ], [ 13.328352, 5.83948 ], [ 13.327448, 5.837957 ], [ 13.31962, 5.82735 ], [ 13.319155, 5.826533 ], [ 13.318803, 5.825625 ], [ 13.318643, 5.82465 ], [ 13.318645, 5.823902 ], [ 13.319513, 5.819302 ] ] } },
{ "type": "Feature", "properties": { "tg_type": "INF.VOIE_FERREE", "nom": "", "source_id": "way/223342579", "source": "OSM_OSMFR_2026-10-03", "statut": "IMPORTE", "date_source": "2026-10-03", "usage": "main", "service": null, "gauge": "1000", "operator": "Camrail", "electrified": "no", "longueur_m": 5578.8 }, "geometry": { "type": "LineString", "coordinates": [ [ 13.372416, 5.546209 ], [ 13.371718, 5.545312 ], [ 13.365977, 5.539573 ], [ 13.365568, 5.538957 ], [ 13.365283, 5.538292 ], [ 13.36506, 5.537323 ], [ 13.365012, 5.53669 ], [ 13.365194, 5.535433 ], [ 13.365412, 5.534812 ], [ 13.365818, 5.53413 ], [ 13.366285, 5.533577 ], [ 13.370319, 5.529536 ], [ 13.371041, 5.528385 ], [ 13.371331, 5.527385 ], [ 13.37144, 5.526495 ], [ 13.37128, 5.525452 ], [ 13.36994, 5.522135 ], [ 13.36976, 5.521445 ], [ 13.369676, 5.520463 ], [ 13.369852, 5.519083 ], [ 13.371918, 5.513108 ], [ 13.372036, 5.512573 ], [ 13.372088, 5.511519 ], [ 13.371989, 5.510823 ], [ 13.371348, 5.508932 ], [ 13.371173, 5.50784 ], [ 13.371264, 5.50691 ], [ 13.372306, 5.501789 ] ] } },
{ "type": "Feature", "properties": { "tg_type": "INF.VOIE_FERREE", "nom": "", "source_id": "way/223342580", "source": "OSM_OSMFR_2026-10-03", "statut": "IMPORTE", "date_source": "2026-10-03", "usage": "main", "service": null, "gauge": "1000", "operator": "Camrail", "electrified": "no", "longueur_m": 14702.4 }, "geometry": { "type": "LineString", "coordinates": [ [ 12.83863, 4.950067 ], [ 12.811988, 4.940492 ], [ 12.810787, 4.94027 ], [ 12.81012, 4.940233 ], [ 12.80904, 4.940375 ], [ 12.80787, 4.94089 ], [ 12.806732, 4.941728 ], [ 12.804627, 4.943463 ], [ 12.804105, 4.943808 ], [ 12.80356, 4.944047 ], [ 12.802582, 4.944228 ], [ 12.800223, 4.944443 ], [ 12.799265, 4.944668 ], [ 12.782925, 4.950368 ], [ 12.78198, 4.95062 ], [ 12.780997, 4.95068 ], [ 12.779462, 4.950502 ], [ 12.77517, 4.949222 ], [ 12.77394, 4.948643 ], [ 12.758017, 4.937257 ], [ 12.757099, 4.936693 ], [ 12.755514, 4.936054 ], [ 12.754035, 4.935643 ], [ 12.746418, 4.933628 ], [ 12.745752, 4.933532 ], [ 12.744207, 4.93312 ], [ 12.74287, 4.932683 ], [ 12.741842, 4.93216 ], [ 12.740945, 4.931353 ], [ 12.74017, 4.930148 ], [ 12.738657, 4.92459 ], [ 12.738177, 4.923663 ], [ 12.737782, 4.92315 ], [ 12.737032, 4.922482 ], [ 12.736508, 4.922162 ], [ 12.735302, 4.921743 ], [ 12.73467, 4.92167 ], [ 12.731443, 4.921877 ], [ 12.73002, 4.921415 ], [ 12.729323, 4.921002 ], [ 12.728232, 4.919988 ], [ 12.727795, 4.919325 ], [ 12.72642, 4.916034 ], [ 12.726195, 4.915696 ], [ 12.725683, 4.915129 ], [ 12.724977, 4.914586 ] ] } },
{ "type": "Feature", "properties": { "tg_type": "INF.VOIE_FERREE", "nom": "", "source_id": "way/223342581", "source": "OSM_OSMFR_2026-10-03", "statut": "IMPORTE", "date_source": "2026-10-03", "usage": "main", "service": null, "gauge": "1000", "operator": "Camrail", "electrified": "no", "longueur_m": 5049.9 }, "geometry": { "type": "LineString", "coordinates": [ [ 13.229393, 4.907472 ], [ 13.22411, 4.900792 ], [ 13.22378, 4.90046 ], [ 13.217697, 4.896365 ], [ 13.216761, 4.896023 ], [ 13.210145, 4.894342 ], [ 13.208949, 4.894381 ], [ 13.208358, 4.894497 ], [ 13.206545, 4.895068 ], [ 13.205502, 4.89522 ], [ 13.204265, 4.895068 ], [ 13.203677, 4.894853 ], [ 13.20276, 4.894318 ], [ 13.202267, 4.893903 ], [ 13.201699, 4.893103 ], [ 13.201255, 4.89208 ], [ 13.200805, 4.890334 ], [ 13.200403, 4.889267 ], [ 13.199645, 4.888207 ], [ 13.19914, 4.887755 ], [ 13.198042, 4.887162 ], [ 13.197146, 4.886903 ], [ 13.196703, 4.886855 ], [ 13.195812, 4.886875 ], [ 13.193297, 4.887195 ] ] } },
{ "type": "Feature", "properties": { "tg_type": "INF.VOIE_FERREE", "nom": "", "source_id": "way/223342582", "source": "OSM_OSMFR_2026-10-03", "statut": "IMPORTE", "date_source": "2026-10-03", "usage": "main", "service": null, "gauge": "1000", "operator": "Camrail", "electrified": "no", "longueur_m": 33587.4 }, "geometry": { "type": "LineString", "coordinates": [ [ 13.367304, 5.24322 ], [ 13.368532, 5.235365 ], [ 13.368823, 5.234423 ], [ 13.369377, 5.233427 ], [ 13.373615, 5.22767 ], [ 13.37412, 5.22672 ], [ 13.377957, 5.215315 ], [ 13.378548, 5.213968 ], [ 13.387923, 5.199428 ], [ 13.388777, 5.197893 ], [ 13.389163, 5.19675 ], [ 13.389275, 5.196072 ], [ 13.389285, 5.195213 ], [ 13.388777, 5.192003 ], [ 13.388232, 5.18939 ], [ 13.38814, 5.18835 ], [ 13.388245, 5.187572 ], [ 13.388828, 5.185763 ], [ 13.389183, 5.184222 ], [ 13.389245, 5.18316 ], [ 13.389075, 5.182365 ], [ 13.38736, 5.177507 ], [ 13.386442, 5.174645 ], [ 13.38625, 5.173707 ], [ 13.386275, 5.1728 ], [ 13.386528, 5.171802 ], [ 13.387142, 5.170593 ], [ 13.387885, 5.169718 ], [ 13.389373, 5.168298 ], [ 13.390087, 5.167083 ], [ 13.39331, 5.15672 ], [ 13.393428, 5.15603 ], [ 13.393435, 5.155334 ], [ 13.393377, 5.154671 ], [ 13.393003, 5.153429 ], [ 13.391595, 5.151147 ], [ 13.391344, 5.150618 ], [ 13.391086, 5.149659 ], [ 13.390985, 5.148595 ], [ 13.391025, 5.146843 ], [ 13.390921, 5.144033 ], [ 13.390978, 5.143487 ], [ 13.391273, 5.142409 ], [ 13.391988, 5.140699 ], [ 13.39224, 5.139625 ], [ 13.392257, 5.139037 ], [ 13.39208, 5.137871 ], [ 13.389648, 5.129373 ], [ 13.389533, 5.128528 ], [ 13.389573, 5.127465 ], [ 13.389707, 5.126753 ], [ 13.390005, 5.125903 ], [ 13.391912, 5.121922 ], [ 13.392497, 5.12104 ], [ 13.393397, 5.12028 ], [ 13.394268, 5.119805 ], [ 13.39486, 5.11961 ], [ 13.396895, 5.119227 ], [ 13.39806, 5.118753 ], [ 13.399092, 5.117876 ], [ 13.399433, 5.117446 ], [ 13.399899, 5.1166 ], [ 13.400138, 5.115804 ], [ 13.400206, 5.114485 ], [ 13.399445, 5.110279 ], [ 13.399421, 5.109647 ], [ 13.399517, 5.108558 ], [ 13.400853, 5.103074 ], [ 13.40227, 5.099964 ], [ 13.402498, 5.098756 ], [ 13.402481, 5.098063 ], [ 13.401225, 5.089568 ], [ 13.400891, 5.08839 ], [ 13.400533, 5.087682 ], [ 13.400122, 5.087085 ], [ 13.397924, 5.084678 ], [ 13.397063, 5.084014 ], [ 13.396456, 5.083697 ], [ 13.395679, 5.08345 ], [ 13.394798, 5.083343 ], [ 13.390395, 5.083873 ], [ 13.389666, 5.083876 ], [ 13.388478, 5.083595 ], [ 13.387967, 5.083379 ], [ 13.380175, 5.078475 ], [ 13.379067, 5.0774 ], [ 13.378612, 5.076812 ], [ 13.373023, 5.067377 ], [ 13.372567, 5.06666 ], [ 13.371988, 5.065987 ], [ 13.371329, 5.065442 ], [ 13.370737, 5.06508 ], [ 13.368146, 5.063871 ], [ 13.367514, 5.063511 ], [ 13.366982, 5.063061 ], [ 13.366429, 5.062402 ], [ 13.365121, 5.060248 ], [ 13.364352, 5.059518 ], [ 13.36382, 5.059153 ], [ 13.360202, 5.057523 ], [ 13.359512, 5.057 ], [ 13.358937, 5.056367 ], [ 13.35843, 5.055482 ], [ 13.358157, 5.054522 ], [ 13.358102, 5.05349 ], [ 13.35821, 5.05056 ], [ 13.358105, 5.049687 ], [ 13.3577, 5.04855 ], [ 13.356943, 5.047495 ], [ 13.356065, 5.04681 ], [ 13.355217, 5.046408 ], [ 13.345307, 5.04263 ], [ 13.344395, 5.042032 ], [ 13.343772, 5.041403 ], [ 13.343133, 5.040393 ], [ 13.341375, 5.036918 ], [ 13.340387, 5.0341 ], [ 13.339205, 5.03018 ], [ 13.338303, 5.026052 ], [ 13.337882, 5.02516 ], [ 13.337563, 5.024702 ], [ 13.337197, 5.024285 ], [ 13.336442, 5.023672 ], [ 13.335457, 5.023225 ], [ 13.33437, 5.023 ], [ 13.33354, 5.023128 ], [ 13.332275, 5.02294 ], [ 13.331345, 5.02262 ], [ 13.330572, 5.02221 ], [ 13.3242, 5.017387 ], [ 13.323325, 5.01633 ], [ 13.322905, 5.01556 ], [ 13.322717, 5.015043 ], [ 13.32246, 5.01361 ], [ 13.322485, 5.012887 ], [ 13.32266, 5.01181 ], [ 13.323328, 5.009899 ], [ 13.323466, 5.009196 ], [ 13.323272, 5.004652 ], [ 13.323151, 5.003919 ], [ 13.322699, 5.002809 ], [ 13.322318, 5.002277 ], [ 13.320322, 5.000356 ], [ 13.319552, 4.999739 ] ] } },
{ "type": "Feature", "properties": { "tg_type": "INF.VOIE_FERREE", "nom": "", "source_id": "way/223342583", "source": "OSM_OSMFR_2026-10-03", "statut": "IMPORTE", "date_source": "2026-10-03", "usage": "main", "service": null, "gauge": "1000", "operator": "Camrail", "electrified": "no", "longueur_m": 14024.4 }, "geometry": { "type": "LineString", "coordinates": [ [ 13.301438, 6.512993 ], [ 13.300749, 6.512144 ], [ 13.299187, 6.510518 ], [ 13.298475, 6.509522 ], [ 13.294227, 6.501072 ], [ 13.293948, 6.50023 ], [ 13.293693, 6.498853 ], [ 13.293053, 6.490732 ], [ 13.292758, 6.489382 ], [ 13.292235, 6.488302 ], [ 13.285807, 6.478025 ], [ 13.2855, 6.476808 ], [ 13.285448, 6.474347 ], [ 13.2853, 6.473303 ], [ 13.2814, 6.460368 ], [ 13.281023, 6.459435 ], [ 13.280543, 6.458553 ], [ 13.27617, 6.451915 ], [ 13.275905, 6.45114 ], [ 13.27576, 6.449862 ], [ 13.275957, 6.448613 ], [ 13.278913, 6.440795 ], [ 13.279048, 6.439452 ], [ 13.278673, 6.435528 ], [ 13.278914, 6.434305 ], [ 13.279405, 6.433243 ], [ 13.280178, 6.432345 ], [ 13.281363, 6.431595 ], [ 13.282082, 6.43136 ], [ 13.285802, 6.430538 ], [ 13.286778, 6.430138 ], [ 13.287672, 6.429585 ], [ 13.288228, 6.429155 ], [ 13.288962, 6.428385 ], [ 13.291987, 6.424293 ], [ 13.292797, 6.423448 ], [ 13.29372, 6.422775 ], [ 13.298192, 6.420418 ], [ 13.298893, 6.419837 ], [ 13.299568, 6.418998 ], [ 13.299845, 6.41841 ], [ 13.300115, 6.417468 ], [ 13.300988, 6.411925 ], [ 13.301325, 6.410535 ], [ 13.303827, 6.405325 ] ] } },
{ "type": "Feature", "properties": { "tg_type": "INF.VOIE_FERREE", "nom": "", "source_id": "way/224151515", "source": "OSM_OSMFR_2026-10-03", "statut": "IMPORTE", "date_source": "2026-10-03", "usage": "main", "service": null, "gauge": "1000", "operator": "Camrail", "electrified": "no", "longueur_m": 153.8 }, "geometry": { "type": "LineString", "coordinates": [ [ 13.314321, 6.623125 ], [ 13.314501, 6.621746 ] ] } },
{ "type": "Feature", "properties": { "tg_type": "INF.VOIE_FERREE", "nom": "", "source_id": "way/224151516", "source": "OSM_OSMFR_2026-10-03", "statut": "IMPORTE", "date_source": "2026-10-03", "usage": null, "service": "siding", "gauge": "1000", "operator": "CAMRAIL", "electrified": null, "longueur_m": 133.0 }, "geometry": { "type": "LineString", "coordinates": [ [ 13.578502, 7.34674 ], [ 13.579606, 7.34626 ] ] } },
{ "type": "Feature", "properties": { "tg_type": "INF.VOIE_FERREE", "nom": "", "source_id": "way/224151517", "source": "OSM_OSMFR_2026-10-03", "statut": "IMPORTE", "date_source": "2026-10-03", "usage": null, "service": "siding", "gauge": "1000", "operator": "CAMRAIL", "electrified": null, "longueur_m": 131.8 }, "geometry": { "type": "LineString", "coordinates": [ [ 13.577861, 7.347844 ], [ 13.578962, 7.347385 ] ] } },
{ "type": "Feature", "properties": { "tg_type": "INF.VOIE_FERREE", "nom": "", "source_id": "way/224151518", "source": "OSM_OSMFR_2026-10-03", "statut": "IMPORTE", "date_source": "2026-10-03", "usage": null, "service": "siding", "gauge": "1000", "operator": "CAMRAIL", "electrified": null, "longueur_m": 146.7 }, "geometry": { "type": "LineString", "coordinates": [ [ 13.57712, 7.348992 ], [ 13.578333, 7.34846 ] ] } },
{ "type": "Feature", "properties": { "tg_type": "INF.VOIE_FERREE", "nom": "", "source_id": "way/224151519", "source": "OSM_OSMFR_2026-10-03", "statut": "IMPORTE", "date_source": "2026-10-03", "usage": null, "service": "siding", "gauge": "1000", "operator": "CAMRAIL", "electrified": null, "longueur_m": 141.6 }, "geometry": { "type": "LineString", "coordinates": [ [ 13.579753, 7.344535 ], [ 13.58092, 7.344011 ] ] } },
{ "type": "Feature", "properties": { "tg_type": "INF.VOIE_FERREE", "nom": "", "source_id": "way/224151520", "source": "OSM_OSMFR_2026-10-03", "statut": "IMPORTE", "date_source": "2026-10-03", "usage": null, "service": "siding", "gauge": "1000", "operator": "CAMRAIL", "electrified": null, "longueur_m": 140.9 }, "geometry": { "type": "LineString", "coordinates": [ [ 13.579077, 7.345641 ], [ 13.580254, 7.345153 ] ] } },
{ "type": "Feature", "properties": { "tg_type": "INF.VOIE_FERREE", "nom": "", "source_id": "way/224151521", "source": "OSM_OSMFR_2026-10-03", "statut": "IMPORTE", "date_source": "2026-10-03", "usage": null, "service": "siding", "gauge": "1000", "operator": "CAMRAIL", "electrified": null, "longueur_m": 160.8 }, "geometry": { "type": "LineString", "coordinates": [ [ 13.579043, 7.34571 ], [ 13.58005, 7.345315 ], [ 13.580338, 7.345077 ] ] } },
{ "type": "Feature", "properties": { "tg_type": "INF.VOIE_FERREE", "nom": "", "source_id": "way/224151522", "source": "OSM_OSMFR_2026-10-03", "statut": "IMPORTE", "date_source": "2026-10-03", "usage": null, "service": "siding", "gauge": "1000", "operator": "CAMRAIL", "electrified": null, "longueur_m": 158.5 }, "geometry": { "type": "LineString", "coordinates": [ [ 13.579749, 7.34458 ], [ 13.580695, 7.344198 ], [ 13.581015, 7.343933 ] ] } },
{ "type": "Feature", "properties": { "tg_type": "INF.VOIE_FERREE", "nom": "", "source_id": "way/224151523", "source": "OSM_OSMFR_2026-10-03", "statut": "IMPORTE", "date_source": "2026-10-03", "usage": null, "service": "siding", "gauge": "1000", "operator": "CAMRAIL", "electrified": null, "longueur_m": 157.5 }, "geometry": { "type": "LineString", "coordinates": [ [ 13.575942, 7.350994 ], [ 13.576798, 7.350659 ], [ 13.577205, 7.350359 ] ] } },
{ "type": "Feature", "properties": { "tg_type": "INF.VOIE_FERREE", "nom": "", "source_id": "way/224151524", "source": "OSM_OSMFR_2026-10-03", "statut": "IMPORTE", "date_source": "2026-10-03", "usage": null, "service": "siding", "gauge": "1000", "operator": "CAMRAIL", "electrified": null, "longueur_m": 149.1 }, "geometry": { "type": "LineString", "coordinates": [ [ 13.578502, 7.346792 ], [ 13.579382, 7.346441 ], [ 13.579691, 7.346182 ] ] } },
{ "type": "Feature", "properties": { "tg_type": "INF.VOIE_FERREE", "nom": "", "source_id": "way/224151525", "source": "OSM_OSMFR_2026-10-03", "statut": "IMPORTE", "date_source": "2026-10-03", "usage": null, "service": "siding", "gauge": "1000", "operator": "CAMRAIL", "electrified": null, "longueur_m": 142.4 }, "geometry": { "type": "LineString", "coordinates": [ [ 13.577879, 7.347892 ], [ 13.578744, 7.347562 ], [ 13.57902, 7.347327 ] ] } },
{ "type": "Feature", "properties": { "tg_type": "INF.VOIE_FERREE", "nom": "", "source_id": "way/224151526", "source": "OSM_OSMFR_2026-10-03", "statut": "IMPORTE", "date_source": "2026-10-03", "usage": null, "service": "siding", "gauge": "1000", "operator": "CAMRAIL", "electrified": null, "longueur_m": 160.4 }, "geometry": { "type": "LineString", "coordinates": [ [ 13.576472, 7.350026 ], [ 13.577342, 7.349693 ], [ 13.577777, 7.349406 ] ] } },
{ "type": "Feature", "properties": { "tg_type": "INF.VOIE_FERREE", "nom": "", "source_id": "way/224151527", "source": "OSM_OSMFR_2026-10-03", "statut": "IMPORTE", "date_source": "2026-10-03", "usage": null, "service": "siding", "gauge": "1000", "operator": "CAMRAIL", "electrified": null, "longueur_m": 158.9 }, "geometry": { "type": "LineString", "coordinates": [ [ 13.577126, 7.34904 ], [ 13.578171, 7.348607 ], [ 13.578394, 7.348396 ] ] } },
{ "type": "Feature", "properties": { "tg_type": "INF.VOIE_FERREE", "nom": "", "source_id": "way/224151528", "source": "OSM_OSMFR_2026-10-03", "statut": "IMPORTE", "date_source": "2026-10-03", "usage": null, "service": "siding", "gauge": "1000", "operator": "CAMRAIL", "electrified": null, "longueur_m": 175.3 }, "geometry": { "type": "LineString", "coordinates": [ [ 13.575934, 7.351042 ], [ 13.576806, 7.350712 ], [ 13.577284, 7.350269 ] ] } },
{ "type": "Feature", "properties": { "tg_type": "INF.VOIE_FERREE", "nom": "", "source_id": "way/224151529", "source": "OSM_OSMFR_2026-10-03", "statut": "IMPORTE", "date_source": "2026-10-03", "usage": null, "service": "siding", "gauge": "1000", "operator": "CAMRAIL", "electrified": null, "longueur_m": 173.3 }, "geometry": { "type": "LineString", "coordinates": [ [ 13.57648, 7.350077 ], [ 13.577349, 7.349747 ], [ 13.57784, 7.349342 ] ] } },
{ "type": "Feature", "properties": { "tg_type": "INF.VOIE_FERREE", "nom": "", "source_id": "way/224151530", "source": "OSM_OSMFR_2026-10-03", "statut": "IMPORTE", "date_source": "2026-10-03", "usage": null, "service": "siding", "gauge": "1000", "operator": "CAMRAIL", "electrified": null, "longueur_m": 542.0 }, "geometry": { "type": "LineString", "coordinates": [ [ 13.574752, 7.354338 ], [ 13.576331, 7.35166 ], [ 13.576698, 7.351228 ], [ 13.57735, 7.350189 ] ] } },
{ "type": "Feature", "properties": { "tg_type": "INF.VOIE_FERREE", "nom": "", "source_id": "way/224151531", "source": "OSM_OSMFR_2026-10-03", "statut": "IMPORTE", "date_source": "2026-10-03", "usage": "main", "service": null, "gauge": "1000", "operator": "Camrail", "electrified": "no", "longueur_m": 13462.5 }, "geometry": { "type": "LineString", "coordinates": [ [ 13.314501, 6.621746 ], [ 13.315205, 6.616345 ], [ 13.31538, 6.615517 ], [ 13.315655, 6.614727 ], [ 13.316382, 6.613413 ], [ 13.32527, 6.600855 ], [ 13.325765, 6.599785 ], [ 13.325905, 6.599123 ], [ 13.325883, 6.59779 ], [ 13.325678, 6.597 ], [ 13.323692, 6.59196 ], [ 13.32312, 6.590887 ], [ 13.322397, 6.58995 ], [ 13.321662, 6.589245 ], [ 13.320838, 6.58866 ], [ 13.318792, 6.587495 ], [ 13.317685, 6.5866 ], [ 13.317142, 6.58597 ], [ 13.316612, 6.585163 ], [ 13.31626, 6.58442 ], [ 13.316017, 6.583655 ], [ 13.315827, 6.582332 ], [ 13.315752, 6.570223 ], [ 13.313762, 6.555498 ], [ 13.31382, 6.55429 ], [ 13.314337, 6.55211 ], [ 13.31448, 6.55092 ], [ 13.314123, 6.54842 ], [ 13.313898, 6.547452 ], [ 13.313473, 6.546563 ], [ 13.309915, 6.541323 ], [ 13.309407, 6.540247 ], [ 13.309195, 6.539435 ], [ 13.309115, 6.538618 ], [ 13.309383, 6.535488 ], [ 13.309373, 6.534652 ], [ 13.30913, 6.533435 ], [ 13.308602, 6.532267 ], [ 13.307942, 6.53137 ], [ 13.307002, 6.530578 ], [ 13.306145, 6.53012 ], [ 13.303938, 6.529248 ], [ 13.302908, 6.52854 ], [ 13.302083, 6.527482 ], [ 13.300983, 6.524955 ], [ 13.300725, 6.524192 ], [ 13.30046, 6.522613 ], [ 13.300452, 6.521815 ], [ 13.300565, 6.520897 ], [ 13.30074, 6.52016 ], [ 13.301918, 6.5171 ], [ 13.302125, 6.51638 ], [ 13.302195, 6.515747 ], [ 13.30206, 6.514373 ], [ 13.30176, 6.513543 ], [ 13.301438, 6.512993 ] ] } },
{ "type": "Feature", "properties": { "tg_type": "INF.VOIE_FERREE", "nom": "", "source_id": "way/224155389", "source": "OSM_OSMFR_2026-10-03", "statut": "IMPORTE", "date_source": "2026-10-03", "usage": null, "service": "siding", "gauge": "1000", "operator": "CAMRAIL", "electrified": null, "longueur_m": 119.9 }, "geometry": { "type": "LineString", "coordinates": [ [ 13.585207, 7.340147 ], [ 13.586218, 7.339755 ] ] } },
{ "type": "Feature", "properties": { "tg_type": "INF.VOIE_FERREE", "nom": "", "source_id": "way/224155390", "source": "OSM_OSMFR_2026-10-03", "statut": "IMPORTE", "date_source": "2026-10-03", "usage": null, "service": "siding", "gauge": "1000", "operator": "CAMRAIL", "electrified": null, "longueur_m": 750.4 }, "geometry": { "type": "MultiLineString", "coordinates": [ [ [ 13.594899, 7.337385 ], [ 13.594537, 7.337573 ], [ 13.59213, 7.338446 ], [ 13.592972, 7.338249 ], [ 13.5939, 7.337914 ], [ 13.594899, 7.337385 ] ], [ [ 13.594899, 7.337385 ], [ 13.595551, 7.336863 ] ] ] } },
{ "type": "Feature", "properties": { "tg_type": "INF.VOIE_FERREE", "nom": "", "source_id": "way/224155391", "source": "OSM_OSMFR_2026-10-03", "statut": "IMPORTE", "date_source": "2026-10-03", "usage": null, "service": "siding", "gauge": "1000", "operator": "CAMRAIL", "electrified": null, "longueur_m": 1029.1 }, "geometry": { "type": "LineString", "coordinates": [ [ 13.581203, 7.3436 ], [ 13.581953, 7.341957 ], [ 13.58303, 7.340959 ], [ 13.583613, 7.340595 ], [ 13.587433, 7.338792 ], [ 13.58783, 7.338637 ], [ 13.588519, 7.338533 ] ] } },
{ "type": "Feature", "properties": { "tg_type": "INF.VOIE_FERREE", "nom": "", "source_id": "way/224155392", "source": "OSM_OSMFR_2026-10-03", "statut": "IMPORTE", "date_source": "2026-10-03", "usage": null, "service": "siding", "gauge": "1000", "operator": "CAMRAIL", "electrified": null, "longueur_m": 263.7 }, "geometry": { "type": "LineString", "coordinates": [ [ 13.594483, 7.337481 ], [ 13.592237, 7.338293 ] ] } },
{ "type": "Feature", "properties": { "tg_type": "INF.VOIE_FERREE", "nom": "", "source_id": "way/224155393", "source": "OSM_OSMFR_2026-10-03", "statut": "IMPORTE", "date_source": "2026-10-03", "usage": null, "service": "siding", "gauge": "1000", "operator": "CAMRAIL", "electrified": null, "longueur_m": 46.6 }, "geometry": { "type": "LineString", "coordinates": [ [ 13.591379, 7.338581 ], [ 13.591797, 7.338628 ] ] } },
{ "type": "Feature", "properties": { "tg_type": "INF.VOIE_FERREE", "nom": "", "source_id": "way/224155394", "source": "OSM_OSMFR_2026-10-03", "statut": "IMPORTE", "date_source": "2026-10-03", "usage": null, "service": "siding", "gauge": "1000", "operator": "CAMRAIL", "electrified": null, "longueur_m": 97.6 }, "geometry": { "type": "LineString", "coordinates": [ [ 13.586557, 7.339566 ], [ 13.585741, 7.339906 ] ] } },
{ "type": "Feature", "properties": { "tg_type": "INF.VOIE_FERREE", "nom": "", "source_id": "way/224155395", "source": "OSM_OSMFR_2026-10-03", "statut": "IMPORTE", "date_source": "2026-10-03", "usage": null, "service": "siding", "gauge": "1000", "operator": "CAMRAIL", "electrified": null, "longueur_m": 203.2 }, "geometry": { "type": "LineString", "coordinates": [ [ 13.592568, 7.338351 ], [ 13.594297, 7.337722 ] ] } },
{ "type": "Feature", "properties": { "tg_type": "INF.VOIE_FERREE", "nom": "", "source_id": "way/224155396", "source": "OSM_OSMFR_2026-10-03", "statut": "IMPORTE", "date_source": "2026-10-03", "usage": null, "service": "siding", "gauge": "1000", "operator": "CAMRAIL", "electrified": null, "longueur_m": 115.7 }, "geometry": { "type": "LineString", "coordinates": [ [ 13.58386, 7.340498 ], [ 13.584494, 7.340123 ], [ 13.584795, 7.340043 ] ] } },
{ "type": "Feature", "properties": { "tg_type": "INF.VOIE_FERREE", "nom": "", "source_id": "way/224155397", "source": "OSM_OSMFR_2026-10-03", "statut": "IMPORTE", "date_source": "2026-10-03", "usage": null, "service": "siding", "gauge": "1000", "operator": "CAMRAIL", "electrified": null, "longueur_m": 87.6 }, "geometry": { "type": "LineString", "coordinates": [ [ 13.581889, 7.341944 ], [ 13.582402, 7.34134 ] ] } },
{ "type": "Feature", "properties": { "tg_type": "INF.VOIE_FERREE", "nom": "", "source_id": "way/224155398", "source": "OSM_OSMFR_2026-10-03", "statut": "IMPORTE", "date_source": "2026-10-03", "usage": null, "service": "siding", "gauge": "1000", "operator": "CAMRAIL", "electrified": null, "longueur_m": 292.9 }, "geometry": { "type": "LineString", "coordinates": [ [ 13.583981, 7.340334 ], [ 13.58569, 7.339547 ], [ 13.586421, 7.339302 ] ] } },
{ "type": "Feature", "properties": { "tg_type": "INF.VOIE_FERREE", "nom": "", "source_id": "way/224155399", "source": "OSM_OSMFR_2026-10-03", "statut": "IMPORTE", "date_source": "2026-10-03", "usage": null, "service": "siding", "gauge": "1000", "operator": "CAMRAIL", "electrified": null, "longueur_m": 268.7 }, "geometry": { "type": "LineString", "coordinates": [ [ 13.592571, 7.338565 ], [ 13.594283, 7.337953 ], [ 13.594815, 7.337646 ] ] } },
{ "type": "Feature", "properties": { "tg_type": "INF.VOIE_FERREE", "nom": "", "source_id": "way/224155400", "source": "OSM_OSMFR_2026-10-03", "statut": "IMPORTE", "date_source": "2026-10-03", "usage": null, "service": "siding", "gauge": "1000", "operator": "CAMRAIL", "electrified": null, "longueur_m": 298.2 }, "geometry": { "type": "LineString", "coordinates": [ [ 13.592498, 7.338651 ], [ 13.593977, 7.338346 ], [ 13.594329, 7.338195 ], [ 13.594932, 7.337661 ] ] } },
{ "type": "Feature", "properties": { "tg_type": "INF.VOIE_FERREE", "nom": "", "source_id": "way/224155401", "source": "OSM_OSMFR_2026-10-03", "statut": "IMPORTE", "date_source": "2026-10-03", "usage": null, "service": "siding", "gauge": "1000", "operator": "CAMRAIL", "electrified": null, "longueur_m": 329.2 }, "geometry": { "type": "LineString", "coordinates": [ [ 13.592222, 7.338369 ], [ 13.595007, 7.337317 ] ] } },
{ "type": "Feature", "properties": { "tg_type": "INF.VOIE_FERREE", "nom": "", "source_id": "way/224155402", "source": "OSM_OSMFR_2026-10-03", "statut": "IMPORTE", "date_source": "2026-10-03", "usage": null, "service": "siding", "gauge": "1000", "operator": "CAMRAIL", "electrified": null, "longueur_m": 437.5 }, "geometry": { "type": "LineString", "coordinates": [ [ 13.586833, 7.3394 ], [ 13.588454, 7.338827 ], [ 13.589275, 7.338676 ], [ 13.590678, 7.338579 ] ] } },
{ "type": "Feature", "properties": { "tg_type": "INF.VOIE_FERREE", "nom": "", "source_id": "way/224155403", "source": "OSM_OSMFR_2026-10-03", "statut": "IMPORTE", "date_source": "2026-10-03", "usage": null, "service": "siding", "gauge": "1000", "operator": "CAMRAIL", "electrified": null, "longueur_m": 307.9 }, "geometry": { "type": "LineString", "coordinates": [ [ 13.592949, 7.338482 ], [ 13.594515, 7.337882 ], [ 13.595346, 7.337152 ] ] } },
{ "type": "Feature", "properties": { "tg_type": "INF.VOIE_FERREE", "nom": "", "source_id": "way/224155404", "source": "OSM_OSMFR_2026-10-03", "statut": "IMPORTE", "date_source": "2026-10-03", "usage": null, "service": "siding", "gauge": "1000", "operator": "CAMRAIL", "electrified": null, "longueur_m": 304.9 }, "geometry": { "type": "LineString", "coordinates": [ [ 13.594699, 7.337885 ], [ 13.593972, 7.338256 ], [ 13.592074, 7.338666 ] ] } },
{ "type": "Feature", "properties": { "tg_type": "INF.VOIE_FERREE", "nom": "", "source_id": "way/224155405", "source": "OSM_OSMFR_2026-10-03", "statut": "IMPORTE", "date_source": "2026-10-03", "usage": null, "service": "siding", "gauge": "1000", "operator": "CAMRAIL", "electrified": null, "longueur_m": 365.8 }, "geometry": { "type": "LineString", "coordinates": [ [ 13.59148, 7.33855 ], [ 13.593063, 7.338327 ], [ 13.594671, 7.337737 ] ] } },
{ "type": "Feature", "properties": { "tg_type": "INF.VOIE_FERREE", "nom": "", "source_id": "way/224155406", "source": "OSM_OSMFR_2026-10-03", "statut": "IMPORTE", "date_source": "2026-10-03", "usage": null, "service": "siding", "gauge": "1000", "operator": "CAMRAIL", "electrified": null, "longueur_m": 620.5 }, "geometry": { "type": "LineString", "coordinates": [ [ 13.581484, 7.342961 ], [ 13.582246, 7.341902 ], [ 13.583191, 7.341067 ], [ 13.584084, 7.340559 ], [ 13.585923, 7.339725 ] ] } },
{ "type": "Feature", "properties": { "tg_type": "INF.VOIE_FERREE", "nom": "", "source_id": "way/224155407", "source": "OSM_OSMFR_2026-10-03", "statut": "IMPORTE", "date_source": "2026-10-03", "usage": null, "service": "siding", "gauge": "1000", "operator": "CAMRAIL", "electrified": null, "longueur_m": 471.7 }, "geometry": { "type": "LineString", "coordinates": [ [ 13.583521, 7.340606 ], [ 13.582649, 7.340832 ], [ 13.58187, 7.341375 ], [ 13.581298, 7.34202 ], [ 13.580503, 7.343348 ] ] } },
{ "type": "Feature", "properties": { "tg_type": "INF.VOIE_FERREE", "nom": "", "source_id": "way/224155408", "source": "OSM_OSMFR_2026-10-03", "statut": "IMPORTE", "date_source": "2026-10-03", "usage": null, "service": "siding", "gauge": "1000", "operator": "CAMRAIL", "electrified": null, "longueur_m": 627.2 }, "geometry": { "type": "LineString", "coordinates": [ [ 13.586224, 7.339536 ], [ 13.584058, 7.340526 ], [ 13.583158, 7.341035 ], [ 13.582209, 7.341873 ], [ 13.581612, 7.342665 ] ] } },
{ "type": "Feature", "properties": { "tg_type": "INF.VOIE_FERREE", "nom": "", "source_id": "way/224155409", "source": "OSM_OSMFR_2026-10-03", "statut": "IMPORTE", "date_source": "2026-10-03", "usage": null, "service": "siding", "gauge": "1000", "operator": "CAMRAIL", "electrified": null, "longueur_m": 618.5 }, "geometry": { "type": "LineString", "coordinates": [ [ 13.585615, 7.339914 ], [ 13.583606, 7.340865 ], [ 13.582863, 7.341371 ], [ 13.582277, 7.341938 ], [ 13.58179, 7.342555 ], [ 13.581336, 7.343304 ] ] } },
{ "type": "Feature", "properties": { "tg_type": "INF.VOIE_FERREE", "nom": "", "source_id": "way/224155410", "source": "OSM_OSMFR_2026-10-03", "statut": "IMPORTE", "date_source": "2026-10-03", "usage": null, "service": "siding", "gauge": "1000", "operator": "CAMRAIL", "electrified": null, "longueur_m": 646.9 }, "geometry": { "type": "LineString", "coordinates": [ [ 13.581694, 7.342474 ], [ 13.582178, 7.341844 ], [ 13.583141, 7.340997 ], [ 13.584038, 7.340485 ], [ 13.58653, 7.339343 ] ] } },
{ "type": "Feature", "properties": { "tg_type": "INF.VOIE_FERREE", "nom": "", "source_id": "way/224155411", "source": "OSM_OSMFR_2026-10-03", "statut": "IMPORTE", "date_source": "2026-10-03", "usage": null, "service": "siding", "gauge": "1000", "operator": "CAMRAIL", "electrified": null, "longueur_m": 658.9 }, "geometry": { "type": "LineString", "coordinates": [ [ 13.586811, 7.339166 ], [ 13.583494, 7.340717 ], [ 13.582495, 7.341461 ], [ 13.581793, 7.342247 ] ] } },
{ "type": "Feature", "properties": { "tg_type": "INF.VOIE_FERREE", "nom": "", "source_id": "way/224155412", "source": "OSM_OSMFR_2026-10-03", "statut": "IMPORTE", "date_source": "2026-10-03", "usage": null, "service": "siding", "gauge": "1000", "operator": "CAMRAIL", "electrified": null, "longueur_m": 486.4 }, "geometry": { "type": "LineString", "coordinates": [ [ 13.58324, 7.341136 ], [ 13.585207, 7.340147 ], [ 13.587081, 7.338996 ] ] } },
{ "type": "Feature", "properties": { "tg_type": "INF.VOIE_FERREE", "nom": "", "source_id": "way/224155413", "source": "OSM_OSMFR_2026-10-03", "statut": "IMPORTE", "date_source": "2026-10-03", "usage": null, "service": "siding", "gauge": "1000", "operator": "CAMRAIL", "electrified": null, "longueur_m": 308.8 }, "geometry": { "type": "LineString", "coordinates": [ [ 13.584115, 7.340352 ], [ 13.583394, 7.340619 ], [ 13.582995, 7.340857 ], [ 13.581861, 7.341911 ] ] } },
{ "type": "Feature", "properties": { "tg_type": "INF.VOIE_FERREE", "nom": "", "source_id": "way/224155414", "source": "OSM_OSMFR_2026-10-03", "statut": "IMPORTE", "date_source": "2026-10-03", "usage": null, "service": "siding", "gauge": "1000", "operator": "CAMRAIL", "electrified": null, "longueur_m": 644.3 }, "geometry": { "type": "LineString", "coordinates": [ [ 13.586409, 7.339681 ], [ 13.587907, 7.339053 ], [ 13.589288, 7.338735 ], [ 13.592074, 7.338666 ] ] } },
{ "type": "Feature", "properties": { "tg_type": "INF.VOIE_FERREE", "nom": "", "source_id": "way/224157533", "source": "OSM_OSMFR_2026-10-03", "statut": "IMPORTE", "date_source": "2026-10-03", "usage": "industrial", "service": "siding", "gauge": "1000", "operator": "CAMRAIL", "electrified": null, "longueur_m": 1155.4 }, "geometry": { "type": "LineString", "coordinates": [ [ 13.566514, 7.353297 ], [ 13.566838, 7.353881 ], [ 13.56699, 7.354774 ], [ 13.566538, 7.357462 ], [ 13.566498, 7.358452 ], [ 13.566795, 7.35953 ], [ 13.567534, 7.363491 ] ] } },
{ "type": "Feature", "properties": { "tg_type": "INF.VOIE_FERREE", "nom": "", "source_id": "way/224157534", "source": "OSM_OSMFR_2026-10-03", "statut": "IMPORTE", "date_source": "2026-10-03", "usage": "main", "service": null, "gauge": "1000", "operator": "Camrail", "electrified": "no", "longueur_m": 37.3 }, "geometry": { "type": "LineString", "coordinates": [ [ 13.432317, 7.245245 ], [ 13.432161, 7.244946 ] ] } },
{ "type": "Feature", "properties": { "tg_type": "INF.VOIE_FERREE", "nom": "", "source_id": "way/224157535", "source": "OSM_OSMFR_2026-10-03", "statut": "IMPORTE", "date_source": "2026-10-03", "usage": "main", "service": null, "gauge": "1000", "operator": "Camrail", "electrified": "no", "longueur_m": 31.3 }, "geometry": { "type": "LineString", "coordinates": [ [ 13.362752, 7.215 ], [ 13.362483, 7.214912 ] ] } },
{ "type": "Feature", "properties": { "tg_type": "INF.VOIE_FERREE", "nom": "", "source_id": "way/224157536", "source": "OSM_OSMFR_2026-10-03", "statut": "IMPORTE", "date_source": "2026-10-03", "usage": null, "service": "siding", "gauge": "1000", "operator": "CAMRAIL", "electrified": null, "longueur_m": 71.9 }, "geometry": { "type": "LineString", "coordinates": [ [ 13.356179, 7.214358 ], [ 13.356828, 7.214315 ] ] } },
{ "type": "Feature", "properties": { "tg_type": "INF.VOIE_FERREE", "nom": "", "source_id": "way/224157537", "source": "OSM_OSMFR_2026-10-03", "statut": "IMPORTE", "date_source": "2026-10-03", "usage": "main", "service": null, "gauge": "1000", "operator": "Camrail", "electrified": "no", "longueur_m": 25.7 }, "geometry": { "type": "LineString", "coordinates": [ [ 13.352485, 7.214147 ], [ 13.352255, 7.214109 ] ] } },
{ "type": "Feature", "properties": { "tg_type": "INF.VOIE_FERREE", "nom": "", "source_id": "way/224157538", "source": "OSM_OSMFR_2026-10-03", "statut": "IMPORTE", "date_source": "2026-10-03", "usage": null, "service": "siding", "gauge": "1000", "operator": "CAMRAIL", "electrified": null, "longueur_m": 73.3 }, "geometry": { "type": "LineString", "coordinates": [ [ 13.567575, 7.363464 ], [ 13.567436, 7.362815 ] ] } },
{ "type": "Feature", "properties": { "tg_type": "INF.VOIE_FERREE", "nom": "", "source_id": "way/224157539", "source": "OSM_OSMFR_2026-10-03", "statut": "IMPORTE", "date_source": "2026-10-03", "usage": "main", "service": null, "gauge": "1000", "operator": "Camrail", "electrified": "no", "longueur_m": 22532.0 }, "geometry": { "type": "LineString", "coordinates": [ [ 13.318218, 7.096733 ], [ 13.317427, 7.092238 ], [ 13.315295, 7.07244 ], [ 13.315357, 7.071792 ], [ 13.315562, 7.070988 ], [ 13.319888, 7.059545 ], [ 13.320033, 7.0587 ], [ 13.320033, 7.05785 ], [ 13.31968, 7.056558 ], [ 13.319075, 7.055543 ], [ 13.318627, 7.055045 ], [ 13.318105, 7.054622 ], [ 13.312407, 7.051682 ], [ 13.311117, 7.050813 ], [ 13.307393, 7.047082 ], [ 13.306955, 7.046577 ], [ 13.306413, 7.045728 ], [ 13.306212, 7.045278 ], [ 13.305943, 7.0443 ], [ 13.30586, 7.043623 ], [ 13.305873, 7.04277 ], [ 13.30607, 7.041767 ], [ 13.307332, 7.037863 ], [ 13.307432, 7.037032 ], [ 13.307373, 7.036027 ], [ 13.307142, 7.035047 ], [ 13.304583, 7.026717 ], [ 13.303985, 7.025488 ], [ 13.303178, 7.024403 ], [ 13.302203, 7.023498 ], [ 13.301103, 7.022807 ], [ 13.300182, 7.02241 ], [ 13.29637, 7.02114 ], [ 13.29562, 7.020803 ], [ 13.29495, 7.020342 ], [ 13.293292, 7.018922 ], [ 13.292518, 7.018473 ], [ 13.291365, 7.018133 ], [ 13.288313, 7.017758 ], [ 13.287478, 7.01747 ], [ 13.286693, 7.017043 ], [ 13.28599, 7.016483 ], [ 13.277093, 7.0084 ], [ 13.276273, 7.007367 ], [ 13.275902, 7.006422 ], [ 13.275007, 7.001657 ], [ 13.27492, 7.000598 ], [ 13.275067, 6.999372 ], [ 13.276128, 6.994405 ], [ 13.27625, 6.993367 ], [ 13.276178, 6.991822 ], [ 13.275323, 6.987548 ], [ 13.275242, 6.986768 ], [ 13.275292, 6.985807 ], [ 13.275847, 6.982115 ], [ 13.275858, 6.981223 ], [ 13.275638, 6.979995 ], [ 13.274062, 6.9754 ], [ 13.273957, 6.974767 ], [ 13.273952, 6.97402 ], [ 13.274102, 6.973163 ], [ 13.274622, 6.971952 ], [ 13.275082, 6.971345 ], [ 13.276815, 6.969638 ], [ 13.277372, 6.96873 ], [ 13.277673, 6.96789 ], [ 13.277803, 6.966843 ], [ 13.277735, 6.962862 ], [ 13.277888, 6.961918 ], [ 13.279113, 6.956575 ], [ 13.279187, 6.955423 ], [ 13.279102, 6.954435 ], [ 13.277883, 6.946725 ], [ 13.277615, 6.945647 ], [ 13.27732, 6.944922 ], [ 13.276853, 6.94411 ], [ 13.273835, 6.939697 ], [ 13.27255, 6.93745 ], [ 13.272123, 6.936482 ], [ 13.266862, 6.922103 ] ] } },
{ "type": "Feature", "properties": { "tg_type": "INF.VOIE_FERREE", "nom": "", "source_id": "way/224157540", "source": "OSM_OSMFR_2026-10-03", "statut": "IMPORTE", "date_source": "2026-10-03", "usage": "industrial", "service": "siding", "gauge": "1000", "operator": "CAMRAIL", "electrified": null, "longueur_m": 294.1 }, "geometry": { "type": "LineString", "coordinates": [ [ 13.56715, 7.354114 ], [ 13.566514, 7.353297 ], [ 13.565629, 7.351934 ] ] } },
{ "type": "Feature", "properties": { "tg_type": "INF.VOIE_FERREE", "nom": "", "source_id": "way/224157541", "source": "OSM_OSMFR_2026-10-03", "statut": "IMPORTE", "date_source": "2026-10-03", "usage": "industrial", "service": "siding", "gauge": "1000", "operator": "CAMRAIL", "electrified": null, "longueur_m": 203.4 }, "geometry": { "type": "LineString", "coordinates": [ [ 13.567036, 7.360853 ], [ 13.567463, 7.362638 ] ] } },
{ "type": "Feature", "properties": { "tg_type": "INF.VOIE_FERREE", "nom": "", "source_id": "way/224157542", "source": "OSM_OSMFR_2026-10-03", "statut": "IMPORTE", "date_source": "2026-10-03", "usage": "main", "service": null, "gauge": "1000", "operator": "Camrail", "electrified": "no", "longueur_m": 9294.4 }, "geometry": { "type": "LineString", "coordinates": [ [ 13.432161, 7.244946 ], [ 13.430758, 7.242267 ], [ 13.429618, 7.240927 ], [ 13.422118, 7.234495 ], [ 13.42155, 7.2338 ], [ 13.420343, 7.231855 ], [ 13.419555, 7.230902 ], [ 13.419027, 7.230485 ], [ 13.418347, 7.230112 ], [ 13.417502, 7.22983 ], [ 13.413057, 7.22917 ], [ 13.411113, 7.22896 ], [ 13.410293, 7.228742 ], [ 13.409492, 7.228343 ], [ 13.407628, 7.227073 ], [ 13.406933, 7.226365 ], [ 13.404168, 7.221688 ], [ 13.40332, 7.220552 ], [ 13.402733, 7.220002 ], [ 13.401928, 7.219437 ], [ 13.401035, 7.21901 ], [ 13.400245, 7.21876 ], [ 13.399447, 7.218627 ], [ 13.39862, 7.218583 ], [ 13.39712, 7.21878 ], [ 13.390013, 7.221245 ], [ 13.388987, 7.22148 ], [ 13.374315, 7.222292 ], [ 13.373227, 7.222275 ], [ 13.372025, 7.221962 ], [ 13.371345, 7.221602 ], [ 13.370745, 7.221142 ], [ 13.370045, 7.220343 ], [ 13.368492, 7.217942 ], [ 13.368103, 7.217452 ], [ 13.367263, 7.2167 ], [ 13.366278, 7.21615 ], [ 13.362752, 7.215 ] ] } },
{ "type": "Feature", "properties": { "tg_type": "INF.VOIE_FERREE", "nom": "", "source_id": "way/224157543", "source": "OSM_OSMFR_2026-10-03", "statut": "IMPORTE", "date_source": "2026-10-03", "usage": null, "service": "siding", "gauge": "1000", "operator": "CAMRAIL", "electrified": null, "longueur_m": 1304.1 }, "geometry": { "type": "LineString", "coordinates": [ [ 13.359573, 7.214397 ], [ 13.353572, 7.214213 ], [ 13.354617, 7.214324 ], [ 13.358847, 7.214445 ], [ 13.359359, 7.214395 ] ] } },
{ "type": "Feature", "properties": { "tg_type": "INF.VOIE_FERREE", "nom": "", "source_id": "way/224157544", "source": "OSM_OSMFR_2026-10-03", "statut": "IMPORTE", "date_source": "2026-10-03", "usage": "main", "service": null, "gauge": "1000", "operator": "Camrail", "electrified": "no", "longueur_m": 1112.2 }, "geometry": { "type": "LineString", "coordinates": [ [ 13.362483, 7.214912 ], [ 13.361545, 7.214607 ], [ 13.3601, 7.21439 ], [ 13.352485, 7.214147 ] ] } },
{ "type": "Feature", "properties": { "tg_type": "INF.VOIE_FERREE", "nom": "Yaoundé-Ngaoundéré", "source_id": "way/228421253", "source": "OSM_OSMFR_2026-10-03", "statut": "IMPORTE", "date_source": "2026-10-03", "usage": "main", "service": null, "gauge": "1000", "operator": "Camrail", "electrified": "no", "longueur_m": 12840.1 }, "geometry": { "type": "LineString", "coordinates": [ [ 13.369046, 6.034039 ], [ 13.366407, 6.029588 ], [ 13.365885, 6.028407 ], [ 13.365593, 6.027337 ], [ 13.364948, 6.021492 ], [ 13.364913, 6.02056 ], [ 13.36516, 6.01924 ], [ 13.3661, 6.016968 ], [ 13.366337, 6.016093 ], [ 13.366372, 6.015342 ], [ 13.366297, 6.014572 ], [ 13.365917, 6.013413 ], [ 13.36546, 6.012675 ], [ 13.358328, 6.00292 ], [ 13.351592, 5.995468 ], [ 13.350648, 5.994667 ], [ 13.337022, 5.984737 ], [ 13.33651, 5.984305 ], [ 13.335968, 5.983672 ], [ 13.33562, 5.983103 ], [ 13.335255, 5.982158 ], [ 13.334622, 5.978563 ], [ 13.334112, 5.977067 ], [ 13.324546, 5.958623 ], [ 13.324028, 5.95751 ], [ 13.323817, 5.956858 ], [ 13.323177, 5.953732 ], [ 13.322, 5.9475 ], [ 13.321922, 5.94659 ], [ 13.321968, 5.945883 ], [ 13.32214, 5.945018 ], [ 13.324352, 5.937158 ], [ 13.32449, 5.936252 ], [ 13.32449, 5.935348 ] ] } },
{ "type": "Feature", "properties": { "tg_type": "INF.VOIE_FERREE", "nom": "Yaoundé-Ngaoundéré", "source_id": "way/228421254", "source": "OSM_OSMFR_2026-10-03", "statut": "IMPORTE", "date_source": "2026-10-03", "usage": "main", "service": null, "gauge": "1000", "operator": "Camrail", "electrified": "no", "longueur_m": 29.3 }, "geometry": { "type": "LineString", "coordinates": [ [ 13.351862, 6.218335 ], [ 13.351888, 6.218071 ] ] } },
{ "type": "Feature", "properties": { "tg_type": "INF.VOIE_FERREE", "nom": "Yaoundé-Ngaoundéré", "source_id": "way/228421256", "source": "OSM_OSMFR_2026-10-03", "statut": "IMPORTE", "date_source": "2026-10-03", "usage": "main", "service": null, "gauge": "1000", "operator": "Camrail", "electrified": "no", "longueur_m": 13734.7 }, "geometry": { "type": "LineString", "coordinates": [ [ 13.359077, 6.137869 ], [ 13.36803, 6.12934 ], [ 13.368797, 6.128373 ], [ 13.369442, 6.126915 ], [ 13.37453, 6.107618 ], [ 13.374885, 6.106677 ], [ 13.375333, 6.105957 ], [ 13.376008, 6.105187 ], [ 13.376958, 6.10448 ], [ 13.388243, 6.09856 ], [ 13.388832, 6.098157 ], [ 13.389498, 6.097573 ], [ 13.390372, 6.096453 ], [ 13.390912, 6.095352 ], [ 13.391237, 6.094165 ], [ 13.39197, 6.08552 ], [ 13.391892, 6.084257 ], [ 13.39149, 6.08284 ], [ 13.387338, 6.074522 ], [ 13.386857, 6.073828 ], [ 13.386272, 6.073217 ], [ 13.381163, 6.069423 ], [ 13.380545, 6.068853 ], [ 13.37962, 6.067687 ], [ 13.37383, 6.055835 ], [ 13.373465, 6.054555 ], [ 13.373342, 6.0532 ], [ 13.373822, 6.047205 ], [ 13.3738, 6.045795 ], [ 13.373612, 6.044763 ], [ 13.37242, 6.040043 ], [ 13.372105, 6.039197 ], [ 13.371795, 6.038562 ], [ 13.36931, 6.034474 ] ] } },
{ "type": "Feature", "properties": { "tg_type": "INF.VOIE_FERREE", "nom": "Yaoundé-Ngaoundéré", "source_id": "way/228421260", "source": "OSM_OSMFR_2026-10-03", "statut": "IMPORTE", "date_source": "2026-10-03", "usage": "main", "service": null, "gauge": "1000", "operator": "Camrail", "electrified": "no", "longueur_m": 56.3 }, "geometry": { "type": "LineString", "coordinates": [ [ 13.36931, 6.034474 ], [ 13.369046, 6.034039 ] ] } },
{ "type": "Feature", "properties": { "tg_type": "INF.VOIE_FERREE", "nom": "Yaoundé-Ngaoundéré", "source_id": "way/228421272", "source": "OSM_OSMFR_2026-10-03", "statut": "IMPORTE", "date_source": "2026-10-03", "usage": "main", "service": null, "gauge": "1000", "operator": "Camrail", "electrified": "no", "longueur_m": 43.4 }, "geometry": { "type": "LineString", "coordinates": [ [ 13.358802, 6.138149 ], [ 13.359077, 6.137869 ] ] } },
{ "type": "Feature", "properties": { "tg_type": "INF.VOIE_FERREE", "nom": "Yaoundé-Ngaoundéré", "source_id": "way/228421273", "source": "OSM_OSMFR_2026-10-03", "statut": "IMPORTE", "date_source": "2026-10-03", "usage": "main", "service": null, "gauge": "1000", "operator": "Camrail", "electrified": "no", "longueur_m": 9100.4 }, "geometry": { "type": "LineString", "coordinates": [ [ 13.351888, 6.218071 ], [ 13.352063, 6.217078 ], [ 13.353767, 6.210818 ], [ 13.353818, 6.209579 ], [ 13.353609, 6.208375 ], [ 13.352322, 6.20574 ], [ 13.35212, 6.20517 ], [ 13.351993, 6.203923 ], [ 13.35212, 6.202968 ], [ 13.352652, 6.200635 ], [ 13.352833, 6.195642 ], [ 13.352828, 6.194913 ], [ 13.35268, 6.193832 ], [ 13.351767, 6.190917 ], [ 13.351552, 6.189892 ], [ 13.35112, 6.182767 ], [ 13.35122, 6.181598 ], [ 13.352435, 6.172632 ], [ 13.352498, 6.171718 ], [ 13.352392, 6.17011 ], [ 13.351738, 6.166842 ], [ 13.351743, 6.165603 ], [ 13.352035, 6.16458 ], [ 13.35337, 6.161938 ], [ 13.353632, 6.161218 ], [ 13.353772, 6.160268 ], [ 13.353865, 6.157143 ], [ 13.35405, 6.155527 ], [ 13.356692, 6.141513 ], [ 13.357288, 6.140047 ], [ 13.357775, 6.139292 ], [ 13.358802, 6.138149 ] ] } },
{ "type": "Feature", "properties": { "tg_type": "INF.VOIE_FERREE", "nom": "", "source_id": "way/228428842", "source": "OSM_OSMFR_2026-10-03", "statut": "IMPORTE", "date_source": "2026-10-03", "usage": null, "service": null, "gauge": "1000", "operator": null, "electrified": null, "longueur_m": 93.8 }, "geometry": { "type": "LineString", "coordinates": [ [ 13.278436, 6.442095 ], [ 13.278044, 6.442846 ] ] } },
{ "type": "Feature", "properties": { "tg_type": "INF.VOIE_FERREE", "nom": "", "source_id": "way/228428847", "source": "OSM_OSMFR_2026-10-03", "statut": "IMPORTE", "date_source": "2026-10-03", "usage": null, "service": null, "gauge": "1000", "operator": null, "electrified": null, "longueur_m": 634.1 }, "geometry": { "type": "LineString", "coordinates": [ [ 13.278225, 6.442489 ], [ 13.276221, 6.447857 ] ] } },
{ "type": "Feature", "properties": { "tg_type": "INF.VOIE_FERREE", "nom": "", "source_id": "way/229520350", "source": "OSM_OSMFR_2026-10-03", "statut": "IMPORTE", "date_source": "2026-10-03", "usage": "main", "service": null, "gauge": "1000", "operator": "CAMRAIL", "electrified": "no", "longueur_m": 32.1 }, "geometry": { "type": "LineString", "coordinates": [ [ 9.751639, 4.035505 ], [ 9.751897, 4.035374 ] ] } },
{ "type": "Feature", "properties": { "tg_type": "INF.VOIE_FERREE", "nom": "", "source_id": "way/229520351", "source": "OSM_OSMFR_2026-10-03", "statut": "IMPORTE", "date_source": "2026-10-03", "usage": "main", "service": null, "gauge": "1000", "operator": "CAMRAIL", "electrified": "no", "longueur_m": 9037.8 }, "geometry": { "type": "LineString", "coordinates": [ [ 9.751897, 4.035374 ], [ 9.752676, 4.035099 ], [ 9.753635, 4.034978 ], [ 9.754979, 4.035049 ], [ 9.756403, 4.035835 ], [ 9.756951, 4.036287 ], [ 9.758291, 4.036873 ], [ 9.75893, 4.037006 ], [ 9.75976, 4.036998 ], [ 9.761123, 4.036681 ], [ 9.761836, 4.036295 ], [ 9.762527, 4.03573 ], [ 9.767986, 4.030624 ], [ 9.768314, 4.030369 ], [ 9.768884, 4.030161 ], [ 9.769601, 4.030061 ], [ 9.770257, 4.030207 ], [ 9.770866, 4.030545 ], [ 9.771625, 4.031482 ], [ 9.772567, 4.032976 ], [ 9.772986, 4.033491 ], [ 9.773511, 4.033953 ], [ 9.774128, 4.034337 ], [ 9.774983, 4.034684 ], [ 9.775685, 4.034845 ], [ 9.776595, 4.034837 ], [ 9.780358, 4.03443 ], [ 9.783003, 4.034045 ], [ 9.790482, 4.032538 ], [ 9.790982, 4.032492 ], [ 9.791502, 4.032585 ], [ 9.791917, 4.032813 ], [ 9.793192, 4.033808 ], [ 9.793675, 4.03408 ], [ 9.794517, 4.034295 ], [ 9.800159, 4.034166 ], [ 9.812511, 4.035557 ], [ 9.813273, 4.035468 ], [ 9.813989, 4.035275 ], [ 9.815706, 4.034434 ], [ 9.816422, 4.03417 ], [ 9.817237, 4.034035 ], [ 9.81805, 4.03404 ], [ 9.819204, 4.034319 ], [ 9.821265, 4.035358 ], [ 9.821772, 4.035723 ], [ 9.823956, 4.03794 ], [ 9.824341, 4.038467 ], [ 9.824923, 4.039617 ] ] } },
{ "type": "Feature", "properties": { "tg_type": "INF.VOIE_FERREE", "nom": "", "source_id": "way/229886833", "source": "OSM_OSMFR_2026-10-03", "statut": "IMPORTE", "date_source": "2026-10-03", "usage": null, "service": "yard", "gauge": null, "operator": null, "electrified": null, "longueur_m": 474.5 }, "geometry": { "type": "LineString", "coordinates": [ [ 9.67441, 4.035589 ], [ 9.67743, 4.0376 ], [ 9.678008, 4.037894 ] ] } },
{ "type": "Feature", "properties": { "tg_type": "INF.VOIE_FERREE", "nom": "", "source_id": "way/229886834", "source": "OSM_OSMFR_2026-10-03", "statut": "IMPORTE", "date_source": "2026-10-03", "usage": null, "service": "yard", "gauge": null, "operator": null, "electrified": null, "longueur_m": 240.6 }, "geometry": { "type": "LineString", "coordinates": [ [ 9.679237, 4.038295 ], [ 9.679747, 4.038194 ], [ 9.680228, 4.03788 ], [ 9.680546, 4.037372 ], [ 9.68061, 4.036911 ] ] } },
{ "type": "Feature", "properties": { "tg_type": "INF.VOIE_FERREE", "nom": "", "source_id": "way/229886835", "source": "OSM_OSMFR_2026-10-03", "statut": "IMPORTE", "date_source": "2026-10-03", "usage": null, "service": "yard", "gauge": null, "operator": null, "electrified": null, "longueur_m": 41.2 }, "geometry": { "type": "LineString", "coordinates": [ [ 9.683309, 4.031935 ], [ 9.683048, 4.032199 ] ] } },
{ "type": "Feature", "properties": { "tg_type": "INF.VOIE_FERREE", "nom": "", "source_id": "way/229886836", "source": "OSM_OSMFR_2026-10-03", "statut": "IMPORTE", "date_source": "2026-10-03", "usage": null, "service": "yard", "gauge": null, "operator": null, "electrified": null, "longueur_m": 376.7 }, "geometry": { "type": "LineString", "coordinates": [ [ 9.678318, 4.038104 ], [ 9.681141, 4.039993 ] ] } },
{ "type": "Feature", "properties": { "tg_type": "INF.VOIE_FERREE", "nom": "", "source_id": "way/229889019", "source": "OSM_OSMFR_2026-10-03", "statut": "IMPORTE", "date_source": "2026-10-03", "usage": null, "service": "yard", "gauge": null, "operator": null, "electrified": null, "longueur_m": 114.6 }, "geometry": { "type": "LineString", "coordinates": [ [ 9.694634, 4.055781 ], [ 9.695391, 4.056485 ] ] } },
{ "type": "Feature", "properties": { "tg_type": "INF.VOIE_FERREE", "nom": "", "source_id": "way/229889020", "source": "OSM_OSMFR_2026-10-03", "statut": "IMPORTE", "date_source": "2026-10-03", "usage": null, "service": "yard", "gauge": null, "operator": null, "electrified": null, "longueur_m": 1896.2 }, "geometry": { "type": "LineString", "coordinates": [ [ 9.694634, 4.055781 ], [ 9.691178, 4.052357 ], [ 9.69021, 4.051596 ], [ 9.683945, 4.045007 ], [ 9.682349, 4.04396 ] ] } },
{ "type": "Feature", "properties": { "tg_type": "INF.VOIE_FERREE", "nom": "", "source_id": "way/229889021", "source": "OSM_OSMFR_2026-10-03", "statut": "IMPORTE", "date_source": "2026-10-03", "usage": null, "service": "yard", "gauge": null, "operator": null, "electrified": null, "longueur_m": 686.3 }, "geometry": { "type": "LineString", "coordinates": [ [ 9.69021, 4.051596 ], [ 9.692029, 4.053835 ], [ 9.693223, 4.055088 ], [ 9.694634, 4.055781 ] ] } },
{ "type": "Feature", "properties": { "tg_type": "INF.VOIE_FERREE", "nom": "", "source_id": "way/229900108", "source": "OSM_OSMFR_2026-10-03", "statut": "IMPORTE", "date_source": "2026-10-03", "usage": null, "service": "yard", "gauge": null, "operator": null, "electrified": null, "longueur_m": 555.4 }, "geometry": { "type": "LineString", "coordinates": [ [ 9.677562, 4.037681 ], [ 9.677139, 4.037644 ], [ 9.676179, 4.037922 ], [ 9.675787, 4.037902 ], [ 9.675227, 4.037634 ], [ 9.673098, 4.036216 ] ] } },
{ "type": "Feature", "properties": { "tg_type": "INF.VOIE_FERREE", "nom": "", "source_id": "way/229900109", "source": "OSM_OSMFR_2026-10-03", "statut": "IMPORTE", "date_source": "2026-10-03", "usage": null, "service": "yard", "gauge": null, "operator": null, "electrified": null, "longueur_m": 575.3 }, "geometry": { "type": "LineString", "coordinates": [ [ 9.673065, 4.036268 ], [ 9.675648, 4.037916 ], [ 9.67618, 4.037972 ], [ 9.677147, 4.037696 ], [ 9.677709, 4.03775 ] ] } },
{ "type": "Feature", "properties": { "tg_type": "INF.VOIE_FERREE", "nom": "", "source_id": "way/229900110", "source": "OSM_OSMFR_2026-10-03", "statut": "IMPORTE", "date_source": "2026-10-03", "usage": null, "service": "yard", "gauge": null, "operator": null, "electrified": null, "longueur_m": 729.6 }, "geometry": { "type": "LineString", "coordinates": [ [ 9.698875, 4.059917 ], [ 9.698524, 4.059724 ], [ 9.697721, 4.059622 ], [ 9.697003, 4.059152 ], [ 9.695035, 4.057367 ], [ 9.694445, 4.056151 ], [ 9.69407, 4.05584 ] ] } },
{ "type": "Feature", "properties": { "tg_type": "INF.VOIE_FERREE", "nom": "", "source_id": "way/229900111", "source": "OSM_OSMFR_2026-10-03", "statut": "IMPORTE", "date_source": "2026-10-03", "usage": null, "service": "yard", "gauge": null, "operator": null, "electrified": null, "longueur_m": 478.5 }, "geometry": { "type": "LineString", "coordinates": [ [ 9.697003, 4.059152 ], [ 9.700205, 4.062047 ] ] } },
{ "type": "Feature", "properties": { "tg_type": "INF.VOIE_FERREE", "nom": "", "source_id": "way/229900112", "source": "OSM_OSMFR_2026-10-03", "statut": "IMPORTE", "date_source": "2026-10-03", "usage": null, "service": "yard", "gauge": null, "operator": null, "electrified": null, "longueur_m": 272.1 }, "geometry": { "type": "LineString", "coordinates": [ [ 9.67911, 4.038636 ], [ 9.681111, 4.040053 ] ] } },
{ "type": "Feature", "properties": { "tg_type": "INF.VOIE_FERREE", "nom": "", "source_id": "way/229900113", "source": "OSM_OSMFR_2026-10-03", "statut": "IMPORTE", "date_source": "2026-10-03", "usage": null, "service": "yard", "gauge": null, "operator": null, "electrified": null, "longueur_m": 265.8 }, "geometry": { "type": "LineString", "coordinates": [ [ 9.67911, 4.038636 ], [ 9.679904, 4.038967 ], [ 9.681171, 4.039831 ] ] } },
{ "type": "Feature", "properties": { "tg_type": "INF.VOIE_FERREE", "nom": "", "source_id": "way/229900114", "source": "OSM_OSMFR_2026-10-03", "statut": "IMPORTE", "date_source": "2026-10-03", "usage": null, "service": "yard", "gauge": null, "operator": null, "electrified": null, "longueur_m": 171.4 }, "geometry": { "type": "LineString", "coordinates": [ [ 9.694799, 4.056967 ], [ 9.694429, 4.055978 ], [ 9.69419, 4.055748 ], [ 9.694041, 4.055706 ] ] } },
{ "type": "Feature", "properties": { "tg_type": "INF.VOIE_FERREE", "nom": "", "source_id": "way/229913040", "source": "OSM_OSMFR_2026-10-03", "statut": "IMPORTE", "date_source": "2026-10-03", "usage": null, "service": "yard", "gauge": null, "operator": null, "electrified": null, "longueur_m": 794.1 }, "geometry": { "type": "LineString", "coordinates": [ [ 9.683063, 4.032248 ], [ 9.688085, 4.027142 ] ] } },
{ "type": "Feature", "properties": { "tg_type": "INF.VOIE_FERREE", "nom": "", "source_id": "way/229913041", "source": "OSM_OSMFR_2026-10-03", "statut": "IMPORTE", "date_source": "2026-10-03", "usage": null, "service": "yard", "gauge": null, "operator": null, "electrified": null, "longueur_m": 691.9 }, "geometry": { "type": "LineString", "coordinates": [ [ 9.68713, 4.02783 ], [ 9.685854, 4.028333 ], [ 9.68244, 4.031798 ] ] } },
{ "type": "Feature", "properties": { "tg_type": "INF.VOIE_FERREE", "nom": "", "source_id": "way/229913042", "source": "OSM_OSMFR_2026-10-03", "statut": "IMPORTE", "date_source": "2026-10-03", "usage": null, "service": "yard", "gauge": null, "operator": null, "electrified": null, "longueur_m": 699.2 }, "geometry": { "type": "LineString", "coordinates": [ [ 9.683048, 4.032199 ], [ 9.684381, 4.030455 ], [ 9.686381, 4.028429 ], [ 9.687383, 4.027654 ] ] } },
{ "type": "Feature", "properties": { "tg_type": "INF.VOIE_FERREE", "nom": "", "source_id": "way/229913043", "source": "OSM_OSMFR_2026-10-03", "statut": "IMPORTE", "date_source": "2026-10-03", "usage": null, "service": "yard", "gauge": null, "operator": null, "electrified": null, "longueur_m": 567.0 }, "geometry": { "type": "LineString", "coordinates": [ [ 9.685657, 4.02851 ], [ 9.689247, 4.024864 ] ] } },
{ "type": "Feature", "properties": { "tg_type": "INF.VOIE_FERREE", "nom": "", "source_id": "way/229913044", "source": "OSM_OSMFR_2026-10-03", "statut": "IMPORTE", "date_source": "2026-10-03", "usage": null, "service": "yard", "gauge": null, "operator": null, "electrified": null, "longueur_m": 431.8 }, "geometry": { "type": "LineString", "coordinates": [ [ 9.696328, 4.057553 ], [ 9.699216, 4.060169 ] ] } },
{ "type": "Feature", "properties": { "tg_type": "INF.VOIE_FERREE", "nom": "", "source_id": "way/229913045", "source": "OSM_OSMFR_2026-10-03", "statut": "IMPORTE", "date_source": "2026-10-03", "usage": null, "service": "yard", "gauge": null, "operator": null, "electrified": null, "longueur_m": 501.4 }, "geometry": { "type": "LineString", "coordinates": [ [ 9.699469, 4.060347 ], [ 9.696117, 4.057309 ] ] } },
{ "type": "Feature", "properties": { "tg_type": "INF.VOIE_FERREE", "nom": "", "source_id": "way/229913046", "source": "OSM_OSMFR_2026-10-03", "statut": "IMPORTE", "date_source": "2026-10-03", "usage": null, "service": "yard", "gauge": null, "operator": null, "electrified": null, "longueur_m": 579.3 }, "geometry": { "type": "LineString", "coordinates": [ [ 9.695888, 4.057041 ], [ 9.699762, 4.06055 ] ] } },
{ "type": "Feature", "properties": { "tg_type": "INF.VOIE_FERREE", "nom": "", "source_id": "way/229913047", "source": "OSM_OSMFR_2026-10-03", "statut": "IMPORTE", "date_source": "2026-10-03", "usage": null, "service": null, "gauge": null, "operator": null, "electrified": null, "longueur_m": 660.5 }, "geometry": { "type": "LineString", "coordinates": [ [ 9.700031, 4.060735 ], [ 9.695616, 4.056734 ] ] } },
{ "type": "Feature", "properties": { "tg_type": "INF.VOIE_FERREE", "nom": "", "source_id": "way/229913048", "source": "OSM_OSMFR_2026-10-03", "statut": "IMPORTE", "date_source": "2026-10-03", "usage": null, "service": "yard", "gauge": null, "operator": null, "electrified": null, "longueur_m": 393.3 }, "geometry": { "type": "LineString", "coordinates": [ [ 9.686739, 4.028146 ], [ 9.684229, 4.030655 ] ] } },
{ "type": "Feature", "properties": { "tg_type": "INF.VOIE_FERREE", "nom": "", "source_id": "way/229913049", "source": "OSM_OSMFR_2026-10-03", "statut": "IMPORTE", "date_source": "2026-10-03", "usage": null, "service": "yard", "gauge": null, "operator": null, "electrified": null, "longueur_m": 448.3 }, "geometry": { "type": "LineString", "coordinates": [ [ 9.684061, 4.030876 ], [ 9.686917, 4.02801 ] ] } },
{ "type": "Feature", "properties": { "tg_type": "INF.VOIE_FERREE", "nom": "", "source_id": "way/229913050", "source": "OSM_OSMFR_2026-10-03", "statut": "IMPORTE", "date_source": "2026-10-03", "usage": null, "service": "yard", "gauge": null, "operator": null, "electrified": null, "longueur_m": 1077.1 }, "geometry": { "type": "LineString", "coordinates": [ [ 9.682409, 4.031771 ], [ 9.689203, 4.02482 ] ] } },
{ "type": "Feature", "properties": { "tg_type": "INF.VOIE_FERREE", "nom": "", "source_id": "way/229913051", "source": "OSM_OSMFR_2026-10-03", "statut": "IMPORTE", "date_source": "2026-10-03", "usage": null, "service": null, "gauge": null, "operator": null, "electrified": null, "longueur_m": 811.2 }, "geometry": { "type": "LineString", "coordinates": [ [ 9.70044, 4.061038 ], [ 9.695039, 4.056104 ] ] } },
{ "type": "Feature", "properties": { "tg_type": "INF.VOIE_FERREE", "nom": "", "source_id": "way/229913052", "source": "OSM_OSMFR_2026-10-03", "statut": "IMPORTE", "date_source": "2026-10-03", "usage": null, "service": "yard", "gauge": null, "operator": null, "electrified": null, "longueur_m": 668.1 }, "geometry": { "type": "LineString", "coordinates": [ [ 9.683426, 4.031815 ], [ 9.687612, 4.027478 ] ] } },
{ "type": "Feature", "properties": { "tg_type": "INF.VOIE_FERREE", "nom": "", "source_id": "way/229913053", "source": "OSM_OSMFR_2026-10-03", "statut": "IMPORTE", "date_source": "2026-10-03", "usage": null, "service": "yard", "gauge": null, "operator": null, "electrified": null, "longueur_m": 805.4 }, "geometry": { "type": "LineString", "coordinates": [ [ 9.688275, 4.026951 ], [ 9.683174, 4.032128 ] ] } },
{ "type": "Feature", "properties": { "tg_type": "INF.VOIE_FERREE", "nom": "", "source_id": "way/229913054", "source": "OSM_OSMFR_2026-10-03", "statut": "IMPORTE", "date_source": "2026-10-03", "usage": null, "service": "yard", "gauge": null, "operator": null, "electrified": null, "longueur_m": 718.8 }, "geometry": { "type": "LineString", "coordinates": [ [ 9.687906, 4.027378 ], [ 9.686433, 4.028962 ], [ 9.683357, 4.031995 ] ] } },
{ "type": "Feature", "properties": { "tg_type": "INF.VOIE_FERREE", "nom": "", "source_id": "way/229919718", "source": "OSM_OSMFR_2026-10-03", "statut": "IMPORTE", "date_source": "2026-10-03", "usage": null, "service": "yard", "gauge": "1000", "operator": null, "electrified": null, "longueur_m": 381.9 }, "geometry": { "type": "LineString", "coordinates": [ [ 9.719172, 4.045774 ], [ 9.7203, 4.043609 ], [ 9.720991, 4.042882 ] ] } },
{ "type": "Feature", "properties": { "tg_type": "INF.VOIE_FERREE", "nom": "", "source_id": "way/229919719", "source": "OSM_OSMFR_2026-10-03", "statut": "IMPORTE", "date_source": "2026-10-03", "usage": "branch", "service": null, "gauge": "1000", "operator": "CAMRAIL", "electrified": "no", "longueur_m": 460.7 }, "geometry": { "type": "LineString", "coordinates": [ [ 9.70044, 4.061038 ], [ 9.701337, 4.061868 ], [ 9.702264, 4.062107 ], [ 9.703104, 4.061913 ], [ 9.704029, 4.061319 ] ] } },
{ "type": "Feature", "properties": { "tg_type": "INF.VOIE_FERREE", "nom": "", "source_id": "way/229919720", "source": "OSM_OSMFR_2026-10-03", "statut": "IMPORTE", "date_source": "2026-10-03", "usage": null, "service": null, "gauge": null, "operator": null, "electrified": null, "longueur_m": 744.9 }, "geometry": { "type": "LineString", "coordinates": [ [ 9.695391, 4.056485 ], [ 9.696601, 4.057859 ], [ 9.698557, 4.059635 ], [ 9.700364, 4.060967 ] ] } },
{ "type": "Feature", "properties": { "tg_type": "INF.VOIE_FERREE", "nom": "", "source_id": "way/229919721", "source": "OSM_OSMFR_2026-10-03", "statut": "IMPORTE", "date_source": "2026-10-03", "usage": null, "service": "yard", "gauge": "1000", "operator": null, "electrified": null, "longueur_m": 54.8 }, "geometry": { "type": "LineString", "coordinates": [ [ 9.717364, 4.047246 ], [ 9.717768, 4.046961 ] ] } },
{ "type": "Feature", "properties": { "tg_type": "INF.VOIE_FERREE", "nom": "", "source_id": "way/229919722", "source": "OSM_OSMFR_2026-10-03", "statut": "IMPORTE", "date_source": "2026-10-03", "usage": null, "service": "yard", "gauge": "1000", "operator": null, "electrified": null, "longueur_m": 34.4 }, "geometry": { "type": "LineString", "coordinates": [ [ 9.71709, 4.047391 ], [ 9.717364, 4.047246 ] ] } },
{ "type": "Feature", "properties": { "tg_type": "INF.VOIE_FERREE", "nom": "", "source_id": "way/229919723", "source": "OSM_OSMFR_2026-10-03", "statut": "IMPORTE", "date_source": "2026-10-03", "usage": "main", "service": null, "gauge": "1000", "operator": "CAMRAIL", "electrified": "no", "longueur_m": 22.7 }, "geometry": { "type": "LineString", "coordinates": [ [ 9.708032, 4.056451 ], [ 9.708184, 4.056313 ] ] } },
{ "type": "Feature", "properties": { "tg_type": "INF.VOIE_FERREE", "nom": "", "source_id": "way/229919724", "source": "OSM_OSMFR_2026-10-03", "statut": "IMPORTE", "date_source": "2026-10-03", "usage": null, "service": "yard", "gauge": "1000", "operator": null, "electrified": null, "longueur_m": 1476.8 }, "geometry": { "type": "LineString", "coordinates": [ [ 9.709753, 4.053973 ], [ 9.710268, 4.052895 ], [ 9.710525, 4.052581 ], [ 9.712713, 4.050992 ], [ 9.715884, 4.048062 ], [ 9.718528, 4.046201 ], [ 9.719046, 4.045671 ], [ 9.71942, 4.04505 ] ] } },
{ "type": "Feature", "properties": { "tg_type": "INF.VOIE_FERREE", "nom": "", "source_id": "way/229919725", "source": "OSM_OSMFR_2026-10-03", "statut": "IMPORTE", "date_source": "2026-10-03", "usage": "main", "service": null, "gauge": "1000", "operator": "CAMRAIL", "electrified": "no", "longueur_m": 48.3 }, "geometry": { "type": "LineString", "coordinates": [ [ 9.708184, 4.056313 ], [ 9.708476, 4.05599 ] ] } },
{ "type": "Feature", "properties": { "tg_type": "INF.VOIE_FERREE", "nom": "", "source_id": "way/229919726", "source": "OSM_OSMFR_2026-10-03", "statut": "IMPORTE", "date_source": "2026-10-03", "usage": null, "service": "yard", "gauge": "1000", "operator": null, "electrified": null, "longueur_m": 204.5 }, "geometry": { "type": "LineString", "coordinates": [ [ 9.717768, 4.046961 ], [ 9.718639, 4.046321 ], [ 9.719172, 4.045774 ] ] } },
{ "type": "Feature", "properties": { "tg_type": "INF.VOIE_FERREE", "nom": "", "source_id": "way/229919727", "source": "OSM_OSMFR_2026-10-03", "statut": "IMPORTE", "date_source": "2026-10-03", "usage": null, "service": "yard", "gauge": "1000", "operator": null, "electrified": null, "longueur_m": 62.0 }, "geometry": { "type": "LineString", "coordinates": [ [ 9.71942, 4.04505 ], [ 9.719695, 4.044562 ] ] } },
{ "type": "Feature", "properties": { "tg_type": "INF.VOIE_FERREE", "nom": "", "source_id": "way/229919728", "source": "OSM_OSMFR_2026-10-03", "statut": "IMPORTE", "date_source": "2026-10-03", "usage": null, "service": "yard", "gauge": null, "operator": null, "electrified": null, "longueur_m": 1534.5 }, "geometry": { "type": "LineString", "coordinates": [ [ 9.683048, 4.032199 ], [ 9.68206, 4.033235 ], [ 9.681679, 4.033958 ], [ 9.681519, 4.034783 ], [ 9.68141, 4.037531 ], [ 9.681006, 4.038015 ], [ 9.680542, 4.038268 ], [ 9.679772, 4.038327 ], [ 9.67899, 4.038281 ], [ 9.678431, 4.03816 ], [ 9.674523, 4.035553 ] ] } },
{ "type": "Feature", "properties": { "tg_type": "INF.VOIE_FERREE", "nom": "", "source_id": "way/229919729", "source": "OSM_OSMFR_2026-10-03", "statut": "IMPORTE", "date_source": "2026-10-03", "usage": "freight", "service": null, "gauge": "1000", "operator": null, "electrified": null, "longueur_m": 3355.3 }, "geometry": { "type": "LineString", "coordinates": [ [ 9.683063, 4.032248 ], [ 9.682161, 4.03319 ], [ 9.681866, 4.03366 ], [ 9.681647, 4.034212 ], [ 9.68156, 4.034775 ], [ 9.681485, 4.038641 ], [ 9.681588, 4.039211 ], [ 9.683131, 4.043061 ], [ 9.683754, 4.04409 ], [ 9.685531, 4.045825 ], [ 9.688363, 4.047863 ], [ 9.689636, 4.048569 ], [ 9.689972, 4.048879 ], [ 9.690121, 4.049086 ], [ 9.690822, 4.051557 ], [ 9.691047, 4.052086 ], [ 9.692074, 4.053221 ], [ 9.695391, 4.056485 ] ] } },
{ "type": "Feature", "properties": { "tg_type": "INF.VOIE_FERREE", "nom": "", "source_id": "way/229919730", "source": "OSM_OSMFR_2026-10-03", "statut": "IMPORTE", "date_source": "2026-10-03", "usage": null, "service": "yard", "gauge": "1000", "operator": null, "electrified": null, "longueur_m": 282.1 }, "geometry": { "type": "LineString", "coordinates": [ [ 9.714049, 4.050323 ], [ 9.713538, 4.051278 ], [ 9.713268, 4.051631 ], [ 9.712713, 4.051995 ], [ 9.712376, 4.052093 ] ] } },
{ "type": "Feature", "properties": { "tg_type": "INF.VOIE_FERREE", "nom": "", "source_id": "way/229919731", "source": "OSM_OSMFR_2026-10-03", "statut": "IMPORTE", "date_source": "2026-10-03", "usage": null, "service": null, "gauge": "1000", "operator": null, "electrified": null, "longueur_m": 2812.4 }, "geometry": { "type": "LineString", "coordinates": [ [ 9.719695, 4.044562 ], [ 9.720122, 4.043716 ], [ 9.720552, 4.043144 ], [ 9.721152, 4.04264 ], [ 9.722065, 4.042204 ], [ 9.735317, 4.038953 ], [ 9.736773, 4.039066 ], [ 9.737566, 4.039351 ], [ 9.738481, 4.039872 ], [ 9.740971, 4.042045 ], [ 9.741573, 4.04227 ], [ 9.742484, 4.042277 ] ] } },
{ "type": "Feature", "properties": { "tg_type": "INF.VOIE_FERREE", "nom": "", "source_id": "way/229919732", "source": "OSM_OSMFR_2026-10-03", "statut": "IMPORTE", "date_source": "2026-10-03", "usage": "freight", "service": null, "gauge": "1000", "operator": null, "electrified": null, "longueur_m": 753.6 }, "geometry": { "type": "LineString", "coordinates": [ [ 9.695391, 4.056485 ], [ 9.70044, 4.061038 ] ] } },
{ "type": "Feature", "properties": { "tg_type": "INF.VOIE_FERREE", "nom": "", "source_id": "way/229923501", "source": "OSM_OSMFR_2026-10-03", "statut": "IMPORTE", "date_source": "2026-10-03", "usage": null, "service": "yard", "gauge": null, "operator": null, "electrified": null, "longueur_m": 378.2 }, "geometry": { "type": "LineString", "coordinates": [ [ 9.719653, 4.045714 ], [ 9.721122, 4.044635 ], [ 9.722676, 4.044345 ] ] } },
{ "type": "Feature", "properties": { "tg_type": "INF.VOIE_FERREE", "nom": "", "source_id": "way/229923503", "source": "OSM_OSMFR_2026-10-03", "statut": "IMPORTE", "date_source": "2026-10-03", "usage": "main", "service": null, "gauge": "1000", "operator": "CAMRAIL", "electrified": "no", "longueur_m": 1259.3 }, "geometry": { "type": "LineString", "coordinates": [ [ 9.742639, 4.042282 ], [ 9.74381, 4.041932 ], [ 9.744149, 4.041714 ], [ 9.751639, 4.035505 ] ] } },
{ "type": "Feature", "properties": { "tg_type": "INF.VOIE_FERREE", "nom": "", "source_id": "way/229923505", "source": "OSM_OSMFR_2026-10-03", "statut": "IMPORTE", "date_source": "2026-10-03", "usage": null, "service": "yard", "gauge": null, "operator": null, "electrified": null, "longueur_m": 278.7 }, "geometry": { "type": "LineString", "coordinates": [ [ 9.718338, 4.046592 ], [ 9.71915, 4.046172 ], [ 9.719543, 4.046077 ], [ 9.720107, 4.04613 ], [ 9.720671, 4.046388 ] ] } },
{ "type": "Feature", "properties": { "tg_type": "INF.VOIE_FERREE", "nom": "", "source_id": "way/229923507", "source": "OSM_OSMFR_2026-10-03", "statut": "IMPORTE", "date_source": "2026-10-03", "usage": null, "service": "yard", "gauge": null, "operator": null, "electrified": null, "longueur_m": 424.3 }, "geometry": { "type": "LineString", "coordinates": [ [ 9.722869, 4.045256 ], [ 9.721628, 4.045331 ], [ 9.720034, 4.04558 ], [ 9.719167, 4.04599 ] ] } },
{ "type": "Feature", "properties": { "tg_type": "INF.VOIE_FERREE", "nom": "", "source_id": "way/229923509", "source": "OSM_OSMFR_2026-10-03", "statut": "IMPORTE", "date_source": "2026-10-03", "usage": null, "service": "yard", "gauge": "1000", "operator": null, "electrified": null, "longueur_m": 725.5 }, "geometry": { "type": "LineString", "coordinates": [ [ 9.750353, 4.036469 ], [ 9.751423, 4.035598 ], [ 9.752009, 4.035266 ], [ 9.752312, 4.034893 ], [ 9.753646, 4.031104 ] ] } },
{ "type": "Feature", "properties": { "tg_type": "INF.VOIE_FERREE", "nom": "", "source_id": "way/229923512", "source": "OSM_OSMFR_2026-10-03", "statut": "IMPORTE", "date_source": "2026-10-03", "usage": null, "service": "siding", "gauge": "1000", "operator": null, "electrified": "no", "longueur_m": 1078.5 }, "geometry": { "type": "LineString", "coordinates": [ [ 9.742631, 4.042236 ], [ 9.743616, 4.041965 ], [ 9.744137, 4.041667 ], [ 9.750353, 4.036469 ] ] } },
{ "type": "Feature", "properties": { "tg_type": "INF.VOIE_FERREE", "nom": "", "source_id": "way/229923514", "source": "OSM_OSMFR_2026-10-03", "statut": "IMPORTE", "date_source": "2026-10-03", "usage": null, "service": "yard", "gauge": null, "operator": null, "electrified": null, "longueur_m": 81.0 }, "geometry": { "type": "LineString", "coordinates": [ [ 9.750232, 4.036571 ], [ 9.749615, 4.036962 ] ] } },
{ "type": "Feature", "properties": { "tg_type": "INF.VOIE_FERREE", "nom": "", "source_id": "way/229923517", "source": "OSM_OSMFR_2026-10-03", "statut": "IMPORTE", "date_source": "2026-10-03", "usage": null, "service": "yard", "gauge": null, "operator": null, "electrified": null, "longueur_m": 446.4 }, "geometry": { "type": "LineString", "coordinates": [ [ 9.718641, 4.046371 ], [ 9.719232, 4.04609 ], [ 9.719884, 4.046026 ], [ 9.720841, 4.046194 ], [ 9.72224, 4.046628 ], [ 9.72251, 4.046631 ] ] } },
{ "type": "Feature", "properties": { "tg_type": "INF.VOIE_FERREE", "nom": "", "source_id": "way/229923519", "source": "OSM_OSMFR_2026-10-03", "statut": "IMPORTE", "date_source": "2026-10-03", "usage": null, "service": null, "gauge": "1000", "operator": null, "electrified": null, "longueur_m": 17.0 }, "geometry": { "type": "LineString", "coordinates": [ [ 9.742484, 4.042277 ], [ 9.742631, 4.042236 ] ] } },
{ "type": "Feature", "properties": { "tg_type": "INF.VOIE_FERREE", "nom": "", "source_id": "way/229923521", "source": "OSM_OSMFR_2026-10-03", "statut": "IMPORTE", "date_source": "2026-10-03", "usage": null, "service": null, "gauge": null, "operator": null, "electrified": null, "longueur_m": 49.2 }, "geometry": { "type": "LineString", "coordinates": [ [ 9.750353, 4.036469 ], [ 9.750715, 4.036212 ] ] } },
{ "type": "Feature", "properties": { "tg_type": "INF.VOIE_FERREE", "nom": "", "source_id": "way/229923523", "source": "OSM_OSMFR_2026-10-03", "statut": "IMPORTE", "date_source": "2026-10-03", "usage": "main", "service": null, "gauge": "1000", "operator": "CAMRAIL", "electrified": "no", "longueur_m": 16.5 }, "geometry": { "type": "LineString", "coordinates": [ [ 9.742496, 4.04232 ], [ 9.742639, 4.042282 ] ] } },
{ "type": "Feature", "properties": { "tg_type": "INF.VOIE_FERREE", "nom": "", "source_id": "way/229923525", "source": "OSM_OSMFR_2026-10-03", "statut": "IMPORTE", "date_source": "2026-10-03", "usage": null, "service": "yard", "gauge": null, "operator": null, "electrified": null, "longueur_m": 1362.1 }, "geometry": { "type": "LineString", "coordinates": [ [ 9.740234, 4.04144 ], [ 9.739762, 4.04083 ], [ 9.73958, 4.040417 ], [ 9.738721, 4.039641 ], [ 9.738028, 4.039167 ], [ 9.737174, 4.038816 ], [ 9.736148, 4.038623 ], [ 9.735247, 4.038638 ], [ 9.731896, 4.039417 ], [ 9.731287, 4.039354 ], [ 9.731057, 4.039134 ], [ 9.730927, 4.038853 ], [ 9.730561, 4.037407 ] ] } },
{ "type": "Feature", "properties": { "tg_type": "INF.VOIE_FERREE", "nom": "", "source_id": "way/229923528", "source": "OSM_OSMFR_2026-10-03", "statut": "IMPORTE", "date_source": "2026-10-03", "usage": null, "service": "yard", "gauge": null, "operator": null, "electrified": null, "longueur_m": 197.6 }, "geometry": { "type": "LineString", "coordinates": [ [ 9.720454, 4.043922 ], [ 9.721911, 4.042899 ] ] } },
{ "type": "Feature", "properties": { "tg_type": "INF.VOIE_FERREE", "nom": "", "source_id": "way/229923529", "source": "OSM_OSMFR_2026-10-03", "statut": "IMPORTE", "date_source": "2026-10-03", "usage": null, "service": "yard", "gauge": null, "operator": null, "electrified": null, "longueur_m": 58.1 }, "geometry": { "type": "LineString", "coordinates": [ [ 9.721971, 4.046516 ], [ 9.722488, 4.046567 ] ] } },
{ "type": "Feature", "properties": { "tg_type": "INF.VOIE_FERREE", "nom": "", "source_id": "way/229923530", "source": "OSM_OSMFR_2026-10-03", "statut": "IMPORTE", "date_source": "2026-10-03", "usage": null, "service": "yard", "gauge": null, "operator": null, "electrified": null, "longueur_m": 87.5 }, "geometry": { "type": "LineString", "coordinates": [ [ 9.721449, 4.046276 ], [ 9.721851, 4.046379 ], [ 9.722223, 4.046366 ] ] } },
{ "type": "Feature", "properties": { "tg_type": "INF.VOIE_FERREE", "nom": "", "source_id": "way/229923531", "source": "OSM_OSMFR_2026-10-03", "statut": "IMPORTE", "date_source": "2026-10-03", "usage": null, "service": "yard", "gauge": null, "operator": null, "electrified": null, "longueur_m": 211.2 }, "geometry": { "type": "LineString", "coordinates": [ [ 9.722694, 4.044414 ], [ 9.721381, 4.044613 ], [ 9.720841, 4.044804 ] ] } },
{ "type": "Feature", "properties": { "tg_type": "INF.VOIE_FERREE", "nom": "", "source_id": "way/229923532", "source": "OSM_OSMFR_2026-10-03", "statut": "IMPORTE", "date_source": "2026-10-03", "usage": null, "service": "yard", "gauge": null, "operator": null, "electrified": "no", "longueur_m": 633.8 }, "geometry": { "type": "LineString", "coordinates": [ [ 9.749615, 4.036962 ], [ 9.74524, 4.040641 ] ] } },
{ "type": "Feature", "properties": { "tg_type": "INF.VOIE_FERREE", "nom": "", "source_id": "way/229923533", "source": "OSM_OSMFR_2026-10-03", "statut": "IMPORTE", "date_source": "2026-10-03", "usage": null, "service": "yard", "gauge": null, "operator": null, "electrified": null, "longueur_m": 79.5 }, "geometry": { "type": "LineString", "coordinates": [ [ 9.721769, 4.046484 ], [ 9.722481, 4.046509 ] ] } },
{ "type": "Feature", "properties": { "tg_type": "INF.VOIE_FERREE", "nom": "", "source_id": "way/229923534", "source": "OSM_OSMFR_2026-10-03", "statut": "IMPORTE", "date_source": "2026-10-03", "usage": null, "service": "yard", "gauge": null, "operator": null, "electrified": null, "longueur_m": 309.5 }, "geometry": { "type": "LineString", "coordinates": [ [ 9.722776, 4.044977 ], [ 9.720663, 4.045301 ], [ 9.72005, 4.045502 ] ] } },
{ "type": "Feature", "properties": { "tg_type": "INF.VOIE_FERREE", "nom": "", "source_id": "way/229923535", "source": "OSM_OSMFR_2026-10-03", "statut": "IMPORTE", "date_source": "2026-10-03", "usage": null, "service": "yard", "gauge": null, "operator": null, "electrified": "no", "longueur_m": 720.2 }, "geometry": { "type": "LineString", "coordinates": [ [ 9.744944, 4.040956 ], [ 9.749915, 4.036772 ] ] } },
{ "type": "Feature", "properties": { "tg_type": "INF.VOIE_FERREE", "nom": "", "source_id": "way/229923536", "source": "OSM_OSMFR_2026-10-03", "statut": "IMPORTE", "date_source": "2026-10-03", "usage": null, "service": "yard", "gauge": null, "operator": null, "electrified": null, "longueur_m": 221.2 }, "geometry": { "type": "LineString", "coordinates": [ [ 9.720417, 4.046115 ], [ 9.72091, 4.046108 ], [ 9.722389, 4.045866 ] ] } },
{ "type": "Feature", "properties": { "tg_type": "INF.VOIE_FERREE", "nom": "", "source_id": "way/229923537", "source": "OSM_OSMFR_2026-10-03", "statut": "IMPORTE", "date_source": "2026-10-03", "usage": null, "service": "yard", "gauge": null, "operator": null, "electrified": null, "longueur_m": 338.0 }, "geometry": { "type": "LineString", "coordinates": [ [ 9.722798, 4.045031 ], [ 9.720341, 4.045424 ], [ 9.719834, 4.045636 ] ] } },
{ "type": "Feature", "properties": { "tg_type": "INF.VOIE_FERREE", "nom": "", "source_id": "way/229923538", "source": "OSM_OSMFR_2026-10-03", "statut": "IMPORTE", "date_source": "2026-10-03", "usage": null, "service": "yard", "gauge": null, "operator": null, "electrified": null, "longueur_m": 176.1 }, "geometry": { "type": "LineString", "coordinates": [ [ 9.723014, 4.046123 ], [ 9.72179, 4.046324 ], [ 9.721449, 4.046276 ] ] } },
{ "type": "Feature", "properties": { "tg_type": "INF.VOIE_FERREE", "nom": "", "source_id": "way/229923539", "source": "OSM_OSMFR_2026-10-03", "statut": "IMPORTE", "date_source": "2026-10-03", "usage": null, "service": "yard", "gauge": null, "operator": null, "electrified": null, "longueur_m": 336.5 }, "geometry": { "type": "LineString", "coordinates": [ [ 9.719834, 4.045636 ], [ 9.72011, 4.045521 ], [ 9.722808, 4.045098 ] ] } },
{ "type": "Feature", "properties": { "tg_type": "INF.VOIE_FERREE", "nom": "", "source_id": "way/229923540", "source": "OSM_OSMFR_2026-10-03", "statut": "IMPORTE", "date_source": "2026-10-03", "usage": null, "service": "yard", "gauge": null, "operator": null, "electrified": null, "longueur_m": 107.7 }, "geometry": { "type": "LineString", "coordinates": [ [ 9.721412, 4.046038 ], [ 9.722337, 4.045762 ] ] } },
{ "type": "Feature", "properties": { "tg_type": "INF.VOIE_FERREE", "nom": "", "source_id": "way/229923541", "source": "OSM_OSMFR_2026-10-03", "statut": "IMPORTE", "date_source": "2026-10-03", "usage": null, "service": "yard", "gauge": null, "operator": null, "electrified": null, "longueur_m": 168.8 }, "geometry": { "type": "LineString", "coordinates": [ [ 9.719907, 4.042564 ], [ 9.720038, 4.04315 ], [ 9.719947, 4.044063 ] ] } },
{ "type": "Feature", "properties": { "tg_type": "INF.VOIE_FERREE", "nom": "", "source_id": "way/229923542", "source": "OSM_OSMFR_2026-10-03", "statut": "IMPORTE", "date_source": "2026-10-03", "usage": null, "service": "yard", "gauge": null, "operator": null, "electrified": null, "longueur_m": 147.0 }, "geometry": { "type": "LineString", "coordinates": [ [ 9.722461, 4.046419 ], [ 9.722004, 4.046452 ], [ 9.721168, 4.046236 ] ] } },
{ "type": "Feature", "properties": { "tg_type": "INF.VOIE_FERREE", "nom": "", "source_id": "way/229923543", "source": "OSM_OSMFR_2026-10-03", "statut": "IMPORTE", "date_source": "2026-10-03", "usage": null, "service": "yard", "gauge": null, "operator": null, "electrified": null, "longueur_m": 300.8 }, "geometry": { "type": "LineString", "coordinates": [ [ 9.719816, 4.044584 ], [ 9.720257, 4.044072 ], [ 9.721892, 4.042862 ] ] } },
{ "type": "Feature", "properties": { "tg_type": "INF.VOIE_FERREE", "nom": "", "source_id": "way/229923544", "source": "OSM_OSMFR_2026-10-03", "statut": "IMPORTE", "date_source": "2026-10-03", "usage": null, "service": "yard", "gauge": null, "operator": null, "electrified": null, "longueur_m": 163.1 }, "geometry": { "type": "LineString", "coordinates": [ [ 9.719943, 4.046101 ], [ 9.719386, 4.046192 ], [ 9.718787, 4.046472 ], [ 9.718608, 4.046635 ] ] } },
{ "type": "Feature", "properties": { "tg_type": "INF.VOIE_FERREE", "nom": "", "source_id": "way/229923545", "source": "OSM_OSMFR_2026-10-03", "statut": "IMPORTE", "date_source": "2026-10-03", "usage": null, "service": "yard", "gauge": null, "operator": null, "electrified": null, "longueur_m": 258.0 }, "geometry": { "type": "LineString", "coordinates": [ [ 9.720709, 4.046161 ], [ 9.721637, 4.04628 ], [ 9.723005, 4.046062 ] ] } },
{ "type": "Feature", "properties": { "tg_type": "INF.VOIE_FERREE", "nom": "", "source_id": "way/229923801", "source": "OSM_OSMFR_2026-10-03", "statut": "IMPORTE", "date_source": "2026-10-03", "usage": null, "service": "yard", "gauge": null, "operator": null, "electrified": null, "longueur_m": 236.1 }, "geometry": { "type": "LineString", "coordinates": [ [ 9.722701, 4.044493 ], [ 9.721323, 4.044706 ], [ 9.72064, 4.044956 ] ] } },
{ "type": "Feature", "properties": { "tg_type": "INF.VOIE_FERREE", "nom": "", "source_id": "way/254667646", "source": "OSM_OSMFR_2026-10-03", "statut": "IMPORTE", "date_source": "2026-10-03", "usage": "main", "service": "siding", "gauge": null, "operator": null, "electrified": null, "longueur_m": 962.6 }, "geometry": { "type": "LineString", "coordinates": [ [ 11.029035, 3.548573 ], [ 11.029559, 3.548401 ], [ 11.037078, 3.546961 ], [ 11.037537, 3.546953 ] ] } },
{ "type": "Feature", "properties": { "tg_type": "INF.VOIE_FERREE", "nom": "", "source_id": "way/254679048", "source": "OSM_OSMFR_2026-10-03", "statut": "IMPORTE", "date_source": "2026-10-03", "usage": null, "service": null, "gauge": "1000", "operator": null, "electrified": null, "longueur_m": 297.2 }, "geometry": { "type": "LineString", "coordinates": [ [ 13.277068, 6.44535 ], [ 13.278044, 6.442846 ] ] } },
{ "type": "Feature", "properties": { "tg_type": "INF.VOIE_FERREE", "nom": "", "source_id": "way/254679049", "source": "OSM_OSMFR_2026-10-03", "statut": "IMPORTE", "date_source": "2026-10-03", "usage": null, "service": null, "gauge": "1000", "operator": null, "electrified": null, "longueur_m": 33.8 }, "geometry": { "type": "LineString", "coordinates": [ [ 13.277372, 6.444736 ], [ 13.277529, 6.444474 ] ] } },
{ "type": "Feature", "properties": { "tg_type": "INF.VOIE_FERREE", "nom": "", "source_id": "way/254679050", "source": "OSM_OSMFR_2026-10-03", "statut": "IMPORTE", "date_source": "2026-10-03", "usage": "freight", "service": "siding", "gauge": null, "operator": null, "electrified": null, "longueur_m": 87.4 }, "geometry": { "type": "LineString", "coordinates": [ [ 13.278563, 6.441626 ], [ 13.278282, 6.442365 ] ] } },
{ "type": "Feature", "properties": { "tg_type": "INF.VOIE_FERREE", "nom": "", "source_id": "way/254679051", "source": "OSM_OSMFR_2026-10-03", "statut": "IMPORTE", "date_source": "2026-10-03", "usage": "freight", "service": "siding", "gauge": null, "operator": null, "electrified": null, "longueur_m": 117.4 }, "geometry": { "type": "LineString", "coordinates": [ [ 13.27852, 6.44161 ], [ 13.278143, 6.442602 ] ] } },
{ "type": "Feature", "properties": { "tg_type": "INF.VOIE_FERREE", "nom": "", "source_id": "way/254679052", "source": "OSM_OSMFR_2026-10-03", "statut": "IMPORTE", "date_source": "2026-10-03", "usage": "freight", "service": "siding", "gauge": null, "operator": null, "electrified": null, "longueur_m": 124.5 }, "geometry": { "type": "LineString", "coordinates": [ [ 13.278121, 6.442695 ], [ 13.278466, 6.441626 ] ] } },
{ "type": "Feature", "properties": { "tg_type": "INF.VOIE_FERREE", "nom": "", "source_id": "way/254679053", "source": "OSM_OSMFR_2026-10-03", "statut": "IMPORTE", "date_source": "2026-10-03", "usage": null, "service": null, "gauge": "1000", "operator": null, "electrified": null, "longueur_m": 301.6 }, "geometry": { "type": "LineString", "coordinates": [ [ 13.277281, 6.444974 ], [ 13.277068, 6.44535 ], [ 13.276302, 6.44751 ] ] } },
{ "type": "Feature", "properties": { "tg_type": "INF.VOIE_FERREE", "nom": "", "source_id": "way/254679054", "source": "OSM_OSMFR_2026-10-03", "statut": "IMPORTE", "date_source": "2026-10-03", "usage": null, "service": null, "gauge": "1000", "operator": "CAMRAIL", "electrified": null, "longueur_m": 644.6 }, "geometry": { "type": "LineString", "coordinates": [ [ 13.276288, 6.447698 ], [ 13.278377, 6.442262 ] ] } },
{ "type": "Feature", "properties": { "tg_type": "INF.VOIE_FERREE", "nom": "", "source_id": "way/254679055", "source": "OSM_OSMFR_2026-10-03", "statut": "IMPORTE", "date_source": "2026-10-03", "usage": "freight", "service": "siding", "gauge": "1000", "operator": null, "electrified": null, "longueur_m": 327.6 }, "geometry": { "type": "LineString", "coordinates": [ [ 13.278044, 6.442846 ], [ 13.277128, 6.444012 ], [ 13.276551, 6.445364 ] ] } },
{ "type": "Feature", "properties": { "tg_type": "INF.VOIE_FERREE", "nom": "", "source_id": "way/254681350", "source": "OSM_OSMFR_2026-10-03", "statut": "IMPORTE", "date_source": "2026-10-03", "usage": "main", "service": "siding", "gauge": "1000", "operator": null, "electrified": "no", "longueur_m": 668.2 }, "geometry": { "type": "LineString", "coordinates": [ [ 13.360797, 6.006338 ], [ 13.364187, 6.010898 ], [ 13.364352, 6.011213 ] ] } },
{ "type": "Feature", "properties": { "tg_type": "INF.VOIE_FERREE", "nom": "", "source_id": "way/254692952", "source": "OSM_OSMFR_2026-10-03", "statut": "IMPORTE", "date_source": "2026-10-03", "usage": null, "service": "siding", "gauge": "1000", "operator": "CAMRAIL", "electrified": null, "longueur_m": 468.1 }, "geometry": { "type": "LineString", "coordinates": [ [ 13.586218, 7.339755 ], [ 13.587076, 7.339251 ], [ 13.588439, 7.338781 ], [ 13.589269, 7.338629 ], [ 13.590224, 7.338574 ] ] } },
{ "type": "Feature", "properties": { "tg_type": "INF.VOIE_FERREE", "nom": "", "source_id": "way/260745731", "source": "OSM_OSMFR_2026-10-03", "statut": "IMPORTE", "date_source": "2026-10-03", "usage": null, "service": "siding", "gauge": "1000", "operator": "CAMRAIL", "electrified": "no", "longueur_m": 591.1 }, "geometry": { "type": "LineString", "coordinates": [ [ 11.404123, 3.7504 ], [ 11.404932, 3.751428 ], [ 11.407605, 3.754435 ] ] } },
{ "type": "Feature", "properties": { "tg_type": "INF.VOIE_FERREE", "nom": "", "source_id": "way/263132630", "source": "OSM_OSMFR_2026-10-03", "statut": "IMPORTE", "date_source": "2026-10-03", "usage": "main", "service": null, "gauge": "1000", "operator": "Camrail", "electrified": "no", "longueur_m": 30.7 }, "geometry": { "type": "LineString", "coordinates": [ [ 13.266862, 6.922103 ], [ 13.266764, 6.921844 ] ] } },
{ "type": "Feature", "properties": { "tg_type": "INF.VOIE_FERREE", "nom": "", "source_id": "way/263132631", "source": "OSM_OSMFR_2026-10-03", "statut": "IMPORTE", "date_source": "2026-10-03", "usage": "main", "service": null, "gauge": "1000", "operator": "Camrail", "electrified": "no", "longueur_m": 1410.7 }, "geometry": { "type": "LineString", "coordinates": [ [ 13.266764, 6.921844 ], [ 13.263265, 6.91211 ], [ 13.263128, 6.91108 ], [ 13.263198, 6.910218 ], [ 13.26333, 6.909725 ] ] } },
{ "type": "Feature", "properties": { "tg_type": "INF.VOIE_FERREE", "nom": "", "source_id": "way/276983657", "source": "OSM_OSMFR_2026-10-03", "statut": "IMPORTE", "date_source": "2026-10-03", "usage": "main", "service": null, "gauge": "1000", "operator": "Camrail", "electrified": "no", "longueur_m": 30.1 }, "geometry": { "type": "LineString", "coordinates": [ [ 13.26333, 6.909725 ], [ 13.263415, 6.909467 ] ] } },
{ "type": "Feature", "properties": { "tg_type": "INF.VOIE_FERREE", "nom": "", "source_id": "way/276983658", "source": "OSM_OSMFR_2026-10-03", "statut": "IMPORTE", "date_source": "2026-10-03", "usage": "main", "service": null, "gauge": "1000", "operator": "Camrail", "electrified": "no", "longueur_m": 2327.0 }, "geometry": { "type": "LineString", "coordinates": [ [ 13.263415, 6.909467 ], [ 13.263818, 6.908627 ], [ 13.264603, 6.907727 ], [ 13.265288, 6.90722 ], [ 13.268152, 6.905712 ], [ 13.269275, 6.904917 ], [ 13.269632, 6.904525 ], [ 13.270113, 6.903798 ], [ 13.270486, 6.902833 ], [ 13.270589, 6.901984 ], [ 13.27028, 6.899822 ], [ 13.26956, 6.89869 ], [ 13.269071, 6.897583 ], [ 13.268813, 6.89676 ], [ 13.268916, 6.893414 ], [ 13.26855, 6.892263 ] ] } },
{ "type": "Feature", "properties": { "tg_type": "INF.VOIE_FERREE", "nom": "", "source_id": "way/301151724", "source": "OSM_OSMFR_2026-10-03", "statut": "IMPORTE", "date_source": "2026-10-03", "usage": "industrial", "service": "spur", "gauge": null, "operator": null, "electrified": null, "longueur_m": 207.2 }, "geometry": { "type": "LineString", "coordinates": [ [ 9.689451, 4.068104 ], [ 9.691298, 4.068368 ] ] } },
{ "type": "Feature", "properties": { "tg_type": "INF.VOIE_FERREE", "nom": "", "source_id": "way/301151725", "source": "OSM_OSMFR_2026-10-03", "statut": "IMPORTE", "date_source": "2026-10-03", "usage": "industrial", "service": "spur", "gauge": null, "operator": null, "electrified": null, "longueur_m": 207.0 }, "geometry": { "type": "LineString", "coordinates": [ [ 9.689447, 4.06813 ], [ 9.691293, 4.068396 ] ] } },
{ "type": "Feature", "properties": { "tg_type": "INF.VOIE_FERREE", "nom": "", "source_id": "way/301151726", "source": "OSM_OSMFR_2026-10-03", "statut": "IMPORTE", "date_source": "2026-10-03", "usage": "industrial", "service": "spur", "gauge": null, "operator": null, "electrified": null, "longueur_m": 207.3 }, "geometry": { "type": "LineString", "coordinates": [ [ 9.689453, 4.068086 ], [ 9.691302, 4.068348 ] ] } },
{ "type": "Feature", "properties": { "tg_type": "INF.VOIE_FERREE", "nom": "", "source_id": "way/301151727", "source": "OSM_OSMFR_2026-10-03", "statut": "IMPORTE", "date_source": "2026-10-03", "usage": "industrial", "service": "spur", "gauge": null, "operator": null, "electrified": null, "longueur_m": 1269.6 }, "geometry": { "type": "LineString", "coordinates": [ [ 9.681295, 4.070129 ], [ 9.686192, 4.06913 ], [ 9.687358, 4.068717 ], [ 9.687772, 4.068493 ], [ 9.687894, 4.068371 ], [ 9.688077, 4.067866 ], [ 9.687579, 4.065323 ], [ 9.687755, 4.064855 ], [ 9.688449, 4.064244 ] ] } },
{ "type": "Feature", "properties": { "tg_type": "INF.VOIE_FERREE", "nom": "", "source_id": "way/301151728", "source": "OSM_OSMFR_2026-10-03", "statut": "IMPORTE", "date_source": "2026-10-03", "usage": "industrial", "service": "spur", "gauge": null, "operator": null, "electrified": null, "longueur_m": 45.4 }, "geometry": { "type": "LineString", "coordinates": [ [ 9.689044, 4.068069 ], [ 9.689451, 4.068104 ] ] } },
{ "type": "Feature", "properties": { "tg_type": "INF.VOIE_FERREE", "nom": "", "source_id": "way/301151729", "source": "OSM_OSMFR_2026-10-03", "statut": "IMPORTE", "date_source": "2026-10-03", "usage": "industrial", "service": "spur", "gauge": null, "operator": null, "electrified": null, "longueur_m": 53.3 }, "geometry": { "type": "LineString", "coordinates": [ [ 9.68897, 4.068096 ], [ 9.689447, 4.06813 ] ] } },
{ "type": "Feature", "properties": { "tg_type": "INF.VOIE_FERREE", "nom": "", "source_id": "way/301151730", "source": "OSM_OSMFR_2026-10-03", "statut": "IMPORTE", "date_source": "2026-10-03", "usage": "industrial", "service": "spur", "gauge": null, "operator": null, "electrified": null, "longueur_m": 264.8 }, "geometry": { "type": "LineString", "coordinates": [ [ 9.684936, 4.069415 ], [ 9.684378, 4.069423 ], [ 9.6826, 4.069839 ] ] } },
{ "type": "Feature", "properties": { "tg_type": "INF.VOIE_FERREE", "nom": "", "source_id": "way/301151732", "source": "OSM_OSMFR_2026-10-03", "statut": "IMPORTE", "date_source": "2026-10-03", "usage": "branch", "service": "spur", "gauge": "1000", "operator": "CAMRAIL", "electrified": "no", "longueur_m": 928.9 }, "geometry": { "type": "LineString", "coordinates": [ [ 9.674916, 4.07196 ], [ 9.675428, 4.071552 ], [ 9.675816, 4.071437 ], [ 9.681295, 4.070129 ], [ 9.682961, 4.069963 ] ] } },
{ "type": "Feature", "properties": { "tg_type": "INF.VOIE_FERREE", "nom": "", "source_id": "way/301151733", "source": "OSM_OSMFR_2026-10-03", "statut": "IMPORTE", "date_source": "2026-10-03", "usage": "industrial", "service": "spur", "gauge": null, "operator": null, "electrified": null, "longueur_m": 217.2 }, "geometry": { "type": "LineString", "coordinates": [ [ 9.687596, 4.068604 ], [ 9.689044, 4.068069 ], [ 9.689453, 4.068086 ] ] } },
{ "type": "Feature", "properties": { "tg_type": "INF.VOIE_FERREE", "nom": "", "source_id": "way/311650585", "source": "OSM_OSMFR_2026-10-03", "statut": "IMPORTE", "date_source": "2026-10-03", "usage": null, "service": null, "gauge": "1000", "operator": null, "electrified": null, "longueur_m": 1959.9 }, "geometry": { "type": "MultiLineString", "coordinates": [ [ [ 9.83761, 4.051133 ], [ 9.837298, 4.050895 ] ], [ [ 9.837298, 4.050895 ], [ 9.831226, 4.047334 ], [ 9.829887, 4.046465 ], [ 9.830441, 4.046729 ], [ 9.831252, 4.047292 ], [ 9.837298, 4.050895 ] ] ] } },
{ "type": "Feature", "properties": { "tg_type": "INF.VOIE_FERREE", "nom": "", "source_id": "way/311650587", "source": "OSM_OSMFR_2026-10-03", "statut": "IMPORTE", "date_source": "2026-10-03", "usage": null, "service": null, "gauge": "1000", "operator": null, "electrified": null, "longueur_m": 779.9 }, "geometry": { "type": "LineString", "coordinates": [ [ 10.021912, 3.995616 ], [ 10.021576, 3.995839 ], [ 10.015624, 3.998743 ] ] } },
{ "type": "Feature", "properties": { "tg_type": "INF.VOIE_FERREE", "nom": "", "source_id": "way/311650588", "source": "OSM_OSMFR_2026-10-03", "statut": "IMPORTE", "date_source": "2026-10-03", "usage": null, "service": null, "gauge": "1000", "operator": null, "electrified": null, "longueur_m": 945.3 }, "geometry": { "type": "LineString", "coordinates": [ [ 10.014702, 3.999118 ], [ 10.015167, 3.998969 ], [ 10.021912, 3.995616 ], [ 10.022327, 3.995341 ] ] } },
{ "type": "Feature", "properties": { "tg_type": "INF.VOIE_FERREE", "nom": "", "source_id": "way/311650589", "source": "OSM_OSMFR_2026-10-03", "statut": "IMPORTE", "date_source": "2026-10-03", "usage": null, "service": null, "gauge": "1000", "operator": null, "electrified": null, "longueur_m": 984.2 }, "geometry": { "type": "LineString", "coordinates": [ [ 9.829745, 4.046367 ], [ 9.83118, 4.047407 ], [ 9.837325, 4.050965 ] ] } },
{ "type": "Feature", "properties": { "tg_type": "INF.VOIE_FERREE", "nom": "", "source_id": "way/311749350", "source": "OSM_OSMFR_2026-10-03", "statut": "IMPORTE", "date_source": "2026-10-03", "usage": "branch", "service": null, "gauge": "1000", "operator": "CAMRAIL", "electrified": "no", "longueur_m": 13073.4 }, "geometry": { "type": "LineString", "coordinates": [ [ 9.463962, 4.635896 ], [ 9.463823, 4.619207 ], [ 9.463953, 4.618102 ], [ 9.464215, 4.617123 ], [ 9.468357, 4.606819 ], [ 9.468637, 4.605756 ], [ 9.46868, 4.604549 ], [ 9.468512, 4.60351 ], [ 9.467501, 4.599084 ], [ 9.467331, 4.59816 ], [ 9.467288, 4.59704 ], [ 9.467476, 4.595391 ], [ 9.467984, 4.593287 ], [ 9.469341, 4.588456 ], [ 9.469428, 4.587834 ], [ 9.469196, 4.582982 ], [ 9.469515, 4.582114 ], [ 9.470197, 4.581406 ], [ 9.471785, 4.580545 ], [ 9.472395, 4.58001 ], [ 9.474136, 4.577132 ], [ 9.476153, 4.574861 ], [ 9.479214, 4.571665 ], [ 9.480418, 4.570797 ], [ 9.482116, 4.569944 ], [ 9.482987, 4.569135 ], [ 9.483267, 4.568544 ], [ 9.483405, 4.567552 ], [ 9.483347, 4.566939 ], [ 9.483145, 4.56638 ], [ 9.482536, 4.565593 ], [ 9.481779, 4.565023 ], [ 9.481276, 4.564833 ], [ 9.480227, 4.564648 ], [ 9.479142, 4.564764 ], [ 9.478411, 4.565086 ], [ 9.477145, 4.566084 ], [ 9.476668, 4.566369 ], [ 9.476149, 4.566538 ], [ 9.475228, 4.56657 ], [ 9.474449, 4.56638 ], [ 9.473909, 4.566031 ], [ 9.473496, 4.565619 ], [ 9.472453, 4.564252 ], [ 9.471902, 4.563729 ], [ 9.469953, 4.56308 ], [ 9.46927, 4.562489 ], [ 9.468878, 4.561581 ], [ 9.46882, 4.560805 ], [ 9.469641, 4.558429 ], [ 9.469694, 4.557848 ], [ 9.469514, 4.556866 ], [ 9.469238, 4.556212 ], [ 9.464566, 4.551028 ], [ 9.464057, 4.550079 ], [ 9.463883, 4.548983 ], [ 9.463986, 4.54797 ], [ 9.464976, 4.54519 ], [ 9.465188, 4.543888 ], [ 9.465131, 4.543087 ], [ 9.46488, 4.542164 ], [ 9.464039, 4.5406 ] ] } },
{ "type": "Feature", "properties": { "tg_type": "INF.VOIE_FERREE", "nom": "", "source_id": "way/311797926", "source": "OSM_OSMFR_2026-10-03", "statut": "IMPORTE", "date_source": "2026-10-03", "usage": "branch", "service": null, "gauge": "1000", "operator": "CAMRAIL", "electrified": "no", "longueur_m": 72.0 }, "geometry": { "type": "LineString", "coordinates": [ [ 9.499488, 4.518895 ], [ 9.500112, 4.518716 ] ] } },
{ "type": "Feature", "properties": { "tg_type": "INF.VOIE_FERREE", "nom": "", "source_id": "way/311797927", "source": "OSM_OSMFR_2026-10-03", "statut": "IMPORTE", "date_source": "2026-10-03", "usage": "branch", "service": "siding", "gauge": "1000", "operator": "CAMRAIL", "electrified": "no", "longueur_m": 419.2 }, "geometry": { "type": "LineString", "coordinates": [ [ 9.463957, 4.63531 ], [ 9.463835, 4.632407 ], [ 9.46392, 4.631528 ] ] } },
{ "type": "Feature", "properties": { "tg_type": "INF.VOIE_FERREE", "nom": "Ligne de l'Ouest : Douala-Mbanga", "source_id": "way/311797928", "source": "OSM_OSMFR_2026-10-03", "statut": "IMPORTE", "date_source": "2026-10-03", "usage": "branch", "service": null, "gauge": "1000", "operator": "CAMRAIL", "electrified": "no", "longueur_m": 55099.6 }, "geometry": { "type": "LineString", "coordinates": [ [ 9.56514, 4.49666 ], [ 9.56531, 4.492962 ], [ 9.565408, 4.492273 ], [ 9.565645, 4.486393 ], [ 9.565816, 4.48524 ], [ 9.566157, 4.484288 ], [ 9.570631, 4.477134 ], [ 9.570799, 4.476239 ], [ 9.570693, 4.475689 ], [ 9.570031, 4.474801 ], [ 9.568648, 4.47338 ], [ 9.567774, 4.472729 ], [ 9.567151, 4.472556 ], [ 9.566701, 4.472547 ], [ 9.563316, 4.473046 ], [ 9.562544, 4.472987 ], [ 9.560016, 4.472357 ], [ 9.559553, 4.472031 ], [ 9.559252, 4.4716 ], [ 9.557262, 4.468181 ], [ 9.557094, 4.467652 ], [ 9.557073, 4.467191 ], [ 9.557183, 4.46672 ], [ 9.557404, 4.466286 ], [ 9.563962, 4.459369 ], [ 9.564233, 4.459025 ], [ 9.564415, 4.458607 ], [ 9.564423, 4.457781 ], [ 9.563157, 4.450952 ], [ 9.563212, 4.450518 ], [ 9.565099, 4.443402 ], [ 9.566373, 4.438148 ], [ 9.566737, 4.437532 ], [ 9.567859, 4.436526 ], [ 9.570044, 4.435018 ], [ 9.57051, 4.434878 ], [ 9.571047, 4.434905 ], [ 9.571508, 4.435121 ], [ 9.571822, 4.435489 ], [ 9.571968, 4.435851 ], [ 9.572093, 4.436818 ], [ 9.572234, 4.437289 ], [ 9.572516, 4.437726 ], [ 9.572928, 4.438056 ], [ 9.573411, 4.438272 ], [ 9.577195, 4.438786 ], [ 9.577927, 4.43878 ], [ 9.57844, 4.438576 ], [ 9.579045, 4.438069 ], [ 9.579646, 4.437405 ], [ 9.58265, 4.433507 ], [ 9.583072, 4.432283 ], [ 9.583148, 4.431641 ], [ 9.582401, 4.424332 ], [ 9.582445, 4.423744 ], [ 9.582666, 4.423113 ], [ 9.58318, 4.422433 ], [ 9.586307, 4.419095 ], [ 9.586762, 4.418803 ], [ 9.587535, 4.418755 ], [ 9.588006, 4.418614 ], [ 9.588477, 4.418296 ], [ 9.588704, 4.417309 ], [ 9.58859, 4.416797 ], [ 9.58727, 4.415389 ], [ 9.587021, 4.414882 ], [ 9.586973, 4.414321 ], [ 9.587552, 4.411106 ], [ 9.5868, 4.408873 ], [ 9.586562, 4.408452 ], [ 9.586199, 4.408112 ], [ 9.585896, 4.40795 ], [ 9.585239, 4.407778 ], [ 9.57984, 4.406699 ], [ 9.579077, 4.406289 ], [ 9.578882, 4.405906 ], [ 9.578812, 4.405162 ], [ 9.578936, 4.404784 ], [ 9.579255, 4.404406 ], [ 9.579607, 4.404158 ], [ 9.580711, 4.403937 ], [ 9.581116, 4.403738 ], [ 9.58143, 4.403489 ], [ 9.58163, 4.403117 ], [ 9.581701, 4.402702 ], [ 9.58103, 4.399104 ], [ 9.581013, 4.398598 ], [ 9.581998, 4.396919 ], [ 9.584417, 4.39336 ], [ 9.585043, 4.391139 ], [ 9.585512, 4.389813 ], [ 9.585752, 4.389387 ], [ 9.586898, 4.388346 ], [ 9.58868, 4.386439 ], [ 9.589181, 4.385764 ], [ 9.589809, 4.384776 ], [ 9.591265, 4.38182 ], [ 9.591909, 4.381346 ], [ 9.593293, 4.380909 ], [ 9.594838, 4.380138 ], [ 9.596003, 4.379218 ], [ 9.59688, 4.378183 ], [ 9.598131, 4.377245 ], [ 9.598846, 4.376819 ], [ 9.599895, 4.376417 ], [ 9.603482, 4.375715 ], [ 9.604336, 4.375382 ], [ 9.604682, 4.374623 ], [ 9.60467, 4.37391 ], [ 9.602485, 4.371926 ], [ 9.602208, 4.371369 ], [ 9.60196, 4.370115 ], [ 9.601833, 4.368747 ], [ 9.601539, 4.368315 ], [ 9.601112, 4.367947 ], [ 9.600351, 4.367516 ], [ 9.599526, 4.3672 ], [ 9.599123, 4.366947 ], [ 9.598811, 4.365676 ], [ 9.59869, 4.362796 ], [ 9.598544, 4.362379 ], [ 9.598082, 4.362126 ], [ 9.594715, 4.36147 ], [ 9.593916, 4.361072 ], [ 9.593468, 4.360694 ], [ 9.593076, 4.360096 ], [ 9.592428, 4.358031 ], [ 9.592118, 4.357393 ], [ 9.590381, 4.355185 ], [ 9.588277, 4.353412 ], [ 9.587991, 4.352916 ], [ 9.587869, 4.352396 ], [ 9.587967, 4.35194 ], [ 9.588383, 4.350924 ], [ 9.58835, 4.350428 ], [ 9.58784, 4.34935 ], [ 9.587664, 4.348752 ], [ 9.587706, 4.348289 ], [ 9.587978, 4.347761 ], [ 9.589524, 4.346111 ], [ 9.589847, 4.345909 ], [ 9.590083, 4.345802 ], [ 9.591984, 4.34559 ], [ 9.592463, 4.345405 ], [ 9.5929, 4.345049 ], [ 9.593169, 4.344606 ], [ 9.593544, 4.34272 ], [ 9.593797, 4.342195 ], [ 9.594103, 4.341675 ], [ 9.595412, 4.340422 ], [ 9.595663, 4.340103 ], [ 9.595905, 4.339593 ], [ 9.596227, 4.336672 ], [ 9.596394, 4.336206 ], [ 9.598216, 4.334476 ], [ 9.598603, 4.33397 ], [ 9.598868, 4.333297 ], [ 9.599393, 4.328507 ], [ 9.599352, 4.328185 ], [ 9.599283, 4.327944 ], [ 9.599, 4.327547 ], [ 9.597507, 4.325827 ], [ 9.597242, 4.32516 ], [ 9.597258, 4.324667 ], [ 9.59738, 4.324314 ], [ 9.598297, 4.323313 ], [ 9.598534, 4.322529 ], [ 9.598517, 4.322057 ], [ 9.598416, 4.321703 ], [ 9.597755, 4.320618 ], [ 9.597588, 4.32017 ], [ 9.597555, 4.319593 ], [ 9.597698, 4.319032 ], [ 9.597951, 4.318597 ], [ 9.59844, 4.318162 ], [ 9.599875, 4.317434 ], [ 9.600189, 4.317109 ], [ 9.600393, 4.316434 ], [ 9.600377, 4.3161 ], [ 9.599651, 4.314513 ], [ 9.599545, 4.313667 ], [ 9.599357, 4.307178 ], [ 9.599557, 4.30373 ], [ 9.599688, 4.30323 ], [ 9.599965, 4.302734 ], [ 9.601107, 4.301429 ], [ 9.601331, 4.301006 ], [ 9.601531, 4.300461 ], [ 9.601886, 4.298428 ], [ 9.602057, 4.297883 ], [ 9.602566, 4.297261 ], [ 9.60315, 4.296875 ], [ 9.611268, 4.293024 ], [ 9.611835, 4.292536 ], [ 9.612177, 4.292101 ], [ 9.612422, 4.291438 ], [ 9.613416, 4.286107 ], [ 9.613913, 4.285213 ], [ 9.614786, 4.284367 ], [ 9.629631, 4.272806 ], [ 9.630559, 4.272069 ], [ 9.630935, 4.271662 ], [ 9.631196, 4.271219 ], [ 9.633959, 4.260607 ], [ 9.634027, 4.258474 ], [ 9.633076, 4.255203 ], [ 9.632682, 4.254461 ], [ 9.632182, 4.254102 ], [ 9.631607, 4.253948 ], [ 9.630675, 4.253999 ], [ 9.630042, 4.253843 ], [ 9.629521, 4.25341 ], [ 9.629302, 4.252801 ], [ 9.62941, 4.251941 ], [ 9.629964, 4.250143 ], [ 9.630042, 4.249482 ], [ 9.629986, 4.24882 ], [ 9.628936, 4.244927 ], [ 9.628451, 4.244287 ], [ 9.626623, 4.243086 ], [ 9.625915, 4.24285 ], [ 9.625106, 4.242926 ], [ 9.624153, 4.243464 ], [ 9.622394, 4.244837 ], [ 9.621914, 4.245039 ], [ 9.621256, 4.245064 ], [ 9.620561, 4.244779 ], [ 9.619716, 4.24427 ], [ 9.618824, 4.243915 ], [ 9.618182, 4.243705 ], [ 9.617548, 4.243677 ], [ 9.617252, 4.242687 ], [ 9.617264, 4.242032 ], [ 9.61796, 4.241498 ], [ 9.619532, 4.241244 ], [ 9.620047, 4.240831 ], [ 9.62033, 4.240452 ], [ 9.620447, 4.239768 ], [ 9.620047, 4.236799 ], [ 9.619826, 4.236275 ], [ 9.619026, 4.235577 ], [ 9.61861, 4.235013 ], [ 9.618438, 4.234371 ], [ 9.61822, 4.231443 ], [ 9.618046, 4.230619 ], [ 9.61785, 4.23022 ], [ 9.617225, 4.229788 ], [ 9.616846, 4.229719 ], [ 9.615329, 4.22983 ], [ 9.615002, 4.229749 ], [ 9.614656, 4.22957 ], [ 9.614288, 4.229106 ], [ 9.614027, 4.225921 ], [ 9.613886, 4.225133 ], [ 9.610329, 4.215949 ], [ 9.609562, 4.213674 ], [ 9.603464, 4.197514 ], [ 9.603288, 4.196518 ], [ 9.602504, 4.187629 ], [ 9.602274, 4.186493 ], [ 9.601763, 4.184883 ], [ 9.598354, 4.175873 ], [ 9.598104, 4.174951 ], [ 9.596178, 4.165482 ], [ 9.595823, 4.164164 ], [ 9.595667, 4.162817 ], [ 9.595823, 4.16188 ], [ 9.595846, 4.161098 ], [ 9.59576, 4.160633 ], [ 9.595314, 4.159786 ], [ 9.595104, 4.159037 ], [ 9.595066, 4.15846 ], [ 9.595336, 4.157744 ], [ 9.595695, 4.157183 ], [ 9.596108, 4.156782 ], [ 9.598182, 4.155401 ], [ 9.600301, 4.154801 ], [ 9.601001, 4.154366 ], [ 9.601492, 4.153684 ], [ 9.602248, 4.15128 ], [ 9.60286, 4.150488 ], [ 9.603996, 4.149277 ], [ 9.604316, 4.148353 ], [ 9.604272, 4.147572 ], [ 9.602353, 4.141237 ], [ 9.602278, 4.140065 ], [ 9.602961, 4.137226 ], [ 9.604115, 4.135105 ], [ 9.60505, 4.133894 ], [ 9.60628, 4.132679 ], [ 9.609804, 4.128333 ], [ 9.613549, 4.124161 ], [ 9.617071, 4.119696 ] ] } },
{ "type": "Feature", "properties": { "tg_type": "INF.VOIE_FERREE", "nom": "", "source_id": "way/311806807", "source": "OSM_OSMFR_2026-10-03", "statut": "IMPORTE", "date_source": "2026-10-03", "usage": null, "service": "siding", "gauge": "1000", "operator": null, "electrified": "no", "longueur_m": 1641.6 }, "geometry": { "type": "LineString", "coordinates": [ [ 10.771903, 3.643964 ], [ 10.771393, 3.644815 ], [ 10.771188, 3.645322 ], [ 10.770252, 3.649517 ], [ 10.770607, 3.64766 ], [ 10.771139, 3.645298 ], [ 10.771303, 3.644848 ], [ 10.773224, 3.641586 ], [ 10.773486, 3.641259 ] ] } },
{ "type": "Feature", "properties": { "tg_type": "INF.VOIE_FERREE", "nom": "", "source_id": "way/311806808", "source": "OSM_OSMFR_2026-10-03", "statut": "IMPORTE", "date_source": "2026-10-03", "usage": null, "service": "siding", "gauge": "1000", "operator": null, "electrified": "no", "longueur_m": 405.6 }, "geometry": { "type": "LineString", "coordinates": [ [ 10.773157, 3.641697 ], [ 10.772881, 3.642052 ], [ 10.771303, 3.644848 ] ] } },
{ "type": "Feature", "properties": { "tg_type": "INF.VOIE_FERREE", "nom": "", "source_id": "way/311806809", "source": "OSM_OSMFR_2026-10-03", "statut": "IMPORTE", "date_source": "2026-10-03", "usage": null, "service": "siding", "gauge": "1000", "operator": null, "electrified": "no", "longueur_m": 576.8 }, "geometry": { "type": "LineString", "coordinates": [ [ 10.773386, 3.641431 ], [ 10.771402, 3.64504 ], [ 10.771055, 3.646072 ] ] } },
{ "type": "Feature", "properties": { "tg_type": "INF.VOIE_FERREE", "nom": "", "source_id": "way/312451744", "source": "OSM_OSMFR_2026-10-03", "statut": "IMPORTE", "date_source": "2026-10-03", "usage": null, "service": null, "gauge": "1000", "operator": "CAMRAIL", "electrified": null, "longueur_m": 355.9 }, "geometry": { "type": "LineString", "coordinates": [ [ 11.903146, 4.458299 ], [ 11.90557, 4.460404 ] ] } },
{ "type": "Feature", "properties": { "tg_type": "INF.VOIE_FERREE", "nom": "", "source_id": "way/312451747", "source": "OSM_OSMFR_2026-10-03", "statut": "IMPORTE", "date_source": "2026-10-03", "usage": null, "service": "siding", "gauge": "1000", "operator": "CAMRAIL", "electrified": "no", "longueur_m": 295.1 }, "geometry": { "type": "LineString", "coordinates": [ [ 11.901395, 4.456919 ], [ 11.901865, 4.457222 ], [ 11.903146, 4.458299 ], [ 11.903422, 4.458629 ] ] } },
{ "type": "Feature", "properties": { "tg_type": "INF.VOIE_FERREE", "nom": "", "source_id": "way/312451749", "source": "OSM_OSMFR_2026-10-03", "statut": "IMPORTE", "date_source": "2026-10-03", "usage": null, "service": "siding", "gauge": "1000", "operator": "CAMRAIL", "electrified": "no", "longueur_m": 636.9 }, "geometry": { "type": "LineString", "coordinates": [ [ 11.901135, 4.456702 ], [ 11.901559, 4.457146 ], [ 11.903387, 4.458702 ], [ 11.905518, 4.460406 ] ] } },
{ "type": "Feature", "properties": { "tg_type": "INF.VOIE_FERREE", "nom": "", "source_id": "way/312451750", "source": "OSM_OSMFR_2026-10-03", "statut": "IMPORTE", "date_source": "2026-10-03", "usage": null, "service": "siding", "gauge": "1000", "operator": "CAMRAIL", "electrified": "no", "longueur_m": 625.4 }, "geometry": { "type": "LineString", "coordinates": [ [ 11.905723, 4.460532 ], [ 11.9034, 4.458675 ], [ 11.901395, 4.456919 ] ] } },
{ "type": "Feature", "properties": { "tg_type": "INF.VOIE_FERREE", "nom": "", "source_id": "way/312801210", "source": "OSM_OSMFR_2026-10-03", "statut": "IMPORTE", "date_source": "2026-10-03", "usage": "main", "service": null, "gauge": "1000", "operator": "Camrail", "electrified": "no", "longueur_m": 59.4 }, "geometry": { "type": "LineString", "coordinates": [ [ 13.193297, 4.887195 ], [ 13.192765, 4.887258 ] ] } },
{ "type": "Feature", "properties": { "tg_type": "INF.VOIE_FERREE", "nom": "", "source_id": "way/312801211", "source": "OSM_OSMFR_2026-10-03", "statut": "IMPORTE", "date_source": "2026-10-03", "usage": "main", "service": null, "gauge": "1000", "operator": "Camrail", "electrified": "no", "longueur_m": 22227.3 }, "geometry": { "type": "LineString", "coordinates": [ [ 13.192765, 4.887258 ], [ 13.190813, 4.88749 ], [ 13.189282, 4.887553 ], [ 13.1817, 4.886803 ], [ 13.180415, 4.886982 ], [ 13.17921, 4.88739 ], [ 13.173745, 4.890115 ], [ 13.172783, 4.890737 ], [ 13.17215, 4.891387 ], [ 13.17155, 4.892358 ], [ 13.17135, 4.892787 ], [ 13.170737, 4.895008 ], [ 13.17023, 4.89601 ], [ 13.16947, 4.896845 ], [ 13.168715, 4.897327 ], [ 13.167917, 4.89767 ], [ 13.16708, 4.897858 ], [ 13.166452, 4.897905 ], [ 13.163468, 4.897592 ], [ 13.162453, 4.89726 ], [ 13.159243, 4.89545 ], [ 13.158165, 4.89519 ], [ 13.157087, 4.895185 ], [ 13.155203, 4.895717 ], [ 13.142957, 4.899908 ], [ 13.142372, 4.900213 ], [ 13.138615, 4.903373 ], [ 13.138032, 4.904062 ], [ 13.137505, 4.9051 ], [ 13.137282, 4.90621 ], [ 13.137347, 4.907338 ], [ 13.137567, 4.9082 ], [ 13.138568, 4.910855 ], [ 13.138732, 4.912238 ], [ 13.138595, 4.913355 ], [ 13.138345, 4.914223 ], [ 13.137975, 4.915045 ], [ 13.137352, 4.915972 ], [ 13.135298, 4.918362 ], [ 13.134617, 4.918902 ], [ 13.134047, 4.919228 ], [ 13.132472, 4.91981 ], [ 13.129851, 4.920499 ], [ 13.124832, 4.921983 ], [ 13.12419, 4.922063 ], [ 13.123332, 4.922007 ], [ 13.122505, 4.921798 ], [ 13.121755, 4.921455 ], [ 13.120815, 4.920705 ], [ 13.117862, 4.9176 ], [ 13.116953, 4.916743 ], [ 13.116213, 4.91629 ], [ 13.115388, 4.915937 ], [ 13.114728, 4.915773 ], [ 13.11407, 4.915732 ], [ 13.113202, 4.915798 ], [ 13.111815, 4.91628 ], [ 13.111155, 4.916743 ], [ 13.109259, 4.918516 ], [ 13.108246, 4.919129 ], [ 13.107058, 4.919516 ], [ 13.10614, 4.91972 ], [ 13.10492, 4.91977 ], [ 13.104125, 4.919618 ], [ 13.103048, 4.919147 ], [ 13.10214, 4.918427 ], [ 13.101345, 4.91731 ], [ 13.099955, 4.914617 ], [ 13.09952, 4.913917 ], [ 13.098797, 4.913187 ], [ 13.09774, 4.912533 ], [ 13.096745, 4.912223 ], [ 13.095913, 4.912147 ], [ 13.087082, 4.912823 ], [ 13.08653, 4.912827 ], [ 13.085943, 4.912712 ], [ 13.085397, 4.912532 ], [ 13.084545, 4.912093 ], [ 13.083597, 4.9113 ], [ 13.083003, 4.910463 ], [ 13.082085, 4.908338 ], [ 13.081708, 4.907722 ], [ 13.080968, 4.906887 ], [ 13.080117, 4.906325 ], [ 13.079142, 4.905962 ], [ 13.078164, 4.905834 ], [ 13.074289, 4.906268 ], [ 13.073453, 4.90658 ], [ 13.072548, 4.907153 ], [ 13.065938, 4.913843 ], [ 13.065247, 4.914408 ], [ 13.064595, 4.914778 ], [ 13.063885, 4.915038 ], [ 13.062873, 4.915178 ], [ 13.056192, 4.91491 ], [ 13.055288, 4.915093 ], [ 13.05414, 4.915633 ], [ 13.053517, 4.916148 ], [ 13.0387, 4.931137 ], [ 13.037563, 4.93208 ], [ 13.034809, 4.933736 ] ] } },
{ "type": "Feature", "properties": { "tg_type": "INF.VOIE_FERREE", "nom": "", "source_id": "way/312837076", "source": "OSM_OSMFR_2026-10-03", "statut": "IMPORTE", "date_source": "2026-10-03", "usage": null, "service": "siding", "gauge": "1000", "operator": "CAMRAIL", "electrified": "no", "longueur_m": 960.7 }, "geometry": { "type": "LineString", "coordinates": [ [ 11.243827, 3.59144 ], [ 11.251554, 3.594139 ], [ 11.252011, 3.594226 ] ] } },
{ "type": "Feature", "properties": { "tg_type": "INF.VOIE_FERREE", "nom": "", "source_id": "way/314139617", "source": "OSM_OSMFR_2026-10-03", "statut": "IMPORTE", "date_source": "2026-10-03", "usage": "main", "service": null, "gauge": "1000", "operator": "Camrail", "electrified": "no", "longueur_m": 7.8 }, "geometry": { "type": "LineString", "coordinates": [ [ 12.724919, 4.914547 ], [ 12.724977, 4.914586 ] ] } },
{ "type": "Feature", "properties": { "tg_type": "INF.VOIE_FERREE", "nom": "", "source_id": "way/314139655", "source": "OSM_OSMFR_2026-10-03", "statut": "IMPORTE", "date_source": "2026-10-03", "usage": "main", "service": null, "gauge": "1000", "operator": "Camrail", "electrified": "no", "longueur_m": 15653.5 }, "geometry": { "type": "LineString", "coordinates": [ [ 12.650487, 4.897565 ], [ 12.644368, 4.897057 ], [ 12.642597, 4.897158 ], [ 12.623634, 4.901113 ], [ 12.620877, 4.901787 ], [ 12.619372, 4.901692 ], [ 12.610433, 4.89954 ], [ 12.609497, 4.899097 ], [ 12.608812, 4.898628 ], [ 12.605602, 4.896185 ], [ 12.604572, 4.895272 ], [ 12.603693, 4.89466 ], [ 12.603088, 4.89415 ], [ 12.60269, 4.893675 ], [ 12.602115, 4.892583 ], [ 12.60193, 4.89183 ], [ 12.601877, 4.89105 ], [ 12.602075, 4.886762 ], [ 12.601897, 4.885552 ], [ 12.601703, 4.88501 ], [ 12.60117, 4.884103 ], [ 12.600887, 4.88375 ], [ 12.599882, 4.882913 ], [ 12.599225, 4.882587 ], [ 12.59709, 4.88177 ], [ 12.596223, 4.88161 ], [ 12.595465, 4.881572 ], [ 12.580512, 4.88302 ], [ 12.579072, 4.882973 ], [ 12.578222, 4.882762 ], [ 12.572698, 4.880817 ], [ 12.565407, 4.87806 ], [ 12.56438, 4.877565 ], [ 12.56092, 4.875022 ], [ 12.555302, 4.869875 ], [ 12.554322, 4.868678 ], [ 12.550967, 4.86361 ], [ 12.550182, 4.862738 ], [ 12.543902, 4.858255 ], [ 12.542917, 4.857808 ], [ 12.539432, 4.856778 ], [ 12.538333, 4.856095 ], [ 12.537885, 4.855658 ], [ 12.533432, 4.85017 ] ] } },
{ "type": "Feature", "properties": { "tg_type": "INF.VOIE_FERREE", "nom": "Yaoundé-Ngaoundéré", "source_id": "way/315700592", "source": "OSM_OSMFR_2026-10-03", "statut": "IMPORTE", "date_source": "2026-10-03", "usage": "main", "service": null, "gauge": "1000", "operator": "Camrail", "electrified": "no", "longueur_m": 47.3 }, "geometry": { "type": "LineString", "coordinates": [ [ 13.321695, 6.315976 ], [ 13.32199, 6.315666 ] ] } },
{ "type": "Feature", "properties": { "tg_type": "INF.VOIE_FERREE", "nom": "", "source_id": "way/317103458", "source": "OSM_OSMFR_2026-10-03", "statut": "IMPORTE", "date_source": "2026-10-03", "usage": "main", "service": null, "gauge": "1000", "operator": "Camrail", "electrified": "no", "longueur_m": 9664.4 }, "geometry": { "type": "LineString", "coordinates": [ [ 13.319602, 5.818904 ], [ 13.319881, 5.817652 ], [ 13.32017, 5.815523 ], [ 13.319425, 5.808137 ], [ 13.319233, 5.807308 ], [ 13.318597, 5.806841 ], [ 13.318673, 5.806208 ], [ 13.317969, 5.805903 ], [ 13.31782, 5.805245 ], [ 13.317203, 5.804815 ], [ 13.315087, 5.803683 ], [ 13.314313, 5.803068 ], [ 13.31388, 5.802557 ], [ 13.31331, 5.801507 ], [ 13.313107, 5.800837 ], [ 13.313007, 5.799783 ], [ 13.313463, 5.79082 ], [ 13.313727, 5.78985 ], [ 13.316308, 5.78228 ], [ 13.316513, 5.781133 ], [ 13.316482, 5.78043 ], [ 13.315967, 5.779935 ], [ 13.31629, 5.779605 ], [ 13.314617, 5.775477 ], [ 13.31451, 5.774582 ], [ 13.31453, 5.77379 ], [ 13.314833, 5.772528 ], [ 13.315317, 5.771438 ], [ 13.320727, 5.762817 ], [ 13.321248, 5.761453 ], [ 13.321492, 5.760228 ], [ 13.321881, 5.743305 ], [ 13.321826, 5.742763 ], [ 13.321301, 5.740708 ], [ 13.321237, 5.739988 ], [ 13.321328, 5.738995 ], [ 13.321634, 5.73788 ] ] } },
{ "type": "Feature", "properties": { "tg_type": "INF.VOIE_FERREE", "nom": "", "source_id": "way/317103459", "source": "OSM_OSMFR_2026-10-03", "statut": "IMPORTE", "date_source": "2026-10-03", "usage": "main", "service": null, "gauge": "1000", "operator": "Camrail", "electrified": "no", "longueur_m": 45.1 }, "geometry": { "type": "LineString", "coordinates": [ [ 13.319513, 5.819302 ], [ 13.319602, 5.818904 ] ] } },
{ "type": "Feature", "properties": { "tg_type": "INF.VOIE_FERREE", "nom": "", "source_id": "way/320480525", "source": "OSM_OSMFR_2026-10-03", "statut": "IMPORTE", "date_source": "2026-10-03", "usage": "main", "service": null, "gauge": "1000", "operator": "Camrail", "electrified": "no", "longueur_m": 17390.6 }, "geometry": { "type": "LineString", "coordinates": [ [ 13.319221, 4.999447 ], [ 13.314915, 4.995598 ], [ 13.314182, 4.994683 ], [ 13.313757, 4.99347 ], [ 13.313637, 4.992517 ], [ 13.313812, 4.991375 ], [ 13.314128, 4.990467 ], [ 13.31545, 4.987547 ], [ 13.315663, 4.986398 ], [ 13.315648, 4.985557 ], [ 13.31537, 4.98454 ], [ 13.314873, 4.983568 ], [ 13.314545, 4.983123 ], [ 13.31191, 4.980495 ], [ 13.311447, 4.979728 ], [ 13.311092, 4.978725 ], [ 13.31101, 4.97806 ], [ 13.311052, 4.977422 ], [ 13.312102, 4.97286 ], [ 13.312495, 4.9705 ], [ 13.312005, 4.964968 ], [ 13.311752, 4.96368 ], [ 13.311335, 4.962818 ], [ 13.310583, 4.961942 ], [ 13.309865, 4.961348 ], [ 13.307703, 4.9599 ], [ 13.306812, 4.958968 ], [ 13.306403, 4.958393 ], [ 13.306052, 4.957793 ], [ 13.305674, 4.95684 ], [ 13.304963, 4.953788 ], [ 13.304889, 4.952745 ], [ 13.305309, 4.947279 ], [ 13.305748, 4.942935 ], [ 13.305758, 4.941928 ], [ 13.306072, 4.938268 ], [ 13.305903, 4.9372 ], [ 13.30563, 4.936482 ], [ 13.305075, 4.935593 ], [ 13.304645, 4.935135 ], [ 13.300677, 4.932022 ], [ 13.294991, 4.927812 ], [ 13.276145, 4.917712 ], [ 13.270385, 4.914708 ], [ 13.269658, 4.914488 ], [ 13.2691, 4.914422 ], [ 13.268365, 4.914442 ], [ 13.267525, 4.914587 ], [ 13.257722, 4.91843 ], [ 13.257067, 4.918552 ], [ 13.25578, 4.918572 ], [ 13.25023, 4.91742 ], [ 13.249307, 4.917183 ], [ 13.248432, 4.916802 ], [ 13.24766, 4.916193 ], [ 13.247107, 4.915552 ], [ 13.244688, 4.912275 ], [ 13.24403, 4.911682 ], [ 13.242945, 4.91104 ], [ 13.241918, 4.910697 ], [ 13.231487, 4.908832 ], [ 13.230892, 4.908612 ], [ 13.230165, 4.9082 ], [ 13.229393, 4.907472 ] ] } },
{ "type": "Feature", "properties": { "tg_type": "INF.VOIE_FERREE", "nom": "", "source_id": "way/320480530", "source": "OSM_OSMFR_2026-10-03", "statut": "IMPORTE", "date_source": "2026-10-03", "usage": "main", "service": null, "gauge": "1000", "operator": "Camrail", "electrified": "no", "longueur_m": 48.9 }, "geometry": { "type": "LineString", "coordinates": [ [ 13.319552, 4.999739 ], [ 13.319221, 4.999447 ] ] } },
{ "type": "Feature", "properties": { "tg_type": "INF.VOIE_FERREE", "nom": "", "source_id": "way/320674530", "source": "OSM_OSMFR_2026-10-03", "statut": "IMPORTE", "date_source": "2026-10-03", "usage": null, "service": null, "gauge": "1000", "operator": "CAMRAIL", "electrified": null, "longueur_m": 613.4 }, "geometry": { "type": "LineString", "coordinates": [ [ 12.383541, 4.696476 ], [ 12.382544, 4.695711 ], [ 12.381982, 4.695445 ], [ 12.378932, 4.694644 ], [ 12.37844, 4.694589 ] ] } },
{ "type": "Feature", "properties": { "tg_type": "INF.VOIE_FERREE", "nom": "", "source_id": "way/320674531", "source": "OSM_OSMFR_2026-10-03", "statut": "IMPORTE", "date_source": "2026-10-03", "usage": null, "service": null, "gauge": "1000", "operator": "CAMRAIL", "electrified": null, "longueur_m": 667.1 }, "geometry": { "type": "LineString", "coordinates": [ [ 12.383651, 4.696607 ], [ 12.382121, 4.695666 ], [ 12.378064, 4.694539 ] ] } },
{ "type": "Feature", "properties": { "tg_type": "INF.VOIE_FERREE", "nom": "", "source_id": "way/320674532", "source": "OSM_OSMFR_2026-10-03", "statut": "IMPORTE", "date_source": "2026-10-03", "usage": null, "service": null, "gauge": "1000", "operator": "CAMRAIL", "electrified": null, "longueur_m": 722.1 }, "geometry": { "type": "LineString", "coordinates": [ [ 12.37785, 4.694483 ], [ 12.381979, 4.69552 ], [ 12.382643, 4.695855 ], [ 12.383851, 4.696748 ] ] } },
{ "type": "Feature", "properties": { "tg_type": "INF.VOIE_FERREE", "nom": "", "source_id": "way/320674533", "source": "OSM_OSMFR_2026-10-03", "statut": "IMPORTE", "date_source": "2026-10-03", "usage": null, "service": null, "gauge": "1000", "operator": "CAMRAIL", "electrified": null, "longueur_m": 34.9 }, "geometry": { "type": "LineString", "coordinates": [ [ 12.380745, 4.69518 ], [ 12.380432, 4.695142 ] ] } },
{ "type": "Feature", "properties": { "tg_type": "INF.VOIE_FERREE", "nom": "", "source_id": "way/320674534", "source": "OSM_OSMFR_2026-10-03", "statut": "IMPORTE", "date_source": "2026-10-03", "usage": null, "service": null, "gauge": "1000", "operator": "CAMRAIL", "electrified": null, "longueur_m": 52.9 }, "geometry": { "type": "LineString", "coordinates": [ [ 12.380916, 4.695223 ], [ 12.38139, 4.695271 ] ] } },
{ "type": "Feature", "properties": { "tg_type": "INF.VOIE_FERREE", "nom": "", "source_id": "way/320861496", "source": "OSM_OSMFR_2026-10-03", "statut": "IMPORTE", "date_source": "2026-10-03", "usage": "main", "service": null, "gauge": "1000", "operator": "Camrail", "electrified": "no", "longueur_m": 162.4 }, "geometry": { "type": "LineString", "coordinates": [ [ 13.405009, 5.330498 ], [ 13.405104, 5.329032 ] ] } },
{ "type": "Feature", "properties": { "tg_type": "INF.VOIE_FERREE", "nom": "", "source_id": "way/320861498", "source": "OSM_OSMFR_2026-10-03", "statut": "IMPORTE", "date_source": "2026-10-03", "usage": "main", "service": null, "gauge": "1000", "operator": "Camrail", "electrified": "no", "longueur_m": 11860.3 }, "geometry": { "type": "LineString", "coordinates": [ [ 13.405121, 5.328689 ], [ 13.405395, 5.324543 ], [ 13.405222, 5.323258 ], [ 13.404938, 5.322497 ], [ 13.404515, 5.321798 ], [ 13.403857, 5.321072 ], [ 13.403328, 5.320665 ], [ 13.399139, 5.318672 ], [ 13.398121, 5.317947 ], [ 13.397553, 5.317235 ], [ 13.397058, 5.316297 ], [ 13.395618, 5.312275 ], [ 13.395406, 5.311386 ], [ 13.395415, 5.310183 ], [ 13.397184, 5.302058 ], [ 13.397249, 5.301194 ], [ 13.397177, 5.300415 ], [ 13.396685, 5.298584 ], [ 13.396547, 5.297342 ], [ 13.396647, 5.296492 ], [ 13.397134, 5.294575 ], [ 13.397227, 5.293503 ], [ 13.39697, 5.292327 ], [ 13.39658, 5.29152 ], [ 13.395761, 5.290514 ], [ 13.389486, 5.285671 ], [ 13.388655, 5.284458 ], [ 13.386807, 5.281127 ], [ 13.386247, 5.280397 ], [ 13.385683, 5.279888 ], [ 13.384516, 5.279315 ], [ 13.38007, 5.277872 ], [ 13.378937, 5.277323 ], [ 13.367855, 5.270543 ], [ 13.366868, 5.26971 ], [ 13.366155, 5.268705 ], [ 13.364803, 5.265858 ], [ 13.364391, 5.264736 ], [ 13.364266, 5.264082 ], [ 13.364204, 5.263353 ], [ 13.364256, 5.262791 ], [ 13.367304, 5.24322 ] ] } },
{ "type": "Feature", "properties": { "tg_type": "INF.VOIE_FERREE", "nom": "", "source_id": "way/321533239", "source": "OSM_OSMFR_2026-10-03", "statut": "IMPORTE", "date_source": "2026-10-03", "usage": "main", "service": null, "gauge": "1000", "operator": "Camrail", "electrified": "no", "longueur_m": 36.6 }, "geometry": { "type": "LineString", "coordinates": [ [ 13.034809, 4.933736 ], [ 13.034525, 4.933906 ] ] } },
{ "type": "Feature", "properties": { "tg_type": "INF.VOIE_FERREE", "nom": "", "source_id": "way/321533243", "source": "OSM_OSMFR_2026-10-03", "statut": "IMPORTE", "date_source": "2026-10-03", "usage": "main", "service": null, "gauge": "1000", "operator": "Camrail", "electrified": "no", "longueur_m": 24252.0 }, "geometry": { "type": "LineString", "coordinates": [ [ 13.034525, 4.933906 ], [ 13.02706, 4.938393 ], [ 13.026042, 4.938938 ], [ 13.025153, 4.939298 ], [ 13.024235, 4.93956 ], [ 13.019658, 4.940318 ], [ 13.018423, 4.940853 ], [ 13.017738, 4.941408 ], [ 13.017025, 4.942235 ], [ 13.014057, 4.946998 ], [ 13.013533, 4.94759 ], [ 13.012763, 4.948213 ], [ 13.012088, 4.94861 ], [ 13.0031, 4.953022 ], [ 13.0019, 4.953448 ], [ 12.997995, 4.954402 ], [ 12.997013, 4.95484 ], [ 12.996303, 4.955322 ], [ 12.995827, 4.95576 ], [ 12.99241, 4.959675 ], [ 12.991418, 4.960507 ], [ 12.989743, 4.961455 ], [ 12.984142, 4.96425 ], [ 12.977802, 4.968905 ], [ 12.976718, 4.96958 ], [ 12.975598, 4.970143 ], [ 12.97406, 4.970723 ], [ 12.953545, 4.976653 ], [ 12.952145, 4.97703 ], [ 12.950637, 4.97725 ], [ 12.949597, 4.977288 ], [ 12.945435, 4.977133 ], [ 12.94461, 4.977013 ], [ 12.943618, 4.97673 ], [ 12.942143, 4.97599 ], [ 12.938647, 4.973157 ], [ 12.937223, 4.97239 ], [ 12.922348, 4.967348 ], [ 12.921092, 4.967042 ], [ 12.920362, 4.966993 ], [ 12.919672, 4.967072 ], [ 12.919033, 4.967223 ], [ 12.918328, 4.96753 ], [ 12.91772, 4.967923 ], [ 12.913802, 4.971072 ], [ 12.912473, 4.97175 ], [ 12.911703, 4.971992 ], [ 12.911028, 4.972072 ], [ 12.910025, 4.972028 ], [ 12.909193, 4.971863 ], [ 12.908393, 4.971585 ], [ 12.907642, 4.971183 ], [ 12.89069, 4.960693 ], [ 12.889335, 4.959978 ], [ 12.888063, 4.959608 ], [ 12.883923, 4.95875 ], [ 12.866862, 4.95489 ], [ 12.865612, 4.954348 ], [ 12.861883, 4.952252 ], [ 12.860722, 4.951533 ], [ 12.856433, 4.948545 ], [ 12.855513, 4.948088 ], [ 12.854498, 4.9479 ], [ 12.85345, 4.94792 ], [ 12.841227, 4.950263 ], [ 12.840332, 4.95038 ], [ 12.839475, 4.95031 ], [ 12.83863, 4.950067 ] ] } },
{ "type": "Feature", "properties": { "tg_type": "INF.VOIE_FERREE", "nom": "", "source_id": "way/330064580", "source": "OSM_OSMFR_2026-10-03", "statut": "IMPORTE", "date_source": "2026-10-03", "usage": null, "service": "yard", "gauge": null, "operator": null, "electrified": null, "longueur_m": 1174.7 }, "geometry": { "type": "LineString", "coordinates": [ [ 13.291411, 4.92588 ], [ 13.294913, 4.927706 ], [ 13.296773, 4.92891 ], [ 13.300277, 4.93162 ] ] } },
{ "type": "Feature", "properties": { "tg_type": "INF.VOIE_FERREE", "nom": "", "source_id": "way/330064581", "source": "OSM_OSMFR_2026-10-03", "statut": "IMPORTE", "date_source": "2026-10-03", "usage": null, "service": "yard", "gauge": null, "operator": null, "electrified": null, "longueur_m": 336.4 }, "geometry": { "type": "LineString", "coordinates": [ [ 13.296228, 4.928609 ], [ 13.296646, 4.928662 ], [ 13.297465, 4.928261 ], [ 13.299145, 4.928057 ] ] } },
{ "type": "Feature", "properties": { "tg_type": "INF.VOIE_FERREE", "nom": "", "source_id": "way/330064582", "source": "OSM_OSMFR_2026-10-03", "statut": "IMPORTE", "date_source": "2026-10-03", "usage": null, "service": null, "gauge": null, "operator": null, "electrified": null, "longueur_m": 2422.9 }, "geometry": { "type": "LineString", "coordinates": [ [ 13.30394, 4.934591 ], [ 13.303374, 4.933913 ], [ 13.30299, 4.932997 ], [ 13.30298, 4.931968 ], [ 13.30317, 4.931295 ], [ 13.303574, 4.930631 ], [ 13.304351, 4.929709 ], [ 13.304815, 4.9293 ], [ 13.306588, 4.928594 ], [ 13.307828, 4.927602 ], [ 13.308234, 4.927407 ], [ 13.308947, 4.927242 ], [ 13.309728, 4.927282 ], [ 13.310842, 4.927519 ], [ 13.31151, 4.927578 ], [ 13.315224, 4.927833 ], [ 13.315942, 4.927769 ], [ 13.317832, 4.927041 ], [ 13.31816, 4.926777 ], [ 13.318459, 4.926353 ], [ 13.318869, 4.925487 ] ] } },
{ "type": "Feature", "properties": { "tg_type": "INF.VOIE_FERREE", "nom": "", "source_id": "way/330064583", "source": "OSM_OSMFR_2026-10-03", "statut": "IMPORTE", "date_source": "2026-10-03", "usage": null, "service": "yard", "gauge": null, "operator": null, "electrified": null, "longueur_m": 309.1 }, "geometry": { "type": "LineString", "coordinates": [ [ 13.296509, 4.928774 ], [ 13.297029, 4.928831 ], [ 13.297853, 4.928575 ], [ 13.299235, 4.928399 ] ] } },
{ "type": "Feature", "properties": { "tg_type": "INF.VOIE_FERREE", "nom": "", "source_id": "way/332142703", "source": "OSM_OSMFR_2026-10-03", "statut": "IMPORTE", "date_source": "2026-10-03", "usage": "main", "service": null, "gauge": "1000", "operator": "Camrail", "electrified": "no", "longueur_m": 69.2 }, "geometry": { "type": "LineString", "coordinates": [ [ 13.321634, 5.73788 ], [ 13.32183, 5.737286 ] ] } },
{ "type": "Feature", "properties": { "tg_type": "INF.VOIE_FERREE", "nom": "", "source_id": "way/332142704", "source": "OSM_OSMFR_2026-10-03", "statut": "IMPORTE", "date_source": "2026-10-03", "usage": "main", "service": null, "gauge": "1000", "operator": "Camrail", "electrified": "no", "longueur_m": 23419.6 }, "geometry": { "type": "LineString", "coordinates": [ [ 13.32183, 5.737286 ], [ 13.322301, 5.736098 ], [ 13.324972, 5.732613 ], [ 13.325355, 5.731663 ], [ 13.325463, 5.730388 ], [ 13.325105, 5.725792 ], [ 13.325087, 5.724065 ], [ 13.326472, 5.711803 ], [ 13.326677, 5.710988 ], [ 13.327093, 5.710055 ], [ 13.328505, 5.707935 ], [ 13.328892, 5.707106 ], [ 13.329417, 5.705055 ], [ 13.328003, 5.687377 ], [ 13.328188, 5.685933 ], [ 13.330685, 5.67746 ], [ 13.330933, 5.67626 ], [ 13.33098, 5.675385 ], [ 13.330663, 5.666337 ], [ 13.330823, 5.665168 ], [ 13.331062, 5.664485 ], [ 13.33157, 5.663658 ], [ 13.332257, 5.662965 ], [ 13.332907, 5.662493 ], [ 13.333663, 5.662126 ], [ 13.33431, 5.66196 ], [ 13.340623, 5.66081 ], [ 13.341628, 5.660528 ], [ 13.342423, 5.660108 ], [ 13.34322, 5.659425 ], [ 13.343767, 5.658713 ], [ 13.34416, 5.657912 ], [ 13.344388, 5.657028 ], [ 13.344427, 5.656127 ], [ 13.343223, 5.645468 ], [ 13.343187, 5.644703 ], [ 13.343327, 5.643658 ], [ 13.3438, 5.642345 ], [ 13.344383, 5.641447 ], [ 13.348262, 5.637483 ], [ 13.349258, 5.636603 ], [ 13.35205, 5.6336 ], [ 13.352863, 5.632535 ], [ 13.35339, 5.631322 ], [ 13.354243, 5.627228 ], [ 13.354313, 5.626435 ], [ 13.35423, 5.625627 ], [ 13.353912, 5.6247 ], [ 13.353085, 5.623483 ], [ 13.352505, 5.622077 ], [ 13.3509, 5.618755 ], [ 13.35068, 5.617903 ], [ 13.350615, 5.617223 ], [ 13.350742, 5.615875 ], [ 13.35106, 5.614922 ], [ 13.353243, 5.610758 ], [ 13.353737, 5.60964 ], [ 13.354057, 5.60808 ], [ 13.354023, 5.605058 ], [ 13.354135, 5.604005 ], [ 13.354332, 5.603147 ], [ 13.356797, 5.596423 ], [ 13.358522, 5.59223 ], [ 13.359028, 5.591132 ], [ 13.360125, 5.589262 ], [ 13.361225, 5.58765 ], [ 13.364557, 5.582122 ], [ 13.365415, 5.580512 ], [ 13.366479, 5.577625 ], [ 13.368618, 5.570053 ], [ 13.36947, 5.566622 ], [ 13.369833, 5.563672 ], [ 13.370122, 5.559607 ], [ 13.37029, 5.55841 ], [ 13.372791, 5.549782 ], [ 13.372979, 5.5489 ], [ 13.372974, 5.548136 ], [ 13.372826, 5.547216 ], [ 13.372416, 5.546209 ] ] } },
{ "type": "Feature", "properties": { "tg_type": "INF.VOIE_FERREE", "nom": "", "source_id": "way/350599753", "source": "OSM_OSMFR_2026-10-03", "statut": "IMPORTE", "date_source": "2026-10-03", "usage": null, "service": "yard", "gauge": null, "operator": null, "electrified": null, "longueur_m": 167.2 }, "geometry": { "type": "LineString", "coordinates": [ [ 9.74524, 4.040641 ], [ 9.744137, 4.041667 ] ] } },
{ "type": "Feature", "properties": { "tg_type": "INF.VOIE_FERREE", "nom": "", "source_id": "way/358130280", "source": "OSM_OSMFR_2026-10-03", "statut": "IMPORTE", "date_source": "2026-10-03", "usage": "main", "service": null, "gauge": "1000", "operator": "CAMRAIL", "electrified": "no", "longueur_m": 47140.9 }, "geometry": { "type": "LineString", "coordinates": [ [ 10.76523, 3.654418 ], [ 10.762372, 3.653833 ], [ 10.756676, 3.652096 ], [ 10.755137, 3.651867 ], [ 10.751675, 3.652012 ], [ 10.747705, 3.652341 ], [ 10.746398, 3.652241 ], [ 10.743363, 3.65169 ], [ 10.71332, 3.644052 ], [ 10.712338, 3.644008 ], [ 10.711474, 3.644084 ], [ 10.693281, 3.647948 ], [ 10.684711, 3.652639 ], [ 10.682444, 3.653749 ], [ 10.680043, 3.655251 ], [ 10.674535, 3.658319 ], [ 10.672386, 3.659371 ], [ 10.666429, 3.662637 ], [ 10.664184, 3.663614 ], [ 10.66276, 3.664095 ], [ 10.660106, 3.664597 ], [ 10.643275, 3.665385 ], [ 10.630902, 3.667559 ], [ 10.629192, 3.66809 ], [ 10.627188, 3.669498 ], [ 10.621891, 3.673764 ], [ 10.61957, 3.675772 ], [ 10.616659, 3.678123 ], [ 10.615767, 3.678662 ], [ 10.614416, 3.678986 ], [ 10.599516, 3.678281 ], [ 10.592245, 3.677819 ], [ 10.59008, 3.677808 ], [ 10.586132, 3.678275 ], [ 10.58432, 3.678186 ], [ 10.582289, 3.677684 ], [ 10.570665, 3.674088 ], [ 10.570098, 3.673816 ], [ 10.569111, 3.673215 ], [ 10.56851, 3.672707 ], [ 10.564038, 3.66805 ], [ 10.56235, 3.666521 ], [ 10.561093, 3.66584 ], [ 10.559787, 3.665258 ], [ 10.557491, 3.664478 ], [ 10.555312, 3.664321 ], [ 10.544364, 3.664649 ], [ 10.543458, 3.66458 ], [ 10.541898, 3.664167 ], [ 10.538748, 3.662956 ], [ 10.537463, 3.662626 ], [ 10.536879, 3.662581 ], [ 10.533419, 3.663483 ], [ 10.532756, 3.66355 ], [ 10.524436, 3.663753 ], [ 10.522893, 3.663495 ], [ 10.508966, 3.659987 ], [ 10.507437, 3.659733 ], [ 10.506478, 3.659751 ], [ 10.505011, 3.660145 ], [ 10.501557, 3.662015 ], [ 10.499619, 3.662945 ], [ 10.498089, 3.663292 ], [ 10.495377, 3.663334 ], [ 10.494784, 3.663409 ], [ 10.493686, 3.663773 ], [ 10.492774, 3.664359 ], [ 10.492314, 3.664769 ], [ 10.489822, 3.667223 ], [ 10.482894, 3.672688 ], [ 10.481622, 3.673405 ], [ 10.479863, 3.673968 ], [ 10.467158, 3.676536 ], [ 10.466092, 3.676837 ], [ 10.464472, 3.677629 ], [ 10.462941, 3.678832 ], [ 10.457769, 3.683301 ], [ 10.454835, 3.685326 ], [ 10.454363, 3.685787 ], [ 10.453121, 3.68795 ], [ 10.450569, 3.693016 ], [ 10.448938, 3.69603 ], [ 10.448744, 3.69652 ], [ 10.447766, 3.69756 ], [ 10.446389, 3.69827 ], [ 10.445806, 3.698405 ], [ 10.443612, 3.698399 ], [ 10.436584, 3.698027 ], [ 10.433991, 3.697234 ], [ 10.417745, 3.691432 ], [ 10.41609, 3.69094 ], [ 10.414356, 3.690971 ], [ 10.411771, 3.691963 ], [ 10.407471, 3.693891 ], [ 10.405566, 3.694659 ], [ 10.401068, 3.695163 ], [ 10.393687, 3.695811 ], [ 10.392155, 3.695693 ], [ 10.391259, 3.695402 ], [ 10.382206, 3.691444 ], [ 10.380309, 3.690649 ], [ 10.378899, 3.690204 ], [ 10.377542, 3.690119 ], [ 10.376265, 3.690354 ], [ 10.374933, 3.690961 ], [ 10.373929, 3.691687 ] ] } },
{ "type": "Feature", "properties": { "tg_type": "INF.VOIE_FERREE", "nom": "", "source_id": "way/358130281", "source": "OSM_OSMFR_2026-10-03", "statut": "IMPORTE", "date_source": "2026-10-03", "usage": "main", "service": null, "gauge": "1000", "operator": "CAMRAIL", "electrified": "no", "longueur_m": 10376.0 }, "geometry": { "type": "LineString", "coordinates": [ [ 10.205529, 3.789071 ], [ 10.20168, 3.792372 ], [ 10.199805, 3.793875 ], [ 10.197901, 3.795151 ], [ 10.190628, 3.798015 ], [ 10.188972, 3.798489 ], [ 10.184869, 3.798716 ], [ 10.177173, 3.798905 ], [ 10.176071, 3.798995 ], [ 10.175133, 3.799204 ], [ 10.164691, 3.803235 ], [ 10.162168, 3.804098 ], [ 10.160993, 3.804248 ], [ 10.158581, 3.804238 ], [ 10.157523, 3.804072 ], [ 10.147677, 3.800679 ], [ 10.140794, 3.798212 ], [ 10.139491, 3.797378 ], [ 10.136676, 3.794165 ], [ 10.135806, 3.793676 ], [ 10.134292, 3.793637 ], [ 10.133577, 3.793905 ], [ 10.132792, 3.794459 ], [ 10.132434, 3.794942 ], [ 10.132206, 3.795315 ], [ 10.131266, 3.797901 ], [ 10.130694, 3.799089 ], [ 10.128482, 3.804386 ], [ 10.127918, 3.805294 ], [ 10.127545, 3.805675 ], [ 10.126266, 3.806586 ] ] } },
{ "type": "Feature", "properties": { "tg_type": "INF.VOIE_FERREE", "nom": "", "source_id": "way/358140234", "source": "OSM_OSMFR_2026-10-03", "statut": "IMPORTE", "date_source": "2026-10-03", "usage": "main", "service": null, "gauge": "1000", "operator": "CAMRAIL", "electrified": "no", "longueur_m": 1259.8 }, "geometry": { "type": "LineString", "coordinates": [ [ 10.850702, 3.582082 ], [ 10.83974, 3.584995 ] ] } },
{ "type": "Feature", "properties": { "tg_type": "INF.VOIE_FERREE", "nom": "", "source_id": "way/358140243", "source": "OSM_OSMFR_2026-10-03", "statut": "IMPORTE", "date_source": "2026-10-03", "usage": "main", "service": null, "gauge": "1000", "operator": "CAMRAIL", "electrified": "no", "longueur_m": 2017.1 }, "geometry": { "type": "LineString", "coordinates": [ [ 10.82744, 3.59835 ], [ 10.812678, 3.60897 ] ] } },
{ "type": "Feature", "properties": { "tg_type": "INF.VOIE_FERREE", "nom": "", "source_id": "way/358140252", "source": "OSM_OSMFR_2026-10-03", "statut": "IMPORTE", "date_source": "2026-10-03", "usage": "main", "service": null, "gauge": "1000", "operator": "CAMRAIL", "electrified": "no", "longueur_m": 2630.2 }, "geometry": { "type": "LineString", "coordinates": [ [ 10.812678, 3.60897 ], [ 10.812, 3.60926 ], [ 10.811073, 3.609488 ], [ 10.806285, 3.609501 ], [ 10.805142, 3.609094 ], [ 10.804417, 3.608626 ], [ 10.802653, 3.607155 ], [ 10.802095, 3.606804 ], [ 10.801405, 3.606537 ], [ 10.800741, 3.606395 ], [ 10.800224, 3.606355 ], [ 10.799621, 3.606416 ], [ 10.798863, 3.606602 ], [ 10.796852, 3.607608 ], [ 10.795902, 3.608328 ], [ 10.795188, 3.609342 ], [ 10.793373, 3.613111 ] ] } },
{ "type": "Feature", "properties": { "tg_type": "INF.VOIE_FERREE", "nom": "", "source_id": "way/358140280", "source": "OSM_OSMFR_2026-10-03", "statut": "IMPORTE", "date_source": "2026-10-03", "usage": "main", "service": null, "gauge": "1000", "operator": "CAMRAIL", "electrified": "no", "longueur_m": 2117.1 }, "geometry": { "type": "LineString", "coordinates": [ [ 10.83974, 3.584995 ], [ 10.838692, 3.585342 ], [ 10.836588, 3.585879 ], [ 10.836054, 3.586145 ], [ 10.83538, 3.586642 ], [ 10.833375, 3.590257 ], [ 10.832112, 3.592697 ], [ 10.83086, 3.595369 ], [ 10.830328, 3.59606 ], [ 10.829922, 3.596448 ], [ 10.82744, 3.59835 ] ] } },
{ "type": "Feature", "properties": { "tg_type": "INF.VOIE_FERREE", "nom": "", "source_id": "way/358155039", "source": "OSM_OSMFR_2026-10-03", "statut": "IMPORTE", "date_source": "2026-10-03", "usage": "main", "service": null, "gauge": "1000", "operator": "CAMRAIL", "electrified": "no", "longueur_m": 2420.6 }, "geometry": { "type": "LineString", "coordinates": [ [ 10.880134, 3.572958 ], [ 10.877638, 3.571935 ], [ 10.876401, 3.571806 ], [ 10.875776, 3.571925 ], [ 10.875182, 3.572136 ], [ 10.874382, 3.572594 ], [ 10.873797, 3.573088 ], [ 10.872835, 3.574524 ], [ 10.871813, 3.575794 ], [ 10.870656, 3.576844 ], [ 10.869798, 3.577435 ], [ 10.868978, 3.577868 ], [ 10.868253, 3.578197 ], [ 10.866825, 3.578611 ], [ 10.865811, 3.578781 ], [ 10.86199, 3.579129 ], [ 10.861135, 3.579285 ] ] } },
{ "type": "Feature", "properties": { "tg_type": "INF.VOIE_FERREE", "nom": "", "source_id": "way/358155040", "source": "OSM_OSMFR_2026-10-03", "statut": "IMPORTE", "date_source": "2026-10-03", "usage": "main", "service": null, "gauge": "1000", "operator": "CAMRAIL", "electrified": "no", "longueur_m": 453.6 }, "geometry": { "type": "LineString", "coordinates": [ [ 10.883804, 3.574753 ], [ 10.880134, 3.572958 ] ] } },
{ "type": "Feature", "properties": { "tg_type": "INF.VOIE_FERREE", "nom": "", "source_id": "way/374457103", "source": "OSM_OSMFR_2026-10-03", "statut": "IMPORTE", "date_source": "2026-10-03", "usage": "main", "service": null, "gauge": "1000", "operator": "CAMRAIL", "electrified": "no", "longueur_m": 15.0 }, "geometry": { "type": "LineString", "coordinates": [ [ 10.779824, 3.633054 ], [ 10.779758, 3.633172 ] ] } },
{ "type": "Feature", "properties": { "tg_type": "INF.VOIE_FERREE", "nom": "", "source_id": "way/374457105", "source": "OSM_OSMFR_2026-10-03", "statut": "IMPORTE", "date_source": "2026-10-03", "usage": "main", "service": null, "gauge": "1000", "operator": "CAMRAIL", "electrified": "no", "longueur_m": 3028.6 }, "geometry": { "type": "LineString", "coordinates": [ [ 10.779758, 3.633172 ], [ 10.778932, 3.634475 ], [ 10.778378, 3.635086 ], [ 10.777491, 3.635844 ], [ 10.77573, 3.63716 ], [ 10.77527, 3.637601 ], [ 10.77478, 3.638296 ], [ 10.774116, 3.640165 ], [ 10.771351, 3.645019 ], [ 10.769798, 3.651516 ], [ 10.769256, 3.65257 ], [ 10.768559, 3.653382 ], [ 10.767892, 3.65387 ], [ 10.767214, 3.654194 ], [ 10.766259, 3.654463 ], [ 10.765757, 3.654501 ], [ 10.76523, 3.654418 ] ] } },
{ "type": "Feature", "properties": { "tg_type": "INF.VOIE_FERREE", "nom": "", "source_id": "way/374534094", "source": "OSM_OSMFR_2026-10-03", "statut": "IMPORTE", "date_source": "2026-10-03", "usage": "branch", "service": null, "gauge": "1000", "operator": "CAMRAIL", "electrified": "no", "longueur_m": 19.7 }, "geometry": { "type": "LineString", "coordinates": [ [ 9.464039, 4.5406 ], [ 9.463951, 4.540446 ] ] } },
{ "type": "Feature", "properties": { "tg_type": "INF.VOIE_FERREE", "nom": "", "source_id": "way/378231869", "source": "OSM_OSMFR_2026-10-03", "statut": "IMPORTE", "date_source": "2026-10-03", "usage": null, "service": null, "gauge": "1000", "operator": "CAMRAIL", "electrified": null, "longueur_m": 53.9 }, "geometry": { "type": "LineString", "coordinates": [ [ 11.529963, 3.87713 ], [ 11.530215, 3.877546 ] ] } },
{ "type": "Feature", "properties": { "tg_type": "INF.VOIE_FERREE", "nom": "", "source_id": "way/378231870", "source": "OSM_OSMFR_2026-10-03", "statut": "IMPORTE", "date_source": "2026-10-03", "usage": null, "service": null, "gauge": "1000", "operator": "CAMRAIL", "electrified": null, "longueur_m": 54.0 }, "geometry": { "type": "LineString", "coordinates": [ [ 11.530089, 3.877053 ], [ 11.530344, 3.877468 ] ] } },
{ "type": "Feature", "properties": { "tg_type": "INF.VOIE_FERREE", "nom": "", "source_id": "way/378231871", "source": "OSM_OSMFR_2026-10-03", "statut": "IMPORTE", "date_source": "2026-10-03", "usage": null, "service": null, "gauge": "1000", "operator": "CAMRAIL", "electrified": null, "longueur_m": 53.9 }, "geometry": { "type": "LineString", "coordinates": [ [ 11.530006, 3.877103 ], [ 11.530259, 3.87752 ] ] } },
{ "type": "Feature", "properties": { "tg_type": "INF.VOIE_FERREE", "nom": "", "source_id": "way/378231872", "source": "OSM_OSMFR_2026-10-03", "statut": "IMPORTE", "date_source": "2026-10-03", "usage": null, "service": null, "gauge": "1000", "operator": "CAMRAIL", "electrified": null, "longueur_m": 105.5 }, "geometry": { "type": "LineString", "coordinates": [ [ 11.530215, 3.877546 ], [ 11.530751, 3.87833 ] ] } },
{ "type": "Feature", "properties": { "tg_type": "INF.VOIE_FERREE", "nom": "", "source_id": "way/378231873", "source": "OSM_OSMFR_2026-10-03", "statut": "IMPORTE", "date_source": "2026-10-03", "usage": null, "service": null, "gauge": "1000", "operator": "CAMRAIL", "electrified": null, "longueur_m": 123.5 }, "geometry": { "type": "LineString", "coordinates": [ [ 11.529321, 3.876227 ], [ 11.530006, 3.877103 ] ] } },
{ "type": "Feature", "properties": { "tg_type": "INF.VOIE_FERREE", "nom": "", "source_id": "way/378231874", "source": "OSM_OSMFR_2026-10-03", "statut": "IMPORTE", "date_source": "2026-10-03", "usage": null, "service": null, "gauge": "1000", "operator": "CAMRAIL", "electrified": null, "longueur_m": 807.4 }, "geometry": { "type": "LineString", "coordinates": [ [ 11.530344, 3.877468 ], [ 11.530649, 3.877964 ], [ 11.530989, 3.878808 ], [ 11.531094, 3.879299 ], [ 11.531399, 3.884596 ] ] } },
{ "type": "Feature", "properties": { "tg_type": "INF.VOIE_FERREE", "nom": "", "source_id": "way/380960777", "source": "OSM_OSMFR_2026-10-03", "statut": "IMPORTE", "date_source": "2026-10-03", "usage": "main", "service": null, "gauge": "1000", "operator": "Camrail", "electrified": "no", "longueur_m": 3373.0 }, "geometry": { "type": "LineString", "coordinates": [ [ 13.25649, 6.875024 ], [ 13.256403, 6.873923 ], [ 13.256468, 6.873252 ], [ 13.257045, 6.87037 ], [ 13.25708, 6.869677 ], [ 13.257005, 6.868993 ], [ 13.25661, 6.867857 ], [ 13.254663, 6.864168 ], [ 13.254408, 6.863438 ], [ 13.254257, 6.862433 ], [ 13.254048, 6.845202 ] ] } },
{ "type": "Feature", "properties": { "tg_type": "INF.VOIE_FERREE", "nom": "", "source_id": "way/381758751", "source": "OSM_OSMFR_2026-10-03", "statut": "IMPORTE", "date_source": "2026-10-03", "usage": null, "service": null, "gauge": "1000", "operator": null, "electrified": null, "longueur_m": 5.7 }, "geometry": { "type": "LineString", "coordinates": [ [ 9.711373, 4.052988 ], [ 9.711337, 4.053025 ] ] } },
{ "type": "Feature", "properties": { "tg_type": "INF.VOIE_FERREE", "nom": "", "source_id": "way/381758752", "source": "OSM_OSMFR_2026-10-03", "statut": "IMPORTE", "date_source": "2026-10-03", "usage": null, "service": null, "gauge": "1000", "operator": null, "electrified": null, "longueur_m": 21.6 }, "geometry": { "type": "LineString", "coordinates": [ [ 9.711946, 4.052475 ], [ 9.711849, 4.052644 ] ] } },
{ "type": "Feature", "properties": { "tg_type": "INF.VOIE_FERREE", "nom": "", "source_id": "way/381758753", "source": "OSM_OSMFR_2026-10-03", "statut": "IMPORTE", "date_source": "2026-10-03", "usage": null, "service": null, "gauge": "1000", "operator": null, "electrified": null, "longueur_m": 20.8 }, "geometry": { "type": "LineString", "coordinates": [ [ 9.711931, 4.05264 ], [ 9.711876, 4.052819 ] ] } },
{ "type": "Feature", "properties": { "tg_type": "INF.VOIE_FERREE", "nom": "", "source_id": "way/381758754", "source": "OSM_OSMFR_2026-10-03", "statut": "IMPORTE", "date_source": "2026-10-03", "usage": null, "service": null, "gauge": "1000", "operator": null, "electrified": null, "longueur_m": 48.4 }, "geometry": { "type": "LineString", "coordinates": [ [ 9.711244, 4.053321 ], [ 9.710945, 4.05364 ] ] } },
{ "type": "Feature", "properties": { "tg_type": "INF.VOIE_FERREE", "nom": "", "source_id": "way/381758755", "source": "OSM_OSMFR_2026-10-03", "statut": "IMPORTE", "date_source": "2026-10-03", "usage": null, "service": null, "gauge": "1000", "operator": null, "electrified": null, "longueur_m": 30.6 }, "geometry": { "type": "LineString", "coordinates": [ [ 9.711337, 4.053025 ], [ 9.711147, 4.053226 ] ] } },
{ "type": "Feature", "properties": { "tg_type": "INF.VOIE_FERREE", "nom": "", "source_id": "way/381758756", "source": "OSM_OSMFR_2026-10-03", "statut": "IMPORTE", "date_source": "2026-10-03", "usage": null, "service": null, "gauge": "1000", "operator": null, "electrified": null, "longueur_m": 136.0 }, "geometry": { "type": "LineString", "coordinates": [ [ 9.711649, 4.053171 ], [ 9.710812, 4.054069 ] ] } },
{ "type": "Feature", "properties": { "tg_type": "INF.VOIE_FERREE", "nom": "", "source_id": "way/381758757", "source": "OSM_OSMFR_2026-10-03", "statut": "IMPORTE", "date_source": "2026-10-03", "usage": null, "service": null, "gauge": "1000", "operator": null, "electrified": null, "longueur_m": 6.6 }, "geometry": { "type": "LineString", "coordinates": [ [ 9.711478, 4.053072 ], [ 9.711437, 4.053115 ] ] } },
{ "type": "Feature", "properties": { "tg_type": "INF.VOIE_FERREE", "nom": "", "source_id": "way/381758758", "source": "OSM_OSMFR_2026-10-03", "statut": "IMPORTE", "date_source": "2026-10-03", "usage": null, "service": null, "gauge": "1000", "operator": null, "electrified": null, "longueur_m": 31.3 }, "geometry": { "type": "LineString", "coordinates": [ [ 9.711437, 4.053115 ], [ 9.711244, 4.053321 ] ] } },
{ "type": "Feature", "properties": { "tg_type": "INF.VOIE_FERREE", "nom": "", "source_id": "way/381758759", "source": "OSM_OSMFR_2026-10-03", "statut": "IMPORTE", "date_source": "2026-10-03", "usage": null, "service": null, "gauge": "1000", "operator": null, "electrified": null, "longueur_m": 46.1 }, "geometry": { "type": "LineString", "coordinates": [ [ 9.711147, 4.053226 ], [ 9.710862, 4.053528 ] ] } },
{ "type": "Feature", "properties": { "tg_type": "INF.VOIE_FERREE", "nom": "", "source_id": "way/381758760", "source": "OSM_OSMFR_2026-10-03", "statut": "IMPORTE", "date_source": "2026-10-03", "usage": null, "service": null, "gauge": "1000", "operator": null, "electrified": null, "longueur_m": 42.0 }, "geometry": { "type": "LineString", "coordinates": [ [ 9.712175, 4.052131 ], [ 9.711964, 4.052446 ] ] } },
{ "type": "Feature", "properties": { "tg_type": "INF.VOIE_FERREE", "nom": "", "source_id": "way/381758761", "source": "OSM_OSMFR_2026-10-03", "statut": "IMPORTE", "date_source": "2026-10-03", "usage": null, "service": null, "gauge": "1000", "operator": null, "electrified": null, "longueur_m": 39.2 }, "geometry": { "type": "LineString", "coordinates": [ [ 9.712062, 4.05231 ], [ 9.711931, 4.05264 ] ] } },
{ "type": "Feature", "properties": { "tg_type": "INF.VOIE_FERREE", "nom": "", "source_id": "way/381758762", "source": "OSM_OSMFR_2026-10-03", "statut": "IMPORTE", "date_source": "2026-10-03", "usage": null, "service": null, "gauge": "1000", "operator": null, "electrified": null, "longueur_m": 207.7 }, "geometry": { "type": "LineString", "coordinates": [ [ 9.710844, 4.053659 ], [ 9.709509, 4.054971 ] ] } },
{ "type": "Feature", "properties": { "tg_type": "INF.VOIE_FERREE", "nom": "", "source_id": "way/381758763", "source": "OSM_OSMFR_2026-10-03", "statut": "IMPORTE", "date_source": "2026-10-03", "usage": null, "service": null, "gauge": "1000", "operator": null, "electrified": null, "longueur_m": 167.6 }, "geometry": { "type": "LineString", "coordinates": [ [ 9.712378, 4.05186 ], [ 9.711373, 4.052988 ] ] } },
{ "type": "Feature", "properties": { "tg_type": "INF.VOIE_FERREE", "nom": "", "source_id": "way/381758764", "source": "OSM_OSMFR_2026-10-03", "statut": "IMPORTE", "date_source": "2026-10-03", "usage": null, "service": null, "gauge": "1000", "operator": null, "electrified": null, "longueur_m": 164.6 }, "geometry": { "type": "LineString", "coordinates": [ [ 9.710945, 4.05364 ], [ 9.709878, 4.05467 ] ] } },
{ "type": "Feature", "properties": { "tg_type": "INF.VOIE_FERREE", "nom": "", "source_id": "way/381758765", "source": "OSM_OSMFR_2026-10-03", "statut": "IMPORTE", "date_source": "2026-10-03", "usage": "main", "service": null, "gauge": "1000", "operator": "CAMRAIL", "electrified": "no", "longueur_m": 369.6 }, "geometry": { "type": "LineString", "coordinates": [ [ 9.708476, 4.05599 ], [ 9.710761, 4.053559 ] ] } },
{ "type": "Feature", "properties": { "tg_type": "INF.VOIE_FERREE", "nom": "", "source_id": "way/381758766", "source": "OSM_OSMFR_2026-10-03", "statut": "IMPORTE", "date_source": "2026-10-03", "usage": "main", "service": null, "gauge": "1000", "operator": null, "electrified": "no", "longueur_m": 181.2 }, "geometry": { "type": "LineString", "coordinates": [ [ 9.710761, 4.053559 ], [ 9.711893, 4.052379 ] ] } },
{ "type": "Feature", "properties": { "tg_type": "INF.VOIE_FERREE", "nom": "", "source_id": "way/383970448", "source": "OSM_OSMFR_2026-10-03", "statut": "IMPORTE", "date_source": "2026-10-03", "usage": null, "service": null, "gauge": null, "operator": null, "electrified": null, "longueur_m": 663.9 }, "geometry": { "type": "LineString", "coordinates": [ [ 13.25406, 6.846982 ], [ 13.254007, 6.847679 ], [ 13.25404, 6.852099 ], [ 13.254133, 6.852976 ] ] } },
{ "type": "Feature", "properties": { "tg_type": "INF.VOIE_FERREE", "nom": "", "source_id": "way/383970450", "source": "OSM_OSMFR_2026-10-03", "statut": "IMPORTE", "date_source": "2026-10-03", "usage": null, "service": null, "gauge": null, "operator": null, "electrified": null, "longueur_m": 666.7 }, "geometry": { "type": "LineString", "coordinates": [ [ 13.254134, 6.85306 ], [ 13.254131, 6.848512 ], [ 13.254061, 6.847038 ] ] } },
{ "type": "Feature", "properties": { "tg_type": "INF.VOIE_FERREE", "nom": "", "source_id": "way/449711200", "source": "OSM_OSMFR_2026-10-03", "statut": "IMPORTE", "date_source": "2026-10-03", "usage": null, "service": null, "gauge": "1000", "operator": "CAMRAIL", "electrified": null, "longueur_m": 677.3 }, "geometry": { "type": "LineString", "coordinates": [ [ 12.759254, 4.938157 ], [ 12.757454, 4.936941 ], [ 12.756821, 4.936626 ], [ 12.755713, 4.936174 ], [ 12.753775, 4.935573 ] ] } },
{ "type": "Feature", "properties": { "tg_type": "INF.VOIE_FERREE", "nom": "", "source_id": "way/449711201", "source": "OSM_OSMFR_2026-10-03", "statut": "IMPORTE", "date_source": "2026-10-03", "usage": null, "service": null, "gauge": "1000", "operator": "CAMRAIL", "electrified": null, "longueur_m": 216.9 }, "geometry": { "type": "LineString", "coordinates": [ [ 12.75662, 4.936418 ], [ 12.757721, 4.936971 ], [ 12.758311, 4.93739 ] ] } },
{ "type": "Feature", "properties": { "tg_type": "INF.VOIE_FERREE", "nom": "", "source_id": "way/449711202", "source": "OSM_OSMFR_2026-10-03", "statut": "IMPORTE", "date_source": "2026-10-03", "usage": null, "service": null, "gauge": "1000", "operator": "CAMRAIL", "electrified": null, "longueur_m": 361.4 }, "geometry": { "type": "LineString", "coordinates": [ [ 12.754035, 4.935643 ], [ 12.755979, 4.936156 ], [ 12.757099, 4.936693 ] ] } },
{ "type": "Feature", "properties": { "tg_type": "INF.VOIE_FERREE", "nom": "", "source_id": "way/449713018", "source": "OSM_OSMFR_2026-10-03", "statut": "IMPORTE", "date_source": "2026-10-03", "usage": null, "service": null, "gauge": "1000", "operator": "CAMRAIL", "electrified": null, "longueur_m": 670.9 }, "geometry": { "type": "LineString", "coordinates": [ [ 13.071863, 4.907813 ], [ 13.07081, 4.908982 ], [ 13.067604, 4.912112 ] ] } },
{ "type": "Feature", "properties": { "tg_type": "INF.VOIE_FERREE", "nom": "", "source_id": "way/449713019", "source": "OSM_OSMFR_2026-10-03", "statut": "IMPORTE", "date_source": "2026-10-03", "usage": null, "service": null, "gauge": "1000", "operator": "CAMRAIL", "electrified": null, "longueur_m": 603.2 }, "geometry": { "type": "LineString", "coordinates": [ [ 13.067828, 4.911885 ], [ 13.069334, 4.910272 ], [ 13.071652, 4.908025 ] ] } },
{ "type": "Feature", "properties": { "tg_type": "INF.VOIE_FERREE", "nom": "", "source_id": "way/449713611", "source": "OSM_OSMFR_2026-10-03", "statut": "IMPORTE", "date_source": "2026-10-03", "usage": "main", "service": null, "gauge": "1000", "operator": "Camrail", "electrified": "no", "longueur_m": 35.4 }, "geometry": { "type": "LineString", "coordinates": [ [ 12.650805, 4.897592 ], [ 12.650487, 4.897565 ] ] } },
{ "type": "Feature", "properties": { "tg_type": "INF.VOIE_FERREE", "nom": "", "source_id": "way/449713612", "source": "OSM_OSMFR_2026-10-03", "statut": "IMPORTE", "date_source": "2026-10-03", "usage": "main", "service": null, "gauge": "1000", "operator": "Camrail", "electrified": "no", "longueur_m": 32.4 }, "geometry": { "type": "LineString", "coordinates": [ [ 12.533432, 4.85017 ], [ 12.533241, 4.849948 ] ] } },
{ "type": "Feature", "properties": { "tg_type": "INF.VOIE_FERREE", "nom": "", "source_id": "way/449713613", "source": "OSM_OSMFR_2026-10-03", "statut": "IMPORTE", "date_source": "2026-10-03", "usage": "main", "service": null, "gauge": "1000", "operator": "Camrail", "electrified": "no", "longueur_m": 9135.8 }, "geometry": { "type": "LineString", "coordinates": [ [ 12.724919, 4.914547 ], [ 12.724487, 4.914292 ], [ 12.723095, 4.913866 ], [ 12.72057, 4.913779 ], [ 12.719692, 4.913577 ], [ 12.718724, 4.913156 ], [ 12.717625, 4.912258 ], [ 12.717275, 4.911787 ], [ 12.71711, 4.911278 ], [ 12.713993, 4.904285 ], [ 12.713378, 4.903403 ], [ 12.712797, 4.902765 ], [ 12.711958, 4.902062 ], [ 12.711057, 4.901502 ], [ 12.710042, 4.901095 ], [ 12.708713, 4.90079 ], [ 12.70043, 4.900036 ], [ 12.699642, 4.8999 ], [ 12.698873, 4.899646 ], [ 12.694392, 4.897387 ], [ 12.693935, 4.897213 ], [ 12.690757, 4.896455 ], [ 12.684595, 4.895175 ], [ 12.683782, 4.895025 ], [ 12.68258, 4.89493 ], [ 12.681243, 4.895008 ], [ 12.669282, 4.897383 ], [ 12.663448, 4.898447 ], [ 12.66167, 4.89863 ], [ 12.6541, 4.897812 ], [ 12.652715, 4.89778 ], [ 12.650805, 4.897592 ] ] } },
{ "type": "Feature", "properties": { "tg_type": "INF.VOIE_FERREE", "nom": "", "source_id": "way/449713614", "source": "OSM_OSMFR_2026-10-03", "statut": "IMPORTE", "date_source": "2026-10-03", "usage": "main", "service": null, "gauge": "1000", "operator": "Camrail", "electrified": "no", "longueur_m": 16645.0 }, "geometry": { "type": "LineString", "coordinates": [ [ 12.533241, 4.849948 ], [ 12.531248, 4.847542 ], [ 12.529973, 4.84616 ], [ 12.529462, 4.84572 ], [ 12.518672, 4.838763 ], [ 12.516433, 4.837407 ], [ 12.515753, 4.836902 ], [ 12.514508, 4.835718 ], [ 12.506662, 4.826578 ], [ 12.501962, 4.822688 ], [ 12.501193, 4.821583 ], [ 12.498242, 4.81523 ], [ 12.497997, 4.814443 ], [ 12.49735, 4.81138 ], [ 12.497065, 4.810562 ], [ 12.493115, 4.803553 ], [ 12.492067, 4.802402 ], [ 12.487063, 4.798808 ], [ 12.486498, 4.798258 ], [ 12.48606, 4.79768 ], [ 12.485728, 4.796937 ], [ 12.48552, 4.796115 ], [ 12.485403, 4.792998 ], [ 12.485105, 4.79198 ], [ 12.484595, 4.79106 ], [ 12.483852, 4.790267 ], [ 12.477903, 4.784682 ], [ 12.47722, 4.783952 ], [ 12.475055, 4.781012 ], [ 12.471462, 4.776828 ], [ 12.462805, 4.765972 ], [ 12.459295, 4.76145 ], [ 12.458282, 4.760198 ], [ 12.457152, 4.75898 ], [ 12.448547, 4.75118 ], [ 12.447052, 4.750143 ], [ 12.44529, 4.748543 ], [ 12.44447, 4.748143 ], [ 12.444048, 4.748038 ], [ 12.441343, 4.74769 ], [ 12.440515, 4.747487 ], [ 12.439422, 4.746925 ], [ 12.438793, 4.746407 ], [ 12.438405, 4.74597 ], [ 12.438117, 4.745492 ], [ 12.437703, 4.74457 ], [ 12.437537, 4.74387 ], [ 12.437617, 4.740732 ] ] } },
{ "type": "Feature", "properties": { "tg_type": "INF.VOIE_FERREE", "nom": "", "source_id": "way/449720293", "source": "OSM_OSMFR_2026-10-03", "statut": "IMPORTE", "date_source": "2026-10-03", "usage": "freight", "service": null, "gauge": "1000", "operator": null, "electrified": null, "longueur_m": 2006.6 }, "geometry": { "type": "LineString", "coordinates": [ [ 11.909561, 4.445143 ], [ 11.910154, 4.44628 ], [ 11.910307, 4.44674 ], [ 11.908527, 4.459511 ], [ 11.908297, 4.460019 ], [ 11.908093, 4.460276 ], [ 11.907707, 4.460586 ], [ 11.907224, 4.460779 ], [ 11.906677, 4.460843 ], [ 11.906375, 4.4608 ], [ 11.905723, 4.460532 ] ] } },
{ "type": "Feature", "properties": { "tg_type": "INF.VOIE_FERREE", "nom": "", "source_id": "way/449838565", "source": "OSM_OSMFR_2026-10-03", "statut": "IMPORTE", "date_source": "2026-10-03", "usage": "main", "service": null, "gauge": "1000", "operator": "Camrail", "electrified": "no", "longueur_m": 13.9 }, "geometry": { "type": "LineString", "coordinates": [ [ 11.891272, 4.446575 ], [ 11.891148, 4.446562 ] ] } },
{ "type": "Feature", "properties": { "tg_type": "INF.VOIE_FERREE", "nom": "", "source_id": "way/449838566", "source": "OSM_OSMFR_2026-10-03", "statut": "IMPORTE", "date_source": "2026-10-03", "usage": "main", "service": null, "gauge": "1000", "operator": "Camrail", "electrified": "no", "longueur_m": 2708.1 }, "geometry": { "type": "LineString", "coordinates": [ [ 11.908779, 4.463087 ], [ 11.899783, 4.455521 ], [ 11.8987, 4.454328 ], [ 11.894618, 4.448465 ], [ 11.893872, 4.447703 ], [ 11.893255, 4.44727 ], [ 11.89246, 4.446893 ], [ 11.891272, 4.446575 ] ] } },
{ "type": "Feature", "properties": { "tg_type": "INF.VOIE_FERREE", "nom": "", "source_id": "way/449845327", "source": "OSM_OSMFR_2026-10-03", "statut": "IMPORTE", "date_source": "2026-10-03", "usage": null, "service": "siding", "gauge": "1000", "operator": "CAMRAIL", "electrified": "no", "longueur_m": 675.0 }, "geometry": { "type": "LineString", "coordinates": [ [ 11.638827, 4.282054 ], [ 11.639543, 4.28219 ], [ 11.643746, 4.282606 ], [ 11.644873, 4.282614 ] ] } },
{ "type": "Feature", "properties": { "tg_type": "INF.VOIE_FERREE", "nom": "", "source_id": "way/449845328", "source": "OSM_OSMFR_2026-10-03", "statut": "IMPORTE", "date_source": "2026-10-03", "usage": "main", "service": null, "gauge": "1000", "operator": "Camrail", "electrified": "no", "longueur_m": 35.9 }, "geometry": { "type": "LineString", "coordinates": [ [ 11.668269, 4.333847 ], [ 11.668146, 4.333547 ] ] } },
{ "type": "Feature", "properties": { "tg_type": "INF.VOIE_FERREE", "nom": "", "source_id": "way/449845330", "source": "OSM_OSMFR_2026-10-03", "statut": "IMPORTE", "date_source": "2026-10-03", "usage": null, "service": "siding", "gauge": "1000", "operator": "CAMRAIL", "electrified": "no", "longueur_m": 389.9 }, "geometry": { "type": "LineString", "coordinates": [ [ 11.644322, 4.282598 ], [ 11.64141, 4.282308 ], [ 11.640825, 4.282318 ] ] } },
{ "type": "Feature", "properties": { "tg_type": "INF.VOIE_FERREE", "nom": "", "source_id": "way/449845331", "source": "OSM_OSMFR_2026-10-03", "statut": "IMPORTE", "date_source": "2026-10-03", "usage": "main", "service": null, "gauge": "1000", "operator": "Camrail", "electrified": "no", "longueur_m": 8176.0 }, "geometry": { "type": "LineString", "coordinates": [ [ 11.732778, 4.385083 ], [ 11.72981, 4.382463 ], [ 11.729022, 4.381663 ], [ 11.72845, 4.380695 ], [ 11.727795, 4.378793 ], [ 11.727537, 4.378245 ], [ 11.726778, 4.37727 ], [ 11.725675, 4.376478 ], [ 11.725058, 4.376243 ], [ 11.724218, 4.376055 ], [ 11.721388, 4.37591 ], [ 11.720002, 4.375547 ], [ 11.719325, 4.37517 ], [ 11.714825, 4.37194 ], [ 11.713535, 4.371185 ], [ 11.712107, 4.370838 ], [ 11.70005, 4.368503 ], [ 11.699318, 4.368277 ], [ 11.698647, 4.367933 ], [ 11.698072, 4.367482 ], [ 11.697575, 4.366938 ], [ 11.697102, 4.366213 ], [ 11.696017, 4.36422 ], [ 11.695522, 4.36363 ], [ 11.694923, 4.363138 ], [ 11.69415, 4.362697 ], [ 11.693295, 4.36243 ], [ 11.69116, 4.36225 ], [ 11.690305, 4.362065 ], [ 11.689605, 4.36177 ], [ 11.688875, 4.36128 ], [ 11.682768, 4.355455 ], [ 11.68192, 4.354293 ], [ 11.680385, 4.351235 ], [ 11.679453, 4.350021 ], [ 11.678901, 4.349537 ], [ 11.674482, 4.346623 ] ] } },
{ "type": "Feature", "properties": { "tg_type": "INF.VOIE_FERREE", "nom": "", "source_id": "way/449845332", "source": "OSM_OSMFR_2026-10-03", "statut": "IMPORTE", "date_source": "2026-10-03", "usage": null, "service": "siding", "gauge": "1000", "operator": "CAMRAIL", "electrified": "no", "longueur_m": 392.1 }, "geometry": { "type": "LineString", "coordinates": [ [ 11.638411, 4.281963 ], [ 11.639975, 4.282174 ], [ 11.641921, 4.282318 ] ] } },
{ "type": "Feature", "properties": { "tg_type": "INF.VOIE_FERREE", "nom": "", "source_id": "way/449845333", "source": "OSM_OSMFR_2026-10-03", "statut": "IMPORTE", "date_source": "2026-10-03", "usage": null, "service": "siding", "gauge": "1000", "operator": "CAMRAIL", "electrified": "no", "longueur_m": 674.6 }, "geometry": { "type": "LineString", "coordinates": [ [ 11.644668, 4.282591 ], [ 11.643246, 4.282389 ], [ 11.63863, 4.281985 ] ] } },
{ "type": "Feature", "properties": { "tg_type": "INF.VOIE_FERREE", "nom": "", "source_id": "way/449849434", "source": "OSM_OSMFR_2026-10-03", "statut": "IMPORTE", "date_source": "2026-10-03", "usage": null, "service": "siding", "gauge": "1000", "operator": "CAMRAIL", "electrified": "no", "longueur_m": 730.9 }, "geometry": { "type": "LineString", "coordinates": [ [ 11.544894, 4.149238 ], [ 11.546959, 4.15551 ] ] } },
{ "type": "Feature", "properties": { "tg_type": "INF.VOIE_FERREE", "nom": "", "source_id": "way/449849435", "source": "OSM_OSMFR_2026-10-03", "statut": "IMPORTE", "date_source": "2026-10-03", "usage": null, "service": "yard", "gauge": "1000", "operator": "CAMRAIL", "electrified": "no", "longueur_m": 136.6 }, "geometry": { "type": "LineString", "coordinates": [ [ 11.545705, 4.152167 ], [ 11.546123, 4.153328 ] ] } },
{ "type": "Feature", "properties": { "tg_type": "INF.VOIE_FERREE", "nom": "", "source_id": "way/449849437", "source": "OSM_OSMFR_2026-10-03", "statut": "IMPORTE", "date_source": "2026-10-03", "usage": null, "service": "siding", "gauge": "1000", "operator": "CAMRAIL", "electrified": "no", "longueur_m": 300.0 }, "geometry": { "type": "LineString", "coordinates": [ [ 11.546668, 4.154777 ], [ 11.546194, 4.153548 ], [ 11.545831, 4.152206 ] ] } },
{ "type": "Feature", "properties": { "tg_type": "INF.VOIE_FERREE", "nom": "", "source_id": "way/449849438", "source": "OSM_OSMFR_2026-10-03", "statut": "IMPORTE", "date_source": "2026-10-03", "usage": null, "service": "siding", "gauge": "1000", "operator": "CAMRAIL", "electrified": "no", "longueur_m": 695.5 }, "geometry": { "type": "LineString", "coordinates": [ [ 11.544927, 4.149337 ], [ 11.545219, 4.150062 ], [ 11.546892, 4.155304 ] ] } },
{ "type": "Feature", "properties": { "tg_type": "INF.VOIE_FERREE", "nom": "", "source_id": "way/449877055", "source": "OSM_OSMFR_2026-10-03", "statut": "IMPORTE", "date_source": "2026-10-03", "usage": "main", "service": null, "gauge": "1000", "operator": "Camrail", "electrified": "no", "longueur_m": 35.2 }, "geometry": { "type": "LineString", "coordinates": [ [ 13.263192, 6.779766 ], [ 13.263268, 6.779457 ] ] } },
{ "type": "Feature", "properties": { "tg_type": "INF.VOIE_FERREE", "nom": "", "source_id": "way/449877056", "source": "OSM_OSMFR_2026-10-03", "statut": "IMPORTE", "date_source": "2026-10-03", "usage": "main", "service": null, "gauge": "1000", "operator": "Camrail", "electrified": "no", "longueur_m": 17.7 }, "geometry": { "type": "LineString", "coordinates": [ [ 13.563615, 7.348854 ], [ 13.563532, 7.348716 ] ] } },
{ "type": "Feature", "properties": { "tg_type": "INF.VOIE_FERREE", "nom": "", "source_id": "way/449877057", "source": "OSM_OSMFR_2026-10-03", "statut": "IMPORTE", "date_source": "2026-10-03", "usage": "main", "service": null, "gauge": "1000", "operator": "Camrail", "electrified": "no", "longueur_m": 34.4 }, "geometry": { "type": "LineString", "coordinates": [ [ 13.469014, 7.279897 ], [ 13.468712, 7.279821 ] ] } },
{ "type": "Feature", "properties": { "tg_type": "INF.VOIE_FERREE", "nom": "", "source_id": "way/449877058", "source": "OSM_OSMFR_2026-10-03", "statut": "IMPORTE", "date_source": "2026-10-03", "usage": "main", "service": null, "gauge": "1000", "operator": "Camrail", "electrified": "no", "longueur_m": 30.4 }, "geometry": { "type": "LineString", "coordinates": [ [ 13.318269, 7.097004 ], [ 13.318218, 7.096733 ] ] } },
{ "type": "Feature", "properties": { "tg_type": "INF.VOIE_FERREE", "nom": "", "source_id": "way/449877059", "source": "OSM_OSMFR_2026-10-03", "statut": "IMPORTE", "date_source": "2026-10-03", "usage": "main", "service": null, "gauge": "1000", "operator": "Camrail", "electrified": "no", "longueur_m": 6111.2 }, "geometry": { "type": "LineString", "coordinates": [ [ 13.468712, 7.279821 ], [ 13.467648, 7.27936 ], [ 13.466993, 7.278883 ], [ 13.462442, 7.274302 ], [ 13.462065, 7.273833 ], [ 13.461742, 7.273305 ], [ 13.461403, 7.27243 ], [ 13.461268, 7.27165 ], [ 13.461453, 7.26891 ], [ 13.461362, 7.267747 ], [ 13.46116, 7.267103 ], [ 13.460772, 7.26636 ], [ 13.460372, 7.265815 ], [ 13.459752, 7.265208 ], [ 13.459162, 7.264808 ], [ 13.458357, 7.264448 ], [ 13.457663, 7.264277 ], [ 13.456953, 7.264208 ], [ 13.45606, 7.264283 ], [ 13.45248, 7.265002 ], [ 13.451975, 7.26504 ], [ 13.45084, 7.264902 ], [ 13.450077, 7.264637 ], [ 13.449512, 7.264333 ], [ 13.448882, 7.263857 ], [ 13.444682, 7.260113 ], [ 13.444095, 7.259512 ], [ 13.443487, 7.258508 ], [ 13.442763, 7.256615 ], [ 13.442313, 7.255723 ], [ 13.439513, 7.252147 ], [ 13.438968, 7.251505 ], [ 13.438043, 7.250787 ], [ 13.435047, 7.249205 ], [ 13.434513, 7.248802 ], [ 13.434047, 7.24832 ], [ 13.433498, 7.2475 ], [ 13.432317, 7.245245 ] ] } },
{ "type": "Feature", "properties": { "tg_type": "INF.VOIE_FERREE", "nom": "", "source_id": "way/449877060", "source": "OSM_OSMFR_2026-10-03", "statut": "IMPORTE", "date_source": "2026-10-03", "usage": "main", "service": null, "gauge": "1000", "operator": "Camrail", "electrified": "no", "longueur_m": 2034.1 }, "geometry": { "type": "MultiLineString", "coordinates": [ [ [ 13.590028, 7.338727 ], [ 13.58865, 7.33889 ], [ 13.587925, 7.339087 ], [ 13.586218, 7.339755 ] ], [ [ 13.590028, 7.338727 ], [ 13.591379, 7.338581 ], [ 13.592059, 7.338333 ], [ 13.593529, 7.336941 ], [ 13.593979, 7.335993 ], [ 13.594283, 7.335636 ], [ 13.594657, 7.335497 ], [ 13.594976, 7.335516 ], [ 13.595477, 7.335735 ], [ 13.595586, 7.335884 ], [ 13.595705, 7.336444 ], [ 13.595551, 7.336863 ], [ 13.594609, 7.33815 ], [ 13.593983, 7.338564 ], [ 13.59346, 7.33868 ], [ 13.590028, 7.338727 ] ] ] } },
{ "type": "Feature", "properties": { "tg_type": "INF.VOIE_FERREE", "nom": "", "source_id": "way/449877061", "source": "OSM_OSMFR_2026-10-03", "statut": "IMPORTE", "date_source": "2026-10-03", "usage": "main", "service": null, "gauge": "1000", "operator": "Camrail", "electrified": "no", "longueur_m": 19620.3 }, "geometry": { "type": "LineString", "coordinates": [ [ 13.263268, 6.779457 ], [ 13.265857, 6.76825 ], [ 13.266057, 6.76778 ], [ 13.266647, 6.76676 ], [ 13.281021, 6.744483 ], [ 13.285067, 6.733843 ], [ 13.285199, 6.733127 ], [ 13.285255, 6.732174 ], [ 13.285023, 6.727576 ], [ 13.284982, 6.72602 ], [ 13.285045, 6.725252 ], [ 13.2853, 6.723865 ], [ 13.286529, 6.719232 ], [ 13.288454, 6.701864 ], [ 13.291059, 6.687747 ], [ 13.29169, 6.685662 ], [ 13.293813, 6.679619 ], [ 13.294326, 6.678702 ], [ 13.295344, 6.677362 ], [ 13.29723, 6.67519 ], [ 13.298374, 6.674297 ], [ 13.299542, 6.673811 ], [ 13.305402, 6.671866 ], [ 13.306391, 6.671277 ], [ 13.307456, 6.670326 ], [ 13.307926, 6.669568 ], [ 13.310375, 6.662427 ], [ 13.310613, 6.661852 ], [ 13.31103, 6.661153 ], [ 13.311803, 6.660292 ], [ 13.312482, 6.659788 ], [ 13.313388, 6.659327 ], [ 13.315885, 6.658365 ], [ 13.316662, 6.657863 ], [ 13.3173, 6.65724 ], [ 13.317837, 6.656362 ], [ 13.320237, 6.651683 ], [ 13.32058, 6.65088 ], [ 13.320813, 6.649857 ], [ 13.32085, 6.648975 ], [ 13.320717, 6.647925 ], [ 13.320445, 6.647083 ], [ 13.319843, 6.646003 ], [ 13.316373, 6.64122 ], [ 13.315862, 6.64028 ], [ 13.315502, 6.639302 ], [ 13.315317, 6.638455 ], [ 13.31382, 6.627462 ], [ 13.31384, 6.626815 ], [ 13.314321, 6.623125 ] ] } },
{ "type": "Feature", "properties": { "tg_type": "INF.VOIE_FERREE", "nom": "", "source_id": "way/449877062", "source": "OSM_OSMFR_2026-10-03", "statut": "IMPORTE", "date_source": "2026-10-03", "usage": "main", "service": null, "gauge": "1000", "operator": "Camrail", "electrified": "no", "longueur_m": 805.5 }, "geometry": { "type": "LineString", "coordinates": [ [ 13.352255, 7.214109 ], [ 13.351593, 7.213937 ], [ 13.35094, 7.213637 ], [ 13.350288, 7.213195 ], [ 13.349745, 7.212678 ], [ 13.349208, 7.21192 ], [ 13.348945, 7.21135 ], [ 13.34874, 7.210712 ], [ 13.348321, 7.208633 ] ] } },
{ "type": "Feature", "properties": { "tg_type": "INF.VOIE_FERREE", "nom": "", "source_id": "way/468241602", "source": "OSM_OSMFR_2026-10-03", "statut": "IMPORTE", "date_source": "2026-10-03", "usage": "main", "service": null, "gauge": "1000", "operator": null, "electrified": "no", "longueur_m": 116.1 }, "geometry": { "type": "LineString", "coordinates": [ [ 9.711893, 4.052379 ], [ 9.712607, 4.051612 ] ] } },
{ "type": "Feature", "properties": { "tg_type": "INF.VOIE_FERREE", "nom": "", "source_id": "way/468246868", "source": "OSM_OSMFR_2026-10-03", "statut": "IMPORTE", "date_source": "2026-10-03", "usage": "branch", "service": null, "gauge": "1000", "operator": "CAMRAIL", "electrified": "no", "longueur_m": 10473.6 }, "geometry": { "type": "LineString", "coordinates": [ [ 9.500112, 4.518716 ], [ 9.501898, 4.51822 ], [ 9.502828, 4.517791 ], [ 9.510448, 4.51261 ], [ 9.511098, 4.512344 ], [ 9.511693, 4.512207 ], [ 9.512309, 4.512194 ], [ 9.512965, 4.512282 ], [ 9.514101, 4.51278 ], [ 9.516769, 4.514772 ], [ 9.517275, 4.51531 ], [ 9.517604, 4.516115 ], [ 9.517699, 4.517302 ], [ 9.517125, 4.519832 ], [ 9.517125, 4.520466 ], [ 9.517296, 4.521135 ], [ 9.517706, 4.521864 ], [ 9.51839, 4.522437 ], [ 9.519109, 4.522751 ], [ 9.522313, 4.522987 ], [ 9.523289, 4.522843 ], [ 9.533414, 4.520159 ], [ 9.534299, 4.520033 ], [ 9.537681, 4.520119 ], [ 9.538557, 4.520204 ], [ 9.539515, 4.520416 ], [ 9.542333, 4.521199 ], [ 9.542956, 4.52147 ], [ 9.543284, 4.521662 ], [ 9.543656, 4.522037 ], [ 9.544527, 4.523358 ], [ 9.54527, 4.524174 ], [ 9.545808, 4.524487 ], [ 9.54641, 4.524633 ], [ 9.547026, 4.52467 ], [ 9.54767, 4.524544 ], [ 9.550359, 4.523421 ], [ 9.552963, 4.52261 ], [ 9.553489, 4.522303 ], [ 9.553872, 4.521956 ], [ 9.55421, 4.521445 ], [ 9.55451, 4.520501 ], [ 9.554433, 4.516837 ], [ 9.554557, 4.5161 ], [ 9.554951, 4.51504 ], [ 9.555343, 4.514296 ], [ 9.55741, 4.511561 ], [ 9.56101, 4.507059 ], [ 9.563841, 4.503241 ], [ 9.564648, 4.50136 ], [ 9.564984, 4.499833 ], [ 9.56514, 4.49666 ] ] } },
{ "type": "Feature", "properties": { "tg_type": "INF.VOIE_FERREE", "nom": "", "source_id": "way/477145788", "source": "OSM_OSMFR_2026-10-03", "statut": "IMPORTE", "date_source": "2026-10-03", "usage": "main", "service": null, "gauge": "1000", "operator": "CAMRAIL", "electrified": "no", "longueur_m": 397.2 }, "geometry": { "type": "LineString", "coordinates": [ [ 10.110892, 3.811209 ], [ 10.108162, 3.812444 ], [ 10.107683, 3.812774 ] ] } },
{ "type": "Feature", "properties": { "tg_type": "INF.VOIE_FERREE", "nom": "", "source_id": "way/477145789", "source": "OSM_OSMFR_2026-10-03", "statut": "IMPORTE", "date_source": "2026-10-03", "usage": "main", "service": null, "gauge": "1000", "operator": "CAMRAIL", "electrified": "no", "longueur_m": 310.8 }, "geometry": { "type": "LineString", "coordinates": [ [ 10.113485, 3.810154 ], [ 10.110892, 3.811209 ] ] } },
{ "type": "Feature", "properties": { "tg_type": "INF.VOIE_FERREE", "nom": "", "source_id": "way/477145795", "source": "OSM_OSMFR_2026-10-03", "statut": "IMPORTE", "date_source": "2026-10-03", "usage": "main", "service": null, "gauge": "1000", "operator": "CAMRAIL", "electrified": "no", "longueur_m": 1340.5 }, "geometry": { "type": "LineString", "coordinates": [ [ 10.124997, 3.807266 ], [ 10.123861, 3.807693 ], [ 10.123234, 3.807747 ], [ 10.120985, 3.807575 ], [ 10.119798, 3.807688 ], [ 10.116327, 3.808972 ], [ 10.113485, 3.810154 ] ] } },
{ "type": "Feature", "properties": { "tg_type": "INF.VOIE_FERREE", "nom": "", "source_id": "way/477145796", "source": "OSM_OSMFR_2026-10-03", "statut": "IMPORTE", "date_source": "2026-10-03", "usage": "main", "service": null, "gauge": "1000", "operator": "CAMRAIL", "electrified": "no", "longueur_m": 159.8 }, "geometry": { "type": "LineString", "coordinates": [ [ 10.126266, 3.806586 ], [ 10.124997, 3.807266 ] ] } },
{ "type": "Feature", "properties": { "tg_type": "INF.VOIE_FERREE", "nom": "", "source_id": "way/477149093", "source": "OSM_OSMFR_2026-10-03", "statut": "IMPORTE", "date_source": "2026-10-03", "usage": "main", "service": null, "gauge": "1000", "operator": "CAMRAIL", "electrified": "no", "longueur_m": 53.5 }, "geometry": { "type": "LineString", "coordinates": [ [ 10.205887, 3.788747 ], [ 10.205529, 3.789071 ] ] } },
{ "type": "Feature", "properties": { "tg_type": "INF.VOIE_FERREE", "nom": "", "source_id": "way/477149094", "source": "OSM_OSMFR_2026-10-03", "statut": "IMPORTE", "date_source": "2026-10-03", "usage": "main", "service": null, "gauge": "1000", "operator": "CAMRAIL", "electrified": "no", "longueur_m": 7124.7 }, "geometry": { "type": "LineString", "coordinates": [ [ 10.259687, 3.759745 ], [ 10.252439, 3.762278 ], [ 10.251747, 3.762743 ], [ 10.251129, 3.763305 ], [ 10.249572, 3.765094 ], [ 10.245891, 3.769482 ], [ 10.244507, 3.770803 ], [ 10.241866, 3.772074 ], [ 10.240586, 3.772382 ], [ 10.23896, 3.772492 ], [ 10.228993, 3.771818 ], [ 10.228007, 3.771976 ], [ 10.227095, 3.772314 ], [ 10.226306, 3.77277 ], [ 10.223643, 3.775159 ], [ 10.215103, 3.780963 ], [ 10.212271, 3.784388 ], [ 10.211351, 3.785311 ], [ 10.207284, 3.787749 ], [ 10.205887, 3.788747 ] ] } },
{ "type": "Feature", "properties": { "tg_type": "INF.VOIE_FERREE", "nom": "", "source_id": "way/524599179", "source": "OSM_OSMFR_2026-10-03", "statut": "IMPORTE", "date_source": "2026-10-03", "usage": "main", "service": null, "gauge": "1000", "operator": "Camrail", "electrified": "no", "longueur_m": 70.1 }, "geometry": { "type": "LineString", "coordinates": [ [ 11.853961, 4.440528 ], [ 11.853342, 4.440405 ] ] } },
{ "type": "Feature", "properties": { "tg_type": "INF.VOIE_FERREE", "nom": "", "source_id": "way/524599180", "source": "OSM_OSMFR_2026-10-03", "statut": "IMPORTE", "date_source": "2026-10-03", "usage": "main", "service": null, "gauge": "1000", "operator": "Camrail", "electrified": "no", "longueur_m": 16990.2 }, "geometry": { "type": "LineString", "coordinates": [ [ 11.853342, 4.440405 ], [ 11.85132, 4.440042 ], [ 11.850497, 4.440033 ], [ 11.849563, 4.4402 ], [ 11.847135, 4.44118 ], [ 11.84658, 4.441307 ], [ 11.845602, 4.441348 ], [ 11.843317, 4.441088 ], [ 11.842315, 4.440808 ], [ 11.841522, 4.440375 ], [ 11.8271, 4.429428 ], [ 11.824362, 4.427273 ], [ 11.823702, 4.426803 ], [ 11.823478, 4.426725 ], [ 11.82186, 4.426473 ], [ 11.821118, 4.426503 ], [ 11.82041, 4.426665 ], [ 11.810047, 4.43091 ], [ 11.809342, 4.431117 ], [ 11.80845, 4.431238 ], [ 11.807652, 4.4312 ], [ 11.805768, 4.430777 ], [ 11.804945, 4.430453 ], [ 11.80417, 4.42997 ], [ 11.803573, 4.42939 ], [ 11.799528, 4.424793 ], [ 11.797857, 4.422708 ], [ 11.797412, 4.421882 ], [ 11.797183, 4.421222 ], [ 11.796383, 4.417827 ], [ 11.796047, 4.41709 ], [ 11.795612, 4.416495 ], [ 11.795003, 4.415895 ], [ 11.794297, 4.415418 ], [ 11.791618, 4.414145 ], [ 11.790797, 4.41385 ], [ 11.7898, 4.413658 ], [ 11.788518, 4.413695 ], [ 11.781855, 4.414835 ], [ 11.780798, 4.415085 ], [ 11.779842, 4.415557 ], [ 11.779088, 4.416175 ], [ 11.776453, 4.4195 ], [ 11.775885, 4.420028 ], [ 11.775332, 4.420392 ], [ 11.774427, 4.420785 ], [ 11.773388, 4.420953 ], [ 11.772035, 4.420815 ], [ 11.771037, 4.42043 ], [ 11.755183, 4.4112 ], [ 11.754177, 4.410423 ], [ 11.75365, 4.409788 ], [ 11.748674, 4.401111 ], [ 11.74744, 4.399298 ], [ 11.746928, 4.398803 ], [ 11.746172, 4.398285 ], [ 11.745333, 4.397948 ], [ 11.742942, 4.397238 ], [ 11.742088, 4.396722 ], [ 11.741453, 4.396175 ], [ 11.740562, 4.395062 ], [ 11.739143, 4.392695 ], [ 11.737827, 4.390287 ], [ 11.736658, 4.388673 ], [ 11.735752, 4.387683 ], [ 11.732778, 4.385083 ] ] } },
{ "type": "Feature", "properties": { "tg_type": "INF.VOIE_FERREE", "nom": "", "source_id": "way/531387937", "source": "OSM_OSMFR_2026-10-03", "statut": "IMPORTE", "date_source": "2026-10-03", "usage": "main", "service": null, "gauge": "1000", "operator": "Camrail", "electrified": "no", "longueur_m": 30.0 }, "geometry": { "type": "LineString", "coordinates": [ [ 11.674482, 4.346623 ], [ 11.674257, 4.346472 ] ] } },
{ "type": "Feature", "properties": { "tg_type": "INF.VOIE_FERREE", "nom": "", "source_id": "way/531387940", "source": "OSM_OSMFR_2026-10-03", "statut": "IMPORTE", "date_source": "2026-10-03", "usage": "main", "service": null, "gauge": "1000", "operator": "Camrail", "electrified": "no", "longueur_m": 1641.9 }, "geometry": { "type": "LineString", "coordinates": [ [ 11.674257, 4.346472 ], [ 11.6723, 4.345158 ], [ 11.67145, 4.344403 ], [ 11.67014, 4.342687 ], [ 11.669808, 4.342075 ], [ 11.66964, 4.34162 ], [ 11.669455, 4.34064 ], [ 11.66939, 4.337448 ], [ 11.669232, 4.33615 ], [ 11.668269, 4.333847 ] ] } },
{ "type": "Feature", "properties": { "tg_type": "INF.VOIE_FERREE", "nom": "", "source_id": "way/533243691", "source": "OSM_OSMFR_2026-10-03", "statut": "IMPORTE", "date_source": "2026-10-03", "usage": "main", "service": null, "gauge": "1000", "operator": "Camrail", "electrified": "no", "longueur_m": 6528.9 }, "geometry": { "type": "LineString", "coordinates": [ [ 11.536513, 3.928478 ], [ 11.538038, 3.926043 ], [ 11.538502, 3.924739 ], [ 11.538604, 3.922996 ], [ 11.538733, 3.916681 ], [ 11.539361, 3.913927 ], [ 11.539439, 3.913301 ], [ 11.539405, 3.912462 ], [ 11.539242, 3.911707 ], [ 11.538939, 3.910965 ], [ 11.537284, 3.908268 ], [ 11.536932, 3.907225 ], [ 11.536842, 3.905911 ], [ 11.537179, 3.903564 ], [ 11.537166, 3.902644 ], [ 11.535693, 3.896055 ], [ 11.535262, 3.894884 ], [ 11.534941, 3.894251 ], [ 11.534518, 3.893546 ], [ 11.533576, 3.89229 ], [ 11.532543, 3.890531 ], [ 11.531551, 3.887688 ], [ 11.531444, 3.886772 ], [ 11.53151, 3.885523 ], [ 11.532078, 3.880449 ], [ 11.532066, 3.879641 ], [ 11.53185, 3.878922 ], [ 11.531633, 3.878503 ], [ 11.530225, 3.876753 ], [ 11.528347, 3.875223 ], [ 11.528118, 3.874905 ], [ 11.527514, 3.87364 ] ] } },
{ "type": "Feature", "properties": { "tg_type": "INF.VOIE_FERREE", "nom": "", "source_id": "way/533243692", "source": "OSM_OSMFR_2026-10-03", "statut": "IMPORTE", "date_source": "2026-10-03", "usage": null, "service": null, "gauge": "1000", "operator": "Camrail", "electrified": null, "longueur_m": 41.5 }, "geometry": { "type": "LineString", "coordinates": [ [ 11.534101, 3.953702 ], [ 11.533853, 3.953421 ] ] } },
{ "type": "Feature", "properties": { "tg_type": "INF.VOIE_FERREE", "nom": "Pont Ferroviaire du Wouri", "source_id": "way/553080656", "source": "OSM_OSMFR_2026-10-03", "statut": "IMPORTE", "date_source": "2026-10-03", "usage": "branch", "service": null, "gauge": "1000", "operator": "CAMRAIL", "electrified": "no", "longueur_m": 725.3 }, "geometry": { "type": "LineString", "coordinates": [ [ 9.696309, 4.072227 ], [ 9.694585, 4.072241 ], [ 9.69367, 4.072084 ], [ 9.692082, 4.071604 ], [ 9.690025, 4.07077 ] ] } },
{ "type": "Feature", "properties": { "tg_type": "INF.VOIE_FERREE", "nom": "", "source_id": "way/601090815", "source": "OSM_OSMFR_2026-10-03", "statut": "IMPORTE", "date_source": "2026-10-03", "usage": null, "service": "siding", "gauge": "1000", "operator": null, "electrified": null, "longueur_m": 2029.8 }, "geometry": { "type": "LineString", "coordinates": [ [ 10.124332, 3.815809 ], [ 10.12453, 3.815112 ], [ 10.125082, 3.814117 ], [ 10.124969, 3.811768 ], [ 10.123449, 3.808305 ], [ 10.122999, 3.807828 ], [ 10.120956, 3.807614 ], [ 10.119803, 3.807739 ], [ 10.113812, 3.81002 ] ] } },
{ "type": "Feature", "properties": { "tg_type": "INF.VOIE_FERREE", "nom": "", "source_id": "way/601090816", "source": "OSM_OSMFR_2026-10-03", "statut": "IMPORTE", "date_source": "2026-10-03", "usage": null, "service": "siding", "gauge": "1000", "operator": null, "electrified": null, "longueur_m": 938.6 }, "geometry": { "type": "LineString", "coordinates": [ [ 10.114162, 3.809836 ], [ 10.117989, 3.808223 ], [ 10.119937, 3.807581 ], [ 10.120819, 3.807489 ], [ 10.122167, 3.807652 ] ] } },
{ "type": "Feature", "properties": { "tg_type": "INF.VOIE_FERREE", "nom": "", "source_id": "way/601090817", "source": "OSM_OSMFR_2026-10-03", "statut": "IMPORTE", "date_source": "2026-10-03", "usage": "main", "service": null, "gauge": "1000", "operator": null, "electrified": null, "longueur_m": 927.1 }, "geometry": { "type": "LineString", "coordinates": [ [ 10.121816, 3.807587 ], [ 10.120515, 3.807548 ], [ 10.119531, 3.807735 ], [ 10.117273, 3.80855 ], [ 10.113923, 3.809974 ] ] } },
{ "type": "Feature", "properties": { "tg_type": "INF.VOIE_FERREE", "nom": "", "source_id": "way/601101648", "source": "OSM_OSMFR_2026-10-03", "statut": "IMPORTE", "date_source": "2026-10-03", "usage": "main", "service": null, "gauge": "1000", "operator": "Camrail", "electrified": "no", "longueur_m": 13788.9 }, "geometry": { "type": "LineString", "coordinates": [ [ 13.348286, 7.208465 ], [ 13.347502, 7.204802 ], [ 13.346987, 7.20184 ], [ 13.346987, 7.201228 ], [ 13.347332, 7.19827 ], [ 13.3472, 7.197012 ], [ 13.346885, 7.196142 ], [ 13.3465, 7.19549 ], [ 13.346013, 7.194907 ], [ 13.344582, 7.19354 ], [ 13.344203, 7.193063 ], [ 13.343833, 7.192395 ], [ 13.343573, 7.191653 ], [ 13.34279, 7.188598 ], [ 13.342017, 7.18552 ], [ 13.341867, 7.18465 ], [ 13.341858, 7.18378 ], [ 13.341967, 7.183078 ], [ 13.343847, 7.175105 ], [ 13.343953, 7.173902 ], [ 13.343888, 7.16892 ], [ 13.344107, 7.167945 ], [ 13.344767, 7.165882 ], [ 13.34494, 7.164903 ], [ 13.344922, 7.163732 ], [ 13.344298, 7.157958 ], [ 13.344253, 7.154242 ], [ 13.344122, 7.153452 ], [ 13.343863, 7.152683 ], [ 13.34345, 7.151965 ], [ 13.34023, 7.147347 ], [ 13.339488, 7.146092 ], [ 13.334767, 7.13541 ], [ 13.334222, 7.134685 ], [ 13.333173, 7.133843 ], [ 13.332348, 7.133467 ], [ 13.330152, 7.132957 ], [ 13.329028, 7.13244 ], [ 13.32811, 7.13165 ], [ 13.327495, 7.130757 ], [ 13.3272, 7.130085 ], [ 13.326973, 7.129098 ], [ 13.327108, 7.12533 ], [ 13.326987, 7.124103 ], [ 13.325567, 7.11966 ], [ 13.324998, 7.118428 ], [ 13.324583, 7.11789 ], [ 13.323755, 7.117173 ], [ 13.323023, 7.116782 ], [ 13.32078, 7.115807 ], [ 13.319763, 7.115143 ], [ 13.319342, 7.114698 ], [ 13.318665, 7.11344 ], [ 13.318468, 7.112805 ], [ 13.318355, 7.111978 ], [ 13.318435, 7.110958 ], [ 13.320362, 7.103467 ], [ 13.320443, 7.102143 ], [ 13.320322, 7.101478 ], [ 13.320043, 7.100682 ], [ 13.318805, 7.098653 ], [ 13.318467, 7.097857 ], [ 13.318269, 7.097004 ] ] } },
{ "type": "Feature", "properties": { "tg_type": "INF.VOIE_FERREE", "nom": "", "source_id": "way/601101649", "source": "OSM_OSMFR_2026-10-03", "statut": "IMPORTE", "date_source": "2026-10-03", "usage": "main", "service": null, "gauge": "1000", "operator": "Camrail", "electrified": "no", "longueur_m": 19.1 }, "geometry": { "type": "LineString", "coordinates": [ [ 13.348321, 7.208633 ], [ 13.348286, 7.208465 ] ] } },
{ "type": "Feature", "properties": { "tg_type": "INF.VOIE_FERREE", "nom": "", "source_id": "way/613969431", "source": "OSM_OSMFR_2026-10-03", "statut": "IMPORTE", "date_source": "2026-10-03", "usage": null, "service": null, "gauge": "1000", "operator": "Camrail", "electrified": null, "longueur_m": 271.8 }, "geometry": { "type": "LineString", "coordinates": [ [ 11.526063, 3.870706 ], [ 11.526752, 3.872256 ], [ 11.527136, 3.872911 ] ] } },
{ "type": "Feature", "properties": { "tg_type": "INF.VOIE_FERREE", "nom": "", "source_id": "way/613969432", "source": "OSM_OSMFR_2026-10-03", "statut": "IMPORTE", "date_source": "2026-10-03", "usage": null, "service": null, "gauge": "1000", "operator": "CAMRAIL", "electrified": null, "longueur_m": 16.6 }, "geometry": { "type": "LineString", "coordinates": [ [ 11.525738, 3.868619 ], [ 11.525744, 3.868769 ] ] } },
{ "type": "Feature", "properties": { "tg_type": "INF.VOIE_FERREE", "nom": "", "source_id": "way/613969433", "source": "OSM_OSMFR_2026-10-03", "statut": "IMPORTE", "date_source": "2026-10-03", "usage": "main", "service": null, "gauge": "1000", "operator": "CAMRAIL", "electrified": "no", "longueur_m": 278.3 }, "geometry": { "type": "LineString", "coordinates": [ [ 11.525738, 3.868619 ], [ 11.52569, 3.867587 ], [ 11.525575, 3.867003 ], [ 11.525263, 3.866171 ] ] } },
{ "type": "Feature", "properties": { "tg_type": "INF.VOIE_FERREE", "nom": "", "source_id": "way/613970648", "source": "OSM_OSMFR_2026-10-03", "statut": "IMPORTE", "date_source": "2026-10-03", "usage": "main", "service": null, "gauge": "1000", "operator": "Camrail", "electrified": "no", "longueur_m": 2861.3 }, "geometry": { "type": "LineString", "coordinates": [ [ 13.586218, 7.339755 ], [ 13.58324, 7.341136 ], [ 13.582312, 7.34195 ], [ 13.581811, 7.342569 ], [ 13.574783, 7.354547 ], [ 13.573892, 7.355523 ], [ 13.573115, 7.35602 ], [ 13.57184, 7.356387 ], [ 13.571192, 7.356473 ], [ 13.569918, 7.356257 ], [ 13.568853, 7.35578 ] ] } },
{ "type": "Feature", "properties": { "tg_type": "INF.VOIE_FERREE", "nom": "", "source_id": "way/613970651", "source": "OSM_OSMFR_2026-10-03", "statut": "IMPORTE", "date_source": "2026-10-03", "usage": null, "service": "siding", "gauge": "1000", "operator": "CAMRAIL", "electrified": null, "longueur_m": 82.3 }, "geometry": { "type": "LineString", "coordinates": [ [ 13.590224, 7.338574 ], [ 13.590968, 7.338604 ] ] } },
{ "type": "Feature", "properties": { "tg_type": "INF.VOIE_FERREE", "nom": "", "source_id": "way/613970654", "source": "OSM_OSMFR_2026-10-03", "statut": "IMPORTE", "date_source": "2026-10-03", "usage": null, "service": null, "gauge": "1000", "operator": "CAMRAIL", "electrified": null, "longueur_m": 26.8 }, "geometry": { "type": "LineString", "coordinates": [ [ 11.527341, 3.873346 ], [ 11.527439, 3.873568 ] ] } },
{ "type": "Feature", "properties": { "tg_type": "INF.VOIE_FERREE", "nom": "", "source_id": "way/613970656", "source": "OSM_OSMFR_2026-10-03", "statut": "IMPORTE", "date_source": "2026-10-03", "usage": "main", "service": null, "gauge": "1000", "operator": "Camrail", "electrified": "no", "longueur_m": 53.3 }, "geometry": { "type": "LineString", "coordinates": [ [ 11.527136, 3.872911 ], [ 11.527341, 3.873346 ] ] } },
{ "type": "Feature", "properties": { "tg_type": "INF.VOIE_FERREE", "nom": "", "source_id": "way/647742119", "source": "OSM_OSMFR_2026-10-03", "statut": "IMPORTE", "date_source": "2026-10-03", "usage": "branch", "service": null, "gauge": null, "operator": null, "electrified": null, "longueur_m": 775.6 }, "geometry": { "type": "LineString", "coordinates": [ [ 10.449192, 3.695583 ], [ 10.449334, 3.695189 ], [ 10.452421, 3.689369 ] ] } },
{ "type": "Feature", "properties": { "tg_type": "INF.VOIE_FERREE", "nom": "", "source_id": "way/647742121", "source": "OSM_OSMFR_2026-10-03", "statut": "IMPORTE", "date_source": "2026-10-03", "usage": "branch", "service": null, "gauge": null, "operator": null, "electrified": null, "longueur_m": 480.7 }, "geometry": { "type": "LineString", "coordinates": [ [ 10.452063, 3.690087 ], [ 10.45114, 3.692029 ], [ 10.450061, 3.693934 ] ] } },
{ "type": "Feature", "properties": { "tg_type": "INF.VOIE_FERREE", "nom": "", "source_id": "way/658517831", "source": "OSM_OSMFR_2026-10-03", "statut": "IMPORTE", "date_source": "2026-10-03", "usage": "main", "service": null, "gauge": "1000", "operator": "Camrail", "electrified": "no", "longueur_m": 24005.8 }, "geometry": { "type": "LineString", "coordinates": [ [ 12.234249, 4.656543 ], [ 12.230787, 4.656643 ], [ 12.229928, 4.656503 ], [ 12.229088, 4.65622 ], [ 12.228207, 4.65572 ], [ 12.222753, 4.652018 ], [ 12.221558, 4.650968 ], [ 12.220668, 4.650005 ], [ 12.216325, 4.644773 ], [ 12.215578, 4.643678 ], [ 12.214902, 4.642392 ], [ 12.21468, 4.641733 ], [ 12.214553, 4.640987 ], [ 12.21435, 4.638152 ], [ 12.213968, 4.627548 ], [ 12.213998, 4.626465 ], [ 12.214145, 4.625465 ], [ 12.21444, 4.62438 ], [ 12.21676, 4.618455 ], [ 12.216918, 4.617635 ], [ 12.217083, 4.615357 ], [ 12.217, 4.613858 ], [ 12.21652, 4.6098 ], [ 12.215895, 4.602573 ], [ 12.2153, 4.600773 ], [ 12.21462, 4.59966 ], [ 12.209197, 4.593607 ], [ 12.20788, 4.592388 ], [ 12.20653, 4.591362 ], [ 12.200375, 4.58707 ], [ 12.198888, 4.586135 ], [ 12.185932, 4.579223 ], [ 12.18527, 4.578988 ], [ 12.183972, 4.578828 ], [ 12.183042, 4.578958 ], [ 12.182198, 4.57923 ], [ 12.181865, 4.579413 ], [ 12.181237, 4.579865 ], [ 12.178057, 4.583092 ], [ 12.177155, 4.583675 ], [ 12.176185, 4.58401 ], [ 12.17519, 4.584173 ], [ 12.173897, 4.58411 ], [ 12.172995, 4.58401 ], [ 12.171807, 4.583618 ], [ 12.171218, 4.583212 ], [ 12.169712, 4.581712 ], [ 12.168203, 4.580397 ], [ 12.16775, 4.579842 ], [ 12.16729, 4.579465 ], [ 12.161643, 4.573905 ], [ 12.160087, 4.572152 ], [ 12.158832, 4.570392 ], [ 12.15875, 4.570113 ], [ 12.158447, 4.569645 ], [ 12.157027, 4.567875 ], [ 12.145538, 4.552202 ], [ 12.14498, 4.55103 ], [ 12.14482, 4.550097 ], [ 12.14481, 4.54923 ], [ 12.145033, 4.547083 ], [ 12.144973, 4.546403 ], [ 12.144735, 4.545398 ], [ 12.144552, 4.544955 ], [ 12.144118, 4.54421 ], [ 12.143515, 4.543462 ], [ 12.13804, 4.537507 ], [ 12.136902, 4.53662 ], [ 12.135938, 4.536072 ], [ 12.130255, 4.533203 ], [ 12.12943, 4.532847 ], [ 12.128378, 4.53252 ], [ 12.127117, 4.53231 ], [ 12.114722, 4.531137 ], [ 12.1135, 4.530842 ], [ 12.112568, 4.53043 ], [ 12.111063, 4.529343 ], [ 12.104183, 4.523867 ] ] } },
{ "type": "Feature", "properties": { "tg_type": "INF.VOIE_FERREE", "nom": "", "source_id": "way/658517837", "source": "OSM_OSMFR_2026-10-03", "statut": "IMPORTE", "date_source": "2026-10-03", "usage": "main", "service": null, "gauge": "1000", "operator": "Camrail", "electrified": "no", "longueur_m": 73.0 }, "geometry": { "type": "LineString", "coordinates": [ [ 12.234906, 4.656518 ], [ 12.234249, 4.656543 ] ] } },
{ "type": "Feature", "properties": { "tg_type": "INF.VOIE_FERREE", "nom": "", "source_id": "way/666513251", "source": "OSM_OSMFR_2026-10-03", "statut": "IMPORTE", "date_source": "2026-10-03", "usage": null, "service": null, "gauge": "1000", "operator": "Camrail", "electrified": null, "longueur_m": 837.0 }, "geometry": { "type": "LineString", "coordinates": [ [ 10.900358, 3.568937 ], [ 10.899615, 3.570317 ], [ 10.899309, 3.57128 ], [ 10.899186, 3.572073 ], [ 10.899223, 3.573176 ], [ 10.899741, 3.576209 ] ] } },
{ "type": "Feature", "properties": { "tg_type": "INF.VOIE_FERREE", "nom": "", "source_id": "way/666515228", "source": "OSM_OSMFR_2026-10-03", "statut": "IMPORTE", "date_source": "2026-10-03", "usage": "main", "service": null, "gauge": "1000", "operator": "CAMRAIL", "electrified": "no", "longueur_m": 797.6 }, "geometry": { "type": "LineString", "coordinates": [ [ 10.857615, 3.580137 ], [ 10.850702, 3.582082 ] ] } },
{ "type": "Feature", "properties": { "tg_type": "INF.VOIE_FERREE", "nom": "", "source_id": "way/666515229", "source": "OSM_OSMFR_2026-10-03", "statut": "IMPORTE", "date_source": "2026-10-03", "usage": "main", "service": null, "gauge": "1000", "operator": "CAMRAIL", "electrified": "no", "longueur_m": 402.3 }, "geometry": { "type": "LineString", "coordinates": [ [ 10.861135, 3.579285 ], [ 10.857615, 3.580137 ] ] } },
{ "type": "Feature", "properties": { "tg_type": "INF.VOIE_FERREE", "nom": "", "source_id": "way/666516026", "source": "OSM_OSMFR_2026-10-03", "statut": "IMPORTE", "date_source": "2026-10-03", "usage": "main", "service": null, "gauge": "1000", "operator": "CAMRAIL", "electrified": "no", "longueur_m": 246.3 }, "geometry": { "type": "LineString", "coordinates": [ [ 10.793373, 3.613111 ], [ 10.792409, 3.615117 ] ] } },
{ "type": "Feature", "properties": { "tg_type": "INF.VOIE_FERREE", "nom": "", "source_id": "way/666516027", "source": "OSM_OSMFR_2026-10-03", "statut": "IMPORTE", "date_source": "2026-10-03", "usage": "main", "service": null, "gauge": "1000", "operator": "CAMRAIL", "electrified": "no", "longueur_m": 2443.4 }, "geometry": { "type": "LineString", "coordinates": [ [ 10.792409, 3.615117 ], [ 10.791558, 3.616805 ], [ 10.790868, 3.617873 ], [ 10.785307, 3.623883 ], [ 10.784197, 3.625253 ], [ 10.782957, 3.627254 ], [ 10.779824, 3.633054 ] ] } },
{ "type": "Feature", "properties": { "tg_type": "INF.VOIE_FERREE", "nom": "", "source_id": "way/685430495", "source": "OSM_OSMFR_2026-10-03", "statut": "IMPORTE", "date_source": "2026-10-03", "usage": "branch", "service": null, "gauge": "1000", "operator": "CAMRAIL", "electrified": "no", "longueur_m": 528.5 }, "geometry": { "type": "LineString", "coordinates": [ [ 9.704909, 4.064981 ], [ 9.704685, 4.064602 ], [ 9.701337, 4.061868 ] ] } },
{ "type": "Feature", "properties": { "tg_type": "INF.VOIE_FERREE", "nom": "", "source_id": "way/685430498", "source": "OSM_OSMFR_2026-10-03", "statut": "IMPORTE", "date_source": "2026-10-03", "usage": "branch", "service": null, "gauge": "1000", "operator": "CAMRAIL", "electrified": "no", "longueur_m": 44.8 }, "geometry": { "type": "LineString", "coordinates": [ [ 9.704966, 4.065382 ], [ 9.704909, 4.064981 ] ] } },
{ "type": "Feature", "properties": { "tg_type": "INF.VOIE_FERREE", "nom": "", "source_id": "way/742527893", "source": "OSM_OSMFR_2026-10-03", "statut": "IMPORTE", "date_source": "2026-10-03", "usage": null, "service": null, "gauge": "1000", "operator": "CAMRAIL", "electrified": null, "longueur_m": 23.9 }, "geometry": { "type": "LineString", "coordinates": [ [ 11.51316, 3.840582 ], [ 11.512983, 3.840461 ] ] } },
{ "type": "Feature", "properties": { "tg_type": "INF.VOIE_FERREE", "nom": "", "source_id": "way/742527894", "source": "OSM_OSMFR_2026-10-03", "statut": "IMPORTE", "date_source": "2026-10-03", "usage": null, "service": "spur", "gauge": "1000", "operator": "CAMRAIL", "electrified": null, "longueur_m": 141.0 }, "geometry": { "type": "LineString", "coordinates": [ [ 11.512302, 3.839424 ], [ 11.51261, 3.840137 ], [ 11.512983, 3.840461 ] ] } },
{ "type": "Feature", "properties": { "tg_type": "INF.VOIE_FERREE", "nom": "", "source_id": "way/767976374", "source": "OSM_OSMFR_2026-10-03", "statut": "IMPORTE", "date_source": "2026-10-03", "usage": "main", "service": null, "gauge": "1000", "operator": "Camrail", "electrified": "no", "longueur_m": 28.3 }, "geometry": { "type": "LineString", "coordinates": [ [ 13.568853, 7.35578 ], [ 13.568638, 7.355641 ] ] } },
{ "type": "Feature", "properties": { "tg_type": "INF.VOIE_FERREE", "nom": "", "source_id": "way/767976375", "source": "OSM_OSMFR_2026-10-03", "statut": "IMPORTE", "date_source": "2026-10-03", "usage": "main", "service": null, "gauge": "1000", "operator": "Camrail", "electrified": "no", "longueur_m": 938.0 }, "geometry": { "type": "LineString", "coordinates": [ [ 13.568638, 7.355641 ], [ 13.567882, 7.355035 ], [ 13.56715, 7.354114 ], [ 13.563615, 7.348854 ] ] } },
{ "type": "Feature", "properties": { "tg_type": "INF.VOIE_FERREE", "nom": "", "source_id": "way/769962672", "source": "OSM_OSMFR_2026-10-03", "statut": "IMPORTE", "date_source": "2026-10-03", "usage": "branch", "service": null, "gauge": "1000", "operator": "CAMRAIL", "electrified": "no", "longueur_m": 5381.6 }, "geometry": { "type": "LineString", "coordinates": [ [ 9.499488, 4.518895 ], [ 9.4951, 4.520006 ], [ 9.494293, 4.520176 ], [ 9.493392, 4.52023 ], [ 9.482209, 4.518082 ], [ 9.481452, 4.518029 ], [ 9.480558, 4.518106 ], [ 9.479687, 4.51838 ], [ 9.47905, 4.51875 ], [ 9.477999, 4.519649 ], [ 9.46958, 4.528846 ], [ 9.463902, 4.536653 ], [ 9.463403, 4.537565 ], [ 9.46327, 4.538013 ], [ 9.463229, 4.538574 ], [ 9.463411, 4.539443 ], [ 9.463951, 4.540446 ] ] } },
{ "type": "Feature", "properties": { "tg_type": "INF.VOIE_FERREE", "nom": "", "source_id": "way/902458348", "source": "OSM_OSMFR_2026-10-03", "statut": "IMPORTE", "date_source": "2026-10-03", "usage": null, "service": "siding", "gauge": "1000", "operator": null, "electrified": null, "longueur_m": 49.7 }, "geometry": { "type": "LineString", "coordinates": [ [ 10.124199, 3.816239 ], [ 10.124332, 3.815809 ] ] } },
{ "type": "Feature", "properties": { "tg_type": "INF.VOIE_FERREE", "nom": "", "source_id": "way/902458349", "source": "OSM_OSMFR_2026-10-03", "statut": "IMPORTE", "date_source": "2026-10-03", "usage": null, "service": "siding", "gauge": "1000", "operator": null, "electrified": null, "longueur_m": 48.2 }, "geometry": { "type": "LineString", "coordinates": [ [ 10.12431, 3.816244 ], [ 10.124332, 3.815809 ] ] } },
{ "type": "Feature", "properties": { "tg_type": "INF.VOIE_FERREE", "nom": "", "source_id": "way/927174973", "source": "OSM_OSMFR_2026-10-03", "statut": "IMPORTE", "date_source": "2026-10-03", "usage": "main", "service": null, "gauge": "1000", "operator": "Camrail", "electrified": "no", "longueur_m": 5712.3 }, "geometry": { "type": "LineString", "coordinates": [ [ 13.372306, 5.501789 ], [ 13.372322, 5.501112 ], [ 13.372222, 5.50024 ], [ 13.371417, 5.49575 ], [ 13.371128, 5.494763 ], [ 13.370832, 5.494142 ], [ 13.370217, 5.493317 ], [ 13.36745, 5.49127 ], [ 13.36662, 5.490427 ], [ 13.360992, 5.482372 ], [ 13.360043, 5.480902 ], [ 13.35967, 5.480125 ], [ 13.359299, 5.478756 ], [ 13.359189, 5.477057 ], [ 13.359908, 5.471 ], [ 13.359781, 5.469602 ], [ 13.359362, 5.468399 ], [ 13.359013, 5.467775 ], [ 13.350986, 5.45745 ] ] } },
{ "type": "Feature", "properties": { "tg_type": "INF.VOIE_FERREE", "nom": "", "source_id": "way/927174974", "source": "OSM_OSMFR_2026-10-03", "statut": "IMPORTE", "date_source": "2026-10-03", "usage": "main", "service": null, "gauge": "1000", "operator": "Camrail", "electrified": "no", "longueur_m": 4416.9 }, "geometry": { "type": "LineString", "coordinates": [ [ 13.350986, 5.45745 ], [ 13.346623, 5.451887 ], [ 13.346186, 5.450967 ], [ 13.345912, 5.449768 ], [ 13.345912, 5.448806 ], [ 13.346244, 5.447592 ], [ 13.346629, 5.446865 ], [ 13.347663, 5.445695 ], [ 13.350312, 5.4439 ], [ 13.350943, 5.443288 ], [ 13.352153, 5.441342 ], [ 13.357137, 5.432602 ], [ 13.357622, 5.431895 ], [ 13.358237, 5.431298 ], [ 13.358957, 5.43083 ], [ 13.362091, 5.429771 ], [ 13.36281, 5.429322 ], [ 13.363867, 5.428264 ], [ 13.364455, 5.427092 ] ] } },
{ "type": "Feature", "properties": { "tg_type": "INF.VOIE_FERREE", "nom": "", "source_id": "way/927174976", "source": "OSM_OSMFR_2026-10-03", "statut": "IMPORTE", "date_source": "2026-10-03", "usage": "main", "service": null, "gauge": "1000", "operator": "Camrail", "electrified": "no", "longueur_m": 9437.8 }, "geometry": { "type": "LineString", "coordinates": [ [ 13.364455, 5.427092 ], [ 13.36469, 5.425823 ], [ 13.364666, 5.425117 ], [ 13.364517, 5.42445 ], [ 13.364203, 5.423622 ], [ 13.360482, 5.417312 ], [ 13.360109, 5.416567 ], [ 13.35979, 5.415468 ], [ 13.359723, 5.414738 ], [ 13.35996, 5.413442 ], [ 13.360337, 5.412533 ], [ 13.360827, 5.411868 ], [ 13.363924, 5.409179 ], [ 13.364459, 5.408433 ], [ 13.364836, 5.407651 ], [ 13.365061, 5.406346 ], [ 13.364779, 5.403953 ], [ 13.364765, 5.402704 ], [ 13.364926, 5.401926 ], [ 13.365158, 5.401303 ], [ 13.365862, 5.400081 ], [ 13.3667, 5.399157 ], [ 13.367255, 5.398753 ], [ 13.368004, 5.398349 ], [ 13.368977, 5.398064 ], [ 13.371287, 5.397771 ], [ 13.372042, 5.397545 ], [ 13.372972, 5.397134 ], [ 13.373676, 5.396573 ], [ 13.375705, 5.39464 ], [ 13.376532, 5.393667 ], [ 13.379552, 5.388468 ], [ 13.379875, 5.3877 ], [ 13.380101, 5.38639 ], [ 13.380603, 5.370674 ], [ 13.380495, 5.369415 ], [ 13.38018, 5.368246 ], [ 13.379146, 5.365989 ], [ 13.379008, 5.365536 ], [ 13.378867, 5.364844 ], [ 13.37885, 5.36389 ], [ 13.379085, 5.362863 ], [ 13.37962, 5.361803 ], [ 13.38001, 5.361322 ], [ 13.386, 5.35597 ] ] } },
{ "type": "Feature", "properties": { "tg_type": "INF.VOIE_FERREE", "nom": "", "source_id": "way/927174977", "source": "OSM_OSMFR_2026-10-03", "statut": "IMPORTE", "date_source": "2026-10-03", "usage": "main", "service": null, "gauge": "1000", "operator": "Camrail", "electrified": "no", "longueur_m": 3668.7 }, "geometry": { "type": "LineString", "coordinates": [ [ 13.386, 5.35597 ], [ 13.388915, 5.353389 ], [ 13.390183, 5.352139 ], [ 13.391191, 5.350706 ], [ 13.393676, 5.346277 ], [ 13.394765, 5.344902 ], [ 13.395313, 5.344391 ], [ 13.401916, 5.339109 ], [ 13.403533, 5.337743 ], [ 13.404085, 5.33704 ], [ 13.404519, 5.336029 ], [ 13.404701, 5.335304 ], [ 13.405009, 5.330498 ] ] } },
{ "type": "Feature", "properties": { "tg_type": "INF.VOIE_FERREE", "nom": "", "source_id": "way/928783946", "source": "OSM_OSMFR_2026-10-03", "statut": "IMPORTE", "date_source": "2026-10-03", "usage": null, "service": null, "gauge": null, "operator": null, "electrified": null, "longueur_m": 989.5 }, "geometry": { "type": "LineString", "coordinates": [ [ 13.798978, 7.991691 ], [ 13.799257, 7.9915 ], [ 13.799729, 7.991797 ], [ 13.800587, 7.991457 ], [ 13.801145, 7.991436 ], [ 13.801381, 7.990884 ], [ 13.801403, 7.990629 ], [ 13.801961, 7.990501 ], [ 13.802798, 7.989949 ], [ 13.80284, 7.989587 ], [ 13.80224, 7.989545 ], [ 13.80284, 7.988695 ], [ 13.803892, 7.986825 ] ] } },
{ "type": "Feature", "properties": { "tg_type": "INF.VOIE_FERREE", "nom": "Yaoundé-Ngaoundéré", "source_id": "way/968251007", "source": "OSM_OSMFR_2026-10-03", "statut": "IMPORTE", "date_source": "2026-10-03", "usage": "main", "service": null, "gauge": "1000", "operator": "Camrail", "electrified": "no", "longueur_m": 12189.5 }, "geometry": { "type": "LineString", "coordinates": [ [ 13.32199, 6.315666 ], [ 13.32632, 6.311223 ], [ 13.326791, 6.31046 ], [ 13.327194, 6.309505 ], [ 13.327435, 6.308482 ], [ 13.327597, 6.303151 ], [ 13.327807, 6.30183 ], [ 13.331094, 6.291596 ], [ 13.331494, 6.29057 ], [ 13.331896, 6.289848 ], [ 13.332258, 6.289382 ], [ 13.332898, 6.288773 ], [ 13.333573, 6.288311 ], [ 13.338137, 6.286299 ], [ 13.339084, 6.285708 ], [ 13.339848, 6.285074 ], [ 13.340605, 6.284151 ], [ 13.343483, 6.279431 ], [ 13.343691, 6.278537 ], [ 13.343707, 6.277683 ], [ 13.34306, 6.273996 ], [ 13.343483, 6.260373 ], [ 13.343597, 6.258008 ], [ 13.343751, 6.257386 ], [ 13.344002, 6.256709 ], [ 13.347132, 6.250114 ], [ 13.347623, 6.249256 ], [ 13.348432, 6.24833 ], [ 13.353307, 6.24438 ], [ 13.353814, 6.243791 ], [ 13.354116, 6.243249 ], [ 13.354565, 6.242028 ], [ 13.355115, 6.232282 ], [ 13.355024, 6.231392 ], [ 13.354883, 6.230581 ], [ 13.351912, 6.220684 ], [ 13.351767, 6.219449 ], [ 13.351862, 6.218335 ] ] } },
{ "type": "Feature", "properties": { "tg_type": "INF.VOIE_FERREE", "nom": "", "source_id": "way/1003013338", "source": "OSM_OSMFR_2026-10-03", "statut": "IMPORTE", "date_source": "2026-10-03", "usage": "main", "service": null, "gauge": "1000", "operator": "Camrail", "electrified": "no", "longueur_m": 26.0 }, "geometry": { "type": "LineString", "coordinates": [ [ 13.256543, 6.875252 ], [ 13.25649, 6.875024 ] ] } },
{ "type": "Feature", "properties": { "tg_type": "INF.VOIE_FERREE", "nom": "", "source_id": "way/1003013339", "source": "OSM_OSMFR_2026-10-03", "statut": "IMPORTE", "date_source": "2026-10-03", "usage": "main", "service": null, "gauge": "1000", "operator": "Camrail", "electrified": "no", "longueur_m": 2443.0 }, "geometry": { "type": "LineString", "coordinates": [ [ 13.26855, 6.892263 ], [ 13.267913, 6.890114 ], [ 13.267492, 6.889018 ], [ 13.266177, 6.886322 ], [ 13.265338, 6.88291 ], [ 13.265058, 6.882158 ], [ 13.264578, 6.881335 ], [ 13.264055, 6.880742 ], [ 13.263075, 6.880043 ], [ 13.258372, 6.87782 ], [ 13.257585, 6.877138 ], [ 13.257045, 6.876393 ], [ 13.256543, 6.875252 ] ] } },
{ "type": "Feature", "properties": { "tg_type": "INF.VOIE_FERREE", "nom": "", "source_id": "way/1003013341", "source": "OSM_OSMFR_2026-10-03", "statut": "IMPORTE", "date_source": "2026-10-03", "usage": "main", "service": null, "gauge": "1000", "operator": "Camrail", "electrified": "no", "longueur_m": 7525.0 }, "geometry": { "type": "LineString", "coordinates": [ [ 13.25405, 6.845039 ], [ 13.254105, 6.844265 ], [ 13.254516, 6.842965 ], [ 13.2585, 6.83456 ], [ 13.258857, 6.833563 ], [ 13.260193, 6.826123 ], [ 13.260238, 6.824892 ], [ 13.259328, 6.820388 ], [ 13.25928, 6.819363 ], [ 13.259378, 6.818677 ], [ 13.259593, 6.818003 ], [ 13.260854, 6.81551 ], [ 13.26108, 6.814695 ], [ 13.26117, 6.814018 ], [ 13.26108, 6.806358 ], [ 13.261152, 6.805328 ], [ 13.26518, 6.789295 ], [ 13.265337, 6.788428 ], [ 13.265303, 6.787372 ], [ 13.264907, 6.786053 ], [ 13.263422, 6.783784 ], [ 13.263087, 6.782965 ], [ 13.26287, 6.781742 ], [ 13.262963, 6.780695 ], [ 13.263192, 6.779766 ] ] } },
{ "type": "Feature", "properties": { "tg_type": "INF.VOIE_FERREE", "nom": "", "source_id": "way/1003013342", "source": "OSM_OSMFR_2026-10-03", "statut": "IMPORTE", "date_source": "2026-10-03", "usage": "main", "service": null, "gauge": "1000", "operator": "Camrail", "electrified": "no", "longueur_m": 18.1 }, "geometry": { "type": "LineString", "coordinates": [ [ 13.254048, 6.845202 ], [ 13.25405, 6.845039 ] ] } },
{ "type": "Feature", "properties": { "tg_type": "INF.VOIE_FERREE", "nom": "", "source_id": "way/1003080794", "source": "OSM_OSMFR_2026-10-03", "statut": "IMPORTE", "date_source": "2026-10-03", "usage": "main", "service": null, "gauge": "1000", "operator": "Camrail", "electrified": "no", "longueur_m": 38.0 }, "geometry": { "type": "LineString", "coordinates": [ [ 13.405104, 5.329032 ], [ 13.405121, 5.328689 ] ] } },
{ "type": "Feature", "properties": { "tg_type": "INF.VOIE_FERREE", "nom": "", "source_id": "way/1004934010", "source": "OSM_OSMFR_2026-10-03", "statut": "IMPORTE", "date_source": "2026-10-03", "usage": null, "service": null, "gauge": "1000", "operator": "Camrail", "electrified": null, "longueur_m": 18.8 }, "geometry": { "type": "LineString", "coordinates": [ [ 11.536417, 3.928618 ], [ 11.536513, 3.928478 ] ] } },
{ "type": "Feature", "properties": { "tg_type": "INF.VOIE_FERREE", "nom": "", "source_id": "way/1004934011", "source": "OSM_OSMFR_2026-10-03", "statut": "IMPORTE", "date_source": "2026-10-03", "usage": "main", "service": null, "gauge": "1000", "operator": "Camrail", "electrified": "no", "longueur_m": 3069.5 }, "geometry": { "type": "LineString", "coordinates": [ [ 11.533853, 3.953421 ], [ 11.532935, 3.951908 ], [ 11.530137, 3.94544 ], [ 11.529749, 3.944155 ], [ 11.529538, 3.942692 ], [ 11.529531, 3.941778 ], [ 11.529844, 3.939806 ], [ 11.531502, 3.934942 ], [ 11.53202, 3.934105 ], [ 11.534655, 3.931262 ], [ 11.536417, 3.928618 ] ] } },
{ "type": "Feature", "properties": { "tg_type": "INF.VOIE_FERREE", "nom": "", "source_id": "way/1046938851", "source": "OSM_OSMFR_2026-10-03", "statut": "IMPORTE", "date_source": "2026-10-03", "usage": "main", "service": null, "gauge": "1000", "operator": "CAMRAIL", "electrified": "no", "longueur_m": 15549.1 }, "geometry": { "type": "LineString", "coordinates": [ [ 10.373328, 3.692164 ], [ 10.372161, 3.693116 ], [ 10.371493, 3.69355 ], [ 10.370767, 3.693828 ], [ 10.369909, 3.694068 ], [ 10.362492, 3.695426 ], [ 10.360173, 3.696052 ], [ 10.358061, 3.697103 ], [ 10.357042, 3.69784 ], [ 10.350379, 3.704129 ], [ 10.348993, 3.705169 ], [ 10.337667, 3.709453 ], [ 10.334096, 3.710658 ], [ 10.333896, 3.710795 ], [ 10.332619, 3.711249 ], [ 10.331231, 3.712154 ], [ 10.326224, 3.716902 ], [ 10.324831, 3.718336 ], [ 10.323689, 3.720443 ], [ 10.321103, 3.726725 ], [ 10.320052, 3.728525 ], [ 10.318403, 3.730123 ], [ 10.318316, 3.730125 ], [ 10.311073, 3.735882 ], [ 10.30953, 3.737017 ], [ 10.308132, 3.737507 ], [ 10.30494, 3.737406 ], [ 10.302593, 3.73724 ], [ 10.294518, 3.736501 ], [ 10.29224, 3.736525 ], [ 10.290749, 3.736947 ], [ 10.289428, 3.737755 ], [ 10.284056, 3.744465 ], [ 10.279089, 3.750877 ], [ 10.277486, 3.752741 ], [ 10.276136, 3.753794 ], [ 10.273975, 3.754727 ], [ 10.259687, 3.759745 ] ] } },
{ "type": "Feature", "properties": { "tg_type": "INF.VOIE_FERREE", "nom": "", "source_id": "way/1046938852", "source": "OSM_OSMFR_2026-10-03", "statut": "IMPORTE", "date_source": "2026-10-03", "usage": "main", "service": null, "gauge": "1000", "operator": "CAMRAIL", "electrified": "no", "longueur_m": 85.0 }, "geometry": { "type": "LineString", "coordinates": [ [ 10.373929, 3.691687 ], [ 10.373328, 3.692164 ] ] } },
{ "type": "Feature", "properties": { "tg_type": "INF.VOIE_FERREE", "nom": "", "source_id": "way/1057901515", "source": "OSM_OSMFR_2026-10-03", "statut": "IMPORTE", "date_source": "2026-10-03", "usage": "main", "service": null, "gauge": "1000", "operator": "Camrail", "electrified": "no", "longueur_m": 1298.2 }, "geometry": { "type": "LineString", "coordinates": [ [ 11.918795, 4.469859 ], [ 11.915225, 4.468108 ], [ 11.913757, 4.467212 ], [ 11.909125, 4.463376 ] ] } },
{ "type": "Feature", "properties": { "tg_type": "INF.VOIE_FERREE", "nom": "", "source_id": "way/1057901516", "source": "OSM_OSMFR_2026-10-03", "statut": "IMPORTE", "date_source": "2026-10-03", "usage": "main", "service": null, "gauge": "1000", "operator": "Camrail", "electrified": "no", "longueur_m": 50.0 }, "geometry": { "type": "LineString", "coordinates": [ [ 11.909125, 4.463376 ], [ 11.908779, 4.463087 ] ] } },
{ "type": "Feature", "properties": { "tg_type": "INF.VOIE_FERREE", "nom": "", "source_id": "way/1057901517", "source": "OSM_OSMFR_2026-10-03", "statut": "IMPORTE", "date_source": "2026-10-03", "usage": "main", "service": null, "gauge": "1000", "operator": "Camrail", "electrified": "no", "longueur_m": 843.2 }, "geometry": { "type": "LineString", "coordinates": [ [ 11.925788, 4.473062 ], [ 11.924028, 4.472425 ], [ 11.918883, 4.469902 ] ] } },
{ "type": "Feature", "properties": { "tg_type": "INF.VOIE_FERREE", "nom": "", "source_id": "way/1057901518", "source": "OSM_OSMFR_2026-10-03", "statut": "IMPORTE", "date_source": "2026-10-03", "usage": "main", "service": null, "gauge": "1000", "operator": "Camrail", "electrified": "no", "longueur_m": 10.9 }, "geometry": { "type": "LineString", "coordinates": [ [ 11.918883, 4.469902 ], [ 11.918795, 4.469859 ] ] } },
{ "type": "Feature", "properties": { "tg_type": "INF.VOIE_FERREE", "nom": "", "source_id": "way/1087349612", "source": "OSM_OSMFR_2026-10-03", "statut": "IMPORTE", "date_source": "2026-10-03", "usage": "branch", "service": "siding", "gauge": "1000", "operator": "CAMRAIL", "electrified": "no", "longueur_m": 562.2 }, "geometry": { "type": "LineString", "coordinates": [ [ 9.56531, 4.492962 ], [ 9.565076, 4.498038 ] ] } },
{ "type": "Feature", "properties": { "tg_type": "INF.VOIE_FERREE", "nom": "", "source_id": "way/1087350005", "source": "OSM_OSMFR_2026-10-03", "statut": "IMPORTE", "date_source": "2026-10-03", "usage": "branch", "service": "siding", "gauge": "1000", "operator": "CAMRAIL", "electrified": "no", "longueur_m": 657.2 }, "geometry": { "type": "LineString", "coordinates": [ [ 9.565377, 4.492568 ], [ 9.565126, 4.498217 ], [ 9.565055, 4.498494 ] ] } },
{ "type": "Feature", "properties": { "tg_type": "INF.VOIE_FERREE", "nom": "", "source_id": "way/1189403970", "source": "OSM_OSMFR_2026-10-03", "statut": "IMPORTE", "date_source": "2026-10-03", "usage": "main", "service": null, "gauge": "1000", "operator": "Camrail", "electrified": "no", "longueur_m": 4872.6 }, "geometry": { "type": "LineString", "coordinates": [ [ 11.95911, 4.489911 ], [ 11.958162, 4.48891 ], [ 11.957777, 4.488657 ], [ 11.95718, 4.488353 ], [ 11.95656, 4.488155 ], [ 11.955705, 4.488023 ], [ 11.9477, 4.487805 ], [ 11.940838, 4.488012 ], [ 11.939802, 4.487983 ], [ 11.938632, 4.487765 ], [ 11.935512, 4.486933 ], [ 11.934808, 4.486718 ], [ 11.934168, 4.486418 ], [ 11.93334, 4.485768 ], [ 11.932745, 4.485053 ], [ 11.932293, 4.484223 ], [ 11.932025, 4.483332 ], [ 11.931932, 4.482128 ], [ 11.93253, 4.478735 ], [ 11.932517, 4.478248 ], [ 11.932337, 4.47729 ], [ 11.931902, 4.476285 ], [ 11.931032, 4.475245 ], [ 11.930063, 4.474593 ], [ 11.925788, 4.473062 ] ] } },
{ "type": "Feature", "properties": { "tg_type": "INF.VOIE_FERREE", "nom": "", "source_id": "way/1189403971", "source": "OSM_OSMFR_2026-10-03", "statut": "IMPORTE", "date_source": "2026-10-03", "usage": "main", "service": null, "gauge": "1000", "operator": "Camrail", "electrified": "no", "longueur_m": 20.9 }, "geometry": { "type": "LineString", "coordinates": [ [ 11.959226, 4.490061 ], [ 11.95911, 4.489911 ] ] } },
{ "type": "Feature", "properties": { "tg_type": "INF.VOIE_FERREE", "nom": "", "source_id": "way/1350499939", "source": "OSM_OSMFR_2026-10-03", "statut": "IMPORTE", "date_source": "2026-10-03", "usage": "main", "service": null, "gauge": "1000", "operator": "Camrail", "electrified": "no", "longueur_m": 3452.9 }, "geometry": { "type": "LineString", "coordinates": [ [ 11.565866, 4.169842 ], [ 11.564818, 4.168908 ], [ 11.550928, 4.161477 ], [ 11.549903, 4.160787 ], [ 11.549295, 4.16026 ], [ 11.548763, 4.15967 ], [ 11.548008, 4.158495 ], [ 11.547658, 4.15769 ], [ 11.544894, 4.149238 ] ] } },
{ "type": "Feature", "properties": { "tg_type": "INF.VOIE_FERREE", "nom": "", "source_id": "way/1350499940", "source": "OSM_OSMFR_2026-10-03", "statut": "IMPORTE", "date_source": "2026-10-03", "usage": "main", "service": null, "gauge": "1000", "operator": "Camrail", "electrified": "no", "longueur_m": 42.8 }, "geometry": { "type": "LineString", "coordinates": [ [ 11.566148, 4.170107 ], [ 11.565866, 4.169842 ] ] } },
{ "type": "Feature", "properties": { "tg_type": "INF.VOIE_FERREE", "nom": "", "source_id": "way/1550275312", "source": "OSM_OSMFR_2026-10-03", "statut": "IMPORTE", "date_source": "2026-10-03", "usage": null, "service": "siding", "gauge": null, "operator": null, "electrified": null, "longueur_m": 711.6 }, "geometry": { "type": "LineString", "coordinates": [ [ 13.285134, 4.922521 ], [ 13.287602, 4.9239 ], [ 13.290791, 4.925548 ] ] } },
{ "type": "Feature", "properties": { "tg_type": "INF.VOIE_FERREE", "nom": "", "source_id": "way/1550275313", "source": "OSM_OSMFR_2026-10-03", "statut": "IMPORTE", "date_source": "2026-10-03", "usage": null, "service": "siding", "gauge": null, "operator": null, "electrified": null, "longueur_m": 644.5 }, "geometry": { "type": "LineString", "coordinates": [ [ 13.290605, 4.925449 ], [ 13.285484, 4.922708 ] ] } },
{ "type": "Feature", "properties": { "tg_type": "INF.VOIE_FERREE", "nom": "", "source_id": "way/1550275314", "source": "OSM_OSMFR_2026-10-03", "statut": "IMPORTE", "date_source": "2026-10-03", "usage": null, "service": "siding", "gauge": null, "operator": null, "electrified": null, "longueur_m": 618.4 }, "geometry": { "type": "LineString", "coordinates": [ [ 13.291037, 4.925679 ], [ 13.290216, 4.925114 ], [ 13.286147, 4.923008 ] ] } },
{ "type": "Feature", "properties": { "tg_type": "INF.VOIE_FERREE", "nom": "", "source_id": "way/1550275315", "source": "OSM_OSMFR_2026-10-03", "statut": "IMPORTE", "date_source": "2026-10-03", "usage": null, "service": "siding", "gauge": null, "operator": null, "electrified": null, "longueur_m": 581.9 }, "geometry": { "type": "LineString", "coordinates": [ [ 13.290429, 4.9254 ], [ 13.289816, 4.925151 ], [ 13.286134, 4.92318 ], [ 13.28581, 4.92293 ] ] } },
{ "type": "Feature", "properties": { "tg_type": "INF.VOIE_FERREE", "nom": "", "source_id": "way/1550275316", "source": "OSM_OSMFR_2026-10-03", "statut": "IMPORTE", "date_source": "2026-10-03", "usage": null, "service": "siding", "gauge": null, "operator": null, "electrified": null, "longueur_m": 76.9 }, "geometry": { "type": "LineString", "coordinates": [ [ 13.290105, 4.925297 ], [ 13.290718, 4.92562 ] ] } },
{ "type": "Feature", "properties": { "tg_type": "INF.VOIE_FERREE", "nom": "", "source_id": "way/1550275317", "source": "OSM_OSMFR_2026-10-03", "statut": "IMPORTE", "date_source": "2026-10-03", "usage": null, "service": "siding", "gauge": null, "operator": null, "electrified": null, "longueur_m": 882.6 }, "geometry": { "type": "LineString", "coordinates": [ [ 13.290378, 4.925441 ], [ 13.290721, 4.925854 ], [ 13.29078, 4.926042 ], [ 13.290824, 4.926335 ], [ 13.290675, 4.926749 ], [ 13.290518, 4.926932 ], [ 13.290043, 4.927148 ], [ 13.289634, 4.927118 ], [ 13.289393, 4.927005 ], [ 13.287338, 4.924283 ], [ 13.286134, 4.92318 ] ] } },
{ "type": "Feature", "properties": { "tg_type": "INF.VOIE_FERREE", "nom": "", "source_id": "way/1550466343", "source": "OSM_OSMFR_2026-10-03", "statut": "IMPORTE", "date_source": "2026-10-03", "usage": null, "service": "siding", "gauge": null, "operator": null, "electrified": null, "longueur_m": 127.0 }, "geometry": { "type": "LineString", "coordinates": [ [ 13.289202, 4.926273 ], [ 13.288307, 4.925557 ] ] } },
{ "type": "Feature", "properties": { "tg_type": "INF.VOIE_FERREE", "nom": "", "source_id": "way/1550466344", "source": "OSM_OSMFR_2026-10-03", "statut": "IMPORTE", "date_source": "2026-10-03", "usage": null, "service": "siding", "gauge": null, "operator": null, "electrified": null, "longueur_m": 148.3 }, "geometry": { "type": "LineString", "coordinates": [ [ 13.289225, 4.92625 ], [ 13.288195, 4.925395 ] ] } },
{ "type": "Feature", "properties": { "tg_type": "INF.VOIE_FERREE", "nom": "", "source_id": "way/1550466345", "source": "OSM_OSMFR_2026-10-03", "statut": "IMPORTE", "date_source": "2026-10-03", "usage": null, "service": "siding", "gauge": null, "operator": null, "electrified": null, "longueur_m": 660.2 }, "geometry": { "type": "LineString", "coordinates": [ [ 13.290762, 4.925476 ], [ 13.289816, 4.924317 ], [ 13.285885, 4.922222 ] ] } }
]
}
