{"type":"FeatureCollection","features":[
{"type":"Feature","properties":{"tg_type":"SOC.ADMIN.MAIRIE","nom":"Chefferie de Oban I","source_id":"node/1007095611","source":"OSM_OSMFR_2026-10-03","statut":"IMPORTE","date_source":"2026-10-03","amenity":"townhall","townhall_type":null,"admin_level":null,"nom_fr":null,"nom_en":null,"osm_type":"node","date_maj_objet":"2013-03-23","doublon_interne_suspect":null},"geometry":{"type":"Point","coordinates":[11.431837,4.054161]}},
{"type":"Feature","properties":{"tg_type":"SOC.ADMIN.MAIRIE","nom":"Chefferie de Bitsingda","source_id":"node/1007095622","source":"OSM_OSMFR_2026-10-03","statut":"IMPORTE","date_source":"2026-10-03","amenity":"townhall","townhall_type":null,"admin_level":null,"nom_fr":null,"nom_en":null,"osm_type":"node","date_maj_objet":"2017-12-08","doublon_interne_suspect":null},"geometry":{"type":"Point","coordinates":[11.363037,4.101876]}},
{"type":"Feature","properties":{"tg_type":"SOC.ADMIN.MAIRIE","nom":"Chefferie de Konabeng","source_id":"node/1007095625","source":"OSM_OSMFR_2026-10-03","statut":"IMPORTE","date_source":"2026-10-03","amenity":"townhall","townhall_type":null,"admin_level":null,"nom_fr":null,"nom_en":null,"osm_type":"node","date_maj_objet":"2013-03-23","doublon_interne_suspect":null},"geometry":{"type":"Point","coordinates":[11.338458,4.078548]}},
{"type":"Feature","properties":{"tg_type":"SOC.ADMIN.MAIRIE","nom":"Chefferie de Lendom II","source_id":"node/1007095722","source":"OSM_OSMFR_2026-10-03","statut":"IMPORTE","date_source":"2026-10-03","amenity":"townhall","townhall_type":null,"admin_level":null,"nom_fr":null,"nom_en":null,"osm_type":"node","date_maj_objet":"2013-03-23","doublon_interne_suspect":null},"geometry":{"type":"Point","coordinates":[11.357943,4.070238]}},
{"type":"Feature","properties":{"tg_type":"SOC.ADMIN.MAIRIE","nom":"Chefferie d'Ebanga","source_id":"node/1007095743","source":"OSM_OSMFR_2026-10-03","statut":"IMPORTE","date_source":"2026-10-03","amenity":"townhall","townhall_type":null,"admin_level":null,"nom_fr":null,"nom_en":null,"osm_type":"node","date_maj_objet":"2013-03-23","doublon_interne_suspect":null},"geometry":{"type":"Point","coordinates":[11.336388,4.111423]}},
{"type":"Feature","properties":{"tg_type":"SOC.ADMIN.MAIRIE","nom":"Chefferie de Mbelekie","source_id":"node/1007095793","source":"OSM_OSMFR_2026-10-03","statut":"IMPORTE","date_source":"2026-10-03","amenity":"townhall","townhall_type":null,"admin_level":null,"nom_fr":null,"nom_en":null,"osm_type":"node","date_maj_objet":"2017-12-08","doublon_interne_suspect":null},"geometry":{"type":"Point","coordinates":[11.359683,4.102726]}},
{"type":"Feature","properties":{"tg_type":"SOC.ADMIN.MAIRIE","nom":"Chefferie de Ekekam I","source_id":"node/1007095794","source":"OSM_OSMFR_2026-10-03","statut":"IMPORTE","date_source":"2026-10-03","amenity":"townhall","townhall_type":null,"admin_level":null,"nom_fr":null,"nom_en":null,"osm_type":"node","date_maj_objet":"2013-03-23","doublon_interne_suspect":null},"geometry":{"type":"Point","coordinates":[11.315364,4.071731]}},
{"type":"Feature","properties":{"tg_type":"SOC.ADMIN.MAIRIE","nom":"Chefferie d\"Oyama","source_id":"node/1007095800","source":"OSM_OSMFR_2026-10-03","statut":"IMPORTE","date_source":"2026-10-03","amenity":"townhall","townhall_type":null,"admin_level":null,"nom_fr":null,"nom_en":null,"osm_type":"node","date_maj_objet":"2013-03-23","doublon_interne_suspect":null},"geometry":{"type":"Point","coordinates":[11.410574,4.069814]}},
{"type":"Feature","properties":{"tg_type":"SOC.ADMIN.MAIRIE","nom":"Chefferie de Nkoletomo","source_id":"node/1007095823","source":"OSM_OSMFR_2026-10-03","statut":"IMPORTE","date_source":"2026-10-03","amenity":"townhall","townhall_type":null,"admin_level":null,"nom_fr":null,"nom_en":null,"osm_type":"node","date_maj_objet":"2013-03-23","doublon_interne_suspect":null},"geometry":{"type":"Point","coordinates":[11.438608,4.027257]}},
{"type":"Feature","properties":{"tg_type":"SOC.ADMIN.MAIRIE","nom":"Chefferie de Ekekam III","source_id":"node/1007095843","source":"OSM_OSMFR_2026-10-03","statut":"IMPORTE","date_source":"2026-10-03","amenity":"townhall","townhall_type":null,"admin_level":null,"nom_fr":null,"nom_en":null,"osm_type":"node","date_maj_objet":"2013-03-23","doublon_interne_suspect":null},"geometry":{"type":"Point","coordinates":[11.297728,4.097584]}},
{"type":"Feature","properties":{"tg_type":"SOC.ADMIN.MAIRIE","nom":"Chefferie de Mpong II","source_id":"node/1007095876","source":"OSM_OSMFR_2026-10-03","statut":"IMPORTE","date_source":"2026-10-03","amenity":"townhall","townhall_type":null,"admin_level":null,"nom_fr":null,"nom_en":null,"osm_type":"node","date_maj_objet":"2017-12-08","doublon_interne_suspect":null},"geometry":{"type":"Point","coordinates":[11.352444,4.113052]}},
{"type":"Feature","properties":{"tg_type":"SOC.ADMIN.MAIRIE","nom":"Chefferie de Nkolagoum","source_id":"node/1007095882","source":"OSM_OSMFR_2026-10-03","statut":"IMPORTE","date_source":"2026-10-03","amenity":"townhall","townhall_type":null,"admin_level":null,"nom_fr":null,"nom_en":null,"osm_type":"node","date_maj_objet":"2013-03-23","doublon_interne_suspect":null},"geometry":{"type":"Point","coordinates":[11.368211,4.092934]}},
{"type":"Feature","properties":{"tg_type":"SOC.ADMIN.MAIRIE","nom":"Chefferie d'Ebougsi","source_id":"node/1007095885","source":"OSM_OSMFR_2026-10-03","statut":"IMPORTE","date_source":"2026-10-03","amenity":"townhall","townhall_type":null,"admin_level":null,"nom_fr":null,"nom_en":null,"osm_type":"node","date_maj_objet":"2013-03-23","doublon_interne_suspect":null},"geometry":{"type":"Point","coordinates":[11.302336,4.112648]}},
{"type":"Feature","properties":{"tg_type":"SOC.ADMIN.MAIRIE","nom":"Chefferie de Mvoua","source_id":"node/1007095894","source":"OSM_OSMFR_2026-10-03","statut":"IMPORTE","date_source":"2026-10-03","amenity":"townhall","townhall_type":null,"admin_level":null,"nom_fr":null,"nom_en":null,"osm_type":"node","date_maj_objet":"2013-03-23","doublon_interne_suspect":null},"geometry":{"type":"Point","coordinates":[11.430312,4.060867]}},
{"type":"Feature","properties":{"tg_type":"SOC.ADMIN.MAIRIE","nom":"Chefferie de Nkongzok","source_id":"node/1007095899","source":"OSM_OSMFR_2026-10-03","statut":"IMPORTE","date_source":"2026-10-03","amenity":"townhall","townhall_type":null,"admin_level":null,"nom_fr":null,"nom_en":null,"osm_type":"node","date_maj_objet":"2013-03-23","doublon_interne_suspect":null},"geometry":{"type":"Point","coordinates":[11.341779,4.065318]}},
{"type":"Feature","properties":{"tg_type":"SOC.ADMIN.MAIRIE","nom":"Chefferie de Ngong","source_id":"node/1007095909","source":"OSM_OSMFR_2026-10-03","statut":"IMPORTE","date_source":"2026-10-03","amenity":"townhall","townhall_type":null,"admin_level":null,"nom_fr":null,"nom_en":null,"osm_type":"node","date_maj_objet":"2013-03-23","doublon_interne_suspect":null},"geometry":{"type":"Point","coordinates":[11.384677,4.084403]}},
{"type":"Feature","properties":{"tg_type":"SOC.ADMIN.MAIRIE","nom":"Chefferie de Louma","source_id":"node/1007095929","source":"OSM_OSMFR_2026-10-03","statut":"IMPORTE","date_source":"2026-10-03","amenity":"townhall","townhall_type":null,"admin_level":null,"nom_fr":null,"nom_en":null,"osm_type":"node","date_maj_objet":"2013-03-23","doublon_interne_suspect":null},"geometry":{"type":"Point","coordinates":[11.401471,4.077336]}},
{"type":"Feature","properties":{"tg_type":"SOC.ADMIN.MAIRIE","nom":"Chefferie de Ndangueng","source_id":"node/1007095933","source":"OSM_OSMFR_2026-10-03","statut":"IMPORTE","date_source":"2026-10-03","amenity":"townhall","townhall_type":null,"admin_level":null,"nom_fr":null,"nom_en":null,"osm_type":"node","date_maj_objet":"2013-03-23","doublon_interne_suspect":null},"geometry":{"type":"Point","coordinates":[11.343656,4.105662]}},
{"type":"Feature","properties":{"tg_type":"SOC.ADMIN.MAIRIE","nom":"Chefferie de Ekekam II","source_id":"node/1007095940","source":"OSM_OSMFR_2026-10-03","statut":"IMPORTE","date_source":"2026-10-03","amenity":"townhall","townhall_type":null,"admin_level":null,"nom_fr":null,"nom_en":null,"osm_type":"node","date_maj_objet":"2013-03-23","doublon_interne_suspect":null},"geometry":{"type":"Point","coordinates":[11.31033,4.083383]}},
{"type":"Feature","properties":{"tg_type":"SOC.ADMIN.MAIRIE","nom":"Chefferie de Tsama","source_id":"node/1007095949","source":"OSM_OSMFR_2026-10-03","statut":"IMPORTE","date_source":"2026-10-03","amenity":"townhall","townhall_type":null,"admin_level":null,"nom_fr":null,"nom_en":null,"osm_type":"node","date_maj_objet":"2013-03-23","doublon_interne_suspect":null},"geometry":{"type":"Point","coordinates":[11.431447,4.033598]}},
{"type":"Feature","properties":{"tg_type":"SOC.ADMIN.MAIRIE","nom":"Chefferie de Oban II","source_id":"node/1007095950","source":"OSM_OSMFR_2026-10-03","statut":"IMPORTE","date_source":"2026-10-03","amenity":"townhall","townhall_type":null,"admin_level":null,"nom_fr":null,"nom_en":null,"osm_type":"node","date_maj_objet":"2013-03-23","doublon_interne_suspect":null},"geometry":{"type":"Point","coordinates":[11.413954,4.046124]}},
{"type":"Feature","properties":{"tg_type":"SOC.ADMIN.MAIRIE","nom":"Centre d'etat Civil de Fegmimbang","source_id":"node/1013434167","source":"OSM_OSMFR_2026-10-03","statut":"IMPORTE","date_source":"2026-10-03","amenity":"townhall","townhall_type":null,"admin_level":null,"nom_fr":null,"nom_en":null,"osm_type":"node","date_maj_objet":"2010-11-30","doublon_interne_suspect":null},"geometry":{"type":"Point","coordinates":[11.192057,4.043968]}},
{"type":"Feature","properties":{"tg_type":"SOC.ADMIN.MAIRIE","nom":"Chefferie de Fegmimbang","source_id":"node/1013434186","source":"OSM_OSMFR_2026-10-03","statut":"IMPORTE","date_source":"2026-10-03","amenity":"townhall","townhall_type":null,"admin_level":null,"nom_fr":null,"nom_en":null,"osm_type":"node","date_maj_objet":"2017-12-08","doublon_interne_suspect":null},"geometry":{"type":"Point","coordinates":[11.191748,4.043911]}},
{"type":"Feature","properties":{"tg_type":"SOC.ADMIN.MAIRIE","nom":"Chefferie de Ayos","source_id":"node/1013434210","source":"OSM_OSMFR_2026-10-03","statut":"IMPORTE","date_source":"2026-10-03","amenity":"townhall","townhall_type":null,"admin_level":null,"nom_fr":null,"nom_en":null,"osm_type":"node","date_maj_objet":"2013-03-23","doublon_interne_suspect":null},"geometry":{"type":"Point","coordinates":[11.279818,4.078953]}},
{"type":"Feature","properties":{"tg_type":"SOC.ADMIN.MAIRIE","nom":"Chefferie de 3e Degree de Nkoletkosing","source_id":"node/1013434221","source":"OSM_OSMFR_2026-10-03","statut":"IMPORTE","date_source":"2026-10-03","amenity":"townhall","townhall_type":null,"admin_level":null,"nom_fr":null,"nom_en":null,"osm_type":"node","date_maj_objet":"2017-12-08","doublon_interne_suspect":null},"geometry":{"type":"Point","coordinates":[11.181005,4.061951]}},
{"type":"Feature","properties":{"tg_type":"SOC.ADMIN.MAIRIE","nom":"Chefferie de VOA I","source_id":"node/1013434226","source":"OSM_OSMFR_2026-10-03","statut":"IMPORTE","date_source":"2026-10-03","amenity":"townhall","townhall_type":null,"admin_level":null,"nom_fr":null,"nom_en":null,"osm_type":"node","date_maj_objet":"2017-12-08","doublon_interne_suspect":null},"geometry":{"type":"Point","coordinates":[11.215144,4.041362]}},
{"type":"Feature","properties":{"tg_type":"SOC.ADMIN.MAIRIE","nom":"Chefferie de Nkoltsiba","source_id":"node/1013434245","source":"OSM_OSMFR_2026-10-03","statut":"IMPORTE","date_source":"2026-10-03","amenity":"townhall","townhall_type":null,"admin_level":null,"nom_fr":null,"nom_en":null,"osm_type":"node","date_maj_objet":"2017-12-08","doublon_interne_suspect":null},"geometry":{"type":"Point","coordinates":[11.230916,4.031861]}},
{"type":"Feature","properties":{"tg_type":"SOC.ADMIN.MAIRIE","nom":"Chefferie de Nkol Assa","source_id":"node/1013434269","source":"OSM_OSMFR_2026-10-03","statut":"IMPORTE","date_source":"2026-10-03","amenity":"townhall","townhall_type":null,"admin_level":null,"nom_fr":null,"nom_en":null,"osm_type":"node","date_maj_objet":"2017-12-08","doublon_interne_suspect":null},"geometry":{"type":"Point","coordinates":[11.218026,4.050246]}},
{"type":"Feature","properties":{"tg_type":"SOC.ADMIN.MAIRIE","nom":"Chefferie de Nkol Poblo","source_id":"node/1013434270","source":"OSM_OSMFR_2026-10-03","statut":"IMPORTE","date_source":"2026-10-03","amenity":"townhall","townhall_type":null,"admin_level":null,"nom_fr":null,"nom_en":null,"osm_type":"node","date_maj_objet":"2021-08-24","doublon_interne_suspect":null},"geometry":{"type":"Point","coordinates":[11.212286,4.076919]}},
{"type":"Feature","properties":{"tg_type":"SOC.ADMIN.MAIRIE","nom":"Post Agricole de Nkol Poblo","source_id":"node/1013434271","source":"OSM_OSMFR_2026-10-03","statut":"IMPORTE","date_source":"2026-10-03","amenity":"townhall","townhall_type":null,"admin_level":null,"nom_fr":null,"nom_en":null,"osm_type":"node","date_maj_objet":"2010-11-30","doublon_interne_suspect":null},"geometry":{"type":"Point","coordinates":[11.217752,4.079104]}},
{"type":"Feature","properties":{"tg_type":"SOC.ADMIN.MAIRIE","nom":"Chefferie de Mekak","source_id":"node/1013434277","source":"OSM_OSMFR_2026-10-03","statut":"IMPORTE","date_source":"2026-10-03","amenity":"townhall","townhall_type":null,"admin_level":null,"nom_fr":null,"nom_en":null,"osm_type":"node","date_maj_objet":"2017-12-08","doublon_interne_suspect":null},"geometry":{"type":"Point","coordinates":[11.19479,4.012703]}},
{"type":"Feature","properties":{"tg_type":"SOC.ADMIN.MAIRIE","nom":"Centre d'etat Civil de Nkolzibi","source_id":"node/1013434289","source":"OSM_OSMFR_2026-10-03","statut":"IMPORTE","date_source":"2026-10-03","amenity":"townhall","townhall_type":null,"admin_level":null,"nom_fr":null,"nom_en":null,"osm_type":"node","date_maj_objet":"2021-08-24","doublon_interne_suspect":null},"geometry":{"type":"Point","coordinates":[11.202442,4.075702]}},
{"type":"Feature","properties":{"tg_type":"SOC.ADMIN.MAIRIE","nom":"Chefferie de VOA II","source_id":"node/1013434318","source":"OSM_OSMFR_2026-10-03","statut":"IMPORTE","date_source":"2026-10-03","amenity":"townhall","townhall_type":null,"admin_level":null,"nom_fr":null,"nom_en":null,"osm_type":"node","date_maj_objet":"2013-03-23","doublon_interne_suspect":null},"geometry":{"type":"Point","coordinates":[11.216655,4.023924]}},
{"type":"Feature","properties":{"tg_type":"SOC.ADMIN.MAIRIE","nom":"Chefferie de Billono II","source_id":"node/1067272303","source":"OSM_OSMFR_2026-10-03","statut":"IMPORTE","date_source":"2026-10-03","amenity":"townhall","townhall_type":null,"admin_level":null,"nom_fr":null,"nom_en":null,"osm_type":"node","date_maj_objet":"2017-12-08","doublon_interne_suspect":null},"geometry":{"type":"Point","coordinates":[11.444182,4.020791]}},
{"type":"Feature","properties":{"tg_type":"SOC.ADMIN.MAIRIE","nom":"Chefferie de Leboudi I","source_id":"node/1067272322","source":"OSM_OSMFR_2026-10-03","statut":"IMPORTE","date_source":"2026-10-03","amenity":"townhall","townhall_type":null,"admin_level":null,"nom_fr":null,"nom_en":null,"osm_type":"node","date_maj_objet":"2017-12-04","doublon_interne_suspect":null},"geometry":{"type":"Point","coordinates":[11.443313,3.92886]}},
{"type":"Feature","properties":{"tg_type":"SOC.ADMIN.MAIRIE","nom":"Chefferie de Nkong","source_id":"node/1067272324","source":"OSM_OSMFR_2026-10-03","statut":"IMPORTE","date_source":"2026-10-03","amenity":"townhall","townhall_type":null,"admin_level":null,"nom_fr":null,"nom_en":null,"osm_type":"node","date_maj_objet":"2017-12-04","doublon_interne_suspect":null},"geometry":{"type":"Point","coordinates":[11.452467,3.966785]}},
{"type":"Feature","properties":{"tg_type":"SOC.ADMIN.MAIRIE","nom":"Chefferie de Ngoya II","source_id":"node/1067272340","source":"OSM_OSMFR_2026-10-03","statut":"IMPORTE","date_source":"2026-10-03","amenity":"townhall","townhall_type":null,"admin_level":null,"nom_fr":null,"nom_en":null,"osm_type":"node","date_maj_objet":"2017-12-04","doublon_interne_suspect":null},"geometry":{"type":"Point","coordinates":[11.464923,3.930571]}},
{"type":"Feature","properties":{"tg_type":"SOC.ADMIN.MAIRIE","nom":"Chefferie de Ngoya III","source_id":"node/1067272347","source":"OSM_OSMFR_2026-10-03","statut":"IMPORTE","date_source":"2026-10-03","amenity":"townhall","townhall_type":null,"admin_level":null,"nom_fr":null,"nom_en":null,"osm_type":"node","date_maj_objet":"2017-12-04","doublon_interne_suspect":null},"geometry":{"type":"Point","coordinates":[11.472602,3.920228]}},
{"type":"Feature","properties":{"tg_type":"SOC.ADMIN.MAIRIE","nom":"Chefferie d'Ebot","source_id":"node/1067272351","source":"OSM_OSMFR_2026-10-03","statut":"IMPORTE","date_source":"2026-10-03","amenity":"townhall","townhall_type":null,"admin_level":null,"nom_fr":null,"nom_en":null,"osm_type":"node","date_maj_objet":"2017-12-04","doublon_interne_suspect":null},"geometry":{"type":"Point","coordinates":[11.468387,3.981675]}},
{"type":"Feature","properties":{"tg_type":"SOC.ADMIN.MAIRIE","nom":"Centre d'etat civil de Nkolbega","source_id":"node/1067272357","source":"OSM_OSMFR_2026-10-03","statut":"IMPORTE","date_source":"2026-10-03","amenity":"townhall","townhall_type":null,"admin_level":null,"nom_fr":null,"nom_en":null,"osm_type":"node","date_maj_objet":"2017-12-08","doublon_interne_suspect":null},"geometry":{"type":"Point","coordinates":[11.455223,4.053771]}},
{"type":"Feature","properties":{"tg_type":"SOC.ADMIN.MAIRIE","nom":"Chefferie de Leboudi II","source_id":"node/1067272415","source":"OSM_OSMFR_2026-10-03","statut":"IMPORTE","date_source":"2026-10-03","amenity":"townhall","townhall_type":null,"admin_level":null,"nom_fr":null,"nom_en":null,"osm_type":"node","date_maj_objet":"2017-12-04","doublon_interne_suspect":null},"geometry":{"type":"Point","coordinates":[11.445422,3.920379]}},
{"type":"Feature","properties":{"tg_type":"SOC.ADMIN.MAIRIE","nom":"Chefferie de Oma","source_id":"node/1067272432","source":"OSM_OSMFR_2026-10-03","statut":"IMPORTE","date_source":"2026-10-03","amenity":"townhall","townhall_type":null,"admin_level":null,"nom_fr":null,"nom_en":null,"osm_type":"node","date_maj_objet":"2016-08-02","doublon_interne_suspect":null},"geometry":{"type":"Point","coordinates":[11.409087,3.998241]}},
{"type":"Feature","properties":{"tg_type":"SOC.ADMIN.MAIRIE","nom":"Chefferie d'Obak","source_id":"node/1067272450","source":"OSM_OSMFR_2026-10-03","statut":"IMPORTE","date_source":"2026-10-03","amenity":"townhall","townhall_type":null,"admin_level":null,"nom_fr":null,"nom_en":null,"osm_type":"node","date_maj_objet":"2017-12-08","doublon_interne_suspect":null},"geometry":{"type":"Point","coordinates":[11.44508,4.000863]}},
{"type":"Feature","properties":{"tg_type":"SOC.ADMIN.MAIRIE","nom":"Chefferie de Leboudi II","source_id":"node/1067272469","source":"OSM_OSMFR_2026-10-03","statut":"IMPORTE","date_source":"2026-10-03","amenity":"townhall","townhall_type":null,"admin_level":null,"nom_fr":null,"nom_en":null,"osm_type":"node","date_maj_objet":"2017-12-04","doublon_interne_suspect":null},"geometry":{"type":"Point","coordinates":[11.444423,3.922823]}},
{"type":"Feature","properties":{"tg_type":"SOC.ADMIN.MAIRIE","nom":"Chefferie et Centre d'etat civil de Yégassi","source_id":"node/1067272515","source":"OSM_OSMFR_2026-10-03","statut":"IMPORTE","date_source":"2026-10-03","amenity":"townhall","townhall_type":null,"admin_level":null,"nom_fr":null,"nom_en":null,"osm_type":"node","date_maj_objet":"2020-07-30","doublon_interne_suspect":null},"geometry":{"type":"Point","coordinates":[11.471302,3.992059]}},
{"type":"Feature","properties":{"tg_type":"SOC.ADMIN.MAIRIE","nom":"Chefferie d'Etoud","source_id":"node/1067272525","source":"OSM_OSMFR_2026-10-03","statut":"IMPORTE","date_source":"2026-10-03","amenity":"townhall","townhall_type":null,"admin_level":null,"nom_fr":null,"nom_en":null,"osm_type":"node","date_maj_objet":"2017-12-04","doublon_interne_suspect":null},"geometry":{"type":"Point","coordinates":[11.424627,3.907219]}},
{"type":"Feature","properties":{"tg_type":"SOC.ADMIN.MAIRIE","nom":"Chefferie d'Okoukouda","source_id":"node/1067272548","source":"OSM_OSMFR_2026-10-03","statut":"IMPORTE","date_source":"2026-10-03","amenity":"townhall","townhall_type":null,"admin_level":null,"nom_fr":null,"nom_en":null,"osm_type":"node","date_maj_objet":"2017-12-08","doublon_interne_suspect":null},"geometry":{"type":"Point","coordinates":[11.444995,4.018402]}},
{"type":"Feature","properties":{"tg_type":"SOC.ADMIN.MAIRIE","nom":"Chefferie de Nkolondom","source_id":"node/1067272558","source":"OSM_OSMFR_2026-10-03","statut":"IMPORTE","date_source":"2026-10-03","amenity":"townhall","townhall_type":null,"admin_level":null,"nom_fr":null,"nom_en":null,"osm_type":"node","date_maj_objet":"2017-12-04","doublon_interne_suspect":null},"geometry":{"type":"Point","coordinates":[11.480527,3.983046]}},
{"type":"Feature","properties":{"tg_type":"SOC.ADMIN.MAIRIE","nom":"Centre d'etat civil de Nouma","source_id":"node/1067272561","source":"OSM_OSMFR_2026-10-03","statut":"IMPORTE","date_source":"2026-10-03","amenity":"townhall","townhall_type":null,"admin_level":null,"nom_fr":null,"nom_en":null,"osm_type":"node","date_maj_objet":"2010-12-27","doublon_interne_suspect":null},"geometry":{"type":"Point","coordinates":[11.424492,3.966911]}},
{"type":"Feature","properties":{"tg_type":"SOC.ADMIN.MAIRIE","nom":"Centre Special d'etat civil de Ngoya I","source_id":"node/1067272577","source":"OSM_OSMFR_2026-10-03","statut":"IMPORTE","date_source":"2026-10-03","amenity":"townhall","townhall_type":null,"admin_level":null,"nom_fr":null,"nom_en":null,"osm_type":"node","date_maj_objet":"2010-12-27","doublon_interne_suspect":null},"geometry":{"type":"Point","coordinates":[11.464508,3.932177]}},
{"type":"Feature","properties":{"tg_type":"SOC.ADMIN.MAIRIE","nom":"Chefferie d'Ekong","source_id":"node/1067272581","source":"OSM_OSMFR_2026-10-03","statut":"IMPORTE","date_source":"2026-10-03","amenity":"townhall","townhall_type":null,"admin_level":null,"nom_fr":null,"nom_en":null,"osm_type":"node","date_maj_objet":"2017-12-04","doublon_interne_suspect":null},"geometry":{"type":"Point","coordinates":[11.460214,3.94221]}},
{"type":"Feature","properties":{"tg_type":"SOC.ADMIN.MAIRIE","nom":"Chefferie de Nouma","source_id":"node/1067272590","source":"OSM_OSMFR_2026-10-03","statut":"IMPORTE","date_source":"2026-10-03","amenity":"townhall","townhall_type":null,"admin_level":null,"nom_fr":null,"nom_en":null,"osm_type":"node","date_maj_objet":"2017-12-04","doublon_interne_suspect":null},"geometry":{"type":"Point","coordinates":[11.424096,3.966823]}},
{"type":"Feature","properties":{"tg_type":"SOC.ADMIN.MAIRIE","nom":"Chefferie de Nkolbega","source_id":"node/1067272596","source":"OSM_OSMFR_2026-10-03","statut":"IMPORTE","date_source":"2026-10-03","amenity":"townhall","townhall_type":null,"admin_level":null,"nom_fr":null,"nom_en":null,"osm_type":"node","date_maj_objet":"2017-12-08","doublon_interne_suspect":null},"geometry":{"type":"Point","coordinates":[11.471683,4.061593]}},
{"type":"Feature","properties":{"tg_type":"SOC.ADMIN.MAIRIE","nom":"Chefferie de Mintotomo","source_id":"node/1067272617","source":"OSM_OSMFR_2026-10-03","statut":"IMPORTE","date_source":"2026-10-03","amenity":"townhall","townhall_type":null,"admin_level":null,"nom_fr":null,"nom_en":null,"osm_type":"node","date_maj_objet":"2017-12-04","doublon_interne_suspect":null},"geometry":{"type":"Point","coordinates":[11.492162,3.997442]}},
{"type":"Feature","properties":{"tg_type":"SOC.ADMIN.MAIRIE","nom":"Chefferie de Metak","source_id":"node/1067272640","source":"OSM_OSMFR_2026-10-03","statut":"IMPORTE","date_source":"2026-10-03","amenity":"townhall","townhall_type":null,"admin_level":null,"nom_fr":null,"nom_en":null,"osm_type":"node","date_maj_objet":"2017-12-04","doublon_interne_suspect":null},"geometry":{"type":"Point","coordinates":[11.416545,3.9363]}},
{"type":"Feature","properties":{"tg_type":"SOC.ADMIN.MAIRIE","nom":"Centre Special d'etat civil d'Ekong","source_id":"node/1067272680","source":"OSM_OSMFR_2026-10-03","statut":"IMPORTE","date_source":"2026-10-03","amenity":"townhall","townhall_type":null,"admin_level":null,"nom_fr":null,"nom_en":null,"osm_type":"node","date_maj_objet":"2010-12-27","doublon_interne_suspect":null},"geometry":{"type":"Point","coordinates":[11.459532,3.943474]}},
{"type":"Feature","properties":{"tg_type":"SOC.ADMIN.MAIRIE","nom":"Chefferie de Song Onana","source_id":"node/1067284318","source":"OSM_OSMFR_2026-10-03","statut":"IMPORTE","date_source":"2026-10-03","amenity":"townhall","townhall_type":null,"admin_level":null,"nom_fr":null,"nom_en":null,"osm_type":"node","date_maj_objet":"2013-03-23","doublon_interne_suspect":null},"geometry":{"type":"Point","coordinates":[11.306159,4.067351]}},
{"type":"Feature","properties":{"tg_type":"SOC.ADMIN.MAIRIE","nom":"Chefferie de Nkol Vanize","source_id":"node/1067284320","source":"OSM_OSMFR_2026-10-03","statut":"IMPORTE","date_source":"2026-10-03","amenity":"townhall","townhall_type":null,"admin_level":null,"nom_fr":null,"nom_en":null,"osm_type":"node","date_maj_objet":"2017-12-08","doublon_interne_suspect":null},"geometry":{"type":"Point","coordinates":[11.189854,4.01545]}},
{"type":"Feature","properties":{"tg_type":"SOC.ADMIN.MAIRIE","nom":"Chefferie de 3e Degree de Nyemeyon","source_id":"node/1067284323","source":"OSM_OSMFR_2026-10-03","statut":"IMPORTE","date_source":"2026-10-03","amenity":"townhall","townhall_type":null,"admin_level":null,"nom_fr":null,"nom_en":null,"osm_type":"node","date_maj_objet":"2017-12-08","doublon_interne_suspect":null},"geometry":{"type":"Point","coordinates":[11.2422,4.03904]}},
{"type":"Feature","properties":{"tg_type":"SOC.ADMIN.MAIRIE","nom":"Chefferie de Lendom I","source_id":"node/1067289763","source":"OSM_OSMFR_2026-10-03","statut":"IMPORTE","date_source":"2026-10-03","amenity":"townhall","townhall_type":null,"admin_level":null,"nom_fr":null,"nom_en":null,"osm_type":"node","date_maj_objet":"2013-03-23","doublon_interne_suspect":null},"geometry":{"type":"Point","coordinates":[11.349546,4.039392]}},
{"type":"Feature","properties":{"tg_type":"SOC.ADMIN.MAIRIE","nom":"Chefferie de Mva'a II","source_id":"node/1067289782","source":"OSM_OSMFR_2026-10-03","statut":"IMPORTE","date_source":"2026-10-03","amenity":"townhall","townhall_type":null,"admin_level":null,"nom_fr":null,"nom_en":null,"osm_type":"node","date_maj_objet":"2013-03-23","doublon_interne_suspect":null},"geometry":{"type":"Point","coordinates":[11.316563,4.06305]}},
{"type":"Feature","properties":{"tg_type":"SOC.ADMIN.MAIRIE","nom":"Delegation provincial de l'agriculture","source_id":"node/1067289785","source":"OSM_OSMFR_2026-10-03","statut":"IMPORTE","date_source":"2026-10-03","amenity":"townhall","townhall_type":null,"admin_level":null,"nom_fr":null,"nom_en":null,"osm_type":"node","date_maj_objet":"2016-08-02","doublon_interne_suspect":null},"geometry":{"type":"Point","coordinates":[11.383499,4.03179]}},
{"type":"Feature","properties":{"tg_type":"SOC.ADMIN.MAIRIE","nom":"Chefferie de Nkolmekouma","source_id":"node/1067289805","source":"OSM_OSMFR_2026-10-03","statut":"IMPORTE","date_source":"2026-10-03","amenity":"townhall","townhall_type":null,"admin_level":null,"nom_fr":null,"nom_en":null,"osm_type":"node","date_maj_objet":"2013-03-23","doublon_interne_suspect":null},"geometry":{"type":"Point","coordinates":[11.402386,4.008447]}},
{"type":"Feature","properties":{"tg_type":"SOC.ADMIN.MAIRIE","nom":"Chefferie de Mva'a I","source_id":"node/1067289807","source":"OSM_OSMFR_2026-10-03","statut":"IMPORTE","date_source":"2026-10-03","amenity":"townhall","townhall_type":null,"admin_level":null,"nom_fr":null,"nom_en":null,"osm_type":"node","date_maj_objet":"2013-03-23","doublon_interne_suspect":null},"geometry":{"type":"Point","coordinates":[11.33858,4.046026]}},
{"type":"Feature","properties":{"tg_type":"SOC.ADMIN.MAIRIE","nom":"Chefferie de Nkolakie","source_id":"node/1067289821","source":"OSM_OSMFR_2026-10-03","statut":"IMPORTE","date_source":"2026-10-03","amenity":"townhall","townhall_type":null,"admin_level":null,"nom_fr":null,"nom_en":null,"osm_type":"node","date_maj_objet":"2013-03-23","doublon_interne_suspect":null},"geometry":{"type":"Point","coordinates":[11.378213,3.978784]}},
{"type":"Feature","properties":{"tg_type":"SOC.ADMIN.MAIRIE","nom":"Chefferie d'Evian","source_id":"node/1067289827","source":"OSM_OSMFR_2026-10-03","statut":"IMPORTE","date_source":"2026-10-03","amenity":"townhall","townhall_type":null,"admin_level":null,"nom_fr":null,"nom_en":null,"osm_type":"node","date_maj_objet":"2013-03-23","doublon_interne_suspect":null},"geometry":{"type":"Point","coordinates":[11.301833,4.04357]}},
{"type":"Feature","properties":{"tg_type":"SOC.ADMIN.MAIRIE","nom":"Chefferie de Ngobassi","source_id":"node/1067289879","source":"OSM_OSMFR_2026-10-03","statut":"IMPORTE","date_source":"2026-10-03","amenity":"townhall","townhall_type":null,"admin_level":null,"nom_fr":null,"nom_en":null,"osm_type":"node","date_maj_objet":"2013-03-23","doublon_interne_suspect":null},"geometry":{"type":"Point","coordinates":[11.276766,4.04088]}},
{"type":"Feature","properties":{"tg_type":"SOC.ADMIN.MAIRIE","nom":"Chefferie de Nkol Yem","source_id":"node/1067289881","source":"OSM_OSMFR_2026-10-03","statut":"IMPORTE","date_source":"2026-10-03","amenity":"townhall","townhall_type":null,"admin_level":null,"nom_fr":null,"nom_en":null,"osm_type":"node","date_maj_objet":"2013-03-23","doublon_interne_suspect":null},"geometry":{"type":"Point","coordinates":[11.304332,3.965167]}},
{"type":"Feature","properties":{"tg_type":"SOC.ADMIN.MAIRIE","nom":"Chefferie de Minsoa I","source_id":"node/1067289894","source":"OSM_OSMFR_2026-10-03","statut":"IMPORTE","date_source":"2026-10-03","amenity":"townhall","townhall_type":null,"admin_level":null,"nom_fr":null,"nom_en":null,"osm_type":"node","date_maj_objet":"2013-03-23","doublon_interne_suspect":null},"geometry":{"type":"Point","coordinates":[11.273851,4.07915]}},
{"type":"Feature","properties":{"tg_type":"SOC.ADMIN.MAIRIE","nom":"Chefferie de Lendom II","source_id":"node/1067289900","source":"OSM_OSMFR_2026-10-03","statut":"IMPORTE","date_source":"2026-10-03","amenity":"townhall","townhall_type":null,"admin_level":null,"nom_fr":null,"nom_en":null,"osm_type":"node","date_maj_objet":"2013-03-23","doublon_interne_suspect":null},"geometry":{"type":"Point","coordinates":[11.376116,4.038604]}},
{"type":"Feature","properties":{"tg_type":"SOC.ADMIN.MAIRIE","nom":"Chefferie 3em degree de Ntuissong","source_id":"node/1067289905","source":"OSM_OSMFR_2026-10-03","statut":"IMPORTE","date_source":"2026-10-03","amenity":"townhall","townhall_type":null,"admin_level":null,"nom_fr":null,"nom_en":null,"osm_type":"node","date_maj_objet":"2013-03-23","doublon_interne_suspect":null},"geometry":{"type":"Point","coordinates":[11.336718,4.008755]}},
{"type":"Feature","properties":{"tg_type":"SOC.ADMIN.MAIRIE","nom":"Chefferie de d'Elig-Yem","source_id":"node/1067289918","source":"OSM_OSMFR_2026-10-03","statut":"IMPORTE","date_source":"2026-10-03","amenity":"townhall","townhall_type":null,"admin_level":null,"nom_fr":null,"nom_en":null,"osm_type":"node","date_maj_objet":"2013-03-23","doublon_interne_suspect":null},"geometry":{"type":"Point","coordinates":[11.318289,3.97109]}},
{"type":"Feature","properties":{"tg_type":"SOC.ADMIN.MAIRIE","nom":"Sous Prefecture d'Okola","source_id":"node/1067289943","source":"OSM_OSMFR_2026-10-03","statut":"IMPORTE","date_source":"2026-10-03","amenity":"townhall","townhall_type":null,"admin_level":null,"nom_fr":null,"nom_en":null,"osm_type":"node","date_maj_objet":"2025-04-02","doublon_interne_suspect":null},"geometry":{"type":"Point","coordinates":[11.378104,4.020975]}},
{"type":"Feature","properties":{"tg_type":"SOC.ADMIN.MAIRIE","nom":"Chefferie traditionelle Mvog-Nama d'Okola","source_id":"node/1067289946","source":"OSM_OSMFR_2026-10-03","statut":"IMPORTE","date_source":"2026-10-03","amenity":"townhall","townhall_type":null,"admin_level":null,"nom_fr":null,"nom_en":null,"osm_type":"node","date_maj_objet":"2013-03-23","doublon_interne_suspect":null},"geometry":{"type":"Point","coordinates":[11.380516,4.026106]}},
{"type":"Feature","properties":{"tg_type":"SOC.ADMIN.MAIRIE","nom":"Chefferie de Nkol Jobe","source_id":"node/1067289961","source":"OSM_OSMFR_2026-10-03","statut":"IMPORTE","date_source":"2026-10-03","amenity":"townhall","townhall_type":null,"admin_level":null,"nom_fr":null,"nom_en":null,"osm_type":"node","date_maj_objet":"2013-03-23","doublon_interne_suspect":null},"geometry":{"type":"Point","coordinates":[11.34924,3.946211]}},
{"type":"Feature","properties":{"tg_type":"SOC.ADMIN.MAIRIE","nom":"Chefferie de Minsoa II","source_id":"node/1067289974","source":"OSM_OSMFR_2026-10-03","statut":"IMPORTE","date_source":"2026-10-03","amenity":"townhall","townhall_type":null,"admin_level":null,"nom_fr":null,"nom_en":null,"osm_type":"node","date_maj_objet":"2013-03-23","doublon_interne_suspect":null},"geometry":{"type":"Point","coordinates":[11.270097,4.043307]}},
{"type":"Feature","properties":{"tg_type":"SOC.ADMIN.MAIRIE","nom":"Inspection d'arrondissement des ensigngnement premiere","source_id":"node/1067306351","source":"OSM_OSMFR_2026-10-03","statut":"IMPORTE","date_source":"2026-10-03","amenity":"townhall","townhall_type":null,"admin_level":null,"nom_fr":null,"nom_en":null,"osm_type":"node","date_maj_objet":"2010-12-27","doublon_interne_suspect":null},"geometry":{"type":"Point","coordinates":[13.507879,9.385949]}},
{"type":"Feature","properties":{"tg_type":"SOC.ADMIN.MAIRIE","nom":"MinaderDelegation d'arrondissement de Pitoa","source_id":"node/1067306380","source":"OSM_OSMFR_2026-10-03","statut":"IMPORTE","date_source":"2026-10-03","amenity":"townhall","townhall_type":null,"admin_level":null,"nom_fr":null,"nom_en":null,"osm_type":"node","date_maj_objet":"2010-12-27","doublon_interne_suspect":null},"geometry":{"type":"Point","coordinates":[13.509506,9.388474]}},
{"type":"Feature","properties":{"tg_type":"SOC.ADMIN.MAIRIE","nom":"Ndop Social Ceentre","source_id":"node/1068916061","source":"OSM_OSMFR_2026-10-03","statut":"IMPORTE","date_source":"2026-10-03","amenity":"townhall","townhall_type":null,"admin_level":null,"nom_fr":null,"nom_en":"Ndop Social Center","osm_type":"node","date_maj_objet":"2019-01-04","doublon_interne_suspect":null},"geometry":{"type":"Point","coordinates":[10.442807,5.985851]}},
{"type":"Feature","properties":{"tg_type":"SOC.ADMIN.MAIRIE","nom":"Ndop Council","source_id":"node/1069146966","source":"OSM_OSMFR_2026-10-03","statut":"IMPORTE","date_source":"2026-10-03","amenity":"townhall","townhall_type":null,"admin_level":null,"nom_fr":null,"nom_en":null,"osm_type":"node","date_maj_objet":"2015-01-18","doublon_interne_suspect":null},"geometry":{"type":"Point","coordinates":[10.435681,5.992296]}},
{"type":"Feature","properties":{"tg_type":"SOC.ADMIN.MAIRIE","nom":"Community Hall Tenkah","source_id":"node/1069885975","source":"OSM_OSMFR_2026-10-03","statut":"IMPORTE","date_source":"2026-10-03","amenity":"townhall","townhall_type":null,"admin_level":null,"nom_fr":null,"nom_en":null,"osm_type":"node","date_maj_objet":"2010-12-28","doublon_interne_suspect":null},"geometry":{"type":"Point","coordinates":[10.371615,5.990407]}},
{"type":"Feature","properties":{"tg_type":"SOC.ADMIN.MAIRIE","nom":"Community Hall Mbekiveh Mbebah","source_id":"node/1069886051","source":"OSM_OSMFR_2026-10-03","statut":"IMPORTE","date_source":"2026-10-03","amenity":"townhall","townhall_type":null,"admin_level":null,"nom_fr":null,"nom_en":null,"osm_type":"node","date_maj_objet":"2020-01-30","doublon_interne_suspect":null},"geometry":{"type":"Point","coordinates":[10.358252,6.001519]}},
{"type":"Feature","properties":{"tg_type":"SOC.ADMIN.MAIRIE","nom":"Bekoh Community Hall","source_id":"node/1069886097","source":"OSM_OSMFR_2026-10-03","statut":"IMPORTE","date_source":"2026-10-03","amenity":"townhall","townhall_type":null,"admin_level":null,"nom_fr":null,"nom_en":null,"osm_type":"node","date_maj_objet":"2010-12-28","doublon_interne_suspect":null},"geometry":{"type":"Point","coordinates":[10.365253,5.997279]}},
{"type":"Feature","properties":{"tg_type":"SOC.ADMIN.MAIRIE","nom":"Community Hall Mbebah","source_id":"node/1069886176","source":"OSM_OSMFR_2026-10-03","statut":"IMPORTE","date_source":"2026-10-03","amenity":"townhall","townhall_type":null,"admin_level":null,"nom_fr":null,"nom_en":null,"osm_type":"node","date_maj_objet":"2010-12-28","doublon_interne_suspect":null},"geometry":{"type":"Point","coordinates":[10.358453,6.003558]}},
{"type":"Feature","properties":{"tg_type":"SOC.ADMIN.MAIRIE","nom":"Community Hall Nsang tah","source_id":"node/1069886181","source":"OSM_OSMFR_2026-10-03","statut":"IMPORTE","date_source":"2026-10-03","amenity":"townhall","townhall_type":null,"admin_level":null,"nom_fr":null,"nom_en":null,"osm_type":"node","date_maj_objet":"2010-12-28","doublon_interne_suspect":null},"geometry":{"type":"Point","coordinates":[10.379574,5.985752]}},
{"type":"Feature","properties":{"tg_type":"SOC.ADMIN.MAIRIE","nom":"Community Hall Nsemi","source_id":"node/1069886216","source":"OSM_OSMFR_2026-10-03","statut":"IMPORTE","date_source":"2026-10-03","amenity":"townhall","townhall_type":null,"admin_level":null,"nom_fr":null,"nom_en":null,"osm_type":"node","date_maj_objet":"2010-12-28","doublon_interne_suspect":null},"geometry":{"type":"Point","coordinates":[10.394787,5.977919]}},
{"type":"Feature","properties":{"tg_type":"SOC.ADMIN.MAIRIE","nom":"Community Hall Ngwalang","source_id":"node/1069886356","source":"OSM_OSMFR_2026-10-03","statut":"IMPORTE","date_source":"2026-10-03","amenity":"townhall","townhall_type":null,"admin_level":null,"nom_fr":null,"nom_en":null,"osm_type":"node","date_maj_objet":"2010-12-28","doublon_interne_suspect":null},"geometry":{"type":"Point","coordinates":[10.387942,5.985673]}},
{"type":"Feature","properties":{"tg_type":"SOC.ADMIN.MAIRIE","nom":"Community Hall Akeh","source_id":"node/1069886445","source":"OSM_OSMFR_2026-10-03","statut":"IMPORTE","date_source":"2026-10-03","amenity":"townhall","townhall_type":null,"admin_level":null,"nom_fr":null,"nom_en":null,"osm_type":"node","date_maj_objet":"2010-12-28","doublon_interne_suspect":null},"geometry":{"type":"Point","coordinates":[10.392452,5.983205]}},
{"type":"Feature","properties":{"tg_type":"SOC.ADMIN.MAIRIE","nom":"Community Hall Murfor II","source_id":"node/1069886508","source":"OSM_OSMFR_2026-10-03","statut":"IMPORTE","date_source":"2026-10-03","amenity":"townhall","townhall_type":null,"admin_level":null,"nom_fr":null,"nom_en":null,"osm_type":"node","date_maj_objet":"2010-12-28","doublon_interne_suspect":null},"geometry":{"type":"Point","coordinates":[10.40587,5.987434]}},
{"type":"Feature","properties":{"tg_type":"SOC.ADMIN.MAIRIE","nom":"Bamali Fons Palace","source_id":"node/1078434885","source":"OSM_OSMFR_2026-10-03","statut":"IMPORTE","date_source":"2026-10-03","amenity":"townhall","townhall_type":null,"admin_level":null,"nom_fr":null,"nom_en":null,"osm_type":"node","date_maj_objet":"2011-01-02","doublon_interne_suspect":null},"geometry":{"type":"Point","coordinates":[10.437943,5.952397]}},
{"type":"Feature","properties":{"tg_type":"SOC.ADMIN.MAIRIE","nom":"Mairie de Batié","source_id":"node/1108061764","source":"OSM_OSMFR_2026-10-03","statut":"IMPORTE","date_source":"2026-10-03","amenity":"townhall","townhall_type":null,"admin_level":null,"nom_fr":null,"nom_en":null,"osm_type":"node","date_maj_objet":"2018-05-17","doublon_interne_suspect":null},"geometry":{"type":"Point","coordinates":[10.316137,5.306054]}},
{"type":"Feature","properties":{"tg_type":"SOC.ADMIN.MAIRIE","nom":"Hôtel de Ville de Batchenga","source_id":"node/12731412557","source":"OSM_OSMFR_2026-10-03","statut":"IMPORTE","date_source":"2026-10-03","amenity":"townhall","townhall_type":null,"admin_level":null,"nom_fr":null,"nom_en":null,"osm_type":"node","date_maj_objet":"2025-04-05","doublon_interne_suspect":null},"geometry":{"type":"Point","coordinates":[11.646389,4.284078]}},
{"type":"Feature","properties":{"tg_type":"SOC.ADMIN.MAIRIE","nom":"Chefferie Ebang 1","source_id":"node/1366949424","source":"OSM_OSMFR_2026-10-03","statut":"IMPORTE","date_source":"2026-10-03","amenity":"townhall","townhall_type":null,"admin_level":null,"nom_fr":null,"nom_en":null,"osm_type":"node","date_maj_objet":"2018-08-05","doublon_interne_suspect":null},"geometry":{"type":"Point","coordinates":[11.461041,3.863424]}},
{"type":"Feature","properties":{"tg_type":"SOC.ADMIN.MAIRIE","nom":"Chefferie Ngoya 1","source_id":"node/1366949425","source":"OSM_OSMFR_2026-10-03","statut":"IMPORTE","date_source":"2026-10-03","amenity":"townhall","townhall_type":null,"admin_level":null,"nom_fr":null,"nom_en":null,"osm_type":"node","date_maj_objet":"2013-03-23","doublon_interne_suspect":null},"geometry":{"type":"Point","coordinates":[11.459052,3.947999]}},
{"type":"Feature","properties":{"tg_type":"SOC.ADMIN.MAIRIE","nom":"Mairie d’Etoug-ebe","source_id":"node/14080954619","source":"OSM_OSMFR_2026-10-03","statut":"IMPORTE","date_source":"2026-10-03","amenity":"townhall","townhall_type":null,"admin_level":null,"nom_fr":null,"nom_en":null,"osm_type":"node","date_maj_objet":"2026-08-08","doublon_interne_suspect":null},"geometry":{"type":"Point","coordinates":[11.482418,3.855283]}},
{"type":"Feature","properties":{"tg_type":"SOC.ADMIN.MAIRIE","nom":"Chefferie de Guéfigué","source_id":"node/2440602290","source":"OSM_OSMFR_2026-10-03","statut":"IMPORTE","date_source":"2026-10-03","amenity":"townhall","townhall_type":null,"admin_level":null,"nom_fr":null,"nom_en":null,"osm_type":"node","date_maj_objet":"2013-08-31","doublon_interne_suspect":null},"geometry":{"type":"Point","coordinates":[11.23755,4.54274]}},
{"type":"Feature","properties":{"tg_type":"SOC.ADMIN.MAIRIE","nom":"","source_id":"node/2989807755","source":"OSM_OSMFR_2026-10-03","statut":"IMPORTE","date_source":"2026-10-03","amenity":"townhall","townhall_type":null,"admin_level":null,"nom_fr":null,"nom_en":null,"osm_type":"node","date_maj_objet":"2014-07-31","doublon_interne_suspect":null},"geometry":{"type":"Point","coordinates":[11.508835,3.834888]}},
{"type":"Feature","properties":{"tg_type":"SOC.ADMIN.MAIRIE","nom":"","source_id":"node/2989807756","source":"OSM_OSMFR_2026-10-03","statut":"IMPORTE","date_source":"2026-10-03","amenity":"townhall","townhall_type":null,"admin_level":null,"nom_fr":null,"nom_en":null,"osm_type":"node","date_maj_objet":"2014-07-31","doublon_interne_suspect":null},"geometry":{"type":"Point","coordinates":[11.486325,3.838169]}},
{"type":"Feature","properties":{"tg_type":"SOC.ADMIN.MAIRIE","nom":"","source_id":"node/2989807757","source":"OSM_OSMFR_2026-10-03","statut":"IMPORTE","date_source":"2026-10-03","amenity":"townhall","townhall_type":null,"admin_level":null,"nom_fr":null,"nom_en":null,"osm_type":"node","date_maj_objet":"2014-07-31","doublon_interne_suspect":null},"geometry":{"type":"Point","coordinates":[11.535561,3.85209]}},
{"type":"Feature","properties":{"tg_type":"SOC.ADMIN.MAIRIE","nom":"","source_id":"node/2989807758","source":"OSM_OSMFR_2026-10-03","statut":"IMPORTE","date_source":"2026-10-03","amenity":"townhall","townhall_type":null,"admin_level":null,"nom_fr":null,"nom_en":null,"osm_type":"node","date_maj_objet":"2014-07-31","doublon_interne_suspect":null},"geometry":{"type":"Point","coordinates":[11.533113,3.871131]}},
{"type":"Feature","properties":{"tg_type":"SOC.ADMIN.MAIRIE","nom":"","source_id":"node/2989807760","source":"OSM_OSMFR_2026-10-03","statut":"IMPORTE","date_source":"2026-10-03","amenity":"townhall","townhall_type":null,"admin_level":null,"nom_fr":null,"nom_en":null,"osm_type":"node","date_maj_objet":"2014-07-31","doublon_interne_suspect":null},"geometry":{"type":"Point","coordinates":[11.520741,3.876894]}},
{"type":"Feature","properties":{"tg_type":"SOC.ADMIN.MAIRIE","nom":"Mbengwi Council Building","source_id":"node/3145006102","source":"OSM_OSMFR_2026-10-03","statut":"IMPORTE","date_source":"2026-10-03","amenity":"townhall","townhall_type":null,"admin_level":null,"nom_fr":null,"nom_en":null,"osm_type":"node","date_maj_objet":"2016-11-11","doublon_interne_suspect":null},"geometry":{"type":"Point","coordinates":[10.012446,6.009253]}},
{"type":"Feature","properties":{"tg_type":"SOC.ADMIN.MAIRIE","nom":"","source_id":"node/3197410926","source":"OSM_OSMFR_2026-10-03","statut":"IMPORTE","date_source":"2026-10-03","amenity":"townhall","townhall_type":null,"admin_level":null,"nom_fr":null,"nom_en":null,"osm_type":"node","date_maj_objet":"2019-11-26","doublon_interne_suspect":null},"geometry":{"type":"Point","coordinates":[10.544082,2.813056]}},
{"type":"Feature","properties":{"tg_type":"SOC.ADMIN.MAIRIE","nom":"Sous préfecture","source_id":"node/3197410927","source":"OSM_OSMFR_2026-10-03","statut":"IMPORTE","date_source":"2026-10-03","amenity":"townhall","townhall_type":null,"admin_level":null,"nom_fr":null,"nom_en":null,"osm_type":"node","date_maj_objet":"2014-11-20","doublon_interne_suspect":null},"geometry":{"type":"Point","coordinates":[10.544777,2.812876]}},
{"type":"Feature","properties":{"tg_type":"SOC.ADMIN.MAIRIE","nom":"Sous-Préfecture","source_id":"node/3198319252","source":"OSM_OSMFR_2026-10-03","statut":"IMPORTE","date_source":"2026-10-03","amenity":"townhall","townhall_type":null,"admin_level":null,"nom_fr":"Sous-Préfecture","nom_en":null,"osm_type":"node","date_maj_objet":"2021-04-22","doublon_interne_suspect":null},"geometry":{"type":"Point","coordinates":[8.981682,5.77142]}},
{"type":"Feature","properties":{"tg_type":"SOC.ADMIN.MAIRIE","nom":"Chefferie Nkometou","source_id":"node/3233442090","source":"OSM_OSMFR_2026-10-03","statut":"IMPORTE","date_source":"2026-10-03","amenity":"townhall","townhall_type":null,"admin_level":null,"nom_fr":null,"nom_en":null,"osm_type":"node","date_maj_objet":"2021-08-30","doublon_interne_suspect":null},"geometry":{"type":"Point","coordinates":[11.55246,4.037105]}},
{"type":"Feature","properties":{"tg_type":"SOC.ADMIN.MAIRIE","nom":"Préfecture de Poli","source_id":"node/3374598176","source":"OSM_OSMFR_2026-10-03","statut":"IMPORTE","date_source":"2026-10-03","amenity":"townhall","townhall_type":null,"admin_level":null,"nom_fr":null,"nom_en":null,"osm_type":"node","date_maj_objet":"2015-02-27","doublon_interne_suspect":null},"geometry":{"type":"Point","coordinates":[13.230018,8.485539]}},
{"type":"Feature","properties":{"tg_type":"SOC.ADMIN.MAIRIE","nom":"Chefferie Traditionnelle du 3e degre de Cyrie","source_id":"node/3421816092","source":"OSM_OSMFR_2026-10-03","statut":"IMPORTE","date_source":"2026-10-03","amenity":"townhall","townhall_type":null,"admin_level":null,"nom_fr":null,"nom_en":null,"osm_type":"node","date_maj_objet":"2024-03-28","doublon_interne_suspect":null},"geometry":{"type":"Point","coordinates":[13.333116,3.819367]}},
{"type":"Feature","properties":{"tg_type":"SOC.ADMIN.MAIRIE","nom":"Hôtel de ville de Nyambaka","source_id":"node/3637561955","source":"OSM_OSMFR_2026-10-03","statut":"IMPORTE","date_source":"2026-10-03","amenity":"townhall","townhall_type":null,"admin_level":null,"nom_fr":null,"nom_en":null,"osm_type":"node","date_maj_objet":"2015-07-06","doublon_interne_suspect":null},"geometry":{"type":"Point","coordinates":[14.099987,6.889614]}},
{"type":"Feature","properties":{"tg_type":"SOC.ADMIN.MAIRIE","nom":"Sous-préfecture","source_id":"node/3741491703","source":"OSM_OSMFR_2026-10-03","statut":"IMPORTE","date_source":"2026-10-03","amenity":"townhall","townhall_type":null,"admin_level":null,"nom_fr":null,"nom_en":null,"osm_type":"node","date_maj_objet":"2015-09-13","doublon_interne_suspect":null},"geometry":{"type":"Point","coordinates":[10.414042,3.079297]}},
{"type":"Feature","properties":{"tg_type":"SOC.ADMIN.MAIRIE","nom":"Communauté Urbaine de Bertoua","source_id":"node/3787817144","source":"OSM_OSMFR_2026-10-03","statut":"IMPORTE","date_source":"2026-10-03","amenity":"townhall","townhall_type":null,"admin_level":null,"nom_fr":null,"nom_en":null,"osm_type":"node","date_maj_objet":"2022-12-11","doublon_interne_suspect":null},"geometry":{"type":"Point","coordinates":[13.685242,4.577828]}},
{"type":"Feature","properties":{"tg_type":"SOC.ADMIN.MAIRIE","nom":"Hôtel de ville","source_id":"node/3804182294","source":"OSM_OSMFR_2026-10-03","statut":"IMPORTE","date_source":"2026-10-03","amenity":"townhall","townhall_type":null,"admin_level":null,"nom_fr":null,"nom_en":null,"osm_type":"node","date_maj_objet":"2015-10-26","doublon_interne_suspect":null},"geometry":{"type":"Point","coordinates":[10.241951,5.469493]}},
{"type":"Feature","properties":{"tg_type":"SOC.ADMIN.MAIRIE","nom":"Mairie","source_id":"node/4384205892","source":"OSM_OSMFR_2026-10-03","statut":"IMPORTE","date_source":"2026-10-03","amenity":"townhall","townhall_type":null,"admin_level":null,"nom_fr":null,"nom_en":null,"osm_type":"node","date_maj_objet":"2016-09-04","doublon_interne_suspect":null},"geometry":{"type":"Point","coordinates":[9.908937,2.950002]}},
{"type":"Feature","properties":{"tg_type":"SOC.ADMIN.MAIRIE","nom":"Mbonge council","source_id":"node/4398119558","source":"OSM_OSMFR_2026-10-03","statut":"IMPORTE","date_source":"2026-10-03","amenity":"townhall","townhall_type":null,"admin_level":null,"nom_fr":null,"nom_en":null,"osm_type":"node","date_maj_objet":"2016-11-12","doublon_interne_suspect":null},"geometry":{"type":"Point","coordinates":[9.108109,4.534148]}},
{"type":"Feature","properties":{"tg_type":"SOC.ADMIN.MAIRIE","nom":"Maison du Chef","source_id":"node/448853866","source":"OSM_OSMFR_2026-10-03","statut":"IMPORTE","date_source":"2026-10-03","amenity":"townhall","townhall_type":null,"admin_level":null,"nom_fr":null,"nom_en":"Chief House","osm_type":"node","date_maj_objet":"2017-09-10","doublon_interne_suspect":null},"geometry":{"type":"Point","coordinates":[11.387408,3.981597]}},
{"type":"Feature","properties":{"tg_type":"SOC.ADMIN.MAIRIE","nom":"Mairie de loum","source_id":"node/4590296293","source":"OSM_OSMFR_2026-10-03","statut":"IMPORTE","date_source":"2026-10-03","amenity":"townhall","townhall_type":null,"admin_level":null,"nom_fr":"Mairie de loum","nom_en":null,"osm_type":"node","date_maj_objet":"2018-05-05","doublon_interne_suspect":null},"geometry":{"type":"Point","coordinates":[9.73488,4.719057]}},
{"type":"Feature","properties":{"tg_type":"SOC.ADMIN.MAIRIE","nom":"Mairie de Dizangué","source_id":"node/4627943189","source":"OSM_OSMFR_2026-10-03","statut":"IMPORTE","date_source":"2026-10-03","amenity":"townhall","townhall_type":null,"admin_level":null,"nom_fr":null,"nom_en":null,"osm_type":"node","date_maj_objet":"2018-06-14","doublon_interne_suspect":null},"geometry":{"type":"Point","coordinates":[10.017891,3.747975]}},
{"type":"Feature","properties":{"tg_type":"SOC.ADMIN.MAIRIE","nom":"Mairie de Manjo","source_id":"node/5104715873","source":"OSM_OSMFR_2026-10-03","statut":"IMPORTE","date_source":"2026-10-03","amenity":"townhall","townhall_type":null,"admin_level":null,"nom_fr":null,"nom_en":null,"osm_type":"node","date_maj_objet":"2017-09-14","doublon_interne_suspect":null},"geometry":{"type":"Point","coordinates":[9.82464,4.847604]}},
{"type":"Feature","properties":{"tg_type":"SOC.ADMIN.MAIRIE","nom":"Hôtel de ville de Mozogo","source_id":"node/5281620392","source":"OSM_OSMFR_2026-10-03","statut":"IMPORTE","date_source":"2026-10-03","amenity":"townhall","townhall_type":null,"admin_level":null,"nom_fr":null,"nom_en":null,"osm_type":"node","date_maj_objet":"2017-12-16","doublon_interne_suspect":null},"geometry":{"type":"Point","coordinates":[13.905765,10.955179]}},
{"type":"Feature","properties":{"tg_type":"SOC.ADMIN.MAIRIE","nom":"Sous-préfecture du Mayo-Moskota","source_id":"node/5281620397","source":"OSM_OSMFR_2026-10-03","statut":"IMPORTE","date_source":"2026-10-03","amenity":"townhall","townhall_type":null,"admin_level":null,"nom_fr":null,"nom_en":null,"osm_type":"node","date_maj_objet":"2017-12-16","doublon_interne_suspect":null},"geometry":{"type":"Point","coordinates":[13.905347,10.954554]}},
{"type":"Feature","properties":{"tg_type":"SOC.ADMIN.MAIRIE","nom":"Hôtel de Ville","source_id":"node/5917985375","source":"OSM_OSMFR_2026-10-03","statut":"IMPORTE","date_source":"2026-10-03","amenity":"townhall","townhall_type":null,"admin_level":null,"nom_fr":"Hôtel de Ville","nom_en":null,"osm_type":"node","date_maj_objet":"2018-09-20","doublon_interne_suspect":null},"geometry":{"type":"Point","coordinates":[13.577342,7.317848]}},
{"type":"Feature","properties":{"tg_type":"SOC.ADMIN.MAIRIE","nom":"Mairie de Ngaoundéré 3ème","source_id":"node/5934631017","source":"OSM_OSMFR_2026-10-03","statut":"IMPORTE","date_source":"2026-10-03","amenity":"townhall","townhall_type":null,"admin_level":null,"nom_fr":null,"nom_en":null,"osm_type":"node","date_maj_objet":"2021-12-30","doublon_interne_suspect":null},"geometry":{"type":"Point","coordinates":[13.555452,7.433304]}},
{"type":"Feature","properties":{"tg_type":"SOC.ADMIN.MAIRIE","nom":"Mairie de Ngaoundéré 1er","source_id":"node/5934631018","source":"OSM_OSMFR_2026-10-03","statut":"IMPORTE","date_source":"2026-10-03","amenity":"townhall","townhall_type":null,"admin_level":null,"nom_fr":null,"nom_en":null,"osm_type":"node","date_maj_objet":"2023-04-20","doublon_interne_suspect":null},"geometry":{"type":"Point","coordinates":[13.579199,7.315228]}},
{"type":"Feature","properties":{"tg_type":"SOC.ADMIN.MAIRIE","nom":"Mairie de Ngaoundéré 2éme","source_id":"node/5934631019","source":"OSM_OSMFR_2026-10-03","statut":"IMPORTE","date_source":"2026-10-03","amenity":"townhall","townhall_type":null,"admin_level":null,"nom_fr":null,"nom_en":null,"osm_type":"node","date_maj_objet":"2018-09-27","doublon_interne_suspect":null},"geometry":{"type":"Point","coordinates":[13.594919,7.356618]}},
{"type":"Feature","properties":{"tg_type":"SOC.ADMIN.MAIRIE","nom":"Mairie de Messondo","source_id":"node/6077479616","source":"OSM_OSMFR_2026-10-03","statut":"IMPORTE","date_source":"2026-10-03","amenity":"townhall","townhall_type":null,"admin_level":null,"nom_fr":null,"nom_en":null,"osm_type":"node","date_maj_objet":"2018-11-20","doublon_interne_suspect":null},"geometry":{"type":"Point","coordinates":[10.452065,3.692741]}},
{"type":"Feature","properties":{"tg_type":"SOC.ADMIN.MAIRIE","nom":"Idenau Council","source_id":"node/6195269788","source":"OSM_OSMFR_2026-10-03","statut":"IMPORTE","date_source":"2026-10-03","amenity":"townhall","townhall_type":"city","admin_level":null,"nom_fr":null,"nom_en":null,"osm_type":"node","date_maj_objet":"2021-03-22","doublon_interne_suspect":null},"geometry":{"type":"Point","coordinates":[8.994249,4.206567]}},
{"type":"Feature","properties":{"tg_type":"SOC.ADMIN.MAIRIE","nom":"Hôtel de ville","source_id":"node/6308151505","source":"OSM_OSMFR_2026-10-03","statut":"IMPORTE","date_source":"2026-10-03","amenity":"townhall","townhall_type":null,"admin_level":null,"nom_fr":null,"nom_en":null,"osm_type":"node","date_maj_objet":"2022-08-30","doublon_interne_suspect":null},"geometry":{"type":"Point","coordinates":[11.516451,3.875045]}},
{"type":"Feature","properties":{"tg_type":"SOC.ADMIN.MAIRIE","nom":"Sous-Préfecture Yaoundé 1","source_id":"node/6310782594","source":"OSM_OSMFR_2026-10-03","statut":"IMPORTE","date_source":"2026-10-03","amenity":"townhall","townhall_type":null,"admin_level":null,"nom_fr":null,"nom_en":null,"osm_type":"node","date_maj_objet":"2019-03-01","doublon_interne_suspect":null},"geometry":{"type":"Point","coordinates":[11.515976,3.880777]}},
{"type":"Feature","properties":{"tg_type":"SOC.ADMIN.MAIRIE","nom":"Commune de Touboro","source_id":"node/6478251409","source":"OSM_OSMFR_2026-10-03","statut":"IMPORTE","date_source":"2026-10-03","amenity":"townhall","townhall_type":null,"admin_level":null,"nom_fr":null,"nom_en":null,"osm_type":"node","date_maj_objet":"2019-05-16","doublon_interne_suspect":null},"geometry":{"type":"Point","coordinates":[15.351371,7.78123]}},
{"type":"Feature","properties":{"tg_type":"SOC.ADMIN.MAIRIE","nom":"Commune de lagdo","source_id":"node/7035855317","source":"OSM_OSMFR_2026-10-03","statut":"IMPORTE","date_source":"2026-10-03","amenity":"townhall","townhall_type":null,"admin_level":null,"nom_fr":null,"nom_en":null,"osm_type":"node","date_maj_objet":"2019-12-07","doublon_interne_suspect":null},"geometry":{"type":"Point","coordinates":[13.659852,9.061346]}},
{"type":"Feature","properties":{"tg_type":"SOC.ADMIN.MAIRIE","nom":"Hôtel de ville Barndake","source_id":"node/7035906338","source":"OSM_OSMFR_2026-10-03","statut":"IMPORTE","date_source":"2026-10-03","amenity":"townhall","townhall_type":null,"admin_level":null,"nom_fr":null,"nom_en":null,"osm_type":"node","date_maj_objet":"2019-12-05","doublon_interne_suspect":null},"geometry":{"type":"Point","coordinates":[12.980162,9.344296]}},
{"type":"Feature","properties":{"tg_type":"SOC.ADMIN.MAIRIE","nom":"","source_id":"node/7054916816","source":"OSM_OSMFR_2026-10-03","statut":"IMPORTE","date_source":"2026-10-03","amenity":"townhall","townhall_type":null,"admin_level":null,"nom_fr":null,"nom_en":null,"osm_type":"node","date_maj_objet":"2019-12-13","doublon_interne_suspect":null},"geometry":{"type":"Point","coordinates":[13.86461,9.304291]}},
{"type":"Feature","properties":{"tg_type":"SOC.ADMIN.MAIRIE","nom":"Hôtel de ville","source_id":"node/7055016337","source":"OSM_OSMFR_2026-10-03","statut":"IMPORTE","date_source":"2026-10-03","amenity":"townhall","townhall_type":null,"admin_level":null,"nom_fr":null,"nom_en":null,"osm_type":"node","date_maj_objet":"2019-12-13","doublon_interne_suspect":null},"geometry":{"type":"Point","coordinates":[13.611643,9.967874]}},
{"type":"Feature","properties":{"tg_type":"SOC.ADMIN.MAIRIE","nom":"","source_id":"node/7066524949","source":"OSM_OSMFR_2026-10-03","statut":"IMPORTE","date_source":"2026-10-03","amenity":"townhall","townhall_type":null,"admin_level":null,"nom_fr":null,"nom_en":null,"osm_type":"node","date_maj_objet":"2019-12-18","doublon_interne_suspect":null},"geometry":{"type":"Point","coordinates":[9.240624,4.154667]}},
{"type":"Feature","properties":{"tg_type":"SOC.ADMIN.MAIRIE","nom":"Commune de Tiko","source_id":"node/7069767006","source":"OSM_OSMFR_2026-10-03","statut":"IMPORTE","date_source":"2026-10-03","amenity":"townhall","townhall_type":null,"admin_level":null,"nom_fr":"Commune de Tiko","nom_en":null,"osm_type":"node","date_maj_objet":"2023-05-08","doublon_interne_suspect":null},"geometry":{"type":"Point","coordinates":[9.353789,4.082878]}},
{"type":"Feature","properties":{"tg_type":"SOC.ADMIN.MAIRIE","nom":"Limbe2 council","source_id":"node/7072565574","source":"OSM_OSMFR_2026-10-03","statut":"IMPORTE","date_source":"2026-10-03","amenity":"townhall","townhall_type":null,"admin_level":null,"nom_fr":null,"nom_en":null,"osm_type":"node","date_maj_objet":"2019-12-20","doublon_interne_suspect":null},"geometry":{"type":"Point","coordinates":[9.132168,4.02279]}},
{"type":"Feature","properties":{"tg_type":"SOC.ADMIN.MAIRIE","nom":"Limbe1 council","source_id":"node/7072565587","source":"OSM_OSMFR_2026-10-03","statut":"IMPORTE","date_source":"2026-10-03","amenity":"townhall","townhall_type":null,"admin_level":null,"nom_fr":null,"nom_en":null,"osm_type":"node","date_maj_objet":"2019-12-20","doublon_interne_suspect":null},"geometry":{"type":"Point","coordinates":[9.189512,4.02776]}},
{"type":"Feature","properties":{"tg_type":"SOC.ADMIN.MAIRIE","nom":"Limbe city council","source_id":"node/7072565588","source":"OSM_OSMFR_2026-10-03","statut":"IMPORTE","date_source":"2026-10-03","amenity":"townhall","townhall_type":null,"admin_level":null,"nom_fr":null,"nom_en":null,"osm_type":"node","date_maj_objet":"2019-12-20","doublon_interne_suspect":null},"geometry":{"type":"Point","coordinates":[9.199799,4.01576]}},
{"type":"Feature","properties":{"tg_type":"SOC.ADMIN.MAIRIE","nom":"Hôtel de ville","source_id":"node/7801589186","source":"OSM_OSMFR_2026-10-03","statut":"IMPORTE","date_source":"2026-10-03","amenity":"townhall","townhall_type":null,"admin_level":null,"nom_fr":"Hôtel de ville","nom_en":null,"osm_type":"node","date_maj_objet":"2023-07-31","doublon_interne_suspect":null},"geometry":{"type":"Point","coordinates":[11.500495,3.517568]}},
{"type":"Feature","properties":{"tg_type":"SOC.ADMIN.MAIRIE","nom":"mairie d'ebebda","source_id":"node/7840755590","source":"OSM_OSMFR_2026-10-03","statut":"IMPORTE","date_source":"2026-10-03","amenity":"townhall","townhall_type":null,"admin_level":null,"nom_fr":null,"nom_en":null,"osm_type":"node","date_maj_objet":"2020-08-24","doublon_interne_suspect":null},"geometry":{"type":"Point","coordinates":[11.280687,4.36339]}},
{"type":"Feature","properties":{"tg_type":"SOC.ADMIN.MAIRIE","nom":"Hotel de ville de Somalomo","source_id":"node/8234362401","source":"OSM_OSMFR_2026-10-03","statut":"IMPORTE","date_source":"2026-10-03","amenity":"townhall","townhall_type":null,"admin_level":null,"nom_fr":null,"nom_en":null,"osm_type":"node","date_maj_objet":"2022-03-27","doublon_interne_suspect":null},"geometry":{"type":"Point","coordinates":[12.738859,3.387278]}},
{"type":"Feature","properties":{"tg_type":"SOC.ADMIN.MAIRIE","nom":"Conseil Fundong","source_id":"node/8649462898","source":"OSM_OSMFR_2026-10-03","statut":"IMPORTE","date_source":"2026-10-03","amenity":"townhall","townhall_type":"city","admin_level":null,"nom_fr":"Conseil Fundong","nom_en":null,"osm_type":"node","date_maj_objet":"2021-04-21","doublon_interne_suspect":null},"geometry":{"type":"Point","coordinates":[10.28614,6.276459]}},
{"type":"Feature","properties":{"tg_type":"SOC.ADMIN.MAIRIE","nom":"Mairie de Kribi 1","source_id":"node/8684969858","source":"OSM_OSMFR_2026-10-03","statut":"IMPORTE","date_source":"2026-10-03","amenity":"townhall","townhall_type":null,"admin_level":null,"nom_fr":null,"nom_en":null,"osm_type":"node","date_maj_objet":"2021-04-30","doublon_interne_suspect":"node/8684969859"},"geometry":{"type":"Point","coordinates":[9.912263,2.941592]}},
{"type":"Feature","properties":{"tg_type":"SOC.ADMIN.MAIRIE","nom":"Mairie de Kribi 1","source_id":"node/8684969859","source":"OSM_OSMFR_2026-10-03","statut":"IMPORTE","date_source":"2026-10-03","amenity":"townhall","townhall_type":null,"admin_level":null,"nom_fr":null,"nom_en":null,"osm_type":"node","date_maj_objet":"2021-04-30","doublon_interne_suspect":"node/8684969858"},"geometry":{"type":"Point","coordinates":[9.912262,2.941584]}},
{"type":"Feature","properties":{"tg_type":"SOC.ADMIN.MAIRIE","nom":"Nouvelle Mairie De Bangou","source_id":"node/8697384611","source":"OSM_OSMFR_2026-10-03","statut":"IMPORTE","date_source":"2026-10-03","amenity":"townhall","townhall_type":null,"admin_level":null,"nom_fr":null,"nom_en":null,"osm_type":"node","date_maj_objet":"2021-05-04","doublon_interne_suspect":null},"geometry":{"type":"Point","coordinates":[10.397428,5.250015]}},
{"type":"Feature","properties":{"tg_type":"SOC.ADMIN.MAIRIE","nom":"Mairie De Bangou","source_id":"node/8697384615","source":"OSM_OSMFR_2026-10-03","statut":"IMPORTE","date_source":"2026-10-03","amenity":"townhall","townhall_type":null,"admin_level":null,"nom_fr":null,"nom_en":null,"osm_type":"node","date_maj_objet":"2021-05-04","doublon_interne_suspect":null},"geometry":{"type":"Point","coordinates":[10.397015,5.249775]}},
{"type":"Feature","properties":{"tg_type":"SOC.ADMIN.MAIRIE","nom":"Mairie de Banka","source_id":"node/8979816151","source":"OSM_OSMFR_2026-10-03","statut":"IMPORTE","date_source":"2026-10-03","amenity":"townhall","townhall_type":"city","admin_level":null,"nom_fr":null,"nom_en":null,"osm_type":"node","date_maj_objet":"2021-08-04","doublon_interne_suspect":null},"geometry":{"type":"Point","coordinates":[10.193436,5.163019]}},
{"type":"Feature","properties":{"tg_type":"SOC.ADMIN.MAIRIE","nom":"mairie douala 5 eme","source_id":"node/9641661011","source":"OSM_OSMFR_2026-10-03","statut":"IMPORTE","date_source":"2026-10-03","amenity":"townhall","townhall_type":"city","admin_level":null,"nom_fr":null,"nom_en":null,"osm_type":"node","date_maj_objet":"2022-04-04","doublon_interne_suspect":"node/9641661014;node/9641661013;node/9641661012"},"geometry":{"type":"Point","coordinates":[9.736309,4.092997]}},
{"type":"Feature","properties":{"tg_type":"SOC.ADMIN.MAIRIE","nom":"mairie douala 5 eme","source_id":"node/9641661012","source":"OSM_OSMFR_2026-10-03","statut":"IMPORTE","date_source":"2026-10-03","amenity":"townhall","townhall_type":"city","admin_level":null,"nom_fr":null,"nom_en":null,"osm_type":"node","date_maj_objet":"2022-04-04","doublon_interne_suspect":"node/9641661011;node/9641661014;node/9641661013"},"geometry":{"type":"Point","coordinates":[9.736393,4.09284]}},
{"type":"Feature","properties":{"tg_type":"SOC.ADMIN.MAIRIE","nom":"mairie douala 5 eme","source_id":"node/9641661013","source":"OSM_OSMFR_2026-10-03","statut":"IMPORTE","date_source":"2026-10-03","amenity":"townhall","townhall_type":"city","admin_level":null,"nom_fr":null,"nom_en":null,"osm_type":"node","date_maj_objet":"2022-04-04","doublon_interne_suspect":"node/9641661011;node/9641661012;node/9641661014"},"geometry":{"type":"Point","coordinates":[9.736436,4.092802]}},
{"type":"Feature","properties":{"tg_type":"SOC.ADMIN.MAIRIE","nom":"mairie douala 5 eme","source_id":"node/9641661014","source":"OSM_OSMFR_2026-10-03","statut":"IMPORTE","date_source":"2026-10-03","amenity":"townhall","townhall_type":"city","admin_level":null,"nom_fr":null,"nom_en":null,"osm_type":"node","date_maj_objet":"2022-04-04","doublon_interne_suspect":"node/9641661011;node/9641661012;node/9641661013"},"geometry":{"type":"Point","coordinates":[9.736491,4.092743]}},
{"type":"Feature","properties":{"tg_type":"SOC.ADMIN.MAIRIE","nom":"Chefferie de 3e dégré : Levalombedé","source_id":"node/9780646408","source":"OSM_OSMFR_2026-10-03","statut":"IMPORTE","date_source":"2026-10-03","amenity":"townhall","townhall_type":null,"admin_level":null,"nom_fr":null,"nom_en":null,"osm_type":"node","date_maj_objet":"2022-05-30","doublon_interne_suspect":null},"geometry":{"type":"Point","coordinates":[11.447938,3.906147]}},
{"type":"Feature","properties":{"tg_type":"SOC.ADMIN.MAIRIE","nom":"Quarter Hall Mbecha","source_id":"node/983497849","source":"OSM_OSMFR_2026-10-03","statut":"IMPORTE","date_source":"2026-10-03","amenity":"townhall","townhall_type":null,"admin_level":null,"nom_fr":null,"nom_en":null,"osm_type":"node","date_maj_objet":"2010-11-09","doublon_interne_suspect":null},"geometry":{"type":"Point","coordinates":[10.362242,5.972197]}},
{"type":"Feature","properties":{"tg_type":"SOC.ADMIN.MAIRIE","nom":"Community Hall Mbesoh","source_id":"node/983497853","source":"OSM_OSMFR_2026-10-03","statut":"IMPORTE","date_source":"2026-10-03","amenity":"townhall","townhall_type":null,"admin_level":null,"nom_fr":null,"nom_en":null,"osm_type":"node","date_maj_objet":"2010-11-09","doublon_interne_suspect":null},"geometry":{"type":"Point","coordinates":[10.360917,5.977148]}},
{"type":"Feature","properties":{"tg_type":"SOC.ADMIN.MAIRIE","nom":"Community Hall Mbeleuh","source_id":"node/983497877","source":"OSM_OSMFR_2026-10-03","statut":"IMPORTE","date_source":"2026-10-03","amenity":"townhall","townhall_type":null,"admin_level":null,"nom_fr":null,"nom_en":null,"osm_type":"node","date_maj_objet":"2010-11-09","doublon_interne_suspect":null},"geometry":{"type":"Point","coordinates":[10.356105,5.970665]}},
{"type":"Feature","properties":{"tg_type":"SOC.ADMIN.MAIRIE","nom":"Bhegham community Town Hall","source_id":"node/983497879","source":"OSM_OSMFR_2026-10-03","statut":"IMPORTE","date_source":"2026-10-03","amenity":"townhall","townhall_type":null,"admin_level":null,"nom_fr":null,"nom_en":null,"osm_type":"node","date_maj_objet":"2010-11-09","doublon_interne_suspect":null},"geometry":{"type":"Point","coordinates":[10.360508,5.98614]}},
{"type":"Feature","properties":{"tg_type":"SOC.ADMIN.MAIRIE","nom":"Bamessing Palace","source_id":"node/983497894","source":"OSM_OSMFR_2026-10-03","statut":"IMPORTE","date_source":"2026-10-03","amenity":"townhall","townhall_type":null,"admin_level":null,"nom_fr":null,"nom_en":null,"osm_type":"node","date_maj_objet":"2010-11-09","doublon_interne_suspect":null},"geometry":{"type":"Point","coordinates":[10.360563,5.984635]}},
{"type":"Feature","properties":{"tg_type":"SOC.ADMIN.MAIRIE","nom":"Community Hall Mbenjong","source_id":"node/983497895","source":"OSM_OSMFR_2026-10-03","statut":"IMPORTE","date_source":"2026-10-03","amenity":"townhall","townhall_type":null,"admin_level":null,"nom_fr":null,"nom_en":null,"osm_type":"node","date_maj_objet":"2010-11-09","doublon_interne_suspect":null},"geometry":{"type":"Point","coordinates":[10.352135,5.970486]}},
{"type":"Feature","properties":{"tg_type":"SOC.ADMIN.MAIRIE","nom":"Council Hall","source_id":"node/983497904","source":"OSM_OSMFR_2026-10-03","statut":"IMPORTE","date_source":"2026-10-03","amenity":"townhall","townhall_type":null,"admin_level":null,"nom_fr":null,"nom_en":null,"osm_type":"node","date_maj_objet":"2010-11-09","doublon_interne_suspect":null},"geometry":{"type":"Point","coordinates":[10.360845,5.984509]}},
{"type":"Feature","properties":{"tg_type":"SOC.ADMIN.MAIRIE","nom":"Palace Mbeleuh","source_id":"node/983497907","source":"OSM_OSMFR_2026-10-03","statut":"IMPORTE","date_source":"2026-10-03","amenity":"townhall","townhall_type":null,"admin_level":null,"nom_fr":null,"nom_en":null,"osm_type":"node","date_maj_objet":"2010-11-09","doublon_interne_suspect":null},"geometry":{"type":"Point","coordinates":[10.355974,5.970941]}},
{"type":"Feature","properties":{"tg_type":"SOC.ADMIN.MAIRIE","nom":"Community Hall Mbesoh","source_id":"node/983497908","source":"OSM_OSMFR_2026-10-03","statut":"IMPORTE","date_source":"2026-10-03","amenity":"townhall","townhall_type":null,"admin_level":null,"nom_fr":null,"nom_en":null,"osm_type":"node","date_maj_objet":"2010-11-09","doublon_interne_suspect":null},"geometry":{"type":"Point","coordinates":[10.360307,5.982242]}},
{"type":"Feature","properties":{"tg_type":"SOC.ADMIN.MAIRIE","nom":"Quarter Hall Mbegham","source_id":"node/983497912","source":"OSM_OSMFR_2026-10-03","statut":"IMPORTE","date_source":"2026-10-03","amenity":"townhall","townhall_type":null,"admin_level":null,"nom_fr":null,"nom_en":null,"osm_type":"node","date_maj_objet":"2010-11-09","doublon_interne_suspect":null},"geometry":{"type":"Point","coordinates":[10.366055,5.983273]}},
{"type":"Feature","properties":{"tg_type":"SOC.ADMIN.MAIRIE","nom":"Community Hall Mbekuoh","source_id":"node/983497917","source":"OSM_OSMFR_2026-10-03","statut":"IMPORTE","date_source":"2026-10-03","amenity":"townhall","townhall_type":null,"admin_level":null,"nom_fr":null,"nom_en":null,"osm_type":"node","date_maj_objet":"2010-11-09","doublon_interne_suspect":null},"geometry":{"type":"Point","coordinates":[10.368636,5.972859]}},
{"type":"Feature","properties":{"tg_type":"SOC.ADMIN.MAIRIE","nom":"Hôtel de Ville","source_id":"relation/2935707","source":"OSM_OSMFR_2026-10-03","statut":"IMPORTE","date_source":"2026-10-03","amenity":"townhall","townhall_type":null,"admin_level":null,"nom_fr":null,"nom_en":null,"osm_type":"relation","date_maj_objet":"2017-10-28","doublon_interne_suspect":null},"geometry":{"type":"Point","coordinates":[13.394273,9.306948]}},
{"type":"Feature","properties":{"tg_type":"SOC.ADMIN.MAIRIE","nom":"","source_id":"way/1014004681","source":"OSM_OSMFR_2026-10-03","statut":"IMPORTE","date_source":"2026-10-03","amenity":"townhall","townhall_type":null,"admin_level":null,"nom_fr":null,"nom_en":null,"osm_type":"way","date_maj_objet":"2021-12-21","doublon_interne_suspect":null},"geometry":{"type":"Point","coordinates":[10.598766,5.77276]}},
{"type":"Feature","properties":{"tg_type":"SOC.ADMIN.MAIRIE","nom":"Hôtel de Ville de Moutourwa","source_id":"way/1287528487","source":"OSM_OSMFR_2026-10-03","statut":"IMPORTE","date_source":"2026-10-03","amenity":"townhall","townhall_type":null,"admin_level":null,"nom_fr":null,"nom_en":null,"osm_type":"way","date_maj_objet":"2024-05-28","doublon_interne_suspect":null},"geometry":{"type":"Point","coordinates":[14.180428,10.204388]}},
{"type":"Feature","properties":{"tg_type":"SOC.ADMIN.MAIRIE","nom":"Hotel De Ville","source_id":"way/1290845103","source":"OSM_OSMFR_2026-10-03","statut":"IMPORTE","date_source":"2026-10-03","amenity":"townhall","townhall_type":null,"admin_level":null,"nom_fr":null,"nom_en":null,"osm_type":"way","date_maj_objet":"2024-06-10","doublon_interne_suspect":null},"geometry":{"type":"Point","coordinates":[11.14524,2.917771]}},
{"type":"Feature","properties":{"tg_type":"SOC.ADMIN.MAIRIE","nom":"Hôtel de ville de Mengang","source_id":"way/1299987870","source":"OSM_OSMFR_2026-10-03","statut":"IMPORTE","date_source":"2026-10-03","amenity":"townhall","townhall_type":null,"admin_level":null,"nom_fr":null,"nom_en":null,"osm_type":"way","date_maj_objet":"2026-06-07","doublon_interne_suspect":null},"geometry":{"type":"Point","coordinates":[12.050595,3.894893]}},
{"type":"Feature","properties":{"tg_type":"SOC.ADMIN.MAIRIE","nom":"Hôtel de ville de Batouri","source_id":"way/1337824069","source":"OSM_OSMFR_2026-10-03","statut":"IMPORTE","date_source":"2026-10-03","amenity":"townhall","townhall_type":"municipality","admin_level":null,"nom_fr":null,"nom_en":null,"osm_type":"way","date_maj_objet":"2026-03-02","doublon_interne_suspect":null},"geometry":{"type":"Point","coordinates":[14.365955,4.425062]}},
{"type":"Feature","properties":{"tg_type":"SOC.ADMIN.MAIRIE","nom":"Wum Council Hall","source_id":"way/1429412323","source":"OSM_OSMFR_2026-10-03","statut":"IMPORTE","date_source":"2026-10-03","amenity":"townhall","townhall_type":"city","admin_level":null,"nom_fr":null,"nom_en":null,"osm_type":"way","date_maj_objet":"2025-09-12","doublon_interne_suspect":null},"geometry":{"type":"Point","coordinates":[10.076869,6.392144]}},
{"type":"Feature","properties":{"tg_type":"SOC.ADMIN.MAIRIE","nom":"Mairie de Yaoundé 1","source_id":"way/1450200008","source":"OSM_OSMFR_2026-10-03","statut":"IMPORTE","date_source":"2026-10-03","amenity":"townhall","townhall_type":"municipality","admin_level":null,"nom_fr":null,"nom_en":null,"osm_type":"way","date_maj_objet":"2025-11-13","doublon_interne_suspect":null},"geometry":{"type":"Point","coordinates":[11.523632,3.903665]}},
{"type":"Feature","properties":{"tg_type":"SOC.ADMIN.MAIRIE","nom":"Hôtel de ville d'Ayos","source_id":"way/1527308903","source":"OSM_OSMFR_2026-10-03","statut":"IMPORTE","date_source":"2026-10-03","amenity":"townhall","townhall_type":null,"admin_level":null,"nom_fr":null,"nom_en":null,"osm_type":"way","date_maj_objet":"2026-06-07","doublon_interne_suspect":null},"geometry":{"type":"Point","coordinates":[12.525,3.904797]}},
{"type":"Feature","properties":{"tg_type":"SOC.ADMIN.MAIRIE","nom":"Mairie De Yaoundé 7","source_id":"way/192797866","source":"OSM_OSMFR_2026-10-03","statut":"IMPORTE","date_source":"2026-10-03","amenity":"townhall","townhall_type":null,"admin_level":null,"nom_fr":null,"nom_en":null,"osm_type":"way","date_maj_objet":"2020-07-30","doublon_interne_suspect":null},"geometry":{"type":"Point","coordinates":[11.462866,3.872802]}},
{"type":"Feature","properties":{"tg_type":"SOC.ADMIN.MAIRIE","nom":"Mairie de Yaoundé 1","source_id":"way/192809989","source":"OSM_OSMFR_2026-10-03","statut":"IMPORTE","date_source":"2026-10-03","amenity":"townhall","townhall_type":null,"admin_level":null,"nom_fr":null,"nom_en":null,"osm_type":"way","date_maj_objet":"2014-07-31","doublon_interne_suspect":null},"geometry":{"type":"Point","coordinates":[11.520745,3.876887]}},
{"type":"Feature","properties":{"tg_type":"SOC.ADMIN.MAIRIE","nom":"mairie national","source_id":"way/192821236","source":"OSM_OSMFR_2026-10-03","statut":"IMPORTE","date_source":"2026-10-03","amenity":"townhall","townhall_type":"city","admin_level":null,"nom_fr":null,"nom_en":null,"osm_type":"way","date_maj_objet":"2020-01-14","doublon_interne_suspect":null},"geometry":{"type":"Point","coordinates":[11.501427,3.869045]}},
{"type":"Feature","properties":{"tg_type":"SOC.ADMIN.MAIRIE","nom":"Mairie de Yaoundé 5","source_id":"way/192824271","source":"OSM_OSMFR_2026-10-03","statut":"IMPORTE","date_source":"2026-10-03","amenity":"townhall","townhall_type":null,"admin_level":null,"nom_fr":null,"nom_en":null,"osm_type":"way","date_maj_objet":"2014-07-31","doublon_interne_suspect":null},"geometry":{"type":"Point","coordinates":[11.533109,3.871131]}},
{"type":"Feature","properties":{"tg_type":"SOC.ADMIN.MAIRIE","nom":"Ancienne Mairie de Yaoundé 4","source_id":"way/192850146","source":"OSM_OSMFR_2026-10-03","statut":"IMPORTE","date_source":"2026-10-03","amenity":"townhall","townhall_type":null,"admin_level":null,"nom_fr":null,"nom_en":null,"osm_type":"way","date_maj_objet":"2017-03-02","doublon_interne_suspect":null},"geometry":{"type":"Point","coordinates":[11.535551,3.852111]}},
{"type":"Feature","properties":{"tg_type":"SOC.ADMIN.MAIRIE","nom":"Sous Préfecture de Yaoundé 4","source_id":"way/192854794","source":"OSM_OSMFR_2026-10-03","statut":"IMPORTE","date_source":"2026-10-03","amenity":"townhall","townhall_type":null,"admin_level":null,"nom_fr":null,"nom_en":null,"osm_type":"way","date_maj_objet":"2013-04-28","doublon_interne_suspect":null},"geometry":{"type":"Point","coordinates":[11.536358,3.852209]}},
{"type":"Feature","properties":{"tg_type":"SOC.ADMIN.MAIRIE","nom":"Sous-préfecture de Yaoundé 6","source_id":"way/192857178","source":"OSM_OSMFR_2026-10-03","statut":"IMPORTE","date_source":"2026-10-03","amenity":"townhall","townhall_type":null,"admin_level":null,"nom_fr":null,"nom_en":null,"osm_type":"way","date_maj_objet":"2013-04-27","doublon_interne_suspect":null},"geometry":{"type":"Point","coordinates":[11.484261,3.836644]}},
{"type":"Feature","properties":{"tg_type":"SOC.ADMIN.MAIRIE","nom":"Mairie de Yaoundé 6","source_id":"way/192858369","source":"OSM_OSMFR_2026-10-03","statut":"IMPORTE","date_source":"2026-10-03","amenity":"townhall","townhall_type":null,"admin_level":null,"nom_fr":null,"nom_en":null,"osm_type":"way","date_maj_objet":"2014-07-31","doublon_interne_suspect":null},"geometry":{"type":"Point","coordinates":[11.486322,3.838168]}},
{"type":"Feature","properties":{"tg_type":"SOC.ADMIN.MAIRIE","nom":"Mairie de Yaoundé 4","source_id":"way/193508210","source":"OSM_OSMFR_2026-10-03","statut":"IMPORTE","date_source":"2026-10-03","amenity":"townhall","townhall_type":null,"admin_level":null,"nom_fr":null,"nom_en":null,"osm_type":"way","date_maj_objet":"2013-04-28","doublon_interne_suspect":null},"geometry":{"type":"Point","coordinates":[11.540964,3.841809]}},
{"type":"Feature","properties":{"tg_type":"SOC.ADMIN.MAIRIE","nom":"Mairie de Yaoundé 3","source_id":"way/193526587","source":"OSM_OSMFR_2026-10-03","statut":"IMPORTE","date_source":"2026-10-03","amenity":"townhall","townhall_type":null,"admin_level":null,"nom_fr":null,"nom_en":null,"osm_type":"way","date_maj_objet":"2013-04-27","doublon_interne_suspect":null},"geometry":{"type":"Point","coordinates":[11.508835,3.834889]}},
{"type":"Feature","properties":{"tg_type":"SOC.ADMIN.MAIRIE","nom":"Hôtel de ville de Campo","source_id":"way/204254053","source":"OSM_OSMFR_2026-10-03","statut":"IMPORTE","date_source":"2026-10-03","amenity":"townhall","townhall_type":null,"admin_level":null,"nom_fr":null,"nom_en":null,"osm_type":"way","date_maj_objet":"2022-06-25","doublon_interne_suspect":null},"geometry":{"type":"Point","coordinates":[9.833113,2.379105]}},
{"type":"Feature","properties":{"tg_type":"SOC.ADMIN.MAIRIE","nom":"Mairie de Mbankomo","source_id":"way/210970089","source":"OSM_OSMFR_2026-10-03","statut":"IMPORTE","date_source":"2026-10-03","amenity":"townhall","townhall_type":null,"admin_level":null,"nom_fr":null,"nom_en":null,"osm_type":"way","date_maj_objet":"2017-08-16","doublon_interne_suspect":null},"geometry":{"type":"Point","coordinates":[11.402136,3.787548]}},
{"type":"Feature","properties":{"tg_type":"SOC.ADMIN.MAIRIE","nom":"Chefferie de Nkolnyada","source_id":"way/211549823","source":"OSM_OSMFR_2026-10-03","statut":"IMPORTE","date_source":"2026-10-03","amenity":"townhall","townhall_type":null,"admin_level":null,"nom_fr":null,"nom_en":null,"osm_type":"way","date_maj_objet":"2013-03-23","doublon_interne_suspect":null},"geometry":{"type":"Point","coordinates":[11.403599,3.990493]}},
{"type":"Feature","properties":{"tg_type":"SOC.ADMIN.MAIRIE","nom":"Hotel De Ville d'Okola","source_id":"way/211663694","source":"OSM_OSMFR_2026-10-03","statut":"IMPORTE","date_source":"2026-10-03","amenity":"townhall","townhall_type":null,"admin_level":null,"nom_fr":null,"nom_en":null,"osm_type":"way","date_maj_objet":"2013-03-23","doublon_interne_suspect":null},"geometry":{"type":"Point","coordinates":[11.380993,4.024328]}},
{"type":"Feature","properties":{"tg_type":"SOC.ADMIN.MAIRIE","nom":"Chefferie 3em degree de Legon","source_id":"way/211665491","source":"OSM_OSMFR_2026-10-03","statut":"IMPORTE","date_source":"2026-10-03","amenity":"townhall","townhall_type":null,"admin_level":null,"nom_fr":null,"nom_en":null,"osm_type":"way","date_maj_objet":"2013-03-23","doublon_interne_suspect":null},"geometry":{"type":"Point","coordinates":[11.349974,4.003188]}},
{"type":"Feature","properties":{"tg_type":"SOC.ADMIN.MAIRIE","nom":"Sous-préfecture","source_id":"way/215248929","source":"OSM_OSMFR_2026-10-03","statut":"IMPORTE","date_source":"2026-10-03","amenity":"townhall","townhall_type":null,"admin_level":null,"nom_fr":null,"nom_en":null,"osm_type":"way","date_maj_objet":"2015-11-01","doublon_interne_suspect":null},"geometry":{"type":"Point","coordinates":[10.32929,5.386918]}},
{"type":"Feature","properties":{"tg_type":"SOC.ADMIN.MAIRIE","nom":"Mairie","source_id":"way/218612112","source":"OSM_OSMFR_2026-10-03","statut":"IMPORTE","date_source":"2026-10-03","amenity":"townhall","townhall_type":null,"admin_level":null,"nom_fr":null,"nom_en":null,"osm_type":"way","date_maj_objet":"2013-06-14","doublon_interne_suspect":null},"geometry":{"type":"Point","coordinates":[10.330093,5.388483]}},
{"type":"Feature","properties":{"tg_type":"SOC.ADMIN.MAIRIE","nom":"Commune urbaine Garoua II","source_id":"way/222778716","source":"OSM_OSMFR_2026-10-03","statut":"IMPORTE","date_source":"2026-10-03","amenity":"townhall","townhall_type":null,"admin_level":null,"nom_fr":null,"nom_en":null,"osm_type":"way","date_maj_objet":"2013-05-24","doublon_interne_suspect":null},"geometry":{"type":"Point","coordinates":[13.398526,9.319081]}},
{"type":"Feature","properties":{"tg_type":"SOC.ADMIN.MAIRIE","nom":"Mairie","source_id":"way/225225428","source":"OSM_OSMFR_2026-10-03","statut":"IMPORTE","date_source":"2026-10-03","amenity":"townhall","townhall_type":null,"admin_level":null,"nom_fr":null,"nom_en":null,"osm_type":"way","date_maj_objet":"2013-06-11","doublon_interne_suspect":null},"geometry":{"type":"Point","coordinates":[10.411957,5.375229]}},
{"type":"Feature","properties":{"tg_type":"SOC.ADMIN.MAIRIE","nom":"Préfecture du Koung-Khi","source_id":"way/225225429","source":"OSM_OSMFR_2026-10-03","statut":"IMPORTE","date_source":"2026-10-03","amenity":"townhall","townhall_type":null,"admin_level":null,"nom_fr":null,"nom_en":null,"osm_type":"way","date_maj_objet":"2013-06-11","doublon_interne_suspect":null},"geometry":{"type":"Point","coordinates":[10.411421,5.374947]}},
{"type":"Feature","properties":{"tg_type":"SOC.ADMIN.MAIRIE","nom":"Hôtel de Ville","source_id":"way/225550835","source":"OSM_OSMFR_2026-10-03","statut":"IMPORTE","date_source":"2026-10-03","amenity":"townhall","townhall_type":null,"admin_level":null,"nom_fr":null,"nom_en":null,"osm_type":"way","date_maj_objet":"2016-10-18","doublon_interne_suspect":null},"geometry":{"type":"Point","coordinates":[10.058552,5.447089]}},
{"type":"Feature","properties":{"tg_type":"SOC.ADMIN.MAIRIE","nom":"Mairie de Ngoumou","source_id":"way/228560205","source":"OSM_OSMFR_2026-10-03","statut":"IMPORTE","date_source":"2026-10-03","amenity":"townhall","townhall_type":null,"admin_level":null,"nom_fr":null,"nom_en":null,"osm_type":"way","date_maj_objet":"2017-12-10","doublon_interne_suspect":null},"geometry":{"type":"Point","coordinates":[11.304214,3.59205]}},
{"type":"Feature","properties":{"tg_type":"SOC.ADMIN.MAIRIE","nom":"","source_id":"way/243111889","source":"OSM_OSMFR_2026-10-03","statut":"IMPORTE","date_source":"2026-10-03","amenity":"townhall","townhall_type":null,"admin_level":null,"nom_fr":null,"nom_en":null,"osm_type":"way","date_maj_objet":"2019-12-26","doublon_interne_suspect":null},"geometry":{"type":"Point","coordinates":[10.525359,5.141657]}},
{"type":"Feature","properties":{"tg_type":"SOC.ADMIN.MAIRIE","nom":"Mairie de Bazou","source_id":"way/243809906","source":"OSM_OSMFR_2026-10-03","statut":"IMPORTE","date_source":"2026-10-03","amenity":"townhall","townhall_type":null,"admin_level":null,"nom_fr":null,"nom_en":null,"osm_type":"way","date_maj_objet":"2021-01-13","doublon_interne_suspect":null},"geometry":{"type":"Point","coordinates":[10.46939,5.056943]}},
{"type":"Feature","properties":{"tg_type":"SOC.ADMIN.MAIRIE","nom":"Mairie d'Ombessa","source_id":"way/244978895","source":"OSM_OSMFR_2026-10-03","statut":"IMPORTE","date_source":"2026-10-03","amenity":"townhall","townhall_type":null,"admin_level":null,"nom_fr":null,"nom_en":null,"osm_type":"way","date_maj_objet":"2015-05-15","doublon_interne_suspect":null},"geometry":{"type":"Point","coordinates":[11.257948,4.612035]}},
{"type":"Feature","properties":{"tg_type":"SOC.ADMIN.MAIRIE","nom":"Sous-Préfecture de Yaoundé 6","source_id":"way/250520257","source":"OSM_OSMFR_2026-10-03","statut":"IMPORTE","date_source":"2026-10-03","amenity":"townhall","townhall_type":null,"admin_level":null,"nom_fr":null,"nom_en":null,"osm_type":"way","date_maj_objet":"2024-02-12","doublon_interne_suspect":null},"geometry":{"type":"Point","coordinates":[11.487632,3.841021]}},
{"type":"Feature","properties":{"tg_type":"SOC.ADMIN.MAIRIE","nom":"Sous Préfecture de Campo","source_id":"way/252541951","source":"OSM_OSMFR_2026-10-03","statut":"IMPORTE","date_source":"2026-10-03","amenity":"townhall","townhall_type":null,"admin_level":null,"nom_fr":null,"nom_en":null,"osm_type":"way","date_maj_objet":"2022-06-28","doublon_interne_suspect":null},"geometry":{"type":"Point","coordinates":[9.825797,2.375714]}},
{"type":"Feature","properties":{"tg_type":"SOC.ADMIN.MAIRIE","nom":"Mairie d'Akono","source_id":"way/257156558","source":"OSM_OSMFR_2026-10-03","statut":"IMPORTE","date_source":"2026-10-03","amenity":"townhall","townhall_type":null,"admin_level":null,"nom_fr":null,"nom_en":null,"osm_type":"way","date_maj_objet":"2014-03-14","doublon_interne_suspect":null},"geometry":{"type":"Point","coordinates":[11.330898,3.501921]}},
{"type":"Feature","properties":{"tg_type":"SOC.ADMIN.MAIRIE","nom":"Centre d'etat civil de Balambo","source_id":"way/287851707","source":"OSM_OSMFR_2026-10-03","statut":"IMPORTE","date_source":"2026-10-03","amenity":"townhall","townhall_type":null,"admin_level":null,"nom_fr":null,"nom_en":null,"osm_type":"way","date_maj_objet":"2014-06-13","doublon_interne_suspect":null},"geometry":{"type":"Point","coordinates":[10.346053,5.17461]}},
{"type":"Feature","properties":{"tg_type":"SOC.ADMIN.MAIRIE","nom":"Hotel de Ville","source_id":"way/292851306","source":"OSM_OSMFR_2026-10-03","statut":"IMPORTE","date_source":"2026-10-03","amenity":"townhall","townhall_type":null,"admin_level":null,"nom_fr":null,"nom_en":null,"osm_type":"way","date_maj_objet":"2014-10-18","doublon_interne_suspect":null},"geometry":{"type":"Point","coordinates":[11.595392,3.977191]}},
{"type":"Feature","properties":{"tg_type":"SOC.ADMIN.MAIRIE","nom":"Hôtel de Ville","source_id":"way/298281727","source":"OSM_OSMFR_2026-10-03","statut":"IMPORTE","date_source":"2026-10-03","amenity":"townhall","townhall_type":null,"admin_level":null,"nom_fr":null,"nom_en":null,"osm_type":"way","date_maj_objet":"2016-03-27","doublon_interne_suspect":null},"geometry":{"type":"Point","coordinates":[9.935879,4.956625]}},
{"type":"Feature","properties":{"tg_type":"SOC.ADMIN.MAIRIE","nom":"Mairie de Nkongsamba I","source_id":"way/298281728","source":"OSM_OSMFR_2026-10-03","statut":"IMPORTE","date_source":"2026-10-03","amenity":"townhall","townhall_type":null,"admin_level":null,"nom_fr":null,"nom_en":null,"osm_type":"way","date_maj_objet":"2018-09-15","doublon_interne_suspect":null},"geometry":{"type":"Point","coordinates":[9.933361,4.955712]}},
{"type":"Feature","properties":{"tg_type":"SOC.ADMIN.MAIRIE","nom":"Hôtel de ville Douala IV","source_id":"way/299537305","source":"OSM_OSMFR_2026-10-03","statut":"IMPORTE","date_source":"2026-10-03","amenity":"townhall","townhall_type":null,"admin_level":null,"nom_fr":null,"nom_en":null,"osm_type":"way","date_maj_objet":"2016-11-18","doublon_interne_suspect":null},"geometry":{"type":"Point","coordinates":[9.684509,4.070179]}},
{"type":"Feature","properties":{"tg_type":"SOC.ADMIN.MAIRIE","nom":"Hôtel de Ville","source_id":"way/299539679","source":"OSM_OSMFR_2026-10-03","statut":"IMPORTE","date_source":"2026-10-03","amenity":"townhall","townhall_type":null,"admin_level":null,"nom_fr":null,"nom_en":null,"osm_type":"way","date_maj_objet":"2016-11-01","doublon_interne_suspect":null},"geometry":{"type":"Point","coordinates":[9.685782,4.041595]}},
{"type":"Feature","properties":{"tg_type":"SOC.ADMIN.MAIRIE","nom":"Mairie Douala lll","source_id":"way/300313662","source":"OSM_OSMFR_2026-10-03","statut":"IMPORTE","date_source":"2026-10-03","amenity":"townhall","townhall_type":null,"admin_level":null,"nom_fr":null,"nom_en":null,"osm_type":"way","date_maj_objet":"2016-12-03","doublon_interne_suspect":null},"geometry":{"type":"Point","coordinates":[9.756418,4.037135]}},
{"type":"Feature","properties":{"tg_type":"SOC.ADMIN.MAIRIE","nom":"Mairie de Limbé III","source_id":"way/309075434","source":"OSM_OSMFR_2026-10-03","statut":"IMPORTE","date_source":"2026-10-03","amenity":"townhall","townhall_type":null,"admin_level":null,"nom_fr":"Mairie de Limbé III","nom_en":"Limbe III Council Hall","osm_type":"way","date_maj_objet":"2021-05-24","doublon_interne_suspect":null},"geometry":{"type":"Point","coordinates":[9.250448,3.958625]}},
{"type":"Feature","properties":{"tg_type":"SOC.ADMIN.MAIRIE","nom":"Sous préfecture de Yokadouma","source_id":"way/309284886","source":"OSM_OSMFR_2026-10-03","statut":"IMPORTE","date_source":"2026-10-03","amenity":"townhall","townhall_type":null,"admin_level":null,"nom_fr":null,"nom_en":null,"osm_type":"way","date_maj_objet":"2023-10-18","doublon_interne_suspect":null},"geometry":{"type":"Point","coordinates":[15.050322,3.524852]}},
{"type":"Feature","properties":{"tg_type":"SOC.ADMIN.MAIRIE","nom":"Hotel de Ville","source_id":"way/310471628","source":"OSM_OSMFR_2026-10-03","statut":"IMPORTE","date_source":"2026-10-03","amenity":"townhall","townhall_type":null,"admin_level":null,"nom_fr":null,"nom_en":null,"osm_type":"way","date_maj_objet":"2024-04-13","doublon_interne_suspect":null},"geometry":{"type":"Point","coordinates":[15.050321,3.514914]}},
{"type":"Feature","properties":{"tg_type":"SOC.ADMIN.MAIRIE","nom":"Limbe one council","source_id":"way/311148196","source":"OSM_OSMFR_2026-10-03","statut":"IMPORTE","date_source":"2026-10-03","amenity":"townhall","townhall_type":null,"admin_level":null,"nom_fr":null,"nom_en":null,"osm_type":"way","date_maj_objet":"2016-10-24","doublon_interne_suspect":null},"geometry":{"type":"Point","coordinates":[9.209088,4.007335]}},
{"type":"Feature","properties":{"tg_type":"SOC.ADMIN.MAIRIE","nom":"Sous-préfecture","source_id":"way/312682840","source":"OSM_OSMFR_2026-10-03","statut":"IMPORTE","date_source":"2026-10-03","amenity":"townhall","townhall_type":null,"admin_level":null,"nom_fr":null,"nom_en":null,"osm_type":"way","date_maj_objet":"2014-12-19","doublon_interne_suspect":null},"geometry":{"type":"Point","coordinates":[10.628528,5.513051]}},
{"type":"Feature","properties":{"tg_type":"SOC.ADMIN.MAIRIE","nom":"Sous-préfecture de Mengong","source_id":"way/313550380","source":"OSM_OSMFR_2026-10-03","statut":"IMPORTE","date_source":"2026-10-03","amenity":"townhall","townhall_type":null,"admin_level":null,"nom_fr":null,"nom_en":null,"osm_type":"way","date_maj_objet":"2014-11-19","doublon_interne_suspect":null},"geometry":{"type":"Point","coordinates":[11.403962,2.947212]}},
{"type":"Feature","properties":{"tg_type":"SOC.ADMIN.MAIRIE","nom":"","source_id":"way/317912400","source":"OSM_OSMFR_2026-10-03","statut":"IMPORTE","date_source":"2026-10-03","amenity":"townhall","townhall_type":null,"admin_level":null,"nom_fr":null,"nom_en":null,"osm_type":"way","date_maj_objet":"2019-12-20","doublon_interne_suspect":null},"geometry":{"type":"Point","coordinates":[10.555757,6.58749]}},
{"type":"Feature","properties":{"tg_type":"SOC.ADMIN.MAIRIE","nom":"Sous-préfecture","source_id":"way/317918628","source":"OSM_OSMFR_2026-10-03","statut":"IMPORTE","date_source":"2026-10-03","amenity":"townhall","townhall_type":null,"admin_level":null,"nom_fr":null,"nom_en":null,"osm_type":"way","date_maj_objet":"2014-12-19","doublon_interne_suspect":null},"geometry":{"type":"Point","coordinates":[9.927337,6.411945]}},
{"type":"Feature","properties":{"tg_type":"SOC.ADMIN.MAIRIE","nom":"Mairie","source_id":"way/317943805","source":"OSM_OSMFR_2026-10-03","statut":"IMPORTE","date_source":"2026-10-03","amenity":"townhall","townhall_type":null,"admin_level":null,"nom_fr":null,"nom_en":null,"osm_type":"way","date_maj_objet":"2014-12-19","doublon_interne_suspect":null},"geometry":{"type":"Point","coordinates":[9.834786,6.116667]}},
{"type":"Feature","properties":{"tg_type":"SOC.ADMIN.MAIRIE","nom":"Sous-préfecture","source_id":"way/317943806","source":"OSM_OSMFR_2026-10-03","statut":"IMPORTE","date_source":"2026-10-03","amenity":"townhall","townhall_type":null,"admin_level":null,"nom_fr":null,"nom_en":null,"osm_type":"way","date_maj_objet":"2014-12-19","doublon_interne_suspect":null},"geometry":{"type":"Point","coordinates":[9.770966,5.86909]}},
{"type":"Feature","properties":{"tg_type":"SOC.ADMIN.MAIRIE","nom":"Commune de Kaélé","source_id":"way/320783786","source":"OSM_OSMFR_2026-10-03","statut":"IMPORTE","date_source":"2026-10-03","amenity":"townhall","townhall_type":null,"admin_level":null,"nom_fr":"Commune de Kaélé","nom_en":null,"osm_type":"way","date_maj_objet":"2023-09-06","doublon_interne_suspect":null},"geometry":{"type":"Point","coordinates":[14.444941,10.110034]}},
{"type":"Feature","properties":{"tg_type":"SOC.ADMIN.MAIRIE","nom":"","source_id":"way/322013056","source":"OSM_OSMFR_2026-10-03","statut":"IMPORTE","date_source":"2026-10-03","amenity":"townhall","townhall_type":null,"admin_level":null,"nom_fr":null,"nom_en":null,"osm_type":"way","date_maj_objet":"2020-02-24","doublon_interne_suspect":null},"geometry":{"type":"Point","coordinates":[10.341941,6.175943]}},
{"type":"Feature","properties":{"tg_type":"SOC.ADMIN.MAIRIE","nom":"Mairie de Deuk","source_id":"way/323112478","source":"OSM_OSMFR_2026-10-03","statut":"IMPORTE","date_source":"2026-10-03","amenity":"townhall","townhall_type":null,"admin_level":null,"nom_fr":null,"nom_en":null,"osm_type":"way","date_maj_objet":"2015-01-19","doublon_interne_suspect":null},"geometry":{"type":"Point","coordinates":[11.261633,4.937118]}},
{"type":"Feature","properties":{"tg_type":"SOC.ADMIN.MAIRIE","nom":"Hôtel de ville de Bafia","source_id":"way/326737903","source":"OSM_OSMFR_2026-10-03","statut":"IMPORTE","date_source":"2026-10-03","amenity":"townhall","townhall_type":null,"admin_level":null,"nom_fr":null,"nom_en":null,"osm_type":"way","date_maj_objet":"2015-04-21","doublon_interne_suspect":null},"geometry":{"type":"Point","coordinates":[11.23105,4.750705]}},
{"type":"Feature","properties":{"tg_type":"SOC.ADMIN.MAIRIE","nom":"commune urbaine de kekem","source_id":"way/330827934","source":"OSM_OSMFR_2026-10-03","statut":"IMPORTE","date_source":"2026-10-03","amenity":"townhall","townhall_type":null,"admin_level":null,"nom_fr":null,"nom_en":null,"osm_type":"way","date_maj_objet":"2015-11-04","doublon_interne_suspect":null},"geometry":{"type":"Point","coordinates":[10.019565,5.158245]}},
{"type":"Feature","properties":{"tg_type":"SOC.ADMIN.MAIRIE","nom":"Sous-préfecture","source_id":"way/334875317","source":"OSM_OSMFR_2026-10-03","statut":"IMPORTE","date_source":"2026-10-03","amenity":"townhall","townhall_type":null,"admin_level":null,"nom_fr":null,"nom_en":null,"osm_type":"way","date_maj_objet":"2015-03-26","doublon_interne_suspect":null},"geometry":{"type":"Point","coordinates":[13.397683,3.57483]}},
{"type":"Feature","properties":{"tg_type":"SOC.ADMIN.MAIRIE","nom":"Mairie de Tibati","source_id":"way/349052110","source":"OSM_OSMFR_2026-10-03","statut":"IMPORTE","date_source":"2026-10-03","amenity":"townhall","townhall_type":"city","admin_level":null,"nom_fr":null,"nom_en":null,"osm_type":"way","date_maj_objet":"2023-03-11","doublon_interne_suspect":null},"geometry":{"type":"Point","coordinates":[12.617677,6.45319]}},
{"type":"Feature","properties":{"tg_type":"SOC.ADMIN.MAIRIE","nom":"Hotel De Ville De Yoko","source_id":"way/349167074","source":"OSM_OSMFR_2026-10-03","statut":"IMPORTE","date_source":"2026-10-03","amenity":"townhall","townhall_type":null,"admin_level":null,"nom_fr":null,"nom_en":null,"osm_type":"way","date_maj_objet":"2015-06-17","doublon_interne_suspect":null},"geometry":{"type":"Point","coordinates":[12.317833,5.540183]}},
{"type":"Feature","properties":{"tg_type":"SOC.ADMIN.MAIRIE","nom":"mairie Yaoundé 6","source_id":"way/349862976","source":"OSM_OSMFR_2026-10-03","statut":"IMPORTE","date_source":"2026-10-03","amenity":"townhall","townhall_type":null,"admin_level":null,"nom_fr":null,"nom_en":null,"osm_type":"way","date_maj_objet":"2026-08-19","doublon_interne_suspect":null},"geometry":{"type":"Point","coordinates":[11.487103,3.840883]}},
{"type":"Feature","properties":{"tg_type":"SOC.ADMIN.MAIRIE","nom":"Hotel de ville de Sa'a","source_id":"way/355768245","source":"OSM_OSMFR_2026-10-03","statut":"IMPORTE","date_source":"2026-10-03","amenity":"townhall","townhall_type":null,"admin_level":null,"nom_fr":null,"nom_en":null,"osm_type":"way","date_maj_objet":"2020-08-01","doublon_interne_suspect":null},"geometry":{"type":"Point","coordinates":[11.440272,4.36403]}},
{"type":"Feature","properties":{"tg_type":"SOC.ADMIN.MAIRIE","nom":"Hôtel de ville de Foumbot","source_id":"way/361664529","source":"OSM_OSMFR_2026-10-03","statut":"IMPORTE","date_source":"2026-10-03","amenity":"townhall","townhall_type":null,"admin_level":null,"nom_fr":null,"nom_en":null,"osm_type":"way","date_maj_objet":"2016-10-17","doublon_interne_suspect":null},"geometry":{"type":"Point","coordinates":[10.626748,5.506205]}},
{"type":"Feature","properties":{"tg_type":"SOC.ADMIN.MAIRIE","nom":"Mairie de Dibombari","source_id":"way/362984924","source":"OSM_OSMFR_2026-10-03","statut":"IMPORTE","date_source":"2026-10-03","amenity":"townhall","townhall_type":null,"admin_level":null,"nom_fr":null,"nom_en":null,"osm_type":"way","date_maj_objet":"2015-09-03","doublon_interne_suspect":null},"geometry":{"type":"Point","coordinates":[9.657064,4.177044]}},
{"type":"Feature","properties":{"tg_type":"SOC.ADMIN.MAIRIE","nom":"Council Hall","source_id":"way/364948171","source":"OSM_OSMFR_2026-10-03","statut":"IMPORTE","date_source":"2026-10-03","amenity":"townhall","townhall_type":null,"admin_level":null,"nom_fr":"Salle du Conseil","nom_en":null,"osm_type":"way","date_maj_objet":"2022-12-10","doublon_interne_suspect":null},"geometry":{"type":"Point","coordinates":[10.676314,6.205129]}},
{"type":"Feature","properties":{"tg_type":"SOC.ADMIN.MAIRIE","nom":"Mairie de Yaoundé 2","source_id":"way/374585334","source":"OSM_OSMFR_2026-10-03","statut":"IMPORTE","date_source":"2026-10-03","amenity":"townhall","townhall_type":null,"admin_level":null,"nom_fr":null,"nom_en":null,"osm_type":"way","date_maj_objet":"2020-10-01","doublon_interne_suspect":null},"geometry":{"type":"Point","coordinates":[11.498148,3.891603]}},
{"type":"Feature","properties":{"tg_type":"SOC.ADMIN.MAIRIE","nom":"Hotel de Ville de Foumban","source_id":"way/374870638","source":"OSM_OSMFR_2026-10-03","statut":"IMPORTE","date_source":"2026-10-03","amenity":"townhall","townhall_type":null,"admin_level":null,"nom_fr":null,"nom_en":null,"osm_type":"way","date_maj_objet":"2015-10-11","doublon_interne_suspect":null},"geometry":{"type":"Point","coordinates":[10.898697,5.730648]}},
{"type":"Feature","properties":{"tg_type":"SOC.ADMIN.MAIRIE","nom":"Hotel de ville","source_id":"way/375096834","source":"OSM_OSMFR_2026-10-03","statut":"IMPORTE","date_source":"2026-10-03","amenity":"townhall","townhall_type":null,"admin_level":null,"nom_fr":null,"nom_en":null,"osm_type":"way","date_maj_objet":"2022-10-26","doublon_interne_suspect":null},"geometry":{"type":"Point","coordinates":[10.366595,5.690812]}},
{"type":"Feature","properties":{"tg_type":"SOC.ADMIN.MAIRIE","nom":"Mairie","source_id":"way/375096835","source":"OSM_OSMFR_2026-10-03","statut":"IMPORTE","date_source":"2026-10-03","amenity":"townhall","townhall_type":null,"admin_level":null,"nom_fr":null,"nom_en":null,"osm_type":"way","date_maj_objet":"2022-10-26","doublon_interne_suspect":null},"geometry":{"type":"Point","coordinates":[10.366748,5.691185]}},
{"type":"Feature","properties":{"tg_type":"SOC.ADMIN.MAIRIE","nom":"Mairie de Bogo","source_id":"way/375539039","source":"OSM_OSMFR_2026-10-03","statut":"IMPORTE","date_source":"2026-10-03","amenity":"townhall","townhall_type":null,"admin_level":null,"nom_fr":null,"nom_en":null,"osm_type":"way","date_maj_objet":"2015-10-16","doublon_interne_suspect":null},"geometry":{"type":"Point","coordinates":[14.586443,10.738818]}},
{"type":"Feature","properties":{"tg_type":"SOC.ADMIN.MAIRIE","nom":"Mairie de Biyouha","source_id":"way/375680756","source":"OSM_OSMFR_2026-10-03","statut":"IMPORTE","date_source":"2026-10-03","amenity":"townhall","townhall_type":null,"admin_level":null,"nom_fr":null,"nom_en":null,"osm_type":"way","date_maj_objet":"2015-10-17","doublon_interne_suspect":null},"geometry":{"type":"Point","coordinates":[10.741793,3.816972]}},
{"type":"Feature","properties":{"tg_type":"SOC.ADMIN.MAIRIE","nom":"Mairie de Zoétélé","source_id":"way/376390719","source":"OSM_OSMFR_2026-10-03","statut":"IMPORTE","date_source":"2026-10-03","amenity":"townhall","townhall_type":null,"admin_level":null,"nom_fr":null,"nom_en":null,"osm_type":"way","date_maj_objet":"2015-10-22","doublon_interne_suspect":null},"geometry":{"type":"Point","coordinates":[11.886602,3.259607]}},
{"type":"Feature","properties":{"tg_type":"SOC.ADMIN.MAIRIE","nom":"Mairie de Bafang","source_id":"way/377158470","source":"OSM_OSMFR_2026-10-03","statut":"IMPORTE","date_source":"2026-10-03","amenity":"townhall","townhall_type":null,"admin_level":null,"nom_fr":null,"nom_en":null,"osm_type":"way","date_maj_objet":"2016-05-24","doublon_interne_suspect":null},"geometry":{"type":"Point","coordinates":[10.180081,5.159194]}},
{"type":"Feature","properties":{"tg_type":"SOC.ADMIN.MAIRIE","nom":"Commune de Monatelé","source_id":"way/383276281","source":"OSM_OSMFR_2026-10-03","statut":"IMPORTE","date_source":"2026-10-03","amenity":"townhall","townhall_type":null,"admin_level":null,"nom_fr":null,"nom_en":null,"osm_type":"way","date_maj_objet":"2015-11-28","doublon_interne_suspect":null},"geometry":{"type":"Point","coordinates":[11.202273,4.26345]}},
{"type":"Feature","properties":{"tg_type":"SOC.ADMIN.MAIRIE","nom":"Mairie de Bafoussam II","source_id":"way/394656689","source":"OSM_OSMFR_2026-10-03","statut":"IMPORTE","date_source":"2026-10-03","amenity":"townhall","townhall_type":"municipality","admin_level":null,"nom_fr":null,"nom_en":null,"osm_type":"way","date_maj_objet":"2021-01-18","doublon_interne_suspect":null},"geometry":{"type":"Point","coordinates":[10.400022,5.506026]}},
{"type":"Feature","properties":{"tg_type":"SOC.ADMIN.MAIRIE","nom":"Mairie de Nkolafamba","source_id":"way/395309998","source":"OSM_OSMFR_2026-10-03","statut":"IMPORTE","date_source":"2026-10-03","amenity":"townhall","townhall_type":null,"admin_level":null,"nom_fr":null,"nom_en":null,"osm_type":"way","date_maj_objet":"2018-05-05","doublon_interne_suspect":null},"geometry":{"type":"Point","coordinates":[11.666999,3.855103]}},
{"type":"Feature","properties":{"tg_type":"SOC.ADMIN.MAIRIE","nom":"Hôtel de Ville de Nkong-Zem","source_id":"way/395463141","source":"OSM_OSMFR_2026-10-03","statut":"IMPORTE","date_source":"2026-10-03","amenity":"townhall","townhall_type":null,"admin_level":null,"nom_fr":null,"nom_en":null,"osm_type":"way","date_maj_objet":"2017-04-09","doublon_interne_suspect":null},"geometry":{"type":"Point","coordinates":[10.125609,5.498147]}},
{"type":"Feature","properties":{"tg_type":"SOC.ADMIN.MAIRIE","nom":"Mairie de Bafoussam III","source_id":"way/395598231","source":"OSM_OSMFR_2026-10-03","statut":"IMPORTE","date_source":"2026-10-03","amenity":"townhall","townhall_type":"municipality","admin_level":null,"nom_fr":null,"nom_en":null,"osm_type":"way","date_maj_objet":"2021-01-18","doublon_interne_suspect":null},"geometry":{"type":"Point","coordinates":[10.37096,5.510847]}},
{"type":"Feature","properties":{"tg_type":"SOC.ADMIN.MAIRIE","nom":"Hôtel de Ville","source_id":"way/399588866","source":"OSM_OSMFR_2026-10-03","statut":"IMPORTE","date_source":"2026-10-03","amenity":"townhall","townhall_type":null,"admin_level":null,"nom_fr":"Hôtel de Ville","nom_en":null,"osm_type":"way","date_maj_objet":"2023-01-19","doublon_interne_suspect":null},"geometry":{"type":"Point","coordinates":[15.03082,12.085657]}},
{"type":"Feature","properties":{"tg_type":"SOC.ADMIN.MAIRIE","nom":"Hôtel de Ville","source_id":"way/399898402","source":"OSM_OSMFR_2026-10-03","statut":"IMPORTE","date_source":"2026-10-03","amenity":"townhall","townhall_type":null,"admin_level":null,"nom_fr":null,"nom_en":null,"osm_type":"way","date_maj_objet":"2020-08-04","doublon_interne_suspect":null},"geometry":{"type":"Point","coordinates":[15.032264,12.080159]}},
{"type":"Feature","properties":{"tg_type":"SOC.ADMIN.MAIRIE","nom":"Mairie de Maroua 3","source_id":"way/400004822","source":"OSM_OSMFR_2026-10-03","statut":"IMPORTE","date_source":"2026-10-03","amenity":"townhall","townhall_type":null,"admin_level":null,"nom_fr":null,"nom_en":null,"osm_type":"way","date_maj_objet":"2016-05-06","doublon_interne_suspect":null},"geometry":{"type":"Point","coordinates":[14.337726,10.603685]}},
{"type":"Feature","properties":{"tg_type":"SOC.ADMIN.MAIRIE","nom":"Sous-Préfecture","source_id":"way/402904999","source":"OSM_OSMFR_2026-10-03","statut":"IMPORTE","date_source":"2026-10-03","amenity":"townhall","townhall_type":null,"admin_level":null,"nom_fr":null,"nom_en":null,"osm_type":"way","date_maj_objet":"2016-03-10","doublon_interne_suspect":null},"geometry":{"type":"Point","coordinates":[12.920895,4.208252]}},
{"type":"Feature","properties":{"tg_type":"SOC.ADMIN.MAIRIE","nom":"Hôtel de ville de Mboma","source_id":"way/402905000","source":"OSM_OSMFR_2026-10-03","statut":"IMPORTE","date_source":"2026-10-03","amenity":"townhall","townhall_type":null,"admin_level":null,"nom_fr":null,"nom_en":null,"osm_type":"way","date_maj_objet":"2016-03-10","doublon_interne_suspect":null},"geometry":{"type":"Point","coordinates":[12.903743,4.206963]}},
{"type":"Feature","properties":{"tg_type":"SOC.ADMIN.MAIRIE","nom":"Hôtel de ville de Garoua Boulai","source_id":"way/402906632","source":"OSM_OSMFR_2026-10-03","statut":"IMPORTE","date_source":"2026-10-03","amenity":"townhall","townhall_type":null,"admin_level":null,"nom_fr":null,"nom_en":null,"osm_type":"way","date_maj_objet":"2018-04-23","doublon_interne_suspect":null},"geometry":{"type":"Point","coordinates":[14.545218,5.891599]}},
{"type":"Feature","properties":{"tg_type":"SOC.ADMIN.MAIRIE","nom":"Bamenda III Townhall","source_id":"way/403278278","source":"OSM_OSMFR_2026-10-03","statut":"IMPORTE","date_source":"2026-10-03","amenity":"townhall","townhall_type":null,"admin_level":null,"nom_fr":"Mairie de Bamenda III","nom_en":null,"osm_type":"way","date_maj_objet":"2026-08-16","doublon_interne_suspect":null},"geometry":{"type":"Point","coordinates":[10.189486,5.980112]}},
{"type":"Feature","properties":{"tg_type":"SOC.ADMIN.MAIRIE","nom":"Mairie de Maroua 1er","source_id":"way/416118856","source":"OSM_OSMFR_2026-10-03","statut":"IMPORTE","date_source":"2026-10-03","amenity":"townhall","townhall_type":null,"admin_level":null,"nom_fr":null,"nom_en":null,"osm_type":"way","date_maj_objet":"2025-05-19","doublon_interne_suspect":null},"geometry":{"type":"Point","coordinates":[14.305406,10.586975]}},
{"type":"Feature","properties":{"tg_type":"SOC.ADMIN.MAIRIE","nom":"Nouvelle Mairie de Maroua","source_id":"way/416168891","source":"OSM_OSMFR_2026-10-03","statut":"IMPORTE","date_source":"2026-10-03","amenity":"townhall","townhall_type":null,"admin_level":null,"nom_fr":null,"nom_en":null,"osm_type":"way","date_maj_objet":"2016-05-06","doublon_interne_suspect":null},"geometry":{"type":"Point","coordinates":[14.334556,10.612176]}},
{"type":"Feature","properties":{"tg_type":"SOC.ADMIN.MAIRIE","nom":"Hôtel de Ville de Maroua","source_id":"way/417853537","source":"OSM_OSMFR_2026-10-03","statut":"IMPORTE","date_source":"2026-10-03","amenity":"townhall","townhall_type":null,"admin_level":null,"nom_fr":"Hôtel de ville de Maroua","nom_en":"Maroua Townhall","osm_type":"way","date_maj_objet":"2021-05-16","doublon_interne_suspect":null},"geometry":{"type":"Point","coordinates":[14.292823,10.588532]}},
{"type":"Feature","properties":{"tg_type":"SOC.ADMIN.MAIRIE","nom":"Mairie de Mombo","source_id":"way/419425061","source":"OSM_OSMFR_2026-10-03","statut":"IMPORTE","date_source":"2026-10-03","amenity":"townhall","townhall_type":null,"admin_level":null,"nom_fr":null,"nom_en":null,"osm_type":"way","date_maj_objet":"2016-05-19","doublon_interne_suspect":null},"geometry":{"type":"Point","coordinates":[9.590906,4.576085]}},
{"type":"Feature","properties":{"tg_type":"SOC.ADMIN.MAIRIE","nom":"Communauté Urbaine de Bafoussam","source_id":"way/424738578","source":"OSM_OSMFR_2026-10-03","statut":"IMPORTE","date_source":"2026-10-03","amenity":"townhall","townhall_type":"city","admin_level":null,"nom_fr":null,"nom_en":null,"osm_type":"way","date_maj_objet":"2023-09-30","doublon_interne_suspect":null},"geometry":{"type":"Point","coordinates":[10.419053,5.47245]}},
{"type":"Feature","properties":{"tg_type":"SOC.ADMIN.MAIRIE","nom":"Mairie de de Bafoussam 1","source_id":"way/424758169","source":"OSM_OSMFR_2026-10-03","statut":"IMPORTE","date_source":"2026-10-03","amenity":"townhall","townhall_type":null,"admin_level":null,"nom_fr":null,"nom_en":null,"osm_type":"way","date_maj_objet":"2016-06-13","doublon_interne_suspect":null},"geometry":{"type":"Point","coordinates":[10.436725,5.456923]}},
{"type":"Feature","properties":{"tg_type":"SOC.ADMIN.MAIRIE","nom":"Bamenda Urban Council","source_id":"way/426138924","source":"OSM_OSMFR_2026-10-03","statut":"IMPORTE","date_source":"2026-10-03","amenity":"townhall","townhall_type":null,"admin_level":null,"nom_fr":"Conseil Urbain de Bamenda","nom_en":null,"osm_type":"way","date_maj_objet":"2021-04-02","doublon_interne_suspect":null},"geometry":{"type":"Point","coordinates":[10.136291,5.973627]}},
{"type":"Feature","properties":{"tg_type":"SOC.ADMIN.MAIRIE","nom":"","source_id":"way/426140754","source":"OSM_OSMFR_2026-10-03","statut":"IMPORTE","date_source":"2026-10-03","amenity":"townhall","townhall_type":null,"admin_level":null,"nom_fr":null,"nom_en":null,"osm_type":"way","date_maj_objet":"2016-06-20","doublon_interne_suspect":null},"geometry":{"type":"Point","coordinates":[14.444851,10.110006]}},
{"type":"Feature","properties":{"tg_type":"SOC.ADMIN.MAIRIE","nom":"Mairie de Kai-kai","source_id":"way/433023047","source":"OSM_OSMFR_2026-10-03","statut":"IMPORTE","date_source":"2026-10-03","amenity":"townhall","townhall_type":null,"admin_level":null,"nom_fr":null,"nom_en":null,"osm_type":"way","date_maj_objet":"2018-08-18","doublon_interne_suspect":null},"geometry":{"type":"Point","coordinates":[15.024539,10.658629]}},
{"type":"Feature","properties":{"tg_type":"SOC.ADMIN.MAIRIE","nom":"Marie de Yagoua","source_id":"way/436868651","source":"OSM_OSMFR_2026-10-03","statut":"IMPORTE","date_source":"2026-10-03","amenity":"townhall","townhall_type":null,"admin_level":null,"nom_fr":null,"nom_en":null,"osm_type":"way","date_maj_objet":"2018-08-17","doublon_interne_suspect":null},"geometry":{"type":"Point","coordinates":[15.229335,10.336239]}},
{"type":"Feature","properties":{"tg_type":"SOC.ADMIN.MAIRIE","nom":"Hôtel de ville","source_id":"way/442746302","source":"OSM_OSMFR_2026-10-03","statut":"IMPORTE","date_source":"2026-10-03","amenity":"townhall","townhall_type":null,"admin_level":null,"nom_fr":null,"nom_en":null,"osm_type":"way","date_maj_objet":"2016-09-29","doublon_interne_suspect":null},"geometry":{"type":"Point","coordinates":[9.90965,2.942615]}},
{"type":"Feature","properties":{"tg_type":"SOC.ADMIN.MAIRIE","nom":"Hôtel de Ville","source_id":"way/448042997","source":"OSM_OSMFR_2026-10-03","statut":"IMPORTE","date_source":"2026-10-03","amenity":"townhall","townhall_type":null,"admin_level":null,"nom_fr":null,"nom_en":null,"osm_type":"way","date_maj_objet":"2016-10-16","doublon_interne_suspect":null},"geometry":{"type":"Point","coordinates":[11.15974,2.924916]}},
{"type":"Feature","properties":{"tg_type":"SOC.ADMIN.MAIRIE","nom":"mairie de limbé 2","source_id":"way/449514288","source":"OSM_OSMFR_2026-10-03","statut":"IMPORTE","date_source":"2026-10-03","amenity":"townhall","townhall_type":null,"admin_level":null,"nom_fr":null,"nom_en":null,"osm_type":"way","date_maj_objet":"2016-10-26","doublon_interne_suspect":null},"geometry":{"type":"Point","coordinates":[9.131114,4.022917]}},
{"type":"Feature","properties":{"tg_type":"SOC.ADMIN.MAIRIE","nom":"Chefferie","source_id":"way/451851959","source":"OSM_OSMFR_2026-10-03","statut":"IMPORTE","date_source":"2026-10-03","amenity":"townhall","townhall_type":null,"admin_level":null,"nom_fr":null,"nom_en":null,"osm_type":"way","date_maj_objet":"2016-11-07","doublon_interne_suspect":null},"geometry":{"type":"Point","coordinates":[10.517786,5.062816]}},
{"type":"Feature","properties":{"tg_type":"SOC.ADMIN.MAIRIE","nom":"Mairie de Douala 5","source_id":"way/456116146","source":"OSM_OSMFR_2026-10-03","statut":"IMPORTE","date_source":"2026-10-03","amenity":"townhall","townhall_type":null,"admin_level":null,"nom_fr":"Mairie de Doaula V - Building","nom_en":null,"osm_type":"way","date_maj_objet":"2017-07-28","doublon_interne_suspect":null},"geometry":{"type":"Point","coordinates":[9.740755,4.089442]}},
{"type":"Feature","properties":{"tg_type":"SOC.ADMIN.MAIRIE","nom":"Maison du Chef","source_id":"way/471100541","source":"OSM_OSMFR_2026-10-03","statut":"IMPORTE","date_source":"2026-10-03","amenity":"townhall","townhall_type":null,"admin_level":null,"nom_fr":null,"nom_en":null,"osm_type":"way","date_maj_objet":"2017-02-01","doublon_interne_suspect":null},"geometry":{"type":"Point","coordinates":[10.603769,5.701357]}},
{"type":"Feature","properties":{"tg_type":"SOC.ADMIN.MAIRIE","nom":"Mairie de Kalfou","source_id":"way/478065966","source":"OSM_OSMFR_2026-10-03","statut":"IMPORTE","date_source":"2026-10-03","amenity":"townhall","townhall_type":null,"admin_level":null,"nom_fr":null,"nom_en":null,"osm_type":"way","date_maj_objet":"2018-08-17","doublon_interne_suspect":null},"geometry":{"type":"Point","coordinates":[14.92464,10.279966]}},
{"type":"Feature","properties":{"tg_type":"SOC.ADMIN.MAIRIE","nom":"Maire de Maga","source_id":"way/478804526","source":"OSM_OSMFR_2026-10-03","statut":"IMPORTE","date_source":"2026-10-03","amenity":"townhall","townhall_type":null,"admin_level":null,"nom_fr":null,"nom_en":null,"osm_type":"way","date_maj_objet":"2018-08-18","doublon_interne_suspect":null},"geometry":{"type":"Point","coordinates":[14.940202,10.840013]}},
{"type":"Feature","properties":{"tg_type":"SOC.ADMIN.MAIRIE","nom":"","source_id":"way/494692592","source":"OSM_OSMFR_2026-10-03","statut":"IMPORTE","date_source":"2026-10-03","amenity":"townhall","townhall_type":null,"admin_level":null,"nom_fr":null,"nom_en":null,"osm_type":"way","date_maj_objet":"2017-05-19","doublon_interne_suspect":null},"geometry":{"type":"Point","coordinates":[13.929411,7.436894]}},
{"type":"Feature","properties":{"tg_type":"SOC.ADMIN.MAIRIE","nom":"Hôtel de Ville Garoua 1er","source_id":"way/536417332","source":"OSM_OSMFR_2026-10-03","statut":"IMPORTE","date_source":"2026-10-03","amenity":"townhall","townhall_type":"city","admin_level":null,"nom_fr":null,"nom_en":null,"osm_type":"way","date_maj_objet":"2025-06-23","doublon_interne_suspect":null},"geometry":{"type":"Point","coordinates":[13.381231,9.317812]}},
{"type":"Feature","properties":{"tg_type":"SOC.ADMIN.MAIRIE","nom":"Hôtel de Ville","source_id":"way/544880879","source":"OSM_OSMFR_2026-10-03","statut":"IMPORTE","date_source":"2026-10-03","amenity":"townhall","townhall_type":null,"admin_level":null,"nom_fr":null,"nom_en":null,"osm_type":"way","date_maj_objet":"2022-10-24","doublon_interne_suspect":null},"geometry":{"type":"Point","coordinates":[10.278878,5.141605]}},
{"type":"Feature","properties":{"tg_type":"SOC.ADMIN.MAIRIE","nom":"Mairie de Djoum","source_id":"way/570537034","source":"OSM_OSMFR_2026-10-03","statut":"IMPORTE","date_source":"2026-10-03","amenity":"townhall","townhall_type":null,"admin_level":null,"nom_fr":null,"nom_en":null,"osm_type":"way","date_maj_objet":"2022-06-21","doublon_interne_suspect":null},"geometry":{"type":"Point","coordinates":[12.677831,2.670672]}},
{"type":"Feature","properties":{"tg_type":"SOC.ADMIN.MAIRIE","nom":"Hôtel de Ville","source_id":"way/625726300","source":"OSM_OSMFR_2026-10-03","statut":"IMPORTE","date_source":"2026-10-03","amenity":"townhall","townhall_type":null,"admin_level":null,"nom_fr":null,"nom_en":null,"osm_type":"way","date_maj_objet":"2018-09-15","doublon_interne_suspect":null},"geometry":{"type":"Point","coordinates":[9.971112,4.459646]}},
{"type":"Feature","properties":{"tg_type":"SOC.ADMIN.MAIRIE","nom":"","source_id":"way/647028451","source":"OSM_OSMFR_2026-10-03","statut":"IMPORTE","date_source":"2026-10-03","amenity":"townhall","townhall_type":null,"admin_level":null,"nom_fr":null,"nom_en":null,"osm_type":"way","date_maj_objet":"2018-11-22","doublon_interne_suspect":null},"geometry":{"type":"Point","coordinates":[10.452076,3.692732]}},
{"type":"Feature","properties":{"tg_type":"SOC.ADMIN.MAIRIE","nom":"Annexes Mairie","source_id":"way/647028452","source":"OSM_OSMFR_2026-10-03","statut":"IMPORTE","date_source":"2026-10-03","amenity":"townhall","townhall_type":null,"admin_level":null,"nom_fr":null,"nom_en":null,"osm_type":"way","date_maj_objet":"2018-11-20","doublon_interne_suspect":null},"geometry":{"type":"Point","coordinates":[10.452182,3.692805]}},
{"type":"Feature","properties":{"tg_type":"SOC.ADMIN.MAIRIE","nom":"Hôtel de ville Messondo","source_id":"way/647080188","source":"OSM_OSMFR_2026-10-03","statut":"IMPORTE","date_source":"2026-10-03","amenity":"townhall","townhall_type":null,"admin_level":null,"nom_fr":null,"nom_en":null,"osm_type":"way","date_maj_objet":"2018-11-21","doublon_interne_suspect":null},"geometry":{"type":"Point","coordinates":[10.455482,3.701613]}},
{"type":"Feature","properties":{"tg_type":"SOC.ADMIN.MAIRIE","nom":"Hôtel de ville de Ngong","source_id":"way/669669904","source":"OSM_OSMFR_2026-10-03","statut":"IMPORTE","date_source":"2026-10-03","amenity":"townhall","townhall_type":null,"admin_level":null,"nom_fr":null,"nom_en":null,"osm_type":"way","date_maj_objet":"2019-02-11","doublon_interne_suspect":null},"geometry":{"type":"Point","coordinates":[13.508856,9.041668]}},
{"type":"Feature","properties":{"tg_type":"SOC.ADMIN.MAIRIE","nom":"Chefferie de Bi","source_id":"way/673066164","source":"OSM_OSMFR_2026-10-03","statut":"IMPORTE","date_source":"2026-10-03","amenity":"townhall","townhall_type":null,"admin_level":null,"nom_fr":null,"nom_en":null,"osm_type":"way","date_maj_objet":"2019-09-09","doublon_interne_suspect":null},"geometry":{"type":"Point","coordinates":[13.355593,2.782333]}},
{"type":"Feature","properties":{"tg_type":"SOC.ADMIN.MAIRIE","nom":"Mairie de Touroua","source_id":"way/690486415","source":"OSM_OSMFR_2026-10-03","statut":"IMPORTE","date_source":"2026-10-03","amenity":"townhall","townhall_type":null,"admin_level":null,"nom_fr":null,"nom_en":null,"osm_type":"way","date_maj_objet":"2019-05-16","doublon_interne_suspect":null},"geometry":{"type":"Point","coordinates":[12.981594,9.075121]}},
{"type":"Feature","properties":{"tg_type":"SOC.ADMIN.MAIRIE","nom":"Mairie de Bertoua 2ème","source_id":"way/697998740","source":"OSM_OSMFR_2026-10-03","statut":"IMPORTE","date_source":"2026-10-03","amenity":"townhall","townhall_type":null,"admin_level":null,"nom_fr":null,"nom_en":null,"osm_type":"way","date_maj_objet":"2023-01-15","doublon_interne_suspect":null},"geometry":{"type":"Point","coordinates":[13.68682,4.580758]}},
{"type":"Feature","properties":{"tg_type":"SOC.ADMIN.MAIRIE","nom":"Hôtel de ville d'Abong Bang","source_id":"way/720980793","source":"OSM_OSMFR_2026-10-03","statut":"IMPORTE","date_source":"2026-10-03","amenity":"townhall","townhall_type":null,"admin_level":null,"nom_fr":null,"nom_en":null,"osm_type":"way","date_maj_objet":"2024-12-04","doublon_interne_suspect":null},"geometry":{"type":"Point","coordinates":[13.188294,3.981763]}},
{"type":"Feature","properties":{"tg_type":"SOC.ADMIN.MAIRIE","nom":"Mairie de Lomié","source_id":"way/739822329","source":"OSM_OSMFR_2026-10-03","statut":"IMPORTE","date_source":"2026-10-03","amenity":"townhall","townhall_type":null,"admin_level":null,"nom_fr":null,"nom_en":null,"osm_type":"way","date_maj_objet":"2019-10-29","doublon_interne_suspect":null},"geometry":{"type":"Point","coordinates":[13.624958,3.157713]}},
{"type":"Feature","properties":{"tg_type":"SOC.ADMIN.MAIRIE","nom":"Hôtel de ville","source_id":"way/747899583","source":"OSM_OSMFR_2026-10-03","statut":"IMPORTE","date_source":"2026-10-03","amenity":"townhall","townhall_type":null,"admin_level":null,"nom_fr":null,"nom_en":null,"osm_type":"way","date_maj_objet":"2019-12-26","doublon_interne_suspect":null},"geometry":{"type":"Point","coordinates":[9.945249,5.120187]}},
{"type":"Feature","properties":{"tg_type":"SOC.ADMIN.MAIRIE","nom":"Hôtel de Ville de Bertoua 1er","source_id":"way/768418664","source":"OSM_OSMFR_2026-10-03","statut":"IMPORTE","date_source":"2026-10-03","amenity":"townhall","townhall_type":"city","admin_level":null,"nom_fr":null,"nom_en":null,"osm_type":"way","date_maj_objet":"2022-04-14","doublon_interne_suspect":null},"geometry":{"type":"Point","coordinates":[13.666242,4.572374]}},
{"type":"Feature","properties":{"tg_type":"SOC.ADMIN.MAIRIE","nom":"Sous Préfecture de Messamena","source_id":"way/825382827","source":"OSM_OSMFR_2026-10-03","statut":"IMPORTE","date_source":"2026-10-03","amenity":"townhall","townhall_type":null,"admin_level":null,"nom_fr":null,"nom_en":null,"osm_type":"way","date_maj_objet":"2020-07-12","doublon_interne_suspect":null},"geometry":{"type":"Point","coordinates":[12.829311,3.735545]}},
{"type":"Feature","properties":{"tg_type":"SOC.ADMIN.MAIRIE","nom":"Mairie d'Ebone","source_id":"way/838713828","source":"OSM_OSMFR_2026-10-03","statut":"IMPORTE","date_source":"2026-10-03","amenity":"townhall","townhall_type":null,"admin_level":null,"nom_fr":null,"nom_en":null,"osm_type":"way","date_maj_objet":"2020-08-19","doublon_interne_suspect":null},"geometry":{"type":"Point","coordinates":[9.892724,4.881539]}},
{"type":"Feature","properties":{"tg_type":"SOC.ADMIN.MAIRIE","nom":"Ancienne sous-préfecture de Somalomo","source_id":"way/844256594","source":"OSM_OSMFR_2026-10-03","statut":"IMPORTE","date_source":"2026-10-03","amenity":"townhall","townhall_type":null,"admin_level":null,"nom_fr":null,"nom_en":null,"osm_type":"way","date_maj_objet":"2020-12-16","doublon_interne_suspect":null},"geometry":{"type":"Point","coordinates":[12.733925,3.381029]}},
{"type":"Feature","properties":{"tg_type":"SOC.ADMIN.MAIRIE","nom":"Mairie de Somalomo","source_id":"way/885517107","source":"OSM_OSMFR_2026-10-03","statut":"IMPORTE","date_source":"2026-10-03","amenity":"townhall","townhall_type":null,"admin_level":null,"nom_fr":null,"nom_en":null,"osm_type":"way","date_maj_objet":"2020-12-17","doublon_interne_suspect":null},"geometry":{"type":"Point","coordinates":[12.736348,3.390224]}},
{"type":"Feature","properties":{"tg_type":"SOC.ADMIN.MAIRIE","nom":"Mairie de Sangmelima","source_id":"way/917348965","source":"OSM_OSMFR_2026-10-03","statut":"IMPORTE","date_source":"2026-10-03","amenity":"townhall","townhall_type":null,"admin_level":null,"nom_fr":null,"nom_en":null,"osm_type":"way","date_maj_objet":"2021-03-15","doublon_interne_suspect":null},"geometry":{"type":"Point","coordinates":[11.980175,2.929179]}},
{"type":"Feature","properties":{"tg_type":"SOC.ADMIN.MAIRIE","nom":"Hôtel de Ville","source_id":"way/922767630","source":"OSM_OSMFR_2026-10-03","statut":"IMPORTE","date_source":"2026-10-03","amenity":"townhall","townhall_type":"city","admin_level":null,"nom_fr":"Hôtel de Ville","nom_en":"Cityhall","osm_type":"way","date_maj_objet":"2021-03-26","doublon_interne_suspect":null},"geometry":{"type":"Point","coordinates":[13.287625,2.695818]}}
]}
