{"type":"FeatureCollection","features":[
{"type":"Feature","properties":{"tg_type":"ECO.MARCHE","nom":"Centre de commerce No.II d'Okola","source_id":"node/1067289781","source":"OSM_OSMFR_2026-10-03","statut":"IMPORTE","date_source":"2026-10-03","amenity":"marketplace","opening_hours":null,"nom_fr":null,"nom_en":null,"osm_type":"node","date_maj_objet":"2026-04-09","doublon_interne_suspect":null},"geometry":{"type":"Point","coordinates":[11.380718,4.023827]}},
{"type":"Feature","properties":{"tg_type":"ECO.MARCHE","nom":"marché","source_id":"node/11277260131","source":"OSM_OSMFR_2026-10-03","statut":"IMPORTE","date_source":"2026-10-03","amenity":"marketplace","opening_hours":null,"nom_fr":null,"nom_en":null,"osm_type":"node","date_maj_objet":"2026-05-06","doublon_interne_suspect":"node/11277260132"},"geometry":{"type":"Point","coordinates":[11.512948,3.520031]}},
{"type":"Feature","properties":{"tg_type":"ECO.MARCHE","nom":"marché","source_id":"node/11277260132","source":"OSM_OSMFR_2026-10-03","statut":"IMPORTE","date_source":"2026-10-03","amenity":"marketplace","opening_hours":null,"nom_fr":null,"nom_en":null,"osm_type":"node","date_maj_objet":"2026-05-04","doublon_interne_suspect":"node/11277260131"},"geometry":{"type":"Point","coordinates":[11.512577,3.519315]}},
{"type":"Feature","properties":{"tg_type":"ECO.MARCHE","nom":"Marché","source_id":"node/11277260139","source":"OSM_OSMFR_2026-10-03","statut":"IMPORTE","date_source":"2026-10-03","amenity":"marketplace","opening_hours":null,"nom_fr":null,"nom_en":null,"osm_type":"node","date_maj_objet":"2026-05-05","doublon_interne_suspect":null},"geometry":{"type":"Point","coordinates":[11.483002,3.522504]}},
{"type":"Feature","properties":{"tg_type":"ECO.MARCHE","nom":"Marché","source_id":"node/11277260140","source":"OSM_OSMFR_2026-10-03","statut":"IMPORTE","date_source":"2026-10-03","amenity":"marketplace","opening_hours":null,"nom_fr":null,"nom_en":null,"osm_type":"node","date_maj_objet":"2026-04-08","doublon_interne_suspect":null},"geometry":{"type":"Point","coordinates":[11.501445,3.499092]}},
{"type":"Feature","properties":{"tg_type":"ECO.MARCHE","nom":"Marche Mvog betsi","source_id":"node/11422740207","source":"OSM_OSMFR_2026-10-03","statut":"IMPORTE","date_source":"2026-10-03","amenity":"marketplace","opening_hours":null,"nom_fr":null,"nom_en":null,"osm_type":"node","date_maj_objet":"2023-12-16","doublon_interne_suspect":"way/207490870"},"geometry":{"type":"Point","coordinates":[11.48667,3.866416]}},
{"type":"Feature","properties":{"tg_type":"ECO.MARCHE","nom":"Marché","source_id":"node/11472609327","source":"OSM_OSMFR_2026-10-03","statut":"IMPORTE","date_source":"2026-10-03","amenity":"marketplace","opening_hours":null,"nom_fr":null,"nom_en":null,"osm_type":"node","date_maj_objet":"2023-12-31","doublon_interne_suspect":null},"geometry":{"type":"Point","coordinates":[11.152502,2.920646]}},
{"type":"Feature","properties":{"tg_type":"ECO.MARCHE","nom":"Marché Mvila","source_id":"node/11472801677","source":"OSM_OSMFR_2026-10-03","statut":"IMPORTE","date_source":"2026-10-03","amenity":"marketplace","opening_hours":null,"nom_fr":null,"nom_en":null,"osm_type":"node","date_maj_objet":"2023-12-31","doublon_interne_suspect":null},"geometry":{"type":"Point","coordinates":[11.151055,2.900694]}},
{"type":"Feature","properties":{"tg_type":"ECO.MARCHE","nom":"Marché Obili","source_id":"node/11959695417","source":"OSM_OSMFR_2026-10-03","statut":"IMPORTE","date_source":"2026-10-03","amenity":"marketplace","opening_hours":null,"nom_fr":null,"nom_en":null,"osm_type":"node","date_maj_objet":"2024-06-06","doublon_interne_suspect":null},"geometry":{"type":"Point","coordinates":[11.493371,3.85015]}},
{"type":"Feature","properties":{"tg_type":"ECO.MARCHE","nom":"","source_id":"node/12222246780","source":"OSM_OSMFR_2026-10-03","statut":"IMPORTE","date_source":"2026-10-03","amenity":"marketplace","opening_hours":null,"nom_fr":null,"nom_en":null,"osm_type":"node","date_maj_objet":"2024-10-04","doublon_interne_suspect":null},"geometry":{"type":"Point","coordinates":[10.775524,3.641613]}},
{"type":"Feature","properties":{"tg_type":"ECO.MARCHE","nom":"","source_id":"node/12728721818","source":"OSM_OSMFR_2026-10-03","statut":"IMPORTE","date_source":"2026-10-03","amenity":"marketplace","opening_hours":null,"nom_fr":null,"nom_en":null,"osm_type":"node","date_maj_objet":"2025-04-04","doublon_interne_suspect":null},"geometry":{"type":"Point","coordinates":[12.161815,4.151792]}},
{"type":"Feature","properties":{"tg_type":"ECO.MARCHE","nom":"Carrefour","source_id":"node/12753176017","source":"OSM_OSMFR_2026-10-03","statut":"IMPORTE","date_source":"2026-10-03","amenity":"marketplace","opening_hours":null,"nom_fr":null,"nom_en":null,"osm_type":"node","date_maj_objet":"2025-04-13","doublon_interne_suspect":null},"geometry":{"type":"Point","coordinates":[9.767542,4.085815]}},
{"type":"Feature","properties":{"tg_type":"ECO.MARCHE","nom":"Marche Ongola","source_id":"node/12870193330","source":"OSM_OSMFR_2026-10-03","statut":"IMPORTE","date_source":"2026-10-03","amenity":"marketplace","opening_hours":null,"nom_fr":null,"nom_en":null,"osm_type":"node","date_maj_objet":"2025-05-28","doublon_interne_suspect":"way/236958171"},"geometry":{"type":"Point","coordinates":[11.518063,3.868165]}},
{"type":"Feature","properties":{"tg_type":"ECO.MARCHE","nom":"Main Market Entrance","source_id":"node/13140098016","source":"OSM_OSMFR_2026-10-03","statut":"IMPORTE","date_source":"2026-10-03","amenity":"marketplace","opening_hours":null,"nom_fr":null,"nom_en":null,"osm_type":"node","date_maj_objet":"2025-09-12","doublon_interne_suspect":null},"geometry":{"type":"Point","coordinates":[10.07722,6.388206]}},
{"type":"Feature","properties":{"tg_type":"ECO.MARCHE","nom":"","source_id":"node/13359802958","source":"OSM_OSMFR_2026-10-03","statut":"IMPORTE","date_source":"2026-10-03","amenity":"marketplace","opening_hours":null,"nom_fr":null,"nom_en":null,"osm_type":"node","date_maj_objet":"2025-12-07","doublon_interne_suspect":null},"geometry":{"type":"Point","coordinates":[9.148438,4.015124]}},
{"type":"Feature","properties":{"tg_type":"ECO.MARCHE","nom":"","source_id":"node/13992224842","source":"OSM_OSMFR_2026-10-03","statut":"IMPORTE","date_source":"2026-10-03","amenity":"marketplace","opening_hours":null,"nom_fr":null,"nom_en":null,"osm_type":"node","date_maj_objet":"2026-07-06","doublon_interne_suspect":null},"geometry":{"type":"Point","coordinates":[11.50029,3.864173]}},
{"type":"Feature","properties":{"tg_type":"ECO.MARCHE","nom":"Marché De Melen","source_id":"node/13992367639","source":"OSM_OSMFR_2026-10-03","statut":"IMPORTE","date_source":"2026-10-03","amenity":"marketplace","opening_hours":null,"nom_fr":null,"nom_en":null,"osm_type":"node","date_maj_objet":"2026-07-06","doublon_interne_suspect":null},"geometry":{"type":"Point","coordinates":[11.496357,3.868469]}},
{"type":"Feature","properties":{"tg_type":"ECO.MARCHE","nom":"Marché Ndogpassi","source_id":"node/14003584205","source":"OSM_OSMFR_2026-10-03","statut":"IMPORTE","date_source":"2026-10-03","amenity":"marketplace","opening_hours":null,"nom_fr":null,"nom_en":null,"osm_type":"node","date_maj_objet":"2026-07-10","doublon_interne_suspect":null},"geometry":{"type":"Point","coordinates":[9.756242,4.004097]}},
{"type":"Feature","properties":{"tg_type":"ECO.MARCHE","nom":"Central Market","source_id":"node/14004711916","source":"OSM_OSMFR_2026-10-03","statut":"IMPORTE","date_source":"2026-10-03","amenity":"marketplace","opening_hours":null,"nom_fr":null,"nom_en":null,"osm_type":"node","date_maj_objet":"2026-07-11","doublon_interne_suspect":null},"geometry":{"type":"Point","coordinates":[11.517017,3.866703]}},
{"type":"Feature","properties":{"tg_type":"ECO.MARCHE","nom":"Marché Acacia","source_id":"node/14026669554","source":"OSM_OSMFR_2026-10-03","statut":"IMPORTE","date_source":"2026-10-03","amenity":"marketplace","opening_hours":null,"nom_fr":null,"nom_en":null,"osm_type":"node","date_maj_objet":"2026-07-19","doublon_interne_suspect":null},"geometry":{"type":"Point","coordinates":[11.489536,3.842001]}},
{"type":"Feature","properties":{"tg_type":"ECO.MARCHE","nom":"Marché de Mvog Mbi","source_id":"node/1987811293","source":"OSM_OSMFR_2026-10-03","statut":"IMPORTE","date_source":"2026-10-03","amenity":"marketplace","opening_hours":null,"nom_fr":null,"nom_en":null,"osm_type":"node","date_maj_objet":"2012-10-28","doublon_interne_suspect":null},"geometry":{"type":"Point","coordinates":[11.520838,3.850572]}},
{"type":"Feature","properties":{"tg_type":"ECO.MARCHE","nom":"Marché Bamendou II","source_id":"node/2268258697","source":"OSM_OSMFR_2026-10-03","statut":"IMPORTE","date_source":"2026-10-03","amenity":"marketplace","opening_hours":null,"nom_fr":null,"nom_en":null,"osm_type":"node","date_maj_objet":"2021-02-05","doublon_interne_suspect":null},"geometry":{"type":"Point","coordinates":[10.164054,5.417195]}},
{"type":"Feature","properties":{"tg_type":"ECO.MARCHE","nom":"","source_id":"node/2294901959","source":"OSM_OSMFR_2026-10-03","statut":"IMPORTE","date_source":"2026-10-03","amenity":"marketplace","opening_hours":null,"nom_fr":null,"nom_en":null,"osm_type":"node","date_maj_objet":"2013-05-07","doublon_interne_suspect":null},"geometry":{"type":"Point","coordinates":[14.316544,10.602223]}},
{"type":"Feature","properties":{"tg_type":"ECO.MARCHE","nom":"","source_id":"node/2305508607","source":"OSM_OSMFR_2026-10-03","statut":"IMPORTE","date_source":"2026-10-03","amenity":"marketplace","opening_hours":null,"nom_fr":null,"nom_en":null,"osm_type":"node","date_maj_objet":"2013-05-15","doublon_interne_suspect":null},"geometry":{"type":"Point","coordinates":[11.521201,3.888254]}},
{"type":"Feature","properties":{"tg_type":"ECO.MARCHE","nom":"Marché de Nkol Eton","source_id":"node/2381896693","source":"OSM_OSMFR_2026-10-03","statut":"IMPORTE","date_source":"2026-10-03","amenity":"marketplace","opening_hours":null,"nom_fr":null,"nom_en":null,"osm_type":"node","date_maj_objet":"2013-07-12","doublon_interne_suspect":null},"geometry":{"type":"Point","coordinates":[11.520074,3.88839]}},
{"type":"Feature","properties":{"tg_type":"ECO.MARCHE","nom":"Marché aux Fruits et Légumes","source_id":"node/3021902092","source":"OSM_OSMFR_2026-10-03","statut":"IMPORTE","date_source":"2026-10-03","amenity":"marketplace","opening_hours":null,"nom_fr":null,"nom_en":null,"osm_type":"node","date_maj_objet":"2014-08-17","doublon_interne_suspect":null},"geometry":{"type":"Point","coordinates":[10.704596,4.975419]}},
{"type":"Feature","properties":{"tg_type":"ECO.MARCHE","nom":"Marché","source_id":"node/3206102804","source":"OSM_OSMFR_2026-10-03","statut":"IMPORTE","date_source":"2026-10-03","amenity":"marketplace","opening_hours":null,"nom_fr":null,"nom_en":null,"osm_type":"node","date_maj_objet":"2014-11-26","doublon_interne_suspect":null},"geometry":{"type":"Point","coordinates":[10.569892,4.051809]}},
{"type":"Feature","properties":{"tg_type":"ECO.MARCHE","nom":"Mbetta Market","source_id":"node/4002737800","source":"OSM_OSMFR_2026-10-03","statut":"IMPORTE","date_source":"2026-10-03","amenity":"marketplace","opening_hours":"Every 8 days","nom_fr":null,"nom_en":null,"osm_type":"node","date_maj_objet":"2016-02-12","doublon_interne_suspect":null},"geometry":{"type":"Point","coordinates":[9.837662,5.366257]}},
{"type":"Feature","properties":{"tg_type":"ECO.MARCHE","nom":"Marché Oignon","source_id":"node/4237480466","source":"OSM_OSMFR_2026-10-03","statut":"IMPORTE","date_source":"2026-10-03","amenity":"marketplace","opening_hours":null,"nom_fr":null,"nom_en":null,"osm_type":"node","date_maj_objet":"2024-12-24","doublon_interne_suspect":null},"geometry":{"type":"Point","coordinates":[10.414978,5.48049]}},
{"type":"Feature","properties":{"tg_type":"ECO.MARCHE","nom":"Petit Marché Akwa Nord","source_id":"node/4393873431","source":"OSM_OSMFR_2026-10-03","statut":"IMPORTE","date_source":"2026-10-03","amenity":"marketplace","opening_hours":null,"nom_fr":null,"nom_en":null,"osm_type":"node","date_maj_objet":"2016-12-02","doublon_interne_suspect":null},"geometry":{"type":"Point","coordinates":[9.718884,4.082517]}},
{"type":"Feature","properties":{"tg_type":"ECO.MARCHE","nom":"Marché pk12","source_id":"node/4413360079","source":"OSM_OSMFR_2026-10-03","statut":"IMPORTE","date_source":"2026-10-03","amenity":"marketplace","opening_hours":null,"nom_fr":null,"nom_en":null,"osm_type":"node","date_maj_objet":"2016-10-25","doublon_interne_suspect":null},"geometry":{"type":"Point","coordinates":[9.7863,4.062758]}},
{"type":"Feature","properties":{"tg_type":"ECO.MARCHE","nom":"petit marché nyalla","source_id":"node/4447581364","source":"OSM_OSMFR_2026-10-03","statut":"IMPORTE","date_source":"2026-10-03","amenity":"marketplace","opening_hours":null,"nom_fr":null,"nom_en":null,"osm_type":"node","date_maj_objet":"2016-10-14","doublon_interne_suspect":null},"geometry":{"type":"Point","coordinates":[9.788887,4.032165]}},
{"type":"Feature","properties":{"tg_type":"ECO.MARCHE","nom":"Petit marché Logbaba","source_id":"node/4540317364","source":"OSM_OSMFR_2026-10-03","statut":"IMPORTE","date_source":"2026-10-03","amenity":"marketplace","opening_hours":null,"nom_fr":null,"nom_en":null,"osm_type":"node","date_maj_objet":"2016-12-05","doublon_interne_suspect":null},"geometry":{"type":"Point","coordinates":[9.758888,4.037266]}},
{"type":"Feature","properties":{"tg_type":"ECO.MARCHE","nom":"Marché de Bamyanga","source_id":"node/4855637545","source":"OSM_OSMFR_2026-10-03","statut":"IMPORTE","date_source":"2026-10-03","amenity":"marketplace","opening_hours":null,"nom_fr":null,"nom_en":null,"osm_type":"node","date_maj_objet":"2018-10-01","doublon_interne_suspect":null},"geometry":{"type":"Point","coordinates":[13.57646,7.293289]}},
{"type":"Feature","properties":{"tg_type":"ECO.MARCHE","nom":"Marché","source_id":"node/5288063312","source":"OSM_OSMFR_2026-10-03","statut":"IMPORTE","date_source":"2026-10-03","amenity":"marketplace","opening_hours":null,"nom_fr":null,"nom_en":null,"osm_type":"node","date_maj_objet":"2017-12-16","doublon_interne_suspect":null},"geometry":{"type":"Point","coordinates":[14.014673,11.161103]}},
{"type":"Feature","properties":{"tg_type":"ECO.MARCHE","nom":"","source_id":"node/5469162587","source":"OSM_OSMFR_2026-10-03","statut":"IMPORTE","date_source":"2026-10-03","amenity":"marketplace","opening_hours":null,"nom_fr":null,"nom_en":null,"osm_type":"node","date_maj_objet":"2018-03-10","doublon_interne_suspect":null},"geometry":{"type":"Point","coordinates":[11.955962,3.346407]}},
{"type":"Feature","properties":{"tg_type":"ECO.MARCHE","nom":"Marché des vivres et vetements","source_id":"node/6545953530","source":"OSM_OSMFR_2026-10-03","statut":"IMPORTE","date_source":"2026-10-03","amenity":"marketplace","opening_hours":null,"nom_fr":null,"nom_en":null,"osm_type":"node","date_maj_objet":"2019-06-13","doublon_interne_suspect":null},"geometry":{"type":"Point","coordinates":[13.510078,9.026715]}},
{"type":"Feature","properties":{"tg_type":"ECO.MARCHE","nom":"Marché cereale","source_id":"node/6545953531","source":"OSM_OSMFR_2026-10-03","statut":"IMPORTE","date_source":"2026-10-03","amenity":"marketplace","opening_hours":null,"nom_fr":null,"nom_en":null,"osm_type":"node","date_maj_objet":"2019-06-13","doublon_interne_suspect":null},"geometry":{"type":"Point","coordinates":[13.510066,9.027105]}},
{"type":"Feature","properties":{"tg_type":"ECO.MARCHE","nom":"Marché de mafa tcheboa","source_id":"node/6545953532","source":"OSM_OSMFR_2026-10-03","statut":"IMPORTE","date_source":"2026-10-03","amenity":"marketplace","opening_hours":null,"nom_fr":null,"nom_en":null,"osm_type":"node","date_maj_objet":"2019-06-13","doublon_interne_suspect":null},"geometry":{"type":"Point","coordinates":[13.246404,9.001756]}},
{"type":"Feature","properties":{"tg_type":"ECO.MARCHE","nom":"Marché de bili bili","source_id":"node/6545953533","source":"OSM_OSMFR_2026-10-03","statut":"IMPORTE","date_source":"2026-10-03","amenity":"marketplace","opening_hours":null,"nom_fr":null,"nom_en":null,"osm_type":"node","date_maj_objet":"2019-06-13","doublon_interne_suspect":null},"geometry":{"type":"Point","coordinates":[13.185325,9.024096]}},
{"type":"Feature","properties":{"tg_type":"ECO.MARCHE","nom":"Marché à bétail","source_id":"node/6545953534","source":"OSM_OSMFR_2026-10-03","statut":"IMPORTE","date_source":"2026-10-03","amenity":"marketplace","opening_hours":null,"nom_fr":null,"nom_en":null,"osm_type":"node","date_maj_objet":"2019-06-13","doublon_interne_suspect":null},"geometry":{"type":"Point","coordinates":[13.187696,9.02932]}},
{"type":"Feature","properties":{"tg_type":"ECO.MARCHE","nom":"Marché de tcheboa","source_id":"node/6545953535","source":"OSM_OSMFR_2026-10-03","statut":"IMPORTE","date_source":"2026-10-03","amenity":"marketplace","opening_hours":null,"nom_fr":null,"nom_en":null,"osm_type":"node","date_maj_objet":"2019-06-13","doublon_interne_suspect":null},"geometry":{"type":"Point","coordinates":[13.184169,9.027972]}},
{"type":"Feature","properties":{"tg_type":"ECO.MARCHE","nom":"Marché ndjola","source_id":"node/6545953536","source":"OSM_OSMFR_2026-10-03","statut":"IMPORTE","date_source":"2026-10-03","amenity":"marketplace","opening_hours":null,"nom_fr":null,"nom_en":null,"osm_type":"node","date_maj_objet":"2019-06-13","doublon_interne_suspect":null},"geometry":{"type":"Point","coordinates":[13.503009,9.09673]}},
{"type":"Feature","properties":{"tg_type":"ECO.MARCHE","nom":"Marché périodique de Ngong daba","source_id":"node/6545953537","source":"OSM_OSMFR_2026-10-03","statut":"IMPORTE","date_source":"2026-10-03","amenity":"marketplace","opening_hours":null,"nom_fr":null,"nom_en":null,"osm_type":"node","date_maj_objet":"2019-06-13","doublon_interne_suspect":null},"geometry":{"type":"Point","coordinates":[13.516943,9.035354]}},
{"type":"Feature","properties":{"tg_type":"ECO.MARCHE","nom":"Petit marché","source_id":"node/6545953538","source":"OSM_OSMFR_2026-10-03","statut":"IMPORTE","date_source":"2026-10-03","amenity":"marketplace","opening_hours":null,"nom_fr":null,"nom_en":null,"osm_type":"node","date_maj_objet":"2019-06-13","doublon_interne_suspect":null},"geometry":{"type":"Point","coordinates":[13.52668,9.029112]}},
{"type":"Feature","properties":{"tg_type":"ECO.MARCHE","nom":"Marché","source_id":"node/6545953540","source":"OSM_OSMFR_2026-10-03","statut":"IMPORTE","date_source":"2026-10-03","amenity":"marketplace","opening_hours":null,"nom_fr":null,"nom_en":null,"osm_type":"node","date_maj_objet":"2019-06-13","doublon_interne_suspect":null},"geometry":{"type":"Point","coordinates":[13.510274,9.025563]}},
{"type":"Feature","properties":{"tg_type":"ECO.MARCHE","nom":"Marché de cereale","source_id":"node/6545953541","source":"OSM_OSMFR_2026-10-03","statut":"IMPORTE","date_source":"2026-10-03","amenity":"marketplace","opening_hours":null,"nom_fr":null,"nom_en":null,"osm_type":"node","date_maj_objet":"2019-06-13","doublon_interne_suspect":null},"geometry":{"type":"Point","coordinates":[13.51416,9.024574]}},
{"type":"Feature","properties":{"tg_type":"ECO.MARCHE","nom":"Marché poissons","source_id":"node/6545953542","source":"OSM_OSMFR_2026-10-03","statut":"IMPORTE","date_source":"2026-10-03","amenity":"marketplace","opening_hours":null,"nom_fr":null,"nom_en":null,"osm_type":"node","date_maj_objet":"2019-06-13","doublon_interne_suspect":null},"geometry":{"type":"Point","coordinates":[13.512962,9.024367]}},
{"type":"Feature","properties":{"tg_type":"ECO.MARCHE","nom":"Marché d'habits","source_id":"node/6545953543","source":"OSM_OSMFR_2026-10-03","statut":"IMPORTE","date_source":"2026-10-03","amenity":"marketplace","opening_hours":null,"nom_fr":null,"nom_en":null,"osm_type":"node","date_maj_objet":"2019-06-13","doublon_interne_suspect":null},"geometry":{"type":"Point","coordinates":[13.512434,9.024017]}},
{"type":"Feature","properties":{"tg_type":"ECO.MARCHE","nom":"Marché de bœufs de Ngong","source_id":"node/6545953544","source":"OSM_OSMFR_2026-10-03","statut":"IMPORTE","date_source":"2026-10-03","amenity":"marketplace","opening_hours":null,"nom_fr":null,"nom_en":null,"osm_type":"node","date_maj_objet":"2019-12-18","doublon_interne_suspect":null},"geometry":{"type":"Point","coordinates":[13.513254,9.023098]}},
{"type":"Feature","properties":{"tg_type":"ECO.MARCHE","nom":"NEW STORES","source_id":"node/7070037589","source":"OSM_OSMFR_2026-10-03","statut":"IMPORTE","date_source":"2026-10-03","amenity":"marketplace","opening_hours":null,"nom_fr":null,"nom_en":null,"osm_type":"node","date_maj_objet":"2025-09-06","doublon_interne_suspect":null},"geometry":{"type":"Point","coordinates":[9.355933,4.083042]}},
{"type":"Feature","properties":{"tg_type":"ECO.MARCHE","nom":"Marché De Nkolbisson","source_id":"node/7162366129","source":"OSM_OSMFR_2026-10-03","statut":"IMPORTE","date_source":"2026-10-03","amenity":"marketplace","opening_hours":null,"nom_fr":null,"nom_en":null,"osm_type":"node","date_maj_objet":"2020-01-27","doublon_interne_suspect":null},"geometry":{"type":"Point","coordinates":[11.454531,3.871601]}},
{"type":"Feature","properties":{"tg_type":"ECO.MARCHE","nom":"Marché De Nkolbisson","source_id":"node/7162367413","source":"OSM_OSMFR_2026-10-03","statut":"IMPORTE","date_source":"2026-10-03","amenity":"marketplace","opening_hours":null,"nom_fr":null,"nom_en":null,"osm_type":"node","date_maj_objet":"2020-01-27","doublon_interne_suspect":null},"geometry":{"type":"Point","coordinates":[11.468,3.882919]}},
{"type":"Feature","properties":{"tg_type":"ECO.MARCHE","nom":"Petit Marché Mvog Ada","source_id":"node/7184455473","source":"OSM_OSMFR_2026-10-03","statut":"IMPORTE","date_source":"2026-10-03","amenity":"marketplace","opening_hours":null,"nom_fr":null,"nom_en":null,"osm_type":"node","date_maj_objet":"2020-02-04","doublon_interne_suspect":null},"geometry":{"type":"Point","coordinates":[11.526064,3.867149]}},
{"type":"Feature","properties":{"tg_type":"ECO.MARCHE","nom":"","source_id":"node/7184455474","source":"OSM_OSMFR_2026-10-03","statut":"IMPORTE","date_source":"2026-10-03","amenity":"marketplace","opening_hours":null,"nom_fr":null,"nom_en":null,"osm_type":"node","date_maj_objet":"2020-02-04","doublon_interne_suspect":null},"geometry":{"type":"Point","coordinates":[11.526046,3.866908]}},
{"type":"Feature","properties":{"tg_type":"ECO.MARCHE","nom":"Petit Marché","source_id":"node/7184491424","source":"OSM_OSMFR_2026-10-03","statut":"IMPORTE","date_source":"2026-10-03","amenity":"marketplace","opening_hours":null,"nom_fr":null,"nom_en":null,"osm_type":"node","date_maj_objet":"2020-02-04","doublon_interne_suspect":null},"geometry":{"type":"Point","coordinates":[11.548809,3.892917]}},
{"type":"Feature","properties":{"tg_type":"ECO.MARCHE","nom":"Marché Total Ngousso","source_id":"node/7184491425","source":"OSM_OSMFR_2026-10-03","statut":"IMPORTE","date_source":"2026-10-03","amenity":"marketplace","opening_hours":null,"nom_fr":null,"nom_en":null,"osm_type":"node","date_maj_objet":"2020-02-04","doublon_interne_suspect":null},"geometry":{"type":"Point","coordinates":[11.550101,3.897381]}},
{"type":"Feature","properties":{"tg_type":"ECO.MARCHE","nom":"Vente Des Fruits","source_id":"node/7184497295","source":"OSM_OSMFR_2026-10-03","statut":"IMPORTE","date_source":"2026-10-03","amenity":"marketplace","opening_hours":null,"nom_fr":null,"nom_en":null,"osm_type":"node","date_maj_objet":"2020-02-04","doublon_interne_suspect":null},"geometry":{"type":"Point","coordinates":[11.550343,3.879764]}},
{"type":"Feature","properties":{"tg_type":"ECO.MARCHE","nom":"","source_id":"node/7184497297","source":"OSM_OSMFR_2026-10-03","statut":"IMPORTE","date_source":"2026-10-03","amenity":"marketplace","opening_hours":null,"nom_fr":null,"nom_en":null,"osm_type":"node","date_maj_objet":"2020-02-04","doublon_interne_suspect":null},"geometry":{"type":"Point","coordinates":[11.551412,3.879892]}},
{"type":"Feature","properties":{"tg_type":"ECO.MARCHE","nom":"","source_id":"node/7184497298","source":"OSM_OSMFR_2026-10-03","statut":"IMPORTE","date_source":"2026-10-03","amenity":"marketplace","opening_hours":null,"nom_fr":null,"nom_en":null,"osm_type":"node","date_maj_objet":"2020-02-04","doublon_interne_suspect":null},"geometry":{"type":"Point","coordinates":[11.554729,3.880173]}},
{"type":"Feature","properties":{"tg_type":"ECO.MARCHE","nom":"Petit Marché De Fruit","source_id":"node/7184499271","source":"OSM_OSMFR_2026-10-03","statut":"IMPORTE","date_source":"2026-10-03","amenity":"marketplace","opening_hours":null,"nom_fr":null,"nom_en":null,"osm_type":"node","date_maj_objet":"2020-02-04","doublon_interne_suspect":null},"geometry":{"type":"Point","coordinates":[11.538728,3.922]}},
{"type":"Feature","properties":{"tg_type":"ECO.MARCHE","nom":"Petit Marché","source_id":"node/7184508685","source":"OSM_OSMFR_2026-10-03","statut":"IMPORTE","date_source":"2026-10-03","amenity":"marketplace","opening_hours":null,"nom_fr":null,"nom_en":null,"osm_type":"node","date_maj_objet":"2020-02-04","doublon_interne_suspect":null},"geometry":{"type":"Point","coordinates":[11.567098,3.891233]}},
{"type":"Feature","properties":{"tg_type":"ECO.MARCHE","nom":"","source_id":"node/7184508686","source":"OSM_OSMFR_2026-10-03","statut":"IMPORTE","date_source":"2026-10-03","amenity":"marketplace","opening_hours":null,"nom_fr":null,"nom_en":null,"osm_type":"node","date_maj_objet":"2020-02-04","doublon_interne_suspect":null},"geometry":{"type":"Point","coordinates":[11.564387,3.906284]}},
{"type":"Feature","properties":{"tg_type":"ECO.MARCHE","nom":"Muaku Market","source_id":"node/8378179043","source":"OSM_OSMFR_2026-10-03","statut":"IMPORTE","date_source":"2026-10-03","amenity":"marketplace","opening_hours":null,"nom_fr":null,"nom_en":null,"osm_type":"node","date_maj_objet":"2026-05-06","doublon_interne_suspect":null},"geometry":{"type":"Point","coordinates":[9.747158,5.055355]}},
{"type":"Feature","properties":{"tg_type":"ECO.MARCHE","nom":"Marché de Bamewou","source_id":"node/8388106145","source":"OSM_OSMFR_2026-10-03","statut":"IMPORTE","date_source":"2026-10-03","amenity":"marketplace","opening_hours":null,"nom_fr":null,"nom_en":null,"osm_type":"node","date_maj_objet":"2021-02-02","doublon_interne_suspect":null},"geometry":{"type":"Point","coordinates":[10.151922,5.373489]}},
{"type":"Feature","properties":{"tg_type":"ECO.MARCHE","nom":"Marché Balefock","source_id":"node/8397159675","source":"OSM_OSMFR_2026-10-03","statut":"IMPORTE","date_source":"2026-10-03","amenity":"marketplace","opening_hours":null,"nom_fr":null,"nom_en":null,"osm_type":"node","date_maj_objet":"2021-02-05","doublon_interne_suspect":null},"geometry":{"type":"Point","coordinates":[10.131605,5.390641]}},
{"type":"Feature","properties":{"tg_type":"ECO.MARCHE","nom":"Marché de Batoula","source_id":"node/8397383195","source":"OSM_OSMFR_2026-10-03","statut":"IMPORTE","date_source":"2026-10-03","amenity":"marketplace","opening_hours":null,"nom_fr":null,"nom_en":null,"osm_type":"node","date_maj_objet":"2021-02-05","doublon_interne_suspect":null},"geometry":{"type":"Point","coordinates":[10.164033,5.40071]}},
{"type":"Feature","properties":{"tg_type":"ECO.MARCHE","nom":"Marché Chefferie Bamendou","source_id":"node/8410788973","source":"OSM_OSMFR_2026-10-03","statut":"IMPORTE","date_source":"2026-10-03","amenity":"marketplace","opening_hours":null,"nom_fr":null,"nom_en":null,"osm_type":"node","date_maj_objet":"2021-02-10","doublon_interne_suspect":null},"geometry":{"type":"Point","coordinates":[10.195771,5.458631]}},
{"type":"Feature","properties":{"tg_type":"ECO.MARCHE","nom":"Rue Bimop","source_id":"node/8649462881","source":"OSM_OSMFR_2026-10-03","statut":"IMPORTE","date_source":"2026-10-03","amenity":"marketplace","opening_hours":null,"nom_fr":"Rue Bimop","nom_en":null,"osm_type":"node","date_maj_objet":"2021-04-21","doublon_interne_suspect":null},"geometry":{"type":"Point","coordinates":[10.285114,6.281963]}},
{"type":"Feature","properties":{"tg_type":"ECO.MARCHE","nom":"Marché de Dombe","source_id":"node/8684980404","source":"OSM_OSMFR_2026-10-03","statut":"IMPORTE","date_source":"2026-10-03","amenity":"marketplace","opening_hours":null,"nom_fr":null,"nom_en":null,"osm_type":"node","date_maj_objet":"2021-04-30","doublon_interne_suspect":null},"geometry":{"type":"Point","coordinates":[9.926579,2.953393]}},
{"type":"Feature","properties":{"tg_type":"ECO.MARCHE","nom":"Petit marché","source_id":"node/8684980405","source":"OSM_OSMFR_2026-10-03","statut":"IMPORTE","date_source":"2026-10-03","amenity":"marketplace","opening_hours":null,"nom_fr":null,"nom_en":null,"osm_type":"node","date_maj_objet":"2021-04-30","doublon_interne_suspect":null},"geometry":{"type":"Point","coordinates":[9.919333,2.945741]}},
{"type":"Feature","properties":{"tg_type":"ECO.MARCHE","nom":"Petit Marché De Mboamanga","source_id":"node/8684980406","source":"OSM_OSMFR_2026-10-03","statut":"IMPORTE","date_source":"2026-10-03","amenity":"marketplace","opening_hours":null,"nom_fr":null,"nom_en":null,"osm_type":"node","date_maj_objet":"2021-04-30","doublon_interne_suspect":null},"geometry":{"type":"Point","coordinates":[9.906104,2.936474]}},
{"type":"Feature","properties":{"tg_type":"ECO.MARCHE","nom":"Marché Mokolo","source_id":"node/8684980407","source":"OSM_OSMFR_2026-10-03","statut":"IMPORTE","date_source":"2026-10-03","amenity":"marketplace","opening_hours":null,"nom_fr":null,"nom_en":null,"osm_type":"node","date_maj_objet":"2021-04-30","doublon_interne_suspect":null},"geometry":{"type":"Point","coordinates":[9.914079,2.940185]}},
{"type":"Feature","properties":{"tg_type":"ECO.MARCHE","nom":"CTNMG1","source_id":"node/9063166748","source":"OSM_OSMFR_2026-10-03","statut":"IMPORTE","date_source":"2026-10-03","amenity":"marketplace","opening_hours":null,"nom_fr":null,"nom_en":null,"osm_type":"node","date_maj_objet":"2021-09-05","doublon_interne_suspect":"node/9063166759"},"geometry":{"type":"Point","coordinates":[10.193449,5.165498]}},
{"type":"Feature","properties":{"tg_type":"ECO.MARCHE","nom":"CTNMG8","source_id":"node/9063166758","source":"OSM_OSMFR_2026-10-03","statut":"IMPORTE","date_source":"2026-10-03","amenity":"marketplace","opening_hours":null,"nom_fr":null,"nom_en":null,"osm_type":"node","date_maj_objet":"2021-09-05","doublon_interne_suspect":null},"geometry":{"type":"Point","coordinates":[10.193838,5.166118]}},
{"type":"Feature","properties":{"tg_type":"ECO.MARCHE","nom":"CTNMG12","source_id":"node/9063166759","source":"OSM_OSMFR_2026-10-03","statut":"IMPORTE","date_source":"2026-10-03","amenity":"marketplace","opening_hours":null,"nom_fr":null,"nom_en":null,"osm_type":"node","date_maj_objet":"2021-09-05","doublon_interne_suspect":"node/9063166748"},"geometry":{"type":"Point","coordinates":[10.194087,5.165984]}},
{"type":"Feature","properties":{"tg_type":"ECO.MARCHE","nom":"CTNMG23","source_id":"node/9063467716","source":"OSM_OSMFR_2026-10-03","statut":"IMPORTE","date_source":"2026-10-03","amenity":"marketplace","opening_hours":null,"nom_fr":null,"nom_en":null,"osm_type":"node","date_maj_objet":"2021-09-05","doublon_interne_suspect":null},"geometry":{"type":"Point","coordinates":[10.194883,5.166311]}},
{"type":"Feature","properties":{"tg_type":"ECO.MARCHE","nom":"","source_id":"way/1107329713","source":"OSM_OSMFR_2026-10-03","statut":"IMPORTE","date_source":"2026-10-03","amenity":"marketplace","opening_hours":null,"nom_fr":null,"nom_en":null,"osm_type":"way","date_maj_objet":"2022-10-27","doublon_interne_suspect":null},"geometry":{"type":"Point","coordinates":[14.692131,6.836637]}},
{"type":"Feature","properties":{"tg_type":"ECO.MARCHE","nom":"Marché","source_id":"way/1118045141","source":"OSM_OSMFR_2026-10-03","statut":"IMPORTE","date_source":"2026-10-03","amenity":"marketplace","opening_hours":null,"nom_fr":null,"nom_en":null,"osm_type":"way","date_maj_objet":"2024-06-28","doublon_interne_suspect":null},"geometry":{"type":"Point","coordinates":[10.77611,3.64065]}},
{"type":"Feature","properties":{"tg_type":"ECO.MARCHE","nom":"Marché de Koundou","source_id":"way/1155596924","source":"OSM_OSMFR_2026-10-03","statut":"IMPORTE","date_source":"2026-10-03","amenity":"marketplace","opening_hours":null,"nom_fr":null,"nom_en":null,"osm_type":"way","date_maj_objet":"2023-03-19","doublon_interne_suspect":null},"geometry":{"type":"Point","coordinates":[12.117108,3.90401]}},
{"type":"Feature","properties":{"tg_type":"ECO.MARCHE","nom":"Marché Samba","source_id":"way/1290844273","source":"OSM_OSMFR_2026-10-03","statut":"IMPORTE","date_source":"2026-10-03","amenity":"marketplace","opening_hours":null,"nom_fr":null,"nom_en":null,"osm_type":"way","date_maj_objet":"2024-06-10","doublon_interne_suspect":null},"geometry":{"type":"Point","coordinates":[11.149121,2.910865]}},
{"type":"Feature","properties":{"tg_type":"ECO.MARCHE","nom":"","source_id":"way/1360036967","source":"OSM_OSMFR_2026-10-03","statut":"IMPORTE","date_source":"2026-10-03","amenity":"marketplace","opening_hours":null,"nom_fr":null,"nom_en":null,"osm_type":"way","date_maj_objet":"2025-02-15","doublon_interne_suspect":null},"geometry":{"type":"Point","coordinates":[11.511519,3.829418]}},
{"type":"Feature","properties":{"tg_type":"ECO.MARCHE","nom":"Marché","source_id":"way/1366793466","source":"OSM_OSMFR_2026-10-03","statut":"IMPORTE","date_source":"2026-10-03","amenity":"marketplace","opening_hours":null,"nom_fr":null,"nom_en":null,"osm_type":"way","date_maj_objet":"2025-03-13","doublon_interne_suspect":null},"geometry":{"type":"Point","coordinates":[10.526158,5.137603]}},
{"type":"Feature","properties":{"tg_type":"ECO.MARCHE","nom":"","source_id":"way/1380991523","source":"OSM_OSMFR_2026-10-03","statut":"IMPORTE","date_source":"2026-10-03","amenity":"marketplace","opening_hours":null,"nom_fr":null,"nom_en":null,"osm_type":"way","date_maj_objet":"2025-04-24","doublon_interne_suspect":null},"geometry":{"type":"Point","coordinates":[14.482558,10.039784]}},
{"type":"Feature","properties":{"tg_type":"ECO.MARCHE","nom":"","source_id":"way/1414270318","source":"OSM_OSMFR_2026-10-03","statut":"IMPORTE","date_source":"2026-10-03","amenity":"marketplace","opening_hours":null,"nom_fr":null,"nom_en":null,"osm_type":"way","date_maj_objet":"2025-07-12","doublon_interne_suspect":null},"geometry":{"type":"Point","coordinates":[12.24598,3.774964]}},
{"type":"Feature","properties":{"tg_type":"ECO.MARCHE","nom":"","source_id":"way/1414270319","source":"OSM_OSMFR_2026-10-03","statut":"IMPORTE","date_source":"2026-10-03","amenity":"marketplace","opening_hours":null,"nom_fr":null,"nom_en":null,"osm_type":"way","date_maj_objet":"2025-07-12","doublon_interne_suspect":null},"geometry":{"type":"Point","coordinates":[12.246112,3.774785]}},
{"type":"Feature","properties":{"tg_type":"ECO.MARCHE","nom":"","source_id":"way/1414270320","source":"OSM_OSMFR_2026-10-03","statut":"IMPORTE","date_source":"2026-10-03","amenity":"marketplace","opening_hours":null,"nom_fr":null,"nom_en":null,"osm_type":"way","date_maj_objet":"2025-07-12","doublon_interne_suspect":null},"geometry":{"type":"Point","coordinates":[12.24621,3.774654]}},
{"type":"Feature","properties":{"tg_type":"ECO.MARCHE","nom":"","source_id":"way/1414270321","source":"OSM_OSMFR_2026-10-03","statut":"IMPORTE","date_source":"2026-10-03","amenity":"marketplace","opening_hours":null,"nom_fr":null,"nom_en":null,"osm_type":"way","date_maj_objet":"2025-07-12","doublon_interne_suspect":null},"geometry":{"type":"Point","coordinates":[12.246326,3.774502]}},
{"type":"Feature","properties":{"tg_type":"ECO.MARCHE","nom":"mokolo en bas","source_id":"way/1473818300","source":"OSM_OSMFR_2026-10-03","statut":"IMPORTE","date_source":"2026-10-03","amenity":"marketplace","opening_hours":null,"nom_fr":null,"nom_en":null,"osm_type":"way","date_maj_objet":"2026-02-03","doublon_interne_suspect":null},"geometry":{"type":"Point","coordinates":[11.499852,3.872801]}},
{"type":"Feature","properties":{"tg_type":"ECO.MARCHE","nom":"Bamenda City Main Market","source_id":"way/163214645","source":"OSM_OSMFR_2026-10-03","statut":"IMPORTE","date_source":"2026-10-03","amenity":"marketplace","opening_hours":null,"nom_fr":"Marché principal de Bamenda","nom_en":null,"osm_type":"way","date_maj_objet":"2017-03-16","doublon_interne_suspect":null},"geometry":{"type":"Point","coordinates":[10.150923,5.953844]}},
{"type":"Feature","properties":{"tg_type":"ECO.MARCHE","nom":"","source_id":"way/188156910","source":"OSM_OSMFR_2026-10-03","statut":"IMPORTE","date_source":"2026-10-03","amenity":"marketplace","opening_hours":null,"nom_fr":null,"nom_en":null,"osm_type":"way","date_maj_objet":"2019-12-18","doublon_interne_suspect":null},"geometry":{"type":"Point","coordinates":[11.519032,3.850219]}},
{"type":"Feature","properties":{"tg_type":"ECO.MARCHE","nom":"Marché Artisanal","source_id":"way/188700997","source":"OSM_OSMFR_2026-10-03","statut":"IMPORTE","date_source":"2026-10-03","amenity":"marketplace","opening_hours":null,"nom_fr":null,"nom_en":null,"osm_type":"way","date_maj_objet":"2013-09-07","doublon_interne_suspect":null},"geometry":{"type":"Point","coordinates":[11.518046,3.871225]}},
{"type":"Feature","properties":{"tg_type":"ECO.MARCHE","nom":"","source_id":"way/192689716","source":"OSM_OSMFR_2026-10-03","statut":"IMPORTE","date_source":"2026-10-03","amenity":"marketplace","opening_hours":null,"nom_fr":null,"nom_en":null,"osm_type":"way","date_maj_objet":"2020-10-19","doublon_interne_suspect":null},"geometry":{"type":"Point","coordinates":[11.487355,3.895463]}},
{"type":"Feature","properties":{"tg_type":"ECO.MARCHE","nom":"Marché aux Fleurs","source_id":"way/192826006","source":"OSM_OSMFR_2026-10-03","statut":"IMPORTE","date_source":"2026-10-03","amenity":"marketplace","opening_hours":null,"nom_fr":null,"nom_en":null,"osm_type":"way","date_maj_objet":"2014-08-20","doublon_interne_suspect":null},"geometry":{"type":"Point","coordinates":[11.516937,3.868522]}},
{"type":"Feature","properties":{"tg_type":"ECO.MARCHE","nom":"marche national","source_id":"way/192828059","source":"OSM_OSMFR_2026-10-03","statut":"IMPORTE","date_source":"2026-10-03","amenity":"marketplace","opening_hours":null,"nom_fr":null,"nom_en":null,"osm_type":"way","date_maj_objet":"2020-01-14","doublon_interne_suspect":null},"geometry":{"type":"Point","coordinates":[11.501249,3.870458]}},
{"type":"Feature","properties":{"tg_type":"ECO.MARCHE","nom":"Marché","source_id":"way/192830581","source":"OSM_OSMFR_2026-10-03","statut":"IMPORTE","date_source":"2026-10-03","amenity":"marketplace","opening_hours":null,"nom_fr":null,"nom_en":null,"osm_type":"way","date_maj_objet":"2013-04-22","doublon_interne_suspect":null},"geometry":{"type":"Point","coordinates":[11.540465,3.871878]}},
{"type":"Feature","properties":{"tg_type":"ECO.MARCHE","nom":"Marché","source_id":"way/192839039","source":"OSM_OSMFR_2026-10-03","statut":"IMPORTE","date_source":"2026-10-03","amenity":"marketplace","opening_hours":null,"nom_fr":null,"nom_en":null,"osm_type":"way","date_maj_objet":"2013-04-22","doublon_interne_suspect":null},"geometry":{"type":"Point","coordinates":[11.478266,3.862728]}},
{"type":"Feature","properties":{"tg_type":"ECO.MARCHE","nom":"Marché d'Ekounou","source_id":"way/192866062","source":"OSM_OSMFR_2026-10-03","statut":"IMPORTE","date_source":"2026-10-03","amenity":"marketplace","opening_hours":null,"nom_fr":null,"nom_en":null,"osm_type":"way","date_maj_objet":"2024-01-29","doublon_interne_suspect":null},"geometry":{"type":"Point","coordinates":[11.541586,3.845026]}},
{"type":"Feature","properties":{"tg_type":"ECO.MARCHE","nom":"","source_id":"way/198522361","source":"OSM_OSMFR_2026-10-03","statut":"IMPORTE","date_source":"2026-10-03","amenity":"marketplace","opening_hours":null,"nom_fr":null,"nom_en":null,"osm_type":"way","date_maj_objet":"2020-01-14","doublon_interne_suspect":null},"geometry":{"type":"Point","coordinates":[11.530621,3.889958]}},
{"type":"Feature","properties":{"tg_type":"ECO.MARCHE","nom":"Marché d'Essos","source_id":"way/198684142","source":"OSM_OSMFR_2026-10-03","statut":"IMPORTE","date_source":"2026-10-03","amenity":"marketplace","opening_hours":null,"nom_fr":null,"nom_en":null,"osm_type":"way","date_maj_objet":"2020-05-18","doublon_interne_suspect":null},"geometry":{"type":"Point","coordinates":[11.542269,3.869679]}},
{"type":"Feature","properties":{"tg_type":"ECO.MARCHE","nom":"Marché Central","source_id":"way/203192242","source":"OSM_OSMFR_2026-10-03","statut":"IMPORTE","date_source":"2026-10-03","amenity":"marketplace","opening_hours":null,"nom_fr":null,"nom_en":"Central Market","osm_type":"way","date_maj_objet":"2019-11-01","doublon_interne_suspect":null},"geometry":{"type":"Point","coordinates":[14.330968,10.604083]}},
{"type":"Feature","properties":{"tg_type":"ECO.MARCHE","nom":"Marché Abatoir","source_id":"way/203192401","source":"OSM_OSMFR_2026-10-03","statut":"IMPORTE","date_source":"2026-10-03","amenity":"marketplace","opening_hours":null,"nom_fr":null,"nom_en":null,"osm_type":"way","date_maj_objet":"2016-05-13","doublon_interne_suspect":null},"geometry":{"type":"Point","coordinates":[14.330358,10.606674]}},
{"type":"Feature","properties":{"tg_type":"ECO.MARCHE","nom":"Marché Mvog-Betsi","source_id":"way/207490870","source":"OSM_OSMFR_2026-10-03","statut":"IMPORTE","date_source":"2026-10-03","amenity":"marketplace","opening_hours":null,"nom_fr":null,"nom_en":null,"osm_type":"way","date_maj_objet":"2013-09-05","doublon_interne_suspect":"node/11422740207"},"geometry":{"type":"Point","coordinates":[11.486424,3.866223]}},
{"type":"Feature","properties":{"tg_type":"ECO.MARCHE","nom":"Marché","source_id":"way/209563533","source":"OSM_OSMFR_2026-10-03","statut":"IMPORTE","date_source":"2026-10-03","amenity":"marketplace","opening_hours":null,"nom_fr":null,"nom_en":null,"osm_type":"way","date_maj_objet":"2015-11-01","doublon_interne_suspect":null},"geometry":{"type":"Point","coordinates":[10.332717,5.389812]}},
{"type":"Feature","properties":{"tg_type":"ECO.MARCHE","nom":"","source_id":"way/212290338","source":"OSM_OSMFR_2026-10-03","statut":"IMPORTE","date_source":"2026-10-03","amenity":"marketplace","opening_hours":null,"nom_fr":null,"nom_en":null,"osm_type":"way","date_maj_objet":"2013-03-25","doublon_interne_suspect":null},"geometry":{"type":"Point","coordinates":[10.368208,5.333571]}},
{"type":"Feature","properties":{"tg_type":"ECO.MARCHE","nom":"Foire de Tsinga","source_id":"way/218539491","source":"OSM_OSMFR_2026-10-03","statut":"IMPORTE","date_source":"2026-10-03","amenity":"marketplace","opening_hours":null,"nom_fr":null,"nom_en":null,"osm_type":"way","date_maj_objet":"2023-05-29","doublon_interne_suspect":null},"geometry":{"type":"Point","coordinates":[11.498513,3.895717]}},
{"type":"Feature","properties":{"tg_type":"ECO.MARCHE","nom":"Grand Marché de Biyem-Assi","source_id":"way/218539492","source":"OSM_OSMFR_2026-10-03","statut":"IMPORTE","date_source":"2026-10-03","amenity":"marketplace","opening_hours":null,"nom_fr":null,"nom_en":null,"osm_type":"way","date_maj_objet":"2015-12-08","doublon_interne_suspect":null},"geometry":{"type":"Point","coordinates":[11.486431,3.835693]}},
{"type":"Feature","properties":{"tg_type":"ECO.MARCHE","nom":"Grand Marché de Biyem-Assi","source_id":"way/218539493","source":"OSM_OSMFR_2026-10-03","statut":"IMPORTE","date_source":"2026-10-03","amenity":"marketplace","opening_hours":null,"nom_fr":null,"nom_en":null,"osm_type":"way","date_maj_objet":"2023-12-20","doublon_interne_suspect":null},"geometry":{"type":"Point","coordinates":[11.488712,3.842006]}},
{"type":"Feature","properties":{"tg_type":"ECO.MARCHE","nom":"","source_id":"way/218539497","source":"OSM_OSMFR_2026-10-03","statut":"IMPORTE","date_source":"2026-10-03","amenity":"marketplace","opening_hours":null,"nom_fr":null,"nom_en":null,"osm_type":"way","date_maj_objet":"2024-07-01","doublon_interne_suspect":null},"geometry":{"type":"Point","coordinates":[11.47118,3.836083]}},
{"type":"Feature","properties":{"tg_type":"ECO.MARCHE","nom":"Marché Nsam","source_id":"way/218539498","source":"OSM_OSMFR_2026-10-03","statut":"IMPORTE","date_source":"2026-10-03","amenity":"marketplace","opening_hours":null,"nom_fr":null,"nom_en":null,"osm_type":"way","date_maj_objet":"2026-04-25","doublon_interne_suspect":null},"geometry":{"type":"Point","coordinates":[11.510168,3.8292]}},
{"type":"Feature","properties":{"tg_type":"ECO.MARCHE","nom":"Marché Central","source_id":"way/218539499","source":"OSM_OSMFR_2026-10-03","statut":"IMPORTE","date_source":"2026-10-03","amenity":"marketplace","opening_hours":null,"nom_fr":null,"nom_en":null,"osm_type":"way","date_maj_objet":"2026-03-17","doublon_interne_suspect":null},"geometry":{"type":"Point","coordinates":[11.517898,3.866126]}},
{"type":"Feature","properties":{"tg_type":"ECO.MARCHE","nom":"Marché Mokolo","source_id":"way/218539502","source":"OSM_OSMFR_2026-10-03","statut":"IMPORTE","date_source":"2026-10-03","amenity":"marketplace","opening_hours":"Mo-Su 08:00-18:00; We off","nom_fr":null,"nom_en":null,"osm_type":"way","date_maj_objet":"2025-09-24","doublon_interne_suspect":null},"geometry":{"type":"Point","coordinates":[11.500923,3.874651]}},
{"type":"Feature","properties":{"tg_type":"ECO.MARCHE","nom":"Marché aux Bestiaux","source_id":"way/218539503","source":"OSM_OSMFR_2026-10-03","statut":"IMPORTE","date_source":"2026-10-03","amenity":"marketplace","opening_hours":"Mo-Sa 07:00-18:00","nom_fr":null,"nom_en":null,"osm_type":"way","date_maj_objet":"2021-05-31","doublon_interne_suspect":null},"geometry":{"type":"Point","coordinates":[11.494177,3.887302]}},
{"type":"Feature","properties":{"tg_type":"ECO.MARCHE","nom":"Marché de Bois","source_id":"way/218539504","source":"OSM_OSMFR_2026-10-03","statut":"IMPORTE","date_source":"2026-10-03","amenity":"marketplace","opening_hours":null,"nom_fr":null,"nom_en":null,"osm_type":"way","date_maj_objet":"2020-05-19","doublon_interne_suspect":null},"geometry":{"type":"Point","coordinates":[11.544332,3.824445]}},
{"type":"Feature","properties":{"tg_type":"ECO.MARCHE","nom":"Marché de Sable et Gravier","source_id":"way/218539506","source":"OSM_OSMFR_2026-10-03","statut":"IMPORTE","date_source":"2026-10-03","amenity":"marketplace","opening_hours":null,"nom_fr":null,"nom_en":null,"osm_type":"way","date_maj_objet":"2013-04-22","doublon_interne_suspect":null},"geometry":{"type":"Point","coordinates":[11.541337,3.835351]}},
{"type":"Feature","properties":{"tg_type":"ECO.MARCHE","nom":"Marché du 8ème","source_id":"way/218539507","source":"OSM_OSMFR_2026-10-03","statut":"IMPORTE","date_source":"2026-10-03","amenity":"marketplace","opening_hours":"Mo-Sa 07:00-18:00","nom_fr":null,"nom_en":null,"osm_type":"way","date_maj_objet":"2017-10-20","doublon_interne_suspect":null},"geometry":{"type":"Point","coordinates":[11.497066,3.889034]}},
{"type":"Feature","properties":{"tg_type":"ECO.MARCHE","nom":"Marché Étoudi","source_id":"way/218539508","source":"OSM_OSMFR_2026-10-03","statut":"IMPORTE","date_source":"2026-10-03","amenity":"marketplace","opening_hours":null,"nom_fr":null,"nom_en":null,"osm_type":"way","date_maj_objet":"2022-05-20","doublon_interne_suspect":null},"geometry":{"type":"Point","coordinates":[11.525399,3.915001]}},
{"type":"Feature","properties":{"tg_type":"ECO.MARCHE","nom":"Marché de Banefo","source_id":"way/222431556","source":"OSM_OSMFR_2026-10-03","statut":"IMPORTE","date_source":"2026-10-03","amenity":"marketplace","opening_hours":null,"nom_fr":null,"nom_en":null,"osm_type":"way","date_maj_objet":"2016-06-14","doublon_interne_suspect":null},"geometry":{"type":"Point","coordinates":[10.50059,5.484729]}},
{"type":"Feature","properties":{"tg_type":"ECO.MARCHE","nom":"","source_id":"way/223975747","source":"OSM_OSMFR_2026-10-03","statut":"IMPORTE","date_source":"2026-10-03","amenity":"marketplace","opening_hours":null,"nom_fr":null,"nom_en":null,"osm_type":"way","date_maj_objet":"2022-04-05","doublon_interne_suspect":null},"geometry":{"type":"Point","coordinates":[11.522115,3.863371]}},
{"type":"Feature","properties":{"tg_type":"ECO.MARCHE","nom":"Marché Mfoundi A","source_id":"way/223994350","source":"OSM_OSMFR_2026-10-03","statut":"IMPORTE","date_source":"2026-10-03","amenity":"marketplace","opening_hours":null,"nom_fr":null,"nom_en":null,"osm_type":"way","date_maj_objet":"2016-11-20","doublon_interne_suspect":null},"geometry":{"type":"Point","coordinates":[11.52311,3.864388]}},
{"type":"Feature","properties":{"tg_type":"ECO.MARCHE","nom":"Marché A","source_id":"way/225550837","source":"OSM_OSMFR_2026-10-03","statut":"IMPORTE","date_source":"2026-10-03","amenity":"marketplace","opening_hours":null,"nom_fr":null,"nom_en":null,"osm_type":"way","date_maj_objet":"2019-04-08","doublon_interne_suspect":null},"geometry":{"type":"Point","coordinates":[10.054798,5.444812]}},
{"type":"Feature","properties":{"tg_type":"ECO.MARCHE","nom":"Marché B","source_id":"way/225550839","source":"OSM_OSMFR_2026-10-03","statut":"IMPORTE","date_source":"2026-10-03","amenity":"marketplace","opening_hours":null,"nom_fr":null,"nom_en":null,"osm_type":"way","date_maj_objet":"2019-04-08","doublon_interne_suspect":null},"geometry":{"type":"Point","coordinates":[10.05691,5.443238]}},
{"type":"Feature","properties":{"tg_type":"ECO.MARCHE","nom":"Marché de Poisson et du bétail","source_id":"way/226728666","source":"OSM_OSMFR_2026-10-03","statut":"IMPORTE","date_source":"2026-10-03","amenity":"marketplace","opening_hours":null,"nom_fr":null,"nom_en":null,"osm_type":"way","date_maj_objet":"2019-11-27","doublon_interne_suspect":null},"geometry":{"type":"Point","coordinates":[13.403231,9.298001]}},
{"type":"Feature","properties":{"tg_type":"ECO.MARCHE","nom":"Grand-Marché","source_id":"way/226752544","source":"OSM_OSMFR_2026-10-03","statut":"IMPORTE","date_source":"2026-10-03","amenity":"marketplace","opening_hours":null,"nom_fr":"Grand-Marché","nom_en":null,"osm_type":"way","date_maj_objet":"2021-03-18","doublon_interne_suspect":null},"geometry":{"type":"Point","coordinates":[13.397988,9.308951]}},
{"type":"Feature","properties":{"tg_type":"ECO.MARCHE","nom":"Petit-Marché de yelwa","source_id":"way/227130458","source":"OSM_OSMFR_2026-10-03","statut":"IMPORTE","date_source":"2026-10-03","amenity":"marketplace","opening_hours":null,"nom_fr":null,"nom_en":null,"osm_type":"way","date_maj_objet":"2019-09-04","doublon_interne_suspect":null},"geometry":{"type":"Point","coordinates":[13.389558,9.298337]}},
{"type":"Feature","properties":{"tg_type":"ECO.MARCHE","nom":"Marché New Deïdo","source_id":"way/230089937","source":"OSM_OSMFR_2026-10-03","statut":"IMPORTE","date_source":"2026-10-03","amenity":"marketplace","opening_hours":null,"nom_fr":null,"nom_en":null,"osm_type":"way","date_maj_objet":"2016-11-20","doublon_interne_suspect":null},"geometry":{"type":"Point","coordinates":[9.715663,4.057112]}},
{"type":"Feature","properties":{"tg_type":"ECO.MARCHE","nom":"Marché Central de Douala","source_id":"way/230105347","source":"OSM_OSMFR_2026-10-03","statut":"IMPORTE","date_source":"2026-10-03","amenity":"marketplace","opening_hours":null,"nom_fr":null,"nom_en":null,"osm_type":"way","date_maj_objet":"2016-11-20","doublon_interne_suspect":null},"geometry":{"type":"Point","coordinates":[9.704989,4.036024]}},
{"type":"Feature","properties":{"tg_type":"ECO.MARCHE","nom":"Marché Nkololoun","source_id":"way/230105349","source":"OSM_OSMFR_2026-10-03","statut":"IMPORTE","date_source":"2026-10-03","amenity":"marketplace","opening_hours":null,"nom_fr":null,"nom_en":null,"osm_type":"way","date_maj_objet":"2016-11-20","doublon_interne_suspect":null},"geometry":{"type":"Point","coordinates":[9.71187,4.036469]}},
{"type":"Feature","properties":{"tg_type":"ECO.MARCHE","nom":"","source_id":"way/230842268","source":"OSM_OSMFR_2026-10-03","statut":"IMPORTE","date_source":"2026-10-03","amenity":"marketplace","opening_hours":null,"nom_fr":null,"nom_en":null,"osm_type":"way","date_maj_objet":"2025-05-04","doublon_interne_suspect":null},"geometry":{"type":"Point","coordinates":[10.017641,2.708057]}},
{"type":"Feature","properties":{"tg_type":"ECO.MARCHE","nom":"Marché","source_id":"way/231100109","source":"OSM_OSMFR_2026-10-03","statut":"IMPORTE","date_source":"2026-10-03","amenity":"marketplace","opening_hours":null,"nom_fr":null,"nom_en":null,"osm_type":"way","date_maj_objet":"2013-07-24","doublon_interne_suspect":null},"geometry":{"type":"Point","coordinates":[10.321197,5.600661]}},
{"type":"Feature","properties":{"tg_type":"ECO.MARCHE","nom":"Marché de Nkuitso'o","source_id":"way/231100110","source":"OSM_OSMFR_2026-10-03","statut":"IMPORTE","date_source":"2026-10-03","amenity":"marketplace","opening_hours":null,"nom_fr":null,"nom_en":null,"osm_type":"way","date_maj_objet":"2013-07-24","doublon_interne_suspect":null},"geometry":{"type":"Point","coordinates":[10.336308,5.62091]}},
{"type":"Feature","properties":{"tg_type":"ECO.MARCHE","nom":"Marché Ongola","source_id":"way/236958171","source":"OSM_OSMFR_2026-10-03","statut":"IMPORTE","date_source":"2026-10-03","amenity":"marketplace","opening_hours":null,"nom_fr":"Marché Ongola","nom_en":"Ongola Market","osm_type":"way","date_maj_objet":"2021-09-29","doublon_interne_suspect":"node/12870193330"},"geometry":{"type":"Point","coordinates":[11.51838,3.868424]}},
{"type":"Feature","properties":{"tg_type":"ECO.MARCHE","nom":"Marché aux Fruits et Légumes","source_id":"way/236959045","source":"OSM_OSMFR_2026-10-03","statut":"IMPORTE","date_source":"2026-10-03","amenity":"marketplace","opening_hours":null,"nom_fr":null,"nom_en":null,"osm_type":"way","date_maj_objet":"2013-09-07","doublon_interne_suspect":null},"geometry":{"type":"Point","coordinates":[11.519053,3.869686]}},
{"type":"Feature","properties":{"tg_type":"ECO.MARCHE","nom":"Marché Bangou Carrefour","source_id":"way/243107430","source":"OSM_OSMFR_2026-10-03","statut":"IMPORTE","date_source":"2026-10-03","amenity":"marketplace","opening_hours":null,"nom_fr":null,"nom_en":null,"osm_type":"way","date_maj_objet":"2019-12-26","doublon_interne_suspect":null},"geometry":{"type":"Point","coordinates":[10.385653,5.178872]}},
{"type":"Feature","properties":{"tg_type":"ECO.MARCHE","nom":"","source_id":"way/252541853","source":"OSM_OSMFR_2026-10-03","statut":"IMPORTE","date_source":"2026-10-03","amenity":"marketplace","opening_hours":null,"nom_fr":null,"nom_en":null,"osm_type":"way","date_maj_objet":"2022-06-28","doublon_interne_suspect":null},"geometry":{"type":"Point","coordinates":[9.829597,2.377008]}},
{"type":"Feature","properties":{"tg_type":"ECO.MARCHE","nom":"Somie Market","source_id":"way/254315312","source":"OSM_OSMFR_2026-10-03","statut":"IMPORTE","date_source":"2026-10-03","amenity":"marketplace","opening_hours":null,"nom_fr":null,"nom_en":null,"osm_type":"way","date_maj_objet":"2016-11-20","doublon_interne_suspect":null},"geometry":{"type":"Point","coordinates":[11.43454,6.45727]}},
{"type":"Feature","properties":{"tg_type":"ECO.MARCHE","nom":"Marché d'Akono","source_id":"way/260622671","source":"OSM_OSMFR_2026-10-03","statut":"IMPORTE","date_source":"2026-10-03","amenity":"marketplace","opening_hours":null,"nom_fr":null,"nom_en":null,"osm_type":"way","date_maj_objet":"2014-02-09","doublon_interne_suspect":null},"geometry":{"type":"Point","coordinates":[11.330154,3.500299]}},
{"type":"Feature","properties":{"tg_type":"ECO.MARCHE","nom":"Marché","source_id":"way/261627771","source":"OSM_OSMFR_2026-10-03","statut":"IMPORTE","date_source":"2026-10-03","amenity":"marketplace","opening_hours":null,"nom_fr":null,"nom_en":null,"osm_type":"way","date_maj_objet":"2016-11-20","doublon_interne_suspect":null},"geometry":{"type":"Point","coordinates":[15.206041,7.108034]}},
{"type":"Feature","properties":{"tg_type":"ECO.MARCHE","nom":"Grand Marché","source_id":"way/267812313","source":"OSM_OSMFR_2026-10-03","statut":"IMPORTE","date_source":"2026-10-03","amenity":"marketplace","opening_hours":null,"nom_fr":null,"nom_en":null,"osm_type":"way","date_maj_objet":"2017-12-15","doublon_interne_suspect":null},"geometry":{"type":"Point","coordinates":[13.803241,10.741903]}},
{"type":"Feature","properties":{"tg_type":"ECO.MARCHE","nom":"Marché d'Ombessa","source_id":"way/268587851","source":"OSM_OSMFR_2026-10-03","statut":"IMPORTE","date_source":"2026-10-03","amenity":"marketplace","opening_hours":null,"nom_fr":null,"nom_en":null,"osm_type":"way","date_maj_objet":"2015-05-21","doublon_interne_suspect":null},"geometry":{"type":"Point","coordinates":[11.255702,4.603301]}},
{"type":"Feature","properties":{"tg_type":"ECO.MARCHE","nom":"marché de Newtown","source_id":"way/272013162","source":"OSM_OSMFR_2026-10-03","statut":"IMPORTE","date_source":"2026-10-03","amenity":"marketplace","opening_hours":null,"nom_fr":null,"nom_en":null,"osm_type":"way","date_maj_objet":"2026-05-05","doublon_interne_suspect":null},"geometry":{"type":"Point","coordinates":[11.51178,3.520255]}},
{"type":"Feature","properties":{"tg_type":"ECO.MARCHE","nom":"marché à bétail de Maroua","source_id":"way/273385539","source":"OSM_OSMFR_2026-10-03","statut":"IMPORTE","date_source":"2026-10-03","amenity":"marketplace","opening_hours":null,"nom_fr":null,"nom_en":null,"osm_type":"way","date_maj_objet":"2016-05-10","doublon_interne_suspect":null},"geometry":{"type":"Point","coordinates":[14.321768,10.585962]}},
{"type":"Feature","properties":{"tg_type":"ECO.MARCHE","nom":"Limbe's Marketplace","source_id":"way/273583888","source":"OSM_OSMFR_2026-10-03","statut":"IMPORTE","date_source":"2026-10-03","amenity":"marketplace","opening_hours":null,"nom_fr":null,"nom_en":null,"osm_type":"way","date_maj_objet":"2021-03-15","doublon_interne_suspect":null},"geometry":{"type":"Point","coordinates":[9.210277,4.013483]}},
{"type":"Feature","properties":{"tg_type":"ECO.MARCHE","nom":"Marché d'épices","source_id":"way/282239939","source":"OSM_OSMFR_2026-10-03","statut":"IMPORTE","date_source":"2026-10-03","amenity":"marketplace","opening_hours":null,"nom_fr":null,"nom_en":null,"osm_type":"way","date_maj_objet":"2025-10-06","doublon_interne_suspect":null},"geometry":{"type":"Point","coordinates":[11.439814,4.363169]}},
{"type":"Feature","properties":{"tg_type":"ECO.MARCHE","nom":"","source_id":"way/294326820","source":"OSM_OSMFR_2026-10-03","statut":"IMPORTE","date_source":"2026-10-03","amenity":"marketplace","opening_hours":null,"nom_fr":null,"nom_en":null,"osm_type":"way","date_maj_objet":"2025-07-31","doublon_interne_suspect":null},"geometry":{"type":"Point","coordinates":[11.63996,3.719239]}},
{"type":"Feature","properties":{"tg_type":"ECO.MARCHE","nom":"","source_id":"way/295974950","source":"OSM_OSMFR_2026-10-03","statut":"IMPORTE","date_source":"2026-10-03","amenity":"marketplace","opening_hours":null,"nom_fr":null,"nom_en":null,"osm_type":"way","date_maj_objet":"2014-08-05","doublon_interne_suspect":null},"geometry":{"type":"Point","coordinates":[11.593635,3.975729]}},
{"type":"Feature","properties":{"tg_type":"ECO.MARCHE","nom":"Marché aux Fruits","source_id":"way/298281729","source":"OSM_OSMFR_2026-10-03","statut":"IMPORTE","date_source":"2026-10-03","amenity":"marketplace","opening_hours":null,"nom_fr":null,"nom_en":null,"osm_type":"way","date_maj_objet":"2014-11-21","doublon_interne_suspect":null},"geometry":{"type":"Point","coordinates":[10.536995,5.152963]}},
{"type":"Feature","properties":{"tg_type":"ECO.MARCHE","nom":"Marché","source_id":"way/300996120","source":"OSM_OSMFR_2026-10-03","statut":"IMPORTE","date_source":"2026-10-03","amenity":"marketplace","opening_hours":null,"nom_fr":null,"nom_en":null,"osm_type":"way","date_maj_objet":"2014-10-07","doublon_interne_suspect":null},"geometry":{"type":"Point","coordinates":[14.320873,6.379465]}},
{"type":"Feature","properties":{"tg_type":"ECO.MARCHE","nom":"","source_id":"way/303167259","source":"OSM_OSMFR_2026-10-03","statut":"IMPORTE","date_source":"2026-10-03","amenity":"marketplace","opening_hours":null,"nom_fr":null,"nom_en":null,"osm_type":"way","date_maj_objet":"2024-06-24","doublon_interne_suspect":null},"geometry":{"type":"Point","coordinates":[9.664555,4.070373]}},
{"type":"Feature","properties":{"tg_type":"ECO.MARCHE","nom":"Marché de Kousséri","source_id":"way/303542294","source":"OSM_OSMFR_2026-10-03","statut":"IMPORTE","date_source":"2026-10-03","amenity":"marketplace","opening_hours":null,"nom_fr":null,"nom_en":null,"osm_type":"way","date_maj_objet":"2021-09-01","doublon_interne_suspect":null},"geometry":{"type":"Point","coordinates":[15.024968,12.083843]}},
{"type":"Feature","properties":{"tg_type":"ECO.MARCHE","nom":"Marche deTakasko","source_id":"way/307484462","source":"OSM_OSMFR_2026-10-03","statut":"IMPORTE","date_source":"2026-10-03","amenity":"marketplace","opening_hours":null,"nom_fr":null,"nom_en":null,"osm_type":"way","date_maj_objet":"2014-10-12","doublon_interne_suspect":null},"geometry":{"type":"Point","coordinates":[13.417327,9.353405]}},
{"type":"Feature","properties":{"tg_type":"ECO.MARCHE","nom":"Mbon Market","source_id":"way/309167327","source":"OSM_OSMFR_2026-10-03","statut":"IMPORTE","date_source":"2026-10-03","amenity":"marketplace","opening_hours":null,"nom_fr":null,"nom_en":null,"osm_type":"way","date_maj_objet":"2016-11-20","doublon_interne_suspect":null},"geometry":{"type":"Point","coordinates":[10.013938,5.99828]}},
{"type":"Feature","properties":{"tg_type":"ECO.MARCHE","nom":"Marché Central","source_id":"way/311232030","source":"OSM_OSMFR_2026-10-03","statut":"IMPORTE","date_source":"2026-10-03","amenity":"marketplace","opening_hours":null,"nom_fr":null,"nom_en":null,"osm_type":"way","date_maj_objet":"2016-11-20","doublon_interne_suspect":null},"geometry":{"type":"Point","coordinates":[9.914038,2.940563]}},
{"type":"Feature","properties":{"tg_type":"ECO.MARCHE","nom":"Marché Nkolbiteng","source_id":"way/311232031","source":"OSM_OSMFR_2026-10-03","statut":"IMPORTE","date_source":"2026-10-03","amenity":"marketplace","opening_hours":null,"nom_fr":null,"nom_en":null,"osm_type":"way","date_maj_objet":"2021-04-02","doublon_interne_suspect":null},"geometry":{"type":"Point","coordinates":[9.914101,2.949577]}},
{"type":"Feature","properties":{"tg_type":"ECO.MARCHE","nom":"Marché","source_id":"way/311248218","source":"OSM_OSMFR_2026-10-03","statut":"IMPORTE","date_source":"2026-10-03","amenity":"marketplace","opening_hours":null,"nom_fr":null,"nom_en":null,"osm_type":"way","date_maj_objet":"2016-11-20","doublon_interne_suspect":null},"geometry":{"type":"Point","coordinates":[10.260803,5.624498]}},
{"type":"Feature","properties":{"tg_type":"ECO.MARCHE","nom":"","source_id":"way/311256223","source":"OSM_OSMFR_2026-10-03","statut":"IMPORTE","date_source":"2026-10-03","amenity":"marketplace","opening_hours":null,"nom_fr":null,"nom_en":null,"osm_type":"way","date_maj_objet":"2021-01-13","doublon_interne_suspect":null},"geometry":{"type":"Point","coordinates":[10.169463,5.153932]}},
{"type":"Feature","properties":{"tg_type":"ECO.MARCHE","nom":"Marché","source_id":"way/313534985","source":"OSM_OSMFR_2026-10-03","statut":"IMPORTE","date_source":"2026-10-03","amenity":"marketplace","opening_hours":null,"nom_fr":null,"nom_en":null,"osm_type":"way","date_maj_objet":"2024-01-26","doublon_interne_suspect":null},"geometry":{"type":"Point","coordinates":[11.437887,2.32716]}},
{"type":"Feature","properties":{"tg_type":"ECO.MARCHE","nom":"Marché Mamfé","source_id":"way/313798046","source":"OSM_OSMFR_2026-10-03","statut":"IMPORTE","date_source":"2026-10-03","amenity":"marketplace","opening_hours":null,"nom_fr":"Marché Mamfé","nom_en":null,"osm_type":"way","date_maj_objet":"2021-04-04","doublon_interne_suspect":null},"geometry":{"type":"Point","coordinates":[9.310835,5.757683]}},
{"type":"Feature","properties":{"tg_type":"ECO.MARCHE","nom":"Marché Ndoumbi","source_id":"way/314117825","source":"OSM_OSMFR_2026-10-03","statut":"IMPORTE","date_source":"2026-10-03","amenity":"marketplace","opening_hours":null,"nom_fr":null,"nom_en":null,"osm_type":"way","date_maj_objet":"2016-11-20","doublon_interne_suspect":null},"geometry":{"type":"Point","coordinates":[13.687001,4.574322]}},
{"type":"Feature","properties":{"tg_type":"ECO.MARCHE","nom":"Marché de buéa","source_id":"way/316018475","source":"OSM_OSMFR_2026-10-03","statut":"IMPORTE","date_source":"2026-10-03","amenity":"marketplace","opening_hours":null,"nom_fr":null,"nom_en":"Buea Market","osm_type":"way","date_maj_objet":"2017-07-23","doublon_interne_suspect":null},"geometry":{"type":"Point","coordinates":[9.279786,4.171118]}},
{"type":"Feature","properties":{"tg_type":"ECO.MARCHE","nom":"","source_id":"way/316960578","source":"OSM_OSMFR_2026-10-03","statut":"IMPORTE","date_source":"2026-10-03","amenity":"marketplace","opening_hours":null,"nom_fr":null,"nom_en":null,"osm_type":"way","date_maj_objet":"2014-12-12","doublon_interne_suspect":null},"geometry":{"type":"Point","coordinates":[14.350265,6.691298]}},
{"type":"Feature","properties":{"tg_type":"ECO.MARCHE","nom":"Marché Casablanca","source_id":"way/317354502","source":"OSM_OSMFR_2026-10-03","statut":"IMPORTE","date_source":"2026-10-03","amenity":"marketplace","opening_hours":null,"nom_fr":null,"nom_en":null,"osm_type":"way","date_maj_objet":"2015-11-01","doublon_interne_suspect":null},"geometry":{"type":"Point","coordinates":[10.398372,5.492361]}},
{"type":"Feature","properties":{"tg_type":"ECO.MARCHE","nom":"Marché","source_id":"way/317906005","source":"OSM_OSMFR_2026-10-03","statut":"IMPORTE","date_source":"2026-10-03","amenity":"marketplace","opening_hours":null,"nom_fr":null,"nom_en":null,"osm_type":"way","date_maj_objet":"2015-11-04","doublon_interne_suspect":null},"geometry":{"type":"Point","coordinates":[10.903875,5.731632]}},
{"type":"Feature","properties":{"tg_type":"ECO.MARCHE","nom":"Marché","source_id":"way/320704732","source":"OSM_OSMFR_2026-10-03","statut":"IMPORTE","date_source":"2026-10-03","amenity":"marketplace","opening_hours":null,"nom_fr":null,"nom_en":"Guzang Market","osm_type":"way","date_maj_objet":"2021-03-10","doublon_interne_suspect":null},"geometry":{"type":"Point","coordinates":[9.92247,5.833103]}},
{"type":"Feature","properties":{"tg_type":"ECO.MARCHE","nom":"Market","source_id":"way/322013057","source":"OSM_OSMFR_2026-10-03","statut":"IMPORTE","date_source":"2026-10-03","amenity":"marketplace","opening_hours":null,"nom_fr":"Marché","nom_en":null,"osm_type":"way","date_maj_objet":"2016-11-20","doublon_interne_suspect":null},"geometry":{"type":"Point","coordinates":[10.342865,6.175927]}},
{"type":"Feature","properties":{"tg_type":"ECO.MARCHE","nom":"Centre Commercial","source_id":"way/326088600","source":"OSM_OSMFR_2026-10-03","statut":"IMPORTE","date_source":"2026-10-03","amenity":"marketplace","opening_hours":null,"nom_fr":null,"nom_en":null,"osm_type":"way","date_maj_objet":"2016-11-20","doublon_interne_suspect":null},"geometry":{"type":"Point","coordinates":[11.22533,4.742538]}},
{"type":"Feature","properties":{"tg_type":"ECO.MARCHE","nom":"Marché","source_id":"way/329870666","source":"OSM_OSMFR_2026-10-03","statut":"IMPORTE","date_source":"2026-10-03","amenity":"marketplace","opening_hours":null,"nom_fr":null,"nom_en":null,"osm_type":"way","date_maj_objet":"2022-05-19","doublon_interne_suspect":null},"geometry":{"type":"Point","coordinates":[12.63039,6.46543]}},
{"type":"Feature","properties":{"tg_type":"ECO.MARCHE","nom":"Marché Principal","source_id":"way/330827465","source":"OSM_OSMFR_2026-10-03","statut":"IMPORTE","date_source":"2026-10-03","amenity":"marketplace","opening_hours":null,"nom_fr":null,"nom_en":null,"osm_type":"way","date_maj_objet":"2019-12-26","doublon_interne_suspect":null},"geometry":{"type":"Point","coordinates":[10.020529,5.159176]}},
{"type":"Feature","properties":{"tg_type":"ECO.MARCHE","nom":"Marché du Jeudi","source_id":"way/331980398","source":"OSM_OSMFR_2026-10-03","statut":"IMPORTE","date_source":"2026-10-03","amenity":"marketplace","opening_hours":null,"nom_fr":null,"nom_en":null,"osm_type":"way","date_maj_objet":"2017-02-20","doublon_interne_suspect":null},"geometry":{"type":"Point","coordinates":[11.231417,4.754607]}},
{"type":"Feature","properties":{"tg_type":"ECO.MARCHE","nom":"Marché Djoumba","source_id":"way/332172692","source":"OSM_OSMFR_2026-10-03","statut":"IMPORTE","date_source":"2026-10-03","amenity":"marketplace","opening_hours":null,"nom_fr":null,"nom_en":null,"osm_type":"way","date_maj_objet":"2015-03-27","doublon_interne_suspect":null},"geometry":{"type":"Point","coordinates":[11.223757,4.732189]}},
{"type":"Feature","properties":{"tg_type":"ECO.MARCHE","nom":"Ets Clement","source_id":"way/334838827","source":"OSM_OSMFR_2026-10-03","statut":"IMPORTE","date_source":"2026-10-03","amenity":"marketplace","opening_hours":null,"nom_fr":null,"nom_en":null,"osm_type":"way","date_maj_objet":"2015-03-26","doublon_interne_suspect":null},"geometry":{"type":"Point","coordinates":[13.405385,3.566313]}},
{"type":"Feature","properties":{"tg_type":"ECO.MARCHE","nom":"Marche Periodique","source_id":"way/334875181","source":"OSM_OSMFR_2026-10-03","statut":"IMPORTE","date_source":"2026-10-03","amenity":"marketplace","opening_hours":null,"nom_fr":null,"nom_en":null,"osm_type":"way","date_maj_objet":"2015-03-26","doublon_interne_suspect":null},"geometry":{"type":"Point","coordinates":[13.40527,3.561156]}},
{"type":"Feature","properties":{"tg_type":"ECO.MARCHE","nom":"","source_id":"way/335380660","source":"OSM_OSMFR_2026-10-03","statut":"IMPORTE","date_source":"2026-10-03","amenity":"marketplace","opening_hours":null,"nom_fr":null,"nom_en":null,"osm_type":"way","date_maj_objet":"2015-03-29","doublon_interne_suspect":null},"geometry":{"type":"Point","coordinates":[9.746312,4.015549]}},
{"type":"Feature","properties":{"tg_type":"ECO.MARCHE","nom":"Market","source_id":"way/336646655","source":"OSM_OSMFR_2026-10-03","statut":"IMPORTE","date_source":"2026-10-03","amenity":"marketplace","opening_hours":null,"nom_fr":"Marché","nom_en":null,"osm_type":"way","date_maj_objet":"2026-05-14","doublon_interne_suspect":null},"geometry":{"type":"Point","coordinates":[8.90678,4.968781]}},
{"type":"Feature","properties":{"tg_type":"ECO.MARCHE","nom":"Market","source_id":"way/336892777","source":"OSM_OSMFR_2026-10-03","statut":"IMPORTE","date_source":"2026-10-03","amenity":"marketplace","opening_hours":null,"nom_fr":"Marché","nom_en":null,"osm_type":"way","date_maj_objet":"2023-01-08","doublon_interne_suspect":null},"geometry":{"type":"Point","coordinates":[9.036127,4.600508]}},
{"type":"Feature","properties":{"tg_type":"ECO.MARCHE","nom":"Kumba Main Market","source_id":"way/336910686","source":"OSM_OSMFR_2026-10-03","statut":"IMPORTE","date_source":"2026-10-03","amenity":"marketplace","opening_hours":null,"nom_fr":"Marché Principal de Kumba","nom_en":null,"osm_type":"way","date_maj_objet":"2022-12-09","doublon_interne_suspect":null},"geometry":{"type":"Point","coordinates":[9.436788,4.633795]}},
{"type":"Feature","properties":{"tg_type":"ECO.MARCHE","nom":"Fiango Market","source_id":"way/336910687","source":"OSM_OSMFR_2026-10-03","statut":"IMPORTE","date_source":"2026-10-03","amenity":"marketplace","opening_hours":null,"nom_fr":"Marché Fiango","nom_en":null,"osm_type":"way","date_maj_objet":"2022-12-09","doublon_interne_suspect":null},"geometry":{"type":"Point","coordinates":[9.453757,4.640119]}},
{"type":"Feature","properties":{"tg_type":"ECO.MARCHE","nom":"Marché","source_id":"way/337775378","source":"OSM_OSMFR_2026-10-03","statut":"IMPORTE","date_source":"2026-10-03","amenity":"marketplace","opening_hours":null,"nom_fr":null,"nom_en":null,"osm_type":"way","date_maj_objet":"2015-04-10","doublon_interne_suspect":null},"geometry":{"type":"Point","coordinates":[9.157826,4.578492]}},
{"type":"Feature","properties":{"tg_type":"ECO.MARCHE","nom":"","source_id":"way/345689489","source":"OSM_OSMFR_2026-10-03","statut":"IMPORTE","date_source":"2026-10-03","amenity":"marketplace","opening_hours":null,"nom_fr":null,"nom_en":null,"osm_type":"way","date_maj_objet":"2015-05-17","doublon_interne_suspect":null},"geometry":{"type":"Point","coordinates":[15.04868,3.512691]}},
{"type":"Feature","properties":{"tg_type":"ECO.MARCHE","nom":"Marché des fruits","source_id":"way/346030075","source":"OSM_OSMFR_2026-10-03","statut":"IMPORTE","date_source":"2026-10-03","amenity":"marketplace","opening_hours":null,"nom_fr":null,"nom_en":null,"osm_type":"way","date_maj_objet":"2015-05-21","doublon_interne_suspect":null},"geometry":{"type":"Point","coordinates":[11.256695,4.601937]}},
{"type":"Feature","properties":{"tg_type":"ECO.MARCHE","nom":"Marché de Sa'a","source_id":"way/355724939","source":"OSM_OSMFR_2026-10-03","statut":"IMPORTE","date_source":"2026-10-03","amenity":"marketplace","opening_hours":null,"nom_fr":null,"nom_en":null,"osm_type":"way","date_maj_objet":"2020-08-01","doublon_interne_suspect":null},"geometry":{"type":"Point","coordinates":[11.439827,4.363181]}},
{"type":"Feature","properties":{"tg_type":"ECO.MARCHE","nom":"Marché du Mercredi/ Jeudi","source_id":"way/355763940","source":"OSM_OSMFR_2026-10-03","statut":"IMPORTE","date_source":"2026-10-03","amenity":"marketplace","opening_hours":null,"nom_fr":null,"nom_en":null,"osm_type":"way","date_maj_objet":"2015-06-23","doublon_interne_suspect":null},"geometry":{"type":"Point","coordinates":[11.438712,4.364285]}},
{"type":"Feature","properties":{"tg_type":"ECO.MARCHE","nom":"Marché Madagascar","source_id":"way/35968865","source":"OSM_OSMFR_2026-10-03","statut":"IMPORTE","date_source":"2026-10-03","amenity":"marketplace","opening_hours":"Mo-Su 07:00-17:30; We off","nom_fr":null,"nom_en":null,"osm_type":"way","date_maj_objet":"2020-02-12","doublon_interne_suspect":null},"geometry":{"type":"Point","coordinates":[11.492773,3.880387]}},
{"type":"Feature","properties":{"tg_type":"ECO.MARCHE","nom":"","source_id":"way/361264158","source":"OSM_OSMFR_2026-10-03","statut":"IMPORTE","date_source":"2026-10-03","amenity":"marketplace","opening_hours":null,"nom_fr":null,"nom_en":null,"osm_type":"way","date_maj_objet":"2025-04-16","doublon_interne_suspect":null},"geometry":{"type":"Point","coordinates":[10.767361,5.727221]}},
{"type":"Feature","properties":{"tg_type":"ECO.MARCHE","nom":"Small market","source_id":"way/365491914","source":"OSM_OSMFR_2026-10-03","statut":"IMPORTE","date_source":"2026-10-03","amenity":"marketplace","opening_hours":null,"nom_fr":null,"nom_en":null,"osm_type":"way","date_maj_objet":"2018-11-30","doublon_interne_suspect":null},"geometry":{"type":"Point","coordinates":[9.252532,4.1579]}},
{"type":"Feature","properties":{"tg_type":"ECO.MARCHE","nom":"Mve Kumbo Market","source_id":"way/366479399","source":"OSM_OSMFR_2026-10-03","statut":"IMPORTE","date_source":"2026-10-03","amenity":"marketplace","opening_hours":null,"nom_fr":"Marché de Mve Kumbo","nom_en":null,"osm_type":"way","date_maj_objet":"2026-03-17","doublon_interne_suspect":null},"geometry":{"type":"Point","coordinates":[10.682638,6.214175]}},
{"type":"Feature","properties":{"tg_type":"ECO.MARCHE","nom":"Marche de Bomono","source_id":"way/369080520","source":"OSM_OSMFR_2026-10-03","statut":"IMPORTE","date_source":"2026-10-03","amenity":"marketplace","opening_hours":null,"nom_fr":null,"nom_en":null,"osm_type":"way","date_maj_objet":"2015-09-04","doublon_interne_suspect":null},"geometry":{"type":"Point","coordinates":[9.597823,4.168579]}},
{"type":"Feature","properties":{"tg_type":"ECO.MARCHE","nom":"Marche de Dibombari-Centre","source_id":"way/369080798","source":"OSM_OSMFR_2026-10-03","statut":"IMPORTE","date_source":"2026-10-03","amenity":"marketplace","opening_hours":null,"nom_fr":null,"nom_en":null,"osm_type":"way","date_maj_objet":"2015-09-04","doublon_interne_suspect":null},"geometry":{"type":"Point","coordinates":[9.650251,4.177024]}},
{"type":"Feature","properties":{"tg_type":"ECO.MARCHE","nom":"Marche de Nkapa","source_id":"way/369080800","source":"OSM_OSMFR_2026-10-03","statut":"IMPORTE","date_source":"2026-10-03","amenity":"marketplace","opening_hours":null,"nom_fr":null,"nom_en":null,"osm_type":"way","date_maj_objet":"2015-09-04","doublon_interne_suspect":null},"geometry":{"type":"Point","coordinates":[9.609766,4.213379]}},
{"type":"Feature","properties":{"tg_type":"ECO.MARCHE","nom":"","source_id":"way/371978229","source":"OSM_OSMFR_2026-10-03","statut":"IMPORTE","date_source":"2026-10-03","amenity":"marketplace","opening_hours":null,"nom_fr":null,"nom_en":null,"osm_type":"way","date_maj_objet":"2015-09-22","doublon_interne_suspect":null},"geometry":{"type":"Point","coordinates":[9.365437,4.534361]}},
{"type":"Feature","properties":{"tg_type":"ECO.MARCHE","nom":"Petit marché","source_id":"way/374595967","source":"OSM_OSMFR_2026-10-03","statut":"IMPORTE","date_source":"2026-10-03","amenity":"marketplace","opening_hours":"24/7","nom_fr":null,"nom_en":null,"osm_type":"way","date_maj_objet":"2015-10-09","doublon_interne_suspect":null},"geometry":{"type":"Point","coordinates":[13.709414,4.577989]}},
{"type":"Feature","properties":{"tg_type":"ECO.MARCHE","nom":"","source_id":"way/374595969","source":"OSM_OSMFR_2026-10-03","statut":"IMPORTE","date_source":"2026-10-03","amenity":"marketplace","opening_hours":"06:30-12:30,18:30","nom_fr":null,"nom_en":null,"osm_type":"way","date_maj_objet":"2015-10-09","doublon_interne_suspect":null},"geometry":{"type":"Point","coordinates":[13.709242,4.578082]}},
{"type":"Feature","properties":{"tg_type":"ECO.MARCHE","nom":"Marché","source_id":"way/375436278","source":"OSM_OSMFR_2026-10-03","statut":"IMPORTE","date_source":"2026-10-03","amenity":"marketplace","opening_hours":null,"nom_fr":null,"nom_en":null,"osm_type":"way","date_maj_objet":"2026-02-16","doublon_interne_suspect":null},"geometry":{"type":"Point","coordinates":[10.708162,6.577739]}},
{"type":"Feature","properties":{"tg_type":"ECO.MARCHE","nom":"Marché","source_id":"way/375539041","source":"OSM_OSMFR_2026-10-03","statut":"IMPORTE","date_source":"2026-10-03","amenity":"marketplace","opening_hours":null,"nom_fr":null,"nom_en":null,"osm_type":"way","date_maj_objet":"2015-10-16","doublon_interne_suspect":null},"geometry":{"type":"Point","coordinates":[14.170305,10.194496]}},
{"type":"Feature","properties":{"tg_type":"ECO.MARCHE","nom":"Marché","source_id":"way/377052979","source":"OSM_OSMFR_2026-10-03","statut":"IMPORTE","date_source":"2026-10-03","amenity":"marketplace","opening_hours":null,"nom_fr":null,"nom_en":null,"osm_type":"way","date_maj_objet":"2015-10-26","doublon_interne_suspect":null},"geometry":{"type":"Point","coordinates":[10.24388,5.47317]}},
{"type":"Feature","properties":{"tg_type":"ECO.MARCHE","nom":"Marché","source_id":"way/377065152","source":"OSM_OSMFR_2026-10-03","statut":"IMPORTE","date_source":"2026-10-03","amenity":"marketplace","opening_hours":null,"nom_fr":null,"nom_en":null,"osm_type":"way","date_maj_objet":"2015-10-26","doublon_interne_suspect":null},"geometry":{"type":"Point","coordinates":[10.153617,5.496018]}},
{"type":"Feature","properties":{"tg_type":"ECO.MARCHE","nom":"Marché","source_id":"way/377067113","source":"OSM_OSMFR_2026-10-03","statut":"IMPORTE","date_source":"2026-10-03","amenity":"marketplace","opening_hours":null,"nom_fr":null,"nom_en":null,"osm_type":"way","date_maj_objet":"2015-10-26","doublon_interne_suspect":null},"geometry":{"type":"Point","coordinates":[10.164021,5.417627]}},
{"type":"Feature","properties":{"tg_type":"ECO.MARCHE","nom":"Market","source_id":"way/377074649","source":"OSM_OSMFR_2026-10-03","statut":"IMPORTE","date_source":"2026-10-03","amenity":"marketplace","opening_hours":null,"nom_fr":null,"nom_en":null,"osm_type":"way","date_maj_objet":"2016-11-20","doublon_interne_suspect":null},"geometry":{"type":"Point","coordinates":[9.993289,5.508309]}},
{"type":"Feature","properties":{"tg_type":"ECO.MARCHE","nom":"Marché","source_id":"way/377154402","source":"OSM_OSMFR_2026-10-03","statut":"IMPORTE","date_source":"2026-10-03","amenity":"marketplace","opening_hours":null,"nom_fr":null,"nom_en":null,"osm_type":"way","date_maj_objet":"2015-10-27","doublon_interne_suspect":null},"geometry":{"type":"Point","coordinates":[10.312776,5.438757]}},
{"type":"Feature","properties":{"tg_type":"ECO.MARCHE","nom":"Marché B","source_id":"way/377878326","source":"OSM_OSMFR_2026-10-03","statut":"IMPORTE","date_source":"2026-10-03","amenity":"marketplace","opening_hours":null,"nom_fr":null,"nom_en":null,"osm_type":"way","date_maj_objet":"2025-07-06","doublon_interne_suspect":null},"geometry":{"type":"Point","coordinates":[10.410079,5.487556]}},
{"type":"Feature","properties":{"tg_type":"ECO.MARCHE","nom":"Place du marché","source_id":"way/378326084","source":"OSM_OSMFR_2026-10-03","statut":"IMPORTE","date_source":"2026-10-03","amenity":"marketplace","opening_hours":null,"nom_fr":null,"nom_en":null,"osm_type":"way","date_maj_objet":"2018-08-23","doublon_interne_suspect":null},"geometry":{"type":"Point","coordinates":[10.902833,5.732752]}},
{"type":"Feature","properties":{"tg_type":"ECO.MARCHE","nom":"Muntengene Market","source_id":"way/386517306","source":"OSM_OSMFR_2026-10-03","statut":"IMPORTE","date_source":"2026-10-03","amenity":"marketplace","opening_hours":null,"nom_fr":null,"nom_en":null,"osm_type":"way","date_maj_objet":"2018-01-30","doublon_interne_suspect":null},"geometry":{"type":"Point","coordinates":[9.314544,4.095231]}},
{"type":"Feature","properties":{"tg_type":"ECO.MARCHE","nom":"Big Mup Market","source_id":"way/386526530","source":"OSM_OSMFR_2026-10-03","statut":"IMPORTE","date_source":"2026-10-03","amenity":"marketplace","opening_hours":null,"nom_fr":null,"nom_en":null,"osm_type":"way","date_maj_objet":"2024-08-27","doublon_interne_suspect":null},"geometry":{"type":"Point","coordinates":[9.306613,4.085305]}},
{"type":"Feature","properties":{"tg_type":"ECO.MARCHE","nom":"Former Tomato Market","source_id":"way/389117413","source":"OSM_OSMFR_2026-10-03","statut":"IMPORTE","date_source":"2026-10-03","amenity":"marketplace","opening_hours":null,"nom_fr":null,"nom_en":null,"osm_type":"way","date_maj_objet":"2018-01-31","doublon_interne_suspect":null},"geometry":{"type":"Point","coordinates":[9.319249,4.090569]}},
{"type":"Feature","properties":{"tg_type":"ECO.MARCHE","nom":"Marche A","source_id":"way/389512298","source":"OSM_OSMFR_2026-10-03","statut":"IMPORTE","date_source":"2026-10-03","amenity":"marketplace","opening_hours":null,"nom_fr":null,"nom_en":null,"osm_type":"way","date_maj_objet":"2016-06-14","doublon_interne_suspect":null},"geometry":{"type":"Point","coordinates":[10.416669,5.479087]}},
{"type":"Feature","properties":{"tg_type":"ECO.MARCHE","nom":"Marché","source_id":"way/402905506","source":"OSM_OSMFR_2026-10-03","statut":"IMPORTE","date_source":"2026-10-03","amenity":"marketplace","opening_hours":null,"nom_fr":null,"nom_en":null,"osm_type":"way","date_maj_objet":"2016-03-10","doublon_interne_suspect":null},"geometry":{"type":"Point","coordinates":[14.548181,5.890328]}},
{"type":"Feature","properties":{"tg_type":"ECO.MARCHE","nom":"Bamenda food market","source_id":"way/403273772","source":"OSM_OSMFR_2026-10-03","statut":"IMPORTE","date_source":"2026-10-03","amenity":"marketplace","opening_hours":null,"nom_fr":"Marché Alimentaire de Bamenda","nom_en":null,"osm_type":"way","date_maj_objet":"2021-04-02","doublon_interne_suspect":null},"geometry":{"type":"Point","coordinates":[10.147701,5.957675]}},
{"type":"Feature","properties":{"tg_type":"ECO.MARCHE","nom":"Market","source_id":"way/411736448","source":"OSM_OSMFR_2026-10-03","statut":"IMPORTE","date_source":"2026-10-03","amenity":"marketplace","opening_hours":null,"nom_fr":null,"nom_en":null,"osm_type":"way","date_maj_objet":"2025-08-11","doublon_interne_suspect":null},"geometry":{"type":"Point","coordinates":[9.280215,4.499028]}},
{"type":"Feature","properties":{"tg_type":"ECO.MARCHE","nom":"Marché de betails de amchidéré","source_id":"way/415054945","source":"OSM_OSMFR_2026-10-03","statut":"IMPORTE","date_source":"2026-10-03","amenity":"marketplace","opening_hours":null,"nom_fr":null,"nom_en":null,"osm_type":"way","date_maj_objet":"2017-08-12","doublon_interne_suspect":null},"geometry":{"type":"Point","coordinates":[15.019198,12.059468]}},
{"type":"Feature","properties":{"tg_type":"ECO.MARCHE","nom":"Marché du MIL","source_id":"way/415054950","source":"OSM_OSMFR_2026-10-03","statut":"IMPORTE","date_source":"2026-10-03","amenity":"marketplace","opening_hours":null,"nom_fr":null,"nom_en":null,"osm_type":"way","date_maj_objet":"2016-12-03","doublon_interne_suspect":null},"geometry":{"type":"Point","coordinates":[15.030618,12.070344]}},
{"type":"Feature","properties":{"tg_type":"ECO.MARCHE","nom":"Petit Marché de Madana","source_id":"way/415054958","source":"OSM_OSMFR_2026-10-03","statut":"IMPORTE","date_source":"2026-10-03","amenity":"marketplace","opening_hours":null,"nom_fr":null,"nom_en":null,"osm_type":"way","date_maj_objet":"2016-12-03","doublon_interne_suspect":null},"geometry":{"type":"Point","coordinates":[15.053736,12.062596]}},
{"type":"Feature","properties":{"tg_type":"ECO.MARCHE","nom":"Ancien abatoir","source_id":"way/415082213","source":"OSM_OSMFR_2026-10-03","statut":"IMPORTE","date_source":"2026-10-03","amenity":"marketplace","opening_hours":null,"nom_fr":null,"nom_en":null,"osm_type":"way","date_maj_objet":"2016-05-02","doublon_interne_suspect":null},"geometry":{"type":"Point","coordinates":[14.991508,12.08707]}},
{"type":"Feature","properties":{"tg_type":"ECO.MARCHE","nom":"Marché de charbon","source_id":"way/415082221","source":"OSM_OSMFR_2026-10-03","statut":"IMPORTE","date_source":"2026-10-03","amenity":"marketplace","opening_hours":null,"nom_fr":null,"nom_en":null,"osm_type":"way","date_maj_objet":"2016-12-03","doublon_interne_suspect":null},"geometry":{"type":"Point","coordinates":[15.005021,12.089515]}},
{"type":"Feature","properties":{"tg_type":"ECO.MARCHE","nom":"Nouvel abatoir","source_id":"way/415082224","source":"OSM_OSMFR_2026-10-03","statut":"IMPORTE","date_source":"2026-10-03","amenity":"marketplace","opening_hours":null,"nom_fr":null,"nom_en":null,"osm_type":"way","date_maj_objet":"2016-05-02","doublon_interne_suspect":null},"geometry":{"type":"Point","coordinates":[14.990924,12.086751]}},
{"type":"Feature","properties":{"tg_type":"ECO.MARCHE","nom":"Petit marché Douria","source_id":"way/415082226","source":"OSM_OSMFR_2026-10-03","statut":"IMPORTE","date_source":"2026-10-03","amenity":"marketplace","opening_hours":null,"nom_fr":null,"nom_en":null,"osm_type":"way","date_maj_objet":"2016-05-02","doublon_interne_suspect":null},"geometry":{"type":"Point","coordinates":[15.004474,12.08938]}},
{"type":"Feature","properties":{"tg_type":"ECO.MARCHE","nom":"","source_id":"way/415223229","source":"OSM_OSMFR_2026-10-03","statut":"IMPORTE","date_source":"2026-10-03","amenity":"marketplace","opening_hours":null,"nom_fr":null,"nom_en":null,"osm_type":"way","date_maj_objet":"2020-08-04","doublon_interne_suspect":null},"geometry":{"type":"Point","coordinates":[15.026308,12.106484]}},
{"type":"Feature","properties":{"tg_type":"ECO.MARCHE","nom":"MINADER/PARFA marché de bétail","source_id":"way/416900254","source":"OSM_OSMFR_2026-10-03","statut":"IMPORTE","date_source":"2026-10-03","amenity":"marketplace","opening_hours":null,"nom_fr":null,"nom_en":null,"osm_type":"way","date_maj_objet":"2016-05-10","doublon_interne_suspect":null},"geometry":{"type":"Point","coordinates":[14.240871,10.461611]}},
{"type":"Feature","properties":{"tg_type":"ECO.MARCHE","nom":"Marché Carrefour GAKLE","source_id":"way/416900256","source":"OSM_OSMFR_2026-10-03","statut":"IMPORTE","date_source":"2026-10-03","amenity":"marketplace","opening_hours":null,"nom_fr":null,"nom_en":null,"osm_type":"way","date_maj_objet":"2016-05-10","doublon_interne_suspect":null},"geometry":{"type":"Point","coordinates":[14.264324,10.522859]}},
{"type":"Feature","properties":{"tg_type":"ECO.MARCHE","nom":"Marché de Meskine","source_id":"way/416900259","source":"OSM_OSMFR_2026-10-03","statut":"IMPORTE","date_source":"2026-10-03","amenity":"marketplace","opening_hours":null,"nom_fr":null,"nom_en":null,"osm_type":"way","date_maj_objet":"2016-05-10","doublon_interne_suspect":null},"geometry":{"type":"Point","coordinates":[14.252673,10.555479]}},
{"type":"Feature","properties":{"tg_type":"ECO.MARCHE","nom":"Marché de Salak","source_id":"way/416900263","source":"OSM_OSMFR_2026-10-03","statut":"IMPORTE","date_source":"2026-10-03","amenity":"marketplace","opening_hours":null,"nom_fr":null,"nom_en":null,"osm_type":"way","date_maj_objet":"2019-11-01","doublon_interne_suspect":null},"geometry":{"type":"Point","coordinates":[14.240515,10.457848]}},
{"type":"Feature","properties":{"tg_type":"ECO.MARCHE","nom":"Petit marché de l'hopital de Meskine","source_id":"way/416900266","source":"OSM_OSMFR_2026-10-03","statut":"IMPORTE","date_source":"2026-10-03","amenity":"marketplace","opening_hours":null,"nom_fr":null,"nom_en":null,"osm_type":"way","date_maj_objet":"2016-05-10","doublon_interne_suspect":null},"geometry":{"type":"Point","coordinates":[14.25256,10.559856]}},
{"type":"Feature","properties":{"tg_type":"ECO.MARCHE","nom":"Petit marché du pont","source_id":"way/416908080","source":"OSM_OSMFR_2026-10-03","statut":"IMPORTE","date_source":"2026-10-03","amenity":"marketplace","opening_hours":null,"nom_fr":null,"nom_en":null,"osm_type":"way","date_maj_objet":"2016-05-10","doublon_interne_suspect":null},"geometry":{"type":"Point","coordinates":[14.281448,10.576529]}},
{"type":"Feature","properties":{"tg_type":"ECO.MARCHE","nom":"Marché de Poisson","source_id":"way/416933633","source":"OSM_OSMFR_2026-10-03","statut":"IMPORTE","date_source":"2026-10-03","amenity":"marketplace","opening_hours":null,"nom_fr":null,"nom_en":null,"osm_type":"way","date_maj_objet":"2016-05-10","doublon_interne_suspect":null},"geometry":{"type":"Point","coordinates":[14.318078,10.588715]}},
{"type":"Feature","properties":{"tg_type":"ECO.MARCHE","nom":"","source_id":"way/416933643","source":"OSM_OSMFR_2026-10-03","statut":"IMPORTE","date_source":"2026-10-03","amenity":"marketplace","opening_hours":null,"nom_fr":null,"nom_en":null,"osm_type":"way","date_maj_objet":"2016-05-10","doublon_interne_suspect":null},"geometry":{"type":"Point","coordinates":[14.289075,10.602239]}},
{"type":"Feature","properties":{"tg_type":"ECO.MARCHE","nom":"Marché comice","source_id":"way/416941675","source":"OSM_OSMFR_2026-10-03","statut":"IMPORTE","date_source":"2026-10-03","amenity":"marketplace","opening_hours":null,"nom_fr":null,"nom_en":null,"osm_type":"way","date_maj_objet":"2016-05-10","doublon_interne_suspect":null},"geometry":{"type":"Point","coordinates":[14.321722,10.590292]}},
{"type":"Feature","properties":{"tg_type":"ECO.MARCHE","nom":"Marché Kotbawo","source_id":"way/416948027","source":"OSM_OSMFR_2026-10-03","statut":"IMPORTE","date_source":"2026-10-03","amenity":"marketplace","opening_hours":null,"nom_fr":null,"nom_en":null,"osm_type":"way","date_maj_objet":"2023-03-11","doublon_interne_suspect":null},"geometry":{"type":"Point","coordinates":[14.311116,10.601947]}},
{"type":"Feature","properties":{"tg_type":"ECO.MARCHE","nom":"petit marché pont-vert","source_id":"way/417520424","source":"OSM_OSMFR_2026-10-03","statut":"IMPORTE","date_source":"2026-10-03","amenity":"marketplace","opening_hours":null,"nom_fr":null,"nom_en":null,"osm_type":"way","date_maj_objet":"2016-05-12","doublon_interne_suspect":null},"geometry":{"type":"Point","coordinates":[14.337871,10.599161]}},
{"type":"Feature","properties":{"tg_type":"ECO.MARCHE","nom":"Marché ZOKOK","source_id":"way/417527994","source":"OSM_OSMFR_2026-10-03","statut":"IMPORTE","date_source":"2026-10-03","amenity":"marketplace","opening_hours":null,"nom_fr":null,"nom_en":null,"osm_type":"way","date_maj_objet":"2016-05-12","doublon_interne_suspect":null},"geometry":{"type":"Point","coordinates":[14.317053,10.602653]}},
{"type":"Feature","properties":{"tg_type":"ECO.MARCHE","nom":"Marché Noir","source_id":"way/417617515","source":"OSM_OSMFR_2026-10-03","statut":"IMPORTE","date_source":"2026-10-03","amenity":"marketplace","opening_hours":null,"nom_fr":null,"nom_en":null,"osm_type":"way","date_maj_objet":"2016-05-12","doublon_interne_suspect":null},"geometry":{"type":"Point","coordinates":[14.335237,10.602385]}},
{"type":"Feature","properties":{"tg_type":"ECO.MARCHE","nom":"Marché de kodek","source_id":"way/417622124","source":"OSM_OSMFR_2026-10-03","statut":"IMPORTE","date_source":"2026-10-03","amenity":"marketplace","opening_hours":null,"nom_fr":null,"nom_en":null,"osm_type":"way","date_maj_objet":"2016-05-12","doublon_interne_suspect":null},"geometry":{"type":"Point","coordinates":[14.410518,10.654404]}},
{"type":"Feature","properties":{"tg_type":"ECO.MARCHE","nom":"Complexe Artisanale de Maroua","source_id":"way/417853530","source":"OSM_OSMFR_2026-10-03","statut":"IMPORTE","date_source":"2026-10-03","amenity":"marketplace","opening_hours":null,"nom_fr":null,"nom_en":null,"osm_type":"way","date_maj_objet":"2016-05-13","doublon_interne_suspect":null},"geometry":{"type":"Point","coordinates":[14.291469,10.588167]}},
{"type":"Feature","properties":{"tg_type":"ECO.MARCHE","nom":"Programme d'appui au développement des filières Agricoles","source_id":"way/417893839","source":"OSM_OSMFR_2026-10-03","statut":"IMPORTE","date_source":"2026-10-03","amenity":"marketplace","opening_hours":null,"nom_fr":null,"nom_en":null,"osm_type":"way","date_maj_objet":"2016-05-13","doublon_interne_suspect":null},"geometry":{"type":"Point","coordinates":[14.290837,10.592219]}},
{"type":"Feature","properties":{"tg_type":"ECO.MARCHE","nom":"Marche de Dang","source_id":"way/421458665","source":"OSM_OSMFR_2026-10-03","statut":"IMPORTE","date_source":"2026-10-03","amenity":"marketplace","opening_hours":null,"nom_fr":null,"nom_en":null,"osm_type":"way","date_maj_objet":"2018-09-24","doublon_interne_suspect":null},"geometry":{"type":"Point","coordinates":[13.555742,7.427035]}},
{"type":"Feature","properties":{"tg_type":"ECO.MARCHE","nom":"","source_id":"way/423668917","source":"OSM_OSMFR_2026-10-03","statut":"IMPORTE","date_source":"2026-10-03","amenity":"marketplace","opening_hours":null,"nom_fr":null,"nom_en":null,"osm_type":"way","date_maj_objet":"2025-05-04","doublon_interne_suspect":null},"geometry":{"type":"Point","coordinates":[10.069458,2.632003]}},
{"type":"Feature","properties":{"tg_type":"ECO.MARCHE","nom":"","source_id":"way/423668922","source":"OSM_OSMFR_2026-10-03","statut":"IMPORTE","date_source":"2026-10-03","amenity":"marketplace","opening_hours":null,"nom_fr":null,"nom_en":null,"osm_type":"way","date_maj_objet":"2025-05-04","doublon_interne_suspect":null},"geometry":{"type":"Point","coordinates":[10.06972,2.632014]}},
{"type":"Feature","properties":{"tg_type":"ECO.MARCHE","nom":"","source_id":"way/423668942","source":"OSM_OSMFR_2026-10-03","statut":"IMPORTE","date_source":"2026-10-03","amenity":"marketplace","opening_hours":null,"nom_fr":null,"nom_en":null,"osm_type":"way","date_maj_objet":"2025-05-04","doublon_interne_suspect":null},"geometry":{"type":"Point","coordinates":[10.069684,2.632118]}},
{"type":"Feature","properties":{"tg_type":"ECO.MARCHE","nom":"","source_id":"way/423671722","source":"OSM_OSMFR_2026-10-03","statut":"IMPORTE","date_source":"2026-10-03","amenity":"marketplace","opening_hours":null,"nom_fr":null,"nom_en":null,"osm_type":"way","date_maj_objet":"2025-05-04","doublon_interne_suspect":null},"geometry":{"type":"Point","coordinates":[10.101094,2.657026]}},
{"type":"Feature","properties":{"tg_type":"ECO.MARCHE","nom":"","source_id":"way/423799746","source":"OSM_OSMFR_2026-10-03","statut":"IMPORTE","date_source":"2026-10-03","amenity":"marketplace","opening_hours":null,"nom_fr":null,"nom_en":null,"osm_type":"way","date_maj_objet":"2018-09-23","doublon_interne_suspect":null},"geometry":{"type":"Point","coordinates":[10.03195,2.660037]}},
{"type":"Feature","properties":{"tg_type":"ECO.MARCHE","nom":"","source_id":"way/423799776","source":"OSM_OSMFR_2026-10-03","statut":"IMPORTE","date_source":"2026-10-03","amenity":"marketplace","opening_hours":null,"nom_fr":null,"nom_en":null,"osm_type":"way","date_maj_objet":"2016-08-10","doublon_interne_suspect":null},"geometry":{"type":"Point","coordinates":[10.031742,2.66003]}},
{"type":"Feature","properties":{"tg_type":"ECO.MARCHE","nom":"Marché SOCADA","source_id":"way/424940909","source":"OSM_OSMFR_2026-10-03","statut":"IMPORTE","date_source":"2026-10-03","amenity":"marketplace","opening_hours":null,"nom_fr":null,"nom_en":null,"osm_type":"way","date_maj_objet":"2020-12-08","doublon_interne_suspect":null},"geometry":{"type":"Point","coordinates":[10.407619,5.465549]}},
{"type":"Feature","properties":{"tg_type":"ECO.MARCHE","nom":"Marché de Ndiembou-Kam","source_id":"way/424940910","source":"OSM_OSMFR_2026-10-03","statut":"IMPORTE","date_source":"2026-10-03","amenity":"marketplace","opening_hours":null,"nom_fr":null,"nom_en":null,"osm_type":"way","date_maj_objet":"2016-06-14","doublon_interne_suspect":null},"geometry":{"type":"Point","coordinates":[10.451306,5.438586]}},
{"type":"Feature","properties":{"tg_type":"ECO.MARCHE","nom":"Petit Marché de Ndiandam","source_id":"way/424940912","source":"OSM_OSMFR_2026-10-03","statut":"IMPORTE","date_source":"2026-10-03","amenity":"marketplace","opening_hours":null,"nom_fr":null,"nom_en":null,"osm_type":"way","date_maj_objet":"2016-06-14","doublon_interne_suspect":null},"geometry":{"type":"Point","coordinates":[10.428378,5.459658]}},
{"type":"Feature","properties":{"tg_type":"ECO.MARCHE","nom":"Marché des Fruits","source_id":"way/424942892","source":"OSM_OSMFR_2026-10-03","statut":"IMPORTE","date_source":"2026-10-03","amenity":"marketplace","opening_hours":null,"nom_fr":null,"nom_en":null,"osm_type":"way","date_maj_objet":"2016-06-15","doublon_interne_suspect":null},"geometry":{"type":"Point","coordinates":[10.419211,5.477987]}},
{"type":"Feature","properties":{"tg_type":"ECO.MARCHE","nom":"Marché de Famleng","source_id":"way/424945862","source":"OSM_OSMFR_2026-10-03","statut":"IMPORTE","date_source":"2026-10-03","amenity":"marketplace","opening_hours":null,"nom_fr":null,"nom_en":null,"osm_type":"way","date_maj_objet":"2016-06-14","doublon_interne_suspect":null},"geometry":{"type":"Point","coordinates":[10.46764,5.489719]}},
{"type":"Feature","properties":{"tg_type":"ECO.MARCHE","nom":"Marché","source_id":"way/424945864","source":"OSM_OSMFR_2026-10-03","statut":"IMPORTE","date_source":"2026-10-03","amenity":"marketplace","opening_hours":null,"nom_fr":null,"nom_en":null,"osm_type":"way","date_maj_objet":"2016-06-15","doublon_interne_suspect":null},"geometry":{"type":"Point","coordinates":[10.475986,5.472538]}},
{"type":"Feature","properties":{"tg_type":"ECO.MARCHE","nom":"Marché de Tomdjo","source_id":"way/424946315","source":"OSM_OSMFR_2026-10-03","statut":"IMPORTE","date_source":"2026-10-03","amenity":"marketplace","opening_hours":null,"nom_fr":null,"nom_en":null,"osm_type":"way","date_maj_objet":"2016-06-14","doublon_interne_suspect":null},"geometry":{"type":"Point","coordinates":[10.524739,5.48812]}},
{"type":"Feature","properties":{"tg_type":"ECO.MARCHE","nom":"Marché C","source_id":"way/425585870","source":"OSM_OSMFR_2026-10-03","statut":"IMPORTE","date_source":"2026-10-03","amenity":"marketplace","opening_hours":null,"nom_fr":null,"nom_en":null,"osm_type":"way","date_maj_objet":"2016-06-17","doublon_interne_suspect":null},"geometry":{"type":"Point","coordinates":[10.418758,5.482775]}},
{"type":"Feature","properties":{"tg_type":"ECO.MARCHE","nom":"Market","source_id":"way/430293433","source":"OSM_OSMFR_2026-10-03","statut":"IMPORTE","date_source":"2026-10-03","amenity":"marketplace","opening_hours":null,"nom_fr":"Marché","nom_en":null,"osm_type":"way","date_maj_objet":"2016-11-20","doublon_interne_suspect":null},"geometry":{"type":"Point","coordinates":[10.16153,5.800858]}},
{"type":"Feature","properties":{"tg_type":"ECO.MARCHE","nom":"Market","source_id":"way/432832112","source":"OSM_OSMFR_2026-10-03","statut":"IMPORTE","date_source":"2026-10-03","amenity":"marketplace","opening_hours":null,"nom_fr":"Marché","nom_en":null,"osm_type":"way","date_maj_objet":"2016-11-20","doublon_interne_suspect":null},"geometry":{"type":"Point","coordinates":[10.504438,6.248938]}},
{"type":"Feature","properties":{"tg_type":"ECO.MARCHE","nom":"Mile 4 market","source_id":"way/433088255","source":"OSM_OSMFR_2026-10-03","statut":"IMPORTE","date_source":"2026-10-03","amenity":"marketplace","opening_hours":null,"nom_fr":null,"nom_en":null,"osm_type":"way","date_maj_objet":"2016-11-20","doublon_interne_suspect":null},"geometry":{"type":"Point","coordinates":[10.18439,5.992809]}},
{"type":"Feature","properties":{"tg_type":"ECO.MARCHE","nom":"","source_id":"way/435149265","source":"OSM_OSMFR_2026-10-03","statut":"IMPORTE","date_source":"2026-10-03","amenity":"marketplace","opening_hours":null,"nom_fr":null,"nom_en":null,"osm_type":"way","date_maj_objet":"2022-06-05","doublon_interne_suspect":null},"geometry":{"type":"Point","coordinates":[10.057203,2.74557]}},
{"type":"Feature","properties":{"tg_type":"ECO.MARCHE","nom":"Nkwen Market","source_id":"way/436071427","source":"OSM_OSMFR_2026-10-03","statut":"IMPORTE","date_source":"2026-10-03","amenity":"marketplace","opening_hours":null,"nom_fr":null,"nom_en":null,"osm_type":"way","date_maj_objet":"2022-04-11","doublon_interne_suspect":null},"geometry":{"type":"Point","coordinates":[10.16905,5.961366]}},
{"type":"Feature","properties":{"tg_type":"ECO.MARCHE","nom":"","source_id":"way/437954557","source":"OSM_OSMFR_2026-10-03","statut":"IMPORTE","date_source":"2026-10-03","amenity":"marketplace","opening_hours":null,"nom_fr":null,"nom_en":null,"osm_type":"way","date_maj_objet":"2022-06-05","doublon_interne_suspect":null},"geometry":{"type":"Point","coordinates":[10.149728,2.664308]}},
{"type":"Feature","properties":{"tg_type":"ECO.MARCHE","nom":"Bafanji Market Square","source_id":"way/441586756","source":"OSM_OSMFR_2026-10-03","statut":"IMPORTE","date_source":"2026-10-03","amenity":"marketplace","opening_hours":null,"nom_fr":null,"nom_en":null,"osm_type":"way","date_maj_objet":"2016-11-20","doublon_interne_suspect":null},"geometry":{"type":"Point","coordinates":[10.40085,5.843202]}},
{"type":"Feature","properties":{"tg_type":"ECO.MARCHE","nom":"Marché Akonolinga","source_id":"way/442547059","source":"OSM_OSMFR_2026-10-03","statut":"IMPORTE","date_source":"2026-10-03","amenity":"marketplace","opening_hours":null,"nom_fr":null,"nom_en":null,"osm_type":"way","date_maj_objet":"2025-07-13","doublon_interne_suspect":null},"geometry":{"type":"Point","coordinates":[12.246901,3.774571]}},
{"type":"Feature","properties":{"tg_type":"ECO.MARCHE","nom":"Marché","source_id":"way/447704461","source":"OSM_OSMFR_2026-10-03","statut":"IMPORTE","date_source":"2026-10-03","amenity":"marketplace","opening_hours":null,"nom_fr":null,"nom_en":null,"osm_type":"way","date_maj_objet":"2016-11-20","doublon_interne_suspect":null},"geometry":{"type":"Point","coordinates":[9.663469,4.590145]}},
{"type":"Feature","properties":{"tg_type":"ECO.MARCHE","nom":"Marché Oyenga","source_id":"way/447814370","source":"OSM_OSMFR_2026-10-03","statut":"IMPORTE","date_source":"2026-10-03","amenity":"marketplace","opening_hours":null,"nom_fr":null,"nom_en":null,"osm_type":"way","date_maj_objet":"2023-12-30","doublon_interne_suspect":null},"geometry":{"type":"Point","coordinates":[11.15118,2.924616]}},
{"type":"Feature","properties":{"tg_type":"ECO.MARCHE","nom":"Marché","source_id":"way/448047021","source":"OSM_OSMFR_2026-10-03","statut":"IMPORTE","date_source":"2026-10-03","amenity":"marketplace","opening_hours":null,"nom_fr":null,"nom_en":null,"osm_type":"way","date_maj_objet":"2016-11-20","doublon_interne_suspect":null},"geometry":{"type":"Point","coordinates":[10.298023,5.578931]}},
{"type":"Feature","properties":{"tg_type":"ECO.MARCHE","nom":"Marché","source_id":"way/448177064","source":"OSM_OSMFR_2026-10-03","statut":"IMPORTE","date_source":"2026-10-03","amenity":"marketplace","opening_hours":null,"nom_fr":null,"nom_en":null,"osm_type":"way","date_maj_objet":"2016-11-20","doublon_interne_suspect":null},"geometry":{"type":"Point","coordinates":[10.635882,5.510422]}},
{"type":"Feature","properties":{"tg_type":"ECO.MARCHE","nom":"Marché","source_id":"way/448192698","source":"OSM_OSMFR_2026-10-03","statut":"IMPORTE","date_source":"2026-10-03","amenity":"marketplace","opening_hours":null,"nom_fr":null,"nom_en":null,"osm_type":"way","date_maj_objet":"2016-11-20","doublon_interne_suspect":null},"geometry":{"type":"Point","coordinates":[10.760844,5.651958]}},
{"type":"Feature","properties":{"tg_type":"ECO.MARCHE","nom":"Marché Tsenfem","source_id":"way/448307565","source":"OSM_OSMFR_2026-10-03","statut":"IMPORTE","date_source":"2026-10-03","amenity":"marketplace","opening_hours":null,"nom_fr":null,"nom_en":null,"osm_type":"way","date_maj_objet":"2016-11-20","doublon_interne_suspect":null},"geometry":{"type":"Point","coordinates":[10.05212,5.452841]}},
{"type":"Feature","properties":{"tg_type":"ECO.MARCHE","nom":"Marché","source_id":"way/449206802","source":"OSM_OSMFR_2026-10-03","statut":"IMPORTE","date_source":"2026-10-03","amenity":"marketplace","opening_hours":null,"nom_fr":null,"nom_en":null,"osm_type":"way","date_maj_objet":"2016-11-20","doublon_interne_suspect":null},"geometry":{"type":"Point","coordinates":[9.735491,4.721066]}},
{"type":"Feature","properties":{"tg_type":"ECO.MARCHE","nom":"Limbé fresh market","source_id":"way/449234432","source":"OSM_OSMFR_2026-10-03","statut":"IMPORTE","date_source":"2026-10-03","amenity":"marketplace","opening_hours":null,"nom_fr":null,"nom_en":null,"osm_type":"way","date_maj_objet":"2016-11-20","doublon_interne_suspect":null},"geometry":{"type":"Point","coordinates":[9.211729,4.00013]}},
{"type":"Feature","properties":{"tg_type":"ECO.MARCHE","nom":"Mapeta market","source_id":"way/449234434","source":"OSM_OSMFR_2026-10-03","statut":"IMPORTE","date_source":"2026-10-03","amenity":"marketplace","opening_hours":null,"nom_fr":null,"nom_en":null,"osm_type":"way","date_maj_objet":"2016-11-20","doublon_interne_suspect":null},"geometry":{"type":"Point","coordinates":[9.214,3.999681]}},
{"type":"Feature","properties":{"tg_type":"ECO.MARCHE","nom":"Marché Tanko","source_id":"way/449371638","source":"OSM_OSMFR_2026-10-03","statut":"IMPORTE","date_source":"2026-10-03","amenity":"marketplace","opening_hours":null,"nom_fr":null,"nom_en":null,"osm_type":"way","date_maj_objet":"2016-11-20","doublon_interne_suspect":null},"geometry":{"type":"Point","coordinates":[9.652786,4.097]}},
{"type":"Feature","properties":{"tg_type":"ECO.MARCHE","nom":"Marché Ndogpassi","source_id":"way/449433298","source":"OSM_OSMFR_2026-10-03","statut":"IMPORTE","date_source":"2026-10-03","amenity":"marketplace","opening_hours":null,"nom_fr":null,"nom_en":null,"osm_type":"way","date_maj_objet":"2020-10-06","doublon_interne_suspect":null},"geometry":{"type":"Point","coordinates":[9.757356,4.003815]}},
{"type":"Feature","properties":{"tg_type":"ECO.MARCHE","nom":"Bakwa Market","source_id":"way/449527698","source":"OSM_OSMFR_2026-10-03","statut":"IMPORTE","date_source":"2026-10-03","amenity":"marketplace","opening_hours":null,"nom_fr":null,"nom_en":null,"osm_type":"way","date_maj_objet":"2016-11-20","doublon_interne_suspect":null},"geometry":{"type":"Point","coordinates":[10.416536,5.844385]}},
{"type":"Feature","properties":{"tg_type":"ECO.MARCHE","nom":"Babungo Market","source_id":"way/449530925","source":"OSM_OSMFR_2026-10-03","statut":"IMPORTE","date_source":"2026-10-03","amenity":"marketplace","opening_hours":null,"nom_fr":null,"nom_en":null,"osm_type":"way","date_maj_objet":"2016-11-20","doublon_interne_suspect":null},"geometry":{"type":"Point","coordinates":[10.443437,6.06907]}},
{"type":"Feature","properties":{"tg_type":"ECO.MARCHE","nom":"Isoloko maket","source_id":"way/449697342","source":"OSM_OSMFR_2026-10-03","statut":"IMPORTE","date_source":"2026-10-03","amenity":"marketplace","opening_hours":null,"nom_fr":null,"nom_en":null,"osm_type":"way","date_maj_objet":"2018-11-30","doublon_interne_suspect":null},"geometry":{"type":"Point","coordinates":[9.174105,4.019054]}},
{"type":"Feature","properties":{"tg_type":"ECO.MARCHE","nom":"Marché de Mora","source_id":"way/449913585","source":"OSM_OSMFR_2026-10-03","statut":"IMPORTE","date_source":"2026-10-03","amenity":"marketplace","opening_hours":null,"nom_fr":null,"nom_en":null,"osm_type":"way","date_maj_objet":"2019-11-01","doublon_interne_suspect":null},"geometry":{"type":"Point","coordinates":[14.13678,11.047821]}},
{"type":"Feature","properties":{"tg_type":"ECO.MARCHE","nom":"Marché de Bonamoussadi","source_id":"way/450614579","source":"OSM_OSMFR_2026-10-03","statut":"IMPORTE","date_source":"2026-10-03","amenity":"marketplace","opening_hours":null,"nom_fr":null,"nom_en":null,"osm_type":"way","date_maj_objet":"2020-02-05","doublon_interne_suspect":null},"geometry":{"type":"Point","coordinates":[9.737928,4.09337]}},
{"type":"Feature","properties":{"tg_type":"ECO.MARCHE","nom":"Marché Sandaga","source_id":"way/451411193","source":"OSM_OSMFR_2026-10-03","statut":"IMPORTE","date_source":"2026-10-03","amenity":"marketplace","opening_hours":null,"nom_fr":null,"nom_en":null,"osm_type":"way","date_maj_objet":"2016-11-20","doublon_interne_suspect":null},"geometry":{"type":"Point","coordinates":[9.702516,4.061533]}},
{"type":"Feature","properties":{"tg_type":"ECO.MARCHE","nom":"Bamessing Market","source_id":"way/452464762","source":"OSM_OSMFR_2026-10-03","statut":"IMPORTE","date_source":"2026-10-03","amenity":"marketplace","opening_hours":null,"nom_fr":null,"nom_en":null,"osm_type":"way","date_maj_objet":"2016-11-20","doublon_interne_suspect":null},"geometry":{"type":"Point","coordinates":[10.380774,5.985909]}},
{"type":"Feature","properties":{"tg_type":"ECO.MARCHE","nom":"Market","source_id":"way/452504244","source":"OSM_OSMFR_2026-10-03","statut":"IMPORTE","date_source":"2026-10-03","amenity":"marketplace","opening_hours":null,"nom_fr":null,"nom_en":null,"osm_type":"way","date_maj_objet":"2016-11-20","doublon_interne_suspect":null},"geometry":{"type":"Point","coordinates":[10.452162,6.301583]}},
{"type":"Feature","properties":{"tg_type":"ECO.MARCHE","nom":"Soalam Market","source_id":"way/452504245","source":"OSM_OSMFR_2026-10-03","statut":"IMPORTE","date_source":"2026-10-03","amenity":"marketplace","opening_hours":null,"nom_fr":null,"nom_en":null,"osm_type":"way","date_maj_objet":"2025-10-18","doublon_interne_suspect":null},"geometry":{"type":"Point","coordinates":[10.462823,6.275996]}},
{"type":"Feature","properties":{"tg_type":"ECO.MARCHE","nom":"Market","source_id":"way/452681816","source":"OSM_OSMFR_2026-10-03","statut":"IMPORTE","date_source":"2026-10-03","amenity":"marketplace","opening_hours":null,"nom_fr":null,"nom_en":null,"osm_type":"way","date_maj_objet":"2024-08-27","doublon_interne_suspect":null},"geometry":{"type":"Point","coordinates":[9.972867,6.009495]}},
{"type":"Feature","properties":{"tg_type":"ECO.MARCHE","nom":"Marché des Fruits du Pont Boko","source_id":"way/452784319","source":"OSM_OSMFR_2026-10-03","statut":"IMPORTE","date_source":"2026-10-03","amenity":"marketplace","opening_hours":null,"nom_fr":null,"nom_en":null,"osm_type":"way","date_maj_objet":"2016-11-20","doublon_interne_suspect":null},"geometry":{"type":"Point","coordinates":[9.643038,4.57077]}},
{"type":"Feature","properties":{"tg_type":"ECO.MARCHE","nom":"Market","source_id":"way/452889113","source":"OSM_OSMFR_2026-10-03","statut":"IMPORTE","date_source":"2026-10-03","amenity":"marketplace","opening_hours":null,"nom_fr":null,"nom_en":null,"osm_type":"way","date_maj_objet":"2016-11-20","doublon_interne_suspect":null},"geometry":{"type":"Point","coordinates":[9.10476,4.53253]}},
{"type":"Feature","properties":{"tg_type":"ECO.MARCHE","nom":"Awing Main Market","source_id":"way/453057875","source":"OSM_OSMFR_2026-10-03","statut":"IMPORTE","date_source":"2026-10-03","amenity":"marketplace","opening_hours":null,"nom_fr":null,"nom_en":null,"osm_type":"way","date_maj_objet":"2017-07-02","doublon_interne_suspect":null},"geometry":{"type":"Point","coordinates":[10.252146,5.839318]}},
{"type":"Feature","properties":{"tg_type":"ECO.MARCHE","nom":"Marché","source_id":"way/453846635","source":"OSM_OSMFR_2026-10-03","statut":"IMPORTE","date_source":"2026-10-03","amenity":"marketplace","opening_hours":null,"nom_fr":null,"nom_en":null,"osm_type":"way","date_maj_objet":"2016-11-20","doublon_interne_suspect":null},"geometry":{"type":"Point","coordinates":[10.947537,6.344924]}},
{"type":"Feature","properties":{"tg_type":"ECO.MARCHE","nom":"Marché Grand Hangar","source_id":"way/454390361","source":"OSM_OSMFR_2026-10-03","statut":"IMPORTE","date_source":"2026-10-03","amenity":"marketplace","opening_hours":null,"nom_fr":null,"nom_en":null,"osm_type":"way","date_maj_objet":"2016-11-20","doublon_interne_suspect":null},"geometry":{"type":"Point","coordinates":[9.661143,4.083439]}},
{"type":"Feature","properties":{"tg_type":"ECO.MARCHE","nom":"Marché Madagascar","source_id":"way/454405514","source":"OSM_OSMFR_2026-10-03","statut":"IMPORTE","date_source":"2026-10-03","amenity":"marketplace","opening_hours":null,"nom_fr":null,"nom_en":null,"osm_type":"way","date_maj_objet":"2016-11-20","doublon_interne_suspect":null},"geometry":{"type":"Point","coordinates":[9.734217,4.027499]}},
{"type":"Feature","properties":{"tg_type":"ECO.MARCHE","nom":"Marché de Bonassama","source_id":"way/454505941","source":"OSM_OSMFR_2026-10-03","statut":"IMPORTE","date_source":"2026-10-03","amenity":"marketplace","opening_hours":null,"nom_fr":null,"nom_en":null,"osm_type":"way","date_maj_objet":"2016-11-20","doublon_interne_suspect":null},"geometry":{"type":"Point","coordinates":[9.687034,4.071949]}},
{"type":"Feature","properties":{"tg_type":"ECO.MARCHE","nom":"Marché Mboppi","source_id":"way/454516520","source":"OSM_OSMFR_2026-10-03","statut":"IMPORTE","date_source":"2026-10-03","amenity":"marketplace","opening_hours":null,"nom_fr":null,"nom_en":null,"osm_type":"way","date_maj_objet":"2016-11-20","doublon_interne_suspect":null},"geometry":{"type":"Point","coordinates":[9.714691,4.046849]}},
{"type":"Feature","properties":{"tg_type":"ECO.MARCHE","nom":"Marché Monkam de Ndokoti","source_id":"way/454527118","source":"OSM_OSMFR_2026-10-03","statut":"IMPORTE","date_source":"2026-10-03","amenity":"marketplace","opening_hours":null,"nom_fr":null,"nom_en":null,"osm_type":"way","date_maj_objet":"2016-11-20","doublon_interne_suspect":null},"geometry":{"type":"Point","coordinates":[9.744174,4.044491]}},
{"type":"Feature","properties":{"tg_type":"ECO.MARCHE","nom":"Marché Cité des Palmiers","source_id":"way/454557578","source":"OSM_OSMFR_2026-10-03","statut":"IMPORTE","date_source":"2026-10-03","amenity":"marketplace","opening_hours":null,"nom_fr":null,"nom_en":null,"osm_type":"way","date_maj_objet":"2016-11-20","doublon_interne_suspect":null},"geometry":{"type":"Point","coordinates":[9.764105,4.052382]}},
{"type":"Feature","properties":{"tg_type":"ECO.MARCHE","nom":"Bafut Central Market","source_id":"way/454567852","source":"OSM_OSMFR_2026-10-03","statut":"IMPORTE","date_source":"2026-10-03","amenity":"marketplace","opening_hours":null,"nom_fr":null,"nom_en":null,"osm_type":"way","date_maj_objet":"2016-11-20","doublon_interne_suspect":null},"geometry":{"type":"Point","coordinates":[10.117559,6.087306]}},
{"type":"Feature","properties":{"tg_type":"ECO.MARCHE","nom":"Marché","source_id":"way/454755809","source":"OSM_OSMFR_2026-10-03","statut":"IMPORTE","date_source":"2026-10-03","amenity":"marketplace","opening_hours":null,"nom_fr":null,"nom_en":null,"osm_type":"way","date_maj_objet":"2016-11-20","doublon_interne_suspect":null},"geometry":{"type":"Point","coordinates":[14.299525,12.626207]}},
{"type":"Feature","properties":{"tg_type":"ECO.MARCHE","nom":"Marché","source_id":"way/454755810","source":"OSM_OSMFR_2026-10-03","statut":"IMPORTE","date_source":"2026-10-03","amenity":"marketplace","opening_hours":null,"nom_fr":null,"nom_en":null,"osm_type":"way","date_maj_objet":"2016-11-20","doublon_interne_suspect":null},"geometry":{"type":"Point","coordinates":[14.471397,12.634353]}},
{"type":"Feature","properties":{"tg_type":"ECO.MARCHE","nom":"Market","source_id":"way/454755813","source":"OSM_OSMFR_2026-10-03","statut":"IMPORTE","date_source":"2026-10-03","amenity":"marketplace","opening_hours":null,"nom_fr":null,"nom_en":null,"osm_type":"way","date_maj_objet":"2016-11-20","doublon_interne_suspect":null},"geometry":{"type":"Point","coordinates":[9.233705,5.631828]}},
{"type":"Feature","properties":{"tg_type":"ECO.MARCHE","nom":"Marché","source_id":"way/454755819","source":"OSM_OSMFR_2026-10-03","statut":"IMPORTE","date_source":"2026-10-03","amenity":"marketplace","opening_hours":null,"nom_fr":null,"nom_en":null,"osm_type":"way","date_maj_objet":"2016-11-20","doublon_interne_suspect":null},"geometry":{"type":"Point","coordinates":[10.415023,5.372797]}},
{"type":"Feature","properties":{"tg_type":"ECO.MARCHE","nom":"Marché de Muea","source_id":"way/454755821","source":"OSM_OSMFR_2026-10-03","statut":"IMPORTE","date_source":"2026-10-03","amenity":"marketplace","opening_hours":null,"nom_fr":null,"nom_en":null,"osm_type":"way","date_maj_objet":"2024-08-28","doublon_interne_suspect":null},"geometry":{"type":"Point","coordinates":[9.302986,4.171077]}},
{"type":"Feature","properties":{"tg_type":"ECO.MARCHE","nom":"Marché Oignon","source_id":"way/455805288","source":"OSM_OSMFR_2026-10-03","statut":"IMPORTE","date_source":"2026-10-03","amenity":"marketplace","opening_hours":null,"nom_fr":null,"nom_en":null,"osm_type":"way","date_maj_objet":"2016-11-25","doublon_interne_suspect":null},"geometry":{"type":"Point","coordinates":[9.717677,4.031086]}},
{"type":"Feature","properties":{"tg_type":"ECO.MARCHE","nom":"Marché Congo","source_id":"way/455844761","source":"OSM_OSMFR_2026-10-03","statut":"IMPORTE","date_source":"2026-10-03","amenity":"marketplace","opening_hours":null,"nom_fr":null,"nom_en":null,"osm_type":"way","date_maj_objet":"2016-11-28","doublon_interne_suspect":null},"geometry":{"type":"Point","coordinates":[9.703149,4.040574]}},
{"type":"Feature","properties":{"tg_type":"ECO.MARCHE","nom":"Marché du rail Ngwele","source_id":"way/456102684","source":"OSM_OSMFR_2026-10-03","statut":"IMPORTE","date_source":"2026-10-03","amenity":"marketplace","opening_hours":null,"nom_fr":null,"nom_en":null,"osm_type":"way","date_maj_objet":"2016-11-26","doublon_interne_suspect":null},"geometry":{"type":"Point","coordinates":[9.647547,4.094104]}},
{"type":"Feature","properties":{"tg_type":"ECO.MARCHE","nom":"Marché Logpom","source_id":"way/457411419","source":"OSM_OSMFR_2026-10-03","statut":"IMPORTE","date_source":"2026-10-03","amenity":"marketplace","opening_hours":null,"nom_fr":null,"nom_en":null,"osm_type":"way","date_maj_objet":"2016-12-03","doublon_interne_suspect":null},"geometry":{"type":"Point","coordinates":[9.76497,4.085462]}},
{"type":"Feature","properties":{"tg_type":"ECO.MARCHE","nom":"","source_id":"way/462174789","source":"OSM_OSMFR_2026-10-03","statut":"IMPORTE","date_source":"2026-10-03","amenity":"marketplace","opening_hours":null,"nom_fr":null,"nom_en":null,"osm_type":"way","date_maj_objet":"2016-12-30","doublon_interne_suspect":null},"geometry":{"type":"Point","coordinates":[9.32004,4.661413]}},
{"type":"Feature","properties":{"tg_type":"ECO.MARCHE","nom":"Marché","source_id":"way/477485900","source":"OSM_OSMFR_2026-10-03","statut":"IMPORTE","date_source":"2026-10-03","amenity":"marketplace","opening_hours":null,"nom_fr":null,"nom_en":null,"osm_type":"way","date_maj_objet":"2017-02-27","doublon_interne_suspect":null},"geometry":{"type":"Point","coordinates":[9.566102,4.49644]}},
{"type":"Feature","properties":{"tg_type":"ECO.MARCHE","nom":"Marché","source_id":"way/477649317","source":"OSM_OSMFR_2026-10-03","statut":"IMPORTE","date_source":"2026-10-03","amenity":"marketplace","opening_hours":null,"nom_fr":null,"nom_en":null,"osm_type":"way","date_maj_objet":"2017-02-28","doublon_interne_suspect":null},"geometry":{"type":"Point","coordinates":[9.567614,4.502374]}},
{"type":"Feature","properties":{"tg_type":"ECO.MARCHE","nom":"Marché de Maga","source_id":"way/477905128","source":"OSM_OSMFR_2026-10-03","statut":"IMPORTE","date_source":"2026-10-03","amenity":"marketplace","opening_hours":null,"nom_fr":null,"nom_en":null,"osm_type":"way","date_maj_objet":"2019-11-01","doublon_interne_suspect":null},"geometry":{"type":"Point","coordinates":[14.951469,10.84232]}},
{"type":"Feature","properties":{"tg_type":"ECO.MARCHE","nom":"Marché de Pouss","source_id":"way/477905132","source":"OSM_OSMFR_2026-10-03","statut":"IMPORTE","date_source":"2026-10-03","amenity":"marketplace","opening_hours":null,"nom_fr":null,"nom_en":null,"osm_type":"way","date_maj_objet":"2018-08-18","doublon_interne_suspect":null},"geometry":{"type":"Point","coordinates":[15.046814,10.84858]}},
{"type":"Feature","properties":{"tg_type":"ECO.MARCHE","nom":"Petit Marché de Pouss","source_id":"way/477905133","source":"OSM_OSMFR_2026-10-03","statut":"IMPORTE","date_source":"2026-10-03","amenity":"marketplace","opening_hours":null,"nom_fr":null,"nom_en":null,"osm_type":"way","date_maj_objet":"2018-08-18","doublon_interne_suspect":null},"geometry":{"type":"Point","coordinates":[15.055818,10.848482]}},
{"type":"Feature","properties":{"tg_type":"ECO.MARCHE","nom":"Marché","source_id":"way/477905134","source":"OSM_OSMFR_2026-10-03","statut":"IMPORTE","date_source":"2026-10-03","amenity":"marketplace","opening_hours":null,"nom_fr":null,"nom_en":null,"osm_type":"way","date_maj_objet":"2018-08-18","doublon_interne_suspect":null},"geometry":{"type":"Point","coordinates":[15.135795,10.569219]}},
{"type":"Feature","properties":{"tg_type":"ECO.MARCHE","nom":"Marché de Vele","source_id":"way/477905135","source":"OSM_OSMFR_2026-10-03","statut":"IMPORTE","date_source":"2026-10-03","amenity":"marketplace","opening_hours":null,"nom_fr":null,"nom_en":null,"osm_type":"way","date_maj_objet":"2018-08-18","doublon_interne_suspect":null},"geometry":{"type":"Point","coordinates":[15.188176,10.501698]}},
{"type":"Feature","properties":{"tg_type":"ECO.MARCHE","nom":"Marché de Kartoua","source_id":"way/477905136","source":"OSM_OSMFR_2026-10-03","statut":"IMPORTE","date_source":"2026-10-03","amenity":"marketplace","opening_hours":null,"nom_fr":null,"nom_en":null,"osm_type":"way","date_maj_objet":"2018-08-18","doublon_interne_suspect":null},"geometry":{"type":"Point","coordinates":[15.236571,10.462232]}},
{"type":"Feature","properties":{"tg_type":"ECO.MARCHE","nom":"Marché de Gabaraye","source_id":"way/477905283","source":"OSM_OSMFR_2026-10-03","statut":"IMPORTE","date_source":"2026-10-03","amenity":"marketplace","opening_hours":null,"nom_fr":null,"nom_en":null,"osm_type":"way","date_maj_objet":"2018-08-18","doublon_interne_suspect":null},"geometry":{"type":"Point","coordinates":[15.116481,10.456045]}},
{"type":"Feature","properties":{"tg_type":"ECO.MARCHE","nom":"Marché de Yagoua","source_id":"way/477905293","source":"OSM_OSMFR_2026-10-03","statut":"IMPORTE","date_source":"2026-10-03","amenity":"marketplace","opening_hours":null,"nom_fr":null,"nom_en":null,"osm_type":"way","date_maj_objet":"2017-03-01","doublon_interne_suspect":null},"geometry":{"type":"Point","coordinates":[15.232149,10.343619]}},
{"type":"Feature","properties":{"tg_type":"ECO.MARCHE","nom":"Marché de Kalfou","source_id":"way/477905312","source":"OSM_OSMFR_2026-10-03","statut":"IMPORTE","date_source":"2026-10-03","amenity":"marketplace","opening_hours":null,"nom_fr":null,"nom_en":null,"osm_type":"way","date_maj_objet":"2018-08-17","doublon_interne_suspect":null},"geometry":{"type":"Point","coordinates":[14.931849,10.286529]}},
{"type":"Feature","properties":{"tg_type":"ECO.MARCHE","nom":"Marché de Bougay","source_id":"way/477905319","source":"OSM_OSMFR_2026-10-03","statut":"IMPORTE","date_source":"2026-10-03","amenity":"marketplace","opening_hours":null,"nom_fr":null,"nom_en":null,"osm_type":"way","date_maj_objet":"2018-08-18","doublon_interne_suspect":null},"geometry":{"type":"Point","coordinates":[15.10385,10.252615]}},
{"type":"Feature","properties":{"tg_type":"ECO.MARCHE","nom":"Marche Dana","source_id":"way/477905320","source":"OSM_OSMFR_2026-10-03","statut":"IMPORTE","date_source":"2026-10-03","amenity":"marketplace","opening_hours":null,"nom_fr":null,"nom_en":null,"osm_type":"way","date_maj_objet":"2018-08-18","doublon_interne_suspect":null},"geometry":{"type":"Point","coordinates":[15.288573,10.238353]}},
{"type":"Feature","properties":{"tg_type":"ECO.MARCHE","nom":"Marche de Doukoula","source_id":"way/477905322","source":"OSM_OSMFR_2026-10-03","statut":"IMPORTE","date_source":"2026-10-03","amenity":"marketplace","opening_hours":null,"nom_fr":null,"nom_en":null,"osm_type":"way","date_maj_objet":"2022-03-02","doublon_interne_suspect":null},"geometry":{"type":"Point","coordinates":[14.970995,10.11602]}},
{"type":"Feature","properties":{"tg_type":"ECO.MARCHE","nom":"Marché","source_id":"way/478091194","source":"OSM_OSMFR_2026-10-03","statut":"IMPORTE","date_source":"2026-10-03","amenity":"marketplace","opening_hours":null,"nom_fr":null,"nom_en":null,"osm_type":"way","date_maj_objet":"2017-03-02","doublon_interne_suspect":null},"geometry":{"type":"Point","coordinates":[12.371638,4.668103]}},
{"type":"Feature","properties":{"tg_type":"ECO.MARCHE","nom":"Marché Central de Kouoptamo","source_id":"way/479508665","source":"OSM_OSMFR_2026-10-03","statut":"IMPORTE","date_source":"2026-10-03","amenity":"marketplace","opening_hours":null,"nom_fr":null,"nom_en":null,"osm_type":"way","date_maj_objet":"2017-03-09","doublon_interne_suspect":null},"geometry":{"type":"Point","coordinates":[10.610662,5.655329]}},
{"type":"Feature","properties":{"tg_type":"ECO.MARCHE","nom":"Marché","source_id":"way/480380127","source":"OSM_OSMFR_2026-10-03","statut":"IMPORTE","date_source":"2026-10-03","amenity":"marketplace","opening_hours":null,"nom_fr":null,"nom_en":null,"osm_type":"way","date_maj_objet":"2017-03-14","doublon_interne_suspect":null},"geometry":{"type":"Point","coordinates":[10.280557,5.556218]}},
{"type":"Feature","properties":{"tg_type":"ECO.MARCHE","nom":"Marché Big Mop","source_id":"way/481369126","source":"OSM_OSMFR_2026-10-03","statut":"IMPORTE","date_source":"2026-10-03","amenity":"marketplace","opening_hours":null,"nom_fr":null,"nom_en":null,"osm_type":"way","date_maj_objet":"2017-03-19","doublon_interne_suspect":null},"geometry":{"type":"Point","coordinates":[10.432596,5.484553]}},
{"type":"Feature","properties":{"tg_type":"ECO.MARCHE","nom":"Market","source_id":"way/481385291","source":"OSM_OSMFR_2026-10-03","statut":"IMPORTE","date_source":"2026-10-03","amenity":"marketplace","opening_hours":null,"nom_fr":null,"nom_en":null,"osm_type":"way","date_maj_objet":"2017-12-04","doublon_interne_suspect":null},"geometry":{"type":"Point","coordinates":[9.763211,5.861531]}},
{"type":"Feature","properties":{"tg_type":"ECO.MARCHE","nom":"Market","source_id":"way/481619424","source":"OSM_OSMFR_2026-10-03","statut":"IMPORTE","date_source":"2026-10-03","amenity":"marketplace","opening_hours":null,"nom_fr":null,"nom_en":null,"osm_type":"way","date_maj_objet":"2017-03-20","doublon_interne_suspect":null},"geometry":{"type":"Point","coordinates":[9.850189,5.488428]}},
{"type":"Feature","properties":{"tg_type":"ECO.MARCHE","nom":"Marché Maya","source_id":"way/483078963","source":"OSM_OSMFR_2026-10-03","statut":"IMPORTE","date_source":"2026-10-03","amenity":"marketplace","opening_hours":null,"nom_fr":null,"nom_en":null,"osm_type":"way","date_maj_objet":"2017-03-29","doublon_interne_suspect":null},"geometry":{"type":"Point","coordinates":[10.098477,5.517569]}},
{"type":"Feature","properties":{"tg_type":"ECO.MARCHE","nom":"Marché de Kyé-Ossi","source_id":"way/496384098","source":"OSM_OSMFR_2026-10-03","statut":"IMPORTE","date_source":"2026-10-03","amenity":"marketplace","opening_hours":null,"nom_fr":null,"nom_en":null,"osm_type":"way","date_maj_objet":"2022-06-25","doublon_interne_suspect":null},"geometry":{"type":"Point","coordinates":[11.338332,2.188756]}},
{"type":"Feature","properties":{"tg_type":"ECO.MARCHE","nom":"Marché de mbankomo","source_id":"way/516192454","source":"OSM_OSMFR_2026-10-03","statut":"IMPORTE","date_source":"2026-10-03","amenity":"marketplace","opening_hours":null,"nom_fr":null,"nom_en":null,"osm_type":"way","date_maj_objet":"2017-08-16","doublon_interne_suspect":null},"geometry":{"type":"Point","coordinates":[11.399639,3.790573]}},
{"type":"Feature","properties":{"tg_type":"ECO.MARCHE","nom":"Marché périodique de mbankomo","source_id":"way/516196132","source":"OSM_OSMFR_2026-10-03","statut":"IMPORTE","date_source":"2026-10-03","amenity":"marketplace","opening_hours":null,"nom_fr":null,"nom_en":null,"osm_type":"way","date_maj_objet":"2017-08-16","doublon_interne_suspect":null},"geometry":{"type":"Point","coordinates":[11.403173,3.790309]}},
{"type":"Feature","properties":{"tg_type":"ECO.MARCHE","nom":"Marché de Nomayos","source_id":"way/519122362","source":"OSM_OSMFR_2026-10-03","statut":"IMPORTE","date_source":"2026-10-03","amenity":"marketplace","opening_hours":null,"nom_fr":null,"nom_en":null,"osm_type":"way","date_maj_objet":"2025-01-31","doublon_interne_suspect":null},"geometry":{"type":"Point","coordinates":[11.431688,3.788654]}},
{"type":"Feature","properties":{"tg_type":"ECO.MARCHE","nom":"Marché Moderne de Nkolbikon","source_id":"way/532187121","source":"OSM_OSMFR_2026-10-03","statut":"IMPORTE","date_source":"2026-10-03","amenity":"marketplace","opening_hours":null,"nom_fr":null,"nom_en":null,"osm_type":"way","date_maj_objet":"2021-03-18","doublon_interne_suspect":null},"geometry":{"type":"Point","coordinates":[13.666713,4.571317]}},
{"type":"Feature","properties":{"tg_type":"ECO.MARCHE","nom":"Marché","source_id":"way/538760838","source":"OSM_OSMFR_2026-10-03","statut":"IMPORTE","date_source":"2026-10-03","amenity":"marketplace","opening_hours":null,"nom_fr":null,"nom_en":null,"osm_type":"way","date_maj_objet":"2017-11-06","doublon_interne_suspect":null},"geometry":{"type":"Point","coordinates":[11.805212,6.749401]}},
{"type":"Feature","properties":{"tg_type":"ECO.MARCHE","nom":"Marché","source_id":"way/538947182","source":"OSM_OSMFR_2026-10-03","statut":"IMPORTE","date_source":"2026-10-03","amenity":"marketplace","opening_hours":null,"nom_fr":null,"nom_en":null,"osm_type":"way","date_maj_objet":"2017-11-07","doublon_interne_suspect":null},"geometry":{"type":"Point","coordinates":[11.554166,6.50181]}},
{"type":"Feature","properties":{"tg_type":"ECO.MARCHE","nom":"Marché","source_id":"way/544880878","source":"OSM_OSMFR_2026-10-03","statut":"IMPORTE","date_source":"2026-10-03","amenity":"marketplace","opening_hours":null,"nom_fr":null,"nom_en":null,"osm_type":"way","date_maj_objet":"2020-04-27","doublon_interne_suspect":null},"geometry":{"type":"Point","coordinates":[10.27973,5.139939]}},
{"type":"Feature","properties":{"tg_type":"ECO.MARCHE","nom":"Marché","source_id":"way/546990848","source":"OSM_OSMFR_2026-10-03","statut":"IMPORTE","date_source":"2026-10-03","amenity":"marketplace","opening_hours":null,"nom_fr":null,"nom_en":null,"osm_type":"way","date_maj_objet":"2017-12-15","doublon_interne_suspect":null},"geometry":{"type":"Point","coordinates":[14.007914,10.588227]}},
{"type":"Feature","properties":{"tg_type":"ECO.MARCHE","nom":"Market","source_id":"way/556586984","source":"OSM_OSMFR_2026-10-03","statut":"IMPORTE","date_source":"2026-10-03","amenity":"marketplace","opening_hours":null,"nom_fr":null,"nom_en":null,"osm_type":"way","date_maj_objet":"2018-01-28","doublon_interne_suspect":null},"geometry":{"type":"Point","coordinates":[10.624756,5.937271]}},
{"type":"Feature","properties":{"tg_type":"ECO.MARCHE","nom":"Lassin Market","source_id":"way/556603319","source":"OSM_OSMFR_2026-10-03","statut":"IMPORTE","date_source":"2026-10-03","amenity":"marketplace","opening_hours":null,"nom_fr":null,"nom_en":null,"osm_type":"way","date_maj_objet":"2018-01-29","doublon_interne_suspect":null},"geometry":{"type":"Point","coordinates":[10.621753,6.443976]}},
{"type":"Feature","properties":{"tg_type":"ECO.MARCHE","nom":"Market","source_id":"way/557998843","source":"OSM_OSMFR_2026-10-03","statut":"IMPORTE","date_source":"2026-10-03","amenity":"marketplace","opening_hours":null,"nom_fr":null,"nom_en":null,"osm_type":"way","date_maj_objet":"2018-02-02","doublon_interne_suspect":null},"geometry":{"type":"Point","coordinates":[10.254208,6.117318]}},
{"type":"Feature","properties":{"tg_type":"ECO.MARCHE","nom":"Marché Central de Djoum","source_id":"way/570537044","source":"OSM_OSMFR_2026-10-03","statut":"IMPORTE","date_source":"2026-10-03","amenity":"marketplace","opening_hours":null,"nom_fr":null,"nom_en":null,"osm_type":"way","date_maj_objet":"2018-03-17","doublon_interne_suspect":null},"geometry":{"type":"Point","coordinates":[12.686841,2.67417]}},
{"type":"Feature","properties":{"tg_type":"ECO.MARCHE","nom":"","source_id":"way/579542463","source":"OSM_OSMFR_2026-10-03","statut":"IMPORTE","date_source":"2026-10-03","amenity":"marketplace","opening_hours":null,"nom_fr":null,"nom_en":null,"osm_type":"way","date_maj_objet":"2018-04-13","doublon_interne_suspect":null},"geometry":{"type":"Point","coordinates":[14.364823,4.434979]}},
{"type":"Feature","properties":{"tg_type":"ECO.MARCHE","nom":"","source_id":"way/583226560","source":"OSM_OSMFR_2026-10-03","statut":"IMPORTE","date_source":"2026-10-03","amenity":"marketplace","opening_hours":null,"nom_fr":null,"nom_en":null,"osm_type":"way","date_maj_objet":"2024-04-19","doublon_interne_suspect":null},"geometry":{"type":"Point","coordinates":[13.575535,4.378459]}},
{"type":"Feature","properties":{"tg_type":"ECO.MARCHE","nom":"Marché","source_id":"way/591761280","source":"OSM_OSMFR_2026-10-03","statut":"IMPORTE","date_source":"2026-10-03","amenity":"marketplace","opening_hours":null,"nom_fr":null,"nom_en":null,"osm_type":"way","date_maj_objet":"2024-05-14","doublon_interne_suspect":null},"geometry":{"type":"Point","coordinates":[13.271463,6.466374]}},
{"type":"Feature","properties":{"tg_type":"ECO.MARCHE","nom":"Grand marché Ngaoundéré","source_id":"way/596793813","source":"OSM_OSMFR_2026-10-03","statut":"IMPORTE","date_source":"2026-10-03","amenity":"marketplace","opening_hours":null,"nom_fr":null,"nom_en":null,"osm_type":"way","date_maj_objet":"2018-11-10","doublon_interne_suspect":null},"geometry":{"type":"Point","coordinates":[13.585504,7.320678]}},
{"type":"Feature","properties":{"tg_type":"ECO.MARCHE","nom":"Marché","source_id":"way/602021238","source":"OSM_OSMFR_2026-10-03","statut":"IMPORTE","date_source":"2026-10-03","amenity":"marketplace","opening_hours":null,"nom_fr":null,"nom_en":null,"osm_type":"way","date_maj_objet":"2018-06-26","doublon_interne_suspect":null},"geometry":{"type":"Point","coordinates":[9.821498,4.845601]}},
{"type":"Feature","properties":{"tg_type":"ECO.MARCHE","nom":"Market","source_id":"way/605592846","source":"OSM_OSMFR_2026-10-03","statut":"IMPORTE","date_source":"2026-10-03","amenity":"marketplace","opening_hours":null,"nom_fr":"Marché","nom_en":null,"osm_type":"way","date_maj_objet":"2023-05-08","doublon_interne_suspect":null},"geometry":{"type":"Point","coordinates":[9.40859,4.288103]}},
{"type":"Feature","properties":{"tg_type":"ECO.MARCHE","nom":"Market","source_id":"way/605740539","source":"OSM_OSMFR_2026-10-03","statut":"IMPORTE","date_source":"2026-10-03","amenity":"marketplace","opening_hours":null,"nom_fr":null,"nom_en":null,"osm_type":"way","date_maj_objet":"2024-08-26","doublon_interne_suspect":null},"geometry":{"type":"Point","coordinates":[9.426694,4.303302]}},
{"type":"Feature","properties":{"tg_type":"ECO.MARCHE","nom":"Marché B","source_id":"way/625853332","source":"OSM_OSMFR_2026-10-03","statut":"IMPORTE","date_source":"2026-10-03","amenity":"marketplace","opening_hours":null,"nom_fr":null,"nom_en":null,"osm_type":"way","date_maj_objet":"2018-09-16","doublon_interne_suspect":null},"geometry":{"type":"Point","coordinates":[9.937935,4.955687]}},
{"type":"Feature","properties":{"tg_type":"ECO.MARCHE","nom":"Marché Central","source_id":"way/625856015","source":"OSM_OSMFR_2026-10-03","statut":"IMPORTE","date_source":"2026-10-03","amenity":"marketplace","opening_hours":null,"nom_fr":null,"nom_en":null,"osm_type":"way","date_maj_objet":"2018-09-16","doublon_interne_suspect":null},"geometry":{"type":"Point","coordinates":[9.938796,4.956699]}},
{"type":"Feature","properties":{"tg_type":"ECO.MARCHE","nom":"Boutique au marché","source_id":"way/690433564","source":"OSM_OSMFR_2026-10-03","statut":"IMPORTE","date_source":"2026-10-03","amenity":"marketplace","opening_hours":null,"nom_fr":null,"nom_en":null,"osm_type":"way","date_maj_objet":"2019-05-16","doublon_interne_suspect":null},"geometry":{"type":"Point","coordinates":[12.97505,9.075663]}},
{"type":"Feature","properties":{"tg_type":"ECO.MARCHE","nom":"Marché","source_id":"way/720980796","source":"OSM_OSMFR_2026-10-03","statut":"IMPORTE","date_source":"2026-10-03","amenity":"marketplace","opening_hours":null,"nom_fr":null,"nom_en":null,"osm_type":"way","date_maj_objet":"2019-09-02","doublon_interne_suspect":null},"geometry":{"type":"Point","coordinates":[13.177768,3.987983]}},
{"type":"Feature","properties":{"tg_type":"ECO.MARCHE","nom":"marché d'ebebda","source_id":"way/721559880","source":"OSM_OSMFR_2026-10-03","statut":"IMPORTE","date_source":"2026-10-03","amenity":"marketplace","opening_hours":null,"nom_fr":null,"nom_en":null,"osm_type":"way","date_maj_objet":"2019-09-03","doublon_interne_suspect":null},"geometry":{"type":"Point","coordinates":[11.275914,4.360191]}},
{"type":"Feature","properties":{"tg_type":"ECO.MARCHE","nom":"Petit Marché De Roumdé Adja","source_id":"way/721961999","source":"OSM_OSMFR_2026-10-03","statut":"IMPORTE","date_source":"2026-10-03","amenity":"marketplace","opening_hours":null,"nom_fr":null,"nom_en":null,"osm_type":"way","date_maj_objet":"2019-09-04","doublon_interne_suspect":null},"geometry":{"type":"Point","coordinates":[13.393533,9.322008]}},
{"type":"Feature","properties":{"tg_type":"ECO.MARCHE","nom":"Marché De Poumpoumré","source_id":"way/721962789","source":"OSM_OSMFR_2026-10-03","statut":"IMPORTE","date_source":"2026-10-03","amenity":"marketplace","opening_hours":null,"nom_fr":null,"nom_en":null,"osm_type":"way","date_maj_objet":"2019-09-04","doublon_interne_suspect":null},"geometry":{"type":"Point","coordinates":[13.414159,9.333832]}},
{"type":"Feature","properties":{"tg_type":"ECO.MARCHE","nom":"Marché De La Base","source_id":"way/721966643","source":"OSM_OSMFR_2026-10-03","statut":"IMPORTE","date_source":"2026-10-03","amenity":"marketplace","opening_hours":null,"nom_fr":null,"nom_en":null,"osm_type":"way","date_maj_objet":"2019-09-04","doublon_interne_suspect":null},"geometry":{"type":"Point","coordinates":[13.387555,9.344333]}},
{"type":"Feature","properties":{"tg_type":"ECO.MARCHE","nom":"Marché Périodique","source_id":"way/721969495","source":"OSM_OSMFR_2026-10-03","statut":"IMPORTE","date_source":"2026-10-03","amenity":"marketplace","opening_hours":null,"nom_fr":null,"nom_en":null,"osm_type":"way","date_maj_objet":"2019-09-04","doublon_interne_suspect":null},"geometry":{"type":"Point","coordinates":[13.394231,9.348938]}},
{"type":"Feature","properties":{"tg_type":"ECO.MARCHE","nom":"Marché de Dadjè","source_id":"way/721971519","source":"OSM_OSMFR_2026-10-03","statut":"IMPORTE","date_source":"2026-10-03","amenity":"marketplace","opening_hours":null,"nom_fr":null,"nom_en":null,"osm_type":"way","date_maj_objet":"2026-07-06","doublon_interne_suspect":null},"geometry":{"type":"Point","coordinates":[13.342518,9.267017]}},
{"type":"Feature","properties":{"tg_type":"ECO.MARCHE","nom":"Petit Marché","source_id":"way/721973444","source":"OSM_OSMFR_2026-10-03","statut":"IMPORTE","date_source":"2026-10-03","amenity":"marketplace","opening_hours":null,"nom_fr":null,"nom_en":null,"osm_type":"way","date_maj_objet":"2019-09-04","doublon_interne_suspect":null},"geometry":{"type":"Point","coordinates":[13.379091,9.285593]}},
{"type":"Feature","properties":{"tg_type":"ECO.MARCHE","nom":"Ancien Petit Marché","source_id":"way/721973800","source":"OSM_OSMFR_2026-10-03","statut":"IMPORTE","date_source":"2026-10-03","amenity":"marketplace","opening_hours":null,"nom_fr":null,"nom_en":null,"osm_type":"way","date_maj_objet":"2019-09-04","doublon_interne_suspect":null},"geometry":{"type":"Point","coordinates":[13.387938,9.293515]}},
{"type":"Feature","properties":{"tg_type":"ECO.MARCHE","nom":"Marché Collivess","source_id":"way/721974081","source":"OSM_OSMFR_2026-10-03","statut":"IMPORTE","date_source":"2026-10-03","amenity":"marketplace","opening_hours":null,"nom_fr":null,"nom_en":null,"osm_type":"way","date_maj_objet":"2019-09-04","doublon_interne_suspect":null},"geometry":{"type":"Point","coordinates":[13.387224,9.296863]}},
{"type":"Feature","properties":{"tg_type":"ECO.MARCHE","nom":"Marché Noir","source_id":"way/721974758","source":"OSM_OSMFR_2026-10-03","statut":"IMPORTE","date_source":"2026-10-03","amenity":"marketplace","opening_hours":null,"nom_fr":null,"nom_en":null,"osm_type":"way","date_maj_objet":"2019-09-04","doublon_interne_suspect":null},"geometry":{"type":"Point","coordinates":[13.384992,9.300508]}},
{"type":"Feature","properties":{"tg_type":"ECO.MARCHE","nom":"Petit Marché Camp chinois","source_id":"way/721976326","source":"OSM_OSMFR_2026-10-03","statut":"IMPORTE","date_source":"2026-10-03","amenity":"marketplace","opening_hours":null,"nom_fr":null,"nom_en":null,"osm_type":"way","date_maj_objet":"2019-09-04","doublon_interne_suspect":null},"geometry":{"type":"Point","coordinates":[13.375281,9.295592]}},
{"type":"Feature","properties":{"tg_type":"ECO.MARCHE","nom":"Petit Marché De Wouro Hourso","source_id":"way/721976804","source":"OSM_OSMFR_2026-10-03","statut":"IMPORTE","date_source":"2026-10-03","amenity":"marketplace","opening_hours":null,"nom_fr":null,"nom_en":null,"osm_type":"way","date_maj_objet":"2019-09-04","doublon_interne_suspect":null},"geometry":{"type":"Point","coordinates":[13.368108,9.294117]}},
{"type":"Feature","properties":{"tg_type":"ECO.MARCHE","nom":"Petit Marché Djagara","source_id":"way/721976999","source":"OSM_OSMFR_2026-10-03","statut":"IMPORTE","date_source":"2026-10-03","amenity":"marketplace","opening_hours":null,"nom_fr":null,"nom_en":null,"osm_type":"way","date_maj_objet":"2019-09-04","doublon_interne_suspect":null},"geometry":{"type":"Point","coordinates":[13.36845,9.304679]}},
{"type":"Feature","properties":{"tg_type":"ECO.MARCHE","nom":"Petit Marché De Djamboutou","source_id":"way/721977230","source":"OSM_OSMFR_2026-10-03","statut":"IMPORTE","date_source":"2026-10-03","amenity":"marketplace","opening_hours":null,"nom_fr":null,"nom_en":null,"osm_type":"way","date_maj_objet":"2021-05-03","doublon_interne_suspect":null},"geometry":{"type":"Point","coordinates":[13.3558,9.315548]}},
{"type":"Feature","properties":{"tg_type":"ECO.MARCHE","nom":"Marché coton","source_id":"way/752328350","source":"OSM_OSMFR_2026-10-03","statut":"IMPORTE","date_source":"2026-10-03","amenity":"marketplace","opening_hours":null,"nom_fr":null,"nom_en":null,"osm_type":"way","date_maj_objet":"2019-12-04","doublon_interne_suspect":null},"geometry":{"type":"Point","coordinates":[13.578964,9.086396]}},
{"type":"Feature","properties":{"tg_type":"ECO.MARCHE","nom":"Marché coton sabongarie","source_id":"way/752328351","source":"OSM_OSMFR_2026-10-03","statut":"IMPORTE","date_source":"2026-10-03","amenity":"marketplace","opening_hours":null,"nom_fr":null,"nom_en":null,"osm_type":"way","date_maj_objet":"2019-12-04","doublon_interne_suspect":null},"geometry":{"type":"Point","coordinates":[13.591058,9.077415]}},
{"type":"Feature","properties":{"tg_type":"ECO.MARCHE","nom":"Petit marché bame","source_id":"way/752328352","source":"OSM_OSMFR_2026-10-03","statut":"IMPORTE","date_source":"2026-10-03","amenity":"marketplace","opening_hours":null,"nom_fr":null,"nom_en":null,"osm_type":"way","date_maj_objet":"2019-12-04","doublon_interne_suspect":null},"geometry":{"type":"Point","coordinates":[13.59336,9.07716]}},
{"type":"Feature","properties":{"tg_type":"ECO.MARCHE","nom":"Marché de bame","source_id":"way/752328353","source":"OSM_OSMFR_2026-10-03","statut":"IMPORTE","date_source":"2026-10-03","amenity":"marketplace","opening_hours":null,"nom_fr":null,"nom_en":null,"osm_type":"way","date_maj_objet":"2019-12-04","doublon_interne_suspect":null},"geometry":{"type":"Point","coordinates":[13.596288,9.077656]}},
{"type":"Feature","properties":{"tg_type":"ECO.MARCHE","nom":"Marche de bokassa","source_id":"way/752328354","source":"OSM_OSMFR_2026-10-03","statut":"IMPORTE","date_source":"2026-10-03","amenity":"marketplace","opening_hours":null,"nom_fr":null,"nom_en":null,"osm_type":"way","date_maj_objet":"2019-12-04","doublon_interne_suspect":null},"geometry":{"type":"Point","coordinates":[13.66726,9.069687]}},
{"type":"Feature","properties":{"tg_type":"ECO.MARCHE","nom":"Marché de djiporde lagdo","source_id":"way/752328355","source":"OSM_OSMFR_2026-10-03","statut":"IMPORTE","date_source":"2026-10-03","amenity":"marketplace","opening_hours":null,"nom_fr":null,"nom_en":null,"osm_type":"way","date_maj_objet":"2026-04-08","doublon_interne_suspect":null},"geometry":{"type":"Point","coordinates":[13.671587,9.047316]}},
{"type":"Feature","properties":{"tg_type":"ECO.MARCHE","nom":"Petit marché de ouro kessoum marketplace","source_id":"way/752328356","source":"OSM_OSMFR_2026-10-03","statut":"IMPORTE","date_source":"2026-10-03","amenity":"marketplace","opening_hours":null,"nom_fr":null,"nom_en":null,"osm_type":"way","date_maj_objet":"2026-03-23","doublon_interne_suspect":null},"geometry":{"type":"Point","coordinates":[13.644018,9.037361]}},
{"type":"Feature","properties":{"tg_type":"ECO.MARCHE","nom":"","source_id":"way/753712676","source":"OSM_OSMFR_2026-10-03","statut":"IMPORTE","date_source":"2026-10-03","amenity":"marketplace","opening_hours":null,"nom_fr":null,"nom_en":null,"osm_type":"way","date_maj_objet":"2019-12-08","doublon_interne_suspect":null},"geometry":{"type":"Point","coordinates":[12.522044,3.904818]}},
{"type":"Feature","properties":{"tg_type":"ECO.MARCHE","nom":"Ideneau main market","source_id":"way/756230636","source":"OSM_OSMFR_2026-10-03","statut":"IMPORTE","date_source":"2026-10-03","amenity":"marketplace","opening_hours":null,"nom_fr":null,"nom_en":null,"osm_type":"way","date_maj_objet":"2021-03-22","doublon_interne_suspect":null},"geometry":{"type":"Point","coordinates":[8.993676,4.20331]}},
{"type":"Feature","properties":{"tg_type":"ECO.MARCHE","nom":"old Market","source_id":"way/757348386","source":"OSM_OSMFR_2026-10-03","statut":"IMPORTE","date_source":"2026-10-03","amenity":"marketplace","opening_hours":null,"nom_fr":null,"nom_en":null,"osm_type":"way","date_maj_objet":"2021-03-15","doublon_interne_suspect":null},"geometry":{"type":"Point","coordinates":[9.214731,4.010497]}},
{"type":"Feature","properties":{"tg_type":"ECO.MARCHE","nom":"Marché de Somalomo","source_id":"way/791485155","source":"OSM_OSMFR_2026-10-03","statut":"IMPORTE","date_source":"2026-10-03","amenity":"marketplace","opening_hours":null,"nom_fr":null,"nom_en":null,"osm_type":"way","date_maj_objet":"2023-04-03","doublon_interne_suspect":null},"geometry":{"type":"Point","coordinates":[12.734624,3.385928]}},
{"type":"Feature","properties":{"tg_type":"ECO.MARCHE","nom":"","source_id":"way/801724012","source":"OSM_OSMFR_2026-10-03","statut":"IMPORTE","date_source":"2026-10-03","amenity":"marketplace","opening_hours":null,"nom_fr":null,"nom_en":null,"osm_type":"way","date_maj_objet":"2020-05-08","doublon_interne_suspect":null},"geometry":{"type":"Point","coordinates":[11.637011,4.282879]}},
{"type":"Feature","properties":{"tg_type":"ECO.MARCHE","nom":"","source_id":"way/833154069","source":"OSM_OSMFR_2026-10-03","statut":"IMPORTE","date_source":"2026-10-03","amenity":"marketplace","opening_hours":null,"nom_fr":null,"nom_en":null,"osm_type":"way","date_maj_objet":"2020-08-02","doublon_interne_suspect":null},"geometry":{"type":"Point","coordinates":[11.20356,4.257608]}},
{"type":"Feature","properties":{"tg_type":"ECO.MARCHE","nom":"Marché de Batié - Tchomso","source_id":"way/84677434","source":"OSM_OSMFR_2026-10-03","statut":"IMPORTE","date_source":"2026-10-03","amenity":"marketplace","opening_hours":null,"nom_fr":null,"nom_en":null,"osm_type":"way","date_maj_objet":"2013-06-14","doublon_interne_suspect":null},"geometry":{"type":"Point","coordinates":[10.309953,5.305726]}},
{"type":"Feature","properties":{"tg_type":"ECO.MARCHE","nom":"Marché PK10","source_id":"way/855912602","source":"OSM_OSMFR_2026-10-03","statut":"IMPORTE","date_source":"2026-10-03","amenity":"marketplace","opening_hours":null,"nom_fr":null,"nom_en":null,"osm_type":"way","date_maj_objet":"2020-10-06","doublon_interne_suspect":null},"geometry":{"type":"Point","coordinates":[9.772666,4.04907]}},
{"type":"Feature","properties":{"tg_type":"ECO.MARCHE","nom":"Marché Kamdeng","source_id":"way/895218376","source":"OSM_OSMFR_2026-10-03","statut":"IMPORTE","date_source":"2026-10-03","amenity":"marketplace","opening_hours":null,"nom_fr":null,"nom_en":null,"osm_type":"way","date_maj_objet":"2021-01-14","doublon_interne_suspect":null},"geometry":{"type":"Point","coordinates":[10.443776,5.326055]}},
{"type":"Feature","properties":{"tg_type":"ECO.MARCHE","nom":"","source_id":"way/917366118","source":"OSM_OSMFR_2026-10-03","statut":"IMPORTE","date_source":"2026-10-03","amenity":"marketplace","opening_hours":null,"nom_fr":null,"nom_en":null,"osm_type":"way","date_maj_objet":"2021-03-15","doublon_interne_suspect":null},"geometry":{"type":"Point","coordinates":[11.97529,2.936395]}},
{"type":"Feature","properties":{"tg_type":"ECO.MARCHE","nom":"Marché Moderne de Sangmelima","source_id":"way/917374821","source":"OSM_OSMFR_2026-10-03","statut":"IMPORTE","date_source":"2026-10-03","amenity":"marketplace","opening_hours":null,"nom_fr":null,"nom_en":null,"osm_type":"way","date_maj_objet":"2021-03-15","doublon_interne_suspect":null},"geometry":{"type":"Point","coordinates":[11.957667,2.945686]}},
{"type":"Feature","properties":{"tg_type":"ECO.MARCHE","nom":"Marché Principal de Fundong","source_id":"way/933107490","source":"OSM_OSMFR_2026-10-03","statut":"IMPORTE","date_source":"2026-10-03","amenity":"marketplace","opening_hours":null,"nom_fr":"Marché Principal de Fundong","nom_en":null,"osm_type":"way","date_maj_objet":"2021-04-21","doublon_interne_suspect":null},"geometry":{"type":"Point","coordinates":[10.28411,6.279141]}},
{"type":"Feature","properties":{"tg_type":"ECO.MARCHE","nom":"Marché des Vivres & Fruits du Parcours Vita","source_id":"way/977035760","source":"OSM_OSMFR_2026-10-03","statut":"IMPORTE","date_source":"2026-10-03","amenity":"marketplace","opening_hours":null,"nom_fr":null,"nom_en":null,"osm_type":"way","date_maj_objet":"2022-08-07","doublon_interne_suspect":null},"geometry":{"type":"Point","coordinates":[11.501023,3.915153]}},
{"type":"Feature","properties":{"tg_type":"ECO.MARCHE","nom":"","source_id":"way/979742546","source":"OSM_OSMFR_2026-10-03","statut":"IMPORTE","date_source":"2026-10-03","amenity":"marketplace","opening_hours":null,"nom_fr":null,"nom_en":null,"osm_type":"way","date_maj_objet":"2021-09-05","doublon_interne_suspect":null},"geometry":{"type":"Point","coordinates":[10.193367,5.165997]}},
{"type":"Feature","properties":{"tg_type":"ECO.MARCHE","nom":"","source_id":"way/989859441","source":"OSM_OSMFR_2026-10-03","statut":"IMPORTE","date_source":"2026-10-03","amenity":"marketplace","opening_hours":null,"nom_fr":null,"nom_en":null,"osm_type":"way","date_maj_objet":"2021-10-05","doublon_interne_suspect":null},"geometry":{"type":"Point","coordinates":[15.447258,7.544129]}}
]}
