{
"type": "FeatureCollection",
"name": "aires_protegees_faune_minfof2018",
"xy_coordinate_resolution": 1e-06,
"features": [
{ "type": "Feature", "properties": { "tg_type": "FON.AIRE_PROTEGEE", "nom": "Bayang-Mbo", "source_id": "E3CE3E63-221F-417E-B82E-C0915BEA82EF", "source": "MINFOF_WRI_ATLAS_FORESTIER_SIG_2018", "statut": "IMPORTE", "date_source": "2016-12-13", "regime_tg": "AIRE_PROTEGEE", "categorie": "aire_protegee", "desc_type": "Sanctuaire de faune", "cat_uicn": "IV", "wdpaid": 20112.0, "statu_crea": "cree", "statu_amgt": "non_amenage", "date_prop": null, "date_crea": "1996-03-12", "date_amgt": null, "sup_adm_ha": 66000, "sup_sig_ha": 66347.0 }, "geometry": { "type": "MultiPolygon", "coordinates": [ [ [ [ 9.657821, 5.535918 ], [ 9.655887, 5.536459 ], [ 9.655273, 5.537325 ], [ 9.655351, 5.538291 ], [ 9.65589, 5.539259 ], [ 9.655999, 5.54066 ], [ 9.65513, 5.541822 ], [ 9.65385, 5.541847 ], [ 9.652244, 5.542093 ], [ 9.651649, 5.542184 ], [ 9.651007, 5.542872 ], [ 9.65009, 5.543742 ], [ 9.649081, 5.544521 ], [ 9.647836, 5.54627 ], [ 9.646869, 5.547132 ], [ 9.645794, 5.547241 ], [ 9.644075, 5.547459 ], [ 9.642732, 5.547664 ], [ 9.64182, 5.549615 ], [ 9.640793, 5.551103 ], [ 9.640193, 5.552203 ], [ 9.64032, 5.554033 ], [ 9.639676, 5.555542 ], [ 9.638942, 5.555966 ], [ 9.638482, 5.556668 ], [ 9.638301, 5.557718 ], [ 9.635377, 5.555762 ], [ 9.634193, 5.554363 ], [ 9.632687, 5.552964 ], [ 9.631074, 5.55275 ], [ 9.630536, 5.552105 ], [ 9.630319, 5.550597 ], [ 9.62978, 5.548874 ], [ 9.629135, 5.548336 ], [ 9.627521, 5.547369 ], [ 9.62709, 5.546615 ], [ 9.626874, 5.54543 ], [ 9.626872, 5.543061 ], [ 9.626547, 5.541015 ], [ 9.625256, 5.539939 ], [ 9.62375, 5.539294 ], [ 9.621708, 5.538758 ], [ 9.620202, 5.538005 ], [ 9.619233, 5.536821 ], [ 9.618266, 5.536499 ], [ 9.616868, 5.535855 ], [ 9.615685, 5.535317 ], [ 9.615469, 5.534671 ], [ 9.615898, 5.533701 ], [ 9.616649, 5.532731 ], [ 9.616797, 5.531948 ], [ 9.617078, 5.531007 ], [ 9.617937, 5.530791 ], [ 9.618583, 5.531113 ], [ 9.61955, 5.531435 ], [ 9.620626, 5.532727 ], [ 9.621808, 5.533329 ], [ 9.622991, 5.532294 ], [ 9.623097, 5.531001 ], [ 9.622988, 5.529493 ], [ 9.622878, 5.5268 ], [ 9.622876, 5.524882 ], [ 9.622875, 5.524754 ], [ 9.622982, 5.524 ], [ 9.623627, 5.523784 ], [ 9.625132, 5.523997 ], [ 9.626852, 5.523996 ], [ 9.629001, 5.523993 ], [ 9.631163, 5.523338 ], [ 9.631989, 5.522926 ], [ 9.632768, 5.522331 ], [ 9.633547, 5.52169 ], [ 9.634327, 5.520911 ], [ 9.635426, 5.520224 ], [ 9.636628, 5.519569 ], [ 9.638347, 5.518921 ], [ 9.639275, 5.518623 ], [ 9.63978, 5.517752 ], [ 9.64024, 5.516927 ], [ 9.640698, 5.516193 ], [ 9.642533, 5.513315 ], [ 9.642962, 5.512453 ], [ 9.642208, 5.511161 ], [ 9.641669, 5.509654 ], [ 9.641131, 5.508577 ], [ 9.641129, 5.506639 ], [ 9.639624, 5.506425 ], [ 9.638871, 5.506641 ], [ 9.636956, 5.508111 ], [ 9.635756, 5.507937 ], [ 9.634142, 5.506861 ], [ 9.632636, 5.504817 ], [ 9.631021, 5.502664 ], [ 9.63102, 5.501587 ], [ 9.631663, 5.500078 ], [ 9.631554, 5.498893 ], [ 9.630802, 5.498679 ], [ 9.629781, 5.499197 ], [ 9.629298, 5.499973 ], [ 9.62844, 5.500836 ], [ 9.627076, 5.501258 ], [ 9.62414, 5.500948 ], [ 9.621883, 5.501058 ], [ 9.619841, 5.50106 ], [ 9.619195, 5.500199 ], [ 9.618012, 5.4988 ], [ 9.616505, 5.497078 ], [ 9.614892, 5.496541 ], [ 9.612889, 5.496785 ], [ 9.612065, 5.496692 ], [ 9.611013, 5.496461 ], [ 9.610051, 5.496414 ], [ 9.60984, 5.495469 ], [ 9.609838, 5.494069 ], [ 9.609837, 5.492884 ], [ 9.608438, 5.49127 ], [ 9.606717, 5.490194 ], [ 9.606342, 5.488776 ], [ 9.607316, 5.488286 ], [ 9.608112, 5.487716 ], [ 9.608433, 5.485992 ], [ 9.609184, 5.485237 ], [ 9.610366, 5.484482 ], [ 9.611117, 5.483404 ], [ 9.610578, 5.482112 ], [ 9.60961, 5.481144 ], [ 9.608213, 5.481145 ], [ 9.607461, 5.481361 ], [ 9.604128, 5.480718 ], [ 9.60273, 5.479535 ], [ 9.602728, 5.478135 ], [ 9.601545, 5.476735 ], [ 9.599824, 5.475337 ], [ 9.598319, 5.474908 ], [ 9.597243, 5.473939 ], [ 9.597242, 5.47297 ], [ 9.597778, 5.472 ], [ 9.599066, 5.469629 ], [ 9.601641, 5.465641 ], [ 9.603143, 5.462946 ], [ 9.603787, 5.461869 ], [ 9.604215, 5.460468 ], [ 9.604214, 5.459499 ], [ 9.603783, 5.458206 ], [ 9.603782, 5.456806 ], [ 9.604345, 5.455699 ], [ 9.60517, 5.455287 ], [ 9.606498, 5.454831 ], [ 9.607598, 5.454511 ], [ 9.608615, 5.453893 ], [ 9.60883, 5.453354 ], [ 9.608721, 5.452385 ], [ 9.608075, 5.451308 ], [ 9.607537, 5.449909 ], [ 9.608018, 5.44897 ], [ 9.607642, 5.448401 ], [ 9.606566, 5.44657 ], [ 9.606329, 5.44579 ], [ 9.607747, 5.445061 ], [ 9.607853, 5.443553 ], [ 9.607528, 5.441615 ], [ 9.606989, 5.44 ], [ 9.607096, 5.439138 ], [ 9.607095, 5.438276 ], [ 9.606234, 5.436877 ], [ 9.604837, 5.43677 ], [ 9.603331, 5.436125 ], [ 9.601075, 5.436343 ], [ 9.59871, 5.435807 ], [ 9.597419, 5.434731 ], [ 9.59473, 5.432149 ], [ 9.592795, 5.431612 ], [ 9.592257, 5.431289 ], [ 9.59043, 5.431076 ], [ 9.589237, 5.431844 ], [ 9.588221, 5.432498 ], [ 9.586472, 5.432277 ], [ 9.584779, 5.434089 ], [ 9.583266, 5.434504 ], [ 9.579827, 5.433634 ], [ 9.577901, 5.433131 ], [ 9.576889, 5.433725 ], [ 9.575693, 5.434318 ], [ 9.574497, 5.435003 ], [ 9.573807, 5.435553 ], [ 9.572747, 5.436744 ], [ 9.572273, 5.437448 ], [ 9.570555, 5.438635 ], [ 9.56873, 5.441114 ], [ 9.567334, 5.442408 ], [ 9.566261, 5.443594 ], [ 9.565727, 5.447903 ], [ 9.56433, 5.448012 ], [ 9.563946, 5.447692 ], [ 9.562818, 5.446751 ], [ 9.561749, 5.44586 ], [ 9.557884, 5.449957 ], [ 9.556155, 5.449806 ], [ 9.551994, 5.449443 ], [ 9.548103, 5.449104 ], [ 9.54754, 5.448676 ], [ 9.543156, 5.445338 ], [ 9.539929, 5.442648 ], [ 9.536058, 5.440928 ], [ 9.535358, 5.441046 ], [ 9.490324, 5.383871 ], [ 9.48965, 5.382449 ], [ 9.489606, 5.381484 ], [ 9.489744, 5.380842 ], [ 9.490433, 5.379605 ], [ 9.490937, 5.379146 ], [ 9.492082, 5.378506 ], [ 9.492496, 5.378001 ], [ 9.492726, 5.377222 ], [ 9.492544, 5.376166 ], [ 9.492317, 5.375431 ], [ 9.491952, 5.374742 ], [ 9.491724, 5.373916 ], [ 9.491772, 5.372447 ], [ 9.492003, 5.371805 ], [ 9.492233, 5.370567 ], [ 9.492739, 5.369604 ], [ 9.493427, 5.368366 ], [ 9.493704, 5.367632 ], [ 9.493888, 5.366761 ], [ 9.493479, 5.365383 ], [ 9.493022, 5.364464 ], [ 9.492795, 5.363729 ], [ 9.492576, 5.362333 ], [ 9.493542, 5.361039 ], [ 9.493993, 5.360586 ], [ 9.494082, 5.360565 ], [ 9.495092, 5.359878 ], [ 9.494956, 5.358501 ], [ 9.494317, 5.357169 ], [ 9.494044, 5.356435 ], [ 9.493403, 5.355607 ], [ 9.492994, 5.354689 ], [ 9.492812, 5.353679 ], [ 9.49289, 5.351884 ], [ 9.493964, 5.351776 ], [ 9.495468, 5.351343 ], [ 9.496022, 5.350885 ], [ 9.496971, 5.349942 ], [ 9.497553, 5.348974 ], [ 9.49829, 5.348663 ], [ 9.498582, 5.34854 ], [ 9.500408, 5.347677 ], [ 9.501268, 5.347246 ], [ 9.502987, 5.347244 ], [ 9.503271, 5.347406 ], [ 9.503739, 5.347674 ], [ 9.504707, 5.347997 ], [ 9.505079, 5.347928 ], [ 9.505869, 5.347782 ], [ 9.508252, 5.347024 ], [ 9.509863, 5.346484 ], [ 9.511475, 5.345621 ], [ 9.512548, 5.344651 ], [ 9.514266, 5.343142 ], [ 9.514911, 5.343033 ], [ 9.516093, 5.34314 ], [ 9.517091, 5.343395 ], [ 9.518672, 5.342492 ], [ 9.519853, 5.342167 ], [ 9.520391, 5.342382 ], [ 9.521143, 5.34292 ], [ 9.522354, 5.344001 ], [ 9.523362, 5.343543 ], [ 9.524416, 5.342949 ], [ 9.52515, 5.342583 ], [ 9.526111, 5.342309 ], [ 9.526981, 5.342035 ], [ 9.527851, 5.341624 ], [ 9.528878, 5.340221 ], [ 9.529092, 5.339036 ], [ 9.529413, 5.337204 ], [ 9.529967, 5.335798 ], [ 9.53156, 5.334833 ], [ 9.532311, 5.334078 ], [ 9.533386, 5.333862 ], [ 9.534674, 5.333107 ], [ 9.535427, 5.333106 ], [ 9.536394, 5.333105 ], [ 9.537898, 5.333104 ], [ 9.539402, 5.333102 ], [ 9.540477, 5.332778 ], [ 9.541551, 5.332347 ], [ 9.542625, 5.332022 ], [ 9.543377, 5.33213 ], [ 9.543888, 5.332641 ], [ 9.544238, 5.33299 ], [ 9.544561, 5.333529 ], [ 9.545205, 5.33342 ], [ 9.54529, 5.333392 ], [ 9.54585, 5.333204 ], [ 9.546494, 5.332558 ], [ 9.547963, 5.331424 ], [ 9.549071, 5.330293 ], [ 9.549607, 5.328893 ], [ 9.549799, 5.327338 ], [ 9.54982, 5.327169 ], [ 9.54991, 5.325935 ], [ 9.550032, 5.32426 ], [ 9.550354, 5.322968 ], [ 9.551427, 5.321782 ], [ 9.552501, 5.320704 ], [ 9.553144, 5.31941 ], [ 9.553891, 5.317619 ], [ 9.554782, 5.316797 ], [ 9.555612, 5.315315 ], [ 9.556794, 5.314991 ], [ 9.557572, 5.314405 ], [ 9.557583, 5.314396 ], [ 9.557653, 5.314344 ], [ 9.55862, 5.314343 ], [ 9.560443, 5.313776 ], [ 9.561138, 5.312779 ], [ 9.561589, 5.312263 ], [ 9.562185, 5.311438 ], [ 9.562598, 5.310704 ], [ 9.562921, 5.309604 ], [ 9.562922, 5.308686 ], [ 9.563152, 5.307769 ], [ 9.5632, 5.306942 ], [ 9.563201, 5.30607 ], [ 9.563157, 5.304923 ], [ 9.562976, 5.304051 ], [ 9.562703, 5.302765 ], [ 9.562523, 5.30125 ], [ 9.562526, 5.299277 ], [ 9.562574, 5.298175 ], [ 9.562805, 5.296387 ], [ 9.562945, 5.295514 ], [ 9.563404, 5.294322 ], [ 9.563817, 5.29336 ], [ 9.564139, 5.292304 ], [ 9.564919, 5.291525 ], [ 9.56556, 5.290792 ], [ 9.56602, 5.289966 ], [ 9.566229, 5.288525 ], [ 9.566439, 5.287084 ], [ 9.565793, 5.285684 ], [ 9.565792, 5.284715 ], [ 9.566328, 5.283098 ], [ 9.566648, 5.281267 ], [ 9.566969, 5.279651 ], [ 9.567181, 5.276742 ], [ 9.567181, 5.276207 ], [ 9.56718, 5.274804 ], [ 9.567282, 5.274032 ], [ 9.567393, 5.273188 ], [ 9.56836, 5.27254 ], [ 9.569345, 5.272119 ], [ 9.569346, 5.271339 ], [ 9.569302, 5.270514 ], [ 9.569348, 5.269596 ], [ 9.569487, 5.268357 ], [ 9.569719, 5.267577 ], [ 9.569856, 5.266659 ], [ 9.570133, 5.266064 ], [ 9.57105, 5.264872 ], [ 9.571463, 5.264367 ], [ 9.571967, 5.263679 ], [ 9.573292, 5.262195 ], [ 9.573399, 5.261226 ], [ 9.574171, 5.259416 ], [ 9.574149, 5.258424 ], [ 9.575007, 5.25767 ], [ 9.576511, 5.256807 ], [ 9.57651, 5.255945 ], [ 9.576186, 5.254545 ], [ 9.576186, 5.253791 ], [ 9.577044, 5.252821 ], [ 9.577903, 5.251958 ], [ 9.579402, 5.250843 ], [ 9.580503, 5.250431 ], [ 9.581234, 5.250111 ], [ 9.581922, 5.249836 ], [ 9.582655, 5.248874 ], [ 9.58284, 5.247773 ], [ 9.583254, 5.24658 ], [ 9.583759, 5.245663 ], [ 9.585134, 5.244656 ], [ 9.586507, 5.244291 ], [ 9.587195, 5.243237 ], [ 9.588158, 5.242182 ], [ 9.588983, 5.241404 ], [ 9.590037, 5.240625 ], [ 9.590679, 5.240233 ], [ 9.591321, 5.239127 ], [ 9.592602, 5.239253 ], [ 9.593469, 5.238479 ], [ 9.593838, 5.23783 ], [ 9.593898, 5.237725 ], [ 9.594539, 5.237081 ], [ 9.594757, 5.236862 ], [ 9.595508, 5.235892 ], [ 9.596259, 5.234814 ], [ 9.596473, 5.233629 ], [ 9.596412, 5.232788 ], [ 9.59776, 5.231258 ], [ 9.598188, 5.230181 ], [ 9.598255, 5.229295 ], [ 9.598294, 5.22878 ], [ 9.598401, 5.228026 ], [ 9.599475, 5.227163 ], [ 9.600334, 5.227163 ], [ 9.601623, 5.226515 ], [ 9.602804, 5.226191 ], [ 9.602968, 5.226191 ], [ 9.603664, 5.22619 ], [ 9.604523, 5.226405 ], [ 9.605598, 5.226403 ], [ 9.606672, 5.226079 ], [ 9.607746, 5.226078 ], [ 9.609327, 5.226246 ], [ 9.610563, 5.225973 ], [ 9.611434, 5.225699 ], [ 9.612029, 5.225287 ], [ 9.612716, 5.224599 ], [ 9.613312, 5.223958 ], [ 9.613873, 5.223749 ], [ 9.614045, 5.223684 ], [ 9.614823, 5.223869 ], [ 9.616058, 5.2241 ], [ 9.616876, 5.224131 ], [ 9.617842, 5.22316 ], [ 9.617741, 5.222357 ], [ 9.617937, 5.222038 ], [ 9.619236, 5.220897 ], [ 9.619772, 5.219604 ], [ 9.619771, 5.218527 ], [ 9.61934, 5.217342 ], [ 9.618372, 5.21562 ], [ 9.617726, 5.214543 ], [ 9.617403, 5.213359 ], [ 9.617426, 5.213174 ], [ 9.617509, 5.212497 ], [ 9.618368, 5.212065 ], [ 9.619335, 5.212064 ], [ 9.620379, 5.212175 ], [ 9.621112, 5.211534 ], [ 9.621799, 5.210618 ], [ 9.622168, 5.209654 ], [ 9.622205, 5.208719 ], [ 9.622211, 5.208567 ], [ 9.622443, 5.208599 ], [ 9.622661, 5.207644 ], [ 9.623843, 5.207966 ], [ 9.62481, 5.207966 ], [ 9.625186, 5.207777 ], [ 9.625669, 5.207534 ], [ 9.625776, 5.206887 ], [ 9.625989, 5.205271 ], [ 9.625791, 5.204565 ], [ 9.626417, 5.202794 ], [ 9.626439, 5.202679 ], [ 9.62663, 5.201716 ], [ 9.627995, 5.200164 ], [ 9.628316, 5.199521 ], [ 9.628729, 5.19888 ], [ 9.62928, 5.197366 ], [ 9.629831, 5.196679 ], [ 9.63061, 5.195716 ], [ 9.631022, 5.195167 ], [ 9.631618, 5.194387 ], [ 9.632123, 5.193699 ], [ 9.632857, 5.192691 ], [ 9.633315, 5.192094 ], [ 9.633958, 5.191132 ], [ 9.634782, 5.190537 ], [ 9.635424, 5.189803 ], [ 9.636112, 5.189208 ], [ 9.636608, 5.188242 ], [ 9.637144, 5.18738 ], [ 9.637789, 5.188025 ], [ 9.638219, 5.188456 ], [ 9.638757, 5.188455 ], [ 9.639508, 5.187916 ], [ 9.640187, 5.187915 ], [ 9.640475, 5.187915 ], [ 9.641012, 5.187591 ], [ 9.641835, 5.186922 ], [ 9.642843, 5.185868 ], [ 9.643393, 5.185181 ], [ 9.643853, 5.184218 ], [ 9.644123, 5.183911 ], [ 9.644123, 5.183387 ], [ 9.644552, 5.182525 ], [ 9.645518, 5.18177 ], [ 9.646591, 5.181338 ], [ 9.647987, 5.180798 ], [ 9.649062, 5.180797 ], [ 9.649705, 5.180791 ], [ 9.65078, 5.180041 ], [ 9.651424, 5.179933 ], [ 9.65282, 5.179393 ], [ 9.653894, 5.178961 ], [ 9.654646, 5.17896 ], [ 9.656033, 5.178913 ], [ 9.656794, 5.178419 ], [ 9.65776, 5.178095 ], [ 9.658942, 5.177879 ], [ 9.66023, 5.177339 ], [ 9.661197, 5.176799 ], [ 9.662056, 5.176475 ], [ 9.662914, 5.175397 ], [ 9.663773, 5.174642 ], [ 9.664632, 5.174641 ], [ 9.665814, 5.174963 ], [ 9.666781, 5.175501 ], [ 9.667569, 5.175901 ], [ 9.667846, 5.174433 ], [ 9.668032, 5.173654 ], [ 9.668079, 5.172644 ], [ 9.668034, 5.171772 ], [ 9.668492, 5.170992 ], [ 9.66871, 5.170515 ], [ 9.668709, 5.169682 ], [ 9.669675, 5.168927 ], [ 9.669935, 5.168883 ], [ 9.670319, 5.168819 ], [ 9.669997, 5.168388 ], [ 9.669367, 5.167322 ], [ 9.669872, 5.166451 ], [ 9.67015, 5.164386 ], [ 9.67116, 5.162001 ], [ 9.671385, 5.160955 ], [ 9.670955, 5.16074 ], [ 9.670311, 5.16074 ], [ 9.669022, 5.160957 ], [ 9.66827, 5.160958 ], [ 9.667839, 5.159773 ], [ 9.667731, 5.158569 ], [ 9.66773, 5.157727 ], [ 9.668911, 5.157403 ], [ 9.66977, 5.157294 ], [ 9.670736, 5.156216 ], [ 9.671887, 5.156005 ], [ 9.672406, 5.155211 ], [ 9.673231, 5.154249 ], [ 9.674101, 5.15347 ], [ 9.674423, 5.152874 ], [ 9.674744, 5.152278 ], [ 9.67535, 5.151256 ], [ 9.675885, 5.149748 ], [ 9.676313, 5.147701 ], [ 9.676503, 5.146355 ], [ 9.676766, 5.146039 ], [ 9.677317, 5.145398 ], [ 9.677913, 5.144756 ], [ 9.678416, 5.14416 ], [ 9.679012, 5.143519 ], [ 9.679471, 5.142969 ], [ 9.679929, 5.142465 ], [ 9.681028, 5.141595 ], [ 9.681716, 5.141045 ], [ 9.683287, 5.139722 ], [ 9.684038, 5.139506 ], [ 9.685542, 5.139397 ], [ 9.686938, 5.139395 ], [ 9.688441, 5.138424 ], [ 9.689262, 5.137065 ], [ 9.738515, 5.154784 ], [ 9.747457, 5.163729 ], [ 9.749243, 5.169293 ], [ 9.751383, 5.170592 ], [ 9.753905, 5.171202 ], [ 9.754823, 5.172733 ], [ 9.755132, 5.174954 ], [ 9.755897, 5.176102 ], [ 9.755899, 5.17748 ], [ 9.757811, 5.179546 ], [ 9.759265, 5.181842 ], [ 9.759801, 5.183374 ], [ 9.761101, 5.184291 ], [ 9.763317, 5.184901 ], [ 9.76477, 5.185972 ], [ 9.764849, 5.18804 ], [ 9.76485, 5.189112 ], [ 9.765386, 5.190031 ], [ 9.766244, 5.189963 ], [ 9.766803, 5.190652 ], [ 9.76728, 5.19389 ], [ 9.767362, 5.196497 ], [ 9.767128, 5.198551 ], [ 9.766107, 5.201237 ], [ 9.765599, 5.201961 ], [ 9.765553, 5.20193 ], [ 9.764849, 5.20274 ], [ 9.764379, 5.205505 ], [ 9.764854, 5.207084 ], [ 9.764572, 5.208562 ], [ 9.764462, 5.209138 ], [ 9.763439, 5.210166 ], [ 9.76155, 5.211669 ], [ 9.761081, 5.214513 ], [ 9.759902, 5.216885 ], [ 9.759039, 5.219413 ], [ 9.75715, 5.220679 ], [ 9.756207, 5.222813 ], [ 9.754869, 5.224316 ], [ 9.752902, 5.225898 ], [ 9.750776, 5.227401 ], [ 9.749361, 5.229614 ], [ 9.748259, 5.230958 ], [ 9.747316, 5.233013 ], [ 9.747398, 5.235225 ], [ 9.746454, 5.236806 ], [ 9.745036, 5.237044 ], [ 9.744565, 5.237835 ], [ 9.744724, 5.239493 ], [ 9.743229, 5.241075 ], [ 9.74189, 5.241393 ], [ 9.740629, 5.240525 ], [ 9.73992, 5.240842 ], [ 9.739134, 5.242186 ], [ 9.737243, 5.242504 ], [ 9.737087, 5.243531 ], [ 9.735671, 5.245112 ], [ 9.735959, 5.245509 ], [ 9.73584, 5.245663 ], [ 9.735244, 5.246258 ], [ 9.734603, 5.246533 ], [ 9.733595, 5.247357 ], [ 9.733091, 5.247907 ], [ 9.732394, 5.248457 ], [ 9.731105, 5.248458 ], [ 9.729385, 5.247491 ], [ 9.727666, 5.247062 ], [ 9.726484, 5.247171 ], [ 9.724874, 5.248035 ], [ 9.723478, 5.248812 ], [ 9.720685, 5.249548 ], [ 9.718752, 5.250088 ], [ 9.717248, 5.250198 ], [ 9.716818, 5.24966 ], [ 9.716387, 5.248583 ], [ 9.715635, 5.248692 ], [ 9.715098, 5.249231 ], [ 9.714348, 5.250417 ], [ 9.712951, 5.250311 ], [ 9.712951, 5.250741 ], [ 9.713026, 5.251411 ], [ 9.71306, 5.251711 ], [ 9.712953, 5.252572 ], [ 9.712138, 5.253085 ], [ 9.712076, 5.253431 ], [ 9.711206, 5.254118 ], [ 9.710748, 5.25476 ], [ 9.710565, 5.255268 ], [ 9.710056, 5.255269 ], [ 9.70941, 5.254408 ], [ 9.708889, 5.254082 ], [ 9.7088, 5.254026 ], [ 9.707865, 5.254068 ], [ 9.707087, 5.254434 ], [ 9.706491, 5.255029 ], [ 9.70562, 5.256129 ], [ 9.705252, 5.257093 ], [ 9.704793, 5.258469 ], [ 9.703876, 5.260028 ], [ 9.703004, 5.260806 ], [ 9.701951, 5.26131 ], [ 9.700989, 5.261813 ], [ 9.699614, 5.262683 ], [ 9.699357, 5.262849 ], [ 9.698568, 5.262929 ], [ 9.697279, 5.262931 ], [ 9.69556, 5.262933 ], [ 9.694701, 5.263257 ], [ 9.694382, 5.264218 ], [ 9.694121, 5.264373 ], [ 9.693845, 5.26497 ], [ 9.69366, 5.265933 ], [ 9.693953, 5.26692 ], [ 9.693524, 5.267459 ], [ 9.693244, 5.267499 ], [ 9.692772, 5.267567 ], [ 9.691698, 5.268107 ], [ 9.691161, 5.268646 ], [ 9.691306, 5.269294 ], [ 9.691377, 5.269615 ], [ 9.69213, 5.270261 ], [ 9.692561, 5.270907 ], [ 9.692454, 5.271768 ], [ 9.691702, 5.271769 ], [ 9.691553, 5.27167 ], [ 9.690734, 5.271124 ], [ 9.689874, 5.270802 ], [ 9.688155, 5.270911 ], [ 9.687199, 5.271843 ], [ 9.686603, 5.272163 ], [ 9.686008, 5.272668 ], [ 9.68532, 5.273354 ], [ 9.685145, 5.273462 ], [ 9.684829, 5.274577 ], [ 9.683777, 5.27477 ], [ 9.683579, 5.275142 ], [ 9.68312, 5.2756 ], [ 9.683005, 5.277165 ], [ 9.683007, 5.278672 ], [ 9.683008, 5.279965 ], [ 9.682795, 5.28115 ], [ 9.682581, 5.282443 ], [ 9.682691, 5.284274 ], [ 9.683767, 5.286104 ], [ 9.684735, 5.287395 ], [ 9.685059, 5.288257 ], [ 9.684738, 5.289334 ], [ 9.683987, 5.290412 ], [ 9.683666, 5.29149 ], [ 9.684526, 5.292027 ], [ 9.685815, 5.292457 ], [ 9.686783, 5.292994 ], [ 9.687751, 5.293855 ], [ 9.688721, 5.294792 ], [ 9.689579, 5.294822 ], [ 9.689685, 5.294176 ], [ 9.68904, 5.29353 ], [ 9.688726, 5.292496 ], [ 9.689184, 5.291395 ], [ 9.689551, 5.290754 ], [ 9.69011, 5.289974 ], [ 9.690755, 5.289866 ], [ 9.692045, 5.290295 ], [ 9.69269, 5.291049 ], [ 9.693659, 5.292556 ], [ 9.694198, 5.293955 ], [ 9.694521, 5.295032 ], [ 9.695597, 5.296539 ], [ 9.696351, 5.297507 ], [ 9.696675, 5.298907 ], [ 9.697106, 5.299984 ], [ 9.698718, 5.301059 ], [ 9.700653, 5.301811 ], [ 9.701729, 5.302887 ], [ 9.701615, 5.303758 ], [ 9.700764, 5.304288 ], [ 9.700012, 5.304828 ], [ 9.700012, 5.305212 ], [ 9.700014, 5.306228 ], [ 9.700551, 5.306766 ], [ 9.701948, 5.30698 ], [ 9.704205, 5.306977 ], [ 9.706353, 5.306328 ], [ 9.707321, 5.307081 ], [ 9.707752, 5.308266 ], [ 9.707646, 5.309451 ], [ 9.707269, 5.309726 ], [ 9.706465, 5.310314 ], [ 9.704961, 5.310315 ], [ 9.703779, 5.310855 ], [ 9.703706, 5.311599 ], [ 9.703673, 5.311933 ], [ 9.703567, 5.312902 ], [ 9.703159, 5.313443 ], [ 9.701634, 5.314197 ], [ 9.700238, 5.314737 ], [ 9.698949, 5.315169 ], [ 9.69895, 5.315698 ], [ 9.69895, 5.315923 ], [ 9.698736, 5.316677 ], [ 9.699167, 5.317754 ], [ 9.699812, 5.318292 ], [ 9.700351, 5.319368 ], [ 9.700352, 5.320661 ], [ 9.700353, 5.321523 ], [ 9.700785, 5.323461 ], [ 9.701324, 5.324538 ], [ 9.701003, 5.325615 ], [ 9.70021, 5.326426 ], [ 9.700037, 5.327124 ], [ 9.700146, 5.328201 ], [ 9.701114, 5.328954 ], [ 9.702296, 5.328953 ], [ 9.703049, 5.329813 ], [ 9.703158, 5.33089 ], [ 9.703051, 5.331752 ], [ 9.702536, 5.332258 ], [ 9.702032, 5.332992 ], [ 9.701482, 5.333404 ], [ 9.700795, 5.334137 ], [ 9.700691, 5.335094 ], [ 9.700263, 5.336387 ], [ 9.700156, 5.336926 ], [ 9.701125, 5.338433 ], [ 9.702738, 5.339831 ], [ 9.704352, 5.341445 ], [ 9.705213, 5.342736 ], [ 9.705214, 5.344137 ], [ 9.704678, 5.344245 ], [ 9.703495, 5.344246 ], [ 9.703496, 5.344893 ], [ 9.703545, 5.345022 ], [ 9.703819, 5.345754 ], [ 9.70339, 5.346508 ], [ 9.702875, 5.34665 ], [ 9.702209, 5.346833 ], [ 9.70224, 5.347447 ], [ 9.701458, 5.34845 ], [ 9.701031, 5.350281 ], [ 9.700817, 5.351574 ], [ 9.699899, 5.352676 ], [ 9.698348, 5.3533 ], [ 9.697196, 5.35414 ], [ 9.697169, 5.35621 ], [ 9.696633, 5.357503 ], [ 9.696313, 5.359119 ], [ 9.696422, 5.361273 ], [ 9.695994, 5.362135 ], [ 9.694277, 5.364615 ], [ 9.693634, 5.365692 ], [ 9.693204, 5.366124 ], [ 9.692235, 5.366387 ], [ 9.690196, 5.366773 ], [ 9.689441, 5.367989 ], [ 9.689351, 5.368197 ], [ 9.689027, 5.368952 ], [ 9.688935, 5.369182 ], [ 9.688339, 5.369961 ], [ 9.687515, 5.371516 ], [ 9.686414, 5.372161 ], [ 9.684507, 5.37195 ], [ 9.682465, 5.371521 ], [ 9.681068, 5.371631 ], [ 9.680462, 5.372703 ], [ 9.680855, 5.373677 ], [ 9.680964, 5.374539 ], [ 9.680642, 5.375617 ], [ 9.679784, 5.37691 ], [ 9.679678, 5.378095 ], [ 9.679679, 5.379064 ], [ 9.679357, 5.379603 ], [ 9.678208, 5.37995 ], [ 9.677207, 5.379067 ], [ 9.676133, 5.378745 ], [ 9.674843, 5.378531 ], [ 9.673984, 5.379071 ], [ 9.673219, 5.380035 ], [ 9.673234, 5.38101 ], [ 9.673449, 5.381872 ], [ 9.67345, 5.382518 ], [ 9.673075, 5.382707 ], [ 9.672591, 5.38295 ], [ 9.67097, 5.383978 ], [ 9.670981, 5.385106 ], [ 9.671949, 5.385751 ], [ 9.672702, 5.386612 ], [ 9.673456, 5.387904 ], [ 9.673242, 5.388766 ], [ 9.672197, 5.38967 ], [ 9.671416, 5.389522 ], [ 9.670878, 5.388553 ], [ 9.670017, 5.387584 ], [ 9.668942, 5.387155 ], [ 9.667393, 5.387827 ], [ 9.666365, 5.388989 ], [ 9.665936, 5.389851 ], [ 9.665615, 5.391251 ], [ 9.665509, 5.392652 ], [ 9.666047, 5.392974 ], [ 9.668303, 5.392757 ], [ 9.6697, 5.392755 ], [ 9.671205, 5.393184 ], [ 9.671529, 5.394261 ], [ 9.671207, 5.394908 ], [ 9.670312, 5.39568 ], [ 9.669258, 5.396182 ], [ 9.668092, 5.395988 ], [ 9.666265, 5.39599 ], [ 9.664438, 5.3961 ], [ 9.663257, 5.396532 ], [ 9.663215, 5.397321 ], [ 9.663366, 5.39804 ], [ 9.663582, 5.399117 ], [ 9.66408, 5.399755 ], [ 9.665409, 5.399546 ], [ 9.667451, 5.399974 ], [ 9.669064, 5.400296 ], [ 9.669602, 5.401372 ], [ 9.669926, 5.402557 ], [ 9.670143, 5.404495 ], [ 9.669473, 5.405823 ], [ 9.669636, 5.405898 ], [ 9.750854, 5.461621 ], [ 9.74945, 5.465538 ], [ 9.748438, 5.466132 ], [ 9.747472, 5.466635 ], [ 9.746691, 5.467 ], [ 9.745541, 5.467594 ], [ 9.74453, 5.468096 ], [ 9.74338, 5.468828 ], [ 9.741954, 5.469696 ], [ 9.741264, 5.470153 ], [ 9.740343, 5.471345 ], [ 9.739927, 5.472217 ], [ 9.73997, 5.473136 ], [ 9.741692, 5.474747 ], [ 9.74352, 5.475714 ], [ 9.745133, 5.476251 ], [ 9.744812, 5.477652 ], [ 9.744815, 5.479698 ], [ 9.744819, 5.481531 ], [ 9.743744, 5.482931 ], [ 9.743853, 5.484331 ], [ 9.74407, 5.485946 ], [ 9.744716, 5.486699 ], [ 9.746328, 5.486697 ], [ 9.748155, 5.486372 ], [ 9.749338, 5.48734 ], [ 9.749447, 5.488309 ], [ 9.748374, 5.489495 ], [ 9.748268, 5.490788 ], [ 9.748699, 5.491541 ], [ 9.74773, 5.492984 ], [ 9.747303, 5.49366 ], [ 9.74718, 5.493855 ], [ 9.746812, 5.494451 ], [ 9.746656, 5.494816 ], [ 9.746537, 5.495093 ], [ 9.745372, 5.495531 ], [ 9.74419, 5.495963 ], [ 9.742256, 5.496612 ], [ 9.74129, 5.497259 ], [ 9.740765, 5.498115 ], [ 9.739141, 5.497693 ], [ 9.737529, 5.497695 ], [ 9.736562, 5.497911 ], [ 9.734842, 5.497913 ], [ 9.734079, 5.49861 ], [ 9.733483, 5.498746 ], [ 9.73307, 5.498989 ], [ 9.731729, 5.498557 ], [ 9.730168, 5.498185 ], [ 9.729021, 5.497906 ], [ 9.727047, 5.497395 ], [ 9.724844, 5.497067 ], [ 9.722915, 5.497429 ], [ 9.722084, 5.498804 ], [ 9.722916, 5.501267 ], [ 9.72367, 5.503097 ], [ 9.72464, 5.504927 ], [ 9.725179, 5.505896 ], [ 9.725179, 5.506542 ], [ 9.724858, 5.507404 ], [ 9.724645, 5.508805 ], [ 9.724647, 5.51042 ], [ 9.724325, 5.51139 ], [ 9.724541, 5.511713 ], [ 9.725617, 5.512789 ], [ 9.725833, 5.513435 ], [ 9.726371, 5.514511 ], [ 9.726695, 5.515803 ], [ 9.725997, 5.516588 ], [ 9.725584, 5.517047 ], [ 9.724576, 5.51755 ], [ 9.723843, 5.517916 ], [ 9.722973, 5.518466 ], [ 9.722331, 5.518924 ], [ 9.721735, 5.519428 ], [ 9.721971, 5.52001 ], [ 9.721542, 5.52098 ], [ 9.720846, 5.521242 ], [ 9.720683, 5.521304 ], [ 9.719607, 5.520767 ], [ 9.718425, 5.520768 ], [ 9.71775, 5.521259 ], [ 9.716375, 5.521991 ], [ 9.715871, 5.522358 ], [ 9.715184, 5.522816 ], [ 9.714679, 5.523458 ], [ 9.713945, 5.524328 ], [ 9.713212, 5.524694 ], [ 9.712707, 5.525107 ], [ 9.71202, 5.525656 ], [ 9.711471, 5.525931 ], [ 9.710737, 5.526435 ], [ 9.709145, 5.527373 ], [ 9.708867, 5.527613 ], [ 9.707575, 5.528725 ], [ 9.707043, 5.530153 ], [ 9.705603, 5.530696 ], [ 9.70468, 5.53134 ], [ 9.703389, 5.530911 ], [ 9.702422, 5.530912 ], [ 9.700794, 5.531837 ], [ 9.700704, 5.532422 ], [ 9.700705, 5.533499 ], [ 9.7006, 5.535115 ], [ 9.70001, 5.53569 ], [ 9.698881, 5.535656 ], [ 9.697053, 5.535227 ], [ 9.694903, 5.535122 ], [ 9.693783, 5.536186 ], [ 9.692774, 5.536919 ], [ 9.692237, 5.537371 ], [ 9.69168, 5.53631 ], [ 9.691248, 5.535018 ], [ 9.690387, 5.534265 ], [ 9.689419, 5.533189 ], [ 9.687484, 5.533084 ], [ 9.685871, 5.53287 ], [ 9.683614, 5.532873 ], [ 9.682109, 5.532875 ], [ 9.68125, 5.533199 ], [ 9.680175, 5.532985 ], [ 9.679149, 5.531792 ], [ 9.680437, 5.530739 ], [ 9.681771, 5.5301 ], [ 9.682599, 5.529414 ], [ 9.683658, 5.52859 ], [ 9.684146, 5.528349 ], [ 9.685174, 5.527554 ], [ 9.685542, 5.52727 ], [ 9.685864, 5.526192 ], [ 9.68511, 5.525439 ], [ 9.684142, 5.524686 ], [ 9.682529, 5.523934 ], [ 9.679841, 5.523183 ], [ 9.678013, 5.522755 ], [ 9.676294, 5.522757 ], [ 9.674036, 5.522221 ], [ 9.671643, 5.522582 ], [ 9.670679, 5.522349 ], [ 9.669577, 5.522392 ], [ 9.666619, 5.522337 ], [ 9.664793, 5.522769 ], [ 9.662751, 5.522987 ], [ 9.659742, 5.524068 ], [ 9.659052, 5.525253 ], [ 9.659208, 5.526438 ], [ 9.660391, 5.527514 ], [ 9.661467, 5.528697 ], [ 9.661576, 5.530098 ], [ 9.660689, 5.531 ], [ 9.660871, 5.531874 ], [ 9.66115, 5.533006 ], [ 9.662226, 5.534082 ], [ 9.662334, 5.534944 ], [ 9.661398, 5.535479 ], [ 9.660724, 5.535864 ], [ 9.659433, 5.535701 ], [ 9.657821, 5.535918 ] ] ] ] } },
{ "type": "Feature", "properties": { "tg_type": "FON.AIRE_PROTEGEE", "nom": "Kimbi-Fungom", "source_id": "C9F5481C-E07A-444E-B3FA-CD203A112053", "source": "MINFOF_WRI_ATLAS_FORESTIER_SIG_2018", "statut": "IMPORTE", "date_source": "2016-12-13", "regime_tg": "AIRE_PROTEGEE", "categorie": "aire_protegee", "desc_type": "Parc national", "cat_uicn": "II", "wdpaid": 146627.0, "statu_crea": "cree", "statu_amgt": "non_amenage", "date_prop": null, "date_crea": "2015-02-03", "date_amgt": null, "sup_adm_ha": 95380, "sup_sig_ha": 98980.0 }, "geometry": { "type": "MultiPolygon", "coordinates": [ [ [ [ 10.191555, 6.916418 ], [ 10.187631, 6.916056 ], [ 10.181444, 6.91596 ], [ 10.178494, 6.915294 ], [ 10.174687, 6.9132 ], [ 10.170308, 6.912915 ], [ 10.169642, 6.911963 ], [ 10.167358, 6.909393 ], [ 10.166882, 6.906728 ], [ 10.166977, 6.903873 ], [ 10.165835, 6.898352 ], [ 10.163931, 6.894355 ], [ 10.158221, 6.892451 ], [ 10.156127, 6.890357 ], [ 10.155175, 6.886741 ], [ 10.153081, 6.884266 ], [ 10.150416, 6.879888 ], [ 10.150987, 6.874748 ], [ 10.150416, 6.872273 ], [ 10.1475, 6.871967 ], [ 10.144737, 6.872887 ], [ 10.14136, 6.873348 ], [ 10.137216, 6.870125 ], [ 10.132304, 6.870125 ], [ 10.130462, 6.868743 ], [ 10.129848, 6.867515 ], [ 10.130155, 6.864292 ], [ 10.128927, 6.860148 ], [ 10.128774, 6.857538 ], [ 10.129695, 6.85232 ], [ 10.129695, 6.849096 ], [ 10.127853, 6.843571 ], [ 10.126625, 6.841575 ], [ 10.124597, 6.843936 ], [ 10.121406, 6.843417 ], [ 10.115113, 6.841268 ], [ 10.112964, 6.837738 ], [ 10.110048, 6.837585 ], [ 10.104676, 6.834975 ], [ 10.100992, 6.833287 ], [ 10.100378, 6.831291 ], [ 10.095707, 6.831525 ], [ 10.089386, 6.834628 ], [ 10.089941, 6.839426 ], [ 10.089173, 6.842036 ], [ 10.085029, 6.843264 ], [ 10.081038, 6.843878 ], [ 10.076382, 6.842863 ], [ 10.075697, 6.843065 ], [ 10.074364, 6.843145 ], [ 10.073091, 6.843775 ], [ 10.072019, 6.845089 ], [ 10.071202, 6.845523 ], [ 10.069979, 6.846335 ], [ 10.068753, 6.84701 ], [ 10.067163, 6.847877 ], [ 10.066596, 6.849087 ], [ 10.065954, 6.850988 ], [ 10.064702, 6.852445 ], [ 10.063501, 6.854083 ], [ 10.062712, 6.855667 ], [ 10.062375, 6.85687 ], [ 10.062107, 6.858991 ], [ 10.061211, 6.859979 ], [ 10.059426, 6.860392 ], [ 10.057542, 6.860532 ], [ 10.055243, 6.860682 ], [ 10.053544, 6.860863 ], [ 10.051812, 6.861551 ], [ 10.050421, 6.863011 ], [ 10.049306, 6.864418 ], [ 10.048048, 6.865599 ], [ 10.047056, 6.866451 ], [ 10.04572, 6.868231 ], [ 10.043809, 6.869153 ], [ 10.042264, 6.869928 ], [ 10.04121, 6.870138 ], [ 10.03953, 6.871055 ], [ 10.038303, 6.871683 ], [ 10.037319, 6.872811 ], [ 10.035955, 6.873535 ], [ 10.034548, 6.874306 ], [ 10.033109, 6.875675 ], [ 10.031983, 6.876669 ], [ 10.030938, 6.877102 ], [ 10.030106, 6.877606 ], [ 10.030008, 6.877144 ], [ 10.029869, 6.876134 ], [ 10.029823, 6.875169 ], [ 10.029777, 6.874526 ], [ 10.029685, 6.873654 ], [ 10.029639, 6.873103 ], [ 10.029593, 6.872551 ], [ 10.029547, 6.871954 ], [ 10.029409, 6.87099 ], [ 10.029271, 6.869934 ], [ 10.029225, 6.869291 ], [ 10.029178, 6.868372 ], [ 10.029087, 6.867821 ], [ 10.028949, 6.86727 ], [ 10.028627, 6.866489 ], [ 10.028397, 6.865939 ], [ 10.028167, 6.865341 ], [ 10.027984, 6.864836 ], [ 10.0278, 6.863918 ], [ 10.027708, 6.863367 ], [ 10.027478, 6.862356 ], [ 10.02734, 6.861622 ], [ 10.027156, 6.860749 ], [ 10.027064, 6.860107 ], [ 10.026926, 6.859188 ], [ 10.026788, 6.858499 ], [ 10.026558, 6.857489 ], [ 10.026421, 6.856754 ], [ 10.026374, 6.85602 ], [ 10.02642, 6.855376 ], [ 10.026466, 6.854871 ], [ 10.026465, 6.854228 ], [ 10.026282, 6.853218 ], [ 10.025547, 6.852713 ], [ 10.025409, 6.851702 ], [ 10.025408, 6.850784 ], [ 10.025409, 6.850049 ], [ 10.025408, 6.849223 ], [ 10.0255, 6.848212 ], [ 10.025545, 6.847294 ], [ 10.025545, 6.846375 ], [ 10.025637, 6.845549 ], [ 10.025636, 6.844768 ], [ 10.025637, 6.844033 ], [ 10.025682, 6.843298 ], [ 10.025682, 6.842563 ], [ 10.025727, 6.841829 ], [ 10.025774, 6.841139 ], [ 10.025865, 6.840175 ], [ 10.025727, 6.839348 ], [ 10.025405, 6.838752 ], [ 10.025038, 6.838246 ], [ 10.024808, 6.837649 ], [ 10.024762, 6.837145 ], [ 10.024808, 6.836134 ], [ 10.024854, 6.835537 ], [ 10.024945, 6.835032 ], [ 10.024991, 6.834527 ], [ 10.025083, 6.834022 ], [ 10.025037, 6.833425 ], [ 10.024853, 6.832598 ], [ 10.024807, 6.831771 ], [ 10.025082, 6.831312 ], [ 10.025404, 6.830806 ], [ 10.025679, 6.830072 ], [ 10.025954, 6.829383 ], [ 10.026321, 6.828327 ], [ 10.026091, 6.827224 ], [ 10.026045, 6.826489 ], [ 10.025999, 6.825938 ], [ 10.025861, 6.825296 ], [ 10.025769, 6.824055 ], [ 10.025723, 6.823321 ], [ 10.025677, 6.822724 ], [ 10.025631, 6.822035 ], [ 10.025539, 6.821438 ], [ 10.025584, 6.820611 ], [ 10.025447, 6.819371 ], [ 10.025355, 6.818636 ], [ 10.025309, 6.818039 ], [ 10.025078, 6.816937 ], [ 10.025032, 6.815973 ], [ 10.024986, 6.815468 ], [ 10.024711, 6.81432 ], [ 10.024619, 6.813814 ], [ 10.024527, 6.813171 ], [ 10.024343, 6.812575 ], [ 10.024067, 6.81184 ], [ 10.023838, 6.811059 ], [ 10.023745, 6.810554 ], [ 10.02347, 6.809406 ], [ 10.023332, 6.808625 ], [ 10.023332, 6.80812 ], [ 10.023515, 6.807064 ], [ 10.022688, 6.807018 ], [ 10.021908, 6.806834 ], [ 10.021357, 6.806789 ], [ 10.020852, 6.806789 ], [ 10.020163, 6.806835 ], [ 10.019566, 6.806881 ], [ 10.018969, 6.806881 ], [ 10.018143, 6.807019 ], [ 10.0175, 6.807478 ], [ 10.016949, 6.8078 ], [ 10.016444, 6.808076 ], [ 10.015985, 6.808443 ], [ 10.015526, 6.808857 ], [ 10.014883, 6.809316 ], [ 10.014287, 6.809913 ], [ 10.013827, 6.810143 ], [ 10.013093, 6.810373 ], [ 10.012358, 6.810465 ], [ 10.011715, 6.810603 ], [ 10.011072, 6.810787 ], [ 10.010246, 6.810925 ], [ 10.00942, 6.811017 ], [ 10.008455, 6.811247 ], [ 10.007629, 6.811476 ], [ 10.007123, 6.811568 ], [ 10.006205, 6.811661 ], [ 10.005517, 6.811798 ], [ 10.00469, 6.811798 ], [ 10.004047, 6.811753 ], [ 10.003221, 6.811891 ], [ 10.002486, 6.811937 ], [ 10.001981, 6.811937 ], [ 10.001384, 6.812029 ], [ 10.000466, 6.812305 ], [ 9.999977, 6.811341 ], [ 9.994965, 6.812092 ], [ 9.991085, 6.812593 ], [ 9.980572, 6.815596 ], [ 9.975566, 6.816973 ], [ 9.969433, 6.816222 ], [ 9.965178, 6.819601 ], [ 9.961423, 6.820603 ], [ 9.953163, 6.820352 ], [ 9.950034, 6.821354 ], [ 9.939771, 6.825108 ], [ 9.932638, 6.829113 ], [ 9.927381, 6.83049 ], [ 9.886759, 6.79138 ], [ 9.886418, 6.777393 ], [ 9.883348, 6.771935 ], [ 9.880074, 6.768351 ], [ 9.880619, 6.764941 ], [ 9.884371, 6.76443 ], [ 9.890341, 6.763577 ], [ 9.893923, 6.761359 ], [ 9.897676, 6.760507 ], [ 9.900917, 6.759313 ], [ 9.904816, 6.758864 ], [ 9.906521, 6.757779 ], [ 9.90838, 6.755145 ], [ 9.910859, 6.757934 ], [ 9.91405, 6.758801 ], [ 9.916562, 6.759143 ], [ 9.918452, 6.756384 ], [ 9.919382, 6.75437 ], [ 9.921861, 6.7553 ], [ 9.923721, 6.755145 ], [ 9.924651, 6.752201 ], [ 9.926355, 6.752201 ], [ 9.927595, 6.751581 ], [ 9.928989, 6.750341 ], [ 9.930384, 6.751426 ], [ 9.934413, 6.750806 ], [ 9.939526, 6.748947 ], [ 9.943245, 6.747552 ], [ 9.945725, 6.746777 ], [ 9.949909, 6.743678 ], [ 9.952388, 6.742903 ], [ 9.954092, 6.741509 ], [ 9.955797, 6.739494 ], [ 9.958896, 6.73748 ], [ 9.96153, 6.7381 ], [ 9.964939, 6.73779 ], [ 9.967109, 6.739339 ], [ 9.969588, 6.740269 ], [ 9.972222, 6.737945 ], [ 9.98183, 6.732366 ], [ 9.984774, 6.731591 ], [ 9.987563, 6.728957 ], [ 9.992987, 6.727717 ], [ 9.995311, 6.726478 ], [ 10.000379, 6.728511 ], [ 10.011274, 6.724858 ], [ 10.017415, 6.719911 ], [ 10.025432, 6.717182 ], [ 10.028161, 6.713941 ], [ 10.032425, 6.709166 ], [ 10.036689, 6.708313 ], [ 10.040442, 6.702684 ], [ 10.041465, 6.697737 ], [ 10.04283, 6.695179 ], [ 10.047094, 6.689721 ], [ 10.048117, 6.68648 ], [ 10.051699, 6.685456 ], [ 10.054087, 6.681704 ], [ 10.060739, 6.674028 ], [ 10.065345, 6.672152 ], [ 10.065515, 6.6655 ], [ 10.069609, 6.656119 ], [ 10.071997, 6.651343 ], [ 10.072508, 6.641279 ], [ 10.071826, 6.623711 ], [ 10.071485, 6.615012 ], [ 10.07302, 6.606824 ], [ 10.079029, 6.605547 ], [ 10.123529, 6.645533 ], [ 10.127597, 6.644773 ], [ 10.131737, 6.641775 ], [ 10.135592, 6.639919 ], [ 10.141588, 6.639205 ], [ 10.144301, 6.636064 ], [ 10.149012, 6.633209 ], [ 10.148727, 6.631924 ], [ 10.146871, 6.62707 ], [ 10.148298, 6.623644 ], [ 10.15558, 6.619932 ], [ 10.160291, 6.615934 ], [ 10.163146, 6.613222 ], [ 10.164717, 6.610509 ], [ 10.163432, 6.604798 ], [ 10.166573, 6.599373 ], [ 10.17057, 6.597089 ], [ 10.173854, 6.604798 ], [ 10.180707, 6.608939 ], [ 10.180136, 6.61365 ], [ 10.181849, 6.617362 ], [ 10.18399, 6.618218 ], [ 10.18399, 6.627498 ], [ 10.184561, 6.632352 ], [ 10.185846, 6.635208 ], [ 10.185275, 6.636635 ], [ 10.187131, 6.639205 ], [ 10.188559, 6.643203 ], [ 10.19327, 6.656195 ], [ 10.194983, 6.657194 ], [ 10.197268, 6.663476 ], [ 10.201551, 6.66419 ], [ 10.206405, 6.665617 ], [ 10.209403, 6.663761 ], [ 10.213972, 6.661763 ], [ 10.216113, 6.664475 ], [ 10.220253, 6.663904 ], [ 10.222823, 6.661334 ], [ 10.22368, 6.657765 ], [ 10.224108, 6.65391 ], [ 10.226821, 6.652768 ], [ 10.236243, 6.65748 ], [ 10.239099, 6.660478 ], [ 10.24381, 6.661191 ], [ 10.247665, 6.664332 ], [ 10.250377, 6.666331 ], [ 10.253375, 6.662762 ], [ 10.256722, 6.664115 ], [ 10.27228, 6.678283 ], [ 10.277919, 6.665724 ], [ 10.273191, 6.656204 ], [ 10.271221, 6.654481 ], [ 10.270793, 6.652911 ], [ 10.271935, 6.650198 ], [ 10.274933, 6.650198 ], [ 10.281072, 6.64977 ], [ 10.287782, 6.647343 ], [ 10.290923, 6.647914 ], [ 10.294064, 6.64977 ], [ 10.293779, 6.6472 ], [ 10.29335, 6.643631 ], [ 10.293772, 6.640107 ], [ 10.320333, 6.635636 ], [ 10.32293, 6.62604 ], [ 10.327329, 6.62707 ], [ 10.342462, 6.627784 ], [ 10.345221, 6.628748 ], [ 10.348166, 6.625676 ], [ 10.348201, 6.625577 ], [ 10.348339, 6.624979 ], [ 10.348384, 6.624429 ], [ 10.348246, 6.623832 ], [ 10.348153, 6.623281 ], [ 10.348244, 6.622592 ], [ 10.348106, 6.621995 ], [ 10.348289, 6.620893 ], [ 10.348288, 6.619699 ], [ 10.348379, 6.618597 ], [ 10.348516, 6.617724 ], [ 10.348561, 6.61676 ], [ 10.348606, 6.615979 ], [ 10.348743, 6.614831 ], [ 10.348788, 6.613958 ], [ 10.348924, 6.61281 ], [ 10.349016, 6.611984 ], [ 10.348923, 6.611019 ], [ 10.349013, 6.609137 ], [ 10.349059, 6.608126 ], [ 10.348919, 6.605739 ], [ 10.348781, 6.604958 ], [ 10.348734, 6.60404 ], [ 10.348733, 6.603351 ], [ 10.348778, 6.602524 ], [ 10.348823, 6.601605 ], [ 10.348961, 6.600825 ], [ 10.349281, 6.599998 ], [ 10.349556, 6.599171 ], [ 10.349739, 6.598666 ], [ 10.349876, 6.597977 ], [ 10.349967, 6.597334 ], [ 10.350059, 6.596232 ], [ 10.349783, 6.595727 ], [ 10.349644, 6.595039 ], [ 10.349598, 6.59435 ], [ 10.349598, 6.593799 ], [ 10.349688, 6.593064 ], [ 10.34978, 6.592237 ], [ 10.350649, 6.588792 ], [ 10.351473, 6.585715 ], [ 10.35161, 6.584934 ], [ 10.351792, 6.583878 ], [ 10.351883, 6.582822 ], [ 10.351882, 6.581949 ], [ 10.351973, 6.580939 ], [ 10.35211, 6.579975 ], [ 10.352247, 6.579056 ], [ 10.35243, 6.578184 ], [ 10.352521, 6.577448 ], [ 10.352933, 6.576208 ], [ 10.353069, 6.574555 ], [ 10.35316, 6.573361 ], [ 10.353251, 6.57235 ], [ 10.353204, 6.570789 ], [ 10.353249, 6.56955 ], [ 10.353156, 6.568172 ], [ 10.353109, 6.567116 ], [ 10.353108, 6.566519 ], [ 10.353291, 6.565462 ], [ 10.353382, 6.563947 ], [ 10.353381, 6.563258 ], [ 10.353426, 6.561881 ], [ 10.353471, 6.560917 ], [ 10.353424, 6.559401 ], [ 10.353561, 6.558345 ], [ 10.353698, 6.557289 ], [ 10.353926, 6.556095 ], [ 10.354292, 6.555038 ], [ 10.354566, 6.553936 ], [ 10.354841, 6.552741 ], [ 10.354978, 6.551823 ], [ 10.355115, 6.551134 ], [ 10.35516, 6.550445 ], [ 10.355114, 6.549665 ], [ 10.355067, 6.548884 ], [ 10.354883, 6.548058 ], [ 10.35479, 6.547277 ], [ 10.354744, 6.546359 ], [ 10.354698, 6.545532 ], [ 10.35488, 6.544797 ], [ 10.355064, 6.5442 ], [ 10.355292, 6.543557 ], [ 10.355521, 6.542868 ], [ 10.355888, 6.542225 ], [ 10.356438, 6.541535 ], [ 10.35708, 6.540938 ], [ 10.357767, 6.540203 ], [ 10.358318, 6.539697 ], [ 10.358822, 6.539146 ], [ 10.359372, 6.53841 ], [ 10.359922, 6.537721 ], [ 10.360473, 6.537216 ], [ 10.361068, 6.536572 ], [ 10.361527, 6.535746 ], [ 10.361985, 6.534918 ], [ 10.362489, 6.534091 ], [ 10.362718, 6.53354 ], [ 10.362992, 6.532346 ], [ 10.363267, 6.531611 ], [ 10.362518, 6.530493 ], [ 10.362904, 6.52938 ], [ 10.3632, 6.528407 ], [ 10.363, 6.527768 ], [ 10.362918, 6.526392 ], [ 10.363974, 6.525472 ], [ 10.366013, 6.529916 ], [ 10.366605, 6.53139 ], [ 10.367656, 6.532819 ], [ 10.368847, 6.533652 ], [ 10.370682, 6.534396 ], [ 10.372654, 6.535233 ], [ 10.374667, 6.537311 ], [ 10.375714, 6.539843 ], [ 10.375984, 6.541361 ], [ 10.376389, 6.543477 ], [ 10.376198, 6.545315 ], [ 10.375779, 6.54683 ], [ 10.374575, 6.549214 ], [ 10.372214, 6.553799 ], [ 10.373073, 6.557296 ], [ 10.373895, 6.558771 ], [ 10.375721, 6.561629 ], [ 10.375898, 6.563468 ], [ 10.375847, 6.564754 ], [ 10.376436, 6.566779 ], [ 10.377486, 6.568668 ], [ 10.377937, 6.570555 ], [ 10.377877, 6.574415 ], [ 10.376996, 6.576525 ], [ 10.37431, 6.581982 ], [ 10.374856, 6.583363 ], [ 10.376048, 6.584013 ], [ 10.377287, 6.584248 ], [ 10.380545, 6.585504 ], [ 10.381687, 6.587026 ], [ 10.384251, 6.589198 ], [ 10.385349, 6.590445 ], [ 10.386172, 6.591781 ], [ 10.3886, 6.593447 ], [ 10.389888, 6.593131 ], [ 10.3909, 6.592722 ], [ 10.392968, 6.592594 ], [ 10.394487, 6.591958 ], [ 10.39573, 6.591274 ], [ 10.396743, 6.590636 ], [ 10.397527, 6.58995 ], [ 10.398911, 6.588578 ], [ 10.40232, 6.586112 ], [ 10.4042, 6.58704 ], [ 10.405161, 6.587872 ], [ 10.406487, 6.589578 ], [ 10.410062, 6.592031 ], [ 10.411588, 6.592182 ], [ 10.4129, 6.593701 ], [ 10.413754, 6.59469 ], [ 10.414247, 6.595964 ], [ 10.414499, 6.596785 ], [ 10.414838, 6.597419 ], [ 10.415939, 6.599091 ], [ 10.416421, 6.599906 ], [ 10.415885, 6.600517 ], [ 10.415411, 6.601009 ], [ 10.415045, 6.600948 ], [ 10.414356, 6.601132 ], [ 10.413577, 6.601225 ], [ 10.412888, 6.601226 ], [ 10.412292, 6.601364 ], [ 10.411787, 6.601319 ], [ 10.411099, 6.601181 ], [ 10.410594, 6.601044 ], [ 10.410405, 6.600893 ], [ 10.409171, 6.601137 ], [ 10.408482, 6.600816 ], [ 10.407473, 6.601001 ], [ 10.40683, 6.601277 ], [ 10.40628, 6.601599 ], [ 10.405867, 6.601921 ], [ 10.405455, 6.602473 ], [ 10.40495, 6.602795 ], [ 10.404217, 6.603255 ], [ 10.403437, 6.603439 ], [ 10.402702, 6.603578 ], [ 10.402152, 6.603578 ], [ 10.401372, 6.603716 ], [ 10.400637, 6.603717 ], [ 10.399995, 6.603855 ], [ 10.399307, 6.60404 ], [ 10.398711, 6.604362 ], [ 10.39839, 6.605143 ], [ 10.398161, 6.605832 ], [ 10.397932, 6.606567 ], [ 10.397795, 6.607348 ], [ 10.39775, 6.60822 ], [ 10.397889, 6.609138 ], [ 10.398211, 6.609873 ], [ 10.398533, 6.610607 ], [ 10.398855, 6.611341 ], [ 10.398902, 6.612168 ], [ 10.398489, 6.612949 ], [ 10.398123, 6.613362 ], [ 10.397756, 6.61396 ], [ 10.39771, 6.614465 ], [ 10.397711, 6.615246 ], [ 10.396886, 6.615705 ], [ 10.396243, 6.615339 ], [ 10.395646, 6.61511 ], [ 10.395325, 6.615753 ], [ 10.395188, 6.616717 ], [ 10.395281, 6.617498 ], [ 10.395373, 6.618095 ], [ 10.39542, 6.61938 ], [ 10.395421, 6.62039 ], [ 10.394687, 6.620667 ], [ 10.393907, 6.621035 ], [ 10.393771, 6.621954 ], [ 10.394092, 6.62278 ], [ 10.394415, 6.623606 ], [ 10.394737, 6.624432 ], [ 10.395151, 6.625442 ], [ 10.395427, 6.626314 ], [ 10.395657, 6.626911 ], [ 10.395887, 6.627416 ], [ 10.396254, 6.627875 ], [ 10.396622, 6.628472 ], [ 10.396944, 6.62893 ], [ 10.39699, 6.629987 ], [ 10.397174, 6.630537 ], [ 10.397313, 6.631226 ], [ 10.396579, 6.631961 ], [ 10.396029, 6.632192 ], [ 10.395248, 6.632284 ], [ 10.394515, 6.632423 ], [ 10.393826, 6.632607 ], [ 10.393092, 6.632791 ], [ 10.39245, 6.633021 ], [ 10.391853, 6.633068 ], [ 10.391349, 6.633206 ], [ 10.390615, 6.633345 ], [ 10.39011, 6.633483 ], [ 10.389467, 6.633759 ], [ 10.389009, 6.634035 ], [ 10.388505, 6.63454 ], [ 10.388091, 6.635 ], [ 10.387633, 6.635689 ], [ 10.387038, 6.636838 ], [ 10.38658, 6.637527 ], [ 10.386259, 6.638124 ], [ 10.38603, 6.638767 ], [ 10.386031, 6.639686 ], [ 10.386077, 6.640329 ], [ 10.386353, 6.640971 ], [ 10.385803, 6.641247 ], [ 10.385344, 6.641523 ], [ 10.384472, 6.6418 ], [ 10.38383, 6.641984 ], [ 10.38305, 6.642306 ], [ 10.382499, 6.64249 ], [ 10.381949, 6.642766 ], [ 10.381628, 6.643317 ], [ 10.381033, 6.644145 ], [ 10.380711, 6.64465 ], [ 10.380437, 6.64511 ], [ 10.379611, 6.646075 ], [ 10.379107, 6.64681 ], [ 10.378419, 6.647408 ], [ 10.377731, 6.647729 ], [ 10.377272, 6.648143 ], [ 10.376722, 6.648465 ], [ 10.375713, 6.648788 ], [ 10.375162, 6.648742 ], [ 10.374611, 6.648651 ], [ 10.37383, 6.64833 ], [ 10.37305, 6.647871 ], [ 10.372454, 6.648331 ], [ 10.372132, 6.648883 ], [ 10.372042, 6.649526 ], [ 10.371813, 6.650352 ], [ 10.371492, 6.650995 ], [ 10.370666, 6.651088 ], [ 10.36984, 6.651318 ], [ 10.369289, 6.651411 ], [ 10.368555, 6.651365 ], [ 10.367866, 6.65132 ], [ 10.366719, 6.651505 ], [ 10.366352, 6.651873 ], [ 10.365986, 6.652883 ], [ 10.365527, 6.653527 ], [ 10.364932, 6.654538 ], [ 10.364473, 6.654951 ], [ 10.364061, 6.655457 ], [ 10.363189, 6.6561 ], [ 10.36241, 6.656744 ], [ 10.362043, 6.657158 ], [ 10.360987, 6.657526 ], [ 10.360023, 6.657205 ], [ 10.359334, 6.656563 ], [ 10.358875, 6.656058 ], [ 10.358507, 6.655599 ], [ 10.357818, 6.654727 ], [ 10.357267, 6.653855 ], [ 10.356761, 6.653121 ], [ 10.356301, 6.652433 ], [ 10.355705, 6.651928 ], [ 10.354786, 6.651607 ], [ 10.354006, 6.65147 ], [ 10.353363, 6.651471 ], [ 10.352721, 6.651563 ], [ 10.351895, 6.651794 ], [ 10.350702, 6.65207 ], [ 10.349784, 6.652438 ], [ 10.348958, 6.652531 ], [ 10.348407, 6.652348 ], [ 10.347581, 6.651844 ], [ 10.347121, 6.65143 ], [ 10.346753, 6.650972 ], [ 10.346019, 6.650238 ], [ 10.345238, 6.65033 ], [ 10.343482, 6.651078 ], [ 10.33975, 6.652911 ], [ 10.33204, 6.653768 ], [ 10.326187, 6.654624 ], [ 10.322332, 6.654767 ], [ 10.319762, 6.655481 ], [ 10.31605, 6.655766 ], [ 10.314765, 6.657765 ], [ 10.310768, 6.658193 ], [ 10.309769, 6.659478 ], [ 10.307056, 6.659907 ], [ 10.303201, 6.661905 ], [ 10.300346, 6.665475 ], [ 10.298204, 6.667045 ], [ 10.292494, 6.670043 ], [ 10.292065, 6.674897 ], [ 10.293208, 6.67661 ], [ 10.293636, 6.680608 ], [ 10.292065, 6.683035 ], [ 10.292065, 6.687318 ], [ 10.293065, 6.694456 ], [ 10.291637, 6.695884 ], [ 10.286069, 6.697169 ], [ 10.277218, 6.698311 ], [ 10.271507, 6.699739 ], [ 10.264654, 6.702594 ], [ 10.256974, 6.702877 ], [ 10.256088, 6.706449 ], [ 10.256659, 6.709733 ], [ 10.25466, 6.712731 ], [ 10.253233, 6.720726 ], [ 10.251948, 6.726008 ], [ 10.250948, 6.730291 ], [ 10.250377, 6.734431 ], [ 10.249235, 6.739428 ], [ 10.246094, 6.741998 ], [ 10.244952, 6.744996 ], [ 10.243953, 6.749279 ], [ 10.245523, 6.751992 ], [ 10.247094, 6.754847 ], [ 10.246951, 6.758274 ], [ 10.249092, 6.760558 ], [ 10.25052, 6.764127 ], [ 10.250092, 6.766697 ], [ 10.250092, 6.770552 ], [ 10.249663, 6.772979 ], [ 10.249521, 6.777119 ], [ 10.251091, 6.780831 ], [ 10.251948, 6.784543 ], [ 10.254518, 6.788397 ], [ 10.253661, 6.790539 ], [ 10.251662, 6.794822 ], [ 10.25209, 6.799391 ], [ 10.253804, 6.80196 ], [ 10.254089, 6.807671 ], [ 10.256088, 6.811526 ], [ 10.258229, 6.815809 ], [ 10.258658, 6.819949 ], [ 10.264369, 6.822804 ], [ 10.267795, 6.826945 ], [ 10.272009, 6.827209 ], [ 10.27736, 6.827659 ], [ 10.282643, 6.828087 ], [ 10.289067, 6.82823 ], [ 10.297491, 6.82723 ], [ 10.297776, 6.829515 ], [ 10.298776, 6.831799 ], [ 10.298776, 6.835511 ], [ 10.299204, 6.839264 ], [ 10.30363, 6.83751 ], [ 10.31034, 6.834654 ], [ 10.315479, 6.831513 ], [ 10.322475, 6.831228 ], [ 10.328899, 6.832655 ], [ 10.332897, 6.837367 ], [ 10.33561, 6.841935 ], [ 10.335895, 6.84422 ], [ 10.338322, 6.849502 ], [ 10.340749, 6.854356 ], [ 10.344604, 6.860193 ], [ 10.346174, 6.864064 ], [ 10.348459, 6.868633 ], [ 10.350172, 6.871631 ], [ 10.352028, 6.87363 ], [ 10.353027, 6.877342 ], [ 10.352599, 6.879198 ], [ 10.353796, 6.882089 ], [ 10.358452, 6.882624 ], [ 10.360166, 6.883624 ], [ 10.360879, 6.885051 ], [ 10.362878, 6.886193 ], [ 10.364449, 6.88448 ], [ 10.366733, 6.884337 ], [ 10.368018, 6.882624 ], [ 10.371016, 6.882481 ], [ 10.372729, 6.885908 ], [ 10.37587, 6.888906 ], [ 10.378154, 6.890619 ], [ 10.378012, 6.893189 ], [ 10.377583, 6.895045 ], [ 10.38101, 6.895188 ], [ 10.383865, 6.89533 ], [ 10.384008, 6.896901 ], [ 10.385293, 6.8989 ], [ 10.385864, 6.900898 ], [ 10.38772, 6.900185 ], [ 10.389861, 6.898186 ], [ 10.391289, 6.898471 ], [ 10.393716, 6.899328 ], [ 10.396429, 6.895902 ], [ 10.397, 6.891047 ], [ 10.398285, 6.886764 ], [ 10.399427, 6.880483 ], [ 10.399998, 6.875629 ], [ 10.399855, 6.870774 ], [ 10.398285, 6.865349 ], [ 10.397604, 6.861064 ], [ 10.402139, 6.858496 ], [ 10.405566, 6.855641 ], [ 10.40785, 6.853071 ], [ 10.411134, 6.85093 ], [ 10.413418, 6.848931 ], [ 10.417558, 6.847361 ], [ 10.419414, 6.845933 ], [ 10.421698, 6.844077 ], [ 10.425999, 6.843138 ], [ 10.429902, 6.847168 ], [ 10.435261, 6.853214 ], [ 10.436546, 6.85507 ], [ 10.437974, 6.861923 ], [ 10.44016, 6.867385 ], [ 10.468343, 6.848843 ], [ 10.470953, 6.830371 ], [ 10.477806, 6.830086 ], [ 10.487657, 6.828515 ], [ 10.491359, 6.830686 ], [ 10.49194, 6.832941 ], [ 10.49194, 6.835511 ], [ 10.491655, 6.837938 ], [ 10.490512, 6.839937 ], [ 10.490655, 6.842792 ], [ 10.490227, 6.844791 ], [ 10.491084, 6.847932 ], [ 10.495938, 6.847218 ], [ 10.498936, 6.848645 ], [ 10.499221, 6.853214 ], [ 10.496937, 6.867776 ], [ 10.496509, 6.871203 ], [ 10.494653, 6.873201 ], [ 10.487372, 6.879483 ], [ 10.481946, 6.884908 ], [ 10.476807, 6.891333 ], [ 10.470239, 6.896473 ], [ 10.465528, 6.901041 ], [ 10.462387, 6.901612 ], [ 10.461102, 6.90461 ], [ 10.457961, 6.908465 ], [ 10.455534, 6.908893 ], [ 10.451846, 6.913452 ], [ 10.370202, 6.904298 ], [ 10.217385, 6.888452 ], [ 10.191555, 6.916418 ] ] ] ] } },
{ "type": "Feature", "properties": { "tg_type": "FON.AIRE_PROTEGEE", "nom": "Dja", "source_id": "8E26DC27-1CC8-4F3A-90CF-8A4CFFEF2BAA", "source": "MINFOF_WRI_ATLAS_FORESTIER_SIG_2018", "statut": "IMPORTE", "date_source": "2016-12-13", "regime_tg": "AIRE_PROTEGEE", "categorie": "aire_protegee", "desc_type": "Réserve de faune", "cat_uicn": "IV", "wdpaid": 1240.0, "statu_crea": "cree", "statu_amgt": "en_revision", "date_prop": "2016-12-06", "date_crea": "2007-07-09", "date_amgt": "2007-12-17", "sup_adm_ha": 526000, "sup_sig_ha": 526624.0 }, "geometry": { "type": "MultiPolygon", "coordinates": [ [ [ [ 12.605404, 3.427483 ], [ 12.603498, 3.428339 ], [ 12.602263, 3.427475 ], [ 12.601987, 3.423456 ], [ 12.601611, 3.421924 ], [ 12.601139, 3.420009 ], [ 12.601903, 3.41915 ], [ 12.604472, 3.419539 ], [ 12.606755, 3.420311 ], [ 12.607428, 3.417442 ], [ 12.606867, 3.413422 ], [ 12.605064, 3.411313 ], [ 12.601164, 3.409964 ], [ 12.596788, 3.408805 ], [ 12.592707, 3.40382 ], [ 12.589096, 3.401419 ], [ 12.585575, 3.401027 ], [ 12.583107, 3.398151 ], [ 12.581692, 3.393173 ], [ 12.580362, 3.39183 ], [ 12.574842, 3.391529 ], [ 12.571799, 3.390565 ], [ 12.569376, 3.388789 ], [ 12.567384, 3.386009 ], [ 12.564239, 3.387341 ], [ 12.562625, 3.38571 ], [ 12.559209, 3.381301 ], [ 12.555596, 3.379952 ], [ 12.55198, 3.379465 ], [ 12.550931, 3.380036 ], [ 12.55083, 3.382714 ], [ 12.551488, 3.385682 ], [ 12.552432, 3.388841 ], [ 12.554615, 3.391334 ], [ 12.554421, 3.39296 ], [ 12.551852, 3.392571 ], [ 12.549094, 3.391512 ], [ 12.546429, 3.391505 ], [ 12.544238, 3.392073 ], [ 12.542137, 3.394747 ], [ 12.540986, 3.398283 ], [ 12.53794, 3.398276 ], [ 12.537277, 3.396839 ], [ 12.537568, 3.394926 ], [ 12.537481, 3.391482 ], [ 12.537484, 3.390525 ], [ 12.540436, 3.39015 ], [ 12.542342, 3.389007 ], [ 12.544725, 3.387674 ], [ 12.546153, 3.387582 ], [ 12.546918, 3.386149 ], [ 12.546066, 3.38452 ], [ 12.541508, 3.380203 ], [ 12.535436, 3.372247 ], [ 12.528695, 3.365438 ], [ 12.527267, 3.365434 ], [ 12.523832, 3.368774 ], [ 12.522399, 3.370875 ], [ 12.52267, 3.376616 ], [ 12.521052, 3.376803 ], [ 12.520298, 3.373835 ], [ 12.518777, 3.372875 ], [ 12.515687, 3.371671 ], [ 12.512169, 3.370131 ], [ 12.509905, 3.362281 ], [ 12.508862, 3.360556 ], [ 12.506771, 3.359211 ], [ 12.505536, 3.358443 ], [ 12.503264, 3.353654 ], [ 12.505174, 3.351076 ], [ 12.508319, 3.349266 ], [ 12.510983, 3.349847 ], [ 12.512226, 3.347458 ], [ 12.512801, 3.345929 ], [ 12.517283, 3.342592 ], [ 12.519573, 3.340493 ], [ 12.523195, 3.338398 ], [ 12.526337, 3.337832 ], [ 12.530531, 3.335451 ], [ 12.535099, 3.335558 ], [ 12.539384, 3.33509 ], [ 12.549871, 3.328229 ], [ 12.552073, 3.322685 ], [ 12.553319, 3.319244 ], [ 12.554467, 3.317047 ], [ 12.556091, 3.314755 ], [ 12.555541, 3.306143 ], [ 12.554121, 3.302983 ], [ 12.554462, 3.299587 ], [ 12.55599, 3.29739 ], [ 12.553433, 3.292218 ], [ 12.553914, 3.290019 ], [ 12.554869, 3.288682 ], [ 12.555256, 3.286291 ], [ 12.557078, 3.280747 ], [ 12.558803, 3.27568 ], [ 12.559394, 3.273946 ], [ 12.560102, 3.254885 ], [ 12.576653, 3.22504 ], [ 12.586545, 3.202848 ], [ 12.580409, 3.190672 ], [ 12.579568, 3.18867 ], [ 12.578622, 3.185989 ], [ 12.57739, 3.18369 ], [ 12.577874, 3.180534 ], [ 12.577881, 3.177473 ], [ 12.577408, 3.176037 ], [ 12.57475, 3.17316 ], [ 12.574753, 3.171821 ], [ 12.575044, 3.169525 ], [ 12.575811, 3.167231 ], [ 12.575721, 3.164935 ], [ 12.574488, 3.163305 ], [ 12.571541, 3.161672 ], [ 12.566215, 3.16032 ], [ 12.563931, 3.160602 ], [ 12.561838, 3.16031 ], [ 12.557655, 3.158291 ], [ 12.555089, 3.156754 ], [ 12.550523, 3.156169 ], [ 12.547953, 3.156355 ], [ 12.545575, 3.155679 ], [ 12.542344, 3.153663 ], [ 12.541492, 3.151938 ], [ 12.540833, 3.148684 ], [ 12.539696, 3.146672 ], [ 12.536467, 3.143795 ], [ 12.532047, 3.141823 ], [ 12.53196, 3.138187 ], [ 12.531299, 3.136177 ], [ 12.528423, 3.132266 ], [ 12.528273, 3.127847 ], [ 12.526172, 3.126038 ], [ 12.524759, 3.125064 ], [ 12.52324, 3.123625 ], [ 12.435034, 3.097706 ], [ 12.435228, 3.09608 ], [ 12.435519, 3.093593 ], [ 12.434861, 3.090244 ], [ 12.434488, 3.087086 ], [ 12.435538, 3.08594 ], [ 12.436677, 3.086996 ], [ 12.439907, 3.089299 ], [ 12.443424, 3.090456 ], [ 12.446183, 3.090749 ], [ 12.449323, 3.090757 ], [ 12.455223, 3.090675 ], [ 12.458364, 3.090013 ], [ 12.459792, 3.089634 ], [ 12.460846, 3.086958 ], [ 12.462563, 3.085145 ], [ 12.463709, 3.083234 ], [ 12.463428, 3.08132 ], [ 12.462867, 3.077301 ], [ 12.464872, 3.074053 ], [ 12.465542, 3.07262 ], [ 12.46755, 3.068224 ], [ 12.468603, 3.065548 ], [ 12.470036, 3.063447 ], [ 12.471084, 3.062493 ], [ 12.472893, 3.062306 ], [ 12.475557, 3.062312 ], [ 12.4787, 3.061076 ], [ 12.481552, 3.062039 ], [ 12.483642, 3.063383 ], [ 12.485642, 3.06291 ], [ 12.485816, 3.061871 ], [ 12.486028, 3.060615 ], [ 12.485634, 3.058543 ], [ 12.485464, 3.057648 ], [ 12.483758, 3.054487 ], [ 12.48243, 3.052858 ], [ 12.482337, 3.051709 ], [ 12.482435, 3.050849 ], [ 12.484816, 3.049802 ], [ 12.487672, 3.049139 ], [ 12.489956, 3.048953 ], [ 12.493052, 3.047382 ], [ 12.495813, 3.046623 ], [ 12.498952, 3.047013 ], [ 12.503327, 3.047788 ], [ 12.505325, 3.047984 ], [ 12.50808, 3.05 ], [ 12.510741, 3.051441 ], [ 12.517686, 3.052031 ], [ 12.524061, 3.05195 ], [ 12.528815, 3.053492 ], [ 12.536718, 3.051214 ], [ 12.540813, 3.049693 ], [ 12.54391, 3.047834 ], [ 12.544306, 3.046599 ], [ 12.544677, 3.045444 ], [ 12.544758, 3.043518 ], [ 12.544777, 3.043053 ], [ 12.542783, 3.041422 ], [ 12.540034, 3.036441 ], [ 12.538232, 3.034141 ], [ 12.538523, 3.03175 ], [ 12.539955, 3.029674 ], [ 12.541291, 3.027738 ], [ 12.541582, 3.027685 ], [ 12.542338, 3.027549 ], [ 12.545286, 3.028512 ], [ 12.549094, 3.027564 ], [ 12.550332, 3.026897 ], [ 12.551478, 3.025178 ], [ 12.55329, 3.023269 ], [ 12.55539, 3.020595 ], [ 12.558341, 3.019932 ], [ 12.561199, 3.018503 ], [ 12.566622, 3.018515 ], [ 12.570328, 3.021011 ], [ 12.576597, 3.026 ], [ 12.579831, 3.026677 ], [ 12.585828, 3.025542 ], [ 12.586071, 3.024373 ], [ 12.586336, 3.0231 ], [ 12.58703, 3.019757 ], [ 12.588141, 3.016615 ], [ 12.588179, 3.016507 ], [ 12.588251, 3.016461 ], [ 12.592086, 3.014028 ], [ 12.596558, 3.014133 ], [ 12.600076, 3.015385 ], [ 12.602645, 3.015678 ], [ 12.604611, 3.014941 ], [ 12.60493, 3.014822 ], [ 12.60659, 3.014068 ], [ 12.609121, 3.012917 ], [ 12.612359, 3.011681 ], [ 12.613122, 3.011388 ], [ 12.615926, 3.010311 ], [ 12.616074, 3.010254 ], [ 12.61817, 3.008919 ], [ 12.619318, 3.006147 ], [ 12.62018, 3.003661 ], [ 12.622658, 3.001466 ], [ 12.625423, 2.998889 ], [ 12.627526, 2.994875 ], [ 12.630152, 2.990337 ], [ 12.630632, 2.988233 ], [ 12.631016, 2.98699 ], [ 12.631781, 2.985078 ], [ 12.631887, 2.980007 ], [ 12.632463, 2.977808 ], [ 12.634753, 2.974464 ], [ 12.635325, 2.97437 ], [ 12.63656, 2.975042 ], [ 12.637887, 2.977628 ], [ 12.643014, 2.983093 ], [ 12.646718, 2.98645 ], [ 12.649758, 2.988465 ], [ 12.654513, 2.990102 ], [ 12.655749, 2.9902 ], [ 12.658129, 2.990014 ], [ 12.662032, 2.989353 ], [ 12.663363, 2.989643 ], [ 12.666409, 2.989458 ], [ 12.669172, 2.987742 ], [ 12.669459, 2.986785 ], [ 12.668798, 2.984392 ], [ 12.668039, 2.983242 ], [ 12.668058, 2.974536 ], [ 12.668537, 2.973101 ], [ 12.669871, 2.971956 ], [ 12.672062, 2.9711 ], [ 12.67463, 2.971488 ], [ 12.678717, 2.973697 ], [ 12.681806, 2.975474 ], [ 12.688277, 2.975583 ], [ 12.693226, 2.975211 ], [ 12.695035, 2.97464 ], [ 12.69884, 2.975318 ], [ 12.702269, 2.973603 ], [ 12.708078, 2.97151 ], [ 12.710457, 2.971324 ], [ 12.713313, 2.971043 ], [ 12.714363, 2.969514 ], [ 12.715128, 2.967411 ], [ 12.71608, 2.967413 ], [ 12.717407, 2.970095 ], [ 12.718736, 2.971245 ], [ 12.7214, 2.971729 ], [ 12.725206, 2.972024 ], [ 12.731096, 2.976534 ], [ 12.732948, 2.978499 ], [ 12.73675, 2.980707 ], [ 12.740839, 2.982247 ], [ 12.743218, 2.98206 ], [ 12.745407, 2.982065 ], [ 12.747312, 2.981016 ], [ 12.749696, 2.978916 ], [ 12.751505, 2.978154 ], [ 12.75379, 2.977681 ], [ 12.756836, 2.977304 ], [ 12.75855, 2.977021 ], [ 12.760646, 2.97559 ], [ 12.764452, 2.976171 ], [ 12.76645, 2.976367 ], [ 12.767212, 2.97589 ], [ 12.768261, 2.97484 ], [ 12.769122, 2.972354 ], [ 12.769319, 2.969005 ], [ 12.770851, 2.964607 ], [ 12.771522, 2.961833 ], [ 12.772573, 2.959826 ], [ 12.772484, 2.956764 ], [ 12.772581, 2.955711 ], [ 12.773537, 2.953704 ], [ 12.773542, 2.951408 ], [ 12.77326, 2.949493 ], [ 12.773548, 2.948154 ], [ 12.776311, 2.946342 ], [ 12.779554, 2.942904 ], [ 12.78037, 2.939317 ], [ 12.781326, 2.937023 ], [ 12.782185, 2.935493 ], [ 12.785804, 2.934257 ], [ 12.79066, 2.932927 ], [ 12.793135, 2.932357 ], [ 12.794087, 2.931977 ], [ 12.79533, 2.9293 ], [ 12.795717, 2.925665 ], [ 12.796391, 2.921647 ], [ 12.797261, 2.914855 ], [ 12.797836, 2.912655 ], [ 12.79898, 2.911796 ], [ 12.799652, 2.908736 ], [ 12.80127, 2.908261 ], [ 12.804122, 2.909988 ], [ 12.806684, 2.913917 ], [ 12.808298, 2.915738 ], [ 12.810199, 2.917081 ], [ 12.812005, 2.917659 ], [ 12.816193, 2.917284 ], [ 12.819146, 2.916046 ], [ 12.820099, 2.914995 ], [ 12.822862, 2.913565 ], [ 12.824864, 2.911464 ], [ 12.827107, 2.90788 ], [ 12.829114, 2.903769 ], [ 12.830358, 2.899849 ], [ 12.831885, 2.897364 ], [ 12.832841, 2.895069 ], [ 12.834271, 2.894019 ], [ 12.836369, 2.89144 ], [ 12.839417, 2.890297 ], [ 12.848169, 2.891558 ], [ 12.854063, 2.894535 ], [ 12.858867, 2.895932 ], [ 12.862292, 2.896034 ], [ 12.865055, 2.894508 ], [ 12.866203, 2.890874 ], [ 12.866209, 2.887908 ], [ 12.869165, 2.884947 ], [ 12.869738, 2.883417 ], [ 12.871645, 2.881603 ], [ 12.872409, 2.879977 ], [ 12.875076, 2.878834 ], [ 12.876504, 2.878741 ], [ 12.878595, 2.879798 ], [ 12.880594, 2.879801 ], [ 12.882023, 2.878751 ], [ 12.885355, 2.878183 ], [ 12.889637, 2.878096 ], [ 12.89173, 2.878578 ], [ 12.896393, 2.878682 ], [ 12.900296, 2.877637 ], [ 12.904007, 2.877835 ], [ 12.906385, 2.878509 ], [ 12.909571, 2.879712 ], [ 12.912805, 2.880483 ], [ 12.914611, 2.881635 ], [ 12.917848, 2.880971 ], [ 12.920325, 2.879444 ], [ 12.921948, 2.876481 ], [ 12.922618, 2.874472 ], [ 12.92814, 2.873047 ], [ 12.930709, 2.873434 ], [ 12.934893, 2.875356 ], [ 12.940317, 2.875557 ], [ 12.940889, 2.874793 ], [ 12.940512, 2.872782 ], [ 12.940801, 2.870678 ], [ 12.940803, 2.869529 ], [ 12.941852, 2.86867 ], [ 12.942424, 2.86781 ], [ 12.946231, 2.867529 ], [ 12.948705, 2.868108 ], [ 12.950701, 2.869069 ], [ 12.951935, 2.870889 ], [ 12.952553, 2.871321 ], [ 12.957882, 2.87133 ], [ 12.960835, 2.8699 ], [ 12.963122, 2.868278 ], [ 12.965027, 2.867515 ], [ 12.9675, 2.868094 ], [ 12.971299, 2.872216 ], [ 12.972626, 2.87528 ], [ 12.974237, 2.879111 ], [ 12.97642, 2.882464 ], [ 12.978034, 2.885147 ], [ 12.979743, 2.887447 ], [ 12.983165, 2.88975 ], [ 12.985924, 2.889946 ], [ 12.989543, 2.888325 ], [ 12.991165, 2.886319 ], [ 12.991835, 2.883927 ], [ 12.991174, 2.881247 ], [ 12.989845, 2.879043 ], [ 12.989657, 2.877607 ], [ 12.989946, 2.875694 ], [ 12.992996, 2.873115 ], [ 12.996901, 2.871495 ], [ 13.000709, 2.870545 ], [ 13.002708, 2.870644 ], [ 13.005517, 2.869836 ], [ 13.006096, 2.865052 ], [ 13.006004, 2.863329 ], [ 13.003247, 2.861698 ], [ 13.002868, 2.860453 ], [ 13.002686, 2.855763 ], [ 13.00307, 2.853467 ], [ 13.004023, 2.852799 ], [ 13.007922, 2.85472 ], [ 13.011628, 2.857788 ], [ 13.014575, 2.859899 ], [ 13.017523, 2.861244 ], [ 13.021614, 2.861729 ], [ 13.028283, 2.857913 ], [ 13.034382, 2.853043 ], [ 13.041237, 2.851141 ], [ 13.045046, 2.849807 ], [ 13.047046, 2.848949 ], [ 13.051042, 2.849435 ], [ 13.057463, 2.851503 ], [ 13.061842, 2.850745 ], [ 13.065555, 2.850081 ], [ 13.070503, 2.850281 ], [ 13.073551, 2.849138 ], [ 13.07622, 2.846271 ], [ 13.078224, 2.843403 ], [ 13.079654, 2.841779 ], [ 13.080797, 2.841398 ], [ 13.082794, 2.842167 ], [ 13.084501, 2.845806 ], [ 13.084497, 2.84839 ], [ 13.081827, 2.851161 ], [ 13.079922, 2.852211 ], [ 13.078872, 2.854315 ], [ 13.079059, 2.856229 ], [ 13.080484, 2.85805 ], [ 13.082767, 2.858436 ], [ 13.085242, 2.858058 ], [ 13.088479, 2.857393 ], [ 13.091145, 2.857015 ], [ 13.094572, 2.856159 ], [ 13.100284, 2.855499 ], [ 13.101808, 2.854544 ], [ 13.102618, 2.853732 ], [ 13.102907, 2.851627 ], [ 13.103482, 2.849523 ], [ 13.103104, 2.847895 ], [ 13.101203, 2.846265 ], [ 13.098539, 2.845495 ], [ 13.097683, 2.845493 ], [ 13.097113, 2.844631 ], [ 13.097114, 2.844057 ], [ 13.097401, 2.843292 ], [ 13.099495, 2.842817 ], [ 13.100353, 2.84234 ], [ 13.106824, 2.842542 ], [ 13.109298, 2.843216 ], [ 13.110248, 2.843887 ], [ 13.112817, 2.844657 ], [ 13.114527, 2.846478 ], [ 13.115285, 2.848585 ], [ 13.114615, 2.850881 ], [ 13.113565, 2.852602 ], [ 13.112897, 2.853845 ], [ 13.112895, 2.854993 ], [ 13.113177, 2.857195 ], [ 13.114316, 2.85892 ], [ 13.116691, 2.861412 ], [ 13.119163, 2.86333 ], [ 13.122016, 2.864483 ], [ 13.125727, 2.865159 ], [ 13.127916, 2.86545 ], [ 13.129247, 2.866122 ], [ 13.130957, 2.868326 ], [ 13.131905, 2.870625 ], [ 13.132279, 2.874741 ], [ 13.132848, 2.875794 ], [ 13.13418, 2.876275 ], [ 13.135608, 2.875895 ], [ 13.136752, 2.874652 ], [ 13.137613, 2.871878 ], [ 13.138092, 2.870061 ], [ 13.138285, 2.868242 ], [ 13.139242, 2.865277 ], [ 13.140291, 2.863652 ], [ 13.140768, 2.86327 ], [ 13.142672, 2.862699 ], [ 13.144385, 2.863084 ], [ 13.146669, 2.863279 ], [ 13.14905, 2.862135 ], [ 13.150099, 2.860797 ], [ 13.153772, 2.855108 ], [ 13.155111, 2.851186 ], [ 13.155685, 2.84956 ], [ 13.160159, 2.848897 ], [ 13.163011, 2.851103 ], [ 13.166815, 2.85331 ], [ 13.170002, 2.853842 ], [ 13.17095, 2.856045 ], [ 13.171993, 2.858535 ], [ 13.172942, 2.860546 ], [ 13.17465, 2.863612 ], [ 13.174835, 2.86744 ], [ 13.174257, 2.871459 ], [ 13.173302, 2.87385 ], [ 13.173869, 2.876244 ], [ 13.175102, 2.878734 ], [ 13.176337, 2.880459 ], [ 13.177098, 2.880652 ], [ 13.178715, 2.881229 ], [ 13.181095, 2.881232 ], [ 13.181951, 2.881617 ], [ 13.182899, 2.883819 ], [ 13.183463, 2.888031 ], [ 13.203079, 2.893721 ], [ 13.241589, 2.915266 ], [ 13.272899, 2.90629 ], [ 13.274736, 2.90717 ], [ 13.277401, 2.907557 ], [ 13.278924, 2.907464 ], [ 13.282542, 2.907086 ], [ 13.284731, 2.907377 ], [ 13.286444, 2.907762 ], [ 13.289388, 2.907438 ], [ 13.290728, 2.90729 ], [ 13.291946, 2.907459 ], [ 13.292821, 2.907581 ], [ 13.294344, 2.907774 ], [ 13.294673, 2.907362 ], [ 13.296633, 2.904906 ], [ 13.298445, 2.902612 ], [ 13.300161, 2.9007 ], [ 13.303209, 2.899461 ], [ 13.303717, 2.899386 ], [ 13.30578, 2.899082 ], [ 13.310915, 2.899366 ], [ 13.31098, 2.89937 ], [ 13.31111, 2.899377 ], [ 13.314251, 2.899094 ], [ 13.337506, 2.890718 ], [ 13.34006, 2.890422 ], [ 13.342155, 2.889947 ], [ 13.344439, 2.88995 ], [ 13.347294, 2.890433 ], [ 13.350149, 2.891203 ], [ 13.353765, 2.892261 ], [ 13.376642, 2.906129 ], [ 13.393916, 2.920746 ], [ 13.403124, 2.924131 ], [ 13.435151, 2.938523 ], [ 13.472924, 2.941232 ], [ 13.474496, 2.942685 ], [ 13.476112, 2.944123 ], [ 13.478585, 2.945563 ], [ 13.480202, 2.946426 ], [ 13.481154, 2.947002 ], [ 13.482106, 2.946812 ], [ 13.483628, 2.94758 ], [ 13.485151, 2.947773 ], [ 13.488007, 2.94749 ], [ 13.501875, 2.953431 ], [ 13.512089, 2.957807 ], [ 13.514678, 2.964616 ], [ 13.525774, 2.993797 ], [ 13.547182, 3.01538 ], [ 13.547363, 3.015784 ], [ 13.547893, 3.016972 ], [ 13.548025, 3.017157 ], [ 13.549319, 3.018984 ], [ 13.550765, 3.021393 ], [ 13.551126, 3.021996 ], [ 13.551504, 3.022624 ], [ 13.553119, 3.024732 ], [ 13.553287, 3.024859 ], [ 13.554261, 3.025595 ], [ 13.554639, 3.027798 ], [ 13.554977, 3.028822 ], [ 13.555208, 3.029522 ], [ 13.555898, 3.030391 ], [ 13.555968, 3.03048 ], [ 13.555979, 3.03053 ], [ 13.556157, 3.031342 ], [ 13.557478, 3.032987 ], [ 13.557773, 3.033354 ], [ 13.557579, 3.035938 ], [ 13.557577, 3.037757 ], [ 13.55729, 3.038523 ], [ 13.557478, 3.040342 ], [ 13.556524, 3.042063 ], [ 13.556523, 3.042829 ], [ 13.557472, 3.044937 ], [ 13.557756, 3.046564 ], [ 13.557501, 3.047201 ], [ 13.557374, 3.047521 ], [ 13.559197, 3.049421 ], [ 13.55938, 3.049611 ], [ 13.560226, 3.050492 ], [ 13.563365, 3.053081 ], [ 13.564005, 3.053845 ], [ 13.56441, 3.054327 ], [ 13.564455, 3.054479 ], [ 13.564979, 3.056242 ], [ 13.565738, 3.057967 ], [ 13.5657, 3.08673 ], [ 13.548815, 3.098147 ], [ 13.545618, 3.100308 ], [ 13.546445, 3.102357 ], [ 13.547013, 3.104751 ], [ 13.547581, 3.107337 ], [ 13.548055, 3.108677 ], [ 13.548149, 3.109922 ], [ 13.547575, 3.111644 ], [ 13.546527, 3.1126 ], [ 13.546429, 3.11394 ], [ 13.546334, 3.114419 ], [ 13.544808, 3.115661 ], [ 13.544996, 3.117959 ], [ 13.544803, 3.11949 ], [ 13.544801, 3.121117 ], [ 13.544131, 3.123414 ], [ 13.544034, 3.12485 ], [ 13.543938, 3.125807 ], [ 13.544221, 3.12753 ], [ 13.544265, 3.127677 ], [ 13.544789, 3.129446 ], [ 13.54612, 3.131266 ], [ 13.544119, 3.132221 ], [ 13.541165, 3.133748 ], [ 13.538594, 3.134032 ], [ 13.538534, 3.13548 ], [ 13.538528, 3.1355 ], [ 13.538469, 3.135715 ], [ 13.538432, 3.135968 ], [ 13.538416, 3.136405 ], [ 13.538411, 3.137915 ], [ 13.538423, 3.138174 ], [ 13.538464, 3.13842 ], [ 13.538535, 3.138616 ], [ 13.538592, 3.138728 ], [ 13.539044, 3.139408 ], [ 13.539269, 3.139656 ], [ 13.540072, 3.140448 ], [ 13.540256, 3.140653 ], [ 13.54033, 3.140746 ], [ 13.540541, 3.141102 ], [ 13.540959, 3.141953 ], [ 13.541059, 3.142225 ], [ 13.54113, 3.142526 ], [ 13.541202, 3.14316 ], [ 13.541315, 3.14352 ], [ 13.541349, 3.143686 ], [ 13.541373, 3.143947 ], [ 13.541382, 3.144302 ], [ 13.541362, 3.145283 ], [ 13.541329, 3.145539 ], [ 13.541162, 3.146431 ], [ 13.541144, 3.146783 ], [ 13.54114, 3.147677 ], [ 13.541121, 3.148028 ], [ 13.541076, 3.14828 ], [ 13.540967, 3.148626 ], [ 13.540926, 3.148981 ], [ 13.541297, 3.149224 ], [ 13.541821, 3.149591 ], [ 13.542235, 3.149969 ], [ 13.542777, 3.150319 ], [ 13.542898, 3.150436 ], [ 13.543149, 3.150646 ], [ 13.543459, 3.150794 ], [ 13.543832, 3.151106 ], [ 13.544099, 3.151222 ], [ 13.544284, 3.151342 ], [ 13.544601, 3.151484 ], [ 13.54493, 3.151763 ], [ 13.545022, 3.151827 ], [ 13.545288, 3.151941 ], [ 13.545472, 3.152061 ], [ 13.545744, 3.15217 ], [ 13.545937, 3.152288 ], [ 13.54625, 3.152387 ], [ 13.546518, 3.152504 ], [ 13.54683, 3.152605 ], [ 13.54718, 3.152836 ], [ 13.547346, 3.152964 ], [ 13.547723, 3.153328 ], [ 13.54797, 3.153611 ], [ 13.54805, 3.153733 ], [ 13.548257, 3.154136 ], [ 13.548488, 3.154724 ], [ 13.548586, 3.154942 ], [ 13.548626, 3.155068 ], [ 13.548658, 3.155283 ], [ 13.548685, 3.155751 ], [ 13.548823, 3.15629 ], [ 13.548933, 3.15679 ], [ 13.54907, 3.157285 ], [ 13.549151, 3.157638 ], [ 13.549282, 3.157984 ], [ 13.549376, 3.158325 ], [ 13.549428, 3.158461 ], [ 13.549618, 3.158855 ], [ 13.549857, 3.159242 ], [ 13.550231, 3.159951 ], [ 13.550501, 3.160327 ], [ 13.55073, 3.160704 ], [ 13.551642, 3.16193 ], [ 13.551827, 3.162246 ], [ 13.552099, 3.162623 ], [ 13.552442, 3.163235 ], [ 13.552602, 3.163473 ], [ 13.552691, 3.163689 ], [ 13.552844, 3.163929 ], [ 13.552924, 3.164107 ], [ 13.553148, 3.164706 ], [ 13.553268, 3.164981 ], [ 13.553373, 3.165397 ], [ 13.553623, 3.166237 ], [ 13.553658, 3.166475 ], [ 13.553672, 3.166803 ], [ 13.553671, 3.167469 ], [ 13.553647, 3.167878 ], [ 13.5536, 3.168108 ], [ 13.553424, 3.168688 ], [ 13.551397, 3.170904 ], [ 13.55092, 3.171669 ], [ 13.551276, 3.172998 ], [ 13.551259, 3.173044 ], [ 13.551163, 3.173404 ], [ 13.551132, 3.173803 ], [ 13.551153, 3.174285 ], [ 13.551179, 3.174439 ], [ 13.551328, 3.175007 ], [ 13.551407, 3.175509 ], [ 13.551545, 3.175929 ], [ 13.551636, 3.176501 ], [ 13.551844, 3.177197 ], [ 13.551961, 3.17754 ], [ 13.552097, 3.177877 ], [ 13.552604, 3.178761 ], [ 13.55271, 3.178906 ], [ 13.55312, 3.179336 ], [ 13.553366, 3.179562 ], [ 13.553633, 3.179759 ], [ 13.554117, 3.180186 ], [ 13.55437, 3.18037 ], [ 13.554963, 3.180941 ], [ 13.555209, 3.18114 ], [ 13.555423, 3.181383 ], [ 13.555617, 3.181548 ], [ 13.555714, 3.181647 ], [ 13.555979, 3.181984 ], [ 13.556185, 3.182331 ], [ 13.556543, 3.183204 ], [ 13.55659, 3.183452 ], [ 13.556607, 3.183796 ], [ 13.556601, 3.186517 ], [ 13.556588, 3.18695 ], [ 13.556568, 3.187119 ], [ 13.55653, 3.187281 ], [ 13.556416, 3.187557 ], [ 13.556298, 3.187898 ], [ 13.556289, 3.187936 ], [ 13.555943, 3.188716 ], [ 13.556045, 3.188931 ], [ 13.556988, 3.190919 ], [ 13.557081, 3.192642 ], [ 13.557553, 3.195227 ], [ 13.552524, 3.20654 ], [ 13.550108, 3.207948 ], [ 13.549154, 3.208713 ], [ 13.549534, 3.209671 ], [ 13.549274, 3.214262 ], [ 13.549522, 3.214475 ], [ 13.549638, 3.214594 ], [ 13.550186, 3.214944 ], [ 13.550304, 3.215064 ], [ 13.550433, 3.215165 ], [ 13.550552, 3.215275 ], [ 13.550868, 3.215417 ], [ 13.551232, 3.215736 ], [ 13.55132, 3.215782 ], [ 13.551509, 3.215852 ], [ 13.551732, 3.215993 ], [ 13.552058, 3.216092 ], [ 13.552325, 3.216216 ], [ 13.552649, 3.216316 ], [ 13.552833, 3.216429 ], [ 13.552931, 3.216465 ], [ 13.553043, 3.216485 ], [ 13.553399, 3.216517 ], [ 13.553511, 3.216537 ], [ 13.553609, 3.216572 ], [ 13.553748, 3.21666 ], [ 13.553796, 3.216681 ], [ 13.554243, 3.216781 ], [ 13.554291, 3.216803 ], [ 13.554428, 3.216892 ], [ 13.554511, 3.216925 ], [ 13.554965, 3.217004 ], [ 13.555078, 3.217043 ], [ 13.555297, 3.217141 ], [ 13.555711, 3.217251 ], [ 13.555985, 3.217371 ], [ 13.556109, 3.217403 ], [ 13.556476, 3.217462 ], [ 13.556578, 3.2175 ], [ 13.556715, 3.217589 ], [ 13.556761, 3.217609 ], [ 13.556924, 3.217644 ], [ 13.557245, 3.217673 ], [ 13.55728, 3.217676 ], [ 13.557392, 3.217696 ], [ 13.557489, 3.21773 ], [ 13.557626, 3.217819 ], [ 13.557727, 3.217855 ], [ 13.558159, 3.217919 ], [ 13.558288, 3.217954 ], [ 13.558474, 3.218033 ], [ 13.558837, 3.218229 ], [ 13.558264, 3.218501 ], [ 13.558143, 3.218577 ], [ 13.558073, 3.218635 ], [ 13.557947, 3.218739 ], [ 13.557837, 3.218803 ], [ 13.557291, 3.21905 ], [ 13.556758, 3.219292 ], [ 13.556571, 3.219433 ], [ 13.556023, 3.219775 ], [ 13.555428, 3.220344 ], [ 13.554883, 3.220687 ], [ 13.554511, 3.221029 ], [ 13.554243, 3.221224 ], [ 13.55378, 3.22163 ], [ 13.553154, 3.222092 ], [ 13.552631, 3.222544 ], [ 13.552364, 3.222741 ], [ 13.551765, 3.223305 ], [ 13.551497, 3.223499 ], [ 13.551146, 3.223815 ], [ 13.550747, 3.224214 ], [ 13.550552, 3.22446 ], [ 13.550457, 3.224659 ], [ 13.55037, 3.224944 ], [ 13.550308, 3.225558 ], [ 13.550266, 3.225807 ], [ 13.550256, 3.225871 ], [ 13.550253, 3.225918 ], [ 13.550234, 3.226235 ], [ 13.550235, 3.226516 ], [ 13.550229, 3.226569 ], [ 13.550221, 3.228011 ], [ 13.550188, 3.228269 ], [ 13.55009, 3.228648 ], [ 13.550033, 3.228793 ], [ 13.549868, 3.229119 ], [ 13.549737, 3.22932 ], [ 13.549506, 3.229577 ], [ 13.549352, 3.22973 ], [ 13.548821, 3.230256 ], [ 13.548606, 3.230522 ], [ 13.548498, 3.230741 ], [ 13.548424, 3.23092 ], [ 13.548414, 3.230975 ], [ 13.548307, 3.23211 ], [ 13.548336, 3.232261 ], [ 13.548455, 3.232624 ], [ 13.548496, 3.232962 ], [ 13.548507, 3.234816 ], [ 13.548495, 3.235253 ], [ 13.548476, 3.235424 ], [ 13.548438, 3.235589 ], [ 13.548258, 3.235993 ], [ 13.548147, 3.236185 ], [ 13.547912, 3.236526 ], [ 13.547832, 3.236616 ], [ 13.547624, 3.236804 ], [ 13.547172, 3.237031 ], [ 13.546969, 3.237076 ], [ 13.546754, 3.237065 ], [ 13.546621, 3.237027 ], [ 13.54642, 3.236923 ], [ 13.546047, 3.23678 ], [ 13.545663, 3.236577 ], [ 13.545226, 3.236265 ], [ 13.544778, 3.236012 ], [ 13.544315, 3.235796 ], [ 13.544168, 3.235748 ], [ 13.543932, 3.235709 ], [ 13.543013, 3.235615 ], [ 13.542014, 3.235713 ], [ 13.541781, 3.235759 ], [ 13.5415, 3.235862 ], [ 13.541023, 3.236011 ], [ 13.54017, 3.23642 ], [ 13.539817, 3.236629 ], [ 13.539521, 3.236887 ], [ 13.539293, 3.237132 ], [ 13.539137, 3.237346 ], [ 13.538817, 3.237741 ], [ 13.538722, 3.237883 ], [ 13.538479, 3.238337 ], [ 13.537307, 3.240691 ], [ 13.53718, 3.24103 ], [ 13.537154, 3.241121 ], [ 13.537079, 3.241386 ], [ 13.537019, 3.241908 ], [ 13.537022, 3.241949 ], [ 13.537027, 3.24201 ], [ 13.537035, 3.24212 ], [ 13.537085, 3.242346 ], [ 13.537144, 3.242488 ], [ 13.537383, 3.242846 ], [ 13.537514, 3.24299 ], [ 13.538039, 3.243384 ], [ 13.538813, 3.243783 ], [ 13.539162, 3.243988 ], [ 13.539514, 3.244248 ], [ 13.539522, 3.244256 ], [ 13.539731, 3.244456 ], [ 13.539866, 3.244643 ], [ 13.540004, 3.244978 ], [ 13.540061, 3.245282 ], [ 13.540056, 3.245491 ], [ 13.539979, 3.24571 ], [ 13.539874, 3.24587 ], [ 13.539763, 3.245954 ], [ 13.539624, 3.246001 ], [ 13.539017, 3.246094 ], [ 13.53837, 3.246135 ], [ 13.53789, 3.246199 ], [ 13.537017, 3.246212 ], [ 13.53677, 3.24623 ], [ 13.53655, 3.24629 ], [ 13.536178, 3.24653 ], [ 13.535932, 3.246758 ], [ 13.535723, 3.24703 ], [ 13.535646, 3.24718 ], [ 13.535646, 3.247532 ], [ 13.535556, 3.248359 ], [ 13.535253, 3.248531 ], [ 13.53526, 3.248609 ], [ 13.535285, 3.248711 ], [ 13.535417, 3.249066 ], [ 13.535515, 3.249533 ], [ 13.535502, 3.24974 ], [ 13.535452, 3.249877 ], [ 13.535401, 3.249966 ], [ 13.53536, 3.250016 ], [ 13.535354, 3.250024 ], [ 13.53524, 3.250121 ], [ 13.535173, 3.250158 ], [ 13.535009, 3.250208 ], [ 13.534751, 3.250228 ], [ 13.534038, 3.250226 ], [ 13.533864, 3.25025 ], [ 13.533719, 3.250291 ], [ 13.533526, 3.250369 ], [ 13.533524, 3.25037 ], [ 13.533398, 3.250458 ], [ 13.533292, 3.250569 ], [ 13.533211, 3.250701 ], [ 13.53316, 3.250869 ], [ 13.53314, 3.251043 ], [ 13.53315, 3.251307 ], [ 13.533181, 3.25148 ], [ 13.533266, 3.251704 ], [ 13.533567, 3.252293 ], [ 13.533717, 3.25262 ], [ 13.533722, 3.252634 ], [ 13.53369, 3.252818 ], [ 13.533793, 3.25287 ], [ 13.533805, 3.252926 ], [ 13.533815, 3.253095 ], [ 13.533798, 3.253347 ], [ 13.533673, 3.253852 ], [ 13.53368, 3.254008 ], [ 13.533698, 3.254085 ], [ 13.533775, 3.254243 ], [ 13.533943, 3.254451 ], [ 13.534207, 3.254697 ], [ 13.53452, 3.254933 ], [ 13.534619, 3.255028 ], [ 13.534696, 3.255152 ], [ 13.534718, 3.255222 ], [ 13.534761, 3.255362 ], [ 13.534821, 3.255724 ], [ 13.534817, 3.255936 ], [ 13.534715, 3.256391 ], [ 13.534608, 3.256665 ], [ 13.534532, 3.256805 ], [ 13.534156, 3.257317 ], [ 13.533889, 3.257608 ], [ 13.533409, 3.258054 ], [ 13.53319, 3.258212 ], [ 13.533049, 3.258331 ], [ 13.532988, 3.258383 ], [ 13.532791, 3.258576 ], [ 13.532609, 3.258784 ], [ 13.532507, 3.258934 ], [ 13.532455, 3.25904 ], [ 13.532314, 3.259329 ], [ 13.532165, 3.259806 ], [ 13.531949, 3.260271 ], [ 13.531794, 3.260483 ], [ 13.531673, 3.260607 ], [ 13.531541, 3.260715 ], [ 13.531399, 3.260795 ], [ 13.531257, 3.26084 ], [ 13.53053, 3.260948 ], [ 13.530219, 3.260965 ], [ 13.529607, 3.260974 ], [ 13.529189, 3.26098 ], [ 13.528383, 3.261096 ], [ 13.528171, 3.261159 ], [ 13.527778, 3.26134 ], [ 13.527424, 3.261551 ], [ 13.527005, 3.261928 ], [ 13.526447, 3.262353 ], [ 13.526094, 3.262598 ], [ 13.525777, 3.262744 ], [ 13.52559, 3.262876 ], [ 13.52523, 3.263079 ], [ 13.524122, 3.26362 ], [ 13.523762, 3.263826 ], [ 13.523358, 3.264117 ], [ 13.523128, 3.264316 ], [ 13.522964, 3.264486 ], [ 13.522821, 3.264671 ], [ 13.52275, 3.264803 ], [ 13.522741, 3.264826 ], [ 13.522469, 3.265652 ], [ 13.522428, 3.265723 ], [ 13.522425, 3.265732 ], [ 13.522394, 3.265966 ], [ 13.522354, 3.266622 ], [ 13.52235, 3.266683 ], [ 13.522207, 3.267258 ], [ 13.522118, 3.267711 ], [ 13.522067, 3.267855 ], [ 13.52188, 3.268249 ], [ 13.52149, 3.268885 ], [ 13.521342, 3.269067 ], [ 13.52112, 3.26929 ], [ 13.520947, 3.269437 ], [ 13.520737, 3.269585 ], [ 13.520362, 3.26992 ], [ 13.519818, 3.270264 ], [ 13.519631, 3.270408 ], [ 13.519234, 3.270654 ], [ 13.51913, 3.270718 ], [ 13.519059, 3.270778 ], [ 13.518995, 3.270832 ], [ 13.51878, 3.270977 ], [ 13.51779, 3.271723 ], [ 13.517329, 3.272154 ], [ 13.516417, 3.273072 ], [ 13.516185, 3.273347 ], [ 13.515978, 3.273672 ], [ 13.515612, 3.274148 ], [ 13.515358, 3.274605 ], [ 13.515105, 3.275133 ], [ 13.514877, 3.275707 ], [ 13.514724, 3.276221 ], [ 13.514524, 3.276324 ], [ 13.514448, 3.276351 ], [ 13.514269, 3.276416 ], [ 13.514, 3.276543 ], [ 13.513677, 3.276641 ], [ 13.513597, 3.27669 ], [ 13.513465, 3.276795 ], [ 13.513215, 3.276934 ], [ 13.513141, 3.276976 ], [ 13.513033, 3.277021 ], [ 13.512767, 3.277101 ], [ 13.512589, 3.277217 ], [ 13.512542, 3.277239 ], [ 13.512434, 3.277267 ], [ 13.512315, 3.277282 ], [ 13.512128, 3.277287 ], [ 13.511938, 3.277274 ], [ 13.511813, 3.277251 ], [ 13.511697, 3.277208 ], [ 13.511411, 3.277045 ], [ 13.511336, 3.276992 ], [ 13.511222, 3.276869 ], [ 13.511099, 3.276763 ], [ 13.510996, 3.276639 ], [ 13.510875, 3.276532 ], [ 13.510771, 3.276408 ], [ 13.510649, 3.276301 ], [ 13.510545, 3.276177 ], [ 13.510423, 3.27607 ], [ 13.510319, 3.275946 ], [ 13.510194, 3.275843 ], [ 13.51011, 3.275756 ], [ 13.510035, 3.275704 ], [ 13.509799, 3.275615 ], [ 13.509625, 3.275497 ], [ 13.509579, 3.275475 ], [ 13.509473, 3.275446 ], [ 13.509295, 3.275427 ], [ 13.509107, 3.275421 ], [ 13.508916, 3.275425 ], [ 13.508725, 3.275441 ], [ 13.508558, 3.275479 ], [ 13.508287, 3.275598 ], [ 13.508015, 3.27568 ], [ 13.50792, 3.275724 ], [ 13.50775, 3.275853 ], [ 13.507269, 3.276144 ], [ 13.507117, 3.27629 ], [ 13.506988, 3.27639 ], [ 13.506869, 3.2765 ], [ 13.506552, 3.276639 ], [ 13.506413, 3.27676 ], [ 13.506185, 3.276956 ], [ 13.506097, 3.277001 ], [ 13.505906, 3.277069 ], [ 13.505688, 3.27721 ], [ 13.50551, 3.277273 ], [ 13.505448, 3.277295 ], [ 13.505405, 3.277318 ], [ 13.505322, 3.27738 ], [ 13.505275, 3.277415 ], [ 13.505186, 3.277458 ], [ 13.504996, 3.277525 ], [ 13.504819, 3.27764 ], [ 13.504713, 3.27768 ], [ 13.504526, 3.277706 ], [ 13.504185, 3.277716 ], [ 13.503701, 3.277711 ], [ 13.503571, 3.277701 ], [ 13.503449, 3.277679 ], [ 13.503394, 3.277661 ], [ 13.503308, 3.277609 ], [ 13.503099, 3.277423 ], [ 13.502998, 3.277297 ], [ 13.502881, 3.277177 ], [ 13.502749, 3.276973 ], [ 13.50259, 3.276789 ], [ 13.502409, 3.276628 ], [ 13.502207, 3.276491 ], [ 13.502091, 3.27637 ], [ 13.501967, 3.276264 ], [ 13.501861, 3.276142 ], [ 13.501737, 3.27604 ], [ 13.501651, 3.275955 ], [ 13.501576, 3.275903 ], [ 13.50134, 3.275814 ], [ 13.501125, 3.27567 ], [ 13.500887, 3.275582 ], [ 13.500711, 3.275467 ], [ 13.500609, 3.275428 ], [ 13.500428, 3.2754 ], [ 13.500232, 3.275391 ], [ 13.499486, 3.275386 ], [ 13.499228, 3.275398 ], [ 13.49911, 3.275418 ], [ 13.499005, 3.275459 ], [ 13.498872, 3.275564 ], [ 13.498722, 3.275662 ], [ 13.498636, 3.275734 ], [ 13.49856, 3.275817 ], [ 13.498426, 3.276009 ], [ 13.498307, 3.276126 ], [ 13.498204, 3.276254 ], [ 13.498085, 3.276373 ], [ 13.497742, 3.276927 ], [ 13.497623, 3.277045 ], [ 13.497533, 3.277153 ], [ 13.497519, 3.27717 ], [ 13.497511, 3.277177 ], [ 13.497397, 3.277275 ], [ 13.497291, 3.277395 ], [ 13.497166, 3.277499 ], [ 13.497051, 3.277622 ], [ 13.496859, 3.277767 ], [ 13.49668, 3.277948 ], [ 13.496515, 3.27825 ], [ 13.496377, 3.278569 ], [ 13.496012, 3.279296 ], [ 13.495802, 3.279828 ], [ 13.495678, 3.2801 ], [ 13.495581, 3.280502 ], [ 13.495577, 3.280517 ], [ 13.495435, 3.28101 ], [ 13.495336, 3.281427 ], [ 13.495213, 3.2817 ], [ 13.495027, 3.282168 ], [ 13.494925, 3.28235 ], [ 13.494558, 3.282814 ], [ 13.494463, 3.28289 ], [ 13.494203, 3.283013 ], [ 13.49383, 3.28332 ], [ 13.493511, 3.283457 ], [ 13.493326, 3.283576 ], [ 13.493107, 3.283661 ], [ 13.493014, 3.283723 ], [ 13.492683, 3.283999 ], [ 13.49237, 3.284143 ], [ 13.492122, 3.284354 ], [ 13.492014, 3.284474 ], [ 13.491925, 3.284553 ], [ 13.491893, 3.284581 ], [ 13.491864, 3.284614 ], [ 13.491787, 3.284703 ], [ 13.491699, 3.284781 ], [ 13.491666, 3.28481 ], [ 13.491635, 3.284846 ], [ 13.491559, 3.284932 ], [ 13.491484, 3.284998 ], [ 13.491437, 3.285039 ], [ 13.491388, 3.285094 ], [ 13.49133, 3.28516 ], [ 13.491276, 3.285208 ], [ 13.491208, 3.285267 ], [ 13.491136, 3.285349 ], [ 13.491101, 3.285388 ], [ 13.491068, 3.285418 ], [ 13.49098, 3.285495 ], [ 13.490888, 3.285599 ], [ 13.490873, 3.285617 ], [ 13.490857, 3.285631 ], [ 13.490752, 3.285724 ], [ 13.490655, 3.285834 ], [ 13.490646, 3.285845 ], [ 13.490634, 3.285855 ], [ 13.490525, 3.285952 ], [ 13.490419, 3.286073 ], [ 13.490174, 3.286295 ], [ 13.489819, 3.286511 ], [ 13.48953, 3.286663 ], [ 13.489226, 3.286897 ], [ 13.488876, 3.286994 ], [ 13.488733, 3.287018 ], [ 13.488515, 3.287034 ], [ 13.486467, 3.287028 ], [ 13.482936, 3.286554 ], [ 13.482708, 3.286567 ], [ 13.482489, 3.286609 ], [ 13.48221, 3.286717 ], [ 13.481802, 3.286832 ], [ 13.481437, 3.287027 ], [ 13.481143, 3.287283 ], [ 13.48092, 3.287526 ], [ 13.480741, 3.287833 ], [ 13.480669, 3.288009 ], [ 13.480542, 3.288577 ], [ 13.480491, 3.288862 ], [ 13.480338, 3.289427 ], [ 13.480301, 3.289719 ], [ 13.480271, 3.290393 ], [ 13.48025, 3.29052 ], [ 13.480247, 3.290537 ], [ 13.480148, 3.290888 ], [ 13.480032, 3.291231 ], [ 13.479898, 3.291565 ], [ 13.479687, 3.291924 ], [ 13.479554, 3.292086 ], [ 13.47954, 3.292102 ], [ 13.479479, 3.292207 ], [ 13.479382, 3.292432 ], [ 13.479348, 3.292611 ], [ 13.476759, 3.292469 ], [ 13.476638, 3.292438 ], [ 13.476497, 3.292357 ], [ 13.476338, 3.292265 ], [ 13.475621, 3.291981 ], [ 13.47521, 3.29174 ], [ 13.474968, 3.291515 ], [ 13.474745, 3.291271 ], [ 13.474606, 3.291064 ], [ 13.47432, 3.290686 ], [ 13.474153, 3.290383 ], [ 13.473942, 3.290052 ], [ 13.473587, 3.289346 ], [ 13.47341, 3.289073 ], [ 13.473279, 3.288829 ], [ 13.473151, 3.288648 ], [ 13.47284, 3.28831 ], [ 13.472351, 3.287829 ], [ 13.47224, 3.287738 ], [ 13.471939, 3.28753 ], [ 13.47189, 3.287498 ], [ 13.471772, 3.287454 ], [ 13.471568, 3.287426 ], [ 13.471349, 3.287418 ], [ 13.469823, 3.287416 ], [ 13.469448, 3.287432 ], [ 13.469234, 3.287475 ], [ 13.468961, 3.287588 ], [ 13.468648, 3.287686 ], [ 13.468398, 3.287821 ], [ 13.46797, 3.287922 ], [ 13.467871, 3.287981 ], [ 13.467538, 3.288252 ], [ 13.467227, 3.288398 ], [ 13.46698, 3.288608 ], [ 13.466416, 3.289185 ], [ 13.466067, 3.289519 ], [ 13.46584, 3.289762 ], [ 13.465698, 3.289968 ], [ 13.465407, 3.290332 ], [ 13.465267, 3.290542 ], [ 13.465117, 3.290724 ], [ 13.464907, 3.291084 ], [ 13.464799, 3.291305 ], [ 13.464424, 3.292065 ], [ 13.464204, 3.292678 ], [ 13.464105, 3.293027 ], [ 13.464074, 3.293243 ], [ 13.46405, 3.293846 ], [ 13.464026, 3.294081 ], [ 13.463989, 3.294255 ], [ 13.463899, 3.294526 ], [ 13.463862, 3.294706 ], [ 13.463835, 3.294991 ], [ 13.463825, 3.295284 ], [ 13.463828, 3.297654 ], [ 13.463816, 3.29824 ], [ 13.463773, 3.298618 ], [ 13.463661, 3.298993 ], [ 13.463624, 3.299175 ], [ 13.463592, 3.299556 ], [ 13.463583, 3.300044 ], [ 13.463584, 3.300928 ], [ 13.463602, 3.301412 ], [ 13.46364, 3.301692 ], [ 13.463776, 3.302286 ], [ 13.463781, 3.302348 ], [ 13.46378, 3.302597 ], [ 13.463732, 3.303469 ], [ 13.463776, 3.30402 ], [ 13.463773, 3.304882 ], [ 13.463773, 3.304984 ], [ 13.463587, 3.305993 ], [ 13.463356, 3.306865 ], [ 13.463034, 3.30769 ], [ 13.462712, 3.308332 ], [ 13.462344, 3.308973 ], [ 13.462274, 3.309142 ], [ 13.462115, 3.309523 ], [ 13.461678, 3.310068 ], [ 13.461564, 3.31021 ], [ 13.461151, 3.310805 ], [ 13.4606, 3.311676 ], [ 13.460477, 3.311892 ], [ 13.460232, 3.312317 ], [ 13.460076, 3.312568 ], [ 13.459973, 3.312733 ], [ 13.459774, 3.31305 ], [ 13.459407, 3.313508 ], [ 13.459318, 3.313587 ], [ 13.459275, 3.313657 ], [ 13.45905, 3.3139 ], [ 13.458701, 3.314234 ], [ 13.458369, 3.314583 ], [ 13.458121, 3.314795 ], [ 13.458028, 3.314841 ], [ 13.457758, 3.314924 ], [ 13.45754, 3.315015 ], [ 13.457417, 3.315053 ], [ 13.457212, 3.315079 ], [ 13.45693, 3.315088 ], [ 13.456921, 3.315079 ], [ 13.454874, 3.31508 ], [ 13.453353, 3.315078 ], [ 13.452927, 3.315056 ], [ 13.452726, 3.315013 ], [ 13.452451, 3.3149 ], [ 13.452256, 3.314858 ], [ 13.451911, 3.314838 ], [ 13.45114, 3.314837 ], [ 13.450878, 3.314816 ], [ 13.450711, 3.314767 ], [ 13.450524, 3.31466 ], [ 13.450134, 3.314573 ], [ 13.450033, 3.314532 ], [ 13.449861, 3.314406 ], [ 13.449486, 3.314189 ], [ 13.449297, 3.314094 ], [ 13.449183, 3.314019 ], [ 13.448862, 3.313766 ], [ 13.448656, 3.313624 ], [ 13.448539, 3.313503 ], [ 13.448415, 3.313396 ], [ 13.448309, 3.313274 ], [ 13.448189, 3.313168 ], [ 13.448083, 3.313046 ], [ 13.447962, 3.312939 ], [ 13.447857, 3.312818 ], [ 13.447736, 3.312711 ], [ 13.447632, 3.312586 ], [ 13.447512, 3.312468 ], [ 13.447334, 3.312212 ], [ 13.446894, 3.311702 ], [ 13.446646, 3.311293 ], [ 13.446206, 3.310782 ], [ 13.446028, 3.310527 ], [ 13.445908, 3.310409 ], [ 13.445804, 3.310284 ], [ 13.445683, 3.310177 ], [ 13.445578, 3.310055 ], [ 13.445457, 3.309949 ], [ 13.445351, 3.309827 ], [ 13.445231, 3.30972 ], [ 13.445125, 3.309598 ], [ 13.445001, 3.309492 ], [ 13.444885, 3.309371 ], [ 13.444678, 3.309229 ], [ 13.444301, 3.308938 ], [ 13.444001, 3.30878 ], [ 13.44368, 3.308589 ], [ 13.443477, 3.308422 ], [ 13.443103, 3.308202 ], [ 13.442644, 3.307984 ], [ 13.442321, 3.307881 ], [ 13.442141, 3.307764 ], [ 13.441861, 3.307654 ], [ 13.441635, 3.307518 ], [ 13.441188, 3.307417 ], [ 13.440956, 3.307283 ], [ 13.440634, 3.307182 ], [ 13.440362, 3.30706 ], [ 13.439994, 3.30696 ], [ 13.439604, 3.306815 ], [ 13.439139, 3.30672 ], [ 13.438883, 3.306592 ], [ 13.438453, 3.306489 ], [ 13.438202, 3.30636 ], [ 13.437772, 3.306255 ], [ 13.437515, 3.30613 ], [ 13.437321, 3.306093 ], [ 13.436893, 3.306064 ], [ 13.43669, 3.306037 ], [ 13.436572, 3.306 ], [ 13.436424, 3.305921 ], [ 13.436308, 3.305885 ], [ 13.435839, 3.305823 ], [ 13.435714, 3.305793 ], [ 13.435467, 3.30566 ], [ 13.435248, 3.305572 ], [ 13.434853, 3.305299 ], [ 13.43449, 3.305008 ], [ 13.434285, 3.304864 ], [ 13.433816, 3.304409 ], [ 13.433594, 3.304163 ], [ 13.433449, 3.303954 ], [ 13.433311, 3.303786 ], [ 13.432885, 3.303341 ], [ 13.432554, 3.303027 ], [ 13.432236, 3.302788 ], [ 13.431867, 3.302447 ], [ 13.431323, 3.302102 ], [ 13.431188, 3.301999 ], [ 13.430867, 3.301858 ], [ 13.430727, 3.30177 ], [ 13.430615, 3.301727 ], [ 13.430246, 3.301641 ], [ 13.429987, 3.301513 ], [ 13.429852, 3.301482 ], [ 13.429704, 3.301466 ], [ 13.429155, 3.301455 ], [ 13.428777, 3.301481 ], [ 13.428643, 3.301511 ], [ 13.428437, 3.301613 ], [ 13.42832, 3.301649 ], [ 13.428188, 3.30167 ], [ 13.427762, 3.301696 ], [ 13.427559, 3.301722 ], [ 13.42752, 3.301735 ], [ 13.427441, 3.301759 ], [ 13.427239, 3.30186 ], [ 13.426807, 3.301958 ], [ 13.426561, 3.302092 ], [ 13.426344, 3.302176 ], [ 13.42625, 3.302238 ], [ 13.426046, 3.302412 ], [ 13.425871, 3.302616 ], [ 13.425807, 3.302717 ], [ 13.425766, 3.302838 ], [ 13.425673, 3.303254 ], [ 13.425652, 3.303486 ], [ 13.425649, 3.303959 ], [ 13.425657, 3.303987 ], [ 13.425649, 3.303993 ], [ 13.415048, 3.313432 ], [ 13.397455, 3.302416 ], [ 13.397413, 3.302265 ], [ 13.3973, 3.301921 ], [ 13.397182, 3.301579 ], [ 13.397045, 3.301243 ], [ 13.396666, 3.3006 ], [ 13.396243, 3.300027 ], [ 13.395793, 3.29955 ], [ 13.395674, 3.299442 ], [ 13.395565, 3.299322 ], [ 13.395318, 3.299097 ], [ 13.394772, 3.298751 ], [ 13.394635, 3.298651 ], [ 13.394358, 3.298533 ], [ 13.394137, 3.298389 ], [ 13.3939, 3.298301 ], [ 13.393685, 3.298158 ], [ 13.393449, 3.298069 ], [ 13.39327, 3.297955 ], [ 13.393221, 3.297934 ], [ 13.39305, 3.297898 ], [ 13.392542, 3.297871 ], [ 13.392365, 3.297845 ], [ 13.392264, 3.29781 ], [ 13.392076, 3.297701 ], [ 13.391901, 3.297662 ], [ 13.3915, 3.297641 ], [ 13.390945, 3.297647 ], [ 13.390678, 3.297681 ], [ 13.390557, 3.29772 ], [ 13.390339, 3.297814 ], [ 13.389985, 3.297905 ], [ 13.389871, 3.297948 ], [ 13.389463, 3.298138 ], [ 13.38909, 3.298354 ], [ 13.389022, 3.298411 ], [ 13.388816, 3.29862 ], [ 13.388501, 3.299138 ], [ 13.388335, 3.299342 ], [ 13.388046, 3.299828 ], [ 13.387916, 3.299995 ], [ 13.387821, 3.300227 ], [ 13.387776, 3.300315 ], [ 13.387566, 3.300562 ], [ 13.387421, 3.300716 ], [ 13.387101, 3.301232 ], [ 13.386982, 3.30135 ], [ 13.386876, 3.301476 ], [ 13.386754, 3.301581 ], [ 13.386648, 3.301702 ], [ 13.386525, 3.301807 ], [ 13.386418, 3.301929 ], [ 13.386296, 3.302035 ], [ 13.386189, 3.302157 ], [ 13.386067, 3.302263 ], [ 13.38596, 3.302384 ], [ 13.385837, 3.302489 ], [ 13.385731, 3.30261 ], [ 13.385608, 3.302714 ], [ 13.385502, 3.302838 ], [ 13.385382, 3.302954 ], [ 13.385194, 3.30326 ], [ 13.385117, 3.303414 ], [ 13.38501, 3.303703 ], [ 13.384889, 3.304112 ], [ 13.384769, 3.304758 ], [ 13.384738, 3.305309 ], [ 13.384711, 3.30551 ], [ 13.384662, 3.305717 ], [ 13.38461, 3.306022 ], [ 13.38445, 3.306574 ], [ 13.38437, 3.306934 ], [ 13.384327, 3.307049 ], [ 13.384133, 3.307456 ], [ 13.383916, 3.307832 ], [ 13.383786, 3.307999 ], [ 13.383692, 3.30823 ], [ 13.383646, 3.308318 ], [ 13.383434, 3.30856 ], [ 13.383313, 3.308665 ], [ 13.383208, 3.308789 ], [ 13.383086, 3.308905 ], [ 13.38295, 3.309108 ], [ 13.382685, 3.309439 ], [ 13.382514, 3.309689 ], [ 13.382306, 3.309899 ], [ 13.382043, 3.310102 ], [ 13.381965, 3.310182 ], [ 13.381845, 3.310336 ], [ 13.381777, 3.310399 ], [ 13.381261, 3.310724 ], [ 13.381143, 3.310843 ], [ 13.381017, 3.310947 ], [ 13.380911, 3.311069 ], [ 13.380789, 3.311175 ], [ 13.380684, 3.311297 ], [ 13.380562, 3.311403 ], [ 13.380456, 3.311525 ], [ 13.380333, 3.311631 ], [ 13.380227, 3.311753 ], [ 13.380104, 3.311859 ], [ 13.379997, 3.311981 ], [ 13.379874, 3.312086 ], [ 13.379767, 3.312207 ], [ 13.379645, 3.312313 ], [ 13.379433, 3.312559 ], [ 13.379291, 3.312877 ], [ 13.378976, 3.313244 ], [ 13.378836, 3.313563 ], [ 13.378705, 3.31373 ], [ 13.37849, 3.314106 ], [ 13.378403, 3.314298 ], [ 13.378258, 3.314563 ], [ 13.378172, 3.314757 ], [ 13.378012, 3.315072 ], [ 13.37773, 3.315851 ], [ 13.377583, 3.316171 ], [ 13.377483, 3.316588 ], [ 13.377239, 3.317376 ], [ 13.377202, 3.317553 ], [ 13.37716, 3.317947 ], [ 13.377136, 3.318075 ], [ 13.376997, 3.31857 ], [ 13.376912, 3.318995 ], [ 13.376832, 3.319239 ], [ 13.376767, 3.319392 ], [ 13.376578, 3.319713 ], [ 13.376326, 3.319989 ], [ 13.376205, 3.320094 ], [ 13.376099, 3.320214 ], [ 13.375821, 3.320463 ], [ 13.375446, 3.320679 ], [ 13.375252, 3.320764 ], [ 13.374985, 3.320905 ], [ 13.37474, 3.321018 ], [ 13.374418, 3.321207 ], [ 13.374215, 3.321373 ], [ 13.373942, 3.321525 ], [ 13.373838, 3.321576 ], [ 13.373567, 3.321657 ], [ 13.373472, 3.3217 ], [ 13.3733, 3.321827 ], [ 13.372816, 3.322114 ], [ 13.372612, 3.322281 ], [ 13.372129, 3.322571 ], [ 13.37185, 3.322821 ], [ 13.371744, 3.322942 ], [ 13.371622, 3.323047 ], [ 13.371518, 3.323167 ], [ 13.371395, 3.323272 ], [ 13.37129, 3.323399 ], [ 13.371168, 3.323515 ], [ 13.370949, 3.323865 ], [ 13.370853, 3.324038 ], [ 13.370722, 3.324203 ], [ 13.370679, 3.324293 ], [ 13.37061, 3.324485 ], [ 13.370562, 3.324561 ], [ 13.370455, 3.324691 ], [ 13.370267, 3.325015 ], [ 13.370153, 3.325261 ], [ 13.370008, 3.325526 ], [ 13.369924, 3.325721 ], [ 13.36978, 3.325987 ], [ 13.369696, 3.326181 ], [ 13.369451, 3.326592 ], [ 13.36933, 3.326708 ], [ 13.369226, 3.326832 ], [ 13.369103, 3.326936 ], [ 13.368998, 3.327058 ], [ 13.368875, 3.327163 ], [ 13.36877, 3.327285 ], [ 13.368526, 3.327498 ], [ 13.368438, 3.327542 ], [ 13.368293, 3.32759 ], [ 13.368203, 3.327632 ], [ 13.368037, 3.327762 ], [ 13.367658, 3.327975 ], [ 13.367413, 3.328088 ], [ 13.367087, 3.328276 ], [ 13.366886, 3.328443 ], [ 13.366366, 3.328758 ], [ 13.36625, 3.328879 ], [ 13.366126, 3.328983 ], [ 13.366021, 3.329105 ], [ 13.365778, 3.329315 ], [ 13.365692, 3.329358 ], [ 13.365549, 3.329411 ], [ 13.365459, 3.329462 ], [ 13.365397, 3.329528 ], [ 13.365343, 3.329601 ], [ 13.365379, 3.329646 ], [ 13.3653, 3.329658 ], [ 13.365272, 3.329697 ], [ 13.365038, 3.329979 ], [ 13.364872, 3.330235 ], [ 13.364755, 3.330363 ], [ 13.364414, 3.330921 ], [ 13.364293, 3.331037 ], [ 13.364189, 3.331163 ], [ 13.364065, 3.331267 ], [ 13.36396, 3.331389 ], [ 13.363837, 3.331493 ], [ 13.363732, 3.331616 ], [ 13.36361, 3.331721 ], [ 13.363505, 3.331844 ], [ 13.363379, 3.331948 ], [ 13.363294, 3.332039 ], [ 13.363227, 3.332095 ], [ 13.36274, 3.332383 ], [ 13.362539, 3.33255 ], [ 13.362055, 3.332838 ], [ 13.361887, 3.332968 ], [ 13.361792, 3.333011 ], [ 13.361518, 3.333089 ], [ 13.361247, 3.33321 ], [ 13.360832, 3.333314 ], [ 13.360558, 3.333434 ], [ 13.360145, 3.33354 ], [ 13.359872, 3.333661 ], [ 13.359459, 3.333766 ], [ 13.359186, 3.333888 ], [ 13.358774, 3.333994 ], [ 13.358499, 3.334111 ], [ 13.358327, 3.334149 ], [ 13.357915, 3.334204 ], [ 13.357803, 3.334241 ], [ 13.357585, 3.334337 ], [ 13.357172, 3.334444 ], [ 13.356899, 3.334566 ], [ 13.356485, 3.334672 ], [ 13.356211, 3.33479 ], [ 13.356098, 3.334818 ], [ 13.35576, 3.334866 ], [ 13.355661, 3.334893 ], [ 13.355482, 3.335001 ], [ 13.35539, 3.335036 ], [ 13.355001, 3.335095 ], [ 13.354889, 3.335124 ], [ 13.354614, 3.335242 ], [ 13.354199, 3.335349 ], [ 13.35398, 3.335446 ], [ 13.353868, 3.335483 ], [ 13.353471, 3.335541 ], [ 13.35337, 3.335567 ], [ 13.35315, 3.335701 ], [ 13.35296, 3.335766 ], [ 13.352872, 3.335811 ], [ 13.352629, 3.33603 ], [ 13.352481, 3.336205 ], [ 13.35221, 3.336435 ], [ 13.351976, 3.336631 ], [ 13.351874, 3.336741 ], [ 13.351526, 3.337303 ], [ 13.351468, 3.337438 ], [ 13.351368, 3.337777 ], [ 13.351157, 3.338242 ], [ 13.3507, 3.339159 ], [ 13.350464, 3.33961 ], [ 13.350388, 3.339726 ], [ 13.350139, 3.340046 ], [ 13.349999, 3.340254 ], [ 13.34988, 3.340385 ], [ 13.34974, 3.340594 ], [ 13.34945, 3.340957 ], [ 13.349308, 3.341161 ], [ 13.348967, 3.341529 ], [ 13.348618, 3.342079 ], [ 13.348395, 3.34232 ], [ 13.347359, 3.343336 ], [ 13.347134, 3.343582 ], [ 13.346785, 3.344121 ], [ 13.346646, 3.344314 ], [ 13.346532, 3.344557 ], [ 13.346413, 3.344891 ], [ 13.346299, 3.345325 ], [ 13.346282, 3.345556 ], [ 13.34628, 3.345999 ], [ 13.346269, 3.346017 ], [ 13.346272, 3.346901 ], [ 13.346252, 3.347335 ], [ 13.346225, 3.347503 ], [ 13.346148, 3.347787 ], [ 13.346009, 3.348189 ], [ 13.345922, 3.348373 ], [ 13.345859, 3.348477 ], [ 13.34564, 3.348725 ], [ 13.345292, 3.349057 ], [ 13.345063, 3.349302 ], [ 13.344376, 3.350209 ], [ 13.344143, 3.35059 ], [ 13.344127, 3.350618 ], [ 13.343843, 3.351129 ], [ 13.343784, 3.351264 ], [ 13.343681, 3.351603 ], [ 13.343572, 3.351882 ], [ 13.343467, 3.352329 ], [ 13.343348, 3.352684 ], [ 13.343315, 3.35284 ], [ 13.343246, 3.353735 ], [ 13.343213, 3.35389 ], [ 13.343119, 3.354174 ], [ 13.343075, 3.354415 ], [ 13.343039, 3.355086 ], [ 13.343015, 3.355334 ], [ 13.342981, 3.355493 ], [ 13.342885, 3.355775 ], [ 13.34284, 3.35602 ], [ 13.342823, 3.356275 ], [ 13.3428, 3.357313 ], [ 13.342765, 3.357561 ], [ 13.342719, 3.35774 ], [ 13.342637, 3.358059 ], [ 13.342609, 3.358225 ], [ 13.342588, 3.358571 ], [ 13.34257, 3.359626 ], [ 13.342536, 3.359878 ], [ 13.34242, 3.360241 ], [ 13.342374, 3.360486 ], [ 13.342341, 3.361349 ], [ 13.342316, 3.361603 ], [ 13.342081, 3.362599 ], [ 13.341949, 3.362942 ], [ 13.341878, 3.363058 ], [ 13.341635, 3.363388 ], [ 13.341476, 3.363685 ], [ 13.341257, 3.364039 ], [ 13.341035, 3.364282 ], [ 13.34056, 3.364729 ], [ 13.340011, 3.365074 ], [ 13.339767, 3.365298 ], [ 13.339659, 3.365417 ], [ 13.339414, 3.365627 ], [ 13.339099, 3.36577 ], [ 13.338914, 3.365904 ], [ 13.337996, 3.366403 ], [ 13.337813, 3.366538 ], [ 13.337494, 3.36668 ], [ 13.33731, 3.366814 ], [ 13.33705, 3.366955 ], [ 13.336946, 3.367005 ], [ 13.336693, 3.367085 ], [ 13.336581, 3.367134 ], [ 13.336441, 3.367235 ], [ 13.335937, 3.367539 ], [ 13.335644, 3.367798 ], [ 13.334964, 3.368494 ], [ 13.334823, 3.3687 ], [ 13.334574, 3.36902 ], [ 13.33436, 3.36938 ], [ 13.334181, 3.369612 ], [ 13.33387, 3.370097 ], [ 13.333784, 3.370204 ], [ 13.333178, 3.370964 ], [ 13.332762, 3.371558 ], [ 13.3323, 3.372335 ], [ 13.33202, 3.373204 ], [ 13.331902, 3.373888 ], [ 13.33183, 3.374304 ], [ 13.331807, 3.374908 ], [ 13.331808, 3.375525 ], [ 13.331837, 3.376089 ], [ 13.331789, 3.376972 ], [ 13.331751, 3.37743 ], [ 13.33151, 3.377573 ], [ 13.331234, 3.377799 ], [ 13.330918, 3.378118 ], [ 13.330704, 3.378396 ], [ 13.330398, 3.378902 ], [ 13.330028, 3.37961 ], [ 13.329791, 3.379997 ], [ 13.329226, 3.381096 ], [ 13.328643, 3.382054 ], [ 13.327845, 3.383609 ], [ 13.327467, 3.384175 ], [ 13.327258, 3.384564 ], [ 13.326252, 3.386586 ], [ 13.326009, 3.387038 ], [ 13.325667, 3.38754 ], [ 13.325528, 3.387788 ], [ 13.325003, 3.388614 ], [ 13.324827, 3.388931 ], [ 13.324559, 3.389306 ], [ 13.324318, 3.389691 ], [ 13.324032, 3.390007 ], [ 13.323778, 3.390232 ], [ 13.32364, 3.390326 ], [ 13.323252, 3.39053 ], [ 13.322716, 3.390764 ], [ 13.322197, 3.390877 ], [ 13.321931, 3.391004 ], [ 13.321621, 3.391105 ], [ 13.32108, 3.391349 ], [ 13.320578, 3.391639 ], [ 13.320519, 3.391986 ], [ 13.320388, 3.392414 ], [ 13.320299, 3.393001 ], [ 13.32016, 3.393584 ], [ 13.320131, 3.39377 ], [ 13.320109, 3.394154 ], [ 13.32009, 3.395325 ], [ 13.320013, 3.395946 ], [ 13.319972, 3.396813 ], [ 13.319896, 3.397434 ], [ 13.319861, 3.398205 ], [ 13.319833, 3.398489 ], [ 13.319679, 3.399168 ], [ 13.319589, 3.399864 ], [ 13.319459, 3.400317 ], [ 13.31936, 3.401009 ], [ 13.31912, 3.401783 ], [ 13.318895, 3.402358 ], [ 13.318624, 3.402898 ], [ 13.318322, 3.403373 ], [ 13.31813, 3.403581 ], [ 13.317849, 3.403814 ], [ 13.317279, 3.404217 ], [ 13.3165, 3.404623 ], [ 13.316152, 3.404827 ], [ 13.315718, 3.405151 ], [ 13.31539, 3.405463 ], [ 13.315155, 3.405742 ], [ 13.314947, 3.406073 ], [ 13.314693, 3.406431 ], [ 13.314146, 3.40733 ], [ 13.313781, 3.407807 ], [ 13.313577, 3.408132 ], [ 13.313319, 3.408489 ], [ 13.313117, 3.408816 ], [ 13.312802, 3.409226 ], [ 13.312541, 3.409625 ], [ 13.312424, 3.40977 ], [ 13.31223, 3.409973 ], [ 13.312025, 3.410153 ], [ 13.311659, 3.410423 ], [ 13.311108, 3.410758 ], [ 13.310746, 3.411019 ], [ 13.310559, 3.411184 ], [ 13.310394, 3.41138 ], [ 13.310309, 3.411531 ], [ 13.310298, 3.41157 ], [ 13.310321, 3.412151 ], [ 13.310268, 3.412602 ], [ 13.310224, 3.412976 ], [ 13.310448, 3.413295 ], [ 13.310507, 3.413379 ], [ 13.310469, 3.413422 ], [ 13.310536, 3.413812 ], [ 13.310567, 3.41408 ], [ 13.310598, 3.414649 ], [ 13.310605, 3.414774 ], [ 13.310255, 3.415099 ], [ 13.310209, 3.415141 ], [ 13.309854, 3.41537 ], [ 13.309698, 3.415502 ], [ 13.30952, 3.415709 ], [ 13.309381, 3.415947 ], [ 13.30926, 3.41611 ], [ 13.309115, 3.416254 ], [ 13.309007, 3.416334 ], [ 13.308887, 3.416395 ], [ 13.308591, 3.4165 ], [ 13.308444, 3.416581 ], [ 13.308324, 3.416617 ], [ 13.308121, 3.416638 ], [ 13.307696, 3.416654 ], [ 13.307501, 3.416691 ], [ 13.307392, 3.416747 ], [ 13.307153, 3.416917 ], [ 13.307069, 3.416992 ], [ 13.306994, 3.41708 ], [ 13.306793, 3.417434 ], [ 13.306536, 3.417802 ], [ 13.306403, 3.418048 ], [ 13.306046, 3.418904 ], [ 13.305715, 3.419528 ], [ 13.305356, 3.420389 ], [ 13.305036, 3.421019 ], [ 13.304795, 3.421768 ], [ 13.304371, 3.422663 ], [ 13.304187, 3.42324 ], [ 13.303902, 3.42377 ], [ 13.303753, 3.424281 ], [ 13.303712, 3.424369 ], [ 13.303569, 3.42468 ], [ 13.30343, 3.424887 ], [ 13.303243, 3.425068 ], [ 13.302943, 3.425268 ], [ 13.302737, 3.425324 ], [ 13.302501, 3.425321 ], [ 13.30227, 3.42525 ], [ 13.302083, 3.425129 ], [ 13.301828, 3.424913 ], [ 13.301753, 3.424789 ], [ 13.301564, 3.424394 ], [ 13.301212, 3.423561 ], [ 13.301123, 3.423434 ], [ 13.300963, 3.423262 ], [ 13.300841, 3.423164 ], [ 13.300704, 3.423087 ], [ 13.300552, 3.423041 ], [ 13.300395, 3.42302 ], [ 13.300159, 3.423014 ], [ 13.299929, 3.42303 ], [ 13.29972, 3.423073 ], [ 13.299511, 3.423178 ], [ 13.29938, 3.423222 ], [ 13.298776, 3.423332 ], [ 13.298561, 3.42335 ], [ 13.298346, 3.423334 ], [ 13.297991, 3.423257 ], [ 13.297853, 3.423216 ], [ 13.297713, 3.423151 ], [ 13.297515, 3.423004 ], [ 13.297153, 3.422652 ], [ 13.296697, 3.422161 ], [ 13.296437, 3.421827 ], [ 13.296256, 3.42166 ], [ 13.296091, 3.421477 ], [ 13.295761, 3.42121 ], [ 13.295086, 3.420573 ], [ 13.294956, 3.42047 ], [ 13.29458, 3.420228 ], [ 13.294154, 3.41989 ], [ 13.293524, 3.419496 ], [ 13.293137, 3.419295 ], [ 13.292935, 3.419212 ], [ 13.292642, 3.419127 ], [ 13.292309, 3.419094 ], [ 13.29189, 3.419096 ], [ 13.291578, 3.419132 ], [ 13.291444, 3.419175 ], [ 13.291296, 3.419255 ], [ 13.291182, 3.419298 ], [ 13.29078, 3.419389 ], [ 13.29062, 3.419406 ], [ 13.290368, 3.419401 ], [ 13.290071, 3.41967 ], [ 13.289698, 3.419938 ], [ 13.289381, 3.420083 ], [ 13.289245, 3.420183 ], [ 13.288744, 3.420484 ], [ 13.288557, 3.420632 ], [ 13.287944, 3.421059 ], [ 13.287729, 3.421279 ], [ 13.287546, 3.421438 ], [ 13.287388, 3.421623 ], [ 13.287207, 3.42179 ], [ 13.287049, 3.421996 ], [ 13.286897, 3.422161 ], [ 13.286727, 3.42231 ], [ 13.286446, 3.422502 ], [ 13.286217, 3.422713 ], [ 13.285859, 3.422928 ], [ 13.284115, 3.423777 ], [ 13.284012, 3.423849 ], [ 13.283744, 3.424147 ], [ 13.283569, 3.424287 ], [ 13.283184, 3.424486 ], [ 13.282957, 3.424552 ], [ 13.282715, 3.424571 ], [ 13.282472, 3.42456 ], [ 13.282314, 3.424532 ], [ 13.282166, 3.424479 ], [ 13.281844, 3.424308 ], [ 13.281724, 3.424228 ], [ 13.281614, 3.424129 ], [ 13.281351, 3.423843 ], [ 13.281236, 3.423789 ], [ 13.28111, 3.423769 ], [ 13.280919, 3.42379 ], [ 13.280806, 3.423843 ], [ 13.280492, 3.424176 ], [ 13.280373, 3.424264 ], [ 13.28018, 3.424352 ], [ 13.280035, 3.424399 ], [ 13.279884, 3.424421 ], [ 13.279671, 3.42441 ], [ 13.279532, 3.424377 ], [ 13.279269, 3.424269 ], [ 13.279125, 3.424173 ], [ 13.278994, 3.42406 ], [ 13.278759, 3.423802 ], [ 13.278191, 3.423071 ], [ 13.278067, 3.422935 ], [ 13.27793, 3.422814 ], [ 13.277478, 3.422545 ], [ 13.277015, 3.42233 ], [ 13.276779, 3.422256 ], [ 13.276286, 3.422159 ], [ 13.275628, 3.422117 ], [ 13.275354, 3.422082 ], [ 13.275116, 3.422004 ], [ 13.274852, 3.421851 ], [ 13.274717, 3.421794 ], [ 13.274507, 3.421728 ], [ 13.274359, 3.421699 ], [ 13.274124, 3.421699 ], [ 13.273976, 3.421731 ], [ 13.273853, 3.421789 ], [ 13.273713, 3.421897 ], [ 13.27294, 3.421737 ], [ 13.272449, 3.421668 ], [ 13.271838, 3.421649 ], [ 13.27, 3.421644 ], [ 13.269219, 3.421298 ], [ 13.268911, 3.421267 ], [ 13.268695, 3.421202 ], [ 13.26812, 3.420946 ], [ 13.268059, 3.420929 ], [ 13.267947, 3.420921 ], [ 13.267938, 3.420923 ], [ 13.267831, 3.420948 ], [ 13.267384, 3.42114 ], [ 13.267031, 3.421403 ], [ 13.266783, 3.421621 ], [ 13.266476, 3.421891 ], [ 13.266474, 3.421893 ], [ 13.266458, 3.421907 ], [ 13.266365, 3.421986 ], [ 13.266219, 3.422078 ], [ 13.265849, 3.422343 ], [ 13.265532, 3.422526 ], [ 13.265468, 3.422577 ], [ 13.265338, 3.422751 ], [ 13.264862, 3.423657 ], [ 13.264027, 3.423544 ], [ 13.263531, 3.42343 ], [ 13.263337, 3.423357 ], [ 13.263062, 3.423188 ], [ 13.262942, 3.423128 ], [ 13.262607, 3.422996 ], [ 13.262254, 3.422897 ], [ 13.262028, 3.422873 ], [ 13.261797, 3.422865 ], [ 13.26, 3.422875 ], [ 13.259772, 3.422868 ], [ 13.259624, 3.42285 ], [ 13.259483, 3.422812 ], [ 13.259358, 3.422742 ], [ 13.259257, 3.422647 ], [ 13.259087, 3.422424 ], [ 13.258561, 3.422586 ], [ 13.25822, 3.422665 ], [ 13.258046, 3.422667 ], [ 13.257284, 3.422599 ], [ 13.257118, 3.422562 ], [ 13.256766, 3.422441 ], [ 13.256198, 3.422327 ], [ 13.255921, 3.422218 ], [ 13.25558, 3.422123 ], [ 13.255238, 3.421985 ], [ 13.254833, 3.421859 ], [ 13.254515, 3.421709 ], [ 13.254325, 3.421637 ], [ 13.254102, 3.421592 ], [ 13.253644, 3.421539 ], [ 13.253321, 3.42146 ], [ 13.252864, 3.421229 ], [ 13.252619, 3.4212 ], [ 13.252308, 3.421143 ], [ 13.251816, 3.421085 ], [ 13.251129, 3.420962 ], [ 13.250997, 3.420918 ], [ 13.250793, 3.420814 ], [ 13.250138, 3.420616 ], [ 13.249457, 3.420369 ], [ 13.249014, 3.420128 ], [ 13.2489, 3.420041 ], [ 13.248622, 3.419775 ], [ 13.248212, 3.419549 ], [ 13.248091, 3.419462 ], [ 13.247882, 3.419242 ], [ 13.24744, 3.418631 ], [ 13.247277, 3.418461 ], [ 13.247158, 3.41836 ], [ 13.247028, 3.418277 ], [ 13.246897, 3.418222 ], [ 13.246689, 3.418163 ], [ 13.246549, 3.418151 ], [ 13.245768, 3.418237 ], [ 13.245156, 3.41835 ], [ 13.245015, 3.418392 ], [ 13.244904, 3.418459 ], [ 13.244709, 3.418614 ], [ 13.244032, 3.418992 ], [ 13.243774, 3.419152 ], [ 13.242249, 3.419942 ], [ 13.242038, 3.420133 ], [ 13.241843, 3.420339 ], [ 13.241691, 3.420547 ], [ 13.241489, 3.420771 ], [ 13.241318, 3.420927 ], [ 13.240984, 3.421179 ], [ 13.24078, 3.42143 ], [ 13.240478, 3.421725 ], [ 13.240365, 3.421807 ], [ 13.240224, 3.42186 ], [ 13.240073, 3.421887 ], [ 13.23992, 3.421895 ], [ 13.239695, 3.421868 ], [ 13.239555, 3.421805 ], [ 13.239453, 3.421692 ], [ 13.23941, 3.421559 ], [ 13.239418, 3.421357 ], [ 13.239462, 3.421224 ], [ 13.239585, 3.420962 ], [ 13.239657, 3.420747 ], [ 13.239665, 3.42072 ], [ 13.23969, 3.420628 ], [ 13.239694, 3.420616 ], [ 13.239701, 3.420473 ], [ 13.239686, 3.420403 ], [ 13.239621, 3.420296 ], [ 13.239528, 3.420228 ], [ 13.239414, 3.420195 ], [ 13.239234, 3.420222 ], [ 13.239054, 3.420298 ], [ 13.238883, 3.420431 ], [ 13.238614, 3.420719 ], [ 13.238505, 3.420783 ], [ 13.23792, 3.42099 ], [ 13.237645, 3.421103 ], [ 13.237131, 3.421232 ], [ 13.236818, 3.421432 ], [ 13.236597, 3.421493 ], [ 13.236354, 3.421516 ], [ 13.236018, 3.421516 ], [ 13.235768, 3.421494 ], [ 13.235605, 3.421459 ], [ 13.235399, 3.421367 ], [ 13.235081, 3.421164 ], [ 13.234953, 3.421083 ], [ 13.234571, 3.420897 ], [ 13.234342, 3.421262 ], [ 13.23419, 3.421465 ], [ 13.233655, 3.421981 ], [ 13.233387, 3.422239 ], [ 13.233208, 3.422392 ], [ 13.23308, 3.42248 ], [ 13.232619, 3.422701 ], [ 13.232478, 3.422733 ], [ 13.23226, 3.422745 ], [ 13.232115, 3.422731 ], [ 13.231973, 3.422697 ], [ 13.231515, 3.422468 ], [ 13.231389, 3.422378 ], [ 13.231155, 3.422169 ], [ 13.230965, 3.421949 ], [ 13.23096, 3.421944 ], [ 13.230699, 3.421709 ], [ 13.230615, 3.421435 ], [ 13.230438, 3.421036 ], [ 13.230189, 3.420584 ], [ 13.229736, 3.419908 ], [ 13.229043, 3.419664 ], [ 13.228658, 3.419552 ], [ 13.228482, 3.419528 ], [ 13.228215, 3.419519 ], [ 13.227864, 3.419552 ], [ 13.227608, 3.419619 ], [ 13.226986, 3.420091 ], [ 13.226707, 3.420184 ], [ 13.226538, 3.420335 ], [ 13.226181, 3.420602 ], [ 13.22607, 3.420663 ], [ 13.225876, 3.420739 ], [ 13.225706, 3.420776 ], [ 13.225528, 3.420792 ], [ 13.225257, 3.420789 ], [ 13.22508, 3.420765 ], [ 13.22491, 3.420707 ], [ 13.224725, 3.420571 ], [ 13.224593, 3.420387 ], [ 13.224438, 3.419924 ], [ 13.224293, 3.419594 ], [ 13.224182, 3.419407 ], [ 13.223986, 3.41919 ], [ 13.223838, 3.419063 ], [ 13.223707, 3.418991 ], [ 13.223559, 3.418951 ], [ 13.223331, 3.418944 ], [ 13.223183, 3.41897 ], [ 13.222869, 3.419099 ], [ 13.222624, 3.419283 ], [ 13.222496, 3.41934 ], [ 13.221897, 3.419455 ], [ 13.221554, 3.419462 ], [ 13.221147, 3.419403 ], [ 13.220788, 3.41938 ], [ 13.220241, 3.419371 ], [ 13.219788, 3.419382 ], [ 13.218892, 3.419511 ], [ 13.218736, 3.419548 ], [ 13.218376, 3.419666 ], [ 13.217577, 3.4198 ], [ 13.21713, 3.41983 ], [ 13.21659, 3.419821 ], [ 13.216328, 3.41978 ], [ 13.215984, 3.419652 ], [ 13.215771, 3.419504 ], [ 13.215527, 3.419256 ], [ 13.215368, 3.419024 ], [ 13.215234, 3.41875 ], [ 13.215061, 3.41795 ], [ 13.215003, 3.417798 ], [ 13.214913, 3.417681 ], [ 13.214856, 3.417634 ], [ 13.214717, 3.41757 ], [ 13.214708, 3.417568 ], [ 13.214544, 3.41761 ], [ 13.213618, 3.417987 ], [ 13.213553, 3.417989 ], [ 13.213508, 3.418007 ], [ 13.213358, 3.41805 ], [ 13.212872, 3.418121 ], [ 13.212069, 3.418268 ], [ 13.211814, 3.418298 ], [ 13.211116, 3.418311 ], [ 13.210438, 3.418284 ], [ 13.210038, 3.418222 ], [ 13.209247, 3.418145 ], [ 13.20876, 3.418048 ], [ 13.208467, 3.417953 ], [ 13.208268, 3.417863 ], [ 13.20771, 3.41751 ], [ 13.207544, 3.417363 ], [ 13.207323, 3.417114 ], [ 13.206739, 3.416658 ], [ 13.206251, 3.416137 ], [ 13.205728, 3.415738 ], [ 13.205592, 3.415674 ], [ 13.205033, 3.41548 ], [ 13.204576, 3.415247 ], [ 13.203673, 3.414583 ], [ 13.203107, 3.414011 ], [ 13.202872, 3.413681 ], [ 13.202409, 3.412948 ], [ 13.202142, 3.412593 ], [ 13.202058, 3.412465 ], [ 13.201989, 3.412359 ], [ 13.201845, 3.41214 ], [ 13.201448, 3.411631 ], [ 13.201357, 3.411538 ], [ 13.200854, 3.411132 ], [ 13.200042, 3.410558 ], [ 13.199402, 3.410183 ], [ 13.199063, 3.410054 ], [ 13.198583, 3.409916 ], [ 13.197845, 3.409615 ], [ 13.197324, 3.409344 ], [ 13.196847, 3.409031 ], [ 13.196611, 3.408812 ], [ 13.196334, 3.408592 ], [ 13.195384, 3.407647 ], [ 13.195033, 3.407345 ], [ 13.194726, 3.40718 ], [ 13.194086, 3.406956 ], [ 13.193209, 3.406564 ], [ 13.192676, 3.406213 ], [ 13.192352, 3.405916 ], [ 13.191923, 3.405615 ], [ 13.191682, 3.405366 ], [ 13.191021, 3.405022 ], [ 13.190534, 3.404683 ], [ 13.190189, 3.404367 ], [ 13.190038, 3.404188 ], [ 13.189914, 3.403991 ], [ 13.189807, 3.403718 ], [ 13.189746, 3.403413 ], [ 13.189746, 3.40341 ], [ 13.189707, 3.402096 ], [ 13.189676, 3.401864 ], [ 13.189569, 3.401435 ], [ 13.189339, 3.400711 ], [ 13.189309, 3.400331 ], [ 13.189266, 3.3998 ], [ 13.189223, 3.399111 ], [ 13.188678, 3.39796 ], [ 13.187949, 3.39713 ], [ 13.186807, 3.397079 ], [ 13.186121, 3.397077 ], [ 13.184887, 3.39721 ], [ 13.183745, 3.397022 ], [ 13.183153, 3.396469 ], [ 13.182651, 3.395961 ], [ 13.182106, 3.395132 ], [ 13.181787, 3.394533 ], [ 13.181243, 3.393336 ], [ 13.180193, 3.392689 ], [ 13.17983, 3.391768 ], [ 13.179284, 3.391306 ], [ 13.178229, 3.392268 ], [ 13.178034, 3.392289 ], [ 13.177406, 3.392357 ], [ 13.176516, 3.39132 ], [ 13.176496, 3.391296 ], [ 13.17651, 3.391042 ], [ 13.176483, 3.390577 ], [ 13.176215, 3.389425 ], [ 13.176025, 3.388862 ], [ 13.175527, 3.388436 ], [ 13.175183, 3.388194 ], [ 13.175006, 3.388091 ], [ 13.174171, 3.387699 ], [ 13.173911, 3.38769 ], [ 13.173089, 3.387388 ], [ 13.172442, 3.387274 ], [ 13.172066, 3.386715 ], [ 13.171707, 3.386046 ], [ 13.171731, 3.385082 ], [ 13.171731, 3.385079 ], [ 13.171717, 3.384491 ], [ 13.171675, 3.384151 ], [ 13.171478, 3.383272 ], [ 13.171234, 3.383017 ], [ 13.17122, 3.382865 ], [ 13.17125, 3.382297 ], [ 13.171268, 3.381946 ], [ 13.170859, 3.381347 ], [ 13.170734, 3.38122 ], [ 13.169902, 3.380378 ], [ 13.169021, 3.379894 ], [ 13.16889, 3.379905 ], [ 13.168525, 3.379982 ], [ 13.167804, 3.38019 ], [ 13.16815, 3.37921 ], [ 13.168248, 3.378933 ], [ 13.168304, 3.378568 ], [ 13.16829, 3.378199 ], [ 13.168238, 3.37796 ], [ 13.168161, 3.377773 ], [ 13.167971, 3.377418 ], [ 13.167541, 3.376615 ], [ 13.167371, 3.376211 ], [ 13.16697, 3.375526 ], [ 13.166846, 3.375358 ], [ 13.166701, 3.375213 ], [ 13.166271, 3.374908 ], [ 13.165752, 3.374701 ], [ 13.165189, 3.374113 ], [ 13.163646, 3.373297 ], [ 13.162993, 3.372842 ], [ 13.161664, 3.371819 ], [ 13.161823, 3.371448 ], [ 13.161831, 3.371423 ], [ 13.161876, 3.371124 ], [ 13.16187, 3.370842 ], [ 13.16184, 3.370658 ], [ 13.161767, 3.370445 ], [ 13.161744, 3.370379 ], [ 13.161603, 3.370137 ], [ 13.161495, 3.37001 ], [ 13.161443, 3.369951 ], [ 13.161572, 3.369408 ], [ 13.161602, 3.369326 ], [ 13.161803, 3.368765 ], [ 13.161759, 3.368029 ], [ 13.161122, 3.36697 ], [ 13.160576, 3.366554 ], [ 13.160028, 3.36623 ], [ 13.159977, 3.366206 ], [ 13.159161, 3.365814 ], [ 13.158522, 3.365536 ], [ 13.157655, 3.365027 ], [ 13.157403, 3.36469 ], [ 13.156791, 3.363874 ], [ 13.156473, 3.363275 ], [ 13.156154, 3.362723 ], [ 13.15538, 3.361984 ], [ 13.154876, 3.36212 ], [ 13.154281, 3.362716 ], [ 13.153685, 3.363173 ], [ 13.153136, 3.363539 ], [ 13.152221, 3.363719 ], [ 13.151627, 3.363763 ], [ 13.151499, 3.363763 ], [ 13.151078, 3.363761 ], [ 13.150484, 3.363713 ], [ 13.149846, 3.363343 ], [ 13.149718, 3.363239 ], [ 13.14939, 3.362973 ], [ 13.148934, 3.362466 ], [ 13.14857, 3.362005 ], [ 13.148115, 3.361452 ], [ 13.147797, 3.360807 ], [ 13.147631, 3.360546 ], [ 13.147317, 3.360544 ], [ 13.146924, 3.359937 ], [ 13.146554, 3.359262 ], [ 13.146688, 3.359058 ], [ 13.14666, 3.35901 ], [ 13.146373, 3.357804 ], [ 13.145525, 3.35657 ], [ 13.145435, 3.356063 ], [ 13.145313, 3.354963 ], [ 13.145299, 3.354839 ], [ 13.145307, 3.354802 ], [ 13.145291, 3.354364 ], [ 13.145203, 3.353779 ], [ 13.145197, 3.35375 ], [ 13.145143, 3.353665 ], [ 13.145154, 3.353564 ], [ 13.14505, 3.353111 ], [ 13.144929, 3.35277 ], [ 13.144852, 3.352639 ], [ 13.144852, 3.352614 ], [ 13.144671, 3.35174 ], [ 13.144445, 3.351095 ], [ 13.143441, 3.350586 ], [ 13.142939, 3.350354 ], [ 13.141889, 3.350259 ], [ 13.141111, 3.350302 ], [ 13.14029, 3.349793 ], [ 13.139608, 3.348687 ], [ 13.139335, 3.348226 ], [ 13.138789, 3.347719 ], [ 13.13792, 3.347807 ], [ 13.137372, 3.347667 ], [ 13.136643, 3.346975 ], [ 13.136278, 3.34656 ], [ 13.135869, 3.346145 ], [ 13.135204, 3.346072 ], [ 13.135001, 3.34605 ], [ 13.134822, 3.346073 ], [ 13.13475, 3.346082 ], [ 13.134315, 3.346139 ], [ 13.133766, 3.346091 ], [ 13.13354, 3.345401 ], [ 13.133816, 3.344942 ], [ 13.134549, 3.344025 ], [ 13.134647, 3.343601 ], [ 13.134781, 3.343015 ], [ 13.134647, 3.342279 ], [ 13.134622, 3.342171 ], [ 13.134512, 3.341681 ], [ 13.134515, 3.340578 ], [ 13.134471, 3.339888 ], [ 13.134381, 3.33929 ], [ 13.134372, 3.339198 ], [ 13.134377, 3.339194 ], [ 13.134379, 3.338736 ], [ 13.134367, 3.337676 ], [ 13.134331, 3.337373 ], [ 13.13423, 3.336986 ], [ 13.134185, 3.336682 ], [ 13.134165, 3.335622 ], [ 13.13413, 3.335312 ], [ 13.134049, 3.335069 ], [ 13.133945, 3.334885 ], [ 13.133893, 3.334824 ], [ 13.133812, 3.334729 ], [ 13.133656, 3.334596 ], [ 13.133507, 3.334507 ], [ 13.13324, 3.334399 ], [ 13.132966, 3.334331 ], [ 13.132752, 3.334311 ], [ 13.131864, 3.334397 ], [ 13.131285, 3.334525 ], [ 13.131116, 3.334544 ], [ 13.130312, 3.334494 ], [ 13.129802, 3.334503 ], [ 13.129506, 3.334547 ], [ 13.129066, 3.334657 ], [ 13.128619, 3.334698 ], [ 13.128497, 3.334345 ], [ 13.128421, 3.334164 ], [ 13.128273, 3.333808 ], [ 13.128185, 3.333657 ], [ 13.127787, 3.333088 ], [ 13.127493, 3.332802 ], [ 13.12719, 3.332546 ], [ 13.126581, 3.33219 ], [ 13.126222, 3.331938 ], [ 13.12582, 3.331682 ], [ 13.125482, 3.331388 ], [ 13.125173, 3.331065 ], [ 13.125021, 3.330849 ], [ 13.124956, 3.330687 ], [ 13.124919, 3.330433 ], [ 13.124932, 3.330178 ], [ 13.124992, 3.32994 ], [ 13.125161, 3.329513 ], [ 13.125168, 3.3295 ], [ 13.125399, 3.329049 ], [ 13.12553, 3.328849 ], [ 13.125859, 3.328458 ], [ 13.126009, 3.328256 ], [ 13.126447, 3.32753 ], [ 13.126691, 3.326996 ], [ 13.126747, 3.326759 ], [ 13.126955, 3.325541 ], [ 13.127, 3.324892 ], [ 13.127034, 3.324619 ], [ 13.127166, 3.324169 ], [ 13.127281, 3.323616 ], [ 13.127515, 3.323045 ], [ 13.127603, 3.3229 ], [ 13.127914, 3.322491 ], [ 13.128183, 3.322095 ], [ 13.128948, 3.321272 ], [ 13.129063, 3.321129 ], [ 13.129334, 3.32073 ], [ 13.129755, 3.320245 ], [ 13.129918, 3.320029 ], [ 13.130376, 3.319344 ], [ 13.131083, 3.317976 ], [ 13.131292, 3.317536 ], [ 13.131388, 3.317157 ], [ 13.131531, 3.31673 ], [ 13.131629, 3.31617 ], [ 13.131758, 3.315754 ], [ 13.131841, 3.31534 ], [ 13.131926, 3.315021 ], [ 13.131931, 3.313189 ], [ 13.132159, 3.312159 ], [ 13.132222, 3.311909 ], [ 13.132313, 3.311471 ], [ 13.132562, 3.310811 ], [ 13.132828, 3.310383 ], [ 13.133449, 3.309672 ], [ 13.132992, 3.309063 ], [ 13.132946, 3.309001 ], [ 13.132673, 3.308479 ], [ 13.132351, 3.307668 ], [ 13.132236, 3.307115 ], [ 13.132206, 3.307019 ], [ 13.132116, 3.306897 ], [ 13.129834, 3.305457 ], [ 13.128407, 3.304689 ], [ 13.126313, 3.304015 ], [ 13.124317, 3.302576 ], [ 13.122701, 3.30085 ], [ 13.120613, 3.297496 ], [ 13.118426, 3.295578 ], [ 13.117951, 3.295099 ], [ 13.11519, 3.294998 ], [ 13.0932, 3.290255 ], [ 13.048716, 3.302352 ], [ 13.048691, 3.302366 ], [ 13.048367, 3.302463 ], [ 13.047853, 3.302707 ], [ 13.047527, 3.302893 ], [ 13.047319, 3.303045 ], [ 13.04713, 3.303111 ], [ 13.047042, 3.303154 ], [ 13.046832, 3.303348 ], [ 13.046774, 3.303416 ], [ 13.046213, 3.304384 ], [ 13.046082, 3.304001 ], [ 13.045992, 3.303688 ], [ 13.045861, 3.303011 ], [ 12.997426, 3.29607 ], [ 12.995508, 3.296868 ], [ 12.992362, 3.29868 ], [ 12.99055, 3.300303 ], [ 12.989499, 3.302024 ], [ 12.987593, 3.30336 ], [ 12.984443, 3.307086 ], [ 12.983105, 3.309954 ], [ 12.981769, 3.311482 ], [ 12.979006, 3.312433 ], [ 12.975292, 3.312617 ], [ 12.972434, 3.31376 ], [ 12.968908, 3.315188 ], [ 12.967765, 3.315568 ], [ 12.935582, 3.303719 ], [ 12.911385, 3.29669 ], [ 12.899649, 3.299824 ], [ 12.897287, 3.300231 ], [ 12.893193, 3.300605 ], [ 12.843018, 3.310296 ], [ 12.821287, 3.314492 ], [ 12.790009, 3.317173 ], [ 12.757392, 3.327639 ], [ 12.75633, 3.329679 ], [ 12.755469, 3.331686 ], [ 12.754228, 3.332832 ], [ 12.753656, 3.3335 ], [ 12.750986, 3.335216 ], [ 12.748892, 3.335116 ], [ 12.746797, 3.335494 ], [ 12.743935, 3.338071 ], [ 12.742123, 3.339693 ], [ 12.741075, 3.340265 ], [ 12.740122, 3.340454 ], [ 12.738687, 3.343608 ], [ 12.737161, 3.344944 ], [ 12.736396, 3.346282 ], [ 12.73601, 3.348482 ], [ 12.735342, 3.349341 ], [ 12.73315, 3.35058 ], [ 12.731907, 3.352874 ], [ 12.730379, 3.354784 ], [ 12.730944, 3.35756 ], [ 12.730749, 3.35976 ], [ 12.730647, 3.362534 ], [ 12.730642, 3.364639 ], [ 12.730068, 3.365882 ], [ 12.730066, 3.366647 ], [ 12.727875, 3.367503 ], [ 12.726825, 3.36884 ], [ 12.726535, 3.370658 ], [ 12.726817, 3.372285 ], [ 12.728337, 3.373532 ], [ 12.731093, 3.375452 ], [ 12.73185, 3.377272 ], [ 12.731179, 3.379376 ], [ 12.729365, 3.381572 ], [ 12.726311, 3.384818 ], [ 12.724688, 3.38711 ], [ 12.724685, 3.388163 ], [ 12.725251, 3.390652 ], [ 12.72439, 3.392372 ], [ 12.724478, 3.395434 ], [ 12.722474, 3.397343 ], [ 12.720857, 3.396765 ], [ 12.717813, 3.395705 ], [ 12.717051, 3.395895 ], [ 12.71371, 3.399906 ], [ 12.712375, 3.400572 ], [ 12.709805, 3.400662 ], [ 12.705917, 3.394242 ], [ 12.705922, 3.392233 ], [ 12.707071, 3.389078 ], [ 12.710606, 3.384015 ], [ 12.710517, 3.381145 ], [ 12.71176, 3.378947 ], [ 12.707868, 3.37425 ], [ 12.706915, 3.374534 ], [ 12.706338, 3.377212 ], [ 12.703669, 3.378641 ], [ 12.702711, 3.381222 ], [ 12.700424, 3.382078 ], [ 12.698334, 3.380159 ], [ 12.694634, 3.375175 ], [ 12.69368, 3.375842 ], [ 12.692913, 3.378041 ], [ 12.69082, 3.377462 ], [ 12.688438, 3.378509 ], [ 12.687391, 3.378219 ], [ 12.686544, 3.37439 ], [ 12.685695, 3.371039 ], [ 12.683604, 3.369791 ], [ 12.679224, 3.370259 ], [ 12.677507, 3.37169 ], [ 12.677216, 3.373794 ], [ 12.678925, 3.375711 ], [ 12.681394, 3.378205 ], [ 12.679866, 3.380402 ], [ 12.679955, 3.382794 ], [ 12.678522, 3.385183 ], [ 12.676512, 3.389675 ], [ 12.673938, 3.391104 ], [ 12.668368, 3.391808 ], [ 12.665891, 3.392471 ], [ 12.664364, 3.394286 ], [ 12.662447, 3.399447 ], [ 12.66092, 3.400975 ], [ 12.656824, 3.402208 ], [ 12.655775, 3.403163 ], [ 12.65577, 3.405172 ], [ 12.658997, 3.408911 ], [ 12.664031, 3.413611 ], [ 12.663347, 3.421264 ], [ 12.655916, 3.423159 ], [ 12.6524, 3.420663 ], [ 12.650403, 3.420084 ], [ 12.647742, 3.418164 ], [ 12.645457, 3.41835 ], [ 12.64507, 3.420836 ], [ 12.643831, 3.421312 ], [ 12.641644, 3.420445 ], [ 12.63992, 3.424459 ], [ 12.637348, 3.425123 ], [ 12.635065, 3.424352 ], [ 12.632601, 3.42004 ], [ 12.62889, 3.419553 ], [ 12.629849, 3.416685 ], [ 12.628993, 3.4163 ], [ 12.625185, 3.416195 ], [ 12.625191, 3.413707 ], [ 12.624339, 3.411887 ], [ 12.623963, 3.409877 ], [ 12.621401, 3.406714 ], [ 12.621313, 3.403556 ], [ 12.620316, 3.402645 ], [ 12.618602, 3.402928 ], [ 12.616882, 3.405602 ], [ 12.614502, 3.405405 ], [ 12.614004, 3.414493 ], [ 12.617617, 3.416415 ], [ 12.619133, 3.419002 ], [ 12.618319, 3.422686 ], [ 12.618267, 3.422923 ], [ 12.616508, 3.423294 ], [ 12.613791, 3.423868 ], [ 12.61065, 3.423669 ], [ 12.606938, 3.423277 ], [ 12.605404, 3.427483 ] ] ] ] } },
{ "type": "Feature", "properties": { "tg_type": "FON.AIRE_PROTEGEE", "nom": "Lac Ossa", "source_id": "95A3F3BB-AF68-4CCB-99BE-A35A6E30DDE6", "source": "MINFOF_WRI_ATLAS_FORESTIER_SIG_2018", "statut": "IMPORTE", "date_source": "2018-01-15", "regime_tg": "AIRE_PROTEGEE", "categorie": "aire_protegee", "desc_type": "Réserve de faune", "cat_uicn": "IV", "wdpaid": 1628.0, "statu_crea": "cree", "statu_amgt": "non_amenage", "date_prop": null, "date_crea": "1948-12-02", "date_amgt": null, "sup_adm_ha": 4000, "sup_sig_ha": 4539.0 }, "geometry": { "type": "MultiPolygon", "coordinates": [ [ [ [ 9.993125, 3.74447 ], [ 9.992844, 3.743967 ], [ 9.99274, 3.743094 ], [ 9.993008, 3.742584 ], [ 9.993547, 3.741932 ], [ 9.994179, 3.741325 ], [ 9.994907, 3.740992 ], [ 9.995453, 3.740845 ], [ 9.996047, 3.740742 ], [ 9.996734, 3.740776 ], [ 9.997283, 3.740812 ], [ 9.997876, 3.740708 ], [ 9.998417, 3.740141 ], [ 9.998362, 3.7394 ], [ 9.997898, 3.738949 ], [ 9.997255, 3.738782 ], [ 9.996475, 3.738619 ], [ 9.995792, 3.738818 ], [ 9.995019, 3.739199 ], [ 9.994428, 3.739484 ], [ 9.993929, 3.739767 ], [ 9.992834, 3.739967 ], [ 9.991949, 3.738876 ], [ 9.992765, 3.738362 ], [ 9.993311, 3.738171 ], [ 9.994217, 3.737519 ], [ 9.994484, 3.737058 ], [ 9.994928, 3.736142 ], [ 9.995287, 3.735685 ], [ 9.996018, 3.73568 ], [ 9.996359, 3.736982 ], [ 9.996733, 3.737516 ], [ 9.997606, 3.73776 ], [ 9.9981, 3.737142 ], [ 9.99846, 3.73671 ], [ 9.999142, 3.736389 ], [ 9.99997, 3.736222 ], [ 9.99997, 3.736172 ], [ 10.000181, 3.736176 ], [ 10.001187, 3.73621 ], [ 10.001639, 3.735745 ], [ 10.001905, 3.735053 ], [ 10.001437, 3.734093 ], [ 10.000974, 3.733639 ], [ 10.00047, 3.733507 ], [ 9.999971, 3.733462 ], [ 9.999971, 3.733487 ], [ 9.99997, 3.733486 ], [ 9.999681, 3.733386 ], [ 9.99922, 3.733054 ], [ 9.998754, 3.732288 ], [ 9.998696, 3.731109 ], [ 9.998825, 3.730438 ], [ 9.99997, 3.72975 ], [ 9.99997, 3.729729 ], [ 10.000467, 3.729325 ], [ 10.000965, 3.728905 ], [ 10.001602, 3.728668 ], [ 10.002104, 3.728525 ], [ 10.002656, 3.728794 ], [ 10.002938, 3.72948 ], [ 10.00299, 3.730077 ], [ 10.002536, 3.730312 ], [ 10.002174, 3.730684 ], [ 10.00218, 3.731189 ], [ 10.002596, 3.731506 ], [ 10.003509, 3.731495 ], [ 10.003918, 3.731215 ], [ 10.004779, 3.730561 ], [ 10.005322, 3.730049 ], [ 10.006089, 3.729259 ], [ 10.006723, 3.728746 ], [ 10.007354, 3.727912 ], [ 10.007759, 3.727355 ], [ 10.008256, 3.72689 ], [ 10.00889, 3.726331 ], [ 10.009389, 3.726049 ], [ 10.009802, 3.726228 ], [ 10.010262, 3.726453 ], [ 10.010724, 3.726815 ], [ 10.011556, 3.727633 ], [ 10.012339, 3.728128 ], [ 10.013029, 3.728488 ], [ 10.014038, 3.728798 ], [ 10.014546, 3.729251 ], [ 10.014779, 3.729662 ], [ 10.014429, 3.730953 ], [ 10.013877, 3.730638 ], [ 10.013277, 3.730139 ], [ 10.01277, 3.729824 ], [ 10.012309, 3.729508 ], [ 10.011761, 3.729514 ], [ 10.011254, 3.729198 ], [ 10.010703, 3.728975 ], [ 10.010199, 3.728843 ], [ 10.009331, 3.728945 ], [ 10.009061, 3.729316 ], [ 10.009208, 3.730096 ], [ 10.009946, 3.730684 ], [ 10.010225, 3.731095 ], [ 10.009913, 3.731788 ], [ 10.009181, 3.73175 ], [ 10.008451, 3.731851 ], [ 10.00777, 3.732273 ], [ 10.007183, 3.732923 ], [ 10.00637, 3.733714 ], [ 10.005738, 3.734456 ], [ 10.004969, 3.735109 ], [ 10.004245, 3.735761 ], [ 10.003566, 3.73632 ], [ 10.002473, 3.736655 ], [ 10.001609, 3.737079 ], [ 10.001157, 3.737498 ], [ 10.000434, 3.738333 ], [ 9.999971, 3.739783 ], [ 9.999971, 3.739784 ], [ 10.000401, 3.739842 ], [ 10.000994, 3.739789 ], [ 10.001542, 3.739645 ], [ 10.002178, 3.739361 ], [ 10.002861, 3.739124 ], [ 10.003816, 3.738653 ], [ 10.00468, 3.738229 ], [ 10.005643, 3.738494 ], [ 10.00625, 3.73873 ], [ 10.006332, 3.738762 ], [ 10.006348, 3.738768 ], [ 10.007388, 3.739163 ], [ 10.00763, 3.739293 ], [ 10.007894, 3.739433 ], [ 10.008446, 3.739622 ], [ 10.008674, 3.7397 ], [ 10.009077, 3.739851 ], [ 10.009168, 3.739885 ], [ 10.009299, 3.739951 ], [ 10.009649, 3.740128 ], [ 10.009831, 3.74022 ], [ 10.01006, 3.740358 ], [ 10.010242, 3.740451 ], [ 10.010516, 3.740727 ], [ 10.010881, 3.741141 ], [ 10.010927, 3.741326 ], [ 10.010971, 3.741647 ], [ 10.010971, 3.741923 ], [ 10.01097, 3.742199 ], [ 10.010924, 3.742474 ], [ 10.010878, 3.742842 ], [ 10.010785, 3.743209 ], [ 10.010693, 3.743668 ], [ 10.010601, 3.743806 ], [ 10.010464, 3.744082 ], [ 10.010326, 3.744311 ], [ 10.010097, 3.744448 ], [ 10.00996, 3.744632 ], [ 10.009822, 3.744815 ], [ 10.00973, 3.745183 ], [ 10.009683, 3.745504 ], [ 10.00982, 3.745734 ], [ 10.010185, 3.746057 ], [ 10.010551, 3.74615 ], [ 10.011007, 3.746334 ], [ 10.011236, 3.746427 ], [ 10.011829, 3.74675 ], [ 10.012241, 3.746843 ], [ 10.012469, 3.746981 ], [ 10.012789, 3.747074 ], [ 10.013337, 3.747351 ], [ 10.013794, 3.74749 ], [ 10.013977, 3.747536 ], [ 10.014251, 3.747583 ], [ 10.014388, 3.747629 ], [ 10.01521, 3.748137 ], [ 10.015438, 3.748275 ], [ 10.01594, 3.748598 ], [ 10.016214, 3.748782 ], [ 10.016351, 3.748966 ], [ 10.01667, 3.749335 ], [ 10.017035, 3.749657 ], [ 10.017263, 3.749979 ], [ 10.0174, 3.750255 ], [ 10.017445, 3.750439 ], [ 10.017444, 3.750761 ], [ 10.017398, 3.750991 ], [ 10.017214, 3.75145 ], [ 10.017031, 3.751817 ], [ 10.016893, 3.752001 ], [ 10.016664, 3.752414 ], [ 10.016434, 3.752873 ], [ 10.016297, 3.753056 ], [ 10.016022, 3.753239 ], [ 10.015839, 3.753239 ], [ 10.015656, 3.753284 ], [ 10.015519, 3.75333 ], [ 10.014925, 3.753145 ], [ 10.014651, 3.753052 ], [ 10.01451, 3.752966 ], [ 10.014423, 3.752914 ], [ 10.014057, 3.752683 ], [ 10.013875, 3.752545 ], [ 10.013601, 3.75236 ], [ 10.013464, 3.752268 ], [ 10.01319, 3.752222 ], [ 10.012824, 3.752175 ], [ 10.012613, 3.75225 ], [ 10.012184, 3.752403 ], [ 10.012001, 3.752403 ], [ 10.011407, 3.752263 ], [ 10.011087, 3.752125 ], [ 10.011083, 3.752124 ], [ 10.010539, 3.751986 ], [ 10.01031, 3.751893 ], [ 10.009807, 3.7518 ], [ 10.009122, 3.75189 ], [ 10.008916, 3.751867 ], [ 10.00871, 3.751844 ], [ 10.008299, 3.751797 ], [ 10.007842, 3.751703 ], [ 10.007476, 3.751657 ], [ 10.007065, 3.751656 ], [ 10.006562, 3.751609 ], [ 10.005968, 3.751424 ], [ 10.005648, 3.751193 ], [ 10.005192, 3.750916 ], [ 10.004964, 3.750732 ], [ 10.004874, 3.750641 ], [ 10.004645, 3.750409 ], [ 10.004417, 3.750179 ], [ 10.004371, 3.749949 ], [ 10.004463, 3.749674 ], [ 10.004509, 3.749444 ], [ 10.004693, 3.749123 ], [ 10.004876, 3.748847 ], [ 10.005014, 3.748572 ], [ 10.00506, 3.748296 ], [ 10.004924, 3.747837 ], [ 10.004833, 3.747469 ], [ 10.00456, 3.7471 ], [ 10.004515, 3.746963 ], [ 10.004301, 3.74678 ], [ 10.003921, 3.746456 ], [ 10.003693, 3.746317 ], [ 10.003236, 3.74604 ], [ 10.003054, 3.74581 ], [ 10.002552, 3.745487 ], [ 10.001821, 3.745026 ], [ 10.001684, 3.74498 ], [ 10.00141, 3.744979 ], [ 10.001181, 3.745025 ], [ 10.000999, 3.745024 ], [ 10.000404, 3.744885 ], [ 9.999993, 3.744792 ], [ 9.999971, 3.744797 ], [ 9.999971, 3.744774 ], [ 9.999312, 3.744862 ], [ 9.998703, 3.744688 ], [ 9.997659, 3.744602 ], [ 9.997025, 3.744589 ], [ 9.99701, 3.744514 ], [ 9.996545, 3.743872 ], [ 9.996085, 3.743648 ], [ 9.99558, 3.743516 ], [ 9.995078, 3.743569 ], [ 9.994624, 3.743759 ], [ 9.994126, 3.744135 ], [ 9.993125, 3.74447 ] ] ], [ [ [ 10.000089, 3.833234 ], [ 9.999979, 3.832689 ], [ 9.999712, 3.831728 ], [ 9.999426, 3.832736 ], [ 9.999183, 3.833473 ], [ 9.998963, 3.834233 ], [ 9.998607, 3.834995 ], [ 9.998706, 3.835637 ], [ 9.998943, 3.836346 ], [ 9.998722, 3.837037 ], [ 9.998267, 3.837249 ], [ 9.997607, 3.837394 ], [ 9.996907, 3.838136 ], [ 9.996462, 3.839197 ], [ 9.996287, 3.839796 ], [ 9.995746, 3.840491 ], [ 9.995598, 3.841456 ], [ 9.995291, 3.842608 ], [ 9.994868, 3.843553 ], [ 9.99428, 3.843996 ], [ 9.993551, 3.843824 ], [ 9.993904, 3.84322 ], [ 9.994376, 3.84248 ], [ 9.994754, 3.841604 ], [ 9.994977, 3.841142 ], [ 9.994742, 3.840594 ], [ 9.994256, 3.840002 ], [ 9.994225, 3.839406 ], [ 9.994586, 3.838965 ], [ 9.994993, 3.838571 ], [ 9.995421, 3.838061 ], [ 9.995962, 3.837481 ], [ 9.996548, 3.836763 ], [ 9.996518, 3.83612 ], [ 9.996626, 3.835568 ], [ 9.997028, 3.834852 ], [ 9.997543, 3.833882 ], [ 9.997715, 3.832985 ], [ 9.997706, 3.83225 ], [ 9.997245, 3.831888 ], [ 9.996645, 3.831413 ], [ 9.996042, 3.830662 ], [ 9.996608, 3.830174 ], [ 9.997311, 3.82973 ], [ 9.998083, 3.829285 ], [ 9.998714, 3.828612 ], [ 9.998706, 3.827877 ], [ 9.998174, 3.827332 ], [ 9.997322, 3.826768 ], [ 9.996816, 3.826567 ], [ 9.996085, 3.826529 ], [ 9.995354, 3.826492 ], [ 9.994855, 3.826819 ], [ 9.994452, 3.827558 ], [ 9.99437, 3.828339 ], [ 9.994286, 3.829006 ], [ 9.993883, 3.829676 ], [ 9.993156, 3.830074 ], [ 9.992876, 3.82955 ], [ 9.992936, 3.828791 ], [ 9.992766, 3.82799 ], [ 9.992156, 3.828616 ], [ 9.991777, 3.829378 ], [ 9.991029, 3.829915 ], [ 9.990188, 3.830268 ], [ 9.989737, 3.830778 ], [ 9.989452, 3.831792 ], [ 9.989347, 3.832619 ], [ 9.988894, 3.832946 ], [ 9.988229, 3.832972 ], [ 9.987522, 3.832915 ], [ 9.98736, 3.832733 ], [ 9.987198, 3.832552 ], [ 9.987739, 3.83188 ], [ 9.988417, 3.831275 ], [ 9.988957, 3.830557 ], [ 9.989132, 3.829867 ], [ 9.989129, 3.829603 ], [ 9.989126, 3.829339 ], [ 9.989368, 3.828556 ], [ 9.99032, 3.827856 ], [ 9.991206, 3.82741 ], [ 9.991904, 3.82653 ], [ 9.99242, 3.825744 ], [ 9.993075, 3.82514 ], [ 9.99378, 3.82481 ], [ 9.994532, 3.824642 ], [ 9.995284, 3.824495 ], [ 9.995511, 3.824343 ], [ 9.995738, 3.824192 ], [ 9.995457, 3.823598 ], [ 9.994677, 3.8234 ], [ 9.993738, 3.823181 ], [ 9.993117, 3.822798 ], [ 9.992943, 3.822582 ], [ 9.992942, 3.822581 ], [ 9.992769, 3.822365 ], [ 9.992258, 3.821706 ], [ 9.991725, 3.821046 ], [ 9.991215, 3.820432 ], [ 9.990841, 3.819747 ], [ 9.990815, 3.819449 ], [ 9.990789, 3.819151 ], [ 9.991054, 3.818425 ], [ 9.991945, 3.818426 ], [ 9.992165, 3.818642 ], [ 9.992385, 3.818858 ], [ 9.992803, 3.819404 ], [ 9.992954, 3.819643 ], [ 9.993105, 3.819882 ], [ 9.993843, 3.820425 ], [ 9.994375, 3.820993 ], [ 9.995075, 3.820924 ], [ 9.995392, 3.820018 ], [ 9.995649, 3.819219 ], [ 9.996634, 3.81881 ], [ 9.997199, 3.818299 ], [ 9.997672, 3.817742 ], [ 9.998377, 3.81739 ], [ 9.998774, 3.818097 ], [ 9.998417, 3.81879 ], [ 9.998012, 3.819368 ], [ 9.997472, 3.820086 ], [ 9.997223, 3.82025 ], [ 9.99636, 3.820787 ], [ 9.99598, 3.82148 ], [ 9.996036, 3.822306 ], [ 9.996266, 3.822487 ], [ 9.996497, 3.822668 ], [ 9.997136, 3.822592 ], [ 9.997777, 3.8227 ], [ 9.9977, 3.822953 ], [ 9.997623, 3.823206 ], [ 9.997538, 3.823804 ], [ 9.998025, 3.82435 ], [ 9.998534, 3.824941 ], [ 9.998954, 3.825625 ], [ 9.999548, 3.825664 ], [ 9.999764, 3.825517 ], [ 9.999979, 3.82537 ], [ 10.000004, 3.824781 ], [ 10.000026, 3.824288 ], [ 10.000233, 3.824081 ], [ 10.000441, 3.823874 ], [ 10.000993, 3.823073 ], [ 10.00156, 3.822225 ], [ 10.002234, 3.821436 ], [ 10.002919, 3.821588 ], [ 10.003902, 3.821581 ], [ 10.004826, 3.821306 ], [ 10.005653, 3.821141 ], [ 10.006386, 3.820868 ], [ 10.006217, 3.82027 ], [ 10.006023, 3.820063 ], [ 10.00583, 3.819855 ], [ 10.004826, 3.819415 ], [ 10.003661, 3.819111 ], [ 10.00259, 3.819898 ], [ 10.0023, 3.820023 ], [ 10.001693, 3.819309 ], [ 10.000987, 3.81864 ], [ 10.000225, 3.818172 ], [ 10.000033, 3.818029 ], [ 9.999989, 3.817411 ], [ 10.000651, 3.816915 ], [ 10.001336, 3.817125 ], [ 10.001572, 3.817118 ], [ 10.001809, 3.817112 ], [ 10.002208, 3.816302 ], [ 10.002667, 3.81573 ], [ 10.00333, 3.815848 ], [ 10.003762, 3.816516 ], [ 10.003621, 3.817388 ], [ 10.004169, 3.817735 ], [ 10.004443, 3.817851 ], [ 10.004716, 3.817967 ], [ 10.005311, 3.817993 ], [ 10.006238, 3.817686 ], [ 10.006824, 3.816966 ], [ 10.007421, 3.816249 ], [ 10.007922, 3.816947 ], [ 10.008444, 3.817846 ], [ 10.00867, 3.818651 ], [ 10.007868, 3.818946 ], [ 10.007546, 3.819587 ], [ 10.008231, 3.819866 ], [ 10.009418, 3.820216 ], [ 10.010857, 3.820728 ], [ 10.011794, 3.820709 ], [ 10.01208, 3.82063 ], [ 10.012367, 3.82055 ], [ 10.013052, 3.820737 ], [ 10.013461, 3.821428 ], [ 10.013869, 3.822188 ], [ 10.014063, 3.822372 ], [ 10.014257, 3.822557 ], [ 10.01517, 3.822975 ], [ 10.016085, 3.822703 ], [ 10.016637, 3.822016 ], [ 10.01705, 3.821513 ], [ 10.017585, 3.821163 ], [ 10.018194, 3.821357 ], [ 10.018434, 3.822361 ], [ 10.019653, 3.822489 ], [ 10.019883, 3.822283 ], [ 10.020112, 3.822077 ], [ 10.020412, 3.821436 ], [ 10.020379, 3.82116 ], [ 10.020345, 3.820884 ], [ 10.019525, 3.820214 ], [ 10.018361, 3.81952 ], [ 10.017198, 3.818734 ], [ 10.016283, 3.818868 ], [ 10.015868, 3.819762 ], [ 10.015366, 3.819346 ], [ 10.015138, 3.819196 ], [ 10.01491, 3.819046 ], [ 10.014086, 3.819448 ], [ 10.013539, 3.818971 ], [ 10.013505, 3.818695 ], [ 10.013472, 3.818419 ], [ 10.012627, 3.818323 ], [ 10.012631, 3.817232 ], [ 10.012624, 3.815946 ], [ 10.013186, 3.815616 ], [ 10.013571, 3.81649 ], [ 10.013706, 3.817134 ], [ 10.014353, 3.817167 ], [ 10.014691, 3.81651 ], [ 10.015308, 3.816773 ], [ 10.016084, 3.817052 ], [ 10.016383, 3.81664 ], [ 10.016407, 3.816399 ], [ 10.016431, 3.816158 ], [ 10.016204, 3.815537 ], [ 10.016002, 3.814571 ], [ 10.01557, 3.813926 ], [ 10.015365, 3.813742 ], [ 10.01516, 3.813557 ], [ 10.014406, 3.813485 ], [ 10.013786, 3.814079 ], [ 10.013077, 3.814145 ], [ 10.012691, 3.813408 ], [ 10.012602, 3.812719 ], [ 10.012057, 3.811867 ], [ 10.011589, 3.810754 ], [ 10.011699, 3.809805 ], [ 10.011931, 3.808972 ], [ 10.012254, 3.808307 ], [ 10.012576, 3.807712 ], [ 10.013035, 3.807047 ], [ 10.013359, 3.806314 ], [ 10.013339, 3.805349 ], [ 10.012786, 3.80465 ], [ 10.012571, 3.804848 ], [ 10.012357, 3.805046 ], [ 10.012034, 3.805871 ], [ 10.011642, 3.806628 ], [ 10.011114, 3.807246 ], [ 10.010636, 3.806738 ], [ 10.010311, 3.80594 ], [ 10.009611, 3.805861 ], [ 10.009653, 3.806596 ], [ 10.009879, 3.807309 ], [ 10.009678, 3.808189 ], [ 10.008732, 3.808292 ], [ 10.008159, 3.808818 ], [ 10.008681, 3.809761 ], [ 10.00909, 3.810314 ], [ 10.009841, 3.811375 ], [ 10.009791, 3.812431 ], [ 10.008786, 3.812013 ], [ 10.008172, 3.811298 ], [ 10.007418, 3.811134 ], [ 10.006982, 3.811683 ], [ 10.007024, 3.812418 ], [ 10.007021, 3.813429 ], [ 10.006582, 3.814415 ], [ 10.005669, 3.814135 ], [ 10.005193, 3.813168 ], [ 10.00506, 3.812043 ], [ 10.005154, 3.81117 ], [ 10.005004, 3.810511 ], [ 10.004931, 3.809791 ], [ 10.005665, 3.809243 ], [ 10.006033, 3.808578 ], [ 10.005578, 3.808094 ], [ 10.004778, 3.807746 ], [ 10.004158, 3.808501 ], [ 10.004064, 3.809282 ], [ 10.003649, 3.810153 ], [ 10.003189, 3.81084 ], [ 10.002775, 3.811481 ], [ 10.002088, 3.811784 ], [ 10.001863, 3.810972 ], [ 10.002117, 3.810169 ], [ 10.002234, 3.809434 ], [ 10.001937, 3.809353 ], [ 10.00164, 3.809271 ], [ 10.001047, 3.808977 ], [ 10.000731, 3.807981 ], [ 10.000709, 3.807728 ], [ 10.000687, 3.807475 ], [ 10.000506, 3.806831 ], [ 10.000022, 3.80626 ], [ 9.999977, 3.805568 ], [ 9.999845, 3.80478 ], [ 9.99921, 3.80464 ], [ 9.99896, 3.804758 ], [ 9.99871, 3.804875 ], [ 9.998537, 3.805727 ], [ 9.998295, 3.80651 ], [ 9.997546, 3.807 ], [ 9.996816, 3.807085 ], [ 9.997079, 3.806087 ], [ 9.997273, 3.805075 ], [ 9.996697, 3.804668 ], [ 9.996108, 3.805134 ], [ 9.995657, 3.80569 ], [ 9.995048, 3.806363 ], [ 9.994076, 3.8072 ], [ 9.993305, 3.807736 ], [ 9.992516, 3.807653 ], [ 9.992793, 3.806916 ], [ 9.992962, 3.806719 ], [ 9.993131, 3.806522 ], [ 9.993536, 3.805966 ], [ 9.993799, 3.805045 ], [ 9.993287, 3.804224 ], [ 9.992394, 3.804074 ], [ 9.991712, 3.80438 ], [ 9.991081, 3.805121 ], [ 9.990864, 3.806134 ], [ 9.990623, 3.807009 ], [ 9.990105, 3.807657 ], [ 9.989771, 3.808396 ], [ 9.989806, 3.809382 ], [ 9.989703, 3.810394 ], [ 9.989044, 3.810676 ], [ 9.988807, 3.809945 ], [ 9.98889, 3.809278 ], [ 9.988993, 3.808313 ], [ 9.988481, 3.807515 ], [ 9.987568, 3.807617 ], [ 9.986864, 3.807946 ], [ 9.986111, 3.808069 ], [ 9.98605, 3.80776 ], [ 9.98599, 3.807451 ], [ 9.986378, 3.806773 ], [ 9.986519, 3.806488 ], [ 9.986661, 3.806204 ], [ 9.987161, 3.80606 ], [ 9.987401, 3.806035 ], [ 9.987641, 3.806009 ], [ 9.987898, 3.806074 ], [ 9.988168, 3.806141 ], [ 9.98843, 3.806115 ], [ 9.988693, 3.806089 ], [ 9.98905, 3.805396 ], [ 9.989722, 3.804264 ], [ 9.99026, 3.803317 ], [ 9.990641, 3.802716 ], [ 9.991047, 3.802206 ], [ 9.991565, 3.801627 ], [ 9.992524, 3.801593 ], [ 9.993258, 3.801814 ], [ 9.994012, 3.801829 ], [ 9.994855, 3.801521 ], [ 9.995723, 3.80158 ], [ 9.996009, 3.801588 ], [ 9.996295, 3.801597 ], [ 9.996424, 3.800907 ], [ 9.996097, 3.800268 ], [ 9.995634, 3.799813 ], [ 9.994806, 3.799318 ], [ 9.994248, 3.798497 ], [ 9.99426, 3.797625 ], [ 9.994018, 3.796434 ], [ 9.993285, 3.796304 ], [ 9.992813, 3.796953 ], [ 9.991998, 3.797604 ], [ 9.991266, 3.797567 ], [ 9.990581, 3.797574 ], [ 9.98992, 3.797697 ], [ 9.989215, 3.798003 ], [ 9.988695, 3.798445 ], [ 9.98804, 3.799118 ], [ 9.987265, 3.79931 ], [ 9.986957, 3.799359 ], [ 9.986649, 3.799409 ], [ 9.985807, 3.799648 ], [ 9.985541, 3.800339 ], [ 9.985436, 3.801144 ], [ 9.98487, 3.80161 ], [ 9.984269, 3.800996 ], [ 9.983579, 3.800591 ], [ 9.983071, 3.800183 ], [ 9.982494, 3.799708 ], [ 9.982053, 3.799139 ], [ 9.983033, 3.798875 ], [ 9.9839, 3.798774 ], [ 9.984629, 3.798605 ], [ 9.98538, 3.798321 ], [ 9.986063, 3.798084 ], [ 9.986516, 3.797803 ], [ 9.986582, 3.797561 ], [ 9.986648, 3.79732 ], [ 9.986595, 3.796746 ], [ 9.98606, 3.795949 ], [ 9.985257, 3.795614 ], [ 9.984548, 3.795553 ], [ 9.983971, 3.7951 ], [ 9.98337, 3.794487 ], [ 9.983088, 3.793847 ], [ 9.982621, 3.793003 ], [ 9.982109, 3.792205 ], [ 9.981393, 3.791571 ], [ 9.980475, 3.791236 ], [ 9.979768, 3.791313 ], [ 9.979085, 3.791504 ], [ 9.978233, 3.791621 ], [ 9.978546, 3.790386 ], [ 9.979432, 3.78994 ], [ 9.980321, 3.789746 ], [ 9.981488, 3.789871 ], [ 9.982314, 3.790183 ], [ 9.982868, 3.790636 ], [ 9.983421, 3.791043 ], [ 9.984041, 3.791311 ], [ 9.984843, 3.791463 ], [ 9.985477, 3.790974 ], [ 9.986019, 3.790509 ], [ 9.986634, 3.790318 ], [ 9.986896, 3.79027 ], [ 9.987159, 3.790221 ], [ 9.987587, 3.789757 ], [ 9.986741, 3.789674 ], [ 9.985758, 3.789616 ], [ 9.984773, 3.789421 ], [ 9.983895, 3.788581 ], [ 9.983632, 3.787643 ], [ 9.9836, 3.786817 ], [ 9.983661, 3.786219 ], [ 9.983784, 3.785965 ], [ 9.983907, 3.785711 ], [ 9.984129, 3.785181 ], [ 9.9846, 3.784418 ], [ 9.985185, 3.7837 ], [ 9.986022, 3.782933 ], [ 9.986632, 3.782375 ], [ 9.987244, 3.78191 ], [ 9.987348, 3.781105 ], [ 9.986952, 3.780398 ], [ 9.986534, 3.779782 ], [ 9.986408, 3.77882 ], [ 9.986352, 3.777994 ], [ 9.986431, 3.776914 ], [ 9.986284, 3.776089 ], [ 9.98611, 3.775885 ], [ 9.985937, 3.77568 ], [ 9.985428, 3.775181 ], [ 9.985033, 3.774588 ], [ 9.985367, 3.773896 ], [ 9.985886, 3.773293 ], [ 9.986591, 3.772964 ], [ 9.987251, 3.772727 ], [ 9.987692, 3.773365 ], [ 9.987718, 3.773663 ], [ 9.987745, 3.773961 ], [ 9.988073, 3.774692 ], [ 9.988803, 3.774592 ], [ 9.988892, 3.77435 ], [ 9.98898, 3.774108 ], [ 9.98904, 3.773396 ], [ 9.989284, 3.772704 ], [ 9.989689, 3.772149 ], [ 9.990257, 3.771959 ], [ 9.990403, 3.771728 ], [ 9.990549, 3.771496 ], [ 9.990632, 3.770761 ], [ 9.991034, 3.769953 ], [ 9.991977, 3.769529 ], [ 9.992261, 3.769411 ], [ 9.992025, 3.768771 ], [ 9.991717, 3.767787 ], [ 9.991636, 3.766778 ], [ 9.991672, 3.765929 ], [ 9.992188, 3.765142 ], [ 9.992797, 3.76447 ], [ 9.993477, 3.76398 ], [ 9.994134, 3.763817 ], [ 9.994123, 3.764501 ], [ 9.99404, 3.765213 ], [ 9.993934, 3.765903 ], [ 9.993696, 3.767031 ], [ 9.994227, 3.767576 ], [ 9.995143, 3.76768 ], [ 9.996102, 3.76767 ], [ 9.996634, 3.768169 ], [ 9.99623, 3.768816 ], [ 9.996078, 3.769506 ], [ 9.995859, 3.770312 ], [ 9.995709, 3.771118 ], [ 9.995856, 3.772034 ], [ 9.996093, 3.77272 ], [ 9.996691, 3.773058 ], [ 9.997373, 3.772775 ], [ 9.997576, 3.772531 ], [ 9.997778, 3.772288 ], [ 9.998251, 3.771663 ], [ 9.998789, 3.770739 ], [ 9.998913, 3.769681 ], [ 9.998928, 3.769015 ], [ 9.998971, 3.768728 ], [ 9.999013, 3.76844 ], [ 9.999277, 3.767565 ], [ 9.999868, 3.766892 ], [ 10.00002, 3.766202 ], [ 10.000916, 3.765718 ], [ 10.001534, 3.765399 ], [ 10.002176, 3.765034 ], [ 10.00307, 3.764487 ], [ 10.003805, 3.763571 ], [ 10.004062, 3.762355 ], [ 10.003791, 3.76132 ], [ 10.003291, 3.760629 ], [ 10.00279, 3.760167 ], [ 10.002243, 3.759568 ], [ 10.001651, 3.758922 ], [ 10.001861, 3.757843 ], [ 10.002845, 3.757779 ], [ 10.003781, 3.757967 ], [ 10.004488, 3.758475 ], [ 10.005196, 3.758754 ], [ 10.006111, 3.758551 ], [ 10.006638, 3.758163 ], [ 10.007486, 3.757777 ], [ 10.008377, 3.75801 ], [ 10.008878, 3.758426 ], [ 10.009243, 3.758772 ], [ 10.009653, 3.75921 ], [ 10.010176, 3.759718 ], [ 10.010609, 3.76011 ], [ 10.011203, 3.760297 ], [ 10.012028, 3.75991 ], [ 10.012786, 3.758926 ], [ 10.013199, 3.758376 ], [ 10.013363, 3.757596 ], [ 10.013879, 3.756967 ], [ 10.01501, 3.757305 ], [ 10.015556, 3.758065 ], [ 10.016033, 3.758802 ], [ 10.016418, 3.759631 ], [ 10.016575, 3.760389 ], [ 10.016595, 3.761377 ], [ 10.016659, 3.762342 ], [ 10.016747, 3.763468 ], [ 10.017269, 3.764351 ], [ 10.018001, 3.76437 ], [ 10.018459, 3.764096 ], [ 10.019101, 3.763639 ], [ 10.019834, 3.763229 ], [ 10.020567, 3.762911 ], [ 10.021323, 3.762638 ], [ 10.022261, 3.762344 ], [ 10.022939, 3.762074 ], [ 10.023748, 3.762213 ], [ 10.02465, 3.762447 ], [ 10.025614, 3.762382 ], [ 10.026264, 3.761879 ], [ 10.026723, 3.761376 ], [ 10.027159, 3.760942 ], [ 10.027769, 3.760921 ], [ 10.028484, 3.7612 ], [ 10.029055, 3.761478 ], [ 10.029762, 3.761964 ], [ 10.030537, 3.76245 ], [ 10.031108, 3.762659 ], [ 10.031725, 3.762914 ], [ 10.032288, 3.763085 ], [ 10.032843, 3.763516 ], [ 10.033252, 3.764023 ], [ 10.033745, 3.764699 ], [ 10.034344, 3.765613 ], [ 10.034934, 3.766489 ], [ 10.035184, 3.767018 ], [ 10.035593, 3.767778 ], [ 10.036116, 3.768446 ], [ 10.036714, 3.769444 ], [ 10.036795, 3.770172 ], [ 10.036884, 3.770976 ], [ 10.036994, 3.772102 ], [ 10.037082, 3.772998 ], [ 10.037079, 3.773664 ], [ 10.036938, 3.774858 ], [ 10.037026, 3.775754 ], [ 10.037251, 3.776674 ], [ 10.037385, 3.777456 ], [ 10.037564, 3.778421 ], [ 10.037722, 3.779203 ], [ 10.037833, 3.7798 ], [ 10.037991, 3.780398 ], [ 10.038628, 3.781389 ], [ 10.039333, 3.782219 ], [ 10.040016, 3.78298 ], [ 10.040769, 3.783511 ], [ 10.041339, 3.783904 ], [ 10.041871, 3.784274 ], [ 10.042707, 3.784806 ], [ 10.043301, 3.785153 ], [ 10.043894, 3.785523 ], [ 10.044531, 3.786215 ], [ 10.044917, 3.78686 ], [ 10.045086, 3.78747 ], [ 10.04495, 3.788238 ], [ 10.044613, 3.788696 ], [ 10.044086, 3.789131 ], [ 10.043604, 3.789427 ], [ 10.043077, 3.789746 ], [ 10.042367, 3.790218 ], [ 10.041679, 3.790613 ], [ 10.041266, 3.790979 ], [ 10.040967, 3.791414 ], [ 10.040789, 3.792247 ], [ 10.041076, 3.792999 ], [ 10.041439, 3.793552 ], [ 10.041804, 3.79399 ], [ 10.042214, 3.79429 ], [ 10.042945, 3.794431 ], [ 10.043561, 3.794824 ], [ 10.044131, 3.79524 ], [ 10.044183, 3.795888 ], [ 10.044553, 3.796521 ], [ 10.045525, 3.797321 ], [ 10.04618, 3.797707 ], [ 10.046795, 3.798169 ], [ 10.047296, 3.7987 ], [ 10.047591, 3.799183 ], [ 10.047841, 3.79969 ], [ 10.048273, 3.800266 ], [ 10.048866, 3.800682 ], [ 10.049369, 3.800753 ], [ 10.050033, 3.800411 ], [ 10.050675, 3.800092 ], [ 10.051156, 3.799796 ], [ 10.05182, 3.799523 ], [ 10.052781, 3.799436 ], [ 10.053581, 3.799393 ], [ 10.054242, 3.799832 ], [ 10.054721, 3.800179 ], [ 10.055428, 3.800665 ], [ 10.056089, 3.801357 ], [ 10.056651, 3.801949 ], [ 10.05776, 3.802002 ], [ 10.057988, 3.802873 ], [ 10.057955, 3.80357 ], [ 10.057908, 3.804098 ], [ 10.058202, 3.804857 ], [ 10.058473, 3.805754 ], [ 10.058037, 3.806181 ], [ 10.057366, 3.806285 ], [ 10.056355, 3.806595 ], [ 10.055723, 3.807281 ], [ 10.056449, 3.80773 ], [ 10.057406, 3.807694 ], [ 10.058078, 3.807429 ], [ 10.058696, 3.80711 ], [ 10.059544, 3.806677 ], [ 10.060368, 3.806405 ], [ 10.061604, 3.806135 ], [ 10.062473, 3.806139 ], [ 10.063159, 3.806142 ], [ 10.063799, 3.806053 ], [ 10.064424, 3.806071 ], [ 10.065032, 3.80661 ], [ 10.065304, 3.807239 ], [ 10.065576, 3.807921 ], [ 10.065687, 3.80868 ], [ 10.066028, 3.809186 ], [ 10.066072, 3.809761 ], [ 10.06616, 3.810473 ], [ 10.066249, 3.811415 ], [ 10.066245, 3.812311 ], [ 10.066151, 3.812954 ], [ 10.066124, 3.814033 ], [ 10.065778, 3.814836 ], [ 10.065342, 3.815339 ], [ 10.064369, 3.815714 ], [ 10.063374, 3.81579 ], [ 10.062527, 3.816016 ], [ 10.061932, 3.816025 ], [ 10.061839, 3.816472 ], [ 10.062043, 3.817001 ], [ 10.062368, 3.817684 ], [ 10.062656, 3.818268 ], [ 10.063043, 3.818752 ], [ 10.063383, 3.819373 ], [ 10.063473, 3.819925 ], [ 10.063653, 3.820615 ], [ 10.06358, 3.821717 ], [ 10.063368, 3.823347 ], [ 10.063181, 3.82438 ], [ 10.063225, 3.825069 ], [ 10.06313, 3.825849 ], [ 10.062832, 3.826284 ], [ 10.061875, 3.827314 ], [ 10.061888, 3.827819 ], [ 10.061795, 3.828324 ], [ 10.061837, 3.829197 ], [ 10.061857, 3.830093 ], [ 10.061578, 3.831125 ], [ 10.061826, 3.832068 ], [ 10.061823, 3.833033 ], [ 10.061393, 3.833896 ], [ 10.061131, 3.834615 ], [ 10.061197, 3.835327 ], [ 10.061263, 3.836039 ], [ 10.061419, 3.836959 ], [ 10.061529, 3.838245 ], [ 10.061708, 3.839303 ], [ 10.061796, 3.840038 ], [ 10.06177, 3.840888 ], [ 10.061607, 3.841737 ], [ 10.061376, 3.842379 ], [ 10.061328, 3.843068 ], [ 10.061439, 3.843918 ], [ 10.061435, 3.844906 ], [ 10.06141, 3.845595 ], [ 10.061224, 3.846168 ], [ 10.060834, 3.846718 ], [ 10.060191, 3.847381 ], [ 10.059777, 3.848092 ], [ 10.059689, 3.849186 ], [ 10.05938, 3.850318 ], [ 10.05924, 3.851098 ], [ 10.059237, 3.851741 ], [ 10.059143, 3.85243 ], [ 10.059437, 3.853258 ], [ 10.059799, 3.854201 ], [ 10.06014, 3.854984 ], [ 10.060138, 3.855512 ], [ 10.060159, 3.856018 ], [ 10.060201, 3.856821 ], [ 10.060014, 3.857831 ], [ 10.059483, 3.859345 ], [ 10.058884, 3.86056 ], [ 10.058606, 3.8615 ], [ 10.058878, 3.862167 ], [ 10.059172, 3.862996 ], [ 10.059146, 3.863777 ], [ 10.058594, 3.864647 ], [ 10.057883, 3.865241 ], [ 10.057332, 3.865744 ], [ 10.056758, 3.866477 ], [ 10.056732, 3.867211 ], [ 10.056463, 3.867915 ], [ 10.055996, 3.86854 ], [ 10.055468, 3.868951 ], [ 10.054917, 3.869546 ], [ 10.054411, 3.870141 ], [ 10.053514, 3.869617 ], [ 10.053525, 3.86892 ], [ 10.05387, 3.868301 ], [ 10.054284, 3.867614 ], [ 10.054584, 3.866972 ], [ 10.054259, 3.866236 ], [ 10.05365, 3.865797 ], [ 10.052919, 3.865863 ], [ 10.052324, 3.86586 ], [ 10.051868, 3.865674 ], [ 10.05187, 3.864955 ], [ 10.051781, 3.864273 ], [ 10.051097, 3.86381 ], [ 10.049954, 3.863828 ], [ 10.049086, 3.863641 ], [ 10.048423, 3.863477 ], [ 10.047805, 3.863589 ], [ 10.047072, 3.863908 ], [ 10.046477, 3.864227 ], [ 10.045583, 3.864694 ], [ 10.045532, 3.863993 ], [ 10.046129, 3.863368 ], [ 10.046344, 3.862894 ], [ 10.046407, 3.862374 ], [ 10.047092, 3.862591 ], [ 10.047831, 3.86274 ], [ 10.048449, 3.862559 ], [ 10.049113, 3.862355 ], [ 10.049428, 3.861744 ], [ 10.049416, 3.860809 ], [ 10.049739, 3.860198 ], [ 10.05041, 3.860033 ], [ 10.05111, 3.86048 ], [ 10.051656, 3.861034 ], [ 10.05205, 3.861663 ], [ 10.052475, 3.862232 ], [ 10.052885, 3.862739 ], [ 10.053546, 3.863132 ], [ 10.054118, 3.86302 ], [ 10.054699, 3.862685 ], [ 10.055356, 3.862313 ], [ 10.055769, 3.861832 ], [ 10.055893, 3.861312 ], [ 10.055567, 3.860775 ], [ 10.054814, 3.860435 ], [ 10.054219, 3.860448 ], [ 10.053454, 3.860272 ], [ 10.053651, 3.85971 ], [ 10.054552, 3.859595 ], [ 10.055231, 3.858982 ], [ 10.054915, 3.858027 ], [ 10.054277, 3.857217 ], [ 10.053662, 3.85677 ], [ 10.052783, 3.856422 ], [ 10.051882, 3.85582 ], [ 10.051219, 3.855786 ], [ 10.050462, 3.856274 ], [ 10.050029, 3.855927 ], [ 10.049665, 3.855443 ], [ 10.049132, 3.855326 ], [ 10.04868, 3.856036 ], [ 10.048055, 3.85568 ], [ 10.047364, 3.855318 ], [ 10.046785, 3.855293 ], [ 10.046131, 3.854777 ], [ 10.046583, 3.854098 ], [ 10.04727, 3.853871 ], [ 10.048047, 3.853989 ], [ 10.048663, 3.854314 ], [ 10.049227, 3.854423 ], [ 10.050058, 3.854366 ], [ 10.050858, 3.8544 ], [ 10.051107, 3.853883 ], [ 10.050725, 3.853312 ], [ 10.0503, 3.85282 ], [ 10.049837, 3.852274 ], [ 10.049679, 3.851638 ], [ 10.05029, 3.85135 ], [ 10.05119, 3.851201 ], [ 10.051765, 3.85056 ], [ 10.051972, 3.850102 ], [ 10.052134, 3.849528 ], [ 10.052023, 3.848563 ], [ 10.051317, 3.848077 ], [ 10.050884, 3.847678 ], [ 10.050817, 3.847134 ], [ 10.05107, 3.846699 ], [ 10.051369, 3.846263 ], [ 10.051429, 3.845437 ], [ 10.051216, 3.844425 ], [ 10.050868, 3.843819 ], [ 10.050032, 3.843145 ], [ 10.049185, 3.843383 ], [ 10.048809, 3.843963 ], [ 10.048654, 3.844667 ], [ 10.048445, 3.845447 ], [ 10.048283, 3.846089 ], [ 10.047811, 3.84696 ], [ 10.047046, 3.84675 ], [ 10.046957, 3.845945 ], [ 10.047178, 3.845039 ], [ 10.047165, 3.844127 ], [ 10.046368, 3.844381 ], [ 10.045804, 3.844532 ], [ 10.045226, 3.844169 ], [ 10.045083, 3.843401 ], [ 10.044207, 3.843667 ], [ 10.043628, 3.843358 ], [ 10.043417, 3.842852 ], [ 10.043839, 3.842188 ], [ 10.043647, 3.841567 ], [ 10.042706, 3.841486 ], [ 10.042055, 3.841174 ], [ 10.04239, 3.84029 ], [ 10.042765, 3.83916 ], [ 10.043094, 3.839658 ], [ 10.043504, 3.840096 ], [ 10.044022, 3.840144 ], [ 10.044692, 3.84027 ], [ 10.045148, 3.840609 ], [ 10.045695, 3.841002 ], [ 10.046335, 3.841257 ], [ 10.047065, 3.841467 ], [ 10.047705, 3.841585 ], [ 10.048345, 3.841794 ], [ 10.048847, 3.841911 ], [ 10.049472, 3.841975 ], [ 10.05015, 3.84194 ], [ 10.050675, 3.842379 ], [ 10.05136, 3.842504 ], [ 10.05206, 3.841983 ], [ 10.052646, 3.841032 ], [ 10.053381, 3.840277 ], [ 10.054047, 3.839545 ], [ 10.054621, 3.838905 ], [ 10.05492, 3.838446 ], [ 10.05506, 3.837758 ], [ 10.054787, 3.837182 ], [ 10.054308, 3.836974 ], [ 10.053621, 3.8372 ], [ 10.053139, 3.837727 ], [ 10.05277, 3.838644 ], [ 10.052424, 3.839538 ], [ 10.051614, 3.839887 ], [ 10.050884, 3.839547 ], [ 10.05023, 3.839207 ], [ 10.049452, 3.839135 ], [ 10.048425, 3.838613 ], [ 10.048999, 3.838076 ], [ 10.049686, 3.837918 ], [ 10.050166, 3.837989 ], [ 10.050829, 3.837854 ], [ 10.051517, 3.837421 ], [ 10.051702, 3.836916 ], [ 10.051268, 3.83657 ], [ 10.050513, 3.836659 ], [ 10.049904, 3.83651 ], [ 10.049441, 3.836126 ], [ 10.049306, 3.835528 ], [ 10.049056, 3.834975 ], [ 10.04886, 3.834423 ], [ 10.048513, 3.833687 ], [ 10.048286, 3.833203 ], [ 10.04815, 3.83272 ], [ 10.048426, 3.832285 ], [ 10.048955, 3.831667 ], [ 10.049391, 3.831187 ], [ 10.050034, 3.830533 ], [ 10.050809, 3.831009 ], [ 10.050441, 3.83172 ], [ 10.049997, 3.832238 ], [ 10.050162, 3.832913 ], [ 10.050526, 3.833374 ], [ 10.050935, 3.834065 ], [ 10.051345, 3.834526 ], [ 10.051846, 3.834911 ], [ 10.052366, 3.834531 ], [ 10.052445, 3.833765 ], [ 10.053475, 3.833398 ], [ 10.053981, 3.832585 ], [ 10.053389, 3.832123 ], [ 10.052574, 3.83179 ], [ 10.052134, 3.831383 ], [ 10.052684, 3.831086 ], [ 10.053294, 3.830844 ], [ 10.053145, 3.830147 ], [ 10.052643, 3.829938 ], [ 10.052093, 3.830027 ], [ 10.051615, 3.829543 ], [ 10.051366, 3.829014 ], [ 10.051322, 3.828439 ], [ 10.051278, 3.827957 ], [ 10.051143, 3.827451 ], [ 10.051202, 3.826946 ], [ 10.052058, 3.827363 ], [ 10.052744, 3.827205 ], [ 10.053278, 3.827123 ], [ 10.05404, 3.827157 ], [ 10.054526, 3.827603 ], [ 10.055006, 3.827858 ], [ 10.055898, 3.827563 ], [ 10.056586, 3.827038 ], [ 10.056818, 3.826281 ], [ 10.056225, 3.825865 ], [ 10.055287, 3.825861 ], [ 10.054809, 3.825537 ], [ 10.054262, 3.824892 ], [ 10.053852, 3.824546 ], [ 10.053233, 3.825025 ], [ 10.052753, 3.824885 ], [ 10.052297, 3.82447 ], [ 10.051748, 3.824582 ], [ 10.051105, 3.825291 ], [ 10.050258, 3.825449 ], [ 10.049712, 3.824918 ], [ 10.049853, 3.823885 ], [ 10.049537, 3.822735 ], [ 10.050065, 3.822347 ], [ 10.05082, 3.822052 ], [ 10.051577, 3.821389 ], [ 10.051839, 3.820578 ], [ 10.051698, 3.819782 ], [ 10.051037, 3.819074 ], [ 10.050421, 3.818926 ], [ 10.049849, 3.818889 ], [ 10.049481, 3.81945 ], [ 10.049387, 3.82007 ], [ 10.048838, 3.820045 ], [ 10.048306, 3.81969 ], [ 10.047969, 3.820362 ], [ 10.047919, 3.821312 ], [ 10.047279, 3.821416 ], [ 10.046937, 3.821001 ], [ 10.046319, 3.821136 ], [ 10.045814, 3.821777 ], [ 10.045354, 3.822418 ], [ 10.045184, 3.822923 ], [ 10.045823, 3.8234 ], [ 10.046035, 3.823845 ], [ 10.046169, 3.824673 ], [ 10.046532, 3.825271 ], [ 10.047011, 3.825664 ], [ 10.047536, 3.825965 ], [ 10.048015, 3.82622 ], [ 10.04854, 3.826613 ], [ 10.048995, 3.82712 ], [ 10.049404, 3.827765 ], [ 10.04916, 3.828636 ], [ 10.048453, 3.828277 ], [ 10.047606, 3.828469 ], [ 10.046932, 3.828259 ], [ 10.04698, 3.827777 ], [ 10.046784, 3.827233 ], [ 10.045787, 3.826463 ], [ 10.045136, 3.825679 ], [ 10.044765, 3.825019 ], [ 10.044341, 3.824098 ], [ 10.04368, 3.823732 ], [ 10.043585, 3.824546 ], [ 10.0434, 3.825258 ], [ 10.042858, 3.825531 ], [ 10.042659, 3.824531 ], [ 10.042269, 3.823967 ], [ 10.041598, 3.824101 ], [ 10.04094, 3.82468 ], [ 10.040383, 3.824831 ], [ 10.039836, 3.824461 ], [ 10.038991, 3.824228 ], [ 10.038455, 3.823869 ], [ 10.03811, 3.823229 ], [ 10.038433, 3.822663 ], [ 10.039156, 3.822781 ], [ 10.039833, 3.823083 ], [ 10.040505, 3.822902 ], [ 10.04126, 3.822699 ], [ 10.04174, 3.822678 ], [ 10.042365, 3.82265 ], [ 10.043236, 3.822286 ], [ 10.043729, 3.821584 ], [ 10.043005, 3.820938 ], [ 10.042251, 3.820521 ], [ 10.04175, 3.820151 ], [ 10.041371, 3.819507 ], [ 10.041297, 3.818886 ], [ 10.041163, 3.818219 ], [ 10.041803, 3.818268 ], [ 10.042444, 3.818179 ], [ 10.042899, 3.818686 ], [ 10.043638, 3.819585 ], [ 10.044585, 3.820198 ], [ 10.045753, 3.819618 ], [ 10.04645, 3.818932 ], [ 10.046582, 3.818289 ], [ 10.046409, 3.817611 ], [ 10.047246, 3.817787 ], [ 10.048037, 3.817296 ], [ 10.047869, 3.816434 ], [ 10.047254, 3.815788 ], [ 10.046541, 3.815089 ], [ 10.045862, 3.81507 ], [ 10.045381, 3.815344 ], [ 10.044787, 3.815089 ], [ 10.044332, 3.814604 ], [ 10.044495, 3.813824 ], [ 10.044474, 3.813273 ], [ 10.044438, 3.812553 ], [ 10.044934, 3.812723 ], [ 10.045229, 3.813115 ], [ 10.046121, 3.813173 ], [ 10.046972, 3.813712 ], [ 10.047488, 3.81425 ], [ 10.047989, 3.814835 ], [ 10.048445, 3.815173 ], [ 10.048994, 3.815118 ], [ 10.049249, 3.814281 ], [ 10.049061, 3.813645 ], [ 10.049777, 3.813648 ], [ 10.050601, 3.813621 ], [ 10.051311, 3.813027 ], [ 10.050971, 3.812405 ], [ 10.050333, 3.81192 ], [ 10.049763, 3.811297 ], [ 10.049216, 3.810836 ], [ 10.048586, 3.810167 ], [ 10.048513, 3.809454 ], [ 10.049334, 3.809849 ], [ 10.050202, 3.8103 ], [ 10.050864, 3.81059 ], [ 10.051594, 3.81103 ], [ 10.052325, 3.811194 ], [ 10.053034, 3.810967 ], [ 10.053632, 3.810281 ], [ 10.053999, 3.809846 ], [ 10.054321, 3.809273 ], [ 10.054491, 3.80857 ], [ 10.054281, 3.807803 ], [ 10.053644, 3.807065 ], [ 10.053166, 3.806328 ], [ 10.053215, 3.805524 ], [ 10.053378, 3.804737 ], [ 10.053587, 3.80401 ], [ 10.053658, 3.803298 ], [ 10.053721, 3.802671 ], [ 10.053481, 3.801782 ], [ 10.053116, 3.801504 ], [ 10.052521, 3.801594 ], [ 10.05172, 3.801728 ], [ 10.050919, 3.801954 ], [ 10.050187, 3.802043 ], [ 10.049318, 3.802223 ], [ 10.048312, 3.802127 ], [ 10.047201, 3.801708 ], [ 10.04634, 3.800648 ], [ 10.046065, 3.799774 ], [ 10.045671, 3.799175 ], [ 10.044987, 3.798689 ], [ 10.04428, 3.798135 ], [ 10.043757, 3.797559 ], [ 10.04313, 3.796809 ], [ 10.042232, 3.795588 ], [ 10.041308, 3.795021 ], [ 10.040812, 3.796122 ], [ 10.04033, 3.796763 ], [ 10.039506, 3.79692 ], [ 10.038569, 3.796778 ], [ 10.0377, 3.796682 ], [ 10.036672, 3.796655 ], [ 10.035756, 3.797064 ], [ 10.03487, 3.797566 ], [ 10.034585, 3.798162 ], [ 10.03549, 3.7989 ], [ 10.036434, 3.799111 ], [ 10.036936, 3.799366 ], [ 10.037414, 3.799943 ], [ 10.037342, 3.800654 ], [ 10.037431, 3.801481 ], [ 10.037702, 3.802402 ], [ 10.037401, 3.803181 ], [ 10.036828, 3.80373 ], [ 10.036048, 3.804393 ], [ 10.035451, 3.805033 ], [ 10.03522, 3.805675 ], [ 10.035919, 3.806191 ], [ 10.03675, 3.806187 ], [ 10.037322, 3.806121 ], [ 10.037848, 3.806077 ], [ 10.03867, 3.806219 ], [ 10.039355, 3.806451 ], [ 10.039742, 3.807004 ], [ 10.040173, 3.80781 ], [ 10.040742, 3.808525 ], [ 10.0409, 3.80926 ], [ 10.040214, 3.809303 ], [ 10.03946, 3.809162 ], [ 10.038773, 3.809159 ], [ 10.038087, 3.809317 ], [ 10.037901, 3.810166 ], [ 10.03776, 3.811153 ], [ 10.037299, 3.812231 ], [ 10.036907, 3.813102 ], [ 10.036317, 3.81388 ], [ 10.035506, 3.814634 ], [ 10.034651, 3.814822 ], [ 10.033887, 3.815324 ], [ 10.033865, 3.816304 ], [ 10.033987, 3.817292 ], [ 10.033573, 3.817842 ], [ 10.032703, 3.818136 ], [ 10.031627, 3.818522 ], [ 10.031099, 3.819048 ], [ 10.030775, 3.820103 ], [ 10.030893, 3.82113 ], [ 10.03118, 3.821759 ], [ 10.031817, 3.822542 ], [ 10.032615, 3.823212 ], [ 10.033572, 3.824043 ], [ 10.03412, 3.824436 ], [ 10.034716, 3.823887 ], [ 10.035378, 3.824074 ], [ 10.03596, 3.824605 ], [ 10.036964, 3.824977 ], [ 10.037775, 3.825233 ], [ 10.0383, 3.825419 ], [ 10.039054, 3.825675 ], [ 10.039829, 3.826276 ], [ 10.040557, 3.827244 ], [ 10.040989, 3.827866 ], [ 10.041695, 3.828696 ], [ 10.041875, 3.829408 ], [ 10.041302, 3.829704 ], [ 10.040447, 3.830068 ], [ 10.039977, 3.829607 ], [ 10.040115, 3.829079 ], [ 10.039958, 3.828527 ], [ 10.03957, 3.828135 ], [ 10.039068, 3.827857 ], [ 10.03859, 3.827419 ], [ 10.037929, 3.826979 ], [ 10.037312, 3.826747 ], [ 10.036512, 3.826652 ], [ 10.036052, 3.827385 ], [ 10.036597, 3.828444 ], [ 10.037097, 3.829227 ], [ 10.03682, 3.8298 ], [ 10.036044, 3.829544 ], [ 10.035634, 3.829151 ], [ 10.035223, 3.828805 ], [ 10.034767, 3.828681 ], [ 10.034672, 3.8294 ], [ 10.035128, 3.829953 ], [ 10.035765, 3.830599 ], [ 10.036517, 3.831314 ], [ 10.037223, 3.832121 ], [ 10.037495, 3.832904 ], [ 10.0374, 3.833684 ], [ 10.036963, 3.834463 ], [ 10.036346, 3.834322 ], [ 10.035935, 3.833999 ], [ 10.035344, 3.833239 ], [ 10.034996, 3.83254 ], [ 10.034602, 3.831788 ], [ 10.033912, 3.831027 ], [ 10.033433, 3.830635 ], [ 10.032854, 3.830479 ], [ 10.032655, 3.830907 ], [ 10.033087, 3.831506 ], [ 10.033678, 3.832313 ], [ 10.03331, 3.833 ], [ 10.033924, 3.833807 ], [ 10.034516, 3.834452 ], [ 10.034926, 3.834959 ], [ 10.035061, 3.835465 ], [ 10.034922, 3.835947 ], [ 10.034283, 3.835738 ], [ 10.033826, 3.83546 ], [ 10.033347, 3.835251 ], [ 10.032375, 3.835281 ], [ 10.032887, 3.836007 ], [ 10.033549, 3.836332 ], [ 10.03405, 3.836655 ], [ 10.034597, 3.837117 ], [ 10.034777, 3.837876 ], [ 10.034317, 3.83877 ], [ 10.033724, 3.8384 ], [ 10.033543, 3.837802 ], [ 10.033088, 3.837248 ], [ 10.032586, 3.836787 ], [ 10.03213, 3.836555 ], [ 10.031604, 3.836484 ], [ 10.030781, 3.836457 ], [ 10.030571, 3.837616 ], [ 10.030201, 3.83866 ], [ 10.030123, 3.839287 ], [ 10.02965, 3.839301 ], [ 10.028965, 3.839171 ], [ 10.028961, 3.840078 ], [ 10.028913, 3.840698 ], [ 10.028409, 3.840995 ], [ 10.027792, 3.840923 ], [ 10.027129, 3.840966 ], [ 10.02703, 3.84029 ], [ 10.027439, 3.839597 ], [ 10.027318, 3.839152 ], [ 10.026526, 3.838919 ], [ 10.025831, 3.83933 ], [ 10.025554, 3.840086 ], [ 10.025484, 3.840568 ], [ 10.025436, 3.841119 ], [ 10.025433, 3.841854 ], [ 10.025354, 3.842589 ], [ 10.024745, 3.842357 ], [ 10.024313, 3.841941 ], [ 10.023857, 3.841503 ], [ 10.023608, 3.84079 ], [ 10.02361, 3.840284 ], [ 10.024069, 3.839689 ], [ 10.024102, 3.839108 ], [ 10.023755, 3.838172 ], [ 10.023712, 3.837414 ], [ 10.024171, 3.837025 ], [ 10.02504, 3.837052 ], [ 10.025954, 3.837263 ], [ 10.026663, 3.837243 ], [ 10.027234, 3.837406 ], [ 10.027714, 3.83734 ], [ 10.028515, 3.837113 ], [ 10.029157, 3.83668 ], [ 10.029535, 3.836011 ], [ 10.029139, 3.835462 ], [ 10.028407, 3.835482 ], [ 10.027698, 3.835571 ], [ 10.026981, 3.835675 ], [ 10.026326, 3.835473 ], [ 10.025946, 3.835119 ], [ 10.026238, 3.834784 ], [ 10.027222, 3.834535 ], [ 10.028137, 3.834447 ], [ 10.028846, 3.834336 ], [ 10.029327, 3.834039 ], [ 10.029991, 3.833744 ], [ 10.03045, 3.833317 ], [ 10.030224, 3.832711 ], [ 10.029629, 3.832731 ], [ 10.029081, 3.832476 ], [ 10.028374, 3.831991 ], [ 10.027874, 3.831437 ], [ 10.027533, 3.830976 ], [ 10.02726, 3.83047 ], [ 10.026896, 3.829986 ], [ 10.026532, 3.829548 ], [ 10.026013, 3.829591 ], [ 10.026058, 3.830706 ], [ 10.025224, 3.830668 ], [ 10.024746, 3.830229 ], [ 10.024405, 3.829699 ], [ 10.023881, 3.8291 ], [ 10.023287, 3.828798 ], [ 10.022693, 3.828903 ], [ 10.023216, 3.829717 ], [ 10.023739, 3.830362 ], [ 10.024101, 3.831237 ], [ 10.024159, 3.832095 ], [ 10.023322, 3.83175 ], [ 10.023091, 3.832427 ], [ 10.023453, 3.833393 ], [ 10.023654, 3.834565 ], [ 10.02268, 3.835342 ], [ 10.022122, 3.834673 ], [ 10.02201, 3.834076 ], [ 10.021898, 3.833478 ], [ 10.021901, 3.832605 ], [ 10.021376, 3.83235 ], [ 10.020829, 3.831934 ], [ 10.020272, 3.83114 ], [ 10.0206, 3.830027 ], [ 10.020976, 3.82934 ], [ 10.020544, 3.828718 ], [ 10.020043, 3.828141 ], [ 10.019515, 3.828782 ], [ 10.019033, 3.829331 ], [ 10.018299, 3.829787 ], [ 10.017886, 3.830291 ], [ 10.017837, 3.83114 ], [ 10.01829, 3.832199 ], [ 10.019132, 3.833259 ], [ 10.019656, 3.833836 ], [ 10.020316, 3.834528 ], [ 10.021137, 3.83522 ], [ 10.021843, 3.835936 ], [ 10.021429, 3.836462 ], [ 10.021016, 3.837057 ], [ 10.0214, 3.838185 ], [ 10.020688, 3.838848 ], [ 10.019658, 3.839188 ], [ 10.018559, 3.839573 ], [ 10.017963, 3.84003 ], [ 10.017618, 3.840534 ], [ 10.017387, 3.841084 ], [ 10.016837, 3.841556 ], [ 10.016244, 3.841079 ], [ 10.015857, 3.840687 ], [ 10.015772, 3.839902 ], [ 10.016479, 3.839457 ], [ 10.016206, 3.838966 ], [ 10.015842, 3.838551 ], [ 10.015592, 3.83809 ], [ 10.015778, 3.837287 ], [ 10.016486, 3.837681 ], [ 10.017056, 3.837913 ], [ 10.01784, 3.837567 ], [ 10.018409, 3.836885 ], [ 10.018686, 3.836289 ], [ 10.018507, 3.835239 ], [ 10.018373, 3.834335 ], [ 10.017735, 3.833735 ], [ 10.017141, 3.833825 ], [ 10.016727, 3.834374 ], [ 10.015881, 3.834302 ], [ 10.014943, 3.83432 ], [ 10.014804, 3.835055 ], [ 10.014847, 3.835744 ], [ 10.014798, 3.836479 ], [ 10.014475, 3.837212 ], [ 10.013856, 3.837692 ], [ 10.013584, 3.837002 ], [ 10.013416, 3.836105 ], [ 10.013278, 3.835339 ], [ 10.012723, 3.835091 ], [ 10.012243, 3.834997 ], [ 10.011894, 3.834521 ], [ 10.012521, 3.834011 ], [ 10.013483, 3.833579 ], [ 10.01441, 3.833215 ], [ 10.014951, 3.832506 ], [ 10.014931, 3.831621 ], [ 10.01404, 3.831284 ], [ 10.013536, 3.831696 ], [ 10.012916, 3.832336 ], [ 10.012182, 3.832976 ], [ 10.011393, 3.833922 ], [ 10.010761, 3.83398 ], [ 10.010409, 3.833083 ], [ 10.009738, 3.832322 ], [ 10.008848, 3.831882 ], [ 10.007728, 3.831808 ], [ 10.006973, 3.831827 ], [ 10.006648, 3.833066 ], [ 10.006896, 3.833963 ], [ 10.007327, 3.834769 ], [ 10.007805, 3.835575 ], [ 10.008466, 3.835991 ], [ 10.009161, 3.835551 ], [ 10.01, 3.835562 ], [ 10.010684, 3.836139 ], [ 10.010361, 3.836781 ], [ 10.009764, 3.837329 ], [ 10.009396, 3.838155 ], [ 10.00921, 3.838797 ], [ 10.00932, 3.839808 ], [ 10.010486, 3.84002 ], [ 10.011173, 3.839701 ], [ 10.011837, 3.839337 ], [ 10.012639, 3.838889 ], [ 10.013049, 3.839365 ], [ 10.012521, 3.839949 ], [ 10.012998, 3.840835 ], [ 10.012494, 3.841016 ], [ 10.011854, 3.841152 ], [ 10.012262, 3.841934 ], [ 10.013083, 3.842397 ], [ 10.013884, 3.84247 ], [ 10.014591, 3.842725 ], [ 10.014932, 3.843186 ], [ 10.015274, 3.843647 ], [ 10.015752, 3.844109 ], [ 10.016483, 3.844411 ], [ 10.017351, 3.844621 ], [ 10.018197, 3.844625 ], [ 10.018745, 3.844742 ], [ 10.01982, 3.844862 ], [ 10.020894, 3.845004 ], [ 10.021716, 3.845192 ], [ 10.022355, 3.845516 ], [ 10.02242, 3.846389 ], [ 10.022006, 3.847076 ], [ 10.021251, 3.847073 ], [ 10.020956, 3.846475 ], [ 10.020341, 3.846058 ], [ 10.019472, 3.845963 ], [ 10.019515, 3.846652 ], [ 10.019513, 3.847456 ], [ 10.018527, 3.847888 ], [ 10.017957, 3.847656 ], [ 10.018326, 3.846842 ], [ 10.017802, 3.846093 ], [ 10.017063, 3.846105 ], [ 10.016725, 3.846823 ], [ 10.015992, 3.847199 ], [ 10.015698, 3.846314 ], [ 10.01554, 3.845854 ], [ 10.015336, 3.845301 ], [ 10.014858, 3.844748 ], [ 10.014425, 3.844333 ], [ 10.013787, 3.843939 ], [ 10.013124, 3.843707 ], [ 10.012893, 3.844326 ], [ 10.012934, 3.84575 ], [ 10.013158, 3.846808 ], [ 10.013623, 3.847797 ], [ 10.014707, 3.848354 ], [ 10.01562, 3.848863 ], [ 10.016509, 3.849418 ], [ 10.017147, 3.850041 ], [ 10.017624, 3.85087 ], [ 10.018057, 3.851239 ], [ 10.01879, 3.851013 ], [ 10.019223, 3.851428 ], [ 10.019151, 3.852186 ], [ 10.019812, 3.852901 ], [ 10.020543, 3.853134 ], [ 10.021136, 3.853458 ], [ 10.021729, 3.853782 ], [ 10.02278, 3.854005 ], [ 10.023148, 3.853329 ], [ 10.023174, 3.852594 ], [ 10.023497, 3.851975 ], [ 10.024066, 3.85246 ], [ 10.024384, 3.853105 ], [ 10.025089, 3.854073 ], [ 10.025475, 3.854901 ], [ 10.024697, 3.854898 ], [ 10.023966, 3.854871 ], [ 10.024328, 3.855815 ], [ 10.024691, 3.85646 ], [ 10.024481, 3.857607 ], [ 10.023633, 3.858155 ], [ 10.022765, 3.857967 ], [ 10.021827, 3.858055 ], [ 10.021161, 3.858787 ], [ 10.020523, 3.858371 ], [ 10.020525, 3.857728 ], [ 10.020436, 3.857084 ], [ 10.020392, 3.856441 ], [ 10.020121, 3.855842 ], [ 10.019781, 3.855014 ], [ 10.01944, 3.854323 ], [ 10.018939, 3.85377 ], [ 10.017912, 3.853363 ], [ 10.017794, 3.854477 ], [ 10.0182, 3.85565 ], [ 10.018426, 3.85634 ], [ 10.018125, 3.85735 ], [ 10.017279, 3.857484 ], [ 10.016778, 3.856838 ], [ 10.016575, 3.85624 ], [ 10.016416, 3.85578 ], [ 10.016099, 3.855112 ], [ 10.015829, 3.854078 ], [ 10.015878, 3.853228 ], [ 10.016078, 3.852609 ], [ 10.016134, 3.851897 ], [ 10.015702, 3.851229 ], [ 10.014561, 3.850627 ], [ 10.013717, 3.850049 ], [ 10.01253, 3.849538 ], [ 10.011909, 3.850523 ], [ 10.011586, 3.851349 ], [ 10.011536, 3.852359 ], [ 10.01144, 3.853507 ], [ 10.011253, 3.854563 ], [ 10.010905, 3.85594 ], [ 10.010604, 3.857041 ], [ 10.010206, 3.8579 ], [ 10.009345, 3.857265 ], [ 10.009165, 3.856621 ], [ 10.009144, 3.85607 ], [ 10.009147, 3.855273 ], [ 10.009081, 3.854714 ], [ 10.008861, 3.854246 ], [ 10.008466, 3.853953 ], [ 10.007986, 3.854066 ], [ 10.007197, 3.854005 ], [ 10.006593, 3.853394 ], [ 10.007084, 3.852661 ], [ 10.007353, 3.851973 ], [ 10.006966, 3.85165 ], [ 10.006723, 3.85122 ], [ 10.007289, 3.85087 ], [ 10.008169, 3.850851 ], [ 10.00921, 3.850649 ], [ 10.00974, 3.849779 ], [ 10.010178, 3.848724 ], [ 10.010548, 3.847623 ], [ 10.010735, 3.846728 ], [ 10.010829, 3.845856 ], [ 10.010557, 3.845418 ], [ 10.009903, 3.844895 ], [ 10.009117, 3.845274 ], [ 10.008816, 3.846237 ], [ 10.008561, 3.847132 ], [ 10.007895, 3.847887 ], [ 10.007299, 3.848298 ], [ 10.006564, 3.849007 ], [ 10.005921, 3.849716 ], [ 10.005416, 3.850311 ], [ 10.005002, 3.850952 ], [ 10.004747, 3.851755 ], [ 10.004492, 3.852787 ], [ 10.004215, 3.853521 ], [ 10.003756, 3.853933 ], [ 10.002968, 3.85355 ], [ 10.002765, 3.852711 ], [ 10.001978, 3.852455 ], [ 10.001132, 3.852359 ], [ 10.000747, 3.851496 ], [ 10.00164, 3.851167 ], [ 10.002554, 3.851263 ], [ 10.003241, 3.850841 ], [ 10.003999, 3.850052 ], [ 10.004826, 3.849229 ], [ 10.005308, 3.848611 ], [ 10.005529, 3.848154 ], [ 10.00459, 3.848079 ], [ 10.003916, 3.847732 ], [ 10.003017, 3.847866 ], [ 10.002362, 3.847541 ], [ 10.002092, 3.846621 ], [ 10.002528, 3.846118 ], [ 10.003212, 3.84658 ], [ 10.003724, 3.846383 ], [ 10.004425, 3.846356 ], [ 10.005246, 3.846865 ], [ 10.00584, 3.847051 ], [ 10.006365, 3.847214 ], [ 10.006938, 3.846872 ], [ 10.00749, 3.846036 ], [ 10.007562, 3.845267 ], [ 10.006962, 3.844591 ], [ 10.007086, 3.843956 ], [ 10.007409, 3.843429 ], [ 10.007525, 3.842901 ], [ 10.00717, 3.842233 ], [ 10.006635, 3.842415 ], [ 10.006267, 3.843102 ], [ 10.005476, 3.843535 ], [ 10.004724, 3.842877 ], [ 10.005035, 3.842316 ], [ 10.00557, 3.841813 ], [ 10.005955, 3.840804 ], [ 10.004982, 3.841098 ], [ 10.00431, 3.840613 ], [ 10.004237, 3.839709 ], [ 10.004635, 3.839328 ], [ 10.005093, 3.839054 ], [ 10.005415, 3.838688 ], [ 10.005795, 3.837863 ], [ 10.005903, 3.836669 ], [ 10.005334, 3.835817 ], [ 10.004533, 3.835997 ], [ 10.004004, 3.836799 ], [ 10.003773, 3.837487 ], [ 10.00345, 3.838128 ], [ 10.003035, 3.838954 ], [ 10.002529, 3.839801 ], [ 10.001977, 3.840648 ], [ 10.001563, 3.841267 ], [ 10.000845, 3.841807 ], [ 10.000252, 3.841284 ], [ 10.000605, 3.840826 ], [ 10.000905, 3.839909 ], [ 10.001275, 3.838923 ], [ 10.00162, 3.838304 ], [ 10.002056, 3.837961 ], [ 10.002401, 3.837481 ], [ 10.002655, 3.836839 ], [ 10.002015, 3.836744 ], [ 10.001238, 3.836626 ], [ 10.000507, 3.836439 ], [ 10.000166, 3.836047 ], [ 10.000137, 3.835449 ], [ 10.00089, 3.835108 ], [ 10.001563, 3.835456 ], [ 10.002248, 3.835596 ], [ 10.003064, 3.8356 ], [ 10.003903, 3.835236 ], [ 10.004424, 3.834596 ], [ 10.004632, 3.834045 ], [ 10.004772, 3.833242 ], [ 10.004844, 3.832576 ], [ 10.004845, 3.832094 ], [ 10.004848, 3.831428 ], [ 10.004698, 3.830738 ], [ 10.004578, 3.830278 ], [ 10.004328, 3.829817 ], [ 10.003848, 3.829815 ], [ 10.00332, 3.830364 ], [ 10.003066, 3.831052 ], [ 10.002903, 3.831649 ], [ 10.002218, 3.831485 ], [ 10.001441, 3.831504 ], [ 10.001004, 3.832192 ], [ 10.00059, 3.832695 ], [ 10.000089, 3.833234 ] ], [ [ 10.006432, 3.839749 ], [ 10.005955, 3.840804 ], [ 10.006643, 3.840279 ], [ 10.006432, 3.839749 ] ], [ [ 9.999497, 3.831014 ], [ 9.999712, 3.831728 ], [ 10.000106, 3.83073 ], [ 10.000737, 3.830031 ], [ 10.000763, 3.829434 ], [ 10.000104, 3.829338 ], [ 9.999958, 3.830099 ], [ 9.999497, 3.831014 ] ], [ [ 10.021733, 3.792791 ], [ 10.02093, 3.793496 ], [ 10.020927, 3.794346 ], [ 10.021698, 3.794108 ], [ 10.022234, 3.79336 ], [ 10.021733, 3.792791 ] ], [ [ 10.020124, 3.800969 ], [ 10.019768, 3.801542 ], [ 10.019753, 3.802265 ], [ 10.020587, 3.802521 ], [ 10.021074, 3.801838 ], [ 10.020741, 3.801178 ], [ 10.020124, 3.800969 ] ], [ [ 10.001197, 3.803182 ], [ 10.000694, 3.802851 ], [ 10.000084, 3.802764 ], [ 10.000108, 3.804305 ], [ 10.000561, 3.804443 ], [ 10.001204, 3.803848 ], [ 10.001197, 3.803182 ] ], [ [ 10.020643, 3.808758 ], [ 10.021168, 3.809001 ], [ 10.021901, 3.808717 ], [ 10.022143, 3.808225 ], [ 10.021951, 3.807554 ], [ 10.021288, 3.807612 ], [ 10.020684, 3.808115 ], [ 10.020643, 3.808758 ] ], [ [ 10.021958, 3.802803 ], [ 10.021221, 3.803217 ], [ 10.021097, 3.803707 ], [ 10.021243, 3.80427 ], [ 10.021918, 3.804307 ], [ 10.022467, 3.804126 ], [ 10.022903, 3.803783 ], [ 10.022791, 3.803197 ], [ 10.021958, 3.802803 ] ], [ [ 10.027003, 3.789802 ], [ 10.026384, 3.790178 ], [ 10.026039, 3.790946 ], [ 10.02654, 3.791465 ], [ 10.027328, 3.791526 ], [ 10.028073, 3.791196 ], [ 10.028007, 3.790461 ], [ 10.027665, 3.790092 ], [ 10.027003, 3.789802 ] ], [ [ 9.987992, 3.782914 ], [ 9.987359, 3.783667 ], [ 9.987161, 3.784104 ], [ 9.987514, 3.784763 ], [ 9.988476, 3.784884 ], [ 9.989064, 3.784461 ], [ 9.988772, 3.783345 ], [ 9.987992, 3.782914 ] ], [ [ 10.001392, 3.800201 ], [ 10.000576, 3.800676 ], [ 10.000168, 3.801363 ], [ 10.001129, 3.8019 ], [ 10.00176, 3.801921 ], [ 10.002308, 3.802061 ], [ 10.002748, 3.801935 ], [ 10.002724, 3.801007 ], [ 10.002224, 3.800239 ], [ 10.001392, 3.800201 ] ], [ [ 10.020428, 3.805288 ], [ 10.019871, 3.805416 ], [ 10.019738, 3.806204 ], [ 10.020148, 3.806757 ], [ 10.020857, 3.806691 ], [ 10.021543, 3.806557 ], [ 10.022077, 3.806452 ], [ 10.022947, 3.806157 ], [ 10.023309, 3.805324 ], [ 10.022933, 3.804817 ], [ 10.022372, 3.805113 ], [ 10.021853, 3.805425 ], [ 10.021021, 3.805532 ], [ 10.020428, 3.805288 ] ], [ [ 10.019844, 3.790448 ], [ 10.019408, 3.790836 ], [ 10.019177, 3.791478 ], [ 10.019464, 3.792123 ], [ 10.020204, 3.792149 ], [ 10.020761, 3.791868 ], [ 10.021487, 3.791282 ], [ 10.021856, 3.79048 ], [ 10.021768, 3.789698 ], [ 10.021209, 3.789432 ], [ 10.020648, 3.789647 ], [ 10.020311, 3.789968 ], [ 10.019844, 3.790448 ] ], [ [ 9.990018, 3.780731 ], [ 9.9907, 3.78076 ], [ 9.991199, 3.780166 ], [ 9.991814, 3.779349 ], [ 9.991252, 3.778835 ], [ 9.990312, 3.778569 ], [ 9.989672, 3.778531 ], [ 9.988944, 3.778838 ], [ 9.989, 3.779663 ], [ 9.989353, 3.780532 ], [ 9.990018, 3.780731 ] ], [ [ 10.022813, 3.809433 ], [ 10.0224, 3.809822 ], [ 10.02185, 3.810111 ], [ 10.021924, 3.810739 ], [ 10.022463, 3.811154 ], [ 10.023126, 3.811226 ], [ 10.023562, 3.810746 ], [ 10.02377, 3.810104 ], [ 10.023864, 3.809461 ], [ 10.024164, 3.808796 ], [ 10.024464, 3.808223 ], [ 10.024489, 3.807534 ], [ 10.024194, 3.806936 ], [ 10.023247, 3.807621 ], [ 10.023024, 3.808148 ], [ 10.022998, 3.808745 ], [ 10.022813, 3.809433 ] ], [ [ 10.02349, 3.803794 ], [ 10.023381, 3.804475 ], [ 10.023904, 3.804959 ], [ 10.024408, 3.804709 ], [ 10.024799, 3.80432 ], [ 10.025319, 3.80374 ], [ 10.025671, 3.803336 ], [ 10.026107, 3.802994 ], [ 10.026542, 3.80272 ], [ 10.027093, 3.802366 ], [ 10.027621, 3.80176 ], [ 10.027142, 3.801344 ], [ 10.026547, 3.801571 ], [ 10.025929, 3.801684 ], [ 10.025328, 3.801275 ], [ 10.024722, 3.800518 ], [ 10.023969, 3.799987 ], [ 10.023625, 3.800456 ], [ 10.023782, 3.801169 ], [ 10.02419, 3.802112 ], [ 10.023843, 3.802961 ], [ 10.02349, 3.803794 ] ], [ [ 10.021444, 3.812482 ], [ 10.020813, 3.812123 ], [ 10.019955, 3.812177 ], [ 10.020101, 3.812936 ], [ 10.020224, 3.813694 ], [ 10.019457, 3.813898 ], [ 10.018863, 3.813926 ], [ 10.017933, 3.81383 ], [ 10.017488, 3.814509 ], [ 10.0176, 3.815382 ], [ 10.017939, 3.816326 ], [ 10.018416, 3.817178 ], [ 10.018848, 3.817823 ], [ 10.019212, 3.818169 ], [ 10.019692, 3.818355 ], [ 10.020128, 3.817989 ], [ 10.020519, 3.817348 ], [ 10.020877, 3.816453 ], [ 10.021463, 3.81579 ], [ 10.021876, 3.815271 ], [ 10.022474, 3.814428 ], [ 10.022123, 3.813278 ], [ 10.021444, 3.812482 ] ], [ [ 10.016527, 3.810837 ], [ 10.016998, 3.811222 ], [ 10.017808, 3.811708 ], [ 10.01878, 3.811552 ], [ 10.019239, 3.811186 ], [ 10.019699, 3.810561 ], [ 10.019884, 3.809995 ], [ 10.019909, 3.809237 ], [ 10.019934, 3.808755 ], [ 10.019913, 3.808272 ], [ 10.019641, 3.807605 ], [ 10.019163, 3.807166 ], [ 10.018616, 3.806773 ], [ 10.018115, 3.806251 ], [ 10.017981, 3.805454 ], [ 10.017618, 3.804595 ], [ 10.01698, 3.804125 ], [ 10.016384, 3.804329 ], [ 10.015947, 3.805131 ], [ 10.016379, 3.805799 ], [ 10.016994, 3.806399 ], [ 10.017517, 3.807044 ], [ 10.017651, 3.807895 ], [ 10.017603, 3.808469 ], [ 10.017418, 3.808996 ], [ 10.016922, 3.809495 ], [ 10.016585, 3.808717 ], [ 10.01634, 3.807835 ], [ 10.015653, 3.807128 ], [ 10.014713, 3.807047 ], [ 10.014223, 3.807581 ], [ 10.014083, 3.808292 ], [ 10.014148, 3.809211 ], [ 10.013927, 3.810026 ], [ 10.013617, 3.810426 ], [ 10.013386, 3.810977 ], [ 10.013819, 3.811346 ], [ 10.01436, 3.811578 ], [ 10.014847, 3.811626 ], [ 10.015442, 3.811514 ], [ 10.015977, 3.811203 ], [ 10.016527, 3.810837 ] ], [ [ 10.022572, 3.820634 ], [ 10.022499, 3.819929 ], [ 10.022471, 3.819209 ], [ 10.023188, 3.818967 ], [ 10.024011, 3.818925 ], [ 10.024728, 3.818852 ], [ 10.025476, 3.818518 ], [ 10.026439, 3.817856 ], [ 10.027126, 3.817698 ], [ 10.028065, 3.817209 ], [ 10.028275, 3.816096 ], [ 10.028254, 3.815429 ], [ 10.029057, 3.81479 ], [ 10.029515, 3.814631 ], [ 10.029997, 3.814266 ], [ 10.030266, 3.813501 ], [ 10.029536, 3.813054 ], [ 10.028972, 3.813113 ], [ 10.028346, 3.813477 ], [ 10.027848, 3.81398 ], [ 10.027322, 3.81407 ], [ 10.026713, 3.814067 ], [ 10.025782, 3.814278 ], [ 10.025445, 3.814774 ], [ 10.025077, 3.815312 ], [ 10.02456, 3.815053 ], [ 10.024471, 3.814394 ], [ 10.024368, 3.813816 ], [ 10.023688, 3.813732 ], [ 10.023182, 3.814488 ], [ 10.02318, 3.8152 ], [ 10.02313, 3.816188 ], [ 10.022876, 3.816968 ], [ 10.022391, 3.817976 ], [ 10.022024, 3.818503 ], [ 10.021473, 3.819052 ], [ 10.020875, 3.81983 ], [ 10.021079, 3.820428 ], [ 10.021397, 3.820935 ], [ 10.022196, 3.821191 ], [ 10.022572, 3.820634 ] ], [ [ 10.02706, 3.826932 ], [ 10.027225, 3.827518 ], [ 10.027615, 3.828496 ], [ 10.027905, 3.829278 ], [ 10.02804, 3.829761 ], [ 10.028602, 3.830277 ], [ 10.029408, 3.830755 ], [ 10.030277, 3.830736 ], [ 10.030852, 3.829923 ], [ 10.03042, 3.829312 ], [ 10.030125, 3.828714 ], [ 10.030697, 3.828586 ], [ 10.031474, 3.828544 ], [ 10.031226, 3.827708 ], [ 10.030519, 3.827345 ], [ 10.029718, 3.827518 ], [ 10.029054, 3.827584 ], [ 10.028342, 3.827222 ], [ 10.0286, 3.826732 ], [ 10.029105, 3.826343 ], [ 10.029496, 3.825771 ], [ 10.03016, 3.825544 ], [ 10.030799, 3.825754 ], [ 10.031439, 3.826009 ], [ 10.032306, 3.826381 ], [ 10.033159, 3.826407 ], [ 10.033247, 3.825466 ], [ 10.032815, 3.824752 ], [ 10.032313, 3.824405 ], [ 10.031491, 3.82408 ], [ 10.030532, 3.823881 ], [ 10.029755, 3.823682 ], [ 10.02904, 3.823342 ], [ 10.028341, 3.822711 ], [ 10.028071, 3.821722 ], [ 10.027983, 3.820688 ], [ 10.027619, 3.820135 ], [ 10.026958, 3.819788 ], [ 10.026224, 3.820175 ], [ 10.02588, 3.820633 ], [ 10.025511, 3.821366 ], [ 10.025279, 3.822192 ], [ 10.025138, 3.823064 ], [ 10.025182, 3.823846 ], [ 10.025133, 3.824534 ], [ 10.025039, 3.825177 ], [ 10.024853, 3.826049 ], [ 10.02437, 3.826736 ], [ 10.023773, 3.827377 ], [ 10.024503, 3.827816 ], [ 10.025028, 3.827979 ], [ 10.025578, 3.827821 ], [ 10.026372, 3.82748 ], [ 10.02706, 3.826932 ] ], [ [ 10.014267, 3.784083 ], [ 10.014402, 3.784612 ], [ 10.014613, 3.785165 ], [ 10.014993, 3.785626 ], [ 10.015616, 3.786042 ], [ 10.01627, 3.78655 ], [ 10.016657, 3.786896 ], [ 10.017158, 3.787427 ], [ 10.017522, 3.78798 ], [ 10.017793, 3.788647 ], [ 10.018379, 3.789025 ], [ 10.019404, 3.788941 ], [ 10.019404, 3.788941 ], [ 10.019413, 3.78894 ], [ 10.020274, 3.78882 ], [ 10.020285, 3.788819 ], [ 10.020675, 3.788407 ], [ 10.021158, 3.787605 ], [ 10.021167, 3.787596 ], [ 10.021873, 3.786782 ], [ 10.021893, 3.786759 ], [ 10.021896, 3.786759 ], [ 10.021897, 3.786759 ], [ 10.023151, 3.786741 ], [ 10.024362, 3.786831 ], [ 10.024548, 3.786127 ], [ 10.024322, 3.785483 ], [ 10.024005, 3.784747 ], [ 10.023642, 3.783918 ], [ 10.023599, 3.783183 ], [ 10.023982, 3.782833 ], [ 10.024423, 3.782773 ], [ 10.024973, 3.782546 ], [ 10.024221, 3.781968 ], [ 10.024036, 3.781823 ], [ 10.023719, 3.781573 ], [ 10.023605, 3.781483 ], [ 10.02283, 3.781021 ], [ 10.022168, 3.780857 ], [ 10.021551, 3.780555 ], [ 10.021026, 3.780255 ], [ 10.020503, 3.779678 ], [ 10.019797, 3.778779 ], [ 10.019183, 3.778249 ], [ 10.019182, 3.778248 ], [ 10.018724, 3.778499 ], [ 10.018014, 3.778817 ], [ 10.017622, 3.779551 ], [ 10.017847, 3.780539 ], [ 10.018163, 3.781666 ], [ 10.018571, 3.782518 ], [ 10.018797, 3.7833 ], [ 10.019069, 3.783944 ], [ 10.018928, 3.784908 ], [ 10.018251, 3.784655 ], [ 10.018243, 3.784652 ], [ 10.018201, 3.784609 ], [ 10.017755, 3.784151 ], [ 10.017742, 3.784137 ], [ 10.017742, 3.784137 ], [ 10.017723, 3.784107 ], [ 10.017264, 3.783386 ], [ 10.017219, 3.783316 ], [ 10.016787, 3.782786 ], [ 10.016285, 3.782569 ], [ 10.016285, 3.782569 ], [ 10.015621, 3.782619 ], [ 10.015003, 3.7828 ], [ 10.01443, 3.783326 ], [ 10.014267, 3.784083 ] ], [ [ 10.012972, 3.823608 ], [ 10.012492, 3.823491 ], [ 10.011922, 3.823075 ], [ 10.011925, 3.822409 ], [ 10.011744, 3.821857 ], [ 10.011226, 3.821732 ], [ 10.010235, 3.821724 ], [ 10.009047, 3.821707 ], [ 10.008269, 3.821864 ], [ 10.007649, 3.822528 ], [ 10.006819, 3.822264 ], [ 10.005981, 3.822222 ], [ 10.00534, 3.822288 ], [ 10.004677, 3.822354 ], [ 10.004151, 3.822421 ], [ 10.003602, 3.822533 ], [ 10.002789, 3.822851 ], [ 10.002135, 3.823468 ], [ 10.001903, 3.824141 ], [ 10.001902, 3.824616 ], [ 10.001991, 3.825098 ], [ 10.001517, 3.825456 ], [ 10.000769, 3.825652 ], [ 10.000059, 3.826153 ], [ 10.000061, 3.826858 ], [ 10.000428, 3.827227 ], [ 10.000998, 3.827575 ], [ 10.00166, 3.827853 ], [ 10.002644, 3.827628 ], [ 10.003356, 3.826804 ], [ 10.003794, 3.825933 ], [ 10.004232, 3.825131 ], [ 10.00489, 3.824537 ], [ 10.005376, 3.824792 ], [ 10.005556, 3.825643 ], [ 10.0056, 3.826125 ], [ 10.005871, 3.826999 ], [ 10.00667, 3.827301 ], [ 10.007632, 3.826869 ], [ 10.007683, 3.825491 ], [ 10.007856, 3.824578 ], [ 10.008784, 3.824531 ], [ 10.009493, 3.824465 ], [ 10.010134, 3.824262 ], [ 10.011038, 3.824151 ], [ 10.010796, 3.824655 ], [ 10.010223, 3.82502 ], [ 10.009748, 3.825569 ], [ 10.009876, 3.826121 ], [ 10.010217, 3.826536 ], [ 10.010765, 3.826791 ], [ 10.011563, 3.827231 ], [ 10.011951, 3.827646 ], [ 10.012522, 3.827832 ], [ 10.013049, 3.827513 ], [ 10.013269, 3.826607 ], [ 10.01392, 3.826981 ], [ 10.014604, 3.827382 ], [ 10.015384, 3.826834 ], [ 10.015957, 3.826492 ], [ 10.016871, 3.826588 ], [ 10.017764, 3.826316 ], [ 10.018406, 3.825722 ], [ 10.018776, 3.824644 ], [ 10.018069, 3.824067 ], [ 10.017483, 3.82398 ], [ 10.016827, 3.824023 ], [ 10.016079, 3.824274 ], [ 10.015331, 3.824629 ], [ 10.014751, 3.824764 ], [ 10.014318, 3.824487 ], [ 10.013703, 3.823795 ], [ 10.012972, 3.823608 ] ], [ [ 10.058277, 3.815216 ], [ 10.059146, 3.815243 ], [ 10.060176, 3.81488 ], [ 10.060705, 3.814079 ], [ 10.060936, 3.813483 ], [ 10.060825, 3.812586 ], [ 10.060439, 3.811964 ], [ 10.059961, 3.811227 ], [ 10.059348, 3.810306 ], [ 10.058893, 3.809615 ], [ 10.058484, 3.80897 ], [ 10.057981, 3.808753 ], [ 10.057445, 3.809501 ], [ 10.057175, 3.810342 ], [ 10.056806, 3.811236 ], [ 10.05646, 3.811947 ], [ 10.056001, 3.812466 ], [ 10.055544, 3.812448 ], [ 10.054996, 3.812331 ], [ 10.054308, 3.812741 ], [ 10.054145, 3.813636 ], [ 10.054257, 3.814142 ], [ 10.054186, 3.814866 ], [ 10.053555, 3.814461 ], [ 10.053293, 3.815034 ], [ 10.053313, 3.815792 ], [ 10.053226, 3.81668 ], [ 10.052738, 3.816754 ], [ 10.052098, 3.816637 ], [ 10.051654, 3.817148 ], [ 10.052262, 3.817671 ], [ 10.052918, 3.817582 ], [ 10.053383, 3.817988 ], [ 10.053446, 3.819008 ], [ 10.053458, 3.819789 ], [ 10.053616, 3.820433 ], [ 10.053842, 3.821192 ], [ 10.053771, 3.821858 ], [ 10.053837, 3.822386 ], [ 10.054224, 3.822916 ], [ 10.054877, 3.823363 ], [ 10.055616, 3.82368 ], [ 10.056142, 3.82366 ], [ 10.056691, 3.823639 ], [ 10.057469, 3.823252 ], [ 10.058105, 3.822893 ], [ 10.057679, 3.822196 ], [ 10.057613, 3.821553 ], [ 10.057295, 3.820954 ], [ 10.056657, 3.8204 ], [ 10.055973, 3.819754 ], [ 10.05538, 3.819384 ], [ 10.055566, 3.818765 ], [ 10.05616, 3.818928 ], [ 10.056822, 3.819069 ], [ 10.057621, 3.819371 ], [ 10.058444, 3.819535 ], [ 10.059038, 3.819538 ], [ 10.059841, 3.818898 ], [ 10.059959, 3.818026 ], [ 10.05987, 3.817199 ], [ 10.059369, 3.816668 ], [ 10.058728, 3.816933 ], [ 10.058155, 3.81726 ], [ 10.057861, 3.816386 ], [ 10.05791, 3.815536 ], [ 10.058277, 3.815216 ] ], [ [ 10.017441, 3.795054 ], [ 10.016857, 3.794408 ], [ 10.016295, 3.794323 ], [ 10.01647, 3.793947 ], [ 10.016563, 3.793534 ], [ 10.016563, 3.793465 ], [ 10.016563, 3.793396 ], [ 10.016336, 3.79312 ], [ 10.016245, 3.792981 ], [ 10.016192, 3.792946 ], [ 10.016177, 3.792924 ], [ 10.016045, 3.792761 ], [ 10.016017, 3.792705 ], [ 10.015744, 3.792382 ], [ 10.015608, 3.79222 ], [ 10.015085, 3.791599 ], [ 10.015084, 3.791598 ], [ 10.015109, 3.790886 ], [ 10.016118, 3.790271 ], [ 10.016622, 3.790043 ], [ 10.016645, 3.789905 ], [ 10.016668, 3.789767 ], [ 10.016762, 3.789355 ], [ 10.016739, 3.78924 ], [ 10.016717, 3.789125 ], [ 10.016581, 3.788756 ], [ 10.016263, 3.78825 ], [ 10.015808, 3.787697 ], [ 10.015672, 3.787536 ], [ 10.015671, 3.787535 ], [ 10.015671, 3.787535 ], [ 10.015534, 3.787374 ], [ 10.015079, 3.786866 ], [ 10.014372, 3.786496 ], [ 10.013729, 3.786066 ], [ 10.013391, 3.785802 ], [ 10.013232, 3.785733 ], [ 10.012388, 3.785247 ], [ 10.012068, 3.785016 ], [ 10.011932, 3.784831 ], [ 10.011702, 3.785152 ], [ 10.01147, 3.785978 ], [ 10.010714, 3.786434 ], [ 10.00996, 3.786246 ], [ 10.009254, 3.785508 ], [ 10.008732, 3.78445 ], [ 10.008689, 3.783668 ], [ 10.008739, 3.782842 ], [ 10.008696, 3.782061 ], [ 10.008744, 3.781372 ], [ 10.008747, 3.780683 ], [ 10.008748, 3.780384 ], [ 10.008749, 3.780085 ], [ 10.00866, 3.779488 ], [ 10.008569, 3.779235 ], [ 10.008479, 3.778982 ], [ 10.008252, 3.778613 ], [ 10.008115, 3.778521 ], [ 10.00784, 3.778611 ], [ 10.006877, 3.77925 ], [ 10.006029, 3.779798 ], [ 10.005184, 3.779702 ], [ 10.004271, 3.779285 ], [ 10.003587, 3.778776 ], [ 10.003132, 3.778131 ], [ 10.002974, 3.777602 ], [ 10.002997, 3.777441 ], [ 10.003092, 3.776707 ], [ 10.003049, 3.775972 ], [ 10.00296, 3.775144 ], [ 10.002506, 3.774407 ], [ 10.00237, 3.774177 ], [ 10.00196, 3.773624 ], [ 10.001732, 3.773485 ], [ 10.001412, 3.773484 ], [ 10.001091, 3.773896 ], [ 10.000813, 3.774583 ], [ 10.000488, 3.776098 ], [ 10.000487, 3.776101 ], [ 10.000022, 3.777546 ], [ 9.999974, 3.777663 ], [ 9.999974, 3.780089 ], [ 9.999851, 3.780761 ], [ 9.999005, 3.781365 ], [ 9.998048, 3.781582 ], [ 9.997249, 3.78166 ], [ 9.996587, 3.781759 ], [ 9.995448, 3.782001 ], [ 9.995022, 3.782718 ], [ 9.994803, 3.783524 ], [ 9.994764, 3.784075 ], [ 9.994707, 3.785086 ], [ 9.994488, 3.785892 ], [ 9.9942, 3.786607 ], [ 9.994115, 3.787205 ], [ 9.994396, 3.787752 ], [ 9.994765, 3.788116 ], [ 9.995294, 3.788385 ], [ 9.995868, 3.788562 ], [ 9.996553, 3.788577 ], [ 9.997284, 3.788547 ], [ 9.998038, 3.788515 ], [ 9.998614, 3.788968 ], [ 9.998713, 3.789541 ], [ 9.99817, 3.790006 ], [ 9.997306, 3.790429 ], [ 9.996582, 3.791034 ], [ 9.996454, 3.791816 ], [ 9.996599, 3.792457 ], [ 9.996974, 3.793279 ], [ 9.99782, 3.793292 ], [ 9.998293, 3.792759 ], [ 9.998723, 3.792364 ], [ 9.999217, 3.791624 ], [ 9.999917, 3.790804 ], [ 10.000026, 3.788043 ], [ 10.00003, 3.78804 ], [ 10.00026, 3.78772 ], [ 10.000627, 3.787308 ], [ 10.001041, 3.786758 ], [ 10.001683, 3.786393 ], [ 10.002045, 3.787314 ], [ 10.001505, 3.788003 ], [ 10.001447, 3.788046 ], [ 10.001264, 3.788275 ], [ 10.00108, 3.788596 ], [ 10.001125, 3.788688 ], [ 10.00117, 3.78878 ], [ 10.00149, 3.789011 ], [ 10.001719, 3.788966 ], [ 10.001901, 3.788921 ], [ 10.002039, 3.788876 ], [ 10.002176, 3.788739 ], [ 10.002327, 3.788589 ], [ 10.002543, 3.788442 ], [ 10.002635, 3.788419 ], [ 10.002956, 3.788191 ], [ 10.003529, 3.78778 ], [ 10.004148, 3.787553 ], [ 10.004834, 3.78751 ], [ 10.005151, 3.788292 ], [ 10.005078, 3.789188 ], [ 10.004916, 3.789807 ], [ 10.004456, 3.790517 ], [ 10.003654, 3.791019 ], [ 10.002853, 3.791153 ], [ 10.002716, 3.79113 ], [ 10.002363, 3.791217 ], [ 10.002167, 3.791242 ], [ 10.001984, 3.791264 ], [ 10.001663, 3.791401 ], [ 10.001549, 3.791515 ], [ 10.001434, 3.791629 ], [ 10.001189, 3.791955 ], [ 10.001043, 3.792133 ], [ 10.000928, 3.79227 ], [ 10.000789, 3.792775 ], [ 10.000581, 3.793394 ], [ 10.000466, 3.793555 ], [ 10.000098, 3.79415 ], [ 9.999974, 3.794371 ], [ 9.999975, 3.79551 ], [ 9.999655, 3.795912 ], [ 9.999252, 3.796605 ], [ 9.99885, 3.79739 ], [ 9.998701, 3.798333 ], [ 9.999235, 3.79897 ], [ 9.999976, 3.799244 ], [ 9.999976, 3.79818 ], [ 10.000586, 3.797942 ], [ 10.00077, 3.797874 ], [ 10.001411, 3.797601 ], [ 10.002076, 3.797214 ], [ 10.002575, 3.797003 ], [ 10.002831, 3.796919 ], [ 10.002991, 3.796828 ], [ 10.003152, 3.796736 ], [ 10.00361, 3.796417 ], [ 10.004069, 3.796074 ], [ 10.004206, 3.796006 ], [ 10.004482, 3.795686 ], [ 10.004597, 3.795456 ], [ 10.004713, 3.795227 ], [ 10.004852, 3.794723 ], [ 10.004852, 3.794539 ], [ 10.005129, 3.793851 ], [ 10.005702, 3.793532 ], [ 10.006157, 3.794269 ], [ 10.006224, 3.794453 ], [ 10.00636, 3.794821 ], [ 10.006451, 3.795051 ], [ 10.006588, 3.79519 ], [ 10.006816, 3.795283 ], [ 10.007045, 3.795146 ], [ 10.007503, 3.79478 ], [ 10.008008, 3.794369 ], [ 10.008651, 3.793775 ], [ 10.009247, 3.793295 ], [ 10.009476, 3.793181 ], [ 10.009934, 3.792907 ], [ 10.010439, 3.792496 ], [ 10.010898, 3.792177 ], [ 10.011104, 3.791994 ], [ 10.011861, 3.7914 ], [ 10.012343, 3.791012 ], [ 10.013036, 3.790915 ], [ 10.013537, 3.791407 ], [ 10.013184, 3.792141 ], [ 10.01268, 3.792552 ], [ 10.012129, 3.793055 ], [ 10.011486, 3.793741 ], [ 10.010706, 3.794289 ], [ 10.009835, 3.794928 ], [ 10.009606, 3.795134 ], [ 10.008551, 3.795933 ], [ 10.008046, 3.796482 ], [ 10.007678, 3.797078 ], [ 10.0074, 3.797858 ], [ 10.007398, 3.798547 ], [ 10.007395, 3.79919 ], [ 10.007393, 3.799833 ], [ 10.007481, 3.800568 ], [ 10.007524, 3.80135 ], [ 10.007568, 3.801947 ], [ 10.007636, 3.802108 ], [ 10.007704, 3.802269 ], [ 10.008069, 3.802409 ], [ 10.008619, 3.801921 ], [ 10.00974, 3.802069 ], [ 10.009991, 3.802141 ], [ 10.01031, 3.802235 ], [ 10.010814, 3.802099 ], [ 10.011319, 3.801642 ], [ 10.011411, 3.801367 ], [ 10.012078, 3.800336 ], [ 10.01233, 3.800268 ], [ 10.013017, 3.800042 ], [ 10.013177, 3.79995 ], [ 10.013338, 3.799859 ], [ 10.013979, 3.799541 ], [ 10.014208, 3.799312 ], [ 10.0143, 3.799175 ], [ 10.014212, 3.798485 ], [ 10.014169, 3.797612 ], [ 10.014425, 3.796556 ], [ 10.014569, 3.796388 ], [ 10.015091, 3.795824 ], [ 10.015206, 3.795641 ], [ 10.015855, 3.794906 ], [ 10.016052, 3.795484 ], [ 10.016417, 3.795876 ], [ 10.017231, 3.796301 ], [ 10.0178, 3.795825 ], [ 10.017441, 3.795054 ] ] ] ] } },
{ "type": "Feature", "properties": { "tg_type": "FON.AIRE_PROTEGEE", "nom": "Santchou", "source_id": "A7B27F68-5EDA-450A-B125-20D49760FAB5", "source": "MINFOF_WRI_ATLAS_FORESTIER_SIG_2018", "statut": "IMPORTE", "date_source": "2016-05-16", "regime_tg": "AIRE_PROTEGEE", "categorie": "aire_protegee", "desc_type": "Réserve de faune", "cat_uicn": "IV", "wdpaid": 20125.0, "statu_crea": "cree", "statu_amgt": "non_amenage", "date_prop": null, "date_crea": null, "date_amgt": null, "sup_adm_ha": 7000, "sup_sig_ha": 9500.0 }, "geometry": { "type": "MultiPolygon", "coordinates": [ [ [ [ 10.035206, 5.295693 ], [ 10.036121, 5.288289 ], [ 10.036045, 5.287499 ], [ 10.035852, 5.28687 ], [ 10.035748, 5.286344 ], [ 10.035657, 5.285432 ], [ 10.035778, 5.284143 ], [ 10.035752, 5.281105 ], [ 10.035648, 5.279718 ], [ 10.035354, 5.278909 ], [ 10.034994, 5.278191 ], [ 10.034468, 5.27764 ], [ 10.033686, 5.277423 ], [ 10.032917, 5.277244 ], [ 10.032507, 5.277168 ], [ 10.0322, 5.277168 ], [ 10.031995, 5.277117 ], [ 10.031751, 5.277092 ], [ 10.031431, 5.277041 ], [ 10.031162, 5.276913 ], [ 10.031021, 5.276798 ], [ 10.0309, 5.276675 ], [ 10.030669, 5.276509 ], [ 10.030361, 5.276278 ], [ 10.0299, 5.276073 ], [ 10.029481, 5.27599 ], [ 10.029195, 5.275933 ], [ 10.028259, 5.275537 ], [ 10.0279, 5.275306 ], [ 10.027554, 5.274986 ], [ 10.027246, 5.274678 ], [ 10.026233, 5.273961 ], [ 10.025721, 5.273676 ], [ 10.02545, 5.273513 ], [ 10.025168, 5.273218 ], [ 10.024655, 5.272808 ], [ 10.024296, 5.272564 ], [ 10.023797, 5.272405 ], [ 10.022784, 5.272246 ], [ 10.02231, 5.272092 ], [ 10.021579, 5.271734 ], [ 10.019758, 5.270828 ], [ 10.017638, 5.270015 ], [ 10.016142, 5.269037 ], [ 10.014695, 5.268445 ], [ 10.011389, 5.267347 ], [ 10.008876, 5.266362 ], [ 10.008041, 5.265882 ], [ 10.007255, 5.26543 ], [ 10.006017, 5.264659 ], [ 10.005427, 5.264352 ], [ 10.003672, 5.263764 ], [ 10.002813, 5.263598 ], [ 10.002531, 5.263496 ], [ 10.001615, 5.263044 ], [ 10.000454, 5.262485 ], [ 9.999442, 5.262242 ], [ 9.997379, 5.261784 ], [ 9.996696, 5.261608 ], [ 9.996044, 5.261501 ], [ 9.994484, 5.261557 ], [ 9.993293, 5.261739 ], [ 9.992351, 5.261996 ], [ 9.990643, 5.2625 ], [ 9.989977, 5.262887 ], [ 9.989388, 5.26317 ], [ 9.988684, 5.263313 ], [ 9.988338, 5.263313 ], [ 9.98794, 5.263229 ], [ 9.987395, 5.262658 ], [ 9.986697, 5.262224 ], [ 9.986118, 5.261816 ], [ 9.985799, 5.261609 ], [ 9.985696, 5.261391 ], [ 9.984697, 5.261264 ], [ 9.984492, 5.260995 ], [ 9.98448, 5.260987 ], [ 9.984184, 5.260777 ], [ 9.984004, 5.260392 ], [ 9.983914, 5.259994 ], [ 9.983948, 5.259623 ], [ 9.984054, 5.259365 ], [ 9.984425, 5.259172 ], [ 9.984783, 5.259015 ], [ 9.984727, 5.258719 ], [ 9.984621, 5.258094 ], [ 9.984702, 5.257933 ], [ 9.984827, 5.257685 ], [ 9.984479, 5.256942 ], [ 9.984074, 5.256078 ], [ 9.98406, 5.255985 ], [ 9.984188, 5.255056 ], [ 9.984199, 5.254973 ], [ 9.984231, 5.254998 ], [ 9.984469, 5.254793 ], [ 9.9847, 5.254754 ], [ 9.984905, 5.254869 ], [ 9.985059, 5.255357 ], [ 9.985088, 5.255469 ], [ 9.985914, 5.254714 ], [ 9.986039, 5.2546 ], [ 9.986156, 5.254594 ], [ 9.986326, 5.254585 ], [ 9.986541, 5.254954 ], [ 9.986712, 5.255393 ], [ 9.98672, 5.255658 ], [ 9.987214, 5.256043 ], [ 9.987744, 5.255578 ], [ 9.987994, 5.255358 ], [ 9.987917, 5.255041 ], [ 9.987991, 5.254389 ], [ 9.987824, 5.253915 ], [ 9.987243, 5.253412 ], [ 9.987226, 5.253382 ], [ 9.987414, 5.252235 ], [ 9.987499, 5.252236 ], [ 9.987413, 5.252055 ], [ 9.987182, 5.251568 ], [ 9.987143, 5.251335 ], [ 9.988145, 5.250792 ], [ 9.988494, 5.25047 ], [ 9.987927, 5.249851 ], [ 9.987885, 5.249732 ], [ 9.987702, 5.249208 ], [ 9.987869, 5.249156 ], [ 9.988572, 5.248937 ], [ 9.988696, 5.248661 ], [ 9.988908, 5.248186 ], [ 9.989243, 5.248343 ], [ 9.989327, 5.247598 ], [ 9.989291, 5.247387 ], [ 9.989129, 5.246439 ], [ 9.989211, 5.246068 ], [ 9.989237, 5.246003 ], [ 9.990135, 5.246007 ], [ 9.990548, 5.246507 ], [ 9.990847, 5.246888 ], [ 9.991227, 5.24686 ], [ 9.991308, 5.246288 ], [ 9.991144, 5.245499 ], [ 9.991138, 5.245468 ], [ 9.991007, 5.244709 ], [ 9.99125, 5.2443 ], [ 9.991739, 5.244327 ], [ 9.991934, 5.244472 ], [ 9.992392, 5.244816 ], [ 9.992936, 5.245251 ], [ 9.99367, 5.245413 ], [ 9.994429, 5.244622 ], [ 9.994997, 5.24326 ], [ 9.995094, 5.242526 ], [ 9.995068, 5.242205 ], [ 9.995041, 5.242164 ], [ 9.994952, 5.242028 ], [ 9.994875, 5.24191 ], [ 9.994581, 5.241847 ], [ 9.994255, 5.241958 ], [ 9.994093, 5.241942 ], [ 9.993298, 5.242052 ], [ 9.993191, 5.241836 ], [ 9.993048, 5.241802 ], [ 9.992941, 5.241455 ], [ 9.993093, 5.241302 ], [ 9.99335, 5.241207 ], [ 9.993555, 5.241065 ], [ 9.993734, 5.240846 ], [ 9.993669, 5.240525 ], [ 9.993538, 5.240321 ], [ 9.993552, 5.240104 ], [ 9.992915, 5.239321 ], [ 9.992948, 5.239155 ], [ 9.993055, 5.238633 ], [ 9.993335, 5.237442 ], [ 9.993475, 5.236722 ], [ 9.993522, 5.236479 ], [ 9.993613, 5.236355 ], [ 9.994397, 5.23529 ], [ 9.994399, 5.235287 ], [ 9.994845, 5.234711 ], [ 9.994308, 5.23381 ], [ 9.993885, 5.232569 ], [ 9.995271, 5.232957 ], [ 9.99531, 5.23297 ], [ 9.995322, 5.232908 ], [ 9.995023, 5.232241 ], [ 9.994952, 5.232081 ], [ 9.994869, 5.231896 ], [ 9.9946, 5.231863 ], [ 9.994347, 5.231638 ], [ 9.993923, 5.231134 ], [ 9.993806, 5.231038 ], [ 9.994234, 5.230655 ], [ 9.994426, 5.230546 ], [ 9.995114, 5.230155 ], [ 9.995147, 5.229944 ], [ 9.994971, 5.229373 ], [ 9.994772, 5.228938 ], [ 9.994066, 5.228192 ], [ 9.993917, 5.228059 ], [ 9.993515, 5.227714 ], [ 9.993675, 5.227357 ], [ 9.993695, 5.227252 ], [ 9.993955, 5.227094 ], [ 9.994339, 5.226849 ], [ 9.994437, 5.226702 ], [ 9.993887, 5.226293 ], [ 9.993635, 5.226081 ], [ 9.993067, 5.225602 ], [ 9.993847, 5.224917 ], [ 9.99408, 5.223908 ], [ 9.993145, 5.223795 ], [ 9.992653, 5.223146 ], [ 9.992295, 5.223014 ], [ 9.992606, 5.22256 ], [ 9.992945, 5.222068 ], [ 9.99341, 5.221712 ], [ 9.993191, 5.221407 ], [ 9.992096, 5.220829 ], [ 9.991769, 5.219931 ], [ 9.991904, 5.219277 ], [ 9.992583, 5.219297 ], [ 9.992912, 5.219167 ], [ 9.992769, 5.218647 ], [ 9.992191, 5.217911 ], [ 9.992153, 5.2176 ], [ 9.992384, 5.217484 ], [ 9.993886, 5.218182 ], [ 9.994094, 5.218316 ], [ 9.993762, 5.218016 ], [ 9.993479, 5.217516 ], [ 9.993376, 5.217092 ], [ 9.993393, 5.216688 ], [ 9.993435, 5.216491 ], [ 9.993444, 5.21645 ], [ 9.993477, 5.216296 ], [ 9.993772, 5.215898 ], [ 9.993923, 5.215844 ], [ 9.993933, 5.215832 ], [ 9.994105, 5.215694 ], [ 9.994597, 5.215304 ], [ 9.994627, 5.215244 ], [ 9.994716, 5.21455 ], [ 9.994741, 5.21448 ], [ 9.994782, 5.214369 ], [ 9.994926, 5.213969 ], [ 9.995134, 5.213899 ], [ 9.995177, 5.213815 ], [ 9.995446, 5.213609 ], [ 9.995765, 5.213441 ], [ 9.996281, 5.213444 ], [ 9.997, 5.213923 ], [ 9.997039, 5.21388 ], [ 9.997391, 5.213491 ], [ 9.997314, 5.212987 ], [ 9.996583, 5.212173 ], [ 9.996891, 5.211669 ], [ 9.9982, 5.211243 ], [ 9.998239, 5.210855 ], [ 9.997815, 5.209769 ], [ 9.998971, 5.208335 ], [ 9.999125, 5.208257 ], [ 9.999471, 5.21039 ], [ 9.999656, 5.210645 ], [ 10.000076, 5.208782 ], [ 10.000238, 5.208183 ], [ 10.000591, 5.2081 ], [ 10.000907, 5.208381 ], [ 10.001165, 5.208608 ], [ 10.001413, 5.208823 ], [ 10.00172, 5.208848 ], [ 10.001925, 5.208501 ], [ 10.001794, 5.20705 ], [ 10.001956, 5.206474 ], [ 10.002315, 5.206164 ], [ 10.002352, 5.206086 ], [ 10.002689, 5.205359 ], [ 10.003162, 5.204509 ], [ 10.003289, 5.204292 ], [ 10.00332, 5.204239 ], [ 10.003815, 5.20363 ], [ 10.004405, 5.20299 ], [ 10.004324, 5.202449 ], [ 10.004205, 5.202301 ], [ 10.004443, 5.201849 ], [ 10.004237, 5.201475 ], [ 10.004787, 5.201085 ], [ 10.004445, 5.200796 ], [ 10.004013, 5.200431 ], [ 10.00401, 5.200352 ], [ 10.004338, 5.199874 ], [ 10.005096, 5.199153 ], [ 10.005059, 5.198957 ], [ 10.004838, 5.198556 ], [ 10.004718, 5.198355 ], [ 10.004722, 5.198098 ], [ 10.005017, 5.197913 ], [ 10.005328, 5.197735 ], [ 10.005724, 5.197645 ], [ 10.006138, 5.197691 ], [ 10.006418, 5.197831 ], [ 10.006619, 5.198172 ], [ 10.00682, 5.198673 ], [ 10.006905, 5.198978 ], [ 10.007021, 5.199312 ], [ 10.007239, 5.199555 ], [ 10.007602, 5.199755 ], [ 10.007944, 5.200004 ], [ 10.008367, 5.200221 ], [ 10.00879, 5.20049 ], [ 10.009149, 5.200824 ], [ 10.009348, 5.20117 ], [ 10.009541, 5.201503 ], [ 10.009593, 5.20176 ], [ 10.009708, 5.201991 ], [ 10.009862, 5.202209 ], [ 10.010144, 5.202453 ], [ 10.010337, 5.202684 ], [ 10.010862, 5.202901 ], [ 10.011349, 5.203054 ], [ 10.011657, 5.203157 ], [ 10.012029, 5.203477 ], [ 10.012273, 5.203823 ], [ 10.012427, 5.204131 ], [ 10.012555, 5.204298 ], [ 10.01276, 5.204387 ], [ 10.014015, 5.204321 ], [ 10.01495, 5.204384 ], [ 10.01554, 5.204447 ], [ 10.015886, 5.204511 ], [ 10.016078, 5.204626 ], [ 10.016809, 5.205138 ], [ 10.017213, 5.205497 ], [ 10.017623, 5.205805 ], [ 10.018033, 5.206023 ], [ 10.018749, 5.206498 ], [ 10.019367, 5.206958 ], [ 10.019547, 5.207214 ], [ 10.019714, 5.207484 ], [ 10.019828, 5.207806 ], [ 10.020134, 5.208186 ], [ 10.020172, 5.208651 ], [ 10.020269, 5.209097 ], [ 10.020269, 5.209252 ], [ 10.020269, 5.209308 ], [ 10.020268, 5.209407 ], [ 10.020317, 5.209444 ], [ 10.020423, 5.209523 ], [ 10.020538, 5.209717 ], [ 10.020904, 5.211191 ], [ 10.020892, 5.211341 ], [ 10.020808, 5.212374 ], [ 10.020831, 5.21265 ], [ 10.020885, 5.213285 ], [ 10.021028, 5.213605 ], [ 10.02125, 5.214099 ], [ 10.021868, 5.214566 ], [ 10.022021, 5.214681 ], [ 10.022521, 5.214992 ], [ 10.02281, 5.215341 ], [ 10.022945, 5.215767 ], [ 10.02358, 5.215903 ], [ 10.02385, 5.216175 ], [ 10.024274, 5.216369 ], [ 10.023811, 5.217067 ], [ 10.024389, 5.217106 ], [ 10.024582, 5.217377 ], [ 10.024697, 5.21761 ], [ 10.025044, 5.21792 ], [ 10.025313, 5.218192 ], [ 10.02566, 5.218347 ], [ 10.026084, 5.21858 ], [ 10.02643, 5.218812 ], [ 10.026584, 5.219006 ], [ 10.026777, 5.219394 ], [ 10.02747, 5.219084 ], [ 10.028472, 5.21922 ], [ 10.029357, 5.219686 ], [ 10.029762, 5.219976 ], [ 10.030474, 5.220112 ], [ 10.03111, 5.220403 ], [ 10.031321, 5.220442 ], [ 10.031562, 5.220449 ], [ 10.031604, 5.220536 ], [ 10.031714, 5.221099 ], [ 10.031648, 5.221585 ], [ 10.031536, 5.221826 ], [ 10.031377, 5.222099 ], [ 10.031314, 5.222533 ], [ 10.03133, 5.222982 ], [ 10.031427, 5.223287 ], [ 10.031731, 5.223576 ], [ 10.031854, 5.223635 ], [ 10.032519, 5.223956 ], [ 10.03359, 5.224231 ], [ 10.034711, 5.22463 ], [ 10.036218, 5.225394 ], [ 10.037275, 5.225904 ], [ 10.037951, 5.226179 ], [ 10.038552, 5.226379 ], [ 10.039303, 5.226503 ], [ 10.040118, 5.226627 ], [ 10.040838, 5.226626 ], [ 10.041751, 5.226785 ], [ 10.042488, 5.226944 ], [ 10.042808, 5.227024 ], [ 10.043097, 5.227184 ], [ 10.04462, 5.228546 ], [ 10.044941, 5.228947 ], [ 10.045326, 5.229235 ], [ 10.047491, 5.230222 ], [ 10.048288, 5.230753 ], [ 10.048924, 5.231797 ], [ 10.049245, 5.232037 ], [ 10.04979, 5.232181 ], [ 10.050622, 5.232195 ], [ 10.051231, 5.232275 ], [ 10.051658, 5.232426 ], [ 10.051791, 5.232563 ], [ 10.051936, 5.232819 ], [ 10.052089, 5.23306 ], [ 10.05254, 5.235178 ], [ 10.052752, 5.235785 ], [ 10.052953, 5.23606 ], [ 10.053178, 5.236185 ], [ 10.053439, 5.236235 ], [ 10.053791, 5.236235 ], [ 10.054304, 5.236233 ], [ 10.054576, 5.236266 ], [ 10.054896, 5.236361 ], [ 10.055184, 5.236521 ], [ 10.056676, 5.237979 ], [ 10.057165, 5.238556 ], [ 10.057726, 5.238973 ], [ 10.058351, 5.23918 ], [ 10.058655, 5.239292 ], [ 10.058964, 5.239481 ], [ 10.059745, 5.240061 ], [ 10.060499, 5.240718 ], [ 10.060992, 5.241238 ], [ 10.061461, 5.241711 ], [ 10.062257, 5.242314 ], [ 10.062807, 5.242288 ], [ 10.063111, 5.242142 ], [ 10.063432, 5.241911 ], [ 10.063671, 5.24182 ], [ 10.063975, 5.241787 ], [ 10.064247, 5.241835 ], [ 10.065049, 5.242427 ], [ 10.065554, 5.242876 ], [ 10.06573, 5.243036 ], [ 10.065955, 5.243196 ], [ 10.066131, 5.243276 ], [ 10.066388, 5.243436 ], [ 10.06815, 5.243931 ], [ 10.069079, 5.244138 ], [ 10.070504, 5.24444 ], [ 10.070985, 5.244616 ], [ 10.071273, 5.244808 ], [ 10.071594, 5.245273 ], [ 10.071947, 5.245882 ], [ 10.072308, 5.246412 ], [ 10.072647, 5.246911 ], [ 10.07346, 5.247727 ], [ 10.074416, 5.24815 ], [ 10.075477, 5.248308 ], [ 10.077068, 5.248199 ], [ 10.078315, 5.248255 ], [ 10.079016, 5.24858 ], [ 10.079616, 5.249046 ], [ 10.080256, 5.249736 ], [ 10.080721, 5.250072 ], [ 10.081329, 5.250328 ], [ 10.082472, 5.250631 ], [ 10.084445, 5.251286 ], [ 10.085599, 5.251717 ], [ 10.085887, 5.251813 ], [ 10.086079, 5.251909 ], [ 10.086192, 5.252165 ], [ 10.086257, 5.252936 ], [ 10.086323, 5.254075 ], [ 10.086356, 5.25446 ], [ 10.086395, 5.254987 ], [ 10.086596, 5.255739 ], [ 10.086722, 5.256191 ], [ 10.086999, 5.257018 ], [ 10.08725, 5.257644 ], [ 10.087401, 5.258371 ], [ 10.087277, 5.2596 ], [ 10.087155, 5.260378 ], [ 10.086794, 5.261281 ], [ 10.086437, 5.261789 ], [ 10.086086, 5.26219 ], [ 10.08587, 5.262437 ], [ 10.085121, 5.263115 ], [ 10.084521, 5.263693 ], [ 10.084008, 5.264092 ], [ 10.083522, 5.264322 ], [ 10.082034, 5.265177 ], [ 10.080909, 5.266414 ], [ 10.080765, 5.266604 ], [ 10.080559, 5.267744 ], [ 10.080538, 5.268112 ], [ 10.080204, 5.268718 ], [ 10.079897, 5.269895 ], [ 10.079335, 5.270059 ], [ 10.07992, 5.271126 ], [ 10.079429, 5.271774 ], [ 10.078902, 5.272401 ], [ 10.078208, 5.273158 ], [ 10.077815, 5.273575 ], [ 10.077431, 5.273881 ], [ 10.077096, 5.274379 ], [ 10.076968, 5.274748 ], [ 10.076842, 5.275454 ], [ 10.076667, 5.276338 ], [ 10.076364, 5.277092 ], [ 10.075854, 5.278185 ], [ 10.075391, 5.279341 ], [ 10.074689, 5.280819 ], [ 10.074386, 5.281574 ], [ 10.074021, 5.282294 ], [ 10.073492, 5.283164 ], [ 10.073109, 5.283775 ], [ 10.072838, 5.284321 ], [ 10.072631, 5.284996 ], [ 10.0725, 5.285657 ], [ 10.072476, 5.286234 ], [ 10.072387, 5.28685 ], [ 10.072123, 5.287677 ], [ 10.071767, 5.288392 ], [ 10.071416, 5.289489 ], [ 10.07139, 5.289877 ], [ 10.071407, 5.290375 ], [ 10.071456, 5.290744 ], [ 10.071553, 5.291273 ], [ 10.071868, 5.292071 ], [ 10.07217, 5.292491 ], [ 10.072338, 5.29288 ], [ 10.072288, 5.293307 ], [ 10.072349, 5.293535 ], [ 10.072366, 5.293904 ], [ 10.072479, 5.294257 ], [ 10.072655, 5.29461 ], [ 10.072881, 5.295171 ], [ 10.072961, 5.295444 ], [ 10.072994, 5.295797 ], [ 10.072937, 5.296169 ], [ 10.072188, 5.297044 ], [ 10.071699, 5.298973 ], [ 10.071254, 5.299267 ], [ 10.070919, 5.299556 ], [ 10.070375, 5.299894 ], [ 10.070007, 5.300152 ], [ 10.06948, 5.30073 ], [ 10.069081, 5.301469 ], [ 10.068713, 5.302192 ], [ 10.068411, 5.302995 ], [ 10.068224, 5.303536 ], [ 10.06814, 5.303782 ], [ 10.067997, 5.304376 ], [ 10.068006, 5.305034 ], [ 10.068007, 5.305612 ], [ 10.068056, 5.306206 ], [ 10.068089, 5.306575 ], [ 10.068137, 5.306864 ], [ 10.068234, 5.307137 ], [ 10.068394, 5.307281 ], [ 10.068714, 5.307409 ], [ 10.069141, 5.307508 ], [ 10.069461, 5.307588 ], [ 10.069902, 5.307647 ], [ 10.070602, 5.307726 ], [ 10.070903, 5.307766 ], [ 10.071103, 5.307906 ], [ 10.071224, 5.308066 ], [ 10.071422, 5.308343 ], [ 10.071602, 5.308535 ], [ 10.071808, 5.309048 ], [ 10.071911, 5.309575 ], [ 10.071912, 5.309947 ], [ 10.071976, 5.310152 ], [ 10.07213, 5.310447 ], [ 10.072413, 5.310781 ], [ 10.072593, 5.310973 ], [ 10.072721, 5.311294 ], [ 10.072798, 5.311563 ], [ 10.072812, 5.31182 ], [ 10.072825, 5.312244 ], [ 10.072749, 5.312822 ], [ 10.07266, 5.313233 ], [ 10.072623, 5.313631 ], [ 10.072611, 5.314157 ], [ 10.072586, 5.314466 ], [ 10.072433, 5.314748 ], [ 10.072112, 5.314877 ], [ 10.071588, 5.315045 ], [ 10.07119, 5.315033 ], [ 10.070985, 5.314956 ], [ 10.070585, 5.314901 ], [ 10.070237, 5.314749 ], [ 10.069836, 5.314725 ], [ 10.069411, 5.314725 ], [ 10.069036, 5.314751 ], [ 10.068661, 5.314852 ], [ 10.068279, 5.314969 ], [ 10.067895, 5.315146 ], [ 10.067495, 5.315404 ], [ 10.067111, 5.315565 ], [ 10.066679, 5.31563 ], [ 10.066311, 5.315775 ], [ 10.065703, 5.315824 ], [ 10.06527, 5.315777 ], [ 10.064758, 5.315762 ], [ 10.064245, 5.315827 ], [ 10.063589, 5.315876 ], [ 10.062916, 5.315845 ], [ 10.062356, 5.315798 ], [ 10.061619, 5.315735 ], [ 10.060946, 5.315576 ], [ 10.060466, 5.315336 ], [ 10.060065, 5.315063 ], [ 10.059648, 5.314888 ], [ 10.059296, 5.31468 ], [ 10.058476, 5.31433 ], [ 10.057875, 5.314121 ], [ 10.057371, 5.313883 ], [ 10.057091, 5.31373 ], [ 10.056772, 5.313578 ], [ 10.05628, 5.313493 ], [ 10.055805, 5.313452 ], [ 10.055301, 5.313467 ], [ 10.054966, 5.313551 ], [ 10.054617, 5.31372 ], [ 10.054324, 5.313945 ], [ 10.054114, 5.314127 ], [ 10.053835, 5.31431 ], [ 10.053542, 5.314493 ], [ 10.05323, 5.314627 ], [ 10.052859, 5.314782 ], [ 10.052462, 5.314898 ], [ 10.051963, 5.314944 ], [ 10.051515, 5.314874 ], [ 10.050734, 5.314661 ], [ 10.049771, 5.314389 ], [ 10.049179, 5.314262 ], [ 10.048536, 5.314207 ], [ 10.048201, 5.314235 ], [ 10.047851, 5.314278 ], [ 10.04739, 5.314321 ], [ 10.047096, 5.314279 ], [ 10.046668, 5.31415 ], [ 10.046089, 5.313898 ], [ 10.045432, 5.313638 ], [ 10.044634, 5.313415 ], [ 10.043977, 5.313304 ], [ 10.043334, 5.313179 ], [ 10.043068, 5.312983 ], [ 10.042956, 5.312787 ], [ 10.042908, 5.312491 ], [ 10.042717, 5.311904 ], [ 10.042451, 5.311723 ], [ 10.042339, 5.311583 ], [ 10.042282, 5.311415 ], [ 10.042193, 5.311118 ], [ 10.042065, 5.310191 ], [ 10.041924, 5.310024 ], [ 10.041757, 5.309934 ], [ 10.041475, 5.309768 ], [ 10.041308, 5.309601 ], [ 10.041098, 5.309433 ], [ 10.04059, 5.309307 ], [ 10.040411, 5.309192 ], [ 10.040206, 5.309051 ], [ 10.040039, 5.30891 ], [ 10.039782, 5.308769 ], [ 10.038962, 5.308244 ], [ 10.038692, 5.307744 ], [ 10.038601, 5.307243 ], [ 10.038562, 5.306691 ], [ 10.038485, 5.3059 ], [ 10.03847, 5.305356 ], [ 10.038393, 5.305035 ], [ 10.038315, 5.304765 ], [ 10.038251, 5.304457 ], [ 10.038212, 5.304059 ], [ 10.038002, 5.303339 ], [ 10.037658, 5.302699 ], [ 10.037453, 5.302366 ], [ 10.036939, 5.301442 ], [ 10.036694, 5.301007 ], [ 10.036396, 5.300429 ], [ 10.036297, 5.300236 ], [ 10.036052, 5.299595 ], [ 10.035915, 5.299207 ], [ 10.035906, 5.298267 ], [ 10.035685, 5.298486 ], [ 10.035596, 5.298104 ], [ 10.035575, 5.297567 ], [ 10.035609, 5.297103 ], [ 10.035497, 5.296651 ], [ 10.035435, 5.296432 ], [ 10.035356, 5.29615 ], [ 10.035238, 5.295697 ], [ 10.035206, 5.295693 ] ] ] ] } },
{ "type": "Feature", "properties": { "tg_type": "FON.AIRE_PROTEGEE", "nom": "Ngoyla", "source_id": "9B4CD0BF-B6EE-433A-9003-1F06A125DC8C", "source": "MINFOF_WRI_ATLAS_FORESTIER_SIG_2018", "statut": "IMPORTE", "date_source": "2018-10-23", "regime_tg": "AIRE_PROTEGEE", "categorie": "aire_protegee", "desc_type": "Réserve de faune", "cat_uicn": "IV", "wdpaid": null, "statu_crea": "cree", "statu_amgt": "amenge", "date_prop": null, "date_crea": "2014-08-27", "date_amgt": "2017-01-01", "sup_adm_ha": 156672, "sup_sig_ha": 156648.0 }, "geometry": { "type": "MultiPolygon", "coordinates": [ [ [ [ 13.95682, 2.628609 ], [ 13.92994, 2.622697 ], [ 13.895477, 2.618994 ], [ 13.875504, 2.605778 ], [ 13.865513, 2.606342 ], [ 13.812506, 2.64773 ], [ 13.787961, 2.657674 ], [ 13.761523, 2.652438 ], [ 13.747662, 2.662654 ], [ 13.751862, 2.689606 ], [ 13.748925, 2.702991 ], [ 13.739234, 2.698729 ], [ 13.727564, 2.702806 ], [ 13.698475, 2.704113 ], [ 13.675945, 2.712284 ], [ 13.643304, 2.719419 ], [ 13.677109, 2.215648 ], [ 13.678758, 2.215863 ], [ 13.680661, 2.217529 ], [ 13.683279, 2.218719 ], [ 13.687205, 2.217291 ], [ 13.690655, 2.217886 ], [ 13.696247, 2.217291 ], [ 13.700649, 2.219433 ], [ 13.70371, 2.219733 ], [ 13.722899, 2.227719 ], [ 13.725157, 2.227642 ], [ 13.72837, 2.228594 ], [ 13.731463, 2.228951 ], [ 13.734812, 2.228191 ], [ 13.745179, 2.2282 ], [ 13.747405, 2.230497 ], [ 13.752878, 2.234304 ], [ 13.755258, 2.23942 ], [ 13.761206, 2.251912 ], [ 13.76656, 2.253697 ], [ 13.772866, 2.257028 ], [ 13.777268, 2.259289 ], [ 13.77984, 2.260252 ], [ 13.792466, 2.258643 ], [ 13.800315, 2.269369 ], [ 13.801194, 2.267086 ], [ 13.802622, 2.26423 ], [ 13.805834, 2.261018 ], [ 13.810712, 2.257687 ], [ 13.814793, 2.256834 ], [ 13.841768, 2.257227 ], [ 13.847951, 2.25388 ], [ 13.853899, 2.254236 ], [ 13.858658, 2.24805 ], [ 13.863655, 2.244362 ], [ 13.866986, 2.245551 ], [ 13.869128, 2.244481 ], [ 13.871745, 2.245076 ], [ 13.874006, 2.248526 ], [ 13.878646, 2.249597 ], [ 13.882096, 2.248883 ], [ 13.884594, 2.249953 ], [ 13.88745, 2.253285 ], [ 13.890662, 2.254593 ], [ 13.893041, 2.253523 ], [ 13.894826, 2.248764 ], [ 13.897562, 2.246503 ], [ 13.900299, 2.24567 ], [ 13.906247, 2.24567 ], [ 13.910649, 2.243648 ], [ 13.914813, 2.243886 ], [ 13.918621, 2.243648 ], [ 13.921952, 2.245076 ], [ 13.926354, 2.247931 ], [ 13.929213, 2.249859 ], [ 13.929147, 2.250022 ], [ 13.927824, 2.262876 ], [ 13.926997, 2.267032 ], [ 13.927353, 2.273746 ], [ 13.927828, 2.277934 ], [ 13.925354, 2.282217 ], [ 13.925735, 2.287262 ], [ 13.926401, 2.289641 ], [ 13.927638, 2.29145 ], [ 13.927828, 2.29678 ], [ 13.927067, 2.300016 ], [ 13.927828, 2.303918 ], [ 13.927423, 2.306624 ], [ 13.937441, 2.29678 ], [ 13.941667, 2.29776 ], [ 13.946864, 2.300587 ], [ 13.948101, 2.303632 ], [ 13.950195, 2.305822 ], [ 13.94991, 2.308582 ], [ 13.946674, 2.311342 ], [ 13.945532, 2.316291 ], [ 13.945912, 2.319242 ], [ 13.945646, 2.324983 ], [ 13.973121, 2.346226 ], [ 13.980993, 2.425598 ], [ 13.983229, 2.430141 ], [ 13.993176, 2.454294 ], [ 13.980791, 2.490851 ], [ 13.981984, 2.492605 ], [ 13.982841, 2.496507 ], [ 13.981984, 2.500029 ], [ 13.97989, 2.502599 ], [ 13.977035, 2.50612 ], [ 13.975528, 2.510174 ], [ 13.976241, 2.515456 ], [ 13.974243, 2.519311 ], [ 13.971673, 2.527021 ], [ 13.972672, 2.529305 ], [ 13.974528, 2.533302 ], [ 13.973246, 2.536258 ], [ 13.993626, 2.537061 ], [ 13.999279, 2.576807 ], [ 13.981537, 2.594289 ], [ 13.965503, 2.624356 ], [ 13.95682, 2.628609 ] ] ] ] } },
{ "type": "Feature", "properties": { "tg_type": "FON.AIRE_PROTEGEE", "nom": "Rumpi Hills", "source_id": "19599B02-066D-412F-93E2-581A5DFBF189", "source": "MINFOF_WRI_ATLAS_FORESTIER_SIG_2018", "statut": "IMPORTE", "date_source": "2015-11-30", "regime_tg": "AIRE_PROTEGEE", "categorie": "aire_protegee", "desc_type": "Sanctuaire de faune", "cat_uicn": "IV", "wdpaid": 20117.0, "statu_crea": "propose", "statu_amgt": "non_amenage", "date_prop": null, "date_crea": null, "date_amgt": null, "sup_adm_ha": 45675, "sup_sig_ha": 45168.0 }, "geometry": { "type": "MultiPolygon", "coordinates": [ [ [ [ 9.057246, 5.028694 ], [ 9.057196, 5.029474 ], [ 9.056368, 5.030249 ], [ 9.054996, 5.030194 ], [ 9.053897, 5.029732 ], [ 9.053212, 5.028988 ], [ 9.052372, 5.027473 ], [ 9.05085, 5.027323 ], [ 9.049477, 5.027406 ], [ 9.04847, 5.027583 ], [ 9.047049, 5.028034 ], [ 9.046774, 5.028169 ], [ 9.045582, 5.028667 ], [ 9.044345, 5.028889 ], [ 9.043158, 5.028468 ], [ 9.042362, 5.028183 ], [ 9.042303, 5.025634 ], [ 9.041983, 5.024621 ], [ 9.041952, 5.023565 ], [ 9.04178, 5.022232 ], [ 9.041659, 5.020715 ], [ 9.041577, 5.019705 ], [ 9.041546, 5.01851 ], [ 9.04132, 5.017315 ], [ 9.041199, 5.01704 ], [ 9.041062, 5.016728 ], [ 9.041037, 5.016671 ], [ 9.040119, 5.016253 ], [ 9.039194, 5.01648 ], [ 9.038468, 5.017011 ], [ 9.037641, 5.017557 ], [ 9.037062, 5.018945 ], [ 9.036992, 5.019113 ], [ 9.036766, 5.019317 ], [ 9.035994, 5.020012 ], [ 9.03598, 5.020025 ], [ 9.035156, 5.020158 ], [ 9.034421, 5.020657 ], [ 9.034115, 5.020864 ], [ 9.033411, 5.021339 ], [ 9.032082, 5.021744 ], [ 9.031392, 5.022291 ], [ 9.031067, 5.023115 ], [ 9.031025, 5.023238 ], [ 9.030695, 5.024214 ], [ 9.030496, 5.024287 ], [ 9.029961, 5.024485 ], [ 9.028356, 5.025301 ], [ 9.027711, 5.025939 ], [ 9.026885, 5.026439 ], [ 9.026106, 5.026618 ], [ 9.025192, 5.026474 ], [ 9.024415, 5.026378 ], [ 9.02286, 5.026368 ], [ 9.022035, 5.026638 ], [ 9.021301, 5.026954 ], [ 9.019655, 5.026806 ], [ 9.018741, 5.026663 ], [ 9.017141, 5.026562 ], [ 9.016362, 5.026648 ], [ 9.0154, 5.026964 ], [ 9.014711, 5.027372 ], [ 9.013978, 5.027597 ], [ 9.0132, 5.027684 ], [ 9.012149, 5.027356 ], [ 9.011283, 5.026938 ], [ 9.010144, 5.02615 ], [ 9.009095, 5.025547 ], [ 9.007716, 5.024541 ], [ 9.007115, 5.024573 ], [ 9.006719, 5.024707 ], [ 9.006045, 5.024936 ], [ 9.004138, 5.024744 ], [ 9.003487, 5.024696 ], [ 9.003152, 5.024694 ], [ 9.002652, 5.024692 ], [ 9.001261, 5.024824 ], [ 9.000381, 5.024867 ], [ 8.999733, 5.025002 ], [ 8.998577, 5.025226 ], [ 8.997745, 5.025361 ], [ 8.996913, 5.025219 ], [ 8.996233, 5.024939 ], [ 8.996126, 5.024895 ], [ 8.995432, 5.024662 ], [ 8.994923, 5.024247 ], [ 8.994551, 5.023556 ], [ 8.994359, 5.022706 ], [ 8.99427, 5.022315 ], [ 8.993705, 5.021723 ], [ 8.993345, 5.021346 ], [ 8.99196, 5.020468 ], [ 8.991085, 5.020602 ], [ 8.990348, 5.020691 ], [ 8.989014, 5.020409 ], [ 8.988886, 5.020379 ], [ 8.988047, 5.020175 ], [ 8.987172, 5.019804 ], [ 8.985748, 5.019798 ], [ 8.985362, 5.019874 ], [ 8.985059, 5.019933 ], [ 8.984094, 5.019791 ], [ 8.983504, 5.019607 ], [ 8.983497, 5.019605 ], [ 8.983498, 5.019499 ], [ 8.983658, 5.00068 ], [ 8.983655, 5.00032 ], [ 8.983655, 5.000245 ], [ 8.983658, 5.000245 ], [ 8.983632, 4.998861 ], [ 8.983651, 4.975661 ], [ 8.975203, 4.974857 ], [ 8.97391, 4.976312 ], [ 8.972159, 4.977733 ], [ 8.971417, 4.979221 ], [ 8.96935, 4.978996 ], [ 8.968188, 4.980173 ], [ 8.966608, 4.981085 ], [ 8.964947, 4.982457 ], [ 8.963242, 4.983923 ], [ 8.962601, 4.984365 ], [ 8.961305, 4.985257 ], [ 8.961042, 4.985258 ], [ 8.959106, 4.985265 ], [ 8.957216, 4.98476 ], [ 8.955729, 4.983923 ], [ 8.954086, 4.984147 ], [ 8.952085, 4.984747 ], [ 8.95005, 4.985807 ], [ 8.949675, 4.987332 ], [ 8.949987, 4.988841 ], [ 8.948283, 4.990352 ], [ 8.945684, 4.99083 ], [ 8.943967, 4.990346 ], [ 8.943127, 4.990405 ], [ 8.942928, 4.990104 ], [ 8.942528, 4.989678 ], [ 8.942203, 4.989427 ], [ 8.941628, 4.988901 ], [ 8.941053, 4.988425 ], [ 8.940854, 4.988249 ], [ 8.940529, 4.988099 ], [ 8.939604, 4.987623 ], [ 8.939329, 4.987522 ], [ 8.938954, 4.987497 ], [ 8.93833, 4.987422 ], [ 8.938768, 4.985172 ], [ 8.939412, 4.983585 ], [ 8.940339, 4.982185 ], [ 8.941567, 4.97995 ], [ 8.942652, 4.977535 ], [ 8.943303, 4.976049 ], [ 8.943406, 4.97283 ], [ 8.943085, 4.970954 ], [ 8.943132, 4.969161 ], [ 8.943045, 4.967509 ], [ 8.942896, 4.96517 ], [ 8.942972, 4.962687 ], [ 8.943058, 4.960618 ], [ 8.943137, 4.958273 ], [ 8.943398, 4.955878 ], [ 8.943933, 4.95343 ], [ 8.928091, 4.955562 ], [ 8.927458, 4.954061 ], [ 8.927229, 4.952229 ], [ 8.927072, 4.949569 ], [ 8.927615, 4.947442 ], [ 8.928151, 4.94504 ], [ 8.927839, 4.943531 ], [ 8.926852, 4.940661 ], [ 8.926346, 4.938744 ], [ 8.925704, 4.936876 ], [ 8.924829, 4.93483 ], [ 8.923558, 4.933437 ], [ 8.920586, 4.933647 ], [ 8.918351, 4.934023 ], [ 8.916774, 4.932367 ], [ 8.916469, 4.932047 ], [ 8.914918, 4.930431 ], [ 8.912433, 4.929986 ], [ 8.910052, 4.929998 ], [ 8.907671, 4.928219 ], [ 8.906052, 4.92593 ], [ 8.904692, 4.924432 ], [ 8.902701, 4.923561 ], [ 8.90127, 4.923917 ], [ 8.900652, 4.92407 ], [ 8.899376, 4.924396 ], [ 8.900197, 4.923265 ], [ 8.901621, 4.922591 ], [ 8.902578, 4.922923 ], [ 8.903264, 4.923068 ], [ 8.90404, 4.923167 ], [ 8.905002, 4.922993 ], [ 8.90606, 4.922315 ], [ 8.907119, 4.921729 ], [ 8.907988, 4.921738 ], [ 8.909083, 4.922025 ], [ 8.909956, 4.921529 ], [ 8.910373, 4.920936 ], [ 8.911285, 4.921267 ], [ 8.911551, 4.922097 ], [ 8.911905, 4.923433 ], [ 8.912755, 4.925324 ], [ 8.913708, 4.92607 ], [ 8.914623, 4.92617 ], [ 8.915814, 4.925999 ], [ 8.916869, 4.925689 ], [ 8.916739, 4.924861 ], [ 8.916426, 4.924122 ], [ 8.916891, 4.923301 ], [ 8.917754, 4.923999 ], [ 8.918752, 4.924836 ], [ 8.919435, 4.925118 ], [ 8.920305, 4.925081 ], [ 8.920993, 4.924951 ], [ 8.921683, 4.924499 ], [ 8.922378, 4.923588 ], [ 8.923026, 4.922767 ], [ 8.923897, 4.922546 ], [ 8.924761, 4.923014 ], [ 8.92516, 4.924351 ], [ 8.925151, 4.925315 ], [ 8.925232, 4.926418 ], [ 8.925267, 4.927521 ], [ 8.925213, 4.928439 ], [ 8.925566, 4.929775 ], [ 8.926016, 4.930514 ], [ 8.927158, 4.930755 ], [ 8.928121, 4.930445 ], [ 8.929403, 4.930273 ], [ 8.930457, 4.930193 ], [ 8.931371, 4.930202 ], [ 8.932242, 4.929981 ], [ 8.932932, 4.929622 ], [ 8.933847, 4.929493 ], [ 8.934759, 4.92987 ], [ 8.935531, 4.930429 ], [ 8.93621, 4.931171 ], [ 8.936477, 4.931954 ], [ 8.93688, 4.932877 ], [ 8.937325, 4.934121 ], [ 8.937725, 4.935366 ], [ 8.937946, 4.936149 ], [ 8.939614, 4.938785 ], [ 8.940702, 4.939852 ], [ 8.941244, 4.940546 ], [ 8.941832, 4.941241 ], [ 8.942602, 4.94203 ], [ 8.94365, 4.942409 ], [ 8.944337, 4.942278 ], [ 8.945625, 4.941602 ], [ 8.946315, 4.941196 ], [ 8.947097, 4.940745 ], [ 8.947785, 4.940522 ], [ 8.94892, 4.932819 ], [ 8.950372, 4.932278 ], [ 8.951749, 4.930545 ], [ 8.952333, 4.928233 ], [ 8.953532, 4.928525 ], [ 8.955247, 4.929357 ], [ 8.958009, 4.929886 ], [ 8.960636, 4.930558 ], [ 8.962293, 4.930884 ], [ 8.965182, 4.930998 ], [ 8.967829, 4.930612 ], [ 8.97079, 4.929942 ], [ 8.972293, 4.929584 ], [ 8.974837, 4.92874 ], [ 8.977562, 4.927801 ], [ 8.980065, 4.927142 ], [ 8.98285, 4.926753 ], [ 8.984855, 4.926336 ], [ 8.986783, 4.926519 ], [ 8.990347, 4.926156 ], [ 8.991999, 4.926254 ], [ 8.993697, 4.926396 ], [ 8.995394, 4.926492 ], [ 8.996228, 4.926585 ], [ 8.996527, 4.926619 ], [ 8.997415, 4.926719 ], [ 8.999477, 4.926714 ], [ 9.002714, 4.926129 ], [ 9.003413, 4.925757 ], [ 9.004523, 4.925166 ], [ 9.006594, 4.923737 ], [ 9.010222, 4.923996 ], [ 9.011096, 4.924908 ], [ 9.011711, 4.925269 ], [ 9.012115, 4.925527 ], [ 9.012659, 4.925875 ], [ 9.013436, 4.925875 ], [ 9.013953, 4.925875 ], [ 9.014902, 4.925442 ], [ 9.015937, 4.924749 ], [ 9.016886, 4.92449 ], [ 9.017749, 4.924317 ], [ 9.018784, 4.923971 ], [ 9.019733, 4.923192 ], [ 9.020251, 4.923106 ], [ 9.021286, 4.92224 ], [ 9.022062, 4.921548 ], [ 9.022487, 4.921165 ], [ 9.022925, 4.920769 ], [ 9.023874, 4.920423 ], [ 9.024335, 4.920469 ], [ 9.024737, 4.920509 ], [ 9.025513, 4.920942 ], [ 9.026203, 4.921374 ], [ 9.027066, 4.92172 ], [ 9.02767, 4.921893 ], [ 9.028619, 4.921547 ], [ 9.029481, 4.920942 ], [ 9.030516, 4.92025 ], [ 9.031206, 4.919297 ], [ 9.031724, 4.918346 ], [ 9.032242, 4.917653 ], [ 9.032759, 4.917221 ], [ 9.033351, 4.917136 ], [ 9.033363, 4.917134 ], [ 9.034226, 4.917567 ], [ 9.034657, 4.918518 ], [ 9.035347, 4.919297 ], [ 9.035606, 4.91999 ], [ 9.035951, 4.921201 ], [ 9.036555, 4.922326 ], [ 9.037245, 4.923537 ], [ 9.037388, 4.923884 ], [ 9.037849, 4.925008 ], [ 9.038281, 4.925614 ], [ 9.038351, 4.92572 ], [ 9.038798, 4.926393 ], [ 9.039143, 4.92795 ], [ 9.038926, 4.928603 ], [ 9.038885, 4.928729 ], [ 9.038195, 4.929595 ], [ 9.037936, 4.9302 ], [ 9.037418, 4.930546 ], [ 9.037073, 4.930979 ], [ 9.036901, 4.931758 ], [ 9.036821, 4.932237 ], [ 9.036814, 4.932277 ], [ 9.037006, 4.932711 ], [ 9.037159, 4.933056 ], [ 9.038022, 4.933835 ], [ 9.038712, 4.934181 ], [ 9.040006, 4.934613 ], [ 9.041387, 4.934872 ], [ 9.043198, 4.934959 ], [ 9.044579, 4.934959 ], [ 9.045959, 4.934959 ], [ 9.047339, 4.934959 ], [ 9.048374, 4.935046 ], [ 9.049755, 4.935132 ], [ 9.049913, 4.935132 ], [ 9.0501, 4.935132 ], [ 9.050182, 4.934869 ], [ 9.052, 4.936388 ], [ 9.052076, 4.936451 ], [ 9.052291, 4.936563 ], [ 9.052453, 4.936647 ], [ 9.053933, 4.937416 ], [ 9.056413, 4.937677 ], [ 9.05817, 4.938322 ], [ 9.060605, 4.93863 ], [ 9.062123, 4.938869 ], [ 9.063685, 4.93906 ], [ 9.066532, 4.939357 ], [ 9.068734, 4.939487 ], [ 9.06969, 4.93877 ], [ 9.070329, 4.938291 ], [ 9.070443, 4.938205 ], [ 9.071572, 4.935697 ], [ 9.072409, 4.93439 ], [ 9.074243, 4.933367 ], [ 9.075165, 4.932852 ], [ 9.075679, 4.932886 ], [ 9.075727, 4.932889 ], [ 9.076679, 4.932952 ], [ 9.077267, 4.933127 ], [ 9.07954, 4.933801 ], [ 9.081716, 4.934712 ], [ 9.082663, 4.935929 ], [ 9.083791, 4.936763 ], [ 9.08451, 4.937294 ], [ 9.084529, 4.937308 ], [ 9.085688, 4.935993 ], [ 9.086385, 4.934552 ], [ 9.087473, 4.932274 ], [ 9.088779, 4.929577 ], [ 9.089133, 4.928047 ], [ 9.089402, 4.926882 ], [ 9.089441, 4.926712 ], [ 9.089401, 4.925836 ], [ 9.089338, 4.924417 ], [ 9.089305, 4.923117 ], [ 9.089294, 4.922673 ], [ 9.08951, 4.920325 ], [ 9.089418, 4.918443 ], [ 9.089927, 4.914985 ], [ 9.091402, 4.911687 ], [ 9.095672, 4.911339 ], [ 9.103605, 4.910693 ], [ 9.104338, 4.910634 ], [ 9.104411, 4.913526 ], [ 9.104293, 4.916148 ], [ 9.104335, 4.917846 ], [ 9.104672, 4.920319 ], [ 9.106133, 4.921936 ], [ 9.107081, 4.9232 ], [ 9.107953, 4.925108 ], [ 9.109388, 4.925716 ], [ 9.111043, 4.925951 ], [ 9.113023, 4.926361 ], [ 9.113836, 4.927765 ], [ 9.115057, 4.92893 ], [ 9.117332, 4.928323 ], [ 9.11901, 4.927638 ], [ 9.120644, 4.927046 ], [ 9.121483, 4.925785 ], [ 9.122403, 4.924108 ], [ 9.122783, 4.921021 ], [ 9.123296, 4.919538 ], [ 9.124247, 4.917264 ], [ 9.125763, 4.915619 ], [ 9.127289, 4.914387 ], [ 9.129027, 4.912415 ], [ 9.12859, 4.909622 ], [ 9.126999, 4.908284 ], [ 9.12604, 4.906561 ], [ 9.126122, 4.904354 ], [ 9.126304, 4.902466 ], [ 9.127486, 4.900277 ], [ 9.128409, 4.898738 ], [ 9.129386, 4.89752 ], [ 9.131074, 4.895411 ], [ 9.130566, 4.893403 ], [ 9.129728, 4.891034 ], [ 9.128884, 4.888436 ], [ 9.13033, 4.88762 ], [ 9.132711, 4.887607 ], [ 9.134757, 4.888843 ], [ 9.136095, 4.891061 ], [ 9.138079, 4.893447 ], [ 9.139773, 4.893405 ], [ 9.141701, 4.891749 ], [ 9.143233, 4.890747 ], [ 9.145183, 4.889963 ], [ 9.144956, 4.888223 ], [ 9.144301, 4.885851 ], [ 9.144096, 4.883145 ], [ 9.143014, 4.882023 ], [ 9.141365, 4.88018 ], [ 9.14041, 4.878641 ], [ 9.138683, 4.877352 ], [ 9.136834, 4.874825 ], [ 9.13437, 4.87337 ], [ 9.132054, 4.872325 ], [ 9.130689, 4.870888 ], [ 9.130037, 4.868607 ], [ 9.129668, 4.866686 ], [ 9.129764, 4.86503 ], [ 9.129848, 4.862915 ], [ 9.13011, 4.860565 ], [ 9.130117, 4.859003 ], [ 9.129455, 4.856355 ], [ 9.128915, 4.854898 ], [ 9.128606, 4.851736 ], [ 9.126926, 4.848653 ], [ 9.127708, 4.846934 ], [ 9.129302, 4.846573 ], [ 9.130906, 4.846626 ], [ 9.133528, 4.847066 ], [ 9.135183, 4.847347 ], [ 9.136533, 4.848186 ], [ 9.137979, 4.849254 ], [ 9.140406, 4.851032 ], [ 9.141848, 4.851914 ], [ 9.143067, 4.853079 ], [ 9.14434, 4.854518 ], [ 9.146132, 4.854749 ], [ 9.148018, 4.853232 ], [ 9.150207, 4.851019 ], [ 9.15212, 4.850604 ], [ 9.154059, 4.8512 ], [ 9.156462, 4.852059 ], [ 9.15799, 4.85271 ], [ 9.159611, 4.853451 ], [ 9.161373, 4.854281 ], [ 9.163275, 4.855245 ], [ 9.165814, 4.856054 ], [ 9.168369, 4.855669 ], [ 9.170349, 4.854243 ], [ 9.170128, 4.852732 ], [ 9.168713, 4.851113 ], [ 9.166815, 4.850288 ], [ 9.164604, 4.84979 ], [ 9.16262, 4.849242 ], [ 9.16135, 4.847895 ], [ 9.16001, 4.845586 ], [ 9.158231, 4.844067 ], [ 9.156416, 4.842917 ], [ 9.15523, 4.841293 ], [ 9.154163, 4.83893 ], [ 9.152603, 4.836993 ], [ 9.152703, 4.836781 ], [ 9.139462, 4.829286 ], [ 9.133015, 4.822913 ], [ 9.130424, 4.821875 ], [ 9.128144, 4.822299 ], [ 9.126086, 4.822395 ], [ 9.124302, 4.822485 ], [ 9.12331, 4.819477 ], [ 9.122589, 4.818071 ], [ 9.121771, 4.816529 ], [ 9.120349, 4.814589 ], [ 9.119171, 4.813286 ], [ 9.117911, 4.812352 ], [ 9.115803, 4.812312 ], [ 9.113651, 4.814156 ], [ 9.111395, 4.815498 ], [ 9.10912, 4.816106 ], [ 9.107183, 4.817394 ], [ 9.105209, 4.819051 ], [ 9.102653, 4.819389 ], [ 9.10016, 4.818623 ], [ 9.098689, 4.816546 ], [ 9.097552, 4.815058 ], [ 9.095608, 4.812396 ], [ 9.094413, 4.810404 ], [ 9.093963, 4.808899 ], [ 9.093438, 4.806201 ], [ 9.09287, 4.803642 ], [ 9.09269, 4.801901 ], [ 9.092184, 4.79877 ], [ 9.091716, 4.799193 ], [ 9.091208, 4.79974 ], [ 9.090289, 4.800234 ], [ 9.089326, 4.800455 ], [ 9.088365, 4.800537 ], [ 9.087453, 4.800252 ], [ 9.086588, 4.799831 ], [ 9.085133, 4.798897 ], [ 9.084453, 4.798339 ], [ 9.083635, 4.797733 ], [ 9.082955, 4.797221 ], [ 9.082364, 4.796756 ], [ 9.081593, 4.796013 ], [ 9.081004, 4.795456 ], [ 9.080228, 4.795311 ], [ 9.079081, 4.795712 ], [ 9.078026, 4.796068 ], [ 9.077246, 4.796337 ], [ 9.076379, 4.796098 ], [ 9.075468, 4.795768 ], [ 9.074602, 4.79539 ], [ 9.072551, 4.79459 ], [ 9.069722, 4.794011 ], [ 9.068852, 4.794139 ], [ 9.067616, 4.794264 ], [ 9.066379, 4.794481 ], [ 9.065555, 4.794611 ], [ 9.064639, 4.794694 ], [ 9.063862, 4.794685 ], [ 9.063132, 4.794494 ], [ 9.062402, 4.794349 ], [ 9.061492, 4.793881 ], [ 9.060032, 4.793452 ], [ 9.059433, 4.793952 ], [ 9.058186, 4.795225 ], [ 9.057632, 4.795862 ], [ 9.056891, 4.796774 ], [ 9.055973, 4.797177 ], [ 9.055286, 4.797263 ], [ 9.0546, 4.797393 ], [ 9.054001, 4.797801 ], [ 9.05372, 4.798487 ], [ 9.054031, 4.7995 ], [ 9.053795, 4.800187 ], [ 9.053606, 4.80092 ], [ 9.05346, 4.801883 ], [ 9.053406, 4.802755 ], [ 9.053442, 4.803857 ], [ 9.053295, 4.804821 ], [ 9.052471, 4.804904 ], [ 9.051884, 4.804163 ], [ 9.051524, 4.803471 ], [ 9.050889, 4.802959 ], [ 9.050468, 4.803919 ], [ 9.050504, 4.804931 ], [ 9.050723, 4.805989 ], [ 9.050807, 4.80677 ], [ 9.050707, 4.807688 ], [ 9.050426, 4.80842 ], [ 9.050096, 4.80952 ], [ 9.049494, 4.810294 ], [ 9.048752, 4.811343 ], [ 9.048242, 4.812164 ], [ 9.04714, 4.812612 ], [ 9.04609, 4.812418 ], [ 9.045501, 4.81186 ], [ 9.044727, 4.811486 ], [ 9.043489, 4.811841 ], [ 9.042612, 4.812658 ], [ 9.042059, 4.813203 ], [ 9.041139, 4.813745 ], [ 9.040503, 4.813142 ], [ 9.040283, 4.812267 ], [ 9.039788, 4.811481 ], [ 9.038969, 4.811013 ], [ 9.038332, 4.810731 ], [ 9.037507, 4.81086 ], [ 9.036546, 4.810943 ], [ 9.035587, 4.810749 ], [ 9.034905, 4.810376 ], [ 9.034036, 4.81032 ], [ 9.033344, 4.811003 ], [ 9.032333, 4.811589 ], [ 9.03151, 4.811534 ], [ 9.030548, 4.811709 ], [ 9.029769, 4.811747 ], [ 9.029035, 4.81206 ], [ 9.028755, 4.812701 ], [ 9.028337, 4.813385 ], [ 9.028101, 4.814164 ], [ 9.027365, 4.814615 ], [ 9.026404, 4.814698 ], [ 9.0254, 4.814504 ], [ 9.024531, 4.814495 ], [ 9.023751, 4.814717 ], [ 9.023658, 4.8149 ], [ 9.020261, 4.816068 ], [ 9.019989, 4.816482 ], [ 9.019446, 4.817494 ], [ 9.018945, 4.818047 ], [ 9.018308, 4.818647 ], [ 9.017487, 4.819065 ], [ 9.016984, 4.819113 ], [ 9.016526, 4.81907 ], [ 9.015793, 4.818845 ], [ 9.015059, 4.818482 ], [ 9.014321, 4.817386 ], [ 9.013539, 4.816427 ], [ 9.012939, 4.815513 ], [ 9.012431, 4.814599 ], [ 9.011785, 4.813685 ], [ 9.011782, 4.813043 ], [ 9.011595, 4.812173 ], [ 9.011406, 4.811119 ], [ 9.011218, 4.810249 ], [ 9.010799, 4.808783 ], [ 9.010794, 4.807866 ], [ 9.010929, 4.807361 ], [ 9.010879, 4.806673 ], [ 9.010784, 4.80594 ], [ 9.010734, 4.805298 ], [ 9.010777, 4.804701 ], [ 9.010591, 4.804152 ], [ 9.010314, 4.803603 ], [ 9.00976, 4.802735 ], [ 9.009346, 4.802233 ], [ 9.008703, 4.801824 ], [ 9.008151, 4.801322 ], [ 9.007919, 4.80059 ], [ 9.007462, 4.800684 ], [ 9.006776, 4.80078 ], [ 9.00577, 4.800831 ], [ 9.005083, 4.80056 ], [ 9.003258, 4.796883 ], [ 9.002484, 4.795202 ], [ 8.999708, 4.792238 ], [ 8.998747, 4.790424 ], [ 8.997572, 4.785537 ], [ 8.997592, 4.782642 ], [ 8.997919, 4.781072 ], [ 8.99571, 4.78062 ], [ 8.994066, 4.780844 ], [ 8.989938, 4.767668 ], [ 8.990765, 4.765948 ], [ 8.992169, 4.765316 ], [ 8.993564, 4.764318 ], [ 8.994897, 4.762677 ], [ 8.996487, 4.760295 ], [ 8.997542, 4.758524 ], [ 8.998377, 4.757079 ], [ 9.000074, 4.755338 ], [ 9.002646, 4.753804 ], [ 9.005666, 4.753731 ], [ 9.021767, 4.756644 ], [ 9.024516, 4.756715 ], [ 9.023816, 4.754343 ], [ 9.02272, 4.752624 ], [ 9.021613, 4.750446 ], [ 9.01999, 4.749659 ], [ 9.017953, 4.748744 ], [ 9.016082, 4.747182 ], [ 9.015, 4.746013 ], [ 9.013477, 4.743708 ], [ 9.011328, 4.742015 ], [ 9.009896, 4.741499 ], [ 9.013821, 4.722566 ], [ 9.026529, 4.708988 ], [ 9.027258, 4.70902 ], [ 9.028172, 4.709076 ], [ 9.029133, 4.708994 ], [ 9.030095, 4.708728 ], [ 9.032608, 4.708937 ], [ 9.03343, 4.709175 ], [ 9.0348, 4.709327 ], [ 9.036031, 4.709615 ], [ 9.036671, 4.709805 ], [ 9.037811, 4.710093 ], [ 9.038631, 4.710285 ], [ 9.039407, 4.710523 ], [ 9.040227, 4.710807 ], [ 9.040956, 4.711043 ], [ 9.041778, 4.711281 ], [ 9.042458, 4.71184 ], [ 9.043, 4.712534 ], [ 9.043084, 4.713315 ], [ 9.042622, 4.713862 ], [ 9.04207, 4.714178 ], [ 9.041292, 4.714354 ], [ 9.040784, 4.714854 ], [ 9.040412, 4.715493 ], [ 9.040678, 4.716414 ], [ 9.041315, 4.716696 ], [ 9.042001, 4.716704 ], [ 9.042821, 4.716987 ], [ 9.043414, 4.717223 ], [ 9.044049, 4.717826 ], [ 9.04427, 4.718518 ], [ 9.044537, 4.719301 ], [ 9.04485, 4.720039 ], [ 9.045303, 4.720595 ], [ 9.046075, 4.721108 ], [ 9.046849, 4.721576 ], [ 9.047441, 4.721765 ], [ 9.048307, 4.722096 ], [ 9.048852, 4.722422 ], [ 9.050306, 4.723448 ], [ 9.050666, 4.723956 ], [ 9.050842, 4.724693 ], [ 9.050563, 4.725288 ], [ 9.050327, 4.72602 ], [ 9.050136, 4.726891 ], [ 9.05008, 4.727993 ], [ 9.050255, 4.728867 ], [ 9.050983, 4.729242 ], [ 9.051895, 4.729572 ], [ 9.05253, 4.73013 ], [ 9.053119, 4.730733 ], [ 9.05357, 4.731336 ], [ 9.054344, 4.731665 ], [ 9.05512, 4.731902 ], [ 9.056032, 4.732095 ], [ 9.056718, 4.732102 ], [ 9.057497, 4.731926 ], [ 9.058095, 4.731519 ], [ 9.058556, 4.73111 ], [ 9.059067, 4.730334 ], [ 9.06003, 4.729977 ], [ 9.060716, 4.729938 ], [ 9.061583, 4.730131 ], [ 9.062766, 4.732171 ], [ 9.063226, 4.732764 ], [ 9.063687, 4.733358 ], [ 9.063966, 4.734182 ], [ 9.064014, 4.734686 ], [ 9.063883, 4.735787 ], [ 9.063703, 4.736339 ], [ 9.063524, 4.737166 ], [ 9.063483, 4.738037 ], [ 9.063856, 4.739273 ], [ 9.064681, 4.739636 ], [ 9.065185, 4.739816 ], [ 9.065918, 4.740087 ], [ 9.066377, 4.740268 ], [ 9.066836, 4.740632 ], [ 9.067433, 4.740995 ], [ 9.068261, 4.741908 ], [ 9.069103, 4.742607 ], [ 9.068493, 4.744254 ], [ 9.068028, 4.745168 ], [ 9.067698, 4.74613 ], [ 9.067739, 4.746774 ], [ 9.068007, 4.747419 ], [ 9.068549, 4.74816 ], [ 9.069048, 4.748532 ], [ 9.069729, 4.749044 ], [ 9.070547, 4.749558 ], [ 9.071501, 4.750257 ], [ 9.072276, 4.75054 ], [ 9.073004, 4.75096 ], [ 9.073824, 4.751291 ], [ 9.074645, 4.751437 ], [ 9.075829, 4.752046 ], [ 9.077466, 4.753027 ], [ 9.07874, 4.753636 ], [ 9.079377, 4.754056 ], [ 9.080104, 4.754615 ], [ 9.080924, 4.754852 ], [ 9.081564, 4.754859 ], [ 9.082388, 4.754822 ], [ 9.083488, 4.754557 ], [ 9.08413, 4.75438 ], [ 9.085551, 4.754027 ], [ 9.086924, 4.753811 ], [ 9.08761, 4.753773 ], [ 9.088341, 4.753963 ], [ 9.089159, 4.754385 ], [ 9.089932, 4.754899 ], [ 9.090661, 4.755272 ], [ 9.091343, 4.755555 ], [ 9.09212, 4.755609 ], [ 9.092943, 4.755663 ], [ 9.09372, 4.755717 ], [ 9.094265, 4.75609 ], [ 9.094855, 4.756601 ], [ 9.095397, 4.757295 ], [ 9.096356, 4.757489 ], [ 9.097043, 4.757312 ], [ 9.098052, 4.757093 ], [ 9.098783, 4.757146 ], [ 9.099145, 4.757425 ], [ 9.099552, 4.758073 ], [ 9.099913, 4.758581 ], [ 9.100273, 4.759136 ], [ 9.10063, 4.760059 ], [ 9.100852, 4.760887 ], [ 9.101208, 4.761809 ], [ 9.101472, 4.76296 ], [ 9.101465, 4.763833 ], [ 9.101458, 4.764521 ], [ 9.101451, 4.765256 ], [ 9.101886, 4.767603 ], [ 9.102659, 4.768208 ], [ 9.103298, 4.768353 ], [ 9.103983, 4.768405 ], [ 9.104668, 4.768459 ], [ 9.105767, 4.768377 ], [ 9.107143, 4.767931 ], [ 9.10815, 4.767804 ], [ 9.108925, 4.768042 ], [ 9.10965, 4.768784 ], [ 9.110102, 4.769247 ], [ 9.110964, 4.769946 ], [ 9.111601, 4.770364 ], [ 9.112331, 4.770602 ], [ 9.11324, 4.771163 ], [ 9.114013, 4.771721 ], [ 9.114784, 4.772372 ], [ 9.115237, 4.772836 ], [ 9.116099, 4.77358 ], [ 9.116552, 4.774044 ], [ 9.117051, 4.774507 ], [ 9.117959, 4.775161 ], [ 9.11905, 4.775814 ], [ 9.120098, 4.776238 ], [ 9.121376, 4.776572 ], [ 9.122289, 4.776718 ], [ 9.123065, 4.776819 ], [ 9.12375, 4.776964 ], [ 9.124755, 4.777019 ], [ 9.125442, 4.776934 ], [ 9.126404, 4.776807 ], [ 9.127411, 4.776586 ], [ 9.128511, 4.776368 ], [ 9.13011, 4.776523 ], [ 9.131114, 4.776762 ], [ 9.131752, 4.776952 ], [ 9.13271, 4.77733 ], [ 9.133711, 4.777845 ], [ 9.134437, 4.778449 ], [ 9.13539, 4.779193 ], [ 9.136025, 4.779706 ], [ 9.136572, 4.780032 ], [ 9.138028, 4.780735 ], [ 9.139076, 4.781205 ], [ 9.140125, 4.781492 ], [ 9.140809, 4.781682 ], [ 9.141447, 4.781918 ], [ 9.142588, 4.782205 ], [ 9.143363, 4.782396 ], [ 9.144641, 4.782685 ], [ 9.1456, 4.782832 ], [ 9.146284, 4.782977 ], [ 9.146969, 4.783076 ], [ 9.147655, 4.783175 ], [ 9.148751, 4.783369 ], [ 9.149481, 4.783468 ], [ 9.150669, 4.783618 ], [ 9.151902, 4.783768 ], [ 9.152541, 4.783912 ], [ 9.152933, 4.78397 ], [ 9.153292, 4.784068 ], [ 9.150709, 4.785172 ], [ 9.128853, 4.797564 ], [ 9.159822, 4.810721 ], [ 9.162596, 4.811778 ], [ 9.163577, 4.811626 ], [ 9.165541, 4.810488 ], [ 9.167578, 4.809518 ], [ 9.170865, 4.807278 ], [ 9.172589, 4.806638 ], [ 9.174344, 4.807192 ], [ 9.175833, 4.808165 ], [ 9.178892, 4.809606 ], [ 9.181367, 4.809683 ], [ 9.183966, 4.811043 ], [ 9.18708, 4.811011 ], [ 9.189254, 4.810039 ], [ 9.191792, 4.808965 ], [ 9.192564, 4.810554 ], [ 9.191852, 4.812344 ], [ 9.190273, 4.814149 ], [ 9.189034, 4.815878 ], [ 9.187239, 4.817347 ], [ 9.184749, 4.818512 ], [ 9.182875, 4.81865 ], [ 9.18025, 4.818071 ], [ 9.177838, 4.818683 ], [ 9.176323, 4.820374 ], [ 9.174849, 4.82188 ], [ 9.171672, 4.823016 ], [ 9.168791, 4.823179 ], [ 9.167046, 4.82483 ], [ 9.165965, 4.827384 ], [ 9.165227, 4.829009 ], [ 9.164715, 4.830492 ], [ 9.163994, 4.832807 ], [ 9.165032, 4.834022 ], [ 9.167057, 4.834385 ], [ 9.168946, 4.834844 ], [ 9.170694, 4.83696 ], [ 9.172397, 4.837285 ], [ 9.173887, 4.838259 ], [ 9.175714, 4.838076 ], [ 9.178302, 4.837185 ], [ 9.179935, 4.836547 ], [ 9.182446, 4.83621 ], [ 9.185114, 4.836695 ], [ 9.187867, 4.836903 ], [ 9.190233, 4.838084 ], [ 9.191542, 4.839155 ], [ 9.193605, 4.841033 ], [ 9.19575, 4.842543 ], [ 9.19816, 4.843677 ], [ 9.19954, 4.845756 ], [ 9.199773, 4.847726 ], [ 9.199721, 4.84929 ], [ 9.200203, 4.85208 ], [ 9.201207, 4.853755 ], [ 9.203654, 4.856358 ], [ 9.205421, 4.857418 ], [ 9.212538, 4.861743 ], [ 9.211479, 4.863332 ], [ 9.210211, 4.865752 ], [ 9.208223, 4.86865 ], [ 9.207208, 4.870191 ], [ 9.206246, 4.872007 ], [ 9.203928, 4.872707 ], [ 9.202171, 4.872062 ], [ 9.200371, 4.871509 ], [ 9.1984, 4.87142 ], [ 9.196254, 4.871703 ], [ 9.193847, 4.872543 ], [ 9.191187, 4.874217 ], [ 9.189869, 4.876455 ], [ 9.191225, 4.87757 ], [ 9.193952, 4.878559 ], [ 9.195668, 4.879389 ], [ 9.197147, 4.879904 ], [ 9.198411, 4.880975 ], [ 9.199402, 4.882145 ], [ 9.199954, 4.884061 ], [ 9.20091, 4.885645 ], [ 9.202268, 4.886852 ], [ 9.203529, 4.887786 ], [ 9.204786, 4.888627 ], [ 9.206886, 4.890138 ], [ 9.209247, 4.891136 ], [ 9.211018, 4.892333 ], [ 9.21228, 4.893357 ], [ 9.214351, 4.895558 ], [ 9.215583, 4.897181 ], [ 9.216625, 4.898579 ], [ 9.21875, 4.901099 ], [ 9.221243, 4.901864 ], [ 9.222844, 4.901778 ], [ 9.225052, 4.902137 ], [ 9.227609, 4.903636 ], [ 9.229959, 4.904221 ], [ 9.231682, 4.905326 ], [ 9.233798, 4.90748 ], [ 9.23401, 4.909541 ], [ 9.233205, 4.911215 ], [ 9.231861, 4.912443 ], [ 9.230518, 4.913671 ], [ 9.229876, 4.915433 ], [ 9.229916, 4.917039 ], [ 9.23094, 4.919495 ], [ 9.231182, 4.921832 ], [ 9.231146, 4.924038 ], [ 9.23147, 4.926005 ], [ 9.232761, 4.928133 ], [ 9.234122, 4.929431 ], [ 9.236226, 4.931125 ], [ 9.23825, 4.931488 ], [ 9.239357, 4.929945 ], [ 9.240649, 4.928489 ], [ 9.242627, 4.928853 ], [ 9.243602, 4.931171 ], [ 9.244328, 4.932716 ], [ 9.244779, 4.934266 ], [ 9.245584, 4.937141 ], [ 9.245784, 4.939616 ], [ 9.245775, 4.942878 ], [ 9.246071, 4.945536 ], [ 9.246959, 4.94804 ], [ 9.247454, 4.949498 ], [ 9.248369, 4.951267 ], [ 9.249287, 4.953174 ], [ 9.249612, 4.955142 ], [ 9.247542, 4.954825 ], [ 9.244509, 4.954441 ], [ 9.24299, 4.954112 ], [ 9.241059, 4.953838 ], [ 9.23913, 4.953656 ], [ 9.236324, 4.955012 ], [ 9.234975, 4.95601 ], [ 9.233298, 4.956741 ], [ 9.230893, 4.957627 ], [ 9.228549, 4.957318 ], [ 9.226538, 4.955668 ], [ 9.22512, 4.953958 ], [ 9.224065, 4.9521 ], [ 9.203688, 4.954213 ], [ 9.203596, 4.956007 ], [ 9.20296, 4.958044 ], [ 9.201854, 4.959634 ], [ 9.200699, 4.96104 ], [ 9.199476, 4.963414 ], [ 9.198382, 4.965462 ], [ 9.196669, 4.966561 ], [ 9.195691, 4.967734 ], [ 9.19565, 4.969757 ], [ 9.196059, 4.971446 ], [ 9.196809, 4.973955 ], [ 9.19715, 4.976565 ], [ 9.196934, 4.978913 ], [ 9.197221, 4.981203 ], [ 9.198233, 4.983199 ], [ 9.199193, 4.984967 ], [ 9.199064, 4.987129 ], [ 9.19764, 4.988773 ], [ 9.196672, 4.990359 ], [ 9.196257, 4.992069 ], [ 9.195265, 4.990899 ], [ 9.193642, 4.988274 ], [ 9.192808, 4.98609 ], [ 9.191605, 4.983777 ], [ 9.190857, 4.98136 ], [ 9.190106, 4.978853 ], [ 9.189016, 4.975572 ], [ 9.190332, 4.973242 ], [ 9.188766, 4.971076 ], [ 9.186354, 4.969895 ], [ 9.184694, 4.969477 ], [ 9.183043, 4.96938 ], [ 9.181296, 4.969147 ], [ 9.179647, 4.969142 ], [ 9.177437, 4.968691 ], [ 9.17551, 4.970393 ], [ 9.173346, 4.971779 ], [ 9.171844, 4.972183 ], [ 9.170206, 4.972637 ], [ 9.16777, 4.974122 ], [ 9.166791, 4.975295 ], [ 9.165817, 4.976651 ], [ 9.165056, 4.979151 ], [ 9.16336, 4.980938 ], [ 9.162254, 4.982527 ], [ 9.161789, 4.984055 ], [ 9.161185, 4.98554 ], [ 9.160733, 4.987618 ], [ 9.158902, 4.989501 ], [ 9.157641, 4.99036 ], [ 9.155027, 4.992078 ], [ 9.153375, 4.993773 ], [ 9.154219, 5.000315 ], [ 9.154287, 5.000486 ], [ 9.154487, 5.001587 ], [ 9.154587, 5.002589 ], [ 9.154987, 5.004492 ], [ 9.154788, 5.005794 ], [ 9.154089, 5.006395 ], [ 9.15349, 5.007096 ], [ 9.152591, 5.007598 ], [ 9.150993, 5.007197 ], [ 9.149795, 5.006797 ], [ 9.148596, 5.005896 ], [ 9.147098, 5.004494 ], [ 9.146199, 5.003192 ], [ 9.145599, 5.000988 ], [ 9.145547, 5.000312 ], [ 9.14567, 5.000312 ], [ 9.145687, 4.999614 ], [ 9.145025, 4.996965 ], [ 9.143974, 4.995245 ], [ 9.142438, 4.994272 ], [ 9.140137, 4.99387 ], [ 9.138053, 4.992956 ], [ 9.136466, 4.991801 ], [ 9.134991, 4.991424 ], [ 9.135936, 4.987082 ], [ 9.138058, 4.978531 ], [ 9.136533, 4.978017 ], [ 9.134837, 4.977967 ], [ 9.132862, 4.977786 ], [ 9.13103, 4.977785 ], [ 9.129292, 4.977874 ], [ 9.126498, 4.977898 ], [ 9.12467, 4.97808 ], [ 9.12298, 4.978305 ], [ 9.119881, 4.978932 ], [ 9.116776, 4.979331 ], [ 9.115467, 4.980098 ], [ 9.113846, 4.981241 ], [ 9.111981, 4.981746 ], [ 9.109533, 4.982771 ], [ 9.108157, 4.984551 ], [ 9.106056, 4.984786 ], [ 9.104343, 4.985931 ], [ 9.102414, 4.987541 ], [ 9.100837, 4.98859 ], [ 9.098424, 4.989201 ], [ 9.095789, 4.990093 ], [ 9.094543, 4.991548 ], [ 9.092527, 4.993389 ], [ 9.090776, 4.99481 ], [ 9.089776, 4.996948 ], [ 9.089276, 5.000294 ], [ 9.089814, 5.000294 ], [ 9.089752, 5.000532 ], [ 9.089472, 5.001541 ], [ 9.088553, 5.002132 ], [ 9.08727, 5.002628 ], [ 9.086351, 5.003311 ], [ 9.086206, 5.004733 ], [ 9.085971, 5.005741 ], [ 9.085555, 5.006427 ], [ 9.084635, 5.007293 ], [ 9.084174, 5.007933 ], [ 9.083847, 5.009124 ], [ 9.08352, 5.010362 ], [ 9.08301, 5.011368 ], [ 9.082366, 5.012098 ], [ 9.081768, 5.012645 ], [ 9.080989, 5.012824 ], [ 9.080574, 5.013464 ], [ 9.080248, 5.014472 ], [ 9.079877, 5.015296 ], [ 9.078684, 5.015884 ], [ 9.078086, 5.016569 ], [ 9.078216, 5.017718 ], [ 9.078302, 5.018636 ], [ 9.077614, 5.018999 ], [ 9.07679, 5.019086 ], [ 9.0761, 5.019816 ], [ 9.075591, 5.020685 ], [ 9.075267, 5.021371 ], [ 9.074487, 5.021733 ], [ 9.07362, 5.021406 ], [ 9.072607, 5.022593 ], [ 9.072188, 5.023738 ], [ 9.07109, 5.023778 ], [ 9.070314, 5.023543 ], [ 9.069123, 5.023811 ], [ 9.068066, 5.024676 ], [ 9.067513, 5.025315 ], [ 9.066777, 5.026 ], [ 9.065956, 5.025627 ], [ 9.064673, 5.026032 ], [ 9.064211, 5.026764 ], [ 9.063931, 5.027772 ], [ 9.063106, 5.02795 ], [ 9.062143, 5.028311 ], [ 9.060859, 5.0289 ], [ 9.059809, 5.028526 ], [ 9.058807, 5.027877 ], [ 9.057893, 5.027551 ], [ 9.057246, 5.028694 ] ] ] ] } },
{ "type": "Feature", "properties": { "tg_type": "FON.AIRE_PROTEGEE", "nom": "Kilum Ijim", "source_id": "529B1BFF-E416-46CA-BCBE-5927F51BF374", "source": "MINFOF_WRI_ATLAS_FORESTIER_SIG_2018", "statut": "IMPORTE", "date_source": "2018-12-20", "regime_tg": "AIRE_PROTEGEE", "categorie": "aire_protegee", "desc_type": "Sanctuaire de faune", "cat_uicn": "IV", "wdpaid": 478190.0, "statu_crea": "propose", "statu_amgt": "non_amenage", "date_prop": null, "date_crea": null, "date_amgt": null, "sup_adm_ha": 1000, "sup_sig_ha": 1006.0 }, "geometry": { "type": "MultiPolygon", "coordinates": [ [ [ [ 10.464023, 6.181961 ], [ 10.466447, 6.184593 ], [ 10.469093, 6.188105 ], [ 10.469815, 6.190742 ], [ 10.469212, 6.191513 ], [ 10.464401, 6.197344 ], [ 10.46336, 6.200181 ], [ 10.460009, 6.200555 ], [ 10.453697, 6.202276 ], [ 10.449371, 6.201768 ], [ 10.44376, 6.201219 ], [ 10.440009, 6.200552 ], [ 10.437519, 6.199588 ], [ 10.436378, 6.198973 ], [ 10.434539, 6.197983 ], [ 10.430069, 6.195699 ], [ 10.43071, 6.194213 ], [ 10.432348, 6.190418 ], [ 10.434698, 6.187929 ], [ 10.436676, 6.186 ], [ 10.438158, 6.183762 ], [ 10.439944, 6.180566 ], [ 10.433861, 6.175459 ], [ 10.429772, 6.170564 ], [ 10.428503, 6.168423 ], [ 10.427984, 6.167785 ], [ 10.427567, 6.167271 ], [ 10.42613, 6.164031 ], [ 10.430032, 6.165065 ], [ 10.435087, 6.165547 ], [ 10.43684, 6.164058 ], [ 10.437554, 6.163891 ], [ 10.438387, 6.164443 ], [ 10.438875, 6.164767 ], [ 10.440965, 6.165861 ], [ 10.442231, 6.167067 ], [ 10.443001, 6.167395 ], [ 10.443443, 6.168108 ], [ 10.44383, 6.169317 ], [ 10.442624, 6.170199 ], [ 10.442351, 6.17075 ], [ 10.441969, 6.171686 ], [ 10.442141, 6.174104 ], [ 10.443463, 6.17575 ], [ 10.445124, 6.180474 ], [ 10.447541, 6.180522 ], [ 10.451002, 6.180897 ], [ 10.45523, 6.180391 ], [ 10.460613, 6.180321 ], [ 10.464023, 6.181961 ] ] ] ] } },
{ "type": "Feature", "properties": { "tg_type": "FON.AIRE_PROTEGEE", "nom": "Mengame", "source_id": "3E5EF534-15F3-4393-9AFF-BF67F2CB3CB2", "source": "MINFOF_WRI_ATLAS_FORESTIER_SIG_2018", "statut": "IMPORTE", "date_source": "2018-01-15", "regime_tg": "AIRE_PROTEGEE", "categorie": "aire_protegee", "desc_type": "Sanctuaire de faune", "cat_uicn": "IV", "wdpaid": 308636.0, "statu_crea": "cree", "statu_amgt": "amenge", "date_prop": "2008-06-02", "date_crea": "2008-07-11", "date_amgt": null, "sup_adm_ha": 26711, "sup_sig_ha": 26710.0 }, "geometry": { "type": "Polygon", "coordinates": [ [ [ 11.709975, 2.303428 ], [ 11.710068, 2.30339 ], [ 11.710585, 2.303017 ], [ 11.710686, 2.302504 ], [ 11.711195, 2.302093 ], [ 11.711906, 2.301477 ], [ 11.712823, 2.301476 ], [ 11.714758, 2.30178 ], [ 11.715777, 2.301983 ], [ 11.716999, 2.302083 ], [ 11.718222, 2.302388 ], [ 11.719037, 2.302387 ], [ 11.720666, 2.302179 ], [ 11.721684, 2.302279 ], [ 11.723008, 2.302174 ], [ 11.724535, 2.301967 ], [ 11.725043, 2.301556 ], [ 11.725856, 2.300735 ], [ 11.726467, 2.300324 ], [ 11.72779, 2.299912 ], [ 11.728808, 2.299602 ], [ 11.729621, 2.298781 ], [ 11.730536, 2.298267 ], [ 11.730738, 2.297447 ], [ 11.731043, 2.296832 ], [ 11.731448, 2.295909 ], [ 11.731549, 2.295294 ], [ 11.732158, 2.294063 ], [ 11.732768, 2.29355 ], [ 11.735008, 2.293341 ], [ 11.73623, 2.293339 ], [ 11.737962, 2.294053 ], [ 11.739287, 2.294563 ], [ 11.741019, 2.294969 ], [ 11.742242, 2.295787 ], [ 11.743872, 2.295989 ], [ 11.744484, 2.296397 ], [ 11.745503, 2.296908 ], [ 11.74693, 2.297315 ], [ 11.747541, 2.297212 ], [ 11.748049, 2.296903 ], [ 11.748353, 2.295981 ], [ 11.748657, 2.295263 ], [ 11.748655, 2.294341 ], [ 11.748551, 2.293009 ], [ 11.748345, 2.292087 ], [ 11.74814, 2.291268 ], [ 11.747833, 2.290449 ], [ 11.747526, 2.289732 ], [ 11.747219, 2.288811 ], [ 11.746811, 2.288197 ], [ 11.7463, 2.287583 ], [ 11.746197, 2.286968 ], [ 11.745687, 2.286354 ], [ 11.745787, 2.28533 ], [ 11.746091, 2.284714 ], [ 11.746599, 2.283996 ], [ 11.747208, 2.283073 ], [ 11.747919, 2.282149 ], [ 11.748529, 2.281329 ], [ 11.748629, 2.280611 ], [ 11.748832, 2.280099 ], [ 11.748932, 2.279279 ], [ 11.748829, 2.278562 ], [ 11.748726, 2.277947 ], [ 11.748826, 2.277127 ], [ 11.749233, 2.276614 ], [ 11.750353, 2.276817 ], [ 11.750864, 2.277636 ], [ 11.751375, 2.278557 ], [ 11.751683, 2.279991 ], [ 11.751074, 2.281017 ], [ 11.750566, 2.281632 ], [ 11.750568, 2.282862 ], [ 11.750671, 2.283271 ], [ 11.751079, 2.283783 ], [ 11.751793, 2.284089 ], [ 11.752506, 2.284293 ], [ 11.753525, 2.284598 ], [ 11.753932, 2.284598 ], [ 11.754543, 2.284391 ], [ 11.754541, 2.283674 ], [ 11.75454, 2.282752 ], [ 11.754231, 2.281318 ], [ 11.753924, 2.280499 ], [ 11.753923, 2.279884 ], [ 11.75392, 2.27845 ], [ 11.753817, 2.277426 ], [ 11.753611, 2.276197 ], [ 11.754016, 2.275069 ], [ 11.754014, 2.274249 ], [ 11.753402, 2.273533 ], [ 11.752179, 2.27292 ], [ 11.751872, 2.272511 ], [ 11.752685, 2.271485 ], [ 11.753906, 2.271073 ], [ 11.754823, 2.270969 ], [ 11.756146, 2.270762 ], [ 11.757062, 2.270658 ], [ 11.758589, 2.27045 ], [ 11.759506, 2.270448 ], [ 11.759913, 2.270447 ], [ 11.761237, 2.270445 ], [ 11.761747, 2.271059 ], [ 11.763378, 2.271671 ], [ 11.764092, 2.272387 ], [ 11.764806, 2.272897 ], [ 11.765724, 2.273613 ], [ 11.766845, 2.274431 ], [ 11.768373, 2.27453 ], [ 11.769594, 2.273913 ], [ 11.771425, 2.273193 ], [ 11.773767, 2.272779 ], [ 11.774276, 2.272983 ], [ 11.775192, 2.272674 ], [ 11.775905, 2.272775 ], [ 11.777432, 2.272362 ], [ 11.777839, 2.272156 ], [ 11.778246, 2.272156 ], [ 11.779163, 2.272359 ], [ 11.780079, 2.272255 ], [ 11.780893, 2.272151 ], [ 11.781708, 2.271944 ], [ 11.782827, 2.271635 ], [ 11.78354, 2.271531 ], [ 11.784456, 2.27153 ], [ 11.784966, 2.271836 ], [ 11.785679, 2.272142 ], [ 11.785681, 2.273167 ], [ 11.785785, 2.274191 ], [ 11.786093, 2.275522 ], [ 11.786502, 2.276341 ], [ 11.787522, 2.277057 ], [ 11.788133, 2.277055 ], [ 11.78966, 2.276745 ], [ 11.79027, 2.276232 ], [ 11.79088, 2.275923 ], [ 11.791694, 2.275819 ], [ 11.792712, 2.275408 ], [ 11.793323, 2.275406 ], [ 11.793122, 2.276739 ], [ 11.792818, 2.277661 ], [ 11.792514, 2.278584 ], [ 11.793229, 2.279607 ], [ 11.794351, 2.280322 ], [ 11.795166, 2.280526 ], [ 11.79598, 2.280319 ], [ 11.796182, 2.279704 ], [ 11.796283, 2.278987 ], [ 11.79628, 2.277655 ], [ 11.796177, 2.277143 ], [ 11.797501, 2.277141 ], [ 11.798215, 2.277651 ], [ 11.79903, 2.277957 ], [ 11.800048, 2.277648 ], [ 11.800658, 2.277135 ], [ 11.801369, 2.276519 ], [ 11.802183, 2.275902 ], [ 11.803507, 2.276207 ], [ 11.804934, 2.276819 ], [ 11.806156, 2.277022 ], [ 11.807583, 2.277532 ], [ 11.808702, 2.277222 ], [ 11.809007, 2.276812 ], [ 11.809617, 2.276093 ], [ 11.81033, 2.276195 ], [ 11.81145, 2.276193 ], [ 11.813079, 2.276497 ], [ 11.813997, 2.277007 ], [ 11.815219, 2.27721 ], [ 11.816442, 2.277515 ], [ 11.818886, 2.277715 ], [ 11.820107, 2.277201 ], [ 11.821125, 2.276892 ], [ 11.821836, 2.276173 ], [ 11.822446, 2.27566 ], [ 11.822444, 2.274943 ], [ 11.823461, 2.274224 ], [ 11.824175, 2.27453 ], [ 11.824076, 2.276271 ], [ 11.823773, 2.277399 ], [ 11.823164, 2.278629 ], [ 11.822861, 2.279757 ], [ 11.823067, 2.280781 ], [ 11.823986, 2.282009 ], [ 11.825413, 2.283133 ], [ 11.826738, 2.283745 ], [ 11.827248, 2.284257 ], [ 11.828471, 2.284459 ], [ 11.830201, 2.284149 ], [ 11.831219, 2.283942 ], [ 11.832948, 2.283119 ], [ 11.83417, 2.282707 ], [ 11.835798, 2.282192 ], [ 11.836306, 2.281781 ], [ 11.837322, 2.280754 ], [ 11.837728, 2.280139 ], [ 11.838847, 2.279317 ], [ 11.839457, 2.278701 ], [ 11.84027, 2.277983 ], [ 11.840472, 2.27706 ], [ 11.840878, 2.276445 ], [ 11.841589, 2.275726 ], [ 11.842708, 2.275314 ], [ 11.843829, 2.275415 ], [ 11.844849, 2.276335 ], [ 11.845666, 2.277768 ], [ 11.846075, 2.278484 ], [ 11.846993, 2.279302 ], [ 11.847706, 2.27971 ], [ 11.848928, 2.279401 ], [ 11.849844, 2.279296 ], [ 11.851473, 2.279088 ], [ 11.852187, 2.279702 ], [ 11.852595, 2.280213 ], [ 11.853308, 2.280314 ], [ 11.854327, 2.280722 ], [ 11.854648, 2.281383 ], [ 11.855817, 2.280171 ], [ 11.855358, 2.279279 ], [ 11.856428, 2.279175 ], [ 11.856475, 2.277482 ], [ 11.856015, 2.276509 ], [ 11.856033, 2.274845 ], [ 11.856034, 2.274025 ], [ 11.856059, 2.272868 ], [ 11.858657, 2.272453 ], [ 11.860339, 2.272655 ], [ 11.861972, 2.273626 ], [ 11.863094, 2.273829 ], [ 11.86406, 2.273006 ], [ 11.865027, 2.27203 ], [ 11.865791, 2.271773 ], [ 11.866304, 2.272538 ], [ 11.866152, 2.273874 ], [ 11.866155, 2.27531 ], [ 11.866056, 2.277105 ], [ 11.866366, 2.279309 ], [ 11.867493, 2.281974 ], [ 11.868822, 2.284022 ], [ 11.869639, 2.284687 ], [ 11.871321, 2.284735 ], [ 11.872696, 2.284425 ], [ 11.874275, 2.284012 ], [ 11.876823, 2.283699 ], [ 11.878556, 2.283952 ], [ 11.880239, 2.284513 ], [ 11.881361, 2.28446 ], [ 11.882226, 2.28374 ], [ 11.882734, 2.283021 ], [ 11.883342, 2.281328 ], [ 11.884513, 2.280505 ], [ 11.887925, 2.279371 ], [ 11.889455, 2.279881 ], [ 11.890987, 2.281672 ], [ 11.892366, 2.283054 ], [ 11.893388, 2.28418 ], [ 11.894358, 2.285102 ], [ 11.895378, 2.285253 ], [ 11.896192, 2.28479 ], [ 11.896956, 2.284532 ], [ 11.897668, 2.283967 ], [ 11.89833, 2.283402 ], [ 11.898839, 2.283196 ], [ 11.899962, 2.284065 ], [ 11.900895, 2.284064 ], [ 11.901607, 2.283653 ], [ 11.902471, 2.28278 ], [ 11.902826, 2.282062 ], [ 11.902875, 2.280934 ], [ 11.903384, 2.280574 ], [ 11.904199, 2.280573 ], [ 11.904709, 2.280931 ], [ 11.905626, 2.280826 ], [ 11.906391, 2.281184 ], [ 11.907715, 2.281181 ], [ 11.90802, 2.280975 ], [ 11.908683, 2.281179 ], [ 11.909507, 2.281447 ], [ 11.91067, 2.281534 ], [ 11.911382, 2.280866 ], [ 11.911789, 2.280404 ], [ 11.912604, 2.280505 ], [ 11.913064, 2.281171 ], [ 11.913727, 2.281477 ], [ 11.914286, 2.281219 ], [ 11.914949, 2.281218 ], [ 11.915714, 2.281781 ], [ 11.916173, 2.281985 ], [ 11.916937, 2.282188 ], [ 11.917754, 2.283109 ], [ 11.918317, 2.284184 ], [ 11.918827, 2.284747 ], [ 11.918626, 2.286183 ], [ 11.918528, 2.287669 ], [ 11.918378, 2.289053 ], [ 11.919347, 2.289718 ], [ 11.92057, 2.290074 ], [ 11.92215, 2.290276 ], [ 11.923219, 2.289966 ], [ 11.924491, 2.289451 ], [ 11.925153, 2.28904 ], [ 11.926678, 2.287653 ], [ 11.928864, 2.28524 ], [ 11.93105, 2.283237 ], [ 11.932575, 2.281748 ], [ 11.933542, 2.281028 ], [ 11.93507, 2.281128 ], [ 11.935784, 2.281588 ], [ 11.936652, 2.282662 ], [ 11.937571, 2.283532 ], [ 11.938693, 2.28435 ], [ 11.939763, 2.284501 ], [ 11.940272, 2.283988 ], [ 11.94027, 2.283321 ], [ 11.939709, 2.282656 ], [ 11.939758, 2.28199 ], [ 11.940318, 2.281733 ], [ 11.94144, 2.282192 ], [ 11.942764, 2.282189 ], [ 11.943326, 2.283059 ], [ 11.943734, 2.283417 ], [ 11.94455, 2.283723 ], [ 11.944908, 2.284235 ], [ 11.944858, 2.284953 ], [ 11.945267, 2.285567 ], [ 11.945981, 2.285873 ], [ 11.946643, 2.286128 ], [ 11.947357, 2.286332 ], [ 11.947968, 2.286279 ], [ 11.948731, 2.285816 ], [ 11.94914, 2.286277 ], [ 11.949396, 2.287045 ], [ 11.949957, 2.287505 ], [ 11.950773, 2.288016 ], [ 11.951843, 2.287912 ], [ 11.95286, 2.287192 ], [ 11.953673, 2.286114 ], [ 11.954131, 2.285857 ], [ 11.957493, 2.285748 ], [ 11.957899, 2.285388 ], [ 11.959682, 2.28518 ], [ 11.961209, 2.284459 ], [ 11.962125, 2.284201 ], [ 11.963043, 2.284558 ], [ 11.963553, 2.284967 ], [ 11.963657, 2.286146 ], [ 11.964218, 2.286554 ], [ 11.965135, 2.286296 ], [ 11.965898, 2.28609 ], [ 11.966409, 2.286499 ], [ 11.966869, 2.287574 ], [ 11.96738, 2.288086 ], [ 11.967433, 2.289213 ], [ 11.967995, 2.290032 ], [ 11.969218, 2.290235 ], [ 11.969777, 2.289721 ], [ 11.970795, 2.289412 ], [ 11.971048, 2.288386 ], [ 11.9713, 2.287002 ], [ 11.971247, 2.286131 ], [ 11.972417, 2.285359 ], [ 11.973233, 2.285768 ], [ 11.973998, 2.28633 ], [ 11.974458, 2.286996 ], [ 11.974868, 2.28843 ], [ 11.975583, 2.289146 ], [ 11.976246, 2.289349 ], [ 11.97701, 2.289553 ], [ 11.977518, 2.288834 ], [ 11.978078, 2.288731 ], [ 11.979046, 2.288678 ], [ 11.979504, 2.288523 ], [ 11.980627, 2.289495 ], [ 11.981647, 2.290108 ], [ 11.982411, 2.290414 ], [ 11.983073, 2.290207 ], [ 11.9836, 2.29065 ], [ 11.984249, 2.29091 ], [ 11.985028, 2.291213 ], [ 11.985937, 2.291472 ], [ 11.986227, 2.292179 ], [ 11.986918, 2.292091 ], [ 11.987697, 2.292264 ], [ 11.988562, 2.292175 ], [ 11.98934, 2.292173 ], [ 11.990378, 2.292345 ], [ 11.991329, 2.292343 ], [ 11.992281, 2.292428 ], [ 11.993491, 2.292513 ], [ 11.994875, 2.29251 ], [ 11.996432, 2.292681 ], [ 11.997557, 2.293114 ], [ 11.998338, 2.294243 ], [ 11.999032, 2.29546 ], [ 11.999663, 2.29668 ], [ 12.000335, 2.297981 ], [ 12.000941, 2.298414 ], [ 12.001722, 2.299718 ], [ 12.002069, 2.300413 ], [ 12.002504, 2.301457 ], [ 12.002852, 2.3025 ], [ 12.003633, 2.303717 ], [ 12.004587, 2.305281 ], [ 12.005541, 2.30641 ], [ 12.005888, 2.307192 ], [ 12.006496, 2.308235 ], [ 12.00693, 2.309104 ], [ 12.007278, 2.310061 ], [ 12.007193, 2.310931 ], [ 12.007714, 2.311539 ], [ 12.007888, 2.312322 ], [ 12.007976, 2.313104 ], [ 12.008151, 2.313713 ], [ 12.008238, 2.314322 ], [ 12.009018, 2.314842 ], [ 12.010124, 2.315124 ], [ 12.011095, 2.315534 ], [ 12.012046, 2.315445 ], [ 12.01343, 2.315704 ], [ 12.01464, 2.315614 ], [ 12.015578, 2.315866 ], [ 12.016905, 2.316223 ], [ 12.017827, 2.316472 ], [ 12.018794, 2.316998 ], [ 12.01992, 2.317691 ], [ 12.021045, 2.318298 ], [ 12.022265, 2.318595 ], [ 12.023382, 2.318989 ], [ 12.024594, 2.319857 ], [ 12.025733, 2.320112 ], [ 12.026586, 2.320984 ], [ 12.027192, 2.321592 ], [ 12.028481, 2.321833 ], [ 12.029356, 2.322457 ], [ 12.030482, 2.323151 ], [ 12.031434, 2.323845 ], [ 12.03282, 2.324625 ], [ 12.034031, 2.324971 ], [ 12.034723, 2.32523 ], [ 12.035675, 2.325576 ], [ 12.036369, 2.325635 ], [ 12.036981, 2.325687 ], [ 12.058341, 2.329619 ], [ 12.058343, 2.330663 ], [ 12.058604, 2.331358 ], [ 12.059297, 2.332227 ], [ 12.059387, 2.333444 ], [ 12.059734, 2.334314 ], [ 12.060255, 2.335009 ], [ 12.061036, 2.336312 ], [ 12.060772, 2.337381 ], [ 12.060158, 2.338609 ], [ 12.059339, 2.340042 ], [ 12.058799, 2.341624 ], [ 12.057764, 2.342844 ], [ 12.056987, 2.343368 ], [ 12.044975, 2.359707 ], [ 12.044618, 2.359477 ], [ 12.044177, 2.358734 ], [ 12.043791, 2.358085 ], [ 12.043354, 2.35735 ], [ 12.042488, 2.356445 ], [ 12.041927, 2.355647 ], [ 12.041407, 2.355319 ], [ 12.040822, 2.355187 ], [ 12.039846, 2.355054 ], [ 12.039001, 2.354856 ], [ 12.037896, 2.354592 ], [ 12.036791, 2.354328 ], [ 12.035946, 2.354064 ], [ 12.035166, 2.353801 ], [ 12.034254, 2.353543 ], [ 12.033671, 2.35321 ], [ 12.033345, 2.353666 ], [ 12.033343, 2.354386 ], [ 12.033537, 2.355171 ], [ 12.03386, 2.355956 ], [ 12.034248, 2.356807 ], [ 12.034051, 2.357918 ], [ 12.033854, 2.358963 ], [ 12.033721, 2.360074 ], [ 12.033133, 2.36125 ], [ 12.032415, 2.362556 ], [ 12.031762, 2.363601 ], [ 12.031175, 2.364253 ], [ 12.030538, 2.365184 ], [ 12.029161, 2.365642 ], [ 12.028089, 2.366203 ], [ 12.026662, 2.366405 ], [ 12.024418, 2.36681 ], [ 12.02401, 2.367014 ], [ 12.022583, 2.367011 ], [ 12.021156, 2.366803 ], [ 12.019933, 2.366595 ], [ 12.018507, 2.366387 ], [ 12.016875, 2.366588 ], [ 12.016059, 2.366791 ], [ 11.982733, 2.360762 ], [ 11.982037, 2.359119 ], [ 11.98112, 2.357649 ], [ 11.979746, 2.356456 ], [ 11.978097, 2.355263 ], [ 11.976724, 2.354438 ], [ 11.973979, 2.3538 ], [ 11.972148, 2.352883 ], [ 11.969766, 2.350864 ], [ 11.969332, 2.351164 ], [ 11.96883, 2.35151 ], [ 11.968122, 2.35188 ], [ 11.967665, 2.351996 ], [ 11.967231, 2.352111 ], [ 11.966706, 2.352526 ], [ 11.966433, 2.353056 ], [ 11.965931, 2.353264 ], [ 11.965795, 2.353931 ], [ 11.966024, 2.35446 ], [ 11.9663, 2.354919 ], [ 11.966666, 2.355287 ], [ 11.967353, 2.35563 ], [ 11.967994, 2.355951 ], [ 11.968314, 2.356111 ], [ 11.968429, 2.356456 ], [ 11.96811, 2.356917 ], [ 11.967631, 2.357332 ], [ 11.967083, 2.357931 ], [ 11.966102, 2.358462 ], [ 11.965508, 2.358716 ], [ 11.964755, 2.359615 ], [ 11.964117, 2.360536 ], [ 11.963846, 2.362009 ], [ 11.964442, 2.362651 ], [ 11.945136, 2.37939 ], [ 11.931054, 2.380201 ], [ 11.927747, 2.378117 ], [ 11.926043, 2.377153 ], [ 11.924461, 2.375982 ], [ 11.924025, 2.376075 ], [ 11.923592, 2.376167 ], [ 11.923181, 2.376168 ], [ 11.922656, 2.376271 ], [ 11.922232, 2.376354 ], [ 11.921867, 2.376412 ], [ 11.92149, 2.376574 ], [ 11.921159, 2.376701 ], [ 11.920736, 2.376806 ], [ 11.920405, 2.376944 ], [ 11.920108, 2.377164 ], [ 11.901464, 2.355602 ], [ 11.898895, 2.351559 ], [ 11.902152, 2.334623 ], [ 11.899957, 2.334259 ], [ 11.895567, 2.334268 ], [ 11.896072, 2.312921 ], [ 11.866236, 2.301385 ], [ 11.854003, 2.311898 ], [ 11.853265, 2.308771 ], [ 11.850882, 2.306383 ], [ 11.847227, 2.307679 ], [ 11.842852, 2.315232 ], [ 11.81068, 2.325415 ], [ 11.807928, 2.321188 ], [ 11.803986, 2.316778 ], [ 11.803345, 2.316043 ], [ 11.7995, 2.314026 ], [ 11.796206, 2.313296 ], [ 11.790535, 2.313123 ], [ 11.785782, 2.314604 ], [ 11.782677, 2.317003 ], [ 11.77978, 2.332099 ], [ 11.779074, 2.331578 ], [ 11.776322, 2.330149 ], [ 11.774182, 2.329846 ], [ 11.771534, 2.329646 ], [ 11.768276, 2.329652 ], [ 11.765832, 2.329861 ], [ 11.763592, 2.330071 ], [ 11.760388, 2.331031 ], [ 11.745501, 2.348444 ], [ 11.727074, 2.351348 ], [ 11.725654, 2.354424 ], [ 11.724029, 2.356579 ], [ 11.72271, 2.359143 ], [ 11.722204, 2.360988 ], [ 11.722004, 2.362833 ], [ 11.721497, 2.364063 ], [ 11.720889, 2.365396 ], [ 11.719874, 2.366935 ], [ 11.719347, 2.367961 ], [ 11.718893, 2.368925 ], [ 11.708315, 2.3626 ], [ 11.709883, 2.369591 ], [ 11.710343, 2.370602 ], [ 11.711169, 2.372165 ], [ 11.711446, 2.373729 ], [ 11.711359, 2.375754 ], [ 11.711545, 2.377502 ], [ 11.712097, 2.378789 ], [ 11.712769, 2.379654 ], [ 11.712842, 2.380533 ], [ 11.714424, 2.399674 ], [ 11.713693, 2.399951 ], [ 11.710402, 2.401062 ], [ 11.707933, 2.400974 ], [ 11.705737, 2.400795 ], [ 11.704365, 2.400797 ], [ 11.702626, 2.400524 ], [ 11.700431, 2.400344 ], [ 11.699334, 2.400623 ], [ 11.69842, 2.400992 ], [ 11.697414, 2.401086 ], [ 11.696316, 2.401089 ], [ 11.695308, 2.400262 ], [ 11.694484, 2.399896 ], [ 11.693386, 2.399622 ], [ 11.692196, 2.399256 ], [ 11.691829, 2.398428 ], [ 11.691188, 2.397969 ], [ 11.690821, 2.397418 ], [ 11.690636, 2.396682 ], [ 11.690269, 2.396038 ], [ 11.689902, 2.395211 ], [ 11.689443, 2.394384 ], [ 11.687979, 2.394202 ], [ 11.687703, 2.393467 ], [ 11.687517, 2.392179 ], [ 11.686967, 2.391167 ], [ 11.686509, 2.3908 ], [ 11.686625, 2.38961 ], [ 11.686494, 2.389044 ], [ 11.686104, 2.38861 ], [ 11.685714, 2.388219 ], [ 11.685643, 2.387527 ], [ 11.685409, 2.387175 ], [ 11.685105, 2.386827 ], [ 11.684672, 2.386436 ], [ 11.684325, 2.386219 ], [ 11.684152, 2.385828 ], [ 11.684367, 2.385305 ], [ 11.684193, 2.384783 ], [ 11.683673, 2.384654 ], [ 11.683586, 2.384175 ], [ 11.683758, 2.383566 ], [ 11.683774, 2.382868 ], [ 11.684058, 2.382346 ], [ 11.684143, 2.381345 ], [ 11.684054, 2.380214 ], [ 11.683837, 2.379779 ], [ 11.683448, 2.37978 ], [ 11.682929, 2.379911 ], [ 11.682453, 2.38013 ], [ 11.681978, 2.380218 ], [ 11.681458, 2.379827 ], [ 11.681327, 2.379218 ], [ 11.681066, 2.378783 ], [ 11.680547, 2.378566 ], [ 11.680459, 2.377696 ], [ 11.680501, 2.377043 ], [ 11.680586, 2.37639 ], [ 11.680585, 2.375737 ], [ 11.68067, 2.374954 ], [ 11.681159, 2.374497 ], [ 11.681181, 2.374134 ], [ 11.681187, 2.374039 ], [ 11.681288, 2.373565 ], [ 11.680778, 2.373258 ], [ 11.680371, 2.373464 ], [ 11.679862, 2.373362 ], [ 11.679861, 2.372952 ], [ 11.679758, 2.372543 ], [ 11.678943, 2.372237 ], [ 11.678331, 2.371828 ], [ 11.677923, 2.371522 ], [ 11.677108, 2.371421 ], [ 11.676395, 2.371217 ], [ 11.675989, 2.370486 ], [ 11.675884, 2.370296 ], [ 11.675984, 2.369578 ], [ 11.676201, 2.369359 ], [ 11.676493, 2.369065 ], [ 11.676797, 2.368552 ], [ 11.676694, 2.368143 ], [ 11.676083, 2.367836 ], [ 11.675065, 2.368043 ], [ 11.674658, 2.368454 ], [ 11.674149, 2.368455 ], [ 11.673896, 2.368032 ], [ 11.673842, 2.367943 ], [ 11.674045, 2.367533 ], [ 11.674123, 2.367439 ], [ 11.674553, 2.366917 ], [ 11.675062, 2.366404 ], [ 11.674653, 2.365687 ], [ 11.673836, 2.364869 ], [ 11.673529, 2.363947 ], [ 11.673326, 2.36405 ], [ 11.673222, 2.362923 ], [ 11.673015, 2.361284 ], [ 11.672807, 2.359235 ], [ 11.672601, 2.358006 ], [ 11.672397, 2.357597 ], [ 11.672598, 2.356572 ], [ 11.672597, 2.355854 ], [ 11.672086, 2.354933 ], [ 11.67178, 2.354729 ], [ 11.67066, 2.354628 ], [ 11.670252, 2.354219 ], [ 11.670046, 2.353195 ], [ 11.669533, 2.351454 ], [ 11.668818, 2.350226 ], [ 11.668409, 2.349509 ], [ 11.668103, 2.349305 ], [ 11.666983, 2.349204 ], [ 11.66627, 2.349103 ], [ 11.666268, 2.347976 ], [ 11.666571, 2.346951 ], [ 11.66708, 2.346438 ], [ 11.66718, 2.345925 ], [ 11.667179, 2.345208 ], [ 11.66677, 2.344286 ], [ 11.666769, 2.343569 ], [ 11.667582, 2.34285 ], [ 11.667988, 2.342337 ], [ 11.669108, 2.34213 ], [ 11.670228, 2.341718 ], [ 11.671043, 2.341717 ], [ 11.671449, 2.341409 ], [ 11.671549, 2.340077 ], [ 11.671648, 2.33854 ], [ 11.67164, 2.334441 ], [ 11.671637, 2.332801 ], [ 11.671634, 2.331572 ], [ 11.671632, 2.330445 ], [ 11.671629, 2.328908 ], [ 11.67183, 2.327063 ], [ 11.671623, 2.325424 ], [ 11.671621, 2.324502 ], [ 11.671111, 2.323888 ], [ 11.6705, 2.323992 ], [ 11.669889, 2.32389 ], [ 11.669277, 2.323789 ], [ 11.669073, 2.323379 ], [ 11.668461, 2.323073 ], [ 11.667646, 2.32287 ], [ 11.667135, 2.322051 ], [ 11.666829, 2.321437 ], [ 11.666827, 2.320719 ], [ 11.666724, 2.319695 ], [ 11.667028, 2.319182 ], [ 11.667129, 2.318874 ], [ 11.667843, 2.319283 ], [ 11.668556, 2.319282 ], [ 11.669268, 2.318768 ], [ 11.669878, 2.318152 ], [ 11.670182, 2.317537 ], [ 11.670589, 2.317024 ], [ 11.670078, 2.316103 ], [ 11.669771, 2.315488 ], [ 11.669567, 2.315079 ], [ 11.66977, 2.314976 ], [ 11.670687, 2.315179 ], [ 11.671706, 2.315382 ], [ 11.672826, 2.315483 ], [ 11.673845, 2.315481 ], [ 11.674864, 2.315684 ], [ 11.675882, 2.31599 ], [ 11.676494, 2.316296 ], [ 11.67731, 2.317114 ], [ 11.678228, 2.317625 ], [ 11.678737, 2.317726 ], [ 11.67945, 2.317623 ], [ 11.680163, 2.317621 ], [ 11.681079, 2.317415 ], [ 11.68281, 2.317309 ], [ 11.683828, 2.316898 ], [ 11.685458, 2.317099 ], [ 11.687494, 2.316993 ], [ 11.688921, 2.317401 ], [ 11.690653, 2.317705 ], [ 11.691569, 2.317806 ], [ 11.692588, 2.318111 ], [ 11.694117, 2.318416 ], [ 11.694931, 2.318517 ], [ 11.696256, 2.318822 ], [ 11.697275, 2.318922 ], [ 11.698803, 2.319125 ], [ 11.70145, 2.31912 ], [ 11.702773, 2.318708 ], [ 11.703383, 2.318092 ], [ 11.703789, 2.317271 ], [ 11.703991, 2.316246 ], [ 11.704396, 2.315221 ], [ 11.704699, 2.313786 ], [ 11.704799, 2.312966 ], [ 11.704798, 2.312044 ], [ 11.704898, 2.311429 ], [ 11.705202, 2.310711 ], [ 11.705405, 2.309891 ], [ 11.705708, 2.308968 ], [ 11.706013, 2.308455 ], [ 11.706317, 2.307635 ], [ 11.706722, 2.30661 ], [ 11.707026, 2.305482 ], [ 11.708347, 2.304353 ], [ 11.70855, 2.303943 ], [ 11.709365, 2.303736 ], [ 11.709975, 2.303428 ] ], [ [ 11.710484, 2.303222 ], [ 11.710068, 2.30339 ], [ 11.709873, 2.30353 ], [ 11.710484, 2.303222 ] ] ] } },
{ "type": "Feature", "properties": { "tg_type": "FON.AIRE_PROTEGEE", "nom": "Kagwene", "source_id": "76D96AA5-4666-4089-80BF-DEAD0A8F8F6D", "source": "MINFOF_WRI_ATLAS_FORESTIER_SIG_2018", "statut": "IMPORTE", "date_source": "2015-11-30", "regime_tg": "AIRE_PROTEGEE", "categorie": "aire_protegee", "desc_type": "Sanctuaire de faune", "cat_uicn": "IV", "wdpaid": 354004.0, "statu_crea": "cree", "statu_amgt": "non_amenage", "date_prop": null, "date_crea": "2008-04-03", "date_amgt": null, "sup_adm_ha": 1944, "sup_sig_ha": 1931.0 }, "geometry": { "type": "MultiPolygon", "coordinates": [ [ [ [ 9.743106, 6.098745 ], [ 9.765689, 6.099193 ], [ 9.771819, 6.107154 ], [ 9.770886, 6.111986 ], [ 9.774131, 6.118839 ], [ 9.771529, 6.138111 ], [ 9.771432, 6.139749 ], [ 9.766964, 6.137602 ], [ 9.761867, 6.1377 ], [ 9.755885, 6.137953 ], [ 9.747996, 6.138696 ], [ 9.737271, 6.139869 ], [ 9.735319, 6.133684 ], [ 9.733846, 6.133379 ], [ 9.727118, 6.123446 ], [ 9.728205, 6.111983 ], [ 9.73285, 6.105933 ], [ 9.736118, 6.103188 ], [ 9.739216, 6.102143 ], [ 9.740834, 6.102069 ], [ 9.742205, 6.100664 ], [ 9.743106, 6.098745 ] ] ] ] } },
{ "type": "Feature", "properties": { "tg_type": "FON.AIRE_PROTEGEE", "nom": "Tofala Hills", "source_id": "49AB0F4D-7DCE-45FE-8A83-D182044417D4", "source": "MINFOF_WRI_ATLAS_FORESTIER_SIG_2018", "statut": "IMPORTE", "date_source": "2018-12-20", "regime_tg": "AIRE_PROTEGEE", "categorie": "aire_protegee", "desc_type": "Sanctuaire de faune", "cat_uicn": "IV", "wdpaid": null, "statu_crea": "cree", "statu_amgt": "non_amenage", "date_prop": null, "date_crea": "2014-09-29", "date_amgt": null, "sup_adm_ha": 8087, "sup_sig_ha": 8094.0 }, "geometry": { "type": "MultiPolygon", "coordinates": [ [ [ [ 9.91681, 5.727424 ], [ 9.928499, 5.708503 ], [ 9.930519, 5.708309 ], [ 9.931847, 5.707647 ], [ 9.934412, 5.701831 ], [ 9.928785, 5.69001 ], [ 9.931564, 5.689464 ], [ 9.933067, 5.688313 ], [ 9.934357, 5.688203 ], [ 9.935505, 5.688848 ], [ 9.936829, 5.687984 ], [ 9.951241, 5.684394 ], [ 9.952695, 5.682142 ], [ 9.952227, 5.680635 ], [ 9.951185, 5.679272 ], [ 9.949928, 5.677731 ], [ 9.949926, 5.675972 ], [ 9.949494, 5.674823 ], [ 9.944123, 5.66588 ], [ 9.94346, 5.666468 ], [ 9.941524, 5.66622 ], [ 9.939159, 5.666008 ], [ 9.937333, 5.667017 ], [ 9.935541, 5.666948 ], [ 9.933282, 5.66609 ], [ 9.932005, 5.665212 ], [ 9.928149, 5.660641 ], [ 9.914229, 5.632104 ], [ 9.911071, 5.621833 ], [ 9.919647, 5.609905 ], [ 9.91838, 5.601902 ], [ 9.913189, 5.600137 ], [ 9.911516, 5.599063 ], [ 9.909724, 5.599006 ], [ 9.909244, 5.597571 ], [ 9.906314, 5.595242 ], [ 9.903804, 5.593869 ], [ 9.902193, 5.594949 ], [ 9.898132, 5.594536 ], [ 9.895803, 5.594779 ], [ 9.89443, 5.595379 ], [ 9.887249, 5.594903 ], [ 9.886696, 5.594817 ], [ 9.885801, 5.595147 ], [ 9.885381, 5.593622 ], [ 9.88489, 5.593206 ], [ 9.88523, 5.592545 ], [ 9.88478, 5.591678 ], [ 9.884769, 5.590718 ], [ 9.892923, 5.590415 ], [ 9.901317, 5.584849 ], [ 9.902087, 5.58437 ], [ 9.903234, 5.584942 ], [ 9.906387, 5.585009 ], [ 9.908109, 5.586299 ], [ 9.909758, 5.586799 ], [ 9.911261, 5.58572 ], [ 9.913769, 5.585572 ], [ 9.913982, 5.583992 ], [ 9.915698, 5.581477 ], [ 9.917703, 5.581043 ], [ 9.919207, 5.579891 ], [ 9.920496, 5.579674 ], [ 9.924292, 5.578088 ], [ 9.927872, 5.576216 ], [ 9.93317, 5.573766 ], [ 9.937971, 5.573399 ], [ 9.940334, 5.572319 ], [ 9.942696, 5.570951 ], [ 9.944692, 5.570714 ], [ 9.964542, 5.602343 ], [ 9.955713, 5.613864 ], [ 9.963975, 5.625665 ], [ 9.964958, 5.626171 ], [ 9.967777, 5.626405 ], [ 9.969689, 5.626785 ], [ 9.971744, 5.627356 ], [ 9.971985, 5.628457 ], [ 9.972989, 5.62903 ], [ 9.97481, 5.628911 ], [ 9.969966, 5.641038 ], [ 9.991746, 5.656836 ], [ 9.980908, 5.665971 ], [ 9.982367, 5.670815 ], [ 9.968278, 5.67778 ], [ 9.965619, 5.685926 ], [ 9.964566, 5.686425 ], [ 9.964138, 5.687359 ], [ 9.962992, 5.688043 ], [ 9.961237, 5.688584 ], [ 9.960845, 5.689698 ], [ 9.959806, 5.690023 ], [ 9.958551, 5.68963 ], [ 9.957044, 5.688556 ], [ 9.955718, 5.688378 ], [ 9.954094, 5.689111 ], [ 9.954431, 5.690211 ], [ 9.954934, 5.69118 ], [ 9.957087, 5.693043 ], [ 9.957843, 5.694586 ], [ 9.958095, 5.695375 ], [ 9.959244, 5.696917 ], [ 9.960896, 5.698817 ], [ 9.962082, 5.701256 ], [ 9.962876, 5.704199 ], [ 9.96342, 5.708003 ], [ 9.964138, 5.709007 ], [ 9.965322, 5.709759 ], [ 9.948317, 5.72905 ], [ 9.932615, 5.735643 ], [ 9.93191, 5.735262 ], [ 9.92994, 5.735445 ], [ 9.928824, 5.732682 ], [ 9.925846, 5.730533 ], [ 9.924699, 5.730176 ], [ 9.921972, 5.728421 ], [ 9.920036, 5.728208 ], [ 9.918171, 5.72717 ], [ 9.91681, 5.727424 ] ] ] ] } },
{ "type": "Feature", "properties": { "tg_type": "FON.AIRE_PROTEGEE", "nom": "Mbam et Djerem", "source_id": "6DED3443-824D-4B4A-B301-3243BD66E865", "source": "MINFOF_WRI_ATLAS_FORESTIER_SIG_2018", "statut": "IMPORTE", "date_source": "2015-12-15", "regime_tg": "AIRE_PROTEGEE", "categorie": "aire_protegee", "desc_type": "Parc national", "cat_uicn": "II", "wdpaid": 20166.0, "statu_crea": "cree", "statu_amgt": "amenge", "date_prop": null, "date_crea": "2000-01-06", "date_amgt": "2007-07-05", "sup_adm_ha": 416512, "sup_sig_ha": 429088.0 }, "geometry": { "type": "MultiPolygon", "coordinates": [ [ [ [ 12.750268, 6.209346 ], [ 12.749671, 6.209941 ], [ 12.749303, 6.210353 ], [ 12.74889, 6.210765 ], [ 12.748522, 6.211176 ], [ 12.747787, 6.21177 ], [ 12.747099, 6.21209 ], [ 12.746321, 6.211905 ], [ 12.745955, 6.211353 ], [ 12.745774, 6.210757 ], [ 12.745683, 6.210206 ], [ 12.745502, 6.209472 ], [ 12.74477, 6.209103 ], [ 12.7439, 6.209008 ], [ 12.743167, 6.209007 ], [ 12.74257, 6.209097 ], [ 12.742389, 6.208409 ], [ 12.742803, 6.207675 ], [ 12.74308, 6.20708 ], [ 12.743265, 6.206484 ], [ 12.742992, 6.205612 ], [ 12.742259, 6.205748 ], [ 12.741524, 6.20648 ], [ 12.741201, 6.206938 ], [ 12.740513, 6.207486 ], [ 12.73987, 6.207806 ], [ 12.739228, 6.207987 ], [ 12.738678, 6.208032 ], [ 12.737898, 6.208397 ], [ 12.737576, 6.208901 ], [ 12.73707, 6.209679 ], [ 12.736519, 6.210045 ], [ 12.735694, 6.210089 ], [ 12.734869, 6.210086 ], [ 12.734181, 6.210726 ], [ 12.733537, 6.211367 ], [ 12.732895, 6.211778 ], [ 12.732253, 6.211914 ], [ 12.731657, 6.211912 ], [ 12.731429, 6.211362 ], [ 12.731798, 6.210445 ], [ 12.732258, 6.209804 ], [ 12.732214, 6.209208 ], [ 12.731895, 6.208565 ], [ 12.731531, 6.207693 ], [ 12.731441, 6.20705 ], [ 12.731672, 6.206179 ], [ 12.732087, 6.205492 ], [ 12.732272, 6.20485 ], [ 12.732457, 6.204163 ], [ 12.732459, 6.203521 ], [ 12.732369, 6.202879 ], [ 12.731867, 6.202234 ], [ 12.731455, 6.201866 ], [ 12.730907, 6.20136 ], [ 12.730496, 6.200809 ], [ 12.73004, 6.20012 ], [ 12.729812, 6.199523 ], [ 12.729585, 6.198972 ], [ 12.729128, 6.198329 ], [ 12.728579, 6.198052 ], [ 12.727892, 6.198004 ], [ 12.727251, 6.197866 ], [ 12.726105, 6.198091 ], [ 12.724822, 6.198042 ], [ 12.724456, 6.197537 ], [ 12.723907, 6.197169 ], [ 12.723037, 6.196982 ], [ 12.722487, 6.197164 ], [ 12.721845, 6.1973 ], [ 12.721067, 6.196977 ], [ 12.720335, 6.196608 ], [ 12.719738, 6.197019 ], [ 12.719187, 6.197431 ], [ 12.718545, 6.197612 ], [ 12.717995, 6.197382 ], [ 12.718044, 6.196556 ], [ 12.71823, 6.195502 ], [ 12.718415, 6.194723 ], [ 12.718372, 6.193897 ], [ 12.718099, 6.193346 ], [ 12.717595, 6.192977 ], [ 12.716863, 6.1927 ], [ 12.716129, 6.192928 ], [ 12.715212, 6.193062 ], [ 12.714755, 6.192741 ], [ 12.714023, 6.192464 ], [ 12.713105, 6.192736 ], [ 12.712555, 6.192918 ], [ 12.711915, 6.19255 ], [ 12.711963, 6.191908 ], [ 12.712194, 6.191128 ], [ 12.711967, 6.190211 ], [ 12.711327, 6.18975 ], [ 12.710641, 6.18929 ], [ 12.710046, 6.188783 ], [ 12.709545, 6.188048 ], [ 12.709179, 6.187588 ], [ 12.708539, 6.187036 ], [ 12.708082, 6.186576 ], [ 12.707625, 6.186254 ], [ 12.707213, 6.185978 ], [ 12.706664, 6.185563 ], [ 12.70607, 6.185194 ], [ 12.7052, 6.185009 ], [ 12.704697, 6.184595 ], [ 12.704241, 6.183722 ], [ 12.704106, 6.183079 ], [ 12.704108, 6.182391 ], [ 12.704156, 6.18152 ], [ 12.70425, 6.180557 ], [ 12.703747, 6.180097 ], [ 12.703199, 6.179682 ], [ 12.702925, 6.179177 ], [ 12.702835, 6.178627 ], [ 12.702882, 6.178076 ], [ 12.703067, 6.177526 ], [ 12.703436, 6.176702 ], [ 12.703667, 6.17606 ], [ 12.703807, 6.175418 ], [ 12.703763, 6.174776 ], [ 12.703764, 6.174179 ], [ 12.703765, 6.173904 ], [ 12.703356, 6.172757 ], [ 12.7029, 6.171792 ], [ 12.702581, 6.171149 ], [ 12.7024, 6.170369 ], [ 12.702265, 6.169451 ], [ 12.702038, 6.168854 ], [ 12.701672, 6.168394 ], [ 12.70117, 6.168072 ], [ 12.700621, 6.167657 ], [ 12.69989, 6.167059 ], [ 12.699433, 6.166508 ], [ 12.699067, 6.166048 ], [ 12.698794, 6.165543 ], [ 12.698385, 6.164257 ], [ 12.697607, 6.164025 ], [ 12.697288, 6.16352 ], [ 12.696785, 6.162968 ], [ 12.696191, 6.162462 ], [ 12.695734, 6.162139 ], [ 12.695001, 6.161908 ], [ 12.694452, 6.161677 ], [ 12.69395, 6.161171 ], [ 12.69363, 6.16062 ], [ 12.693578, 6.15977 ], [ 12.690742, 6.158163 ], [ 12.687815, 6.157566 ], [ 12.685392, 6.157383 ], [ 12.683151, 6.156602 ], [ 12.681229, 6.155546 ], [ 12.679034, 6.154214 ], [ 12.677205, 6.153249 ], [ 12.674872, 6.15279 ], [ 12.673272, 6.152331 ], [ 12.671533, 6.15155 ], [ 12.670253, 6.151597 ], [ 12.668836, 6.152056 ], [ 12.66719, 6.152378 ], [ 12.665452, 6.152102 ], [ 12.663805, 6.151413 ], [ 12.661884, 6.150357 ], [ 12.660695, 6.149485 ], [ 12.659003, 6.148382 ], [ 12.657814, 6.147969 ], [ 12.656442, 6.148015 ], [ 12.655025, 6.150267 ], [ 12.651869, 6.148383 ], [ 12.648484, 6.146547 ], [ 12.646701, 6.145858 ], [ 12.644185, 6.145766 ], [ 12.64199, 6.145811 ], [ 12.639704, 6.145904 ], [ 12.637417, 6.145812 ], [ 12.635725, 6.14595 ], [ 12.633759, 6.146731 ], [ 12.632387, 6.147787 ], [ 12.630924, 6.148798 ], [ 12.628729, 6.149626 ], [ 12.625757, 6.149809 ], [ 12.624156, 6.149947 ], [ 12.622327, 6.150177 ], [ 12.618257, 6.151326 ], [ 12.615742, 6.151601 ], [ 12.613318, 6.151601 ], [ 12.611535, 6.150958 ], [ 12.609385, 6.149902 ], [ 12.607235, 6.149075 ], [ 12.605772, 6.149121 ], [ 12.604217, 6.149488 ], [ 12.602753, 6.149672 ], [ 12.601565, 6.149442 ], [ 12.600101, 6.149075 ], [ 12.598684, 6.148937 ], [ 12.597129, 6.149029 ], [ 12.596168, 6.148753 ], [ 12.594476, 6.147329 ], [ 12.593333, 6.14742 ], [ 12.592372, 6.148569 ], [ 12.591275, 6.149856 ], [ 12.590086, 6.150361 ], [ 12.588714, 6.150085 ], [ 12.587021, 6.148753 ], [ 12.585467, 6.147604 ], [ 12.583317, 6.14641 ], [ 12.581259, 6.145492 ], [ 12.579612, 6.145124 ], [ 12.5776, 6.144802 ], [ 12.575816, 6.144664 ], [ 12.574032, 6.14471 ], [ 12.572615, 6.144526 ], [ 12.571014, 6.144388 ], [ 12.56827, 6.143515 ], [ 12.564656, 6.142596 ], [ 12.56173, 6.143147 ], [ 12.559809, 6.143238 ], [ 12.557431, 6.142642 ], [ 12.555601, 6.141584 ], [ 12.553817, 6.140666 ], [ 12.552537, 6.140344 ], [ 12.550616, 6.140022 ], [ 12.549107, 6.139149 ], [ 12.547368, 6.138046 ], [ 12.545173, 6.137448 ], [ 12.544737, 6.137339 ], [ 12.543075, 6.137616 ], [ 12.542342, 6.137567 ], [ 12.54138, 6.137335 ], [ 12.54074, 6.137195 ], [ 12.540052, 6.137194 ], [ 12.539227, 6.137329 ], [ 12.538355, 6.137647 ], [ 12.537712, 6.137966 ], [ 12.53707, 6.138285 ], [ 12.53661, 6.138651 ], [ 12.536197, 6.139062 ], [ 12.535783, 6.139566 ], [ 12.535093, 6.140298 ], [ 12.534495, 6.140801 ], [ 12.534036, 6.141304 ], [ 12.53353, 6.141899 ], [ 12.533023, 6.142677 ], [ 12.532836, 6.14387 ], [ 12.53265, 6.14465 ], [ 12.532511, 6.145199 ], [ 12.532463, 6.14575 ], [ 12.532552, 6.14676 ], [ 12.532504, 6.147448 ], [ 12.532365, 6.147998 ], [ 12.531675, 6.148684 ], [ 12.53117, 6.149003 ], [ 12.530527, 6.149323 ], [ 12.529931, 6.149504 ], [ 12.529014, 6.149731 ], [ 12.528464, 6.149775 ], [ 12.527318, 6.149634 ], [ 12.526677, 6.149494 ], [ 12.525853, 6.149354 ], [ 12.525257, 6.149352 ], [ 12.524616, 6.149213 ], [ 12.523653, 6.149164 ], [ 12.523104, 6.149162 ], [ 12.522232, 6.149389 ], [ 12.521452, 6.149708 ], [ 12.520809, 6.150027 ], [ 12.520028, 6.150529 ], [ 12.519341, 6.15071 ], [ 12.518607, 6.150846 ], [ 12.517965, 6.150844 ], [ 12.51737, 6.150842 ], [ 12.517199, 6.150799 ], [ 12.517087, 6.150399 ], [ 12.516519, 6.149123 ], [ 12.516136, 6.147938 ], [ 12.515889, 6.146613 ], [ 12.51569, 6.145379 ], [ 12.515491, 6.144191 ], [ 12.515195, 6.142592 ], [ 12.514994, 6.141221 ], [ 12.515117, 6.140074 ], [ 12.515286, 6.138881 ], [ 12.515177, 6.137509 ], [ 12.515068, 6.136091 ], [ 12.515135, 6.134076 ], [ 12.515166, 6.13293 ], [ 12.51529, 6.131784 ], [ 12.516003, 6.130035 ], [ 12.516497, 6.129068 ], [ 12.517085, 6.128191 ], [ 12.518356, 6.126847 ], [ 12.518988, 6.125923 ], [ 12.519798, 6.124494 ], [ 12.520511, 6.122654 ], [ 12.52109, 6.121182 ], [ 12.521122, 6.120036 ], [ 12.520919, 6.118528 ], [ 12.520489, 6.117251 ], [ 12.520062, 6.116157 ], [ 12.51959, 6.115247 ], [ 12.518884, 6.113928 ], [ 12.51781, 6.112705 ], [ 12.516233, 6.111579 ], [ 12.514658, 6.110728 ], [ 12.513406, 6.109919 ], [ 12.512658, 6.108921 ], [ 12.512735, 6.107684 ], [ 12.513183, 6.106762 ], [ 12.51363, 6.105704 ], [ 12.513433, 6.104699 ], [ 12.512539, 6.103107 ], [ 12.51188, 6.101879 ], [ 12.511362, 6.100924 ], [ 12.510936, 6.099921 ], [ 12.510647, 6.098917 ], [ 12.510446, 6.0975 ], [ 12.527329, 6.097436 ], [ 12.527962, 6.09605 ], [ 12.527605, 6.093614 ], [ 12.526328, 6.091868 ], [ 12.524361, 6.090076 ], [ 12.522945, 6.088192 ], [ 12.522171, 6.086492 ], [ 12.521629, 6.084332 ], [ 12.521043, 6.082081 ], [ 12.520135, 6.080932 ], [ 12.518865, 6.079186 ], [ 12.518186, 6.07744 ], [ 12.518204, 6.075503 ], [ 12.518193, 6.075342 ], [ 12.518378, 6.07493 ], [ 12.518289, 6.074104 ], [ 12.517878, 6.073506 ], [ 12.51733, 6.072999 ], [ 12.516873, 6.0724 ], [ 12.516234, 6.071847 ], [ 12.51619, 6.071204 ], [ 12.516191, 6.0707 ], [ 12.516193, 6.070057 ], [ 12.516241, 6.069461 ], [ 12.516152, 6.068588 ], [ 12.515972, 6.067761 ], [ 12.515654, 6.066934 ], [ 12.515518, 6.066291 ], [ 12.515566, 6.065648 ], [ 12.515752, 6.064731 ], [ 12.515937, 6.064272 ], [ 12.516122, 6.063814 ], [ 12.516583, 6.062943 ], [ 12.516906, 6.062394 ], [ 12.517136, 6.061981 ], [ 12.517414, 6.061386 ], [ 12.517598, 6.060881 ], [ 12.517783, 6.060468 ], [ 12.518059, 6.060102 ], [ 12.518473, 6.059599 ], [ 12.518795, 6.059141 ], [ 12.519257, 6.058224 ], [ 12.519902, 6.057033 ], [ 12.52027, 6.05653 ], [ 12.520963, 6.054787 ], [ 12.521195, 6.054054 ], [ 12.521518, 6.053229 ], [ 12.521796, 6.052358 ], [ 12.521936, 6.051761 ], [ 12.522167, 6.051027 ], [ 12.522445, 6.050156 ], [ 12.522539, 6.049514 ], [ 12.522633, 6.048642 ], [ 12.522635, 6.048137 ], [ 12.522545, 6.047403 ], [ 12.522547, 6.046852 ], [ 12.522595, 6.046163 ], [ 12.522599, 6.045245 ], [ 12.522508, 6.04474 ], [ 12.522419, 6.044189 ], [ 12.522283, 6.043546 ], [ 12.522012, 6.042398 ], [ 12.521511, 6.041294 ], [ 12.521239, 6.040513 ], [ 12.521057, 6.040099 ], [ 12.520692, 6.039638 ], [ 12.520418, 6.03927 ], [ 12.520099, 6.03881 ], [ 12.519597, 6.038212 ], [ 12.519139, 6.037981 ], [ 12.518499, 6.037658 ], [ 12.51763, 6.037287 ], [ 12.517127, 6.036919 ], [ 12.516761, 6.03655 ], [ 12.516122, 6.035951 ], [ 12.515756, 6.035628 ], [ 12.515392, 6.034893 ], [ 12.515073, 6.034295 ], [ 12.514984, 6.033514 ], [ 12.51494, 6.03278 ], [ 12.514944, 6.031724 ], [ 12.514991, 6.031219 ], [ 12.515039, 6.030715 ], [ 12.515087, 6.02998 ], [ 12.515319, 6.0292 ], [ 12.515504, 6.028605 ], [ 12.515507, 6.027732 ], [ 12.516014, 6.026679 ], [ 12.516199, 6.02622 ], [ 12.516338, 6.025762 ], [ 12.516478, 6.025027 ], [ 12.516617, 6.024477 ], [ 12.516802, 6.023973 ], [ 12.517079, 6.023377 ], [ 12.517264, 6.022919 ], [ 12.517449, 6.02246 ], [ 12.51768, 6.02191 ], [ 12.517957, 6.021314 ], [ 12.51828, 6.020719 ], [ 12.518465, 6.020261 ], [ 12.518787, 6.019619 ], [ 12.518973, 6.019115 ], [ 12.51925, 6.018381 ], [ 12.519435, 6.017739 ], [ 12.51962, 6.017234 ], [ 12.51976, 6.016731 ], [ 12.519992, 6.015767 ], [ 12.520224, 6.014988 ], [ 12.5205, 6.014483 ], [ 12.521099, 6.013613 ], [ 12.521604, 6.013248 ], [ 12.522063, 6.012974 ], [ 12.522385, 6.012654 ], [ 12.522799, 6.012288 ], [ 12.523305, 6.011602 ], [ 12.523719, 6.011052 ], [ 12.524133, 6.010594 ], [ 12.524364, 6.010136 ], [ 12.524548, 6.009723 ], [ 12.524918, 6.008945 ], [ 12.525241, 6.008165 ], [ 12.525472, 6.007615 ], [ 12.525656, 6.007203 ], [ 12.526025, 6.006745 ], [ 12.526301, 6.006379 ], [ 12.526531, 6.00592 ], [ 12.527037, 6.005279 ], [ 12.527544, 6.004638 ], [ 12.527911, 6.004273 ], [ 12.528693, 6.003678 ], [ 12.529105, 6.003497 ], [ 12.529748, 6.003131 ], [ 12.530436, 6.002858 ], [ 12.531775, 6.002506 ], [ 12.531574, 6.002198 ], [ 12.530286, 6.000229 ], [ 12.531876, 6.000229 ], [ 12.53085, 5.995513 ], [ 12.530117, 5.992985 ], [ 12.527088, 5.990643 ], [ 12.525941, 5.988986 ], [ 12.524932, 5.986367 ], [ 12.523418, 5.984115 ], [ 12.52172, 5.982965 ], [ 12.518691, 5.981402 ], [ 12.517499, 5.978231 ], [ 12.516902, 5.975519 ], [ 12.513965, 5.979426 ], [ 12.513185, 5.982366 ], [ 12.511487, 5.984389 ], [ 12.509743, 5.987468 ], [ 12.507436, 5.99043 ], [ 12.502355, 5.991374 ], [ 12.497811, 5.990178 ], [ 12.493315, 5.987971 ], [ 12.489047, 5.986775 ], [ 12.485376, 5.987143 ], [ 12.482669, 5.98682 ], [ 12.480191, 5.984569 ], [ 12.477623, 5.978455 ], [ 12.475284, 5.972662 ], [ 12.47354, 5.967332 ], [ 12.471568, 5.96393 ], [ 12.467897, 5.962091 ], [ 12.464548, 5.960207 ], [ 12.46175, 5.957126 ], [ 12.458539, 5.953633 ], [ 12.455144, 5.950277 ], [ 12.450831, 5.948438 ], [ 12.445189, 5.946875 ], [ 12.43982, 5.944161 ], [ 12.435003, 5.943286 ], [ 12.431195, 5.94154 ], [ 12.426745, 5.939379 ], [ 12.423702, 5.938008 ], [ 12.420304, 5.935178 ], [ 12.405689, 5.923011 ], [ 12.407159, 5.919475 ], [ 12.407343, 5.916257 ], [ 12.40794, 5.913775 ], [ 12.40762, 5.91065 ], [ 12.407023, 5.907755 ], [ 12.406331, 5.904977 ], [ 12.406322, 5.904937 ], [ 12.404828, 5.903554 ], [ 12.401847, 5.900705 ], [ 12.400241, 5.898775 ], [ 12.399273, 5.896807 ], [ 12.398636, 5.895511 ], [ 12.398478, 5.894036 ], [ 12.398223, 5.89165 ], [ 12.397718, 5.888066 ], [ 12.397077, 5.886135 ], [ 12.39515, 5.884618 ], [ 12.393701, 5.883456 ], [ 12.393545, 5.883331 ], [ 12.392811, 5.879976 ], [ 12.391848, 5.874783 ], [ 12.391343, 5.870646 ], [ 12.390677, 5.867534 ], [ 12.39038, 5.866143 ], [ 12.389876, 5.861548 ], [ 12.390244, 5.856906 ], [ 12.391757, 5.85222 ], [ 12.392212, 5.850355 ], [ 12.392539, 5.849017 ], [ 12.39676, 5.84888 ], [ 12.401852, 5.848651 ], [ 12.408091, 5.848331 ], [ 12.412172, 5.848975 ], [ 12.415096, 5.849905 ], [ 12.415934, 5.850171 ], [ 12.414513, 5.846631 ], [ 12.41405, 5.845723 ], [ 12.413219, 5.844092 ], [ 12.413348, 5.842918 ], [ 12.413734, 5.839417 ], [ 12.415202, 5.834958 ], [ 12.416762, 5.832247 ], [ 12.418184, 5.82926 ], [ 12.419148, 5.827147 ], [ 12.421305, 5.825216 ], [ 12.423966, 5.822643 ], [ 12.42369, 5.820253 ], [ 12.422911, 5.817312 ], [ 12.422269, 5.814186 ], [ 12.423141, 5.811705 ], [ 12.426353, 5.807292 ], [ 12.426949, 5.804351 ], [ 12.426811, 5.801135 ], [ 12.4275, 5.798378 ], [ 12.428693, 5.795115 ], [ 12.429152, 5.791852 ], [ 12.428923, 5.788818 ], [ 12.428418, 5.786014 ], [ 12.428969, 5.783808 ], [ 12.429749, 5.781188 ], [ 12.430896, 5.779028 ], [ 12.431355, 5.774892 ], [ 12.430437, 5.772732 ], [ 12.428786, 5.771032 ], [ 12.425048, 5.769606 ], [ 12.436905, 5.762162 ], [ 12.444244, 5.763679 ], [ 12.452959, 5.765427 ], [ 12.457362, 5.764554 ], [ 12.458693, 5.761796 ], [ 12.459564, 5.758901 ], [ 12.4625, 5.756833 ], [ 12.467499, 5.756833 ], [ 12.47204, 5.756511 ], [ 12.478966, 5.755546 ], [ 12.482223, 5.754351 ], [ 12.483644, 5.751869 ], [ 12.485571, 5.747825 ], [ 12.487313, 5.74378 ], [ 12.490157, 5.742768 ], [ 12.493963, 5.741711 ], [ 12.493689, 5.739644 ], [ 12.492083, 5.736702 ], [ 12.490019, 5.732703 ], [ 12.489835, 5.730176 ], [ 12.490477, 5.726682 ], [ 12.49066, 5.723327 ], [ 12.490568, 5.719558 ], [ 12.492495, 5.716617 ], [ 12.492356, 5.71335 ], [ 12.490293, 5.716203 ], [ 12.485845, 5.720799 ], [ 12.48245, 5.722362 ], [ 12.478918, 5.723189 ], [ 12.4758, 5.723603 ], [ 12.471726, 5.722574 ], [ 12.468645, 5.720662 ], [ 12.465388, 5.719834 ], [ 12.462399, 5.719102 ], [ 12.458967, 5.716249 ], [ 12.456262, 5.713446 ], [ 12.453005, 5.709769 ], [ 12.449611, 5.708621 ], [ 12.446538, 5.709585 ], [ 12.442915, 5.711745 ], [ 12.441585, 5.714687 ], [ 12.441034, 5.718777 ], [ 12.440226, 5.72216 ], [ 12.438558, 5.724475 ], [ 12.43576, 5.726314 ], [ 12.43099, 5.728198 ], [ 12.428468, 5.728979 ], [ 12.42645, 5.728933 ], [ 12.423377, 5.730403 ], [ 12.421313, 5.731368 ], [ 12.417965, 5.732379 ], [ 12.415854, 5.734447 ], [ 12.411286, 5.738889 ], [ 12.399714, 5.734433 ], [ 12.399643, 5.730721 ], [ 12.401936, 5.728056 ], [ 12.404916, 5.72553 ], [ 12.406338, 5.723369 ], [ 12.406796, 5.720199 ], [ 12.406611, 5.716707 ], [ 12.404961, 5.714868 ], [ 12.400833, 5.710961 ], [ 12.39932, 5.708985 ], [ 12.397898, 5.706687 ], [ 12.395467, 5.704021 ], [ 12.392532, 5.702963 ], [ 12.390469, 5.70117 ], [ 12.389318, 5.698865 ], [ 12.393019, 5.695703 ], [ 12.397512, 5.694325 ], [ 12.399485, 5.69221 ], [ 12.400494, 5.688855 ], [ 12.401091, 5.685362 ], [ 12.400862, 5.682329 ], [ 12.399211, 5.680077 ], [ 12.39733, 5.67856 ], [ 12.395451, 5.675252 ], [ 12.394396, 5.673504 ], [ 12.392057, 5.672356 ], [ 12.389443, 5.66923 ], [ 12.38926, 5.665508 ], [ 12.391049, 5.662566 ], [ 12.394397, 5.661096 ], [ 12.397607, 5.659763 ], [ 12.402101, 5.659855 ], [ 12.408383, 5.659672 ], [ 12.414436, 5.658983 ], [ 12.418518, 5.659213 ], [ 12.421819, 5.659168 ], [ 12.425533, 5.658524 ], [ 12.432504, 5.657513 ], [ 12.43686, 5.656181 ], [ 12.438695, 5.654663 ], [ 12.441858, 5.654157 ], [ 12.444885, 5.653928 ], [ 12.4486, 5.653285 ], [ 12.451718, 5.650757 ], [ 12.454515, 5.649102 ], [ 12.456762, 5.647677 ], [ 12.458866, 5.646995 ], [ 12.459881, 5.646666 ], [ 12.460831, 5.647979 ], [ 12.461211, 5.648505 ], [ 12.463295, 5.647989 ], [ 12.464191, 5.647768 ], [ 12.464744, 5.647807 ], [ 12.465414, 5.647855 ], [ 12.46676, 5.647952 ], [ 12.468778, 5.648826 ], [ 12.4713, 5.649101 ], [ 12.475472, 5.648227 ], [ 12.47965, 5.646392 ], [ 12.482902, 5.644963 ], [ 12.485653, 5.644044 ], [ 12.488267, 5.643257 ], [ 12.488404, 5.643216 ], [ 12.490454, 5.643566 ], [ 12.49056, 5.643584 ], [ 12.490564, 5.643581 ], [ 12.492899, 5.642297 ], [ 12.496061, 5.641158 ], [ 12.496475, 5.641009 ], [ 12.498492, 5.640408 ], [ 12.50017, 5.638853 ], [ 12.500969, 5.638112 ], [ 12.505595, 5.635407 ], [ 12.50667, 5.635226 ], [ 12.509453, 5.634757 ], [ 12.511883, 5.634849 ], [ 12.512932, 5.634755 ], [ 12.514956, 5.634573 ], [ 12.518991, 5.633055 ], [ 12.521189, 5.630801 ], [ 12.52408, 5.63025 ], [ 12.52807, 5.630663 ], [ 12.53119, 5.630709 ], [ 12.535545, 5.629421 ], [ 12.537563, 5.62873 ], [ 12.540132, 5.628501 ], [ 12.542654, 5.628454 ], [ 12.545451, 5.628543 ], [ 12.548065, 5.628361 ], [ 12.55086, 5.62721 ], [ 12.55421, 5.627532 ], [ 12.557466, 5.627486 ], [ 12.560125, 5.627853 ], [ 12.563015, 5.628955 ], [ 12.5654, 5.628128 ], [ 12.567784, 5.627529 ], [ 12.569802, 5.627253 ], [ 12.572142, 5.627298 ], [ 12.573647, 5.627615 ], [ 12.575223, 5.627258 ], [ 12.576266, 5.626618 ], [ 12.577186, 5.625459 ], [ 12.580486, 5.623619 ], [ 12.582059, 5.623066 ], [ 12.584155, 5.62233 ], [ 12.587318, 5.620813 ], [ 12.590208, 5.619157 ], [ 12.59048, 5.61878 ], [ 12.591309, 5.617632 ], [ 12.591766, 5.616997 ], [ 12.592637, 5.614882 ], [ 12.593325, 5.612629 ], [ 12.594699, 5.610377 ], [ 12.595937, 5.607435 ], [ 12.597128, 5.605413 ], [ 12.599354, 5.602783 ], [ 12.599508, 5.6026 ], [ 12.601805, 5.602331 ], [ 12.603655, 5.602339 ], [ 12.60523, 5.602345 ], [ 12.608455, 5.60219 ], [ 12.611115, 5.601454 ], [ 12.613223, 5.600488 ], [ 12.615868, 5.599231 ], [ 12.618008, 5.59924 ], [ 12.619047, 5.599566 ], [ 12.621249, 5.600623 ], [ 12.62368, 5.601128 ], [ 12.626156, 5.601357 ], [ 12.627512, 5.601115 ], [ 12.629, 5.600851 ], [ 12.632943, 5.599378 ], [ 12.636198, 5.598457 ], [ 12.638721, 5.597583 ], [ 12.642572, 5.59735 ], [ 12.644682, 5.597397 ], [ 12.648029, 5.596155 ], [ 12.64991, 5.595281 ], [ 12.65188, 5.594268 ], [ 12.652532, 5.594093 ], [ 12.654953, 5.59344 ], [ 12.658255, 5.592518 ], [ 12.660777, 5.59261 ], [ 12.665088, 5.592056 ], [ 12.67027, 5.591778 ], [ 12.672082, 5.591261 ], [ 12.67559, 5.590259 ], [ 12.678294, 5.589108 ], [ 12.682146, 5.588187 ], [ 12.685081, 5.587312 ], [ 12.687099, 5.586944 ], [ 12.687468, 5.587026 ], [ 12.689988, 5.587585 ], [ 12.692045, 5.587585 ], [ 12.692556, 5.587585 ], [ 12.695994, 5.587214 ], [ 12.696348, 5.587479 ], [ 12.697566, 5.588395 ], [ 12.697831, 5.588593 ], [ 12.698173, 5.589417 ], [ 12.698843, 5.591029 ], [ 12.701365, 5.591718 ], [ 12.704194, 5.592475 ], [ 12.70462, 5.592589 ], [ 12.708979, 5.594196 ], [ 12.711089, 5.595344 ], [ 12.712644, 5.596538 ], [ 12.713062, 5.59686 ], [ 12.715539, 5.597226 ], [ 12.718704, 5.597455 ], [ 12.721226, 5.597913 ], [ 12.723427, 5.597038 ], [ 12.726348, 5.595823 ], [ 12.726902, 5.595593 ], [ 12.729618, 5.595932 ], [ 12.732049, 5.595425 ], [ 12.735671, 5.594411 ], [ 12.737919, 5.595329 ], [ 12.740257, 5.595144 ], [ 12.743285, 5.595694 ], [ 12.746266, 5.596014 ], [ 12.748166, 5.596401 ], [ 12.748514, 5.596472 ], [ 12.748742, 5.594266 ], [ 12.750052, 5.59249 ], [ 12.750438, 5.591967 ], [ 12.750852, 5.59196 ], [ 12.751308, 5.591952 ], [ 12.753235, 5.591918 ], [ 12.754429, 5.594263 ], [ 12.754317, 5.596512 ], [ 12.754293, 5.596974 ], [ 12.754588, 5.596922 ], [ 12.756632, 5.59656 ], [ 12.759293, 5.596834 ], [ 12.761861, 5.596051 ], [ 12.76461, 5.596479 ], [ 12.767091, 5.598392 ], [ 12.768687, 5.599591 ], [ 12.768743, 5.599632 ], [ 12.768962, 5.599687 ], [ 12.771128, 5.600228 ], [ 12.773743, 5.601008 ], [ 12.776358, 5.602799 ], [ 12.776647, 5.603695 ], [ 12.777974, 5.604784 ], [ 12.780285, 5.607897 ], [ 12.784658, 5.612311 ], [ 12.791098, 5.616216 ], [ 12.79781, 5.6165 ], [ 12.800408, 5.612112 ], [ 12.801713, 5.608495 ], [ 12.805334, 5.606698 ], [ 12.806379, 5.603339 ], [ 12.808206, 5.598172 ], [ 12.812339, 5.59767 ], [ 12.816203, 5.596843 ], [ 12.81634, 5.596793 ], [ 12.816541, 5.596771 ], [ 12.820148, 5.596376 ], [ 12.822669, 5.594628 ], [ 12.82542, 5.59219 ], [ 12.827803, 5.589153 ], [ 12.828215, 5.586716 ], [ 12.828029, 5.584693 ], [ 12.827368, 5.58275 ], [ 12.827248, 5.582395 ], [ 12.827366, 5.582176 ], [ 12.828622, 5.579865 ], [ 12.831008, 5.580599 ], [ 12.834539, 5.579815 ], [ 12.836696, 5.579859 ], [ 12.839219, 5.579628 ], [ 12.841514, 5.580362 ], [ 12.841925, 5.577878 ], [ 12.841785, 5.575442 ], [ 12.842838, 5.573648 ], [ 12.845038, 5.571164 ], [ 12.84733, 5.568357 ], [ 12.84887, 5.566939 ], [ 12.850538, 5.565183 ], [ 12.853152, 5.56495 ], [ 12.856778, 5.566557 ], [ 12.859898, 5.566876 ], [ 12.862604, 5.56669 ], [ 12.865266, 5.567149 ], [ 12.867881, 5.567239 ], [ 12.871733, 5.565948 ], [ 12.871178, 5.561075 ], [ 12.867691, 5.559744 ], [ 12.865441, 5.557861 ], [ 12.863008, 5.55584 ], [ 12.86163, 5.553035 ], [ 12.862865, 5.550828 ], [ 12.864106, 5.553126 ], [ 12.866173, 5.555515 ], [ 12.868375, 5.555605 ], [ 12.872502, 5.554637 ], [ 12.875439, 5.554037 ], [ 12.87741, 5.553391 ], [ 12.879887, 5.55339 ], [ 12.882825, 5.555778 ], [ 12.885076, 5.557891 ], [ 12.88847, 5.558027 ], [ 12.889752, 5.556416 ], [ 12.892595, 5.554667 ], [ 12.896542, 5.555077 ], [ 12.896086, 5.558113 ], [ 12.897693, 5.560088 ], [ 12.900861, 5.562661 ], [ 12.903383, 5.562061 ], [ 12.903152, 5.559578 ], [ 12.903563, 5.557554 ], [ 12.904843, 5.554472 ], [ 12.906311, 5.553092 ], [ 12.908097, 5.550424 ], [ 12.910758, 5.550882 ], [ 12.911632, 5.553133 ], [ 12.91168, 5.556169 ], [ 12.912923, 5.559478 ], [ 12.915537, 5.558648 ], [ 12.9176, 5.557451 ], [ 12.920902, 5.556529 ], [ 12.923196, 5.556251 ], [ 12.925213, 5.554547 ], [ 12.926362, 5.556753 ], [ 12.928657, 5.557625 ], [ 12.931132, 5.55629 ], [ 12.93407, 5.556701 ], [ 12.935857, 5.555412 ], [ 12.938516, 5.55403 ], [ 12.940672, 5.554029 ], [ 12.943471, 5.554026 ], [ 12.946405, 5.553242 ], [ 12.949616, 5.55264 ], [ 12.951727, 5.552133 ], [ 12.954617, 5.551394 ], [ 12.957139, 5.550978 ], [ 12.959433, 5.550884 ], [ 12.961725, 5.550056 ], [ 12.965304, 5.550419 ], [ 12.969249, 5.549174 ], [ 12.971313, 5.549126 ], [ 12.973651, 5.548066 ], [ 12.976219, 5.54719 ], [ 12.979384, 5.546544 ], [ 12.983557, 5.545022 ], [ 12.986033, 5.544514 ], [ 12.98984, 5.543268 ], [ 12.993051, 5.542346 ], [ 12.995847, 5.540365 ], [ 12.997818, 5.539168 ], [ 12.999849, 5.538863 ], [ 13.002743, 5.537425 ], [ 13.002519, 5.537841 ], [ 13.00258, 5.537806 ], [ 13.00336, 5.537118 ], [ 13.011152, 5.536173 ], [ 13.01207, 5.535394 ], [ 13.016934, 5.531686 ], [ 13.019547, 5.531232 ], [ 13.031927, 5.526623 ], [ 13.039495, 5.523242 ], [ 13.043531, 5.521 ], [ 13.046695, 5.520181 ], [ 13.048528, 5.519727 ], [ 13.052606, 5.519736 ], [ 13.053797, 5.519968 ], [ 13.055538, 5.519605 ], [ 13.059114, 5.519016 ], [ 13.061629, 5.520996 ], [ 13.062406, 5.521641 ], [ 13.065293, 5.521418 ], [ 13.070039, 5.522467 ], [ 13.072313, 5.522892 ], [ 13.075515, 5.519558 ], [ 13.078493, 5.519197 ], [ 13.079776, 5.519383 ], [ 13.081151, 5.519203 ], [ 13.082251, 5.518976 ], [ 13.082893, 5.518885 ], [ 13.084038, 5.51898 ], [ 13.084863, 5.519165 ], [ 13.08642, 5.519307 ], [ 13.087703, 5.519217 ], [ 13.088711, 5.518898 ], [ 13.090315, 5.518718 ], [ 13.093016, 5.519872 ], [ 13.094344, 5.520794 ], [ 13.095075, 5.521346 ], [ 13.096129, 5.521395 ], [ 13.096954, 5.52135 ], [ 13.099746, 5.522689 ], [ 13.102268, 5.521959 ], [ 13.105518, 5.52339 ], [ 13.106618, 5.523117 ], [ 13.108907, 5.52404 ], [ 13.110647, 5.524366 ], [ 13.111518, 5.52423 ], [ 13.11271, 5.524048 ], [ 13.114266, 5.524558 ], [ 13.115731, 5.525525 ], [ 13.11692, 5.526538 ], [ 13.118247, 5.527414 ], [ 13.119116, 5.52838 ], [ 13.120031, 5.5293 ], [ 13.121082, 5.530313 ], [ 13.122181, 5.530913 ], [ 13.123647, 5.531054 ], [ 13.125021, 5.531148 ], [ 13.125891, 5.531196 ], [ 13.126716, 5.531152 ], [ 13.127678, 5.531016 ], [ 13.128596, 5.530835 ], [ 13.129421, 5.530515 ], [ 13.129696, 5.530331 ], [ 13.130201, 5.529874 ], [ 13.130753, 5.529094 ], [ 13.13112, 5.528773 ], [ 13.131945, 5.528638 ], [ 13.132861, 5.528639 ], [ 13.135337, 5.528323 ], [ 13.136619, 5.528234 ], [ 13.137949, 5.528007 ], [ 13.139553, 5.527459 ], [ 13.141707, 5.527005 ], [ 13.142854, 5.526824 ], [ 13.143908, 5.526642 ], [ 13.145054, 5.526507 ], [ 13.145603, 5.526462 ], [ 13.14762, 5.525961 ], [ 13.147063, 5.527054 ], [ 13.147208, 5.527603 ], [ 13.147399, 5.528244 ], [ 13.147588, 5.528655 ], [ 13.147917, 5.529248 ], [ 13.148518, 5.529654 ], [ 13.148977, 5.529648 ], [ 13.149387, 5.529459 ], [ 13.149889, 5.529223 ], [ 13.150345, 5.529079 ], [ 13.150896, 5.529072 ], [ 13.151449, 5.52934 ], [ 13.151687, 5.529981 ], [ 13.151878, 5.530575 ], [ 13.151931, 5.531126 ], [ 13.151892, 5.531632 ], [ 13.151715, 5.532185 ], [ 13.15131, 5.532787 ], [ 13.150814, 5.533391 ], [ 13.150545, 5.533854 ], [ 13.150185, 5.534456 ], [ 13.149778, 5.534874 ], [ 13.149326, 5.53534 ], [ 13.148873, 5.535851 ], [ 13.148513, 5.536315 ], [ 13.148294, 5.537145 ], [ 13.148303, 5.537834 ], [ 13.148266, 5.538523 ], [ 13.148368, 5.539303 ], [ 13.148513, 5.539898 ], [ 13.148618, 5.540861 ], [ 13.148901, 5.541547 ], [ 13.148954, 5.542052 ], [ 13.149054, 5.542693 ], [ 13.149247, 5.543426 ], [ 13.149485, 5.544112 ], [ 13.149862, 5.544934 ], [ 13.15047, 5.544935 ], [ 13.150699, 5.545842 ], [ 13.15107, 5.546113 ], [ 13.151672, 5.546564 ], [ 13.152043, 5.546881 ], [ 13.152505, 5.547151 ], [ 13.153331, 5.547232 ], [ 13.153789, 5.547134 ], [ 13.154383, 5.547035 ], [ 13.15498, 5.547027 ], [ 13.155577, 5.547112 ], [ 13.15609, 5.547794 ], [ 13.156097, 5.548299 ], [ 13.155422, 5.549272 ], [ 13.155015, 5.549737 ], [ 13.154655, 5.550247 ], [ 13.154293, 5.550665 ], [ 13.153977, 5.551083 ], [ 13.153661, 5.551454 ], [ 13.153026, 5.552014 ], [ 13.152665, 5.552432 ], [ 13.152305, 5.552941 ], [ 13.15199, 5.553405 ], [ 13.151722, 5.55396 ], [ 13.151275, 5.554839 ], [ 13.151235, 5.555298 ], [ 13.15115, 5.555851 ], [ 13.15125, 5.556447 ], [ 13.151484, 5.556857 ], [ 13.151905, 5.557449 ], [ 13.152511, 5.558268 ], [ 13.152977, 5.558813 ], [ 13.15335, 5.559268 ], [ 13.153768, 5.559676 ], [ 13.154463, 5.560264 ], [ 13.155206, 5.560897 ], [ 13.155761, 5.561303 ], [ 13.156457, 5.561938 ], [ 13.157012, 5.562298 ], [ 13.157801, 5.563023 ], [ 13.158129, 5.563524 ], [ 13.158457, 5.564071 ], [ 13.158555, 5.564529 ], [ 13.158701, 5.56517 ], [ 13.158755, 5.565859 ], [ 13.158717, 5.566457 ], [ 13.1584, 5.566782 ], [ 13.1579, 5.56711 ], [ 13.157168, 5.567258 ], [ 13.156572, 5.567265 ], [ 13.156021, 5.567226 ], [ 13.155563, 5.567278 ], [ 13.155107, 5.567468 ], [ 13.154607, 5.567796 ], [ 13.153882, 5.568494 ], [ 13.153613, 5.568957 ], [ 13.153255, 5.569651 ], [ 13.153172, 5.570295 ], [ 13.153, 5.57117 ], [ 13.153237, 5.571764 ], [ 13.153798, 5.572584 ], [ 13.154402, 5.573219 ], [ 13.154683, 5.573675 ], [ 13.155148, 5.574128 ], [ 13.155705, 5.574626 ], [ 13.156076, 5.574943 ], [ 13.156494, 5.575351 ], [ 13.156778, 5.576037 ], [ 13.156922, 5.57654 ], [ 13.157025, 5.577457 ], [ 13.156987, 5.578055 ], [ 13.156995, 5.578653 ], [ 13.157049, 5.579249 ], [ 13.157242, 5.580027 ], [ 13.157342, 5.580669 ], [ 13.157488, 5.581311 ], [ 13.157633, 5.58186 ], [ 13.157915, 5.582407 ], [ 13.158198, 5.582955 ], [ 13.15894, 5.583635 ], [ 13.159265, 5.583951 ], [ 13.159776, 5.584405 ], [ 13.160193, 5.584767 ], [ 13.160475, 5.585268 ], [ 13.160626, 5.586277 ], [ 13.159946, 5.586929 ], [ 13.159537, 5.587164 ], [ 13.159126, 5.587353 ], [ 13.158536, 5.58782 ], [ 13.158127, 5.588147 ], [ 13.157719, 5.588474 ], [ 13.157131, 5.589079 ], [ 13.156814, 5.58945 ], [ 13.156546, 5.589959 ], [ 13.156509, 5.590602 ], [ 13.156748, 5.591381 ], [ 13.156987, 5.592158 ], [ 13.15723, 5.593166 ], [ 13.157422, 5.593806 ], [ 13.157566, 5.594002 ], [ 13.157669, 5.595181 ], [ 13.157219, 5.59583 ], [ 13.156717, 5.596066 ], [ 13.15626, 5.596164 ], [ 13.155623, 5.596586 ], [ 13.155172, 5.597143 ], [ 13.154766, 5.597654 ], [ 13.154363, 5.598394 ], [ 13.154277, 5.598854 ], [ 13.154331, 5.599497 ], [ 13.154568, 5.600091 ], [ 13.154621, 5.600196 ], [ 13.154993, 5.60105 ], [ 13.154815, 5.601466 ], [ 13.154359, 5.60161 ], [ 13.153632, 5.602124 ], [ 13.153135, 5.602774 ], [ 13.153051, 5.603326 ], [ 13.15297, 5.604108 ], [ 13.152842, 5.60489 ], [ 13.152666, 5.60549 ], [ 13.152489, 5.605998 ], [ 13.152131, 5.6066 ], [ 13.151542, 5.607204 ], [ 13.151136, 5.607669 ], [ 13.150593, 5.608273 ], [ 13.150187, 5.608784 ], [ 13.15029, 5.609656 ], [ 13.150664, 5.610202 ], [ 13.151174, 5.610609 ], [ 13.152049, 5.610919 ], [ 13.152511, 5.611189 ], [ 13.152929, 5.611597 ], [ 13.153119, 5.612053 ], [ 13.153175, 5.61288 ], [ 13.153328, 5.614026 ], [ 13.153744, 5.614296 ], [ 13.154163, 5.614705 ], [ 13.154266, 5.615576 ], [ 13.154136, 5.616221 ], [ 13.154329, 5.616953 ], [ 13.15466, 5.617684 ], [ 13.155174, 5.618412 ], [ 13.155412, 5.619053 ], [ 13.155422, 5.619833 ], [ 13.155199, 5.620341 ], [ 13.155068, 5.620802 ], [ 13.155124, 5.621629 ], [ 13.155455, 5.622405 ], [ 13.155831, 5.623044 ], [ 13.156158, 5.623544 ], [ 13.156485, 5.623999 ], [ 13.15663, 5.624503 ], [ 13.156681, 5.625008 ], [ 13.156091, 5.625429 ], [ 13.155301, 5.624658 ], [ 13.154748, 5.62439 ], [ 13.154338, 5.624624 ], [ 13.154488, 5.625587 ], [ 13.154677, 5.625998 ], [ 13.15482, 5.626456 ], [ 13.154416, 5.627151 ], [ 13.154475, 5.628114 ], [ 13.154715, 5.628938 ], [ 13.154958, 5.629991 ], [ 13.155244, 5.630815 ], [ 13.155208, 5.63155 ], [ 13.154662, 5.631878 ], [ 13.154026, 5.632347 ], [ 13.154126, 5.632988 ], [ 13.154276, 5.633951 ], [ 13.153459, 5.634651 ], [ 13.152829, 5.635531 ], [ 13.1527, 5.636176 ], [ 13.152711, 5.637003 ], [ 13.152812, 5.637737 ], [ 13.15273, 5.638519 ], [ 13.152695, 5.639346 ], [ 13.152656, 5.639898 ], [ 13.152479, 5.640359 ], [ 13.152123, 5.641145 ], [ 13.15176, 5.641517 ], [ 13.151587, 5.642255 ], [ 13.151827, 5.643124 ], [ 13.152107, 5.643488 ], [ 13.152668, 5.644262 ], [ 13.153041, 5.644762 ], [ 13.15337, 5.645401 ], [ 13.153469, 5.645905 ], [ 13.153521, 5.64641 ], [ 13.153106, 5.646535 ], [ 13.15238, 5.646838 ], [ 13.151783, 5.6468 ], [ 13.151147, 5.647222 ], [ 13.150785, 5.647594 ], [ 13.150514, 5.647965 ], [ 13.150298, 5.648932 ], [ 13.150354, 5.649713 ], [ 13.150636, 5.650214 ], [ 13.150917, 5.650716 ], [ 13.151204, 5.651539 ], [ 13.150382, 5.651871 ], [ 13.149647, 5.651789 ], [ 13.149006, 5.651843 ], [ 13.149013, 5.652394 ], [ 13.149433, 5.652941 ], [ 13.149851, 5.653348 ], [ 13.150132, 5.653804 ], [ 13.150203, 5.654244 ], [ 13.150099, 5.654815 ], [ 13.150201, 5.655549 ], [ 13.150115, 5.65601 ], [ 13.14999, 5.65693 ], [ 13.149812, 5.657391 ], [ 13.14959, 5.6579 ], [ 13.14886, 5.658231 ], [ 13.14831, 5.658238 ], [ 13.147583, 5.658799 ], [ 13.148007, 5.659666 ], [ 13.148696, 5.659749 ], [ 13.149481, 5.660106 ], [ 13.15031, 5.660371 ], [ 13.150817, 5.660548 ], [ 13.151378, 5.661414 ], [ 13.151016, 5.661786 ], [ 13.150559, 5.661884 ], [ 13.150059, 5.662212 ], [ 13.149605, 5.662585 ], [ 13.149382, 5.663093 ], [ 13.149253, 5.663692 ], [ 13.149307, 5.664335 ], [ 13.149682, 5.664973 ], [ 13.150233, 5.665012 ], [ 13.150595, 5.66464 ], [ 13.151243, 5.665091 ], [ 13.151387, 5.665548 ], [ 13.151303, 5.666192 ], [ 13.151545, 5.667108 ], [ 13.151826, 5.667564 ], [ 13.152017, 5.668158 ], [ 13.151933, 5.668711 ], [ 13.151339, 5.668902 ], [ 13.150568, 5.669601 ], [ 13.150531, 5.670245 ], [ 13.150169, 5.670663 ], [ 13.149256, 5.670996 ], [ 13.148754, 5.671141 ], [ 13.148208, 5.67147 ], [ 13.14794, 5.67207 ], [ 13.148086, 5.672665 ], [ 13.148776, 5.67284 ], [ 13.149513, 5.67306 ], [ 13.149702, 5.673517 ], [ 13.149432, 5.673888 ], [ 13.149354, 5.674946 ], [ 13.149725, 5.675262 ], [ 13.150328, 5.675806 ], [ 13.150293, 5.676587 ], [ 13.149885, 5.677006 ], [ 13.149571, 5.67747 ], [ 13.149577, 5.677929 ], [ 13.149767, 5.678478 ], [ 13.14996, 5.67921 ], [ 13.150243, 5.679804 ], [ 13.150618, 5.68035 ], [ 13.150881, 5.681022 ], [ 13.150965, 5.682367 ], [ 13.150699, 5.683014 ], [ 13.15011, 5.683619 ], [ 13.149517, 5.683856 ], [ 13.148745, 5.684463 ], [ 13.147741, 5.684844 ], [ 13.147287, 5.685217 ], [ 13.14697, 5.685543 ], [ 13.1467, 5.685914 ], [ 13.146432, 5.686468 ], [ 13.146489, 5.687295 ], [ 13.146821, 5.688163 ], [ 13.147057, 5.688666 ], [ 13.147618, 5.689439 ], [ 13.147903, 5.690171 ], [ 13.147955, 5.690675 ], [ 13.147781, 5.691367 ], [ 13.147468, 5.692013 ], [ 13.147198, 5.692385 ], [ 13.146562, 5.692898 ], [ 13.146108, 5.693272 ], [ 13.145791, 5.693597 ], [ 13.145665, 5.694472 ], [ 13.146131, 5.695017 ], [ 13.146459, 5.695518 ], [ 13.146467, 5.696161 ], [ 13.146437, 5.697356 ], [ 13.146355, 5.698046 ], [ 13.146227, 5.698783 ], [ 13.145405, 5.699115 ], [ 13.145042, 5.699396 ], [ 13.144638, 5.70009 ], [ 13.144599, 5.700642 ], [ 13.144652, 5.701146 ], [ 13.144615, 5.70179 ], [ 13.14472, 5.702799 ], [ 13.144635, 5.703351 ], [ 13.143765, 5.7035 ], [ 13.143309, 5.703644 ], [ 13.142671, 5.70402 ], [ 13.141992, 5.704672 ], [ 13.141496, 5.705368 ], [ 13.141089, 5.705786 ], [ 13.140727, 5.706159 ], [ 13.140278, 5.7069 ], [ 13.139966, 5.707547 ], [ 13.139285, 5.708153 ], [ 13.138098, 5.708582 ], [ 13.137639, 5.708588 ], [ 13.13718, 5.708502 ], [ 13.13649, 5.708327 ], [ 13.135891, 5.708152 ], [ 13.135475, 5.707927 ], [ 13.134554, 5.707664 ], [ 13.134094, 5.707577 ], [ 13.133404, 5.707449 ], [ 13.132394, 5.70737 ], [ 13.131752, 5.707332 ], [ 13.130971, 5.707297 ], [ 13.130466, 5.707257 ], [ 13.129962, 5.70731 ], [ 13.129413, 5.707409 ], [ 13.128816, 5.707371 ], [ 13.128265, 5.707332 ], [ 13.127629, 5.707754 ], [ 13.127036, 5.708083 ], [ 13.126491, 5.708458 ], [ 13.126036, 5.708785 ], [ 13.125537, 5.709205 ], [ 13.125132, 5.709762 ], [ 13.124773, 5.71041 ], [ 13.124186, 5.711107 ], [ 13.123824, 5.711525 ], [ 13.123325, 5.711898 ], [ 13.122448, 5.711496 ], [ 13.121621, 5.71137 ], [ 13.121023, 5.711285 ], [ 13.120565, 5.711292 ], [ 13.119831, 5.711347 ], [ 13.119234, 5.711308 ], [ 13.118497, 5.711042 ], [ 13.117805, 5.71073 ], [ 13.117205, 5.710508 ], [ 13.116518, 5.710563 ], [ 13.115561, 5.711081 ], [ 13.114875, 5.711228 ], [ 13.114281, 5.711419 ], [ 13.113641, 5.71152 ], [ 13.112584, 5.711441 ], [ 13.112031, 5.711219 ], [ 13.111568, 5.710903 ], [ 13.110966, 5.710497 ], [ 13.110458, 5.710229 ], [ 13.109951, 5.710005 ], [ 13.109396, 5.709691 ], [ 13.108796, 5.709469 ], [ 13.108105, 5.709156 ], [ 13.107369, 5.709074 ], [ 13.106545, 5.709177 ], [ 13.106043, 5.709413 ], [ 13.105222, 5.709745 ], [ 13.104626, 5.709799 ], [ 13.103532, 5.710273 ], [ 13.102892, 5.710464 ], [ 13.102204, 5.71052 ], [ 13.101656, 5.710619 ], [ 13.101196, 5.710579 ], [ 13.100279, 5.71059 ], [ 13.099773, 5.710505 ], [ 13.099039, 5.710469 ], [ 13.098394, 5.710294 ], [ 13.097657, 5.710073 ], [ 13.097058, 5.709898 ], [ 13.096505, 5.709675 ], [ 13.095999, 5.709544 ], [ 13.095261, 5.709278 ], [ 13.094527, 5.709287 ], [ 13.094023, 5.709339 ], [ 13.093291, 5.709441 ], [ 13.092741, 5.709494 ], [ 13.091882, 5.709041 ], [ 13.090918, 5.709407 ], [ 13.09023, 5.709635 ], [ 13.089634, 5.709771 ], [ 13.088626, 5.709998 ], [ 13.088075, 5.710181 ], [ 13.08757, 5.710363 ], [ 13.086882, 5.7105 ], [ 13.086011, 5.710773 ], [ 13.08523, 5.711368 ], [ 13.084495, 5.712147 ], [ 13.083944, 5.712835 ], [ 13.082703, 5.714347 ], [ 13.080591, 5.71595 ], [ 13.079261, 5.716406 ], [ 13.078024, 5.716495 ], [ 13.076831, 5.716905 ], [ 13.076049, 5.718098 ], [ 13.07485, 5.721172 ], [ 13.074709, 5.722595 ], [ 13.07402, 5.723604 ], [ 13.073331, 5.724429 ], [ 13.072545, 5.727275 ], [ 13.073506, 5.727874 ], [ 13.074508, 5.730724 ], [ 13.073773, 5.731732 ], [ 13.072624, 5.732969 ], [ 13.071751, 5.733795 ], [ 13.06817, 5.73645 ], [ 13.067527, 5.737229 ], [ 13.067067, 5.738146 ], [ 13.066559, 5.739661 ], [ 13.066189, 5.741175 ], [ 13.063665, 5.742547 ], [ 13.061328, 5.742358 ], [ 13.060821, 5.743367 ], [ 13.060086, 5.744146 ], [ 13.05903, 5.745016 ], [ 13.058205, 5.74506 ], [ 13.057013, 5.744919 ], [ 13.054896, 5.749185 ], [ 13.054573, 5.749965 ], [ 13.053746, 5.75079 ], [ 13.052782, 5.751293 ], [ 13.052003, 5.751521 ], [ 13.05104, 5.751656 ], [ 13.050077, 5.751975 ], [ 13.049432, 5.752984 ], [ 13.049245, 5.754637 ], [ 13.049426, 5.755969 ], [ 13.049367, 5.757332 ], [ 13.049561, 5.758064 ], [ 13.049894, 5.758978 ], [ 13.050041, 5.759758 ], [ 13.050188, 5.760399 ], [ 13.050335, 5.761132 ], [ 13.050482, 5.761819 ], [ 13.050627, 5.762461 ], [ 13.050728, 5.763195 ], [ 13.050738, 5.763884 ], [ 13.050746, 5.764527 ], [ 13.050708, 5.765125 ], [ 13.050627, 5.765953 ], [ 13.050453, 5.766736 ], [ 13.050278, 5.767381 ], [ 13.05001, 5.767936 ], [ 13.049742, 5.768445 ], [ 13.049381, 5.768955 ], [ 13.049021, 5.769465 ], [ 13.048707, 5.769975 ], [ 13.048484, 5.770483 ], [ 13.048309, 5.771174 ], [ 13.048361, 5.771633 ], [ 13.048414, 5.77223 ], [ 13.048424, 5.772919 ], [ 13.048249, 5.77361 ], [ 13.048117, 5.774071 ], [ 13.048031, 5.774486 ], [ 13.047813, 5.775362 ], [ 13.048096, 5.775955 ], [ 13.048474, 5.776777 ], [ 13.048572, 5.777236 ], [ 13.048119, 5.777655 ], [ 13.047709, 5.777936 ], [ 13.047253, 5.778172 ], [ 13.046985, 5.778726 ], [ 13.047129, 5.779184 ], [ 13.047366, 5.779732 ], [ 13.047512, 5.780419 ], [ 13.047521, 5.781062 ], [ 13.047392, 5.781707 ], [ 13.047215, 5.782215 ], [ 13.046765, 5.78291 ], [ 13.046682, 5.783646 ], [ 13.046553, 5.784245 ], [ 13.046469, 5.784843 ], [ 13.046297, 5.785719 ], [ 13.046451, 5.787003 ], [ 13.046645, 5.787781 ], [ 13.04679, 5.788377 ], [ 13.047119, 5.788924 ], [ 13.047721, 5.789421 ], [ 13.048137, 5.7896 ], [ 13.048553, 5.789824 ], [ 13.049294, 5.790366 ], [ 13.04962, 5.790775 ], [ 13.049811, 5.791278 ], [ 13.049865, 5.791967 ], [ 13.049873, 5.792518 ], [ 13.049746, 5.793346 ], [ 13.049707, 5.793898 ], [ 13.049808, 5.794586 ], [ 13.049999, 5.795135 ], [ 13.050281, 5.795636 ], [ 13.050611, 5.796322 ], [ 13.050855, 5.797421 ], [ 13.051004, 5.798292 ], [ 13.050919, 5.798799 ], [ 13.050787, 5.79926 ], [ 13.050609, 5.799721 ], [ 13.050386, 5.800138 ], [ 13.049934, 5.800695 ], [ 13.049524, 5.800884 ], [ 13.049066, 5.800982 ], [ 13.048564, 5.801218 ], [ 13.047558, 5.801461 ], [ 13.046731, 5.801426 ], [ 13.046321, 5.801615 ], [ 13.045961, 5.802171 ], [ 13.045784, 5.802633 ], [ 13.045836, 5.803138 ], [ 13.045983, 5.803825 ], [ 13.046312, 5.804464 ], [ 13.046502, 5.804875 ], [ 13.046972, 5.805742 ], [ 13.047489, 5.806745 ], [ 13.047824, 5.807798 ], [ 13.048014, 5.808255 ], [ 13.048298, 5.80894 ], [ 13.048535, 5.809442 ], [ 13.048635, 5.810176 ], [ 13.048735, 5.810772 ], [ 13.04879, 5.811415 ], [ 13.048753, 5.812151 ], [ 13.04881, 5.812931 ], [ 13.048772, 5.813529 ], [ 13.048825, 5.814125 ], [ 13.048878, 5.814676 ], [ 13.049022, 5.815179 ], [ 13.049258, 5.815681 ], [ 13.049681, 5.816365 ], [ 13.049915, 5.816775 ], [ 13.04988, 5.817603 ], [ 13.049703, 5.818065 ], [ 13.049572, 5.818572 ], [ 13.049532, 5.819032 ], [ 13.049723, 5.819581 ], [ 13.050188, 5.82008 ], [ 13.050608, 5.820626 ], [ 13.050936, 5.821173 ], [ 13.050989, 5.821724 ], [ 13.050814, 5.822369 ], [ 13.050686, 5.82306 ], [ 13.050418, 5.823615 ], [ 13.050102, 5.824032 ], [ 13.050109, 5.824583 ], [ 13.05049, 5.825635 ], [ 13.050817, 5.826091 ], [ 13.051424, 5.826863 ], [ 13.051752, 5.827319 ], [ 13.05194, 5.82773 ], [ 13.052221, 5.828186 ], [ 13.052642, 5.828731 ], [ 13.053063, 5.829369 ], [ 13.053255, 5.83001 ], [ 13.053354, 5.83056 ], [ 13.053132, 5.831114 ], [ 13.052399, 5.831262 ], [ 13.051622, 5.831409 ], [ 13.051072, 5.831509 ], [ 13.051357, 5.83224 ], [ 13.051321, 5.832975 ], [ 13.051465, 5.833479 ], [ 13.051751, 5.834256 ], [ 13.051803, 5.834761 ], [ 13.051765, 5.835359 ], [ 13.051498, 5.83596 ], [ 13.051228, 5.836377 ], [ 13.050865, 5.836703 ], [ 13.050549, 5.83712 ], [ 13.050326, 5.837583 ], [ 13.050379, 5.838179 ], [ 13.050572, 5.83882 ], [ 13.050901, 5.839413 ], [ 13.051368, 5.84005 ], [ 13.051831, 5.840366 ], [ 13.052025, 5.84119 ], [ 13.052034, 5.841879 ], [ 13.052135, 5.842567 ], [ 13.052236, 5.843301 ], [ 13.052152, 5.843853 ], [ 13.051883, 5.844316 ], [ 13.051567, 5.844734 ], [ 13.050976, 5.845155 ], [ 13.050203, 5.845716 ], [ 13.049662, 5.846413 ], [ 13.049121, 5.847155 ], [ 13.048807, 5.847665 ], [ 13.048628, 5.84808 ], [ 13.048452, 5.848634 ], [ 13.048323, 5.849279 ], [ 13.048147, 5.849878 ], [ 13.04797, 5.85034 ], [ 13.047746, 5.850803 ], [ 13.047249, 5.851406 ], [ 13.046751, 5.851872 ], [ 13.046301, 5.852567 ], [ 13.045987, 5.853077 ], [ 13.045904, 5.853767 ], [ 13.045637, 5.854368 ], [ 13.044955, 5.854928 ], [ 13.044364, 5.855304 ], [ 13.044146, 5.856225 ], [ 13.044202, 5.856959 ], [ 13.044254, 5.857464 ], [ 13.044263, 5.858061 ], [ 13.043765, 5.858619 ], [ 13.043175, 5.859086 ], [ 13.04258, 5.859232 ], [ 13.042269, 5.860017 ], [ 13.042003, 5.86071 ], [ 13.04169, 5.861357 ], [ 13.041331, 5.861959 ], [ 13.040505, 5.862016 ], [ 13.040132, 5.861515 ], [ 13.039893, 5.860783 ], [ 13.039749, 5.860325 ], [ 13.039281, 5.859597 ], [ 13.03877, 5.859144 ], [ 13.03831, 5.859058 ], [ 13.037531, 5.85916 ], [ 13.037163, 5.859073 ], [ 13.036661, 5.859263 ], [ 13.036993, 5.860086 ], [ 13.037229, 5.860634 ], [ 13.037329, 5.86123 ], [ 13.03752, 5.861825 ], [ 13.037621, 5.862512 ], [ 13.037674, 5.863063 ], [ 13.037637, 5.863707 ], [ 13.037553, 5.864306 ], [ 13.037284, 5.864815 ], [ 13.037016, 5.865415 ], [ 13.036795, 5.865969 ], [ 13.036664, 5.866476 ], [ 13.036489, 5.867122 ], [ 13.036271, 5.867998 ], [ 13.036048, 5.868506 ], [ 13.035967, 5.869334 ], [ 13.035977, 5.870115 ], [ 13.03594, 5.870804 ], [ 13.035855, 5.871311 ], [ 13.035632, 5.871774 ], [ 13.035134, 5.872285 ], [ 13.034682, 5.872843 ], [ 13.034373, 5.873812 ], [ 13.034522, 5.874591 ], [ 13.03467, 5.87537 ], [ 13.034768, 5.87592 ], [ 13.034779, 5.876701 ], [ 13.034649, 5.877299 ], [ 13.034519, 5.877899 ], [ 13.034297, 5.878499 ], [ 13.033939, 5.879147 ], [ 13.033763, 5.879747 ], [ 13.032995, 5.880676 ], [ 13.032727, 5.881184 ], [ 13.032558, 5.882289 ], [ 13.032748, 5.882838 ], [ 13.033352, 5.883335 ], [ 13.033812, 5.883467 ], [ 13.034363, 5.88346 ], [ 13.034868, 5.883499 ], [ 13.035835, 5.883762 ], [ 13.036251, 5.883987 ], [ 13.037391, 5.884208 ], [ 13.038854, 5.885957 ], [ 13.039402, 5.88706 ], [ 13.040316, 5.887889 ], [ 13.042087, 5.895333 ], [ 13.042636, 5.89584 ], [ 13.045702, 5.898695 ], [ 13.046344, 5.898467 ], [ 13.047307, 5.897918 ], [ 13.048042, 5.897553 ], [ 13.04909, 5.89999 ], [ 13.051103, 5.902291 ], [ 13.051467, 5.903072 ], [ 13.051969, 5.90436 ], [ 13.052241, 5.905278 ], [ 13.051457, 5.907298 ], [ 13.05141, 5.90794 ], [ 13.051455, 5.908491 ], [ 13.051591, 5.908997 ], [ 13.052321, 5.910239 ], [ 13.053694, 5.911207 ], [ 13.056341, 5.916541 ], [ 13.056613, 5.917966 ], [ 13.057252, 5.919161 ], [ 13.057847, 5.91976 ], [ 13.058484, 5.921782 ], [ 13.060037, 5.924312 ], [ 13.060035, 5.925093 ], [ 13.060353, 5.926242 ], [ 13.061268, 5.927162 ], [ 13.062503, 5.928268 ], [ 13.063965, 5.930475 ], [ 13.063917, 5.931302 ], [ 13.063961, 5.932266 ], [ 13.064782, 5.933968 ], [ 13.065743, 5.934796 ], [ 13.066245, 5.93567 ], [ 13.065462, 5.937368 ], [ 13.06491, 5.937826 ], [ 13.064725, 5.938973 ], [ 13.06486, 5.939846 ], [ 13.065087, 5.94072 ], [ 13.065315, 5.941363 ], [ 13.065634, 5.942099 ], [ 13.066045, 5.943156 ], [ 13.066546, 5.944351 ], [ 13.067002, 5.945592 ], [ 13.067636, 5.948809 ], [ 13.067542, 5.949681 ], [ 13.068999, 5.954001 ], [ 13.068721, 5.955379 ], [ 13.067984, 5.956663 ], [ 13.067431, 5.95781 ], [ 13.067062, 5.959049 ], [ 13.067288, 5.960336 ], [ 13.06678, 5.961849 ], [ 13.066183, 5.962354 ], [ 13.065218, 5.963132 ], [ 13.0643, 5.963589 ], [ 13.063382, 5.963908 ], [ 13.062509, 5.964411 ], [ 13.061499, 5.965097 ], [ 13.060946, 5.965968 ], [ 13.060393, 5.96739 ], [ 13.059565, 5.968215 ], [ 13.058876, 5.968856 ], [ 13.058463, 5.969315 ], [ 13.057865, 5.96991 ], [ 13.057176, 5.970551 ], [ 13.056303, 5.971284 ], [ 13.055614, 5.971833 ], [ 13.055245, 5.972659 ], [ 13.056614, 5.975372 ], [ 13.056841, 5.976291 ], [ 13.05601, 5.978631 ], [ 13.055, 5.979363 ], [ 13.05422, 5.979683 ], [ 13.052197, 5.981239 ], [ 13.051692, 5.981743 ], [ 13.050681, 5.982383 ], [ 13.049764, 5.982886 ], [ 13.049119, 5.983757 ], [ 13.048749, 5.984858 ], [ 13.046863, 5.987747 ], [ 13.04296, 5.989895 ], [ 13.043004, 5.990676 ], [ 13.043368, 5.991825 ], [ 13.043412, 5.99279 ], [ 13.042767, 5.99389 ], [ 13.042216, 5.994256 ], [ 13.041711, 5.994484 ], [ 13.040472, 5.994573 ], [ 13.040014, 5.99425 ], [ 13.039237, 5.993467 ], [ 13.038505, 5.992593 ], [ 13.037956, 5.99204 ], [ 13.03704, 5.991946 ], [ 13.035984, 5.992403 ], [ 13.035865, 5.992437 ], [ 13.03502, 5.992676 ], [ 13.033276, 5.993544 ], [ 13.032358, 5.993863 ], [ 13.03167, 5.993999 ], [ 13.031028, 5.994043 ], [ 13.030065, 5.994271 ], [ 13.029513, 5.994682 ], [ 13.029281, 5.995463 ], [ 13.02891, 5.997068 ], [ 13.02813, 5.997434 ], [ 13.027167, 5.997661 ], [ 13.025242, 5.997335 ], [ 13.024093, 5.998251 ], [ 13.023861, 5.999444 ], [ 13.023761, 6.000021 ], [ 13.023549, 6.000021 ], [ 13.023515, 6.00028 ], [ 13.023451, 6.000662 ], [ 13.022947, 6.00117 ], [ 13.022397, 6.001216 ], [ 13.021755, 6.001265 ], [ 13.021204, 6.001358 ], [ 13.020516, 6.001543 ], [ 13.020057, 6.001772 ], [ 13.019599, 6.001864 ], [ 13.01914, 6.001955 ], [ 13.01859, 6.002277 ], [ 13.018538, 6.002393 ], [ 13.017765, 6.003015 ], [ 13.017123, 6.003341 ], [ 13.016665, 6.003577 ], [ 13.015931, 6.003862 ], [ 13.015197, 6.004244 ], [ 13.014784, 6.004436 ], [ 13.014005, 6.004916 ], [ 13.013547, 6.005251 ], [ 13.012722, 6.005825 ], [ 13.012034, 6.006257 ], [ 13.011621, 6.006543 ], [ 13.011208, 6.006828 ], [ 13.010475, 6.007392 ], [ 13.009741, 6.007994 ], [ 13.009283, 6.008314 ], [ 13.008871, 6.008538 ], [ 13.008458, 6.008895 ], [ 13.008339, 6.009009 ], [ 13.007909, 6.009423 ], [ 13.007528, 6.009541 ], [ 13.00662, 6.009821 ], [ 13.005845, 6.010794 ], [ 13.005657, 6.010998 ], [ 13.005341, 6.011353 ], [ 13.00502, 6.011853 ], [ 13.004654, 6.012557 ], [ 13.004288, 6.013107 ], [ 13.003829, 6.013773 ], [ 13.003279, 6.014535 ], [ 13.003265, 6.01455 ], [ 13.002866, 6.014974 ], [ 13.002315, 6.015197 ], [ 13.001857, 6.015146 ], [ 13.001214, 6.015107 ], [ 13.00025, 6.014886 ], [ 12.999991, 6.014788 ], [ 12.999936, 6.014747 ], [ 12.999779, 6.01463 ], [ 12.999094, 6.014124 ], [ 12.998498, 6.014123 ], [ 12.99804, 6.014443 ], [ 12.997626, 6.014855 ], [ 12.997213, 6.015541 ], [ 12.996479, 6.015907 ], [ 12.995998, 6.016159 ], [ 12.995608, 6.016363 ], [ 12.995247, 6.016428 ], [ 12.9946, 6.016544 ], [ 12.994188, 6.016635 ], [ 12.993454, 6.017046 ], [ 12.993052, 6.017346 ], [ 12.992903, 6.017458 ], [ 12.992307, 6.017869 ], [ 12.991757, 6.018234 ], [ 12.991253, 6.018463 ], [ 12.99061, 6.018644 ], [ 12.990081, 6.018581 ], [ 12.989832, 6.018551 ], [ 12.989146, 6.018366 ], [ 12.988368, 6.018226 ], [ 12.987865, 6.017995 ], [ 12.98695, 6.01781 ], [ 12.986353, 6.018084 ], [ 12.985712, 6.018358 ], [ 12.984841, 6.018676 ], [ 12.984016, 6.01895 ], [ 12.98342, 6.019086 ], [ 12.982687, 6.019221 ], [ 12.982137, 6.019496 ], [ 12.981678, 6.019862 ], [ 12.981081, 6.020594 ], [ 12.980758, 6.021235 ], [ 12.980436, 6.022243 ], [ 12.980159, 6.022884 ], [ 12.979929, 6.023434 ], [ 12.97956, 6.024534 ], [ 12.979191, 6.025633 ], [ 12.978456, 6.026319 ], [ 12.978592, 6.027191 ], [ 12.978977, 6.02789 ], [ 12.979047, 6.028017 ], [ 12.979229, 6.028797 ], [ 12.979319, 6.029348 ], [ 12.979226, 6.029944 ], [ 12.978812, 6.03054 ], [ 12.978262, 6.030767 ], [ 12.97762, 6.030995 ], [ 12.977269, 6.031201 ], [ 12.976841, 6.031452 ], [ 12.976289, 6.032138 ], [ 12.975921, 6.033008 ], [ 12.975659, 6.033493 ], [ 12.975599, 6.033604 ], [ 12.97543, 6.033772 ], [ 12.975186, 6.034016 ], [ 12.974459, 6.034378 ], [ 12.974452, 6.034381 ], [ 12.973674, 6.034471 ], [ 12.972941, 6.034514 ], [ 12.972208, 6.034422 ], [ 12.971658, 6.034511 ], [ 12.970832, 6.034339 ], [ 12.969389, 6.034324 ], [ 12.968192, 6.03449 ], [ 12.96749, 6.034777 ], [ 12.96694, 6.035143 ], [ 12.966207, 6.035278 ], [ 12.965383, 6.035047 ], [ 12.965028, 6.034928 ], [ 12.964697, 6.034816 ], [ 12.963872, 6.034768 ], [ 12.963047, 6.035134 ], [ 12.962222, 6.035499 ], [ 12.961809, 6.035956 ], [ 12.96144, 6.036735 ], [ 12.961347, 6.037377 ], [ 12.961208, 6.038064 ], [ 12.96084, 6.038613 ], [ 12.96038, 6.039208 ], [ 12.960013, 6.039712 ], [ 12.959691, 6.040216 ], [ 12.959186, 6.040949 ], [ 12.958864, 6.041406 ], [ 12.958862, 6.042186 ], [ 12.959043, 6.043011 ], [ 12.959251, 6.043684 ], [ 12.95927, 6.043746 ], [ 12.959451, 6.044663 ], [ 12.95954, 6.045856 ], [ 12.959537, 6.046819 ], [ 12.959398, 6.04746 ], [ 12.959259, 6.048286 ], [ 12.959074, 6.049111 ], [ 12.958889, 6.049752 ], [ 12.958881, 6.049771 ], [ 12.958474, 6.050669 ], [ 12.958244, 6.051219 ], [ 12.957968, 6.051768 ], [ 12.957371, 6.0525 ], [ 12.957095, 6.053095 ], [ 12.956864, 6.0536 ], [ 12.956679, 6.054241 ], [ 12.956449, 6.054883 ], [ 12.956172, 6.055524 ], [ 12.95585, 6.05621 ], [ 12.955483, 6.056668 ], [ 12.954978, 6.057172 ], [ 12.954518, 6.057859 ], [ 12.954058, 6.058683 ], [ 12.95346, 6.059461 ], [ 12.953184, 6.060194 ], [ 12.952953, 6.061019 ], [ 12.952814, 6.061798 ], [ 12.952903, 6.062624 ], [ 12.952764, 6.063403 ], [ 12.95267, 6.064367 ], [ 12.952557, 6.065069 ], [ 12.95253, 6.065237 ], [ 12.952475, 6.065332 ], [ 12.952162, 6.065878 ], [ 12.951473, 6.066702 ], [ 12.95083, 6.067159 ], [ 12.950509, 6.067755 ], [ 12.950278, 6.068579 ], [ 12.950597, 6.069176 ], [ 12.951282, 6.06982 ], [ 12.951936, 6.070295 ], [ 12.952105, 6.070418 ], [ 12.952837, 6.070924 ], [ 12.953156, 6.071429 ], [ 12.953245, 6.072163 ], [ 12.953289, 6.072989 ], [ 12.953837, 6.073586 ], [ 12.954294, 6.074091 ], [ 12.954522, 6.07478 ], [ 12.954657, 6.075469 ], [ 12.954655, 6.076202 ], [ 12.954287, 6.077027 ], [ 12.954044, 6.07763 ], [ 12.954011, 6.077713 ], [ 12.953596, 6.078584 ], [ 12.953274, 6.079317 ], [ 12.952997, 6.080096 ], [ 12.952675, 6.080737 ], [ 12.952443, 6.0817 ], [ 12.952029, 6.082662 ], [ 12.951889, 6.083395 ], [ 12.951842, 6.084037 ], [ 12.951841, 6.084679 ], [ 12.951839, 6.085229 ], [ 12.951792, 6.085825 ], [ 12.951751, 6.086116 ], [ 12.951605, 6.087155 ], [ 12.951375, 6.087796 ], [ 12.951233, 6.088164 ], [ 12.951144, 6.088392 ], [ 12.950821, 6.089446 ], [ 12.950087, 6.090223 ], [ 12.949121, 6.091551 ], [ 12.948845, 6.092238 ], [ 12.948843, 6.092835 ], [ 12.948934, 6.093432 ], [ 12.949253, 6.094212 ], [ 12.949572, 6.094716 ], [ 12.950211, 6.095498 ], [ 12.950668, 6.096003 ], [ 12.951125, 6.096371 ], [ 12.951582, 6.096693 ], [ 12.952085, 6.096923 ], [ 12.95268, 6.097063 ], [ 12.953504, 6.097294 ], [ 12.954191, 6.097433 ], [ 12.95497, 6.097618 ], [ 12.95561, 6.097803 ], [ 12.956251, 6.097896 ], [ 12.956729, 6.097897 ], [ 12.956938, 6.097898 ], [ 12.957717, 6.097991 ], [ 12.958541, 6.098177 ], [ 12.959273, 6.098407 ], [ 12.960188, 6.098868 ], [ 12.96079, 6.099206 ], [ 12.961011, 6.099329 ], [ 12.96156, 6.099605 ], [ 12.962017, 6.099928 ], [ 12.962096, 6.100031 ], [ 12.962474, 6.100524 ], [ 12.962241, 6.10109 ], [ 12.962059, 6.101532 ], [ 12.962012, 6.102083 ], [ 12.961965, 6.102679 ], [ 12.961963, 6.103595 ], [ 12.962052, 6.104375 ], [ 12.962095, 6.105384 ], [ 12.96246, 6.106165 ], [ 12.963008, 6.106625 ], [ 12.963786, 6.107039 ], [ 12.964656, 6.107362 ], [ 12.965525, 6.107777 ], [ 12.96644, 6.1081 ], [ 12.96699, 6.108239 ], [ 12.967539, 6.10824 ], [ 12.968593, 6.108288 ], [ 12.969069, 6.108289 ], [ 12.9691, 6.10829 ], [ 12.969692, 6.108291 ], [ 12.970699, 6.108339 ], [ 12.971386, 6.108295 ], [ 12.972074, 6.108296 ], [ 12.972623, 6.108297 ], [ 12.973401, 6.108345 ], [ 12.97418, 6.108347 ], [ 12.974821, 6.108394 ], [ 12.975416, 6.108441 ], [ 12.976149, 6.108535 ], [ 12.976836, 6.108582 ], [ 12.977477, 6.108629 ], [ 12.978027, 6.108631 ], [ 12.978714, 6.108586 ], [ 12.979355, 6.108588 ], [ 12.980408, 6.108682 ], [ 12.981004, 6.108546 ], [ 12.9816, 6.108364 ], [ 12.982353, 6.108011 ], [ 12.98238, 6.107998 ], [ 12.982884, 6.107679 ], [ 12.983343, 6.107358 ], [ 12.984168, 6.106948 ], [ 12.985268, 6.106583 ], [ 12.985909, 6.106539 ], [ 12.986963, 6.106495 ], [ 12.987604, 6.106497 ], [ 12.9882, 6.106498 ], [ 12.989116, 6.1065 ], [ 12.989848, 6.106502 ], [ 12.990627, 6.106366 ], [ 12.991452, 6.106276 ], [ 12.992048, 6.10614 ], [ 12.99276, 6.106066 ], [ 12.995117, 6.105312 ], [ 12.995669, 6.104956 ], [ 12.996265, 6.10459 ], [ 12.99677, 6.104224 ], [ 12.99764, 6.103997 ], [ 12.99819, 6.103953 ], [ 12.998923, 6.103863 ], [ 12.999473, 6.103864 ], [ 12.999944, 6.103611 ], [ 13.001528, 6.103086 ], [ 13.003141, 6.101673 ], [ 13.004427, 6.101403 ], [ 13.005102, 6.101635 ], [ 13.006167, 6.102001 ], [ 13.007773, 6.101612 ], [ 13.008837, 6.100092 ], [ 13.009986, 6.099584 ], [ 13.01006, 6.099539 ], [ 13.011136, 6.09888 ], [ 13.011692, 6.097776 ], [ 13.012299, 6.09578 ], [ 13.013225, 6.094296 ], [ 13.01465, 6.093548 ], [ 13.01626, 6.092576 ], [ 13.017919, 6.091158 ], [ 13.019437, 6.090358 ], [ 13.021547, 6.090343 ], [ 13.021832, 6.090388 ], [ 13.023562, 6.09066 ], [ 13.025209, 6.091584 ], [ 13.028125, 6.099642 ], [ 13.028676, 6.099642 ], [ 13.029181, 6.099596 ], [ 13.029686, 6.099689 ], [ 13.030329, 6.099967 ], [ 13.030834, 6.100245 ], [ 13.031615, 6.100801 ], [ 13.032074, 6.10108 ], [ 13.032946, 6.101548 ], [ 13.033452, 6.101735 ], [ 13.034507, 6.102111 ], [ 13.034966, 6.102253 ], [ 13.035425, 6.102393 ], [ 13.036206, 6.102489 ], [ 13.036756, 6.102399 ], [ 13.037765, 6.101987 ], [ 13.038453, 6.101434 ], [ 13.039141, 6.100929 ], [ 13.039874, 6.100329 ], [ 13.040194, 6.099869 ], [ 13.040652, 6.099454 ], [ 13.041065, 6.099131 ], [ 13.041569, 6.098946 ], [ 13.042808, 6.098713 ], [ 13.044231, 6.098662 ], [ 13.044689, 6.098475 ], [ 13.045332, 6.098288 ], [ 13.045836, 6.098008 ], [ 13.046203, 6.097729 ], [ 13.046936, 6.097356 ], [ 13.047349, 6.097077 ], [ 13.047716, 6.096798 ], [ 13.048266, 6.096334 ], [ 13.048724, 6.095732 ], [ 13.04909, 6.095362 ], [ 13.049594, 6.094853 ], [ 13.050007, 6.094574 ], [ 13.050466, 6.094295 ], [ 13.050832, 6.094017 ], [ 13.051841, 6.093781 ], [ 13.05253, 6.093778 ], [ 13.052989, 6.093868 ], [ 13.05354, 6.093958 ], [ 13.054274, 6.094139 ], [ 13.054779, 6.094183 ], [ 13.055375, 6.094274 ], [ 13.055468, 6.09428 ], [ 13.055972, 6.094317 ], [ 13.056431, 6.094316 ], [ 13.057027, 6.094315 ], [ 13.057988, 6.094334 ], [ 13.058025, 6.095941 ], [ 13.057146, 6.097316 ], [ 13.056268, 6.098646 ], [ 13.055206, 6.099887 ], [ 13.054098, 6.101267 ], [ 13.053219, 6.102697 ], [ 13.052566, 6.104729 ], [ 13.052006, 6.106391 ], [ 13.051584, 6.108237 ], [ 13.050703, 6.109984 ], [ 13.049134, 6.11177 ], [ 13.047474, 6.113317 ], [ 13.046094, 6.114128 ], [ 13.044161, 6.115203 ], [ 13.04255, 6.116372 ], [ 13.041302, 6.118091 ], [ 13.040235, 6.120281 ], [ 13.04018, 6.121987 ], [ 13.039715, 6.123051 ], [ 13.03888, 6.124729 ], [ 13.038047, 6.126226 ], [ 13.037031, 6.127483 ], [ 13.036418, 6.128428 ], [ 13.036302, 6.129593 ], [ 13.036466, 6.13017 ], [ 13.037834, 6.13174 ], [ 13.038053, 6.133506 ], [ 13.037999, 6.135014 ], [ 13.03662, 6.13552 ], [ 13.035884, 6.136083 ], [ 13.034043, 6.137299 ], [ 13.032981, 6.138445 ], [ 13.031778, 6.140721 ], [ 13.030989, 6.142498 ], [ 13.029698, 6.14412 ], [ 13.028409, 6.145263 ], [ 13.026758, 6.145809 ], [ 13.024601, 6.146728 ], [ 13.022671, 6.148247 ], [ 13.021061, 6.149982 ], [ 13.019178, 6.151514 ], [ 13.017296, 6.152929 ], [ 13.015135, 6.155288 ], [ 13.013115, 6.156949 ], [ 13.010319, 6.157775 ], [ 13.008028, 6.158327 ], [ 13.00564, 6.159669 ], [ 13.003895, 6.160231 ], [ 12.999919, 6.159317 ], [ 12.997601, 6.16049 ], [ 12.997002, 6.161386 ], [ 12.996819, 6.161773 ], [ 12.996405, 6.162597 ], [ 12.995992, 6.163055 ], [ 12.995487, 6.163696 ], [ 12.995073, 6.164338 ], [ 12.994884, 6.164557 ], [ 12.994357, 6.165345 ], [ 12.993936, 6.165311 ], [ 12.993879, 6.165343 ], [ 12.992825, 6.165708 ], [ 12.992183, 6.165982 ], [ 12.991588, 6.166118 ], [ 12.990762, 6.166254 ], [ 12.99003, 6.166206 ], [ 12.989297, 6.166113 ], [ 12.98861, 6.165974 ], [ 12.987786, 6.165789 ], [ 12.987145, 6.16565 ], [ 12.986413, 6.165418 ], [ 12.985726, 6.165188 ], [ 12.984994, 6.165003 ], [ 12.984215, 6.164818 ], [ 12.983575, 6.164587 ], [ 12.982797, 6.164219 ], [ 12.982249, 6.163713 ], [ 12.981792, 6.163162 ], [ 12.981426, 6.162748 ], [ 12.980832, 6.162151 ], [ 12.980192, 6.161507 ], [ 12.979506, 6.16091 ], [ 12.978821, 6.160358 ], [ 12.977769, 6.159531 ], [ 12.977175, 6.159025 ], [ 12.976489, 6.158611 ], [ 12.975711, 6.158288 ], [ 12.97507, 6.158103 ], [ 12.974292, 6.157872 ], [ 12.973697, 6.157687 ], [ 12.97269, 6.157502 ], [ 12.971957, 6.15727 ], [ 12.971133, 6.15681 ], [ 12.970585, 6.156351 ], [ 12.970037, 6.15557 ], [ 12.969536, 6.154743 ], [ 12.969124, 6.154375 ], [ 12.968483, 6.154191 ], [ 12.967705, 6.15396 ], [ 12.966744, 6.153545 ], [ 12.965966, 6.15313 ], [ 12.965509, 6.152808 ], [ 12.964914, 6.152623 ], [ 12.96409, 6.152392 ], [ 12.963174, 6.152391 ], [ 12.962395, 6.152526 ], [ 12.961753, 6.152525 ], [ 12.961112, 6.152569 ], [ 12.960562, 6.15266 ], [ 12.960012, 6.152796 ], [ 12.959233, 6.153069 ], [ 12.958408, 6.153297 ], [ 12.957583, 6.153524 ], [ 12.956942, 6.153477 ], [ 12.956072, 6.153383 ], [ 12.955338, 6.153749 ], [ 12.954604, 6.154343 ], [ 12.954098, 6.154892 ], [ 12.953925, 6.155103 ], [ 12.952815, 6.155119 ], [ 12.951808, 6.155025 ], [ 12.951213, 6.154932 ], [ 12.950526, 6.154793 ], [ 12.949976, 6.154837 ], [ 12.94938, 6.154882 ], [ 12.94883, 6.154926 ], [ 12.948235, 6.154971 ], [ 12.947181, 6.15506 ], [ 12.946494, 6.15515 ], [ 12.945577, 6.15524 ], [ 12.944661, 6.15533 ], [ 12.944065, 6.155374 ], [ 12.943149, 6.155601 ], [ 12.942232, 6.155737 ], [ 12.941682, 6.155873 ], [ 12.940903, 6.156009 ], [ 12.940124, 6.156099 ], [ 12.939437, 6.156097 ], [ 12.938613, 6.156141 ], [ 12.937971, 6.156232 ], [ 12.937421, 6.156276 ], [ 12.936687, 6.15655 ], [ 12.935862, 6.156915 ], [ 12.935037, 6.157188 ], [ 12.934211, 6.157599 ], [ 12.933432, 6.15801 ], [ 12.932469, 6.158237 ], [ 12.931415, 6.158418 ], [ 12.93059, 6.158508 ], [ 12.929949, 6.158552 ], [ 12.929353, 6.158597 ], [ 12.92862, 6.158687 ], [ 12.928113, 6.158686 ], [ 12.925442, 6.160001 ], [ 12.925318, 6.160101 ], [ 12.924584, 6.160879 ], [ 12.92394, 6.161565 ], [ 12.923435, 6.162389 ], [ 12.922884, 6.163076 ], [ 12.922333, 6.163487 ], [ 12.921782, 6.163899 ], [ 12.921049, 6.164035 ], [ 12.920362, 6.163941 ], [ 12.91995, 6.163574 ], [ 12.919449, 6.162793 ], [ 12.918808, 6.162425 ], [ 12.918397, 6.162011 ], [ 12.917665, 6.161459 ], [ 12.917116, 6.161228 ], [ 12.916429, 6.161089 ], [ 12.915834, 6.160996 ], [ 12.915193, 6.160949 ], [ 12.91446, 6.160993 ], [ 12.913635, 6.161083 ], [ 12.913039, 6.161219 ], [ 12.912397, 6.1614 ], [ 12.911847, 6.161583 ], [ 12.911297, 6.161766 ], [ 12.910655, 6.161993 ], [ 12.910104, 6.162176 ], [ 12.909142, 6.162494 ], [ 12.908271, 6.162767 ], [ 12.9074, 6.162995 ], [ 12.906438, 6.163176 ], [ 12.905796, 6.163403 ], [ 12.904696, 6.163722 ], [ 12.904009, 6.163583 ], [ 12.903139, 6.16326 ], [ 12.902269, 6.162891 ], [ 12.902057, 6.162799 ], [ 12.901949, 6.162753 ], [ 12.901859, 6.162156 ], [ 12.901448, 6.161513 ], [ 12.900854, 6.160915 ], [ 12.900169, 6.160043 ], [ 12.899712, 6.159675 ], [ 12.899256, 6.158986 ], [ 12.899304, 6.158114 ], [ 12.899305, 6.157335 ], [ 12.899263, 6.15628 ], [ 12.899172, 6.155638 ], [ 12.898945, 6.154857 ], [ 12.89849, 6.153939 ], [ 12.8984, 6.15293 ], [ 12.898494, 6.152105 ], [ 12.898633, 6.151463 ], [ 12.898543, 6.150683 ], [ 12.898454, 6.149857 ], [ 12.898135, 6.148848 ], [ 12.897908, 6.148113 ], [ 12.897589, 6.147425 ], [ 12.897225, 6.146736 ], [ 12.89686, 6.146047 ], [ 12.896495, 6.145312 ], [ 12.895948, 6.144486 ], [ 12.895766, 6.143798 ], [ 12.895447, 6.1432 ], [ 12.894716, 6.142327 ], [ 12.894213, 6.141913 ], [ 12.893345, 6.14127 ], [ 12.892841, 6.140947 ], [ 12.892155, 6.14067 ], [ 12.891377, 6.14021 ], [ 12.89092, 6.139842 ], [ 12.890281, 6.139152 ], [ 12.889915, 6.138601 ], [ 12.889642, 6.13805 ], [ 12.889278, 6.137224 ], [ 12.889279, 6.136582 ], [ 12.889144, 6.135664 ], [ 12.888551, 6.134837 ], [ 12.888002, 6.134423 ], [ 12.887362, 6.134147 ], [ 12.886904, 6.133825 ], [ 12.886355, 6.133548 ], [ 12.885715, 6.133134 ], [ 12.885074, 6.132903 ], [ 12.884158, 6.132855 ], [ 12.883242, 6.132853 ], [ 12.882554, 6.133081 ], [ 12.881912, 6.133308 ], [ 12.88095, 6.133535 ], [ 12.8804, 6.133717 ], [ 12.879438, 6.133852 ], [ 12.878887, 6.133988 ], [ 12.878338, 6.134034 ], [ 12.877467, 6.134123 ], [ 12.876458, 6.134579 ], [ 12.875953, 6.134853 ], [ 12.875357, 6.135173 ], [ 12.874532, 6.1354 ], [ 12.873615, 6.135581 ], [ 12.872928, 6.135579 ], [ 12.872149, 6.135532 ], [ 12.871463, 6.135255 ], [ 12.870731, 6.134978 ], [ 12.86933, 6.134543 ], [ 12.869, 6.136088 ], [ 12.868861, 6.136638 ], [ 12.868535, 6.138014 ], [ 12.868484, 6.13985 ], [ 12.868709, 6.141091 ], [ 12.868659, 6.142284 ], [ 12.868701, 6.143432 ], [ 12.868745, 6.144166 ], [ 12.868742, 6.145222 ], [ 12.867868, 6.145954 ], [ 12.866585, 6.145996 ], [ 12.865576, 6.14604 ], [ 12.863971, 6.146356 ], [ 12.862597, 6.146215 ], [ 12.860716, 6.146668 ], [ 12.859247, 6.147169 ], [ 12.858237, 6.147534 ], [ 12.857457, 6.148128 ], [ 12.85548, 6.149729 ], [ 12.85424, 6.150735 ], [ 12.853274, 6.151742 ], [ 12.853247, 6.151792 ], [ 12.852628, 6.152934 ], [ 12.852304, 6.154035 ], [ 12.852483, 6.155275 ], [ 12.852446, 6.156444 ], [ 12.852432, 6.156881 ], [ 12.85183, 6.158762 ], [ 12.850954, 6.160321 ], [ 12.850034, 6.161373 ], [ 12.849069, 6.162243 ], [ 12.847599, 6.163018 ], [ 12.846773, 6.163568 ], [ 12.845717, 6.16407 ], [ 12.844798, 6.164618 ], [ 12.844063, 6.16512 ], [ 12.843191, 6.165577 ], [ 12.841907, 6.165619 ], [ 12.840806, 6.166075 ], [ 12.839659, 6.166164 ], [ 12.838683, 6.166038 ], [ 12.837884, 6.166292 ], [ 12.836239, 6.166981 ], [ 12.834319, 6.167304 ], [ 12.832124, 6.167305 ], [ 12.829701, 6.167903 ], [ 12.827918, 6.168639 ], [ 12.825268, 6.169696 ], [ 12.821702, 6.170433 ], [ 12.819599, 6.170387 ], [ 12.818227, 6.170434 ], [ 12.817176, 6.171123 ], [ 12.815851, 6.172088 ], [ 12.814252, 6.172961 ], [ 12.813489, 6.173283 ], [ 12.812495, 6.173888 ], [ 12.812128, 6.174072 ], [ 12.811669, 6.174254 ], [ 12.81121, 6.174436 ], [ 12.810843, 6.174527 ], [ 12.810201, 6.174664 ], [ 12.809514, 6.174753 ], [ 12.80901, 6.174798 ], [ 12.808368, 6.174888 ], [ 12.807909, 6.174933 ], [ 12.807314, 6.174886 ], [ 12.806765, 6.174839 ], [ 12.806306, 6.174929 ], [ 12.805939, 6.17502 ], [ 12.805389, 6.175248 ], [ 12.804884, 6.175476 ], [ 12.804379, 6.175934 ], [ 12.804057, 6.176392 ], [ 12.803735, 6.176759 ], [ 12.803184, 6.177216 ], [ 12.802587, 6.177582 ], [ 12.802266, 6.177765 ], [ 12.801624, 6.177946 ], [ 12.801211, 6.178037 ], [ 12.800753, 6.178082 ], [ 12.800387, 6.177989 ], [ 12.799929, 6.17785 ], [ 12.799379, 6.177803 ], [ 12.798783, 6.178078 ], [ 12.798323, 6.178627 ], [ 12.79791, 6.179039 ], [ 12.79745, 6.179405 ], [ 12.7969, 6.17977 ], [ 12.796487, 6.179999 ], [ 12.795798, 6.180411 ], [ 12.795385, 6.180639 ], [ 12.794468, 6.181049 ], [ 12.793505, 6.181276 ], [ 12.793138, 6.181367 ], [ 12.79245, 6.181641 ], [ 12.791762, 6.181869 ], [ 12.791349, 6.182006 ], [ 12.79089, 6.182142 ], [ 12.790478, 6.182233 ], [ 12.789744, 6.182415 ], [ 12.789285, 6.182597 ], [ 12.788735, 6.182779 ], [ 12.788368, 6.183054 ], [ 12.787725, 6.183603 ], [ 12.78722, 6.184015 ], [ 12.786761, 6.18438 ], [ 12.786393, 6.184655 ], [ 12.785934, 6.185067 ], [ 12.78552, 6.185387 ], [ 12.785062, 6.185708 ], [ 12.784648, 6.185936 ], [ 12.784052, 6.186302 ], [ 12.783593, 6.186576 ], [ 12.78318, 6.186988 ], [ 12.782766, 6.1874 ], [ 12.782169, 6.187857 ], [ 12.781848, 6.188131 ], [ 12.781388, 6.188452 ], [ 12.780654, 6.188817 ], [ 12.78015, 6.189137 ], [ 12.779599, 6.189503 ], [ 12.779185, 6.189731 ], [ 12.778589, 6.190005 ], [ 12.778222, 6.190234 ], [ 12.777809, 6.190462 ], [ 12.777213, 6.190736 ], [ 12.776799, 6.190964 ], [ 12.776386, 6.191239 ], [ 12.775881, 6.191559 ], [ 12.775422, 6.191833 ], [ 12.775055, 6.192199 ], [ 12.774366, 6.19284 ], [ 12.773906, 6.193252 ], [ 12.773585, 6.193526 ], [ 12.773218, 6.193801 ], [ 12.772805, 6.194029 ], [ 12.772024, 6.19467 ], [ 12.771473, 6.195036 ], [ 12.770739, 6.195355 ], [ 12.770372, 6.195492 ], [ 12.769867, 6.19572 ], [ 12.769225, 6.19604 ], [ 12.768583, 6.196313 ], [ 12.768032, 6.196633 ], [ 12.76739, 6.196861 ], [ 12.766931, 6.197089 ], [ 12.766472, 6.197455 ], [ 12.765921, 6.197913 ], [ 12.765507, 6.198325 ], [ 12.76514, 6.198645 ], [ 12.76468, 6.199011 ], [ 12.764313, 6.199377 ], [ 12.763899, 6.199698 ], [ 12.76344, 6.200155 ], [ 12.763119, 6.200476 ], [ 12.762659, 6.200888 ], [ 12.7622, 6.201299 ], [ 12.761603, 6.201711 ], [ 12.760456, 6.202351 ], [ 12.760043, 6.202534 ], [ 12.75963, 6.202808 ], [ 12.759124, 6.203219 ], [ 12.758757, 6.203494 ], [ 12.758344, 6.203722 ], [ 12.757747, 6.204088 ], [ 12.757426, 6.204225 ], [ 12.756646, 6.204544 ], [ 12.756233, 6.204681 ], [ 12.755774, 6.204818 ], [ 12.755316, 6.204954 ], [ 12.754903, 6.205136 ], [ 12.754491, 6.205274 ], [ 12.754123, 6.205456 ], [ 12.753847, 6.205777 ], [ 12.753296, 6.206372 ], [ 12.753048, 6.206791 ], [ 12.752428, 6.207058 ], [ 12.751877, 6.207378 ], [ 12.751188, 6.208065 ], [ 12.750682, 6.208797 ], [ 12.750268, 6.209346 ] ] ] ] } },
{ "type": "Feature", "properties": { "tg_type": "FON.AIRE_PROTEGEE", "nom": "Lobéké", "source_id": "CD44694C-EC8F-4A0E-AD56-99F27A4CC66C", "source": "MINFOF_WRI_ATLAS_FORESTIER_SIG_2018", "statut": "IMPORTE", "date_source": "2016-12-13", "regime_tg": "AIRE_PROTEGEE", "categorie": "aire_protegee", "desc_type": "Parc national", "cat_uicn": "II", "wdpaid": 1245.0, "statu_crea": "cree", "statu_amgt": "amenge", "date_prop": null, "date_crea": "2001-03-19", "date_amgt": "2006-10-21", "sup_adm_ha": 217854, "sup_sig_ha": 215316.0 }, "geometry": { "type": "MultiPolygon", "coordinates": [ [ [ [ 15.612625, 2.494083 ], [ 15.611395, 2.494794 ], [ 15.610023, 2.495879 ], [ 15.608468, 2.497515 ], [ 15.607645, 2.498424 ], [ 15.606232, 2.499771 ], [ 15.604746, 2.500669 ], [ 15.604637, 2.50071 ], [ 15.603294, 2.501213 ], [ 15.603432, 2.500635 ], [ 15.6036, 2.499484 ], [ 15.603814, 2.498241 ], [ 15.604022, 2.496538 ], [ 15.603821, 2.495024 ], [ 15.603765, 2.494105 ], [ 15.603664, 2.493371 ], [ 15.603426, 2.492455 ], [ 15.603326, 2.491721 ], [ 15.603084, 2.490574 ], [ 15.602846, 2.489796 ], [ 15.602742, 2.488649 ], [ 15.602774, 2.487545 ], [ 15.60308, 2.486439 ], [ 15.603571, 2.485376 ], [ 15.604109, 2.484589 ], [ 15.604558, 2.483894 ], [ 15.604961, 2.4832 ], [ 15.605406, 2.48223 ], [ 15.605853, 2.481444 ], [ 15.60612, 2.480705 ], [ 15.606245, 2.479831 ], [ 15.606189, 2.478912 ], [ 15.605998, 2.478179 ], [ 15.605617, 2.476851 ], [ 15.605285, 2.475844 ], [ 15.605002, 2.475112 ], [ 15.604804, 2.473781 ], [ 15.604839, 2.472862 ], [ 15.604871, 2.471713 ], [ 15.605038, 2.470516 ], [ 15.605028, 2.469597 ], [ 15.604883, 2.468909 ], [ 15.604368, 2.467858 ], [ 15.604036, 2.466897 ], [ 15.603617, 2.466121 ], [ 15.603243, 2.46539 ], [ 15.603324, 2.464562 ], [ 15.603497, 2.463687 ], [ 15.603806, 2.462718 ], [ 15.60443, 2.461424 ], [ 15.605192, 2.460266 ], [ 15.605637, 2.45925 ], [ 15.605897, 2.458006 ], [ 15.606023, 2.457132 ], [ 15.605969, 2.456351 ], [ 15.60591, 2.455341 ], [ 15.605763, 2.454377 ], [ 15.605525, 2.453599 ], [ 15.605103, 2.452685 ], [ 15.604404, 2.451498 ], [ 15.603984, 2.450722 ], [ 15.603056, 2.44963 ], [ 15.603027, 2.449584 ], [ 15.602593, 2.4489 ], [ 15.601943, 2.448126 ], [ 15.60102, 2.447309 ], [ 15.600376, 2.446857 ], [ 15.599128, 2.445631 ], [ 15.597702, 2.444774 ], [ 15.59651, 2.444466 ], [ 15.595277, 2.444389 ], [ 15.593866, 2.444819 ], [ 15.593279, 2.445423 ], [ 15.592832, 2.446255 ], [ 15.592065, 2.447137 ], [ 15.591296, 2.447697 ], [ 15.590386, 2.448075 ], [ 15.589477, 2.448454 ], [ 15.588567, 2.448786 ], [ 15.588216, 2.44895 ], [ 15.588198, 2.448923 ], [ 15.585812, 2.447466 ], [ 15.583297, 2.446988 ], [ 15.581724, 2.44738 ], [ 15.579901, 2.448266 ], [ 15.57853, 2.449576 ], [ 15.578506, 2.441097 ], [ 15.578499, 2.438396 ], [ 15.578729, 2.437864 ], [ 15.578853, 2.436806 ], [ 15.579161, 2.435838 ], [ 15.579516, 2.434961 ], [ 15.579915, 2.433946 ], [ 15.580317, 2.433252 ], [ 15.581037, 2.432417 ], [ 15.581712, 2.431674 ], [ 15.58293, 2.430373 ], [ 15.583376, 2.429587 ], [ 15.583779, 2.428801 ], [ 15.584224, 2.428014 ], [ 15.584897, 2.426996 ], [ 15.585297, 2.426165 ], [ 15.585607, 2.425242 ], [ 15.586185, 2.424133 ], [ 15.586451, 2.423395 ], [ 15.58689, 2.422058 ], [ 15.587154, 2.421274 ], [ 15.587328, 2.420537 ], [ 15.587412, 2.419709 ], [ 15.587398, 2.418745 ], [ 15.587429, 2.41755 ], [ 15.587509, 2.416538 ], [ 15.587635, 2.41571 ], [ 15.587797, 2.414055 ], [ 15.588332, 2.412854 ], [ 15.588963, 2.412295 ], [ 15.58955, 2.411737 ], [ 15.590182, 2.411132 ], [ 15.591452, 2.410566 ], [ 15.592179, 2.410236 ], [ 15.592861, 2.409997 ], [ 15.594088, 2.409524 ], [ 15.594949, 2.409054 ], [ 15.595766, 2.408677 ], [ 15.597401, 2.407922 ], [ 15.598219, 2.407637 ], [ 15.598901, 2.407399 ], [ 15.599809, 2.407113 ], [ 15.60063, 2.407057 ], [ 15.601684, 2.407274 ], [ 15.602326, 2.407542 ], [ 15.603705, 2.408398 ], [ 15.604531, 2.408755 ], [ 15.605859, 2.409061 ], [ 15.606639, 2.409327 ], [ 15.607872, 2.409358 ], [ 15.608603, 2.409441 ], [ 15.609515, 2.409338 ], [ 15.610244, 2.409238 ], [ 15.611244, 2.408904 ], [ 15.6122, 2.408755 ], [ 15.613063, 2.408377 ], [ 15.613881, 2.407954 ], [ 15.614421, 2.407442 ], [ 15.615005, 2.4067 ], [ 15.615501, 2.406097 ], [ 15.615813, 2.40545 ], [ 15.616168, 2.404757 ], [ 15.616752, 2.403877 ], [ 15.617197, 2.403443 ], [ 15.617202, 2.403438 ], [ 15.617608, 2.40304 ], [ 15.617979, 2.402442 ], [ 15.61803, 2.402359 ], [ 15.618097, 2.400336 ], [ 15.618178, 2.399554 ], [ 15.618265, 2.399052 ], [ 15.618313, 2.398608 ], [ 15.618339, 2.397898 ], [ 15.618312, 2.397508 ], [ 15.61814, 2.396818 ], [ 15.617868, 2.39606 ], [ 15.616864, 2.39486 ], [ 15.616058, 2.39432 ], [ 15.614783, 2.393443 ], [ 15.613574, 2.392633 ], [ 15.612959, 2.392247 ], [ 15.612827, 2.392164 ], [ 15.611963, 2.391621 ], [ 15.610483, 2.390662 ], [ 15.608942, 2.389934 ], [ 15.607197, 2.389057 ], [ 15.605854, 2.388248 ], [ 15.60431, 2.387573 ], [ 15.603034, 2.386628 ], [ 15.602363, 2.385818 ], [ 15.60228, 2.385368 ], [ 15.602108, 2.38519 ], [ 15.602084, 2.385161 ], [ 15.601412, 2.384326 ], [ 15.601222, 2.383685 ], [ 15.601198, 2.381755 ], [ 15.600818, 2.380658 ], [ 15.600579, 2.379788 ], [ 15.600475, 2.378778 ], [ 15.60028, 2.377724 ], [ 15.600359, 2.376712 ], [ 15.600621, 2.375836 ], [ 15.60111, 2.374819 ], [ 15.60156, 2.374216 ], [ 15.602597, 2.373146 ], [ 15.603138, 2.372542 ], [ 15.603858, 2.37189 ], [ 15.604535, 2.371238 ], [ 15.605211, 2.37054 ], [ 15.606072, 2.370024 ], [ 15.606891, 2.369692 ], [ 15.607479, 2.369225 ], [ 15.607683, 2.368827 ], [ 15.607799, 2.3686 ], [ 15.607792, 2.368483 ], [ 15.607254, 2.367065 ], [ 15.606045, 2.36558 ], [ 15.604233, 2.36396 ], [ 15.602286, 2.362543 ], [ 15.601815, 2.361598 ], [ 15.601412, 2.360788 ], [ 15.601081, 2.359389 ], [ 15.601017, 2.359225 ], [ 15.600401, 2.357714 ], [ 15.599932, 2.357177 ], [ 15.599196, 2.356264 ], [ 15.598457, 2.355184 ], [ 15.598378, 2.354733 ], [ 15.598161, 2.354378 ], [ 15.598068, 2.354227 ], [ 15.597648, 2.353543 ], [ 15.597272, 2.35272 ], [ 15.597616, 2.351108 ], [ 15.597514, 2.350144 ], [ 15.597463, 2.349411 ], [ 15.597457, 2.349318 ], [ 15.597407, 2.348803 ], [ 15.597354, 2.348263 ], [ 15.597112, 2.347255 ], [ 15.596365, 2.345932 ], [ 15.595854, 2.345203 ], [ 15.595017, 2.344019 ], [ 15.594508, 2.343428 ], [ 15.593767, 2.342702 ], [ 15.593213, 2.342157 ], [ 15.592705, 2.341658 ], [ 15.592151, 2.341206 ], [ 15.591506, 2.340754 ], [ 15.590676, 2.340076 ], [ 15.590075, 2.339532 ], [ 15.589773, 2.339235 ], [ 15.589188, 2.338192 ], [ 15.588248, 2.336302 ], [ 15.587708, 2.3349 ], [ 15.587374, 2.333504 ], [ 15.587037, 2.331343 ], [ 15.586567, 2.328643 ], [ 15.585894, 2.325807 ], [ 15.585284, 2.324608 ], [ 15.585137, 2.324247 ], [ 15.584295, 2.322649 ], [ 15.583733, 2.321692 ], [ 15.583224, 2.321055 ], [ 15.582528, 2.32019 ], [ 15.581924, 2.319325 ], [ 15.581323, 2.318735 ], [ 15.58049, 2.317781 ], [ 15.580071, 2.317143 ], [ 15.579048, 2.315685 ], [ 15.578493, 2.31514 ], [ 15.577434, 2.314373 ], [ 15.576686, 2.313096 ], [ 15.576381, 2.312582 ], [ 15.576361, 2.312548 ], [ 15.576324, 2.312376 ], [ 15.576166, 2.311632 ], [ 15.576156, 2.310805 ], [ 15.576282, 2.309976 ], [ 15.576347, 2.309721 ], [ 15.576429, 2.309393 ], [ 15.576457, 2.309285 ], [ 15.576631, 2.308639 ], [ 15.57643, 2.307218 ], [ 15.576053, 2.306257 ], [ 15.576038, 2.306214 ], [ 15.575962, 2.305994 ], [ 15.57577, 2.305434 ], [ 15.575714, 2.304745 ], [ 15.576013, 2.303087 ], [ 15.57614, 2.302213 ], [ 15.576172, 2.301925 ], [ 15.576215, 2.301531 ], [ 15.576261, 2.301109 ], [ 15.576065, 2.29987 ], [ 15.575137, 2.298688 ], [ 15.574535, 2.298052 ], [ 15.573888, 2.297508 ], [ 15.573062, 2.297105 ], [ 15.571824, 2.296615 ], [ 15.571136, 2.296394 ], [ 15.569852, 2.295996 ], [ 15.56843, 2.295417 ], [ 15.567786, 2.294966 ], [ 15.56677, 2.294197 ], [ 15.566262, 2.293652 ], [ 15.565842, 2.292922 ], [ 15.565148, 2.292104 ], [ 15.564593, 2.291513 ], [ 15.564082, 2.291014 ], [ 15.563346, 2.290472 ], [ 15.56261, 2.290068 ], [ 15.561966, 2.289616 ], [ 15.561182, 2.289029 ], [ 15.56031, 2.288626 ], [ 15.559347, 2.288271 ], [ 15.558475, 2.287914 ], [ 15.557876, 2.287646 ], [ 15.55728, 2.287377 ], [ 15.556224, 2.286839 ], [ 15.555624, 2.286387 ], [ 15.555117, 2.28598 ], [ 15.554425, 2.285391 ], [ 15.553917, 2.284846 ], [ 15.55336, 2.284256 ], [ 15.552914, 2.2836 ], [ 15.552839, 2.283489 ], [ 15.552617, 2.283163 ], [ 15.552381, 2.282614 ], [ 15.552551, 2.281509 ], [ 15.552631, 2.280727 ], [ 15.552485, 2.28004 ], [ 15.552504, 2.279623 ], [ 15.552517, 2.279319 ], [ 15.552522, 2.279212 ], [ 15.552604, 2.278568 ], [ 15.552362, 2.277468 ], [ 15.552033, 2.276691 ], [ 15.551435, 2.276331 ], [ 15.550375, 2.275517 ], [ 15.550048, 2.27497 ], [ 15.549632, 2.27447 ], [ 15.549255, 2.273647 ], [ 15.548928, 2.27287 ], [ 15.5489, 2.272791 ], [ 15.548645, 2.27208 ], [ 15.548453, 2.271544 ], [ 15.548307, 2.270718 ], [ 15.548018, 2.269527 ], [ 15.547774, 2.268336 ], [ 15.547579, 2.267327 ], [ 15.547612, 2.26627 ], [ 15.54787, 2.265026 ], [ 15.548132, 2.264058 ], [ 15.548716, 2.263362 ], [ 15.549254, 2.262482 ], [ 15.549522, 2.261829 ], [ 15.549623, 2.261582 ], [ 15.549652, 2.261512 ], [ 15.549459, 2.26055 ], [ 15.548943, 2.259591 ], [ 15.548385, 2.258725 ], [ 15.548228, 2.258494 ], [ 15.548209, 2.258467 ], [ 15.54792, 2.258042 ], [ 15.547911, 2.257307 ], [ 15.548357, 2.256566 ], [ 15.548761, 2.255918 ], [ 15.549162, 2.255086 ], [ 15.549366, 2.254402 ], [ 15.549423, 2.254209 ], [ 15.549366, 2.254002 ], [ 15.549234, 2.253522 ], [ 15.548722, 2.25284 ], [ 15.54771, 2.252117 ], [ 15.547066, 2.251758 ], [ 15.546557, 2.251304 ], [ 15.546076, 2.250618 ], [ 15.546047, 2.250576 ], [ 15.546013, 2.250397 ], [ 15.54585, 2.249521 ], [ 15.545927, 2.248326 ], [ 15.546233, 2.247311 ], [ 15.546453, 2.246527 ], [ 15.546623, 2.245652 ], [ 15.546845, 2.24496 ], [ 15.547012, 2.243855 ], [ 15.546816, 2.242801 ], [ 15.546528, 2.241564 ], [ 15.546197, 2.240787 ], [ 15.546189, 2.240006 ], [ 15.546672, 2.238576 ], [ 15.547204, 2.237282 ], [ 15.547189, 2.235996 ], [ 15.547313, 2.234938 ], [ 15.547348, 2.234156 ], [ 15.547383, 2.233375 ], [ 15.547557, 2.232545 ], [ 15.547956, 2.231713 ], [ 15.548589, 2.231108 ], [ 15.54908, 2.230367 ], [ 15.549668, 2.2299 ], [ 15.550166, 2.229389 ], [ 15.550522, 2.228787 ], [ 15.550605, 2.228143 ], [ 15.550641, 2.227269 ], [ 15.551031, 2.22561 ], [ 15.551573, 2.22519 ], [ 15.552297, 2.224767 ], [ 15.552842, 2.224301 ], [ 15.553518, 2.223695 ], [ 15.553829, 2.223002 ], [ 15.554042, 2.221805 ], [ 15.554763, 2.221015 ], [ 15.555256, 2.220274 ], [ 15.556298, 2.219663 ], [ 15.556934, 2.219426 ], [ 15.557982, 2.219229 ], [ 15.558798, 2.218759 ], [ 15.559794, 2.218149 ], [ 15.560108, 2.217548 ], [ 15.560369, 2.216626 ], [ 15.560766, 2.215518 ], [ 15.560981, 2.214505 ], [ 15.561199, 2.213629 ], [ 15.561833, 2.213162 ], [ 15.562603, 2.212785 ], [ 15.563008, 2.212182 ], [ 15.563362, 2.211351 ], [ 15.563765, 2.210794 ], [ 15.564491, 2.210326 ], [ 15.564894, 2.209632 ], [ 15.565335, 2.208523 ], [ 15.56551, 2.207832 ], [ 15.56568, 2.206819 ], [ 15.56613, 2.206308 ], [ 15.566989, 2.2057 ], [ 15.567534, 2.205372 ], [ 15.56867, 2.204944 ], [ 15.56944, 2.204475 ], [ 15.570301, 2.204096 ], [ 15.57153, 2.203668 ], [ 15.572255, 2.203245 ], [ 15.572657, 2.202551 ], [ 15.572875, 2.201675 ], [ 15.572866, 2.200986 ], [ 15.572763, 2.200068 ], [ 15.572708, 2.199334 ], [ 15.572743, 2.198461 ], [ 15.572643, 2.197681 ], [ 15.572673, 2.196486 ], [ 15.572659, 2.195383 ], [ 15.573099, 2.194045 ], [ 15.573283, 2.194135 ], [ 15.573558, 2.1943 ], [ 15.57411, 2.19463 ], [ 15.574663, 2.194991 ], [ 15.576044, 2.195938 ], [ 15.577288, 2.196934 ], [ 15.578302, 2.196661 ], [ 15.580208, 2.195628 ], [ 15.582253, 2.19464 ], [ 15.584797, 2.193279 ], [ 15.587016, 2.1916 ], [ 15.589203, 2.191162 ], [ 15.591348, 2.190999 ], [ 15.59281, 2.190983 ], [ 15.594589, 2.190825 ], [ 15.596498, 2.189884 ], [ 15.597538, 2.189 ], [ 15.598846, 2.187515 ], [ 15.600478, 2.186394 ], [ 15.602113, 2.18564 ], [ 15.604251, 2.184927 ], [ 15.606255, 2.184353 ], [ 15.607705, 2.183372 ], [ 15.609518, 2.182065 ], [ 15.610104, 2.181369 ], [ 15.611181, 2.179703 ], [ 15.612309, 2.178496 ], [ 15.613398, 2.177932 ], [ 15.614857, 2.177548 ], [ 15.616266, 2.176935 ], [ 15.617809, 2.176182 ], [ 15.618947, 2.17571 ], [ 15.620636, 2.175691 ], [ 15.620712, 2.175765 ], [ 15.621467, 2.176508 ], [ 15.621622, 2.176472 ], [ 15.6229, 2.175518 ], [ 15.623989, 2.174183 ], [ 15.625294, 2.172081 ], [ 15.62541, 2.171895 ], [ 15.625824, 2.16911 ], [ 15.625835, 2.169035 ], [ 15.626735, 2.167986 ], [ 15.628013, 2.166841 ], [ 15.629623, 2.165887 ], [ 15.631044, 2.164695 ], [ 15.633223, 2.163407 ], [ 15.634644, 2.163264 ], [ 15.635666, 2.162766 ], [ 15.635694, 2.162752 ], [ 15.636368, 2.161352 ], [ 15.636446, 2.16119 ], [ 15.637527, 2.160196 ], [ 15.639596, 2.158398 ], [ 15.639752, 2.158391 ], [ 15.642874, 2.157669 ], [ 15.642966, 2.157672 ], [ 15.64464, 2.157734 ], [ 15.646645, 2.157343 ], [ 15.648692, 2.15654 ], [ 15.650829, 2.155688 ], [ 15.652507, 2.154659 ], [ 15.654807, 2.152106 ], [ 15.656894, 2.150889 ], [ 15.658851, 2.150315 ], [ 15.66122, 2.149599 ], [ 15.662392, 2.148438 ], [ 15.66342, 2.146313 ], [ 15.664127, 2.14433 ], [ 15.665616, 2.142706 ], [ 15.667254, 2.142182 ], [ 15.669581, 2.14188 ], [ 15.672271, 2.14162 ], [ 15.673313, 2.140735 ], [ 15.674261, 2.139806 ], [ 15.675932, 2.138134 ], [ 15.677519, 2.137105 ], [ 15.679755, 2.136988 ], [ 15.680997, 2.137755 ], [ 15.682838, 2.138974 ], [ 15.685275, 2.14037 ], [ 15.687339, 2.141174 ], [ 15.689453, 2.142252 ], [ 15.691518, 2.143239 ], [ 15.694047, 2.144634 ], [ 15.696304, 2.146308 ], [ 15.697785, 2.14799 ], [ 15.698631, 2.149365 ], [ 15.699413, 2.150636 ], [ 15.701042, 2.153281 ], [ 15.702, 2.154393 ], [ 15.702191, 2.154616 ], [ 15.70257, 2.155055 ], [ 15.702849, 2.155511 ], [ 15.703044, 2.155579 ], [ 15.704132, 2.155956 ], [ 15.70537, 2.156309 ], [ 15.706289, 2.156804 ], [ 15.707395, 2.15771 ], [ 15.708181, 2.158481 ], [ 15.708693, 2.159394 ], [ 15.709572, 2.160303 ], [ 15.71059, 2.161485 ], [ 15.712384, 2.162613 ], [ 15.713616, 2.162553 ], [ 15.714521, 2.161762 ], [ 15.715383, 2.161293 ], [ 15.71689, 2.161322 ], [ 15.718667, 2.160888 ], [ 15.719616, 2.160005 ], [ 15.720745, 2.158935 ], [ 15.72187, 2.157499 ], [ 15.722954, 2.15643 ], [ 15.724993, 2.155029 ], [ 15.725856, 2.15456 ], [ 15.727494, 2.154082 ], [ 15.728814, 2.1537 ], [ 15.730136, 2.153501 ], [ 15.731643, 2.153392 ], [ 15.733649, 2.153185 ], [ 15.735475, 2.153119 ], [ 15.737026, 2.152963 ], [ 15.738658, 2.153704 ], [ 15.739391, 2.152202 ], [ 15.740532, 2.152051 ], [ 15.741353, 2.152041 ], [ 15.742312, 2.15203 ], [ 15.743637, 2.152107 ], [ 15.744364, 2.151777 ], [ 15.745498, 2.150984 ], [ 15.746951, 2.15037 ], [ 15.748228, 2.150218 ], [ 15.749509, 2.150433 ], [ 15.751246, 2.150505 ], [ 15.752655, 2.149892 ], [ 15.753839, 2.149603 ], [ 15.755116, 2.149451 ], [ 15.755803, 2.149718 ], [ 15.756493, 2.150124 ], [ 15.757269, 2.150674 ], [ 15.757321, 2.150711 ], [ 15.758565, 2.15157 ], [ 15.759625, 2.152522 ], [ 15.760021, 2.152789 ], [ 15.761098, 2.153515 ], [ 15.762106, 2.153779 ], [ 15.763294, 2.153904 ], [ 15.764528, 2.153935 ], [ 15.766538, 2.154004 ], [ 15.767034, 2.153494 ], [ 15.768214, 2.152745 ], [ 15.769437, 2.151997 ], [ 15.771337, 2.150414 ], [ 15.772369, 2.148795 ], [ 15.773438, 2.146532 ], [ 15.774285, 2.14464 ], [ 15.774641, 2.143809 ], [ 15.775585, 2.142559 ], [ 15.776348, 2.141448 ], [ 15.776652, 2.140113 ], [ 15.776682, 2.138643 ], [ 15.776344, 2.137039 ], [ 15.775641, 2.135486 ], [ 15.774765, 2.134715 ], [ 15.77466, 2.133568 ], [ 15.775014, 2.1326 ], [ 15.775235, 2.131909 ], [ 15.775086, 2.130854 ], [ 15.774751, 2.129572 ], [ 15.77423, 2.127971 ], [ 15.774124, 2.126641 ], [ 15.77494, 2.126172 ], [ 15.775852, 2.126024 ], [ 15.776708, 2.124958 ], [ 15.77647, 2.124134 ], [ 15.77596, 2.123405 ], [ 15.775405, 2.12286 ], [ 15.775308, 2.122448 ], [ 15.775531, 2.121849 ], [ 15.775606, 2.12047 ], [ 15.775141, 2.119787 ], [ 15.774628, 2.118874 ], [ 15.774487, 2.118463 ], [ 15.774571, 2.117773 ], [ 15.774558, 2.116671 ], [ 15.774863, 2.11529 ], [ 15.774574, 2.114053 ], [ 15.774101, 2.112635 ], [ 15.773542, 2.111585 ], [ 15.772607, 2.109805 ], [ 15.771721, 2.108116 ], [ 15.770928, 2.106655 ], [ 15.770694, 2.106244 ], [ 15.771563, 2.106372 ], [ 15.772024, 2.106552 ], [ 15.77248, 2.106729 ], [ 15.773481, 2.106259 ], [ 15.774704, 2.105556 ], [ 15.775699, 2.104672 ], [ 15.776836, 2.104246 ], [ 15.777886, 2.104234 ], [ 15.779089, 2.104874 ], [ 15.779494, 2.105089 ], [ 15.780322, 2.10563 ], [ 15.781248, 2.106768 ], [ 15.782179, 2.108227 ], [ 15.782787, 2.109552 ], [ 15.783448, 2.111427 ], [ 15.783828, 2.112708 ], [ 15.784438, 2.114217 ], [ 15.785228, 2.115494 ], [ 15.786338, 2.116629 ], [ 15.78762, 2.116844 ], [ 15.788956, 2.117977 ], [ 15.789744, 2.119024 ], [ 15.790532, 2.119979 ], [ 15.791158, 2.120811 ], [ 15.791782, 2.120002 ], [ 15.791925, 2.119817 ], [ 15.79229, 2.119968 ], [ 15.796567, 2.119446 ], [ 15.801096, 2.118532 ], [ 15.807436, 2.115934 ], [ 15.810795, 2.115652 ], [ 15.823726, 2.116417 ], [ 15.827907, 2.115924 ], [ 15.832189, 2.116132 ], [ 15.835259, 2.121319 ], [ 15.835331, 2.126437 ], [ 15.836586, 2.127698 ], [ 15.838189, 2.128188 ], [ 15.841259, 2.127794 ], [ 15.842282, 2.127843 ], [ 15.842361, 2.127846 ], [ 15.843095, 2.128656 ], [ 15.844059, 2.129288 ], [ 15.844484, 2.129425 ], [ 15.845022, 2.129598 ], [ 15.846121, 2.129861 ], [ 15.847221, 2.130216 ], [ 15.848278, 2.130755 ], [ 15.849428, 2.131344 ], [ 15.850206, 2.131743 ], [ 15.850855, 2.132608 ], [ 15.851554, 2.133794 ], [ 15.851977, 2.134937 ], [ 15.852495, 2.136308 ], [ 15.852882, 2.138186 ], [ 15.853131, 2.14002 ], [ 15.85347, 2.141715 ], [ 15.854034, 2.142902 ], [ 15.854734, 2.144272 ], [ 15.855293, 2.145321 ], [ 15.856169, 2.146 ], [ 15.857041, 2.146449 ], [ 15.85706, 2.146448 ], [ 15.858, 2.146392 ], [ 15.858908, 2.146014 ], [ 15.859861, 2.145544 ], [ 15.860631, 2.144984 ], [ 15.861395, 2.143966 ], [ 15.861886, 2.142904 ], [ 15.862101, 2.141846 ], [ 15.863045, 2.140457 ], [ 15.863583, 2.139717 ], [ 15.864396, 2.138927 ], [ 15.865254, 2.13809 ], [ 15.866298, 2.137528 ], [ 15.867574, 2.137329 ], [ 15.868578, 2.137272 ], [ 15.869589, 2.137857 ], [ 15.870373, 2.138537 ], [ 15.87047, 2.138752 ], [ 15.870888, 2.139679 ], [ 15.871265, 2.14073 ], [ 15.871828, 2.14201 ], [ 15.872488, 2.143747 ], [ 15.873466, 2.145526 ], [ 15.874581, 2.147166 ], [ 15.875323, 2.148076 ], [ 15.876611, 2.149025 ], [ 15.876841, 2.149071 ], [ 15.878122, 2.149329 ], [ 15.879813, 2.149448 ], [ 15.881866, 2.149332 ], [ 15.883734, 2.149035 ], [ 15.885605, 2.14906 ], [ 15.886889, 2.149458 ], [ 15.888537, 2.149807 ], [ 15.890139, 2.150247 ], [ 15.891188, 2.150143 ], [ 15.893056, 2.149892 ], [ 15.894378, 2.149601 ], [ 15.896061, 2.149077 ], [ 15.898106, 2.148365 ], [ 15.900158, 2.148066 ], [ 15.901805, 2.148414 ], [ 15.903355, 2.148259 ], [ 15.905038, 2.147689 ], [ 15.90631, 2.147169 ], [ 15.908619, 2.145444 ], [ 15.910611, 2.14409 ], [ 15.912191, 2.142557 ], [ 15.913723, 2.140749 ], [ 15.91522, 2.139997 ], [ 15.915726, 2.140404 ], [ 15.916374, 2.141177 ], [ 15.916426, 2.141258 ], [ 15.917165, 2.142408 ], [ 15.918179, 2.143268 ], [ 15.919232, 2.143531 ], [ 15.919349, 2.143503 ], [ 15.920416, 2.143242 ], [ 15.922147, 2.142855 ], [ 15.923968, 2.142467 ], [ 15.925831, 2.141803 ], [ 15.92738, 2.141464 ], [ 15.928789, 2.140942 ], [ 15.930794, 2.140644 ], [ 15.932097, 2.140704 ], [ 15.932117, 2.140629 ], [ 15.932926, 2.139564 ], [ 15.934017, 2.139092 ], [ 15.935221, 2.138938 ], [ 15.936843, 2.138692 ], [ 15.938528, 2.138443 ], [ 15.940209, 2.137644 ], [ 15.941841, 2.136753 ], [ 15.944785, 2.134745 ], [ 15.946598, 2.133622 ], [ 15.948595, 2.132682 ], [ 15.950595, 2.131878 ], [ 15.952734, 2.131349 ], [ 15.954741, 2.13128 ], [ 15.955884, 2.131358 ], [ 15.957167, 2.131757 ], [ 15.957933, 2.132503 ], [ 15.958371, 2.13293 ], [ 15.959037, 2.132513 ], [ 15.960225, 2.131767 ], [ 15.962585, 2.130593 ], [ 15.964903, 2.129786 ], [ 15.965813, 2.129546 ], [ 15.966959, 2.1299 ], [ 15.968291, 2.130665 ], [ 15.969578, 2.131384 ], [ 15.97137, 2.132374 ], [ 15.972657, 2.133185 ], [ 15.974492, 2.134036 ], [ 15.976013, 2.135258 ], [ 15.977025, 2.135981 ], [ 15.977054, 2.136004 ], [ 15.978961, 2.137519 ], [ 15.979616, 2.137888 ], [ 15.980476, 2.138374 ], [ 15.981545, 2.139463 ], [ 15.981723, 2.139645 ], [ 15.982178, 2.139982 ], [ 15.983612, 2.141046 ], [ 15.984761, 2.141767 ], [ 15.986187, 2.142806 ], [ 15.987475, 2.143663 ], [ 15.988767, 2.144796 ], [ 15.988786, 2.144815 ], [ 15.989829, 2.14584 ], [ 15.990849, 2.147251 ], [ 15.991824, 2.148616 ], [ 15.992835, 2.149247 ], [ 15.99339, 2.150334 ], [ 15.993868, 2.149907 ], [ 15.994525, 2.14932 ], [ 15.995385, 2.148713 ], [ 15.996203, 2.148474 ], [ 15.997709, 2.148411 ], [ 15.998706, 2.147711 ], [ 15.999467, 2.146508 ], [ 16.000421, 2.146039 ], [ 16.001837, 2.146206 ], [ 16.003532, 2.146737 ], [ 16.005543, 2.146989 ], [ 16.007096, 2.147155 ], [ 16.00815, 2.147418 ], [ 16.009836, 2.147215 ], [ 16.011891, 2.147283 ], [ 16.012853, 2.147593 ], [ 16.013112, 2.147716 ], [ 16.014106, 2.146833 ], [ 16.014601, 2.146368 ], [ 16.015191, 2.145948 ], [ 16.016002, 2.14525 ], [ 16.016544, 2.144784 ], [ 16.017132, 2.144273 ], [ 16.017765, 2.143806 ], [ 16.018667, 2.143015 ], [ 16.019162, 2.142413 ], [ 16.019885, 2.141853 ], [ 16.020559, 2.141019 ], [ 16.021283, 2.14046 ], [ 16.021864, 2.139489 ], [ 16.022674, 2.138562 ], [ 16.023213, 2.137959 ], [ 16.023845, 2.137309 ], [ 16.024425, 2.136338 ], [ 16.024918, 2.135414 ], [ 16.02559, 2.134488 ], [ 16.026399, 2.133515 ], [ 16.026895, 2.132958 ], [ 16.027709, 2.132398 ], [ 16.02843, 2.131655 ], [ 16.029148, 2.130683 ], [ 16.029732, 2.129942 ], [ 16.030591, 2.129289 ], [ 16.031179, 2.128915 ], [ 16.032222, 2.128306 ], [ 16.032947, 2.127976 ], [ 16.034311, 2.127593 ], [ 16.034947, 2.127356 ], [ 16.035583, 2.127027 ], [ 16.03617, 2.126608 ], [ 16.036756, 2.126004 ], [ 16.037568, 2.12526 ], [ 16.038608, 2.124514 ], [ 16.03924, 2.124001 ], [ 16.039784, 2.123582 ], [ 16.040732, 2.12279 ], [ 16.041405, 2.121864 ], [ 16.041898, 2.12117 ], [ 16.04262, 2.120565 ], [ 16.043164, 2.120192 ], [ 16.043887, 2.119586 ], [ 16.044881, 2.118932 ], [ 16.04565, 2.118327 ], [ 16.046013, 2.118139 ], [ 16.046831, 2.1179 ], [ 16.047831, 2.117659 ], [ 16.048696, 2.117511 ], [ 16.049651, 2.117224 ], [ 16.050423, 2.11694 ], [ 16.051561, 2.116835 ], [ 16.052292, 2.116872 ], [ 16.053252, 2.117045 ], [ 16.054123, 2.117356 ], [ 16.054904, 2.117806 ], [ 16.055777, 2.1183 ], [ 16.056021, 2.118447 ], [ 16.056603, 2.118796 ], [ 16.057339, 2.119246 ], [ 16.058253, 2.119511 ], [ 16.058769, 2.119619 ], [ 16.059078, 2.119685 ], [ 16.059761, 2.119677 ], [ 16.060718, 2.119666 ], [ 16.061447, 2.119519 ], [ 16.062399, 2.119095 ], [ 16.063352, 2.118717 ], [ 16.064083, 2.118754 ], [ 16.064814, 2.118838 ], [ 16.065547, 2.11915 ], [ 16.06619, 2.119418 ], [ 16.066697, 2.119761 ], [ 16.066925, 2.119914 ], [ 16.067523, 2.120366 ], [ 16.068166, 2.120726 ], [ 16.068811, 2.121223 ], [ 16.069549, 2.121995 ], [ 16.070016, 2.12277 ], [ 16.070479, 2.123407 ], [ 16.071128, 2.124272 ], [ 16.071909, 2.124721 ], [ 16.072259, 2.12468 ], [ 16.072774, 2.124619 ], [ 16.072985, 2.124516 ], [ 16.073635, 2.124196 ], [ 16.074346, 2.123134 ], [ 16.074241, 2.125189 ], [ 16.07421, 2.125818 ], [ 16.073952, 2.127197 ], [ 16.074296, 2.129304 ], [ 16.07482, 2.13118 ], [ 16.075121, 2.133517 ], [ 16.075417, 2.135487 ], [ 16.074979, 2.137006 ], [ 16.074692, 2.139763 ], [ 16.07443, 2.140684 ], [ 16.074228, 2.143073 ], [ 16.073932, 2.145096 ], [ 16.073947, 2.14638 ], [ 16.074152, 2.14826 ], [ 16.074485, 2.149357 ], [ 16.074823, 2.150959 ], [ 16.074935, 2.152748 ], [ 16.075275, 2.154488 ], [ 16.075436, 2.156551 ], [ 16.07527, 2.157976 ], [ 16.075518, 2.159579 ], [ 16.076637, 2.161769 ], [ 16.076977, 2.163509 ], [ 16.077501, 2.165338 ], [ 16.07765, 2.166392 ], [ 16.077681, 2.169053 ], [ 16.077351, 2.169816 ], [ 16.077103, 2.170391 ], [ 16.076901, 2.170583 ], [ 16.075976, 2.17146 ], [ 16.075577, 2.17252 ], [ 16.076008, 2.174213 ], [ 16.076436, 2.175722 ], [ 16.076774, 2.17737 ], [ 16.076883, 2.178746 ], [ 16.076707, 2.179344 ], [ 16.076358, 2.180633 ], [ 16.075871, 2.181878 ], [ 16.075563, 2.182983 ], [ 16.075579, 2.18436 ], [ 16.075863, 2.185137 ], [ 16.076383, 2.186737 ], [ 16.07722, 2.188058 ], [ 16.077963, 2.189059 ], [ 16.078569, 2.190153 ], [ 16.07964, 2.191918 ], [ 16.080089, 2.191856 ], [ 16.080422, 2.192908 ], [ 16.080716, 2.19442 ], [ 16.081141, 2.195425 ], [ 16.08152, 2.196568 ], [ 16.081749, 2.19729 ], [ 16.08185, 2.197608 ], [ 16.081854, 2.197619 ], [ 16.081903, 2.197894 ], [ 16.082642, 2.198619 ], [ 16.083751, 2.199615 ], [ 16.08522, 2.20033 ], [ 16.086597, 2.200863 ], [ 16.08811, 2.201532 ], [ 16.089944, 2.202104 ], [ 16.091688, 2.202816 ], [ 16.093061, 2.203073 ], [ 16.094433, 2.203376 ], [ 16.096077, 2.203492 ], [ 16.097576, 2.202875 ], [ 16.099026, 2.202075 ], [ 16.100072, 2.201923 ], [ 16.101438, 2.201721 ], [ 16.102486, 2.201615 ], [ 16.10408, 2.201226 ], [ 16.105852, 2.200652 ], [ 16.107903, 2.20044 ], [ 16.109087, 2.200333 ], [ 16.110228, 2.200272 ], [ 16.112647, 2.200331 ], [ 16.113696, 2.200271 ], [ 16.11479, 2.200211 ], [ 16.115928, 2.199966 ], [ 16.118022, 2.199708 ], [ 16.119295, 2.199232 ], [ 16.120389, 2.199079 ], [ 16.121391, 2.198974 ], [ 16.122441, 2.199052 ], [ 16.123672, 2.198944 ], [ 16.124813, 2.198928 ], [ 16.125861, 2.198823 ], [ 16.127137, 2.198668 ], [ 16.128681, 2.198142 ], [ 16.12995, 2.197482 ], [ 16.131632, 2.197 ], [ 16.13327, 2.196611 ], [ 16.134485, 2.195354 ], [ 16.135058, 2.193785 ], [ 16.135361, 2.192587 ], [ 16.135571, 2.191253 ], [ 16.135644, 2.189782 ], [ 16.135674, 2.188679 ], [ 16.135839, 2.187299 ], [ 16.135958, 2.18592 ], [ 16.136032, 2.184587 ], [ 16.13624, 2.183161 ], [ 16.136453, 2.182056 ], [ 16.136712, 2.180904 ], [ 16.137153, 2.17975 ], [ 16.138182, 2.178129 ], [ 16.139087, 2.177565 ], [ 16.140718, 2.176763 ], [ 16.143097, 2.177053 ], [ 16.144659, 2.177904 ], [ 16.145488, 2.17849 ], [ 16.146407, 2.179029 ], [ 16.147238, 2.179753 ], [ 16.148307, 2.181162 ], [ 16.148959, 2.182118 ], [ 16.149383, 2.183169 ], [ 16.149722, 2.184634 ], [ 16.150056, 2.185639 ], [ 16.150343, 2.186784 ], [ 16.150868, 2.188522 ], [ 16.151156, 2.189574 ], [ 16.152546, 2.191117 ], [ 16.153968, 2.191741 ], [ 16.155487, 2.192639 ], [ 16.156818, 2.19331 ], [ 16.157199, 2.194143 ], [ 16.15871, 2.194994 ], [ 16.159717, 2.19535 ], [ 16.160822, 2.196163 ], [ 16.161705, 2.197437 ], [ 16.162676, 2.198573 ], [ 16.163966, 2.199567 ], [ 16.165524, 2.200191 ], [ 16.166897, 2.200496 ], [ 16.16859, 2.200889 ], [ 16.170328, 2.201281 ], [ 16.17216, 2.201948 ], [ 16.173582, 2.202527 ], [ 16.175416, 2.203286 ], [ 16.176608, 2.203731 ], [ 16.178491, 2.204672 ], [ 16.180927, 2.206249 ], [ 16.182413, 2.208526 ], [ 16.183986, 2.210296 ], [ 16.185051, 2.211706 ], [ 16.185802, 2.213257 ], [ 16.186277, 2.214949 ], [ 16.186435, 2.216691 ], [ 16.186362, 2.218206 ], [ 16.185929, 2.220138 ], [ 16.185532, 2.221381 ], [ 16.184684, 2.222905 ], [ 16.183835, 2.224475 ], [ 16.182388, 2.225502 ], [ 16.180401, 2.227269 ], [ 16.179137, 2.228339 ], [ 16.177825, 2.229364 ], [ 16.177195, 2.229968 ], [ 16.174545, 2.231523 ], [ 16.17434, 2.231654 ], [ 16.173073, 2.232586 ], [ 16.171854, 2.23361 ], [ 16.17095, 2.234401 ], [ 16.170095, 2.235283 ], [ 16.169236, 2.236027 ], [ 16.168465, 2.236495 ], [ 16.167282, 2.236693 ], [ 16.166188, 2.236843 ], [ 16.164959, 2.237087 ], [ 16.164093, 2.237098 ], [ 16.163182, 2.237292 ], [ 16.162499, 2.237346 ], [ 16.161726, 2.237585 ], [ 16.16006, 2.239486 ], [ 16.158981, 2.240783 ], [ 16.158494, 2.242028 ], [ 16.158143, 2.243225 ], [ 16.158067, 2.244602 ], [ 16.15818, 2.246345 ], [ 16.157969, 2.247678 ], [ 16.157843, 2.248734 ], [ 16.15749, 2.249611 ], [ 16.15622, 2.250314 ], [ 16.155862, 2.250869 ], [ 16.156052, 2.251417 ], [ 16.156884, 2.252371 ], [ 16.157767, 2.253356 ], [ 16.157982, 2.253618 ], [ 16.159392, 2.255536 ], [ 16.159392, 2.255537 ], [ 16.159529, 2.256102 ], [ 16.159951, 2.257106 ], [ 16.159737, 2.258164 ], [ 16.160756, 2.259391 ], [ 16.16154, 2.26007 ], [ 16.162373, 2.26111 ], [ 16.162703, 2.2615 ], [ 16.16339, 2.26225 ], [ 16.164039, 2.263068 ], [ 16.164786, 2.264436 ], [ 16.165208, 2.265532 ], [ 16.16545, 2.26663 ], [ 16.165055, 2.26792 ], [ 16.164114, 2.269353 ], [ 16.163173, 2.270741 ], [ 16.162234, 2.272358 ], [ 16.161564, 2.273559 ], [ 16.16131, 2.275168 ], [ 16.161602, 2.276725 ], [ 16.161887, 2.277685 ], [ 16.16227, 2.279103 ], [ 16.162334, 2.280616 ], [ 16.162307, 2.282222 ], [ 16.162237, 2.283921 ], [ 16.161122, 2.286182 ], [ 16.160117, 2.289819 ], [ 16.159009, 2.292494 ], [ 16.157809, 2.295261 ], [ 16.156476, 2.298076 ], [ 16.155585, 2.29983 ], [ 16.154957, 2.300893 ], [ 16.153709, 2.303386 ], [ 16.152507, 2.305832 ], [ 16.150955, 2.309476 ], [ 16.149936, 2.312103 ], [ 16.148378, 2.315242 ], [ 16.147358, 2.317732 ], [ 16.146338, 2.320131 ], [ 16.145355, 2.32184 ], [ 16.144424, 2.324191 ], [ 16.143893, 2.325529 ], [ 16.143143, 2.327694 ], [ 16.142533, 2.329996 ], [ 16.142194, 2.332156 ], [ 16.141901, 2.334317 ], [ 16.141338, 2.336893 ], [ 16.141465, 2.339782 ], [ 16.141573, 2.341112 ], [ 16.141613, 2.341954 ], [ 16.141613, 2.341956 ], [ 16.141634, 2.342396 ], [ 16.141543, 2.343058 ], [ 16.141507, 2.343315 ], [ 16.141571, 2.344691 ], [ 16.141652, 2.34641 ], [ 16.141659, 2.346573 ], [ 16.141694, 2.347305 ], [ 16.141393, 2.348914 ], [ 16.141106, 2.351533 ], [ 16.140713, 2.353006 ], [ 16.139413, 2.354858 ], [ 16.138604, 2.355969 ], [ 16.136301, 2.357924 ], [ 16.135579, 2.358575 ], [ 16.134858, 2.359318 ], [ 16.133544, 2.360114 ], [ 16.132182, 2.360773 ], [ 16.13096, 2.361522 ], [ 16.129648, 2.362455 ], [ 16.128611, 2.363477 ], [ 16.1273, 2.364594 ], [ 16.126173, 2.365709 ], [ 16.125277, 2.367005 ], [ 16.124508, 2.367703 ], [ 16.123383, 2.368818 ], [ 16.12302, 2.369006 ], [ 16.122019, 2.369385 ], [ 16.120706, 2.370181 ], [ 16.120124, 2.371152 ], [ 16.119185, 2.372677 ], [ 16.118381, 2.374064 ], [ 16.118123, 2.375398 ], [ 16.116914, 2.377339 ], [ 16.116107, 2.378496 ], [ 16.115672, 2.380245 ], [ 16.114788, 2.382642 ], [ 16.114263, 2.384484 ], [ 16.113555, 2.386191 ], [ 16.111485, 2.388694 ], [ 16.111128, 2.389341 ], [ 16.110151, 2.391509 ], [ 16.109483, 2.392894 ], [ 16.109082, 2.393725 ], [ 16.10783, 2.395851 ], [ 16.107522, 2.396727 ], [ 16.106629, 2.398344 ], [ 16.106785, 2.399856 ], [ 16.106351, 2.401697 ], [ 16.105744, 2.404366 ], [ 16.104774, 2.407177 ], [ 16.103847, 2.409712 ], [ 16.10291, 2.411513 ], [ 16.101979, 2.413636 ], [ 16.101452, 2.41534 ], [ 16.10034, 2.417786 ], [ 16.099716, 2.418941 ], [ 16.098551, 2.420653 ], [ 16.097741, 2.421672 ], [ 16.096399, 2.423846 ], [ 16.095195, 2.426246 ], [ 16.094533, 2.42809 ], [ 16.093817, 2.429109 ], [ 16.092554, 2.430363 ], [ 16.091249, 2.431939 ], [ 16.089847, 2.432966 ], [ 16.088894, 2.43339 ], [ 16.087803, 2.433725 ], [ 16.086256, 2.433522 ], [ 16.086228, 2.433519 ], [ 16.085883, 2.433473 ], [ 16.085671, 2.433574 ], [ 16.085451, 2.433528 ], [ 16.085103, 2.433468 ], [ 16.084598, 2.433114 ], [ 16.084459, 2.433016 ], [ 16.083679, 2.432658 ], [ 16.082761, 2.432302 ], [ 16.08194, 2.432266 ], [ 16.081896, 2.432303 ], [ 16.074103, 2.429357 ], [ 16.073877, 2.429548 ], [ 16.073198, 2.43012 ], [ 16.072425, 2.430313 ], [ 16.071653, 2.430643 ], [ 16.070929, 2.431065 ], [ 16.070249, 2.431486 ], [ 16.069298, 2.43214 ], [ 16.06835, 2.432886 ], [ 16.067765, 2.433627 ], [ 16.067086, 2.434095 ], [ 16.066405, 2.434332 ], [ 16.065542, 2.434664 ], [ 16.064494, 2.434722 ], [ 16.063534, 2.434688 ], [ 16.063003, 2.434621 ], [ 16.062529, 2.434562 ], [ 16.061842, 2.434386 ], [ 16.061194, 2.433614 ], [ 16.06068, 2.432656 ], [ 16.060029, 2.431699 ], [ 16.059563, 2.430787 ], [ 16.059049, 2.429782 ], [ 16.058855, 2.428913 ], [ 16.058844, 2.427903 ], [ 16.058924, 2.427029 ], [ 16.058367, 2.426164 ], [ 16.057401, 2.425532 ], [ 16.056616, 2.424807 ], [ 16.056255, 2.424218 ], [ 16.056197, 2.424123 ], [ 16.055684, 2.423257 ], [ 16.05504, 2.422851 ], [ 16.054267, 2.423044 ], [ 16.053543, 2.423558 ], [ 16.052546, 2.424121 ], [ 16.052239, 2.423981 ], [ 16.051859, 2.423808 ], [ 16.051166, 2.423264 ], [ 16.050703, 2.422673 ], [ 16.050054, 2.421763 ], [ 16.049118, 2.420756 ], [ 16.049083, 2.420718 ], [ 16.0483, 2.420085 ], [ 16.047655, 2.419679 ], [ 16.046923, 2.419504 ], [ 16.046055, 2.419469 ], [ 16.045327, 2.419569 ], [ 16.044415, 2.419626 ], [ 16.043733, 2.419817 ], [ 16.043001, 2.419734 ], [ 16.042226, 2.419743 ], [ 16.041135, 2.420078 ], [ 16.040502, 2.420498 ], [ 16.039365, 2.420879 ], [ 16.038683, 2.421162 ], [ 16.037955, 2.421263 ], [ 16.037042, 2.421274 ], [ 16.036123, 2.42078 ], [ 16.035346, 2.420559 ], [ 16.034431, 2.420432 ], [ 16.032882, 2.42068 ], [ 16.031976, 2.421288 ], [ 16.031033, 2.422447 ], [ 16.030035, 2.42301 ], [ 16.028935, 2.422563 ], [ 16.028063, 2.422114 ], [ 16.02742, 2.421801 ], [ 16.02691, 2.421256 ], [ 16.026312, 2.420758 ], [ 16.025582, 2.420675 ], [ 16.024855, 2.421004 ], [ 16.023991, 2.421336 ], [ 16.023128, 2.421668 ], [ 16.02299, 2.42173 ], [ 16.022967, 2.421741 ], [ 16.022403, 2.421997 ], [ 16.021879, 2.422216 ], [ 16.021267, 2.42247 ], [ 16.020667, 2.421926 ], [ 16.019834, 2.420926 ], [ 16.019245, 2.419865 ], [ 16.019227, 2.419831 ], [ 16.018578, 2.418967 ], [ 16.017935, 2.418699 ], [ 16.017262, 2.418761 ], [ 16.016592, 2.418765 ], [ 16.01611, 2.418674 ], [ 16.014828, 2.418322 ], [ 16.014139, 2.418009 ], [ 16.013407, 2.417833 ], [ 16.012724, 2.417979 ], [ 16.011635, 2.418451 ], [ 16.010546, 2.418969 ], [ 16.009456, 2.419395 ], [ 16.00868, 2.419358 ], [ 16.007353, 2.419053 ], [ 16.006167, 2.419112 ], [ 16.005436, 2.419121 ], [ 16.004525, 2.419224 ], [ 16.00366, 2.419326 ], [ 16.002931, 2.419426 ], [ 16.002154, 2.419481 ], [ 16.000697, 2.419728 ], [ 15.999832, 2.419922 ], [ 15.998602, 2.42012 ], [ 15.997737, 2.420268 ], [ 15.997055, 2.420414 ], [ 15.995645, 2.420798 ], [ 15.994736, 2.421084 ], [ 15.994055, 2.421459 ], [ 15.993148, 2.421975 ], [ 15.99229, 2.422628 ], [ 15.991109, 2.423193 ], [ 15.989925, 2.42339 ], [ 15.988968, 2.423494 ], [ 15.98787, 2.423323 ], [ 15.987001, 2.423196 ], [ 15.986965, 2.423186 ], [ 15.986132, 2.422976 ], [ 15.985394, 2.422296 ], [ 15.98493, 2.421705 ], [ 15.984511, 2.420975 ], [ 15.984179, 2.420015 ], [ 15.983444, 2.419656 ], [ 15.983398, 2.41962 ], [ 15.98257, 2.418977 ], [ 15.98147, 2.418577 ], [ 15.980692, 2.418448 ], [ 15.979824, 2.418321 ], [ 15.978957, 2.418423 ], [ 15.978229, 2.418569 ], [ 15.9775, 2.418624 ], [ 15.976541, 2.418635 ], [ 15.975676, 2.418829 ], [ 15.974173, 2.419076 ], [ 15.97326, 2.419087 ], [ 15.972532, 2.419141 ], [ 15.971621, 2.419336 ], [ 15.970799, 2.419299 ], [ 15.96984, 2.419219 ], [ 15.969154, 2.419135 ], [ 15.967783, 2.419014 ], [ 15.966501, 2.418753 ], [ 15.965816, 2.418623 ], [ 15.964585, 2.41873 ], [ 15.963812, 2.418922 ], [ 15.962945, 2.41907 ], [ 15.962171, 2.419171 ], [ 15.961442, 2.419272 ], [ 15.960578, 2.419511 ], [ 15.959894, 2.419657 ], [ 15.958799, 2.419716 ], [ 15.957567, 2.419731 ], [ 15.956241, 2.419425 ], [ 15.955233, 2.419115 ], [ 15.954406, 2.418711 ], [ 15.953672, 2.418353 ], [ 15.95271, 2.418042 ], [ 15.952022, 2.417775 ], [ 15.951195, 2.417326 ], [ 15.950274, 2.416739 ], [ 15.949174, 2.416247 ], [ 15.947894, 2.416171 ], [ 15.946985, 2.416456 ], [ 15.945803, 2.416884 ], [ 15.944576, 2.417265 ], [ 15.943988, 2.417686 ], [ 15.943082, 2.418293 ], [ 15.942446, 2.418576 ], [ 15.941403, 2.419094 ], [ 15.940405, 2.419565 ], [ 15.939677, 2.419849 ], [ 15.938452, 2.42046 ], [ 15.937273, 2.421071 ], [ 15.936592, 2.421446 ], [ 15.935777, 2.421915 ], [ 15.935095, 2.422244 ], [ 15.934461, 2.422619 ], [ 15.933781, 2.422949 ], [ 15.932872, 2.423372 ], [ 15.932245, 2.424299 ], [ 15.931847, 2.425359 ], [ 15.931542, 2.426649 ], [ 15.931325, 2.427524 ], [ 15.931292, 2.428672 ], [ 15.931304, 2.429591 ], [ 15.931268, 2.430418 ], [ 15.931185, 2.431154 ], [ 15.931014, 2.43212 ], [ 15.93075, 2.432904 ], [ 15.930438, 2.43355 ], [ 15.929624, 2.434157 ], [ 15.928625, 2.434582 ], [ 15.927991, 2.434957 ], [ 15.926765, 2.435568 ], [ 15.925538, 2.435996 ], [ 15.924538, 2.436375 ], [ 15.923717, 2.436385 ], [ 15.922849, 2.436303 ], [ 15.921799, 2.436315 ], [ 15.920842, 2.436418 ], [ 15.919703, 2.436662 ], [ 15.918705, 2.437132 ], [ 15.917751, 2.437557 ], [ 15.916839, 2.437659 ], [ 15.916017, 2.437623 ], [ 15.914556, 2.437549 ], [ 15.913825, 2.437557 ], [ 15.912865, 2.437431 ], [ 15.911911, 2.437763 ], [ 15.911322, 2.438138 ], [ 15.91037, 2.438654 ], [ 15.909735, 2.439029 ], [ 15.90892, 2.439636 ], [ 15.908334, 2.440193 ], [ 15.906974, 2.440944 ], [ 15.905923, 2.440865 ], [ 15.904959, 2.440509 ], [ 15.903906, 2.440154 ], [ 15.90263, 2.440306 ], [ 15.901446, 2.440642 ], [ 15.900462, 2.440517 ], [ 15.90012, 2.440474 ], [ 15.89963, 2.440139 ], [ 15.899062, 2.439751 ], [ 15.898143, 2.439211 ], [ 15.897367, 2.43922 ], [ 15.896777, 2.439595 ], [ 15.896148, 2.440383 ], [ 15.8957, 2.441031 ], [ 15.895434, 2.441769 ], [ 15.89499, 2.44283 ], [ 15.89514, 2.443931 ], [ 15.895563, 2.44489 ], [ 15.895936, 2.445483 ], [ 15.896081, 2.446216 ], [ 15.895546, 2.447279 ], [ 15.895555, 2.448059 ], [ 15.896382, 2.448417 ], [ 15.896681, 2.44843 ], [ 15.897203, 2.448453 ], [ 15.897895, 2.448996 ], [ 15.897843, 2.449552 ], [ 15.897813, 2.44987 ], [ 15.897685, 2.45056 ], [ 15.897789, 2.451661 ], [ 15.897755, 2.45258 ], [ 15.897262, 2.453321 ], [ 15.897138, 2.454424 ], [ 15.897743, 2.455382 ], [ 15.897981, 2.456206 ], [ 15.898451, 2.457257 ], [ 15.898324, 2.458223 ], [ 15.898793, 2.459181 ], [ 15.898848, 2.460007 ], [ 15.898996, 2.460924 ], [ 15.89978, 2.461604 ], [ 15.90038, 2.462148 ], [ 15.901027, 2.462783 ], [ 15.901175, 2.463654 ], [ 15.90091, 2.464438 ], [ 15.900739, 2.465404 ], [ 15.900885, 2.466137 ], [ 15.900806, 2.467195 ], [ 15.900542, 2.468025 ], [ 15.900187, 2.468901 ], [ 15.90011, 2.470096 ], [ 15.899752, 2.470698 ], [ 15.899303, 2.471254 ], [ 15.898945, 2.471855 ], [ 15.898633, 2.472502 ], [ 15.898003, 2.47329 ], [ 15.89728, 2.473941 ], [ 15.896649, 2.474546 ], [ 15.896155, 2.475241 ], [ 15.895752, 2.475889 ], [ 15.895214, 2.47663 ], [ 15.894446, 2.477374 ], [ 15.893771, 2.478116 ], [ 15.89332, 2.478673 ], [ 15.892645, 2.479462 ], [ 15.892291, 2.480384 ], [ 15.891753, 2.481171 ], [ 15.891124, 2.482051 ], [ 15.890536, 2.482518 ], [ 15.889811, 2.482894 ], [ 15.889082, 2.483086 ], [ 15.888264, 2.483371 ], [ 15.887675, 2.483746 ], [ 15.887183, 2.484532 ], [ 15.886872, 2.485225 ], [ 15.886288, 2.486058 ], [ 15.885476, 2.486803 ], [ 15.884747, 2.486949 ], [ 15.883973, 2.487188 ], [ 15.883068, 2.487888 ], [ 15.882533, 2.488813 ], [ 15.882177, 2.489689 ], [ 15.881959, 2.490473 ], [ 15.881692, 2.491165 ], [ 15.881111, 2.492045 ], [ 15.880573, 2.492969 ], [ 15.879757, 2.493392 ], [ 15.878707, 2.493405 ], [ 15.877702, 2.493371 ], [ 15.87688, 2.493289 ], [ 15.875875, 2.493254 ], [ 15.874964, 2.493495 ], [ 15.874149, 2.493964 ], [ 15.873152, 2.494711 ], [ 15.872521, 2.495269 ], [ 15.87184, 2.495553 ], [ 15.870976, 2.495793 ], [ 15.870427, 2.495845 ], [ 15.870067, 2.495432 ], [ 15.869378, 2.495073 ], [ 15.868734, 2.494759 ], [ 15.868087, 2.494078 ], [ 15.867035, 2.493954 ], [ 15.866168, 2.494149 ], [ 15.864843, 2.493982 ], [ 15.864387, 2.493874 ], [ 15.86411, 2.493808 ], [ 15.863784, 2.49326 ], [ 15.863739, 2.493179 ], [ 15.863456, 2.492667 ], [ 15.862624, 2.491805 ], [ 15.861937, 2.49163 ], [ 15.861071, 2.491778 ], [ 15.860252, 2.491973 ], [ 15.859431, 2.492075 ], [ 15.858429, 2.492272 ], [ 15.857746, 2.49251 ], [ 15.856562, 2.492709 ], [ 15.855742, 2.492812 ], [ 15.8551, 2.492682 ], [ 15.854895, 2.492597 ], [ 15.854458, 2.492415 ], [ 15.854091, 2.492235 ], [ 15.853254, 2.491143 ], [ 15.852471, 2.49051 ], [ 15.851953, 2.489322 ], [ 15.851758, 2.488919 ], [ 15.851578, 2.488546 ], [ 15.850608, 2.487731 ], [ 15.849827, 2.487374 ], [ 15.848181, 2.487073 ], [ 15.846993, 2.487088 ], [ 15.845807, 2.487057 ], [ 15.844891, 2.486931 ], [ 15.843609, 2.486625 ], [ 15.842463, 2.48641 ], [ 15.841457, 2.486239 ], [ 15.840449, 2.485977 ], [ 15.839672, 2.485941 ], [ 15.838622, 2.485954 ], [ 15.837527, 2.486014 ], [ 15.836844, 2.48616 ], [ 15.835657, 2.486175 ], [ 15.834653, 2.486234 ], [ 15.833236, 2.486114 ], [ 15.832275, 2.485943 ], [ 15.831723, 2.485582 ], [ 15.831216, 2.485175 ], [ 15.830478, 2.484679 ], [ 15.829834, 2.484274 ], [ 15.828867, 2.483551 ], [ 15.828047, 2.483699 ], [ 15.827324, 2.484398 ], [ 15.82692, 2.484601 ], [ 15.826477, 2.485709 ], [ 15.826308, 2.486859 ], [ 15.82609, 2.487734 ], [ 15.825873, 2.488655 ], [ 15.825379, 2.489396 ], [ 15.824745, 2.489817 ], [ 15.823744, 2.490013 ], [ 15.823014, 2.490113 ], [ 15.822286, 2.490259 ], [ 15.82147, 2.49082 ], [ 15.820795, 2.491609 ], [ 15.820122, 2.492628 ], [ 15.819448, 2.493416 ], [ 15.818678, 2.493976 ], [ 15.818041, 2.49426 ], [ 15.817079, 2.493858 ], [ 15.816018, 2.493043 ], [ 15.815464, 2.492545 ], [ 15.814587, 2.491728 ], [ 15.813668, 2.491325 ], [ 15.812799, 2.491106 ], [ 15.811704, 2.491212 ], [ 15.810651, 2.490995 ], [ 15.809552, 2.490688 ], [ 15.80873, 2.490606 ], [ 15.807999, 2.490661 ], [ 15.80686, 2.490905 ], [ 15.806131, 2.491053 ], [ 15.804992, 2.491205 ], [ 15.804218, 2.491444 ], [ 15.803442, 2.491454 ], [ 15.802573, 2.491374 ], [ 15.801794, 2.491108 ], [ 15.801764, 2.49109 ], [ 15.801105, 2.490703 ], [ 15.800049, 2.490303 ], [ 15.799907, 2.490172 ], [ 15.79931, 2.489623 ], [ 15.798575, 2.489311 ], [ 15.797665, 2.489598 ], [ 15.796759, 2.490115 ], [ 15.795762, 2.490771 ], [ 15.794634, 2.491795 ], [ 15.793367, 2.492731 ], [ 15.792738, 2.493474 ], [ 15.791882, 2.494357 ], [ 15.79111, 2.494735 ], [ 15.78997, 2.494933 ], [ 15.789148, 2.49476 ], [ 15.788509, 2.494608 ], [ 15.788048, 2.494498 ], [ 15.787852, 2.494387 ], [ 15.787496, 2.494183 ], [ 15.786758, 2.493549 ], [ 15.786156, 2.49296 ], [ 15.785466, 2.492647 ], [ 15.784779, 2.49238 ], [ 15.783774, 2.492347 ], [ 15.782862, 2.492404 ], [ 15.782725, 2.492498 ], [ 15.781443, 2.492147 ], [ 15.779976, 2.491752 ], [ 15.779196, 2.49144 ], [ 15.77832, 2.490808 ], [ 15.777312, 2.490453 ], [ 15.7763, 2.48996 ], [ 15.775194, 2.489193 ], [ 15.774181, 2.488425 ], [ 15.773255, 2.487564 ], [ 15.772566, 2.487067 ], [ 15.7716, 2.486482 ], [ 15.771002, 2.486214 ], [ 15.770089, 2.48618 ], [ 15.769458, 2.486923 ], [ 15.768741, 2.487989 ], [ 15.768203, 2.488685 ], [ 15.767027, 2.489573 ], [ 15.766163, 2.489813 ], [ 15.764753, 2.490291 ], [ 15.763661, 2.490626 ], [ 15.762435, 2.491193 ], [ 15.761666, 2.491662 ], [ 15.760623, 2.492318 ], [ 15.759353, 2.493024 ], [ 15.758717, 2.493215 ], [ 15.75776, 2.493319 ], [ 15.756348, 2.493705 ], [ 15.754191, 2.492905 ], [ 15.753, 2.492507 ], [ 15.751808, 2.492154 ], [ 15.750755, 2.491846 ], [ 15.749653, 2.4914 ], [ 15.748554, 2.49123 ], [ 15.746592, 2.491301 ], [ 15.745495, 2.491269 ], [ 15.744309, 2.491376 ], [ 15.742986, 2.491485 ], [ 15.741799, 2.491453 ], [ 15.740384, 2.491517 ], [ 15.739651, 2.491343 ], [ 15.738502, 2.490668 ], [ 15.737257, 2.489765 ], [ 15.736063, 2.489183 ], [ 15.73478, 2.48874 ], [ 15.733954, 2.488475 ], [ 15.732214, 2.488221 ], [ 15.730979, 2.488007 ], [ 15.730062, 2.487697 ], [ 15.72878, 2.487345 ], [ 15.72791, 2.487126 ], [ 15.72704, 2.486954 ], [ 15.725617, 2.48642 ], [ 15.724468, 2.485919 ], [ 15.724285, 2.48584 ], [ 15.723641, 2.485343 ], [ 15.722948, 2.484754 ], [ 15.72239, 2.48398 ], [ 15.721651, 2.4833 ], [ 15.721017, 2.482407 ], [ 15.720907, 2.482252 ], [ 15.720872, 2.48221 ], [ 15.720117, 2.481297 ], [ 15.719606, 2.480477 ], [ 15.719003, 2.479795 ], [ 15.71853, 2.478906 ], [ 15.718397, 2.478654 ], [ 15.717791, 2.477881 ], [ 15.717328, 2.477382 ], [ 15.71645, 2.476519 ], [ 15.71562, 2.475841 ], [ 15.715066, 2.475297 ], [ 15.714418, 2.474707 ], [ 15.713864, 2.474255 ], [ 15.712855, 2.473854 ], [ 15.712211, 2.473357 ], [ 15.711382, 2.472908 ], [ 15.710507, 2.472368 ], [ 15.709909, 2.472008 ], [ 15.708847, 2.471102 ], [ 15.708017, 2.470377 ], [ 15.707597, 2.469647 ], [ 15.70697, 2.468936 ], [ 15.706716, 2.468648 ], [ 15.706285, 2.467806 ], [ 15.706248, 2.467735 ], [ 15.705918, 2.466866 ], [ 15.705355, 2.465771 ], [ 15.704936, 2.464903 ], [ 15.704699, 2.46454 ], [ 15.704516, 2.464259 ], [ 15.703079, 2.461198 ], [ 15.702659, 2.460468 ], [ 15.702608, 2.460358 ], [ 15.702191, 2.459463 ], [ 15.701454, 2.45892 ], [ 15.700533, 2.458288 ], [ 15.699615, 2.457884 ], [ 15.698885, 2.457939 ], [ 15.697931, 2.458409 ], [ 15.697068, 2.458787 ], [ 15.696021, 2.459121 ], [ 15.695207, 2.459636 ], [ 15.694388, 2.460059 ], [ 15.693478, 2.460391 ], [ 15.692748, 2.460308 ], [ 15.691878, 2.46018 ], [ 15.690823, 2.459733 ], [ 15.690042, 2.459328 ], [ 15.68889, 2.458515 ], [ 15.688017, 2.45802 ], [ 15.687064, 2.458582 ], [ 15.686298, 2.459418 ], [ 15.685759, 2.460251 ], [ 15.685448, 2.460898 ], [ 15.685001, 2.46173 ], [ 15.684735, 2.462423 ], [ 15.684515, 2.463114 ], [ 15.684252, 2.464082 ], [ 15.684079, 2.464865 ], [ 15.683908, 2.465924 ], [ 15.68369, 2.466708 ], [ 15.683561, 2.467445 ], [ 15.683297, 2.468275 ], [ 15.682896, 2.469106 ], [ 15.682403, 2.469847 ], [ 15.682046, 2.470632 ], [ 15.681597, 2.471281 ], [ 15.681241, 2.472066 ], [ 15.681112, 2.472757 ], [ 15.680986, 2.473677 ], [ 15.680995, 2.474413 ], [ 15.681096, 2.475192 ], [ 15.681381, 2.476154 ], [ 15.68171, 2.476839 ], [ 15.681992, 2.477663 ], [ 15.682322, 2.478486 ], [ 15.682603, 2.479126 ], [ 15.683072, 2.480085 ], [ 15.683217, 2.480773 ], [ 15.683591, 2.481504 ], [ 15.683738, 2.482283 ], [ 15.683756, 2.483753 ], [ 15.68335, 2.484355 ], [ 15.682809, 2.484867 ], [ 15.68213, 2.48538 ], [ 15.681362, 2.486125 ], [ 15.680594, 2.486731 ], [ 15.679915, 2.48729 ], [ 15.679236, 2.487803 ], [ 15.678601, 2.48827 ], [ 15.677739, 2.488648 ], [ 15.677013, 2.48907 ], [ 15.676285, 2.4894 ], [ 15.675467, 2.489731 ], [ 15.674603, 2.489971 ], [ 15.673281, 2.490124 ], [ 15.672411, 2.489997 ], [ 15.671589, 2.48996 ], [ 15.670493, 2.490019 ], [ 15.669625, 2.489983 ], [ 15.668574, 2.48995 ], [ 15.66775, 2.489775 ], [ 15.666834, 2.489556 ], [ 15.665963, 2.489291 ], [ 15.665001, 2.488981 ], [ 15.664084, 2.48867 ], [ 15.663302, 2.488357 ], [ 15.663007, 2.488256 ], [ 15.662517, 2.488517 ], [ 15.661652, 2.488741 ], [ 15.66076, 2.48934 ], [ 15.659051, 2.491436 ], [ 15.657684, 2.492505 ], [ 15.656692, 2.492839 ], [ 15.656681, 2.492842 ], [ 15.656333, 2.492959 ], [ 15.655259, 2.492934 ], [ 15.653474, 2.49271 ], [ 15.650769, 2.491889 ], [ 15.649086, 2.491291 ], [ 15.648119, 2.490917 ], [ 15.646855, 2.490544 ], [ 15.645144, 2.490246 ], [ 15.642362, 2.489793 ], [ 15.641202, 2.489574 ], [ 15.640087, 2.4895 ], [ 15.615451, 2.494112 ], [ 15.614261, 2.494082 ], [ 15.612625, 2.494083 ] ] ] ] } },
{ "type": "Feature", "properties": { "tg_type": "FON.AIRE_PROTEGEE", "nom": "Bénoué", "source_id": "C2DBB7CF-D8F1-40AF-BBC0-5C0DFD93FBB4", "source": "MINFOF_WRI_ATLAS_FORESTIER_SIG_2018", "statut": "IMPORTE", "date_source": "2016-12-13", "regime_tg": "AIRE_PROTEGEE", "categorie": "aire_protegee", "desc_type": "Parc national", "cat_uicn": "II", "wdpaid": 607.0, "statu_crea": "cree", "statu_amgt": "en_revision", "date_prop": null, "date_crea": "1968-12-05", "date_amgt": "2002-01-01", "sup_adm_ha": 180000, "sup_sig_ha": 197947.0 }, "geometry": { "type": "MultiPolygon", "coordinates": [ [ [ [ 13.703661, 8.660603 ], [ 13.693808, 8.667618 ], [ 13.689466, 8.667117 ], [ 13.689633, 8.655426 ], [ 13.673935, 8.638223 ], [ 13.672766, 8.630707 ], [ 13.663916, 8.615175 ], [ 13.664417, 8.595634 ], [ 13.674436, 8.579267 ], [ 13.669927, 8.562064 ], [ 13.66976, 8.542023 ], [ 13.655399, 8.526156 ], [ 13.656735, 8.517972 ], [ 13.658238, 8.514632 ], [ 13.657403, 8.506114 ], [ 13.67477, 8.503275 ], [ 13.710842, 8.486407 ], [ 13.714015, 8.483233 ], [ 13.715685, 8.482231 ], [ 13.717021, 8.481229 ], [ 13.720694, 8.480394 ], [ 13.721863, 8.479392 ], [ 13.724034, 8.47839 ], [ 13.724535, 8.478557 ], [ 13.729044, 8.477722 ], [ 13.736392, 8.473212 ], [ 13.736893, 8.471375 ], [ 13.735223, 8.46553 ], [ 13.734388, 8.464361 ], [ 13.73372, 8.46386 ], [ 13.732718, 8.459517 ], [ 13.733052, 8.458014 ], [ 13.733219, 8.45601 ], [ 13.732718, 8.453338 ], [ 13.73372, 8.450665 ], [ 13.73539, 8.448327 ], [ 13.73539, 8.447993 ], [ 13.733052, 8.440143 ], [ 13.732217, 8.433296 ], [ 13.731215, 8.423943 ], [ 13.730714, 8.417596 ], [ 13.736559, 8.404068 ], [ 13.759605, 8.391041 ], [ 13.764949, 8.380686 ], [ 13.778475, 8.365488 ], [ 13.78766, 8.342607 ], [ 13.77931, 8.321897 ], [ 13.781147, 8.30553 ], [ 13.782149, 8.297179 ], [ 13.788996, 8.277805 ], [ 13.788161, 8.257429 ], [ 13.773131, 8.246406 ], [ 13.780479, 8.221521 ], [ 13.774968, 8.202314 ], [ 13.770292, 8.199809 ], [ 13.763111, 8.196135 ], [ 13.7571, 8.197972 ], [ 13.752257, 8.203316 ], [ 13.74708, 8.202815 ], [ 13.737895, 8.195467 ], [ 13.713346, 8.186949 ], [ 13.700321, 8.186281 ], [ 13.691303, 8.197137 ], [ 13.680782, 8.199308 ], [ 13.666754, 8.214841 ], [ 13.651223, 8.213504 ], [ 13.642373, 8.204987 ], [ 13.641538, 8.198807 ], [ 13.641538, 8.193296 ], [ 13.640202, 8.187617 ], [ 13.637029, 8.158557 ], [ 13.628011, 8.14102 ], [ 13.626341, 8.134507 ], [ 13.620997, 8.129997 ], [ 13.618325, 8.130498 ], [ 13.605466, 8.131667 ], [ 13.57691, 8.129329 ], [ 13.569395, 8.128494 ], [ 13.568727, 8.115801 ], [ 13.583589, 8.103442 ], [ 13.587096, 8.08958 ], [ 13.587096, 8.07839 ], [ 13.587263, 8.075216 ], [ 13.593275, 8.061855 ], [ 13.606134, 8.047492 ], [ 13.603629, 8.040978 ], [ 13.571733, 8.012419 ], [ 13.565721, 7.996218 ], [ 13.560043, 7.991542 ], [ 13.562882, 7.980018 ], [ 13.566222, 7.976845 ], [ 13.570397, 7.973003 ], [ 13.579581, 7.949287 ], [ 13.587597, 7.937262 ], [ 13.599454, 7.928076 ], [ 13.639199, 7.930915 ], [ 13.640063, 7.931116 ], [ 13.642556, 7.931696 ], [ 13.670094, 7.938097 ], [ 13.685959, 7.949621 ], [ 13.698984, 7.963483 ], [ 13.705664, 7.987533 ], [ 13.699652, 7.995884 ], [ 13.698817, 7.996719 ], [ 13.712177, 8.015592 ], [ 13.709171, 8.037805 ], [ 13.738062, 8.041646 ], [ 13.748917, 8.054506 ], [ 13.758268, 8.05768 ], [ 13.788662, 8.083734 ], [ 13.803358, 8.086239 ], [ 13.809871, 8.092753 ], [ 13.81271, 8.104611 ], [ 13.82657, 8.111458 ], [ 13.841934, 8.114131 ], [ 13.850785, 8.105112 ], [ 13.864813, 8.105279 ], [ 13.881679, 8.113462 ], [ 13.88886, 8.113295 ], [ 13.899548, 8.113128 ], [ 13.916582, 8.123984 ], [ 13.924097, 8.125821 ], [ 13.931946, 8.135341 ], [ 13.959834, 8.169078 ], [ 13.957663, 8.191792 ], [ 13.972192, 8.205822 ], [ 14.002084, 8.2434 ], [ 14.009432, 8.261938 ], [ 14.009933, 8.280143 ], [ 13.998745, 8.294506 ], [ 14.005925, 8.304026 ], [ 14.000248, 8.312878 ], [ 14.002919, 8.336427 ], [ 14.007929, 8.344611 ], [ 14.023961, 8.359308 ], [ 14.01678, 8.385696 ], [ 14.013273, 8.413922 ], [ 14.012605, 8.420101 ], [ 14.00459, 8.426949 ], [ 13.990896, 8.44983 ], [ 13.98622, 8.475717 ], [ 13.983715, 8.482064 ], [ 13.975365, 8.503943 ], [ 13.95616, 8.50745 ], [ 13.937958, 8.506949 ], [ 13.92226, 8.510457 ], [ 13.916248, 8.526824 ], [ 13.904391, 8.533338 ], [ 13.927437, 8.558223 ], [ 13.957664, 8.581772 ], [ 13.959333, 8.589287 ], [ 13.957163, 8.609496 ], [ 13.913242, 8.607826 ], [ 13.885521, 8.599976 ], [ 13.878507, 8.602482 ], [ 13.870992, 8.61267 ], [ 13.843604, 8.625029 ], [ 13.814714, 8.619183 ], [ 13.798348, 8.634382 ], [ 13.770293, 8.638056 ], [ 13.755263, 8.647743 ], [ 13.728543, 8.657096 ], [ 13.71819, 8.656094 ], [ 13.703661, 8.660603 ] ] ] ] } },
{ "type": "Feature", "properties": { "tg_type": "FON.AIRE_PROTEGEE", "nom": "Bouba Ndjida", "source_id": "1783BC6D-B410-4C57-AC5F-2A2249FEC8CB", "source": "MINFOF_WRI_ATLAS_FORESTIER_SIG_2018", "statut": "IMPORTE", "date_source": "2016-12-13", "regime_tg": "AIRE_PROTEGEE", "categorie": "aire_protegee", "desc_type": "Parc national", "cat_uicn": "II", "wdpaid": 606.0, "statu_crea": "cree", "statu_amgt": "en_revision", "date_prop": null, "date_crea": "1968-12-05", "date_amgt": "2002-01-01", "sup_adm_ha": 220000, "sup_sig_ha": 211382.0 }, "geometry": { "type": "MultiPolygon", "coordinates": [ [ [ [ 14.872307, 8.461353 ], [ 14.864792, 8.468702 ], [ 14.799329, 8.644067 ], [ 14.799399, 8.644403 ], [ 14.803003, 8.661771 ], [ 14.815945, 8.724594 ], [ 14.824713, 8.767157 ], [ 14.825204, 8.768773 ], [ 14.838073, 8.811082 ], [ 14.837709, 8.811105 ], [ 14.832729, 8.811416 ], [ 14.586408, 8.993629 ], [ 14.582734, 8.995634 ], [ 14.557851, 8.755132 ], [ 14.557517, 8.751792 ], [ 14.544659, 8.74912 ], [ 14.531132, 8.725738 ], [ 14.528794, 8.721563 ], [ 14.510257, 8.70937 ], [ 14.484373, 8.706531 ], [ 14.483705, 8.70603 ], [ 14.459323, 8.692502 ], [ 14.446798, 8.676302 ], [ 14.414735, 8.66912 ], [ 14.412564, 8.668619 ], [ 14.415904, 8.662272 ], [ 14.430766, 8.634882 ], [ 14.452977, 8.614005 ], [ 14.452142, 8.580101 ], [ 14.452142, 8.576093 ], [ 14.452142, 8.575926 ], [ 14.414735, 8.537178 ], [ 14.410894, 8.526991 ], [ 14.414401, 8.503775 ], [ 14.412731, 8.463525 ], [ 14.413232, 8.462523 ], [ 14.417908, 8.455508 ], [ 14.439283, 8.448494 ], [ 14.444293, 8.439308 ], [ 14.449136, 8.437638 ], [ 14.458321, 8.447491 ], [ 14.481199, 8.457011 ], [ 14.492555, 8.448493 ], [ 14.511092, 8.448493 ], [ 14.514432, 8.452168 ], [ 14.519943, 8.458514 ], [ 14.545159, 8.460017 ], [ 14.555346, 8.447491 ], [ 14.566702, 8.447491 ], [ 14.574885, 8.439475 ], [ 14.586408, 8.437971 ], [ 14.59459, 8.428953 ], [ 14.609286, 8.422773 ], [ 14.636006, 8.418765 ], [ 14.663894, 8.409746 ], [ 14.699298, 8.403232 ], [ 14.699465, 8.403232 ], [ 14.711822, 8.401061 ], [ 14.721174, 8.397888 ], [ 14.753238, 8.3877 ], [ 14.780458, 8.382522 ], [ 14.789977, 8.377846 ], [ 14.813023, 8.36699 ], [ 14.82371, 8.357136 ], [ 14.824712, 8.356468 ], [ 14.839909, 8.353963 ], [ 14.851098, 8.355132 ], [ 14.854939, 8.358639 ], [ 14.858947, 8.362313 ], [ 14.866629, 8.379182 ], [ 14.908227, 8.401686 ], [ 14.913555, 8.404568 ], [ 14.913154, 8.40512 ], [ 14.912219, 8.406405 ], [ 14.90938, 8.411082 ], [ 14.908712, 8.432126 ], [ 14.908604, 8.432232 ], [ 14.897523, 8.443149 ], [ 14.882995, 8.451499 ], [ 14.872307, 8.461353 ] ] ] ] } },
{ "type": "Feature", "properties": { "tg_type": "FON.AIRE_PROTEGEE", "nom": "Faro", "source_id": "AE7742DA-F23C-4B26-9A29-C1E5933689C1", "source": "MINFOF_WRI_ATLAS_FORESTIER_SIG_2018", "statut": "IMPORTE", "date_source": "2016-12-13", "regime_tg": "AIRE_PROTEGEE", "categorie": "aire_protegee", "desc_type": "Parc national", "cat_uicn": "II", "wdpaid": 1241.0, "statu_crea": "cree", "statu_amgt": "en_revision", "date_prop": null, "date_crea": "1980-01-01", "date_amgt": "2008-01-01", "sup_adm_ha": 330000, "sup_sig_ha": 350014.0 }, "geometry": { "type": "MultiPolygon", "coordinates": [ [ [ [ 12.742258, 8.473881 ], [ 12.740922, 8.489915 ], [ 12.732071, 8.500604 ], [ 12.728898, 8.504445 ], [ 12.720882, 8.504946 ], [ 12.714537, 8.499936 ], [ 12.706354, 8.486908 ], [ 12.701678, 8.468704 ], [ 12.694497, 8.461021 ], [ 12.675793, 8.461689 ], [ 12.62202, 8.481731 ], [ 12.603149, 8.476387 ], [ 12.589456, 8.472712 ], [ 12.581106, 8.455844 ], [ 12.557893, 8.448161 ], [ 12.512804, 8.452504 ], [ 12.469719, 8.452838 ], [ 12.442164, 8.436971 ], [ 12.432812, 8.390875 ], [ 12.438824, 8.378182 ], [ 12.437989, 8.372169 ], [ 12.423961, 8.350124 ], [ 12.403087, 8.341439 ], [ 12.349314, 8.33242 ], [ 12.332948, 8.325572 ], [ 12.333115, 8.325238 ], [ 12.333616, 8.31789 ], [ 12.342467, 8.307368 ], [ 12.334451, 8.29718 ], [ 12.329441, 8.284821 ], [ 12.312407, 8.261105 ], [ 12.309735, 8.247576 ], [ 12.301051, 8.237222 ], [ 12.298713, 8.214007 ], [ 12.285855, 8.171585 ], [ 12.284853, 8.168746 ], [ 12.274165, 8.156219 ], [ 12.273664, 8.146533 ], [ 12.283851, 8.123819 ], [ 12.287692, 8.114967 ], [ 12.319922, 8.091084 ], [ 12.327103, 8.079059 ], [ 12.355659, 8.055509 ], [ 12.399079, 8.02528 ], [ 12.417281, 7.999559 ], [ 12.415611, 7.993046 ], [ 12.448677, 7.947618 ], [ 12.462537, 7.944444 ], [ 12.478235, 7.932419 ], [ 12.513305, 7.928244 ], [ 12.540191, 7.91338 ], [ 12.549042, 7.905363 ], [ 12.558227, 7.890165 ], [ 12.571253, 7.879476 ], [ 12.583443, 7.878307 ], [ 12.63204, 7.895843 ], [ 12.638719, 7.894006 ], [ 12.6626, 7.886991 ], [ 12.695832, 7.891 ], [ 12.725558, 7.90887 ], [ 12.806719, 7.933755 ], [ 12.814147, 7.940274 ], [ 12.814147, 7.940274 ], [ 12.832603, 7.956469 ], [ 12.85114, 7.966991 ], [ 12.872682, 7.99672 ], [ 12.889048, 8.014423 ], [ 12.917271, 8.026615 ], [ 12.930631, 8.0672 ], [ 12.927124, 8.071709 ], [ 12.924953, 8.087409 ], [ 12.930631, 8.105613 ], [ 12.93564, 8.109288 ], [ 12.944324, 8.124486 ], [ 12.966702, 8.1472 ], [ 13.001437, 8.152378 ], [ 13.007783, 8.169747 ], [ 13.014129, 8.178098 ], [ 13.013962, 8.183943 ], [ 12.986742, 8.212336 ], [ 12.94733, 8.23171 ], [ 12.92345, 8.239726 ], [ 12.909589, 8.248077 ], [ 12.900404, 8.244403 ], [ 12.87452, 8.252921 ], [ 12.876691, 8.281146 ], [ 12.864667, 8.293505 ], [ 12.851641, 8.301355 ], [ 12.847132, 8.31004 ], [ 12.85448, 8.364486 ], [ 12.812564, 8.399727 ], [ 12.788516, 8.414424 ], [ 12.780667, 8.423777 ], [ 12.734409, 8.451167 ], [ 12.735578, 8.460353 ], [ 12.742258, 8.473881 ] ] ] ] } },
{ "type": "Feature", "properties": { "tg_type": "FON.AIRE_PROTEGEE", "nom": "Takamanda", "source_id": "56741133-E255-4979-AB1F-8D3B0C7206F7", "source": "MINFOF_WRI_ATLAS_FORESTIER_SIG_2018", "statut": "IMPORTE", "date_source": "2015-11-30", "regime_tg": "AIRE_PROTEGEE", "categorie": "aire_protegee", "desc_type": "Parc national", "cat_uicn": "II", "wdpaid": 555547996.0, "statu_crea": "cree", "statu_amgt": "amenge", "date_prop": null, "date_crea": "2008-11-21", "date_amgt": "2010-01-01", "sup_adm_ha": 67599, "sup_sig_ha": 62717.0 }, "geometry": { "type": "MultiPolygon", "coordinates": [ [ [ [ 9.420923, 6.314652 ], [ 9.422211, 6.317081 ], [ 9.421978, 6.317291 ], [ 9.42009, 6.318994 ], [ 9.415423, 6.320484 ], [ 9.415054, 6.32077 ], [ 9.414668, 6.321068 ], [ 9.410757, 6.324098 ], [ 9.401423, 6.328352 ], [ 9.401054, 6.328511 ], [ 9.399039, 6.329377 ], [ 9.396967, 6.330267 ], [ 9.389967, 6.334307 ], [ 9.383816, 6.338346 ], [ 9.379148, 6.339624 ], [ 9.372996, 6.342601 ], [ 9.36572, 6.344224 ], [ 9.365357, 6.344305 ], [ 9.364737, 6.344792 ], [ 9.360478, 6.348131 ], [ 9.35093, 6.351748 ], [ 9.34886, 6.351852 ], [ 9.348215, 6.351885 ], [ 9.346686, 6.351963 ], [ 9.344562, 6.349416 ], [ 9.344346, 6.344107 ], [ 9.343705, 6.337312 ], [ 9.3454, 6.333277 ], [ 9.344335, 6.327119 ], [ 9.341574, 6.323511 ], [ 9.344542, 6.319686 ], [ 9.34921, 6.317347 ], [ 9.354088, 6.314371 ], [ 9.358542, 6.310333 ], [ 9.362146, 6.305447 ], [ 9.365328, 6.303109 ], [ 9.36639, 6.304807 ], [ 9.366913, 6.306372 ], [ 9.367024, 6.306705 ], [ 9.367453, 6.307991 ], [ 9.369123, 6.312576 ], [ 9.369154, 6.312662 ], [ 9.369213, 6.312689 ], [ 9.372003, 6.31399 ], [ 9.372339, 6.314146 ], [ 9.372622, 6.314041 ], [ 9.374418, 6.313378 ], [ 9.375467, 6.31299 ], [ 9.37637, 6.312657 ], [ 9.377004, 6.31032 ], [ 9.375092, 6.306075 ], [ 9.375088, 6.301615 ], [ 9.375934, 6.29758 ], [ 9.375612, 6.29259 ], [ 9.375822, 6.288343 ], [ 9.37658, 6.286399 ], [ 9.376945, 6.285463 ], [ 9.377728, 6.283457 ], [ 9.38006, 6.28112 ], [ 9.381016, 6.280612 ], [ 9.383666, 6.279206 ], [ 9.38364, 6.278739 ], [ 9.383451, 6.275384 ], [ 9.382769, 6.272954 ], [ 9.382124, 6.270652 ], [ 9.381962, 6.270076 ], [ 9.382289, 6.269867 ], [ 9.384295, 6.268588 ], [ 9.387053, 6.268161 ], [ 9.38709, 6.26807 ], [ 9.387901, 6.266037 ], [ 9.387263, 6.264339 ], [ 9.3862, 6.261366 ], [ 9.385771, 6.255209 ], [ 9.384919, 6.251599 ], [ 9.380674, 6.248842 ], [ 9.377065, 6.24757 ], [ 9.375505, 6.247906 ], [ 9.374095, 6.248209 ], [ 9.373689, 6.248558 ], [ 9.372611, 6.249484 ], [ 9.370703, 6.251609 ], [ 9.368794, 6.25331 ], [ 9.366036, 6.253949 ], [ 9.365676, 6.254309 ], [ 9.364764, 6.255224 ], [ 9.364129, 6.256923 ], [ 9.363501, 6.257552 ], [ 9.362856, 6.258198 ], [ 9.359217, 6.25901 ], [ 9.359037, 6.25905 ], [ 9.356178, 6.262421 ], [ 9.355433, 6.263299 ], [ 9.353523, 6.263301 ], [ 9.350554, 6.264789 ], [ 9.346735, 6.265853 ], [ 9.342705, 6.269254 ], [ 9.341644, 6.268193 ], [ 9.339309, 6.26692 ], [ 9.337509, 6.269325 ], [ 9.33718, 6.269765 ], [ 9.336129, 6.271169 ], [ 9.321913, 6.272877 ], [ 9.321529, 6.272546 ], [ 9.309687, 6.262314 ], [ 9.309387, 6.262054 ], [ 9.302908, 6.249848 ], [ 9.266102, 6.183455 ], [ 9.265953, 6.183188 ], [ 9.264343, 6.182716 ], [ 9.212482, 6.167498 ], [ 9.213144, 6.166051 ], [ 9.214814, 6.1624 ], [ 9.216721, 6.15794 ], [ 9.220538, 6.152417 ], [ 9.223929, 6.145408 ], [ 9.225625, 6.141372 ], [ 9.223926, 6.136914 ], [ 9.222334, 6.134685 ], [ 9.221061, 6.133623 ], [ 9.219787, 6.131925 ], [ 9.218937, 6.128952 ], [ 9.216815, 6.127679 ], [ 9.215966, 6.125344 ], [ 9.214904, 6.123008 ], [ 9.210449, 6.121736 ], [ 9.207902, 6.119825 ], [ 9.208962, 6.117914 ], [ 9.209492, 6.115471 ], [ 9.211187, 6.110162 ], [ 9.21076, 6.104853 ], [ 9.210546, 6.098058 ], [ 9.207576, 6.099545 ], [ 9.207575, 6.095935 ], [ 9.207572, 6.087653 ], [ 9.205659, 6.078523 ], [ 9.203324, 6.073427 ], [ 9.201413, 6.067482 ], [ 9.198654, 6.06366 ], [ 9.195258, 6.057716 ], [ 9.194514, 6.054637 ], [ 9.196232, 6.054158 ], [ 9.19804, 6.053655 ], [ 9.198332, 6.053573 ], [ 9.205753, 6.046988 ], [ 9.208297, 6.041678 ], [ 9.207657, 6.032547 ], [ 9.207018, 6.026813 ], [ 9.207865, 6.023415 ], [ 9.205443, 6.025282 ], [ 9.205109, 6.02554 ], [ 9.205058, 6.025762 ], [ 9.204324, 6.029001 ], [ 9.204276, 6.029213 ], [ 9.20405, 6.030212 ], [ 9.201929, 6.031062 ], [ 9.199596, 6.029364 ], [ 9.19917, 6.026604 ], [ 9.199381, 6.023418 ], [ 9.199593, 6.021932 ], [ 9.196411, 6.021083 ], [ 9.194077, 6.017262 ], [ 9.194711, 6.013014 ], [ 9.19259, 6.010467 ], [ 9.192165, 6.008343 ], [ 9.191315, 6.003884 ], [ 9.189829, 6.000912 ], [ 9.190253, 5.99985 ], [ 9.192079, 5.999286 ], [ 9.19301, 5.998999 ], [ 9.193895, 5.999054 ], [ 9.196106, 5.999192 ], [ 9.196403, 5.99921 ], [ 9.199372, 5.998572 ], [ 9.204462, 5.997296 ], [ 9.20934, 5.99602 ], [ 9.214005, 5.993895 ], [ 9.217397, 5.992195 ], [ 9.221428, 5.993255 ], [ 9.227366, 5.99389 ], [ 9.244652, 5.995687 ], [ 9.250592, 5.99802 ], [ 9.252926, 6.000992 ], [ 9.255685, 6.004389 ], [ 9.25802, 6.008635 ], [ 9.25993, 6.010757 ], [ 9.263112, 6.012667 ], [ 9.266931, 6.014577 ], [ 9.268204, 6.016487 ], [ 9.268206, 6.020097 ], [ 9.26948, 6.02307 ], [ 9.271602, 6.025404 ], [ 9.270968, 6.02859 ], [ 9.269247, 6.030698 ], [ 9.26906, 6.030927 ], [ 9.268713, 6.030679 ], [ 9.267575, 6.029866 ], [ 9.266303, 6.032202 ], [ 9.264609, 6.038574 ], [ 9.263975, 6.042609 ], [ 9.262705, 6.048343 ], [ 9.264404, 6.052377 ], [ 9.264194, 6.056837 ], [ 9.268648, 6.056835 ], [ 9.273738, 6.054284 ], [ 9.288161, 6.053639 ], [ 9.291554, 6.052151 ], [ 9.291991, 6.051585 ], [ 9.295157, 6.047477 ], [ 9.297478, 6.044199 ], [ 9.298559, 6.042673 ], [ 9.29982, 6.040892 ], [ 9.300667, 6.037706 ], [ 9.298758, 6.037707 ], [ 9.297696, 6.035796 ], [ 9.29918, 6.033884 ], [ 9.299391, 6.031336 ], [ 9.295997, 6.032187 ], [ 9.294087, 6.029215 ], [ 9.29451, 6.027091 ], [ 9.295421, 6.025182 ], [ 9.29684, 6.022206 ], [ 9.298959, 6.01817 ], [ 9.302988, 6.016044 ], [ 9.30829, 6.015192 ], [ 9.309829, 6.014856 ], [ 9.311509, 6.014489 ], [ 9.313167, 6.014127 ], [ 9.317196, 6.013063 ], [ 9.321863, 6.01306 ], [ 9.325893, 6.013907 ], [ 9.329207, 6.014101 ], [ 9.329499, 6.014118 ], [ 9.329694, 6.01427 ], [ 9.331408, 6.015603 ], [ 9.330775, 6.020488 ], [ 9.330355, 6.024936 ], [ 9.330353, 6.024947 ], [ 9.329718, 6.026859 ], [ 9.328895, 6.029088 ], [ 9.327601, 6.032594 ], [ 9.328664, 6.03684 ], [ 9.328665, 6.038534 ], [ 9.328665, 6.038964 ], [ 9.327034, 6.040926 ], [ 9.326546, 6.041513 ], [ 9.325917, 6.042852 ], [ 9.325287, 6.044196 ], [ 9.324851, 6.045124 ], [ 9.328033, 6.045972 ], [ 9.332486, 6.047693 ], [ 9.335989, 6.049046 ], [ 9.338321, 6.047346 ], [ 9.341712, 6.04246 ], [ 9.34383, 6.037786 ], [ 9.34213, 6.03354 ], [ 9.344749, 6.031925 ], [ 9.344887, 6.03184 ], [ 9.34828, 6.032262 ], [ 9.349044, 6.032153 ], [ 9.35125, 6.031836 ], [ 9.354216, 6.027587 ], [ 9.35494, 6.027586 ], [ 9.356406, 6.027585 ], [ 9.357186, 6.027585 ], [ 9.362277, 6.028643 ], [ 9.369701, 6.030549 ], [ 9.377127, 6.03288 ], [ 9.379747, 6.033894 ], [ 9.38198, 6.034757 ], [ 9.383703, 6.035424 ], [ 9.385409, 6.037129 ], [ 9.387239, 6.038959 ], [ 9.387736, 6.039456 ], [ 9.390413, 6.041749 ], [ 9.390708, 6.042002 ], [ 9.395163, 6.043273 ], [ 9.404921, 6.045814 ], [ 9.411499, 6.048782 ], [ 9.418289, 6.052811 ], [ 9.422109, 6.054932 ], [ 9.42587, 6.058296 ], [ 9.426142, 6.058539 ], [ 9.429115, 6.063633 ], [ 9.428694, 6.066819 ], [ 9.425939, 6.071068 ], [ 9.423929, 6.076484 ], [ 9.425117, 6.079028 ], [ 9.425416, 6.079669 ], [ 9.425633, 6.08003 ], [ 9.427965, 6.083914 ], [ 9.427967, 6.086895 ], [ 9.427968, 6.087613 ], [ 9.427968, 6.088161 ], [ 9.427964, 6.088187 ], [ 9.427124, 6.093683 ], [ 9.428513, 6.096181 ], [ 9.429248, 6.097503 ], [ 9.42944, 6.09827 ], [ 9.430072, 6.10079 ], [ 9.431134, 6.105029 ], [ 9.431163, 6.105146 ], [ 9.431328, 6.10549 ], [ 9.433501, 6.110029 ], [ 9.432865, 6.110879 ], [ 9.431542, 6.110052 ], [ 9.431167, 6.109818 ], [ 9.430019, 6.109053 ], [ 9.427347, 6.107273 ], [ 9.426096, 6.10638 ], [ 9.425861, 6.106212 ], [ 9.425684, 6.106834 ], [ 9.425595, 6.107149 ], [ 9.425438, 6.107699 ], [ 9.424823, 6.109109 ], [ 9.423956, 6.111098 ], [ 9.423327, 6.114891 ], [ 9.423322, 6.114921 ], [ 9.423961, 6.117469 ], [ 9.42555, 6.120292 ], [ 9.425873, 6.120865 ], [ 9.427573, 6.125535 ], [ 9.428254, 6.126283 ], [ 9.429697, 6.127869 ], [ 9.430312, 6.129602 ], [ 9.430547, 6.130263 ], [ 9.430866, 6.13116 ], [ 9.431032, 6.133298 ], [ 9.43108, 6.13392 ], [ 9.431882, 6.135166 ], [ 9.432992, 6.136892 ], [ 9.43341, 6.138144 ], [ 9.43363, 6.138802 ], [ 9.436601, 6.140499 ], [ 9.440238, 6.141806 ], [ 9.441907, 6.142406 ], [ 9.443837, 6.145211 ], [ 9.444222, 6.14577 ], [ 9.444243, 6.145801 ], [ 9.443183, 6.146651 ], [ 9.442213, 6.148353 ], [ 9.441799, 6.14908 ], [ 9.441488, 6.149626 ], [ 9.440218, 6.152812 ], [ 9.440222, 6.157484 ], [ 9.438104, 6.16237 ], [ 9.437895, 6.166192 ], [ 9.436201, 6.169591 ], [ 9.434169, 6.173872 ], [ 9.434083, 6.174052 ], [ 9.435568, 6.174264 ], [ 9.436341, 6.174263 ], [ 9.436586, 6.174263 ], [ 9.43769, 6.174262 ], [ 9.437783, 6.174178 ], [ 9.439598, 6.172561 ], [ 9.442778, 6.169586 ], [ 9.44511, 6.168522 ], [ 9.445448, 6.169245 ], [ 9.446598, 6.171706 ], [ 9.44748, 6.176277 ], [ 9.447663, 6.177226 ], [ 9.447406, 6.178349 ], [ 9.447133, 6.179538 ], [ 9.446395, 6.182749 ], [ 9.445444, 6.186466 ], [ 9.44311, 6.186892 ], [ 9.440778, 6.188593 ], [ 9.439294, 6.190293 ], [ 9.436962, 6.192843 ], [ 9.436751, 6.194118 ], [ 9.437594, 6.19532 ], [ 9.438238, 6.19624 ], [ 9.441061, 6.198053 ], [ 9.44121, 6.198149 ], [ 9.441133, 6.198615 ], [ 9.440788, 6.200697 ], [ 9.441347, 6.201734 ], [ 9.441539, 6.202091 ], [ 9.442275, 6.203456 ], [ 9.444058, 6.203455 ], [ 9.445246, 6.203454 ], [ 9.444398, 6.205153 ], [ 9.445461, 6.207276 ], [ 9.446023, 6.209145 ], [ 9.446099, 6.209399 ], [ 9.446834, 6.210077 ], [ 9.44886, 6.211945 ], [ 9.449726, 6.213136 ], [ 9.450559, 6.214279 ], [ 9.452043, 6.213429 ], [ 9.452726, 6.212487 ], [ 9.453739, 6.211091 ], [ 9.455645, 6.20663 ], [ 9.457763, 6.203443 ], [ 9.458218, 6.203897 ], [ 9.458451, 6.20413 ], [ 9.45925, 6.204928 ], [ 9.45989, 6.20875 ], [ 9.460255, 6.212192 ], [ 9.460318, 6.212784 ], [ 9.460713, 6.213292 ], [ 9.461804, 6.214694 ], [ 9.462467, 6.216413 ], [ 9.463931, 6.220214 ], [ 9.465205, 6.221274 ], [ 9.468388, 6.221484 ], [ 9.470662, 6.220283 ], [ 9.472417, 6.219357 ], [ 9.47263, 6.220206 ], [ 9.472633, 6.223816 ], [ 9.472746, 6.224931 ], [ 9.473255, 6.229981 ], [ 9.473275, 6.230186 ], [ 9.472642, 6.233159 ], [ 9.470523, 6.237196 ], [ 9.470421, 6.240912 ], [ 9.470635, 6.243035 ], [ 9.472123, 6.246644 ], [ 9.47043, 6.250893 ], [ 9.467888, 6.256628 ], [ 9.465813, 6.259749 ], [ 9.464922, 6.26109 ], [ 9.4645, 6.263851 ], [ 9.464502, 6.266187 ], [ 9.467261, 6.267246 ], [ 9.469595, 6.26682 ], [ 9.471504, 6.265756 ], [ 9.473835, 6.262356 ], [ 9.476375, 6.256196 ], [ 9.478282, 6.253009 ], [ 9.478495, 6.253221 ], [ 9.479604, 6.253732 ], [ 9.481254, 6.254493 ], [ 9.482527, 6.254067 ], [ 9.484435, 6.252579 ], [ 9.485495, 6.251516 ], [ 9.487402, 6.248966 ], [ 9.488466, 6.251513 ], [ 9.489986, 6.25398 ], [ 9.490166, 6.254272 ], [ 9.49033, 6.254107 ], [ 9.491226, 6.253209 ], [ 9.491892, 6.252274 ], [ 9.493345, 6.250234 ], [ 9.496734, 6.244073 ], [ 9.499064, 6.239824 ], [ 9.500191, 6.2427 ], [ 9.500978, 6.244706 ], [ 9.501199, 6.254262 ], [ 9.502685, 6.259552 ], [ 9.50269, 6.259569 ], [ 9.502709, 6.259584 ], [ 9.506087, 6.262114 ], [ 9.505946, 6.263393 ], [ 9.505877, 6.264025 ], [ 9.503119, 6.264453 ], [ 9.499722, 6.262757 ], [ 9.498899, 6.263111 ], [ 9.498798, 6.263155 ], [ 9.498237, 6.263396 ], [ 9.498663, 6.265094 ], [ 9.500363, 6.267428 ], [ 9.501213, 6.268701 ], [ 9.500368, 6.272525 ], [ 9.499569, 6.273826 ], [ 9.496978, 6.278049 ], [ 9.496982, 6.282084 ], [ 9.497148, 6.283897 ], [ 9.497411, 6.286755 ], [ 9.497505, 6.288689 ], [ 9.497627, 6.291214 ], [ 9.49211, 6.291007 ], [ 9.488292, 6.292497 ], [ 9.484686, 6.294624 ], [ 9.482294, 6.296223 ], [ 9.482141, 6.296325 ], [ 9.478325, 6.299938 ], [ 9.475779, 6.300153 ], [ 9.471112, 6.298477 ], [ 9.470472, 6.298247 ], [ 9.469158, 6.297758 ], [ 9.465059, 6.296234 ], [ 9.465007, 6.296234 ], [ 9.462937, 6.296236 ], [ 9.460391, 6.296663 ], [ 9.457843, 6.295391 ], [ 9.456015, 6.29585 ], [ 9.455297, 6.29603 ], [ 9.454757, 6.296708 ], [ 9.452754, 6.299218 ], [ 9.441717, 6.297104 ], [ 9.436411, 6.296047 ], [ 9.43556, 6.293074 ], [ 9.435133, 6.289252 ], [ 9.43446, 6.288677 ], [ 9.433646, 6.28798 ], [ 9.431221, 6.288656 ], [ 9.429827, 6.289044 ], [ 9.429494, 6.288645 ], [ 9.428899, 6.287931 ], [ 9.428765, 6.287771 ], [ 9.428622, 6.287434 ], [ 9.426427, 6.282252 ], [ 9.422814, 6.275884 ], [ 9.421755, 6.278433 ], [ 9.420275, 6.285442 ], [ 9.417752, 6.290893 ], [ 9.417522, 6.29139 ], [ 9.413705, 6.294791 ], [ 9.412646, 6.297765 ], [ 9.414346, 6.301373 ], [ 9.414898, 6.304667 ], [ 9.414986, 6.305195 ], [ 9.418165, 6.308371 ], [ 9.418172, 6.308378 ], [ 9.418342, 6.311062 ], [ 9.418387, 6.311775 ], [ 9.419824, 6.313052 ], [ 9.420298, 6.313473 ], [ 9.420484, 6.313824 ], [ 9.420923, 6.314652 ] ], [ [ 9.252556, 6.117789 ], [ 9.251286, 6.122886 ], [ 9.24938, 6.12947 ], [ 9.249794, 6.130608 ], [ 9.250229, 6.131806 ], [ 9.253347, 6.133364 ], [ 9.254473, 6.133927 ], [ 9.258929, 6.135836 ], [ 9.262965, 6.138719 ], [ 9.263386, 6.139019 ], [ 9.266994, 6.143477 ], [ 9.267009, 6.143502 ], [ 9.268693, 6.146449 ], [ 9.272725, 6.148571 ], [ 9.279091, 6.151965 ], [ 9.282276, 6.157697 ], [ 9.286098, 6.163216 ], [ 9.288859, 6.168524 ], [ 9.290557, 6.170859 ], [ 9.292044, 6.172769 ], [ 9.293106, 6.175954 ], [ 9.295016, 6.17659 ], [ 9.29671, 6.171068 ], [ 9.298404, 6.165333 ], [ 9.299039, 6.162572 ], [ 9.299038, 6.16041 ], [ 9.299035, 6.155777 ], [ 9.300729, 6.150254 ], [ 9.301575, 6.144308 ], [ 9.302631, 6.137512 ], [ 9.303036, 6.13475 ], [ 9.303143, 6.134018 ], [ 9.30359, 6.130964 ], [ 9.303688, 6.130291 ], [ 9.305169, 6.12392 ], [ 9.305329, 6.119206 ], [ 9.305378, 6.117761 ], [ 9.305898, 6.116273 ], [ 9.306861, 6.113513 ], [ 9.306143, 6.112717 ], [ 9.305194, 6.111662 ], [ 9.30495, 6.111391 ], [ 9.304199, 6.111893 ], [ 9.303409, 6.112421 ], [ 9.302872, 6.112779 ], [ 9.302325, 6.113145 ], [ 9.301133, 6.113941 ], [ 9.299385, 6.115853 ], [ 9.298801, 6.116491 ], [ 9.296257, 6.118191 ], [ 9.293924, 6.119254 ], [ 9.290529, 6.118194 ], [ 9.289467, 6.115647 ], [ 9.289254, 6.114585 ], [ 9.287769, 6.115223 ], [ 9.285223, 6.11395 ], [ 9.282464, 6.110979 ], [ 9.281189, 6.10652 ], [ 9.277794, 6.105884 ], [ 9.275885, 6.105461 ], [ 9.274611, 6.103125 ], [ 9.27461, 6.101214 ], [ 9.273548, 6.099091 ], [ 9.273758, 6.095269 ], [ 9.275029, 6.091446 ], [ 9.272059, 6.091235 ], [ 9.270138, 6.093861 ], [ 9.269728, 6.094421 ], [ 9.269809, 6.095236 ], [ 9.270154, 6.098668 ], [ 9.269944, 6.102066 ], [ 9.267824, 6.105465 ], [ 9.267401, 6.108226 ], [ 9.267253, 6.110763 ], [ 9.267191, 6.111836 ], [ 9.267621, 6.112912 ], [ 9.26804, 6.113959 ], [ 9.265707, 6.11396 ], [ 9.263797, 6.112899 ], [ 9.262949, 6.114174 ], [ 9.261253, 6.115236 ], [ 9.257433, 6.112053 ], [ 9.255522, 6.10993 ], [ 9.252556, 6.117789 ] ], [ [ 9.367204, 6.094473 ], [ 9.367928, 6.096642 ], [ 9.368653, 6.100257 ], [ 9.367571, 6.102427 ], [ 9.368082, 6.103577 ], [ 9.369018, 6.10568 ], [ 9.372631, 6.107847 ], [ 9.375521, 6.10893 ], [ 9.376507, 6.107517 ], [ 9.377708, 6.105798 ], [ 9.378047, 6.105312 ], [ 9.380936, 6.104587 ], [ 9.385631, 6.104584 ], [ 9.388743, 6.104582 ], [ 9.390326, 6.10458 ], [ 9.392132, 6.104218 ], [ 9.39466, 6.104577 ], [ 9.396132, 6.105628 ], [ 9.39719, 6.106383 ], [ 9.40008, 6.107466 ], [ 9.40169, 6.107263 ], [ 9.402969, 6.107102 ], [ 9.40405, 6.102762 ], [ 9.406216, 6.102399 ], [ 9.409105, 6.101674 ], [ 9.410187, 6.098781 ], [ 9.409102, 6.097335 ], [ 9.407655, 6.094444 ], [ 9.407291, 6.090467 ], [ 9.406926, 6.086129 ], [ 9.403312, 6.082516 ], [ 9.399698, 6.078903 ], [ 9.393556, 6.075653 ], [ 9.388162, 6.072419 ], [ 9.388136, 6.072403 ], [ 9.38812, 6.072399 ], [ 9.382266, 6.070875 ], [ 9.379828, 6.07024 ], [ 9.377413, 6.069436 ], [ 9.376005, 6.068967 ], [ 9.37441, 6.068436 ], [ 9.370801, 6.073139 ], [ 9.368638, 6.078563 ], [ 9.365391, 6.083627 ], [ 9.364672, 6.087605 ], [ 9.365757, 6.090497 ], [ 9.367204, 6.094473 ] ], [ [ 9.391896, 6.286529 ], [ 9.392336, 6.290917 ], [ 9.392375, 6.291309 ], [ 9.397661, 6.292341 ], [ 9.397493, 6.286561 ], [ 9.396593, 6.286277 ], [ 9.392942, 6.285126 ], [ 9.391716, 6.284739 ], [ 9.391896, 6.286529 ] ] ] ] } },
{ "type": "Feature", "properties": { "tg_type": "FON.AIRE_PROTEGEE", "nom": "Kalamaloué", "source_id": "70F6D763-09F0-416B-9E93-ABABA142DEB8", "source": "MINFOF_WRI_ATLAS_FORESTIER_SIG_2018", "statut": "IMPORTE", "date_source": "2018-10-23", "regime_tg": "AIRE_PROTEGEE", "categorie": "aire_protegee", "desc_type": "Parc national", "cat_uicn": "II", "wdpaid": 609.0, "statu_crea": "cree", "statu_amgt": "non_amenage", "date_prop": null, "date_crea": "1947-11-08", "date_amgt": null, "sup_adm_ha": 4500, "sup_sig_ha": 6689.0 }, "geometry": { "type": "MultiPolygon", "coordinates": [ [ [ [ 14.89573, 12.15215 ], [ 14.894384, 12.154802 ], [ 14.89082, 12.15647 ], [ 14.87675, 12.15974 ], [ 14.8722, 12.16151 ], [ 14.86626, 12.16398 ], [ 14.86102, 12.16781 ], [ 14.85612, 12.17027 ], [ 14.84842, 12.17102 ], [ 14.83897, 12.17179 ], [ 14.82601, 12.17224 ], [ 14.81865, 12.17161 ], [ 14.81619, 12.16852 ], [ 14.81688, 12.16575 ], [ 14.81863, 12.16263 ], [ 14.82141, 12.15812 ], [ 14.82735, 12.15427 ], [ 14.84306, 12.14102 ], [ 14.85212, 12.12921 ], [ 14.86257, 12.11496 ], [ 14.87444, 12.10555 ], [ 14.88666, 12.09578 ], [ 14.89469, 12.09018 ], [ 14.90448, 12.08735 ], [ 14.91392, 12.08312 ], [ 14.92267, 12.08167 ], [ 14.93178, 12.08298 ], [ 14.93528, 12.08467 ], [ 14.94266, 12.08979 ], [ 14.94617, 12.09218 ], [ 14.95003, 12.09595 ], [ 14.95227, 12.10145 ], [ 14.94643, 12.10813 ], [ 14.93849, 12.1132 ], [ 14.932414, 12.115295 ], [ 14.90321, 12.15053 ], [ 14.90123, 12.150959 ], [ 14.89573, 12.15215 ] ] ] ] } },
{ "type": "Feature", "properties": { "tg_type": "FON.AIRE_PROTEGEE", "nom": "Mozogo Gokoro", "source_id": "C693E0B2-8288-4423-B648-AFB7E25CC45B", "source": "MINFOF_WRI_ATLAS_FORESTIER_SIG_2018", "statut": "IMPORTE", "date_source": "2018-01-15", "regime_tg": "AIRE_PROTEGEE", "categorie": "aire_protegee", "desc_type": "Parc national", "cat_uicn": "II", "wdpaid": 610.0, "statu_crea": "cree", "statu_amgt": "non_amenage", "date_prop": null, "date_crea": null, "date_amgt": null, "sup_adm_ha": 1400, "sup_sig_ha": 1724.0 }, "geometry": { "type": "MultiPolygon", "coordinates": [ [ [ [ 13.91322, 10.96259 ], [ 13.91077, 10.96295 ], [ 13.90903, 10.96157 ], [ 13.90378, 10.95538 ], [ 13.90168, 10.95297 ], [ 13.90063, 10.94987 ], [ 13.89888, 10.94711 ], [ 13.89818, 10.94331 ], [ 13.90096, 10.94053 ], [ 13.90341, 10.93844 ], [ 13.90689, 10.93669 ], [ 13.90969, 10.93563 ], [ 13.92436, 10.93554 ], [ 13.92854, 10.9369 ], [ 13.93448, 10.93929 ], [ 13.93762, 10.941 ], [ 13.94217, 10.94374 ], [ 13.94322, 10.94581 ], [ 13.94358, 10.94892 ], [ 13.94289, 10.95515 ], [ 13.9429, 10.96138 ], [ 13.94605, 10.9662 ], [ 13.9471, 10.97 ], [ 13.9485, 10.9724 ], [ 13.9492, 10.97483 ], [ 13.94886, 10.9769 ], [ 13.94642, 10.97968 ], [ 13.94257, 10.98039 ], [ 13.93944, 10.98076 ], [ 13.93524, 10.97974 ], [ 13.9328, 10.97838 ], [ 13.92965, 10.97632 ], [ 13.92615, 10.97358 ], [ 13.92196, 10.96945 ], [ 13.91636, 10.96499 ], [ 13.91322, 10.96259 ] ] ] ] } },
{ "type": "Feature", "properties": { "tg_type": "FON.AIRE_PROTEGEE", "nom": "Boumba Bek", "source_id": "D0DB1398-AB37-4512-BF21-22F53B29022B", "source": "MINFOF_WRI_ATLAS_FORESTIER_SIG_2018", "statut": "IMPORTE", "date_source": "2018-01-15", "regime_tg": "AIRE_PROTEGEE", "categorie": "aire_protegee", "desc_type": "Parc national", "cat_uicn": "II", "wdpaid": 308624.0, "statu_crea": "cree", "statu_amgt": "amenge", "date_prop": null, "date_crea": "2005-10-06", "date_amgt": null, "sup_adm_ha": 238255, "sup_sig_ha": 236176.0 }, "geometry": { "type": "MultiPolygon", "coordinates": [ [ [ [ 14.980035, 2.446923 ], [ 14.980074, 2.447013 ], [ 14.980834, 2.447569 ], [ 14.981802, 2.447709 ], [ 14.983114, 2.447778 ], [ 14.984496, 2.447987 ], [ 14.986085, 2.448266 ], [ 14.987053, 2.448753 ], [ 14.987951, 2.449309 ], [ 14.988918, 2.449796 ], [ 14.990034, 2.450422 ], [ 14.991485, 2.451256 ], [ 14.9919, 2.452229 ], [ 14.992453, 2.453481 ], [ 14.993006, 2.454245 ], [ 14.993559, 2.455497 ], [ 14.99425, 2.457096 ], [ 14.994734, 2.457652 ], [ 14.995425, 2.45786 ], [ 14.995632, 2.458278 ], [ 14.996047, 2.458903 ], [ 14.996185, 2.459459 ], [ 14.9966, 2.460016 ], [ 14.997291, 2.460502 ], [ 14.997774, 2.460919 ], [ 14.99828, 2.461611 ], [ 14.998141, 2.463281 ], [ 14.999663, 2.463838 ], [ 15.001807, 2.463769 ], [ 15.003881, 2.463074 ], [ 15.005541, 2.462865 ], [ 15.007547, 2.463144 ], [ 15.009967, 2.463075 ], [ 15.012042, 2.462102 ], [ 15.014116, 2.460711 ], [ 15.015914, 2.459876 ], [ 15.018265, 2.459529 ], [ 15.018868, 2.459749 ], [ 15.019191, 2.45995 ], [ 15.019579, 2.460775 ], [ 15.02005, 2.462074 ], [ 15.020478, 2.463516 ], [ 15.020821, 2.464344 ], [ 15.021421, 2.464401 ], [ 15.021895, 2.463813 ], [ 15.021893, 2.4638 ], [ 15.022341, 2.463622 ], [ 15.023202, 2.463017 ], [ 15.023788, 2.462506 ], [ 15.024377, 2.461995 ], [ 15.025011, 2.461575 ], [ 15.026101, 2.461105 ], [ 15.026783, 2.460867 ], [ 15.028058, 2.460577 ], [ 15.029522, 2.46079 ], [ 15.030477, 2.460411 ], [ 15.031473, 2.459802 ], [ 15.03206, 2.459197 ], [ 15.032498, 2.457972 ], [ 15.033198, 2.457367 ], [ 15.033199, 2.457366 ], [ 15.033975, 2.457173 ], [ 15.03438, 2.457304 ], [ 15.0348, 2.45744 ], [ 15.035581, 2.457799 ], [ 15.036316, 2.458112 ], [ 15.037004, 2.458242 ], [ 15.037827, 2.458233 ], [ 15.038562, 2.458546 ], [ 15.038981, 2.459277 ], [ 15.03954, 2.460098 ], [ 15.039821, 2.460738 ], [ 15.040287, 2.461468 ], [ 15.040478, 2.462202 ], [ 15.040477, 2.462205 ], [ 15.039986, 2.463219 ], [ 15.039314, 2.464468 ], [ 15.038736, 2.465761 ], [ 15.038426, 2.466776 ], [ 15.038426, 2.466777 ], [ 15.038527, 2.467555 ], [ 15.03872, 2.468518 ], [ 15.038957, 2.46925 ], [ 15.039013, 2.47026 ], [ 15.039012, 2.470263 ], [ 15.038701, 2.470953 ], [ 15.038703, 2.470956 ], [ 15.039166, 2.47159 ], [ 15.039946, 2.471765 ], [ 15.040629, 2.471528 ], [ 15.040935, 2.471354 ], [ 15.041538, 2.471012 ], [ 15.042402, 2.470635 ], [ 15.043083, 2.470259 ], [ 15.044082, 2.469604 ], [ 15.045174, 2.469085 ], [ 15.045857, 2.468893 ], [ 15.045982, 2.468908 ], [ 15.046589, 2.468977 ], [ 15.047367, 2.469013 ], [ 15.048377, 2.469185 ], [ 15.049474, 2.469263 ], [ 15.049654, 2.469261 ], [ 15.050434, 2.469252 ], [ 15.051667, 2.469099 ], [ 15.052582, 2.469088 ], [ 15.05354, 2.468847 ], [ 15.054366, 2.468946 ], [ 15.054592, 2.468972 ], [ 15.055559, 2.46965 ], [ 15.056482, 2.470237 ], [ 15.057218, 2.470642 ], [ 15.057953, 2.470955 ], [ 15.058795, 2.471175 ], [ 15.058961, 2.471219 ], [ 15.060014, 2.471206 ], [ 15.060743, 2.471106 ], [ 15.061841, 2.471048 ], [ 15.063158, 2.470297 ], [ 15.064526, 2.470005 ], [ 15.065213, 2.47009 ], [ 15.066263, 2.469986 ], [ 15.06722, 2.469608 ], [ 15.067953, 2.469737 ], [ 15.068161, 2.469907 ], [ 15.068506, 2.470191 ], [ 15.068609, 2.471201 ], [ 15.0686, 2.471211 ], [ 15.067932, 2.471898 ], [ 15.067713, 2.472727 ], [ 15.067705, 2.47276 ], [ 15.067537, 2.473465 ], [ 15.067537, 2.473465 ], [ 15.067824, 2.474427 ], [ 15.06874, 2.474508 ], [ 15.069608, 2.474498 ], [ 15.070386, 2.47472 ], [ 15.071168, 2.475079 ], [ 15.072041, 2.475391 ], [ 15.072766, 2.47518 ], [ 15.07286, 2.475152 ], [ 15.073494, 2.47464 ], [ 15.073945, 2.474038 ], [ 15.074441, 2.473481 ], [ 15.075159, 2.472324 ], [ 15.075516, 2.471585 ], [ 15.076375, 2.470657 ], [ 15.077231, 2.469591 ], [ 15.07805, 2.469214 ], [ 15.079097, 2.468836 ], [ 15.07978, 2.468644 ], [ 15.080625, 2.468004 ], [ 15.08064, 2.467992 ], [ 15.080175, 2.467216 ], [ 15.079782, 2.466918 ], [ 15.079576, 2.466763 ], [ 15.079023, 2.466355 ], [ 15.078284, 2.465719 ], [ 15.077685, 2.465266 ], [ 15.077514, 2.465079 ], [ 15.076852, 2.464356 ], [ 15.076521, 2.463533 ], [ 15.07628, 2.462248 ], [ 15.075761, 2.460967 ], [ 15.075297, 2.460238 ], [ 15.075297, 2.460237 ], [ 15.075554, 2.459289 ], [ 15.07556, 2.459269 ], [ 15.075546, 2.458029 ], [ 15.075536, 2.457202 ], [ 15.075344, 2.456289 ], [ 15.075343, 2.456285 ], [ 15.075653, 2.455363 ], [ 15.075995, 2.455282 ], [ 15.076473, 2.45517 ], [ 15.077434, 2.455206 ], [ 15.078625, 2.455608 ], [ 15.078917, 2.455575 ], [ 15.079539, 2.455506 ], [ 15.080036, 2.454996 ], [ 15.08039, 2.454073 ], [ 15.080836, 2.453058 ], [ 15.081509, 2.452181 ], [ 15.081512, 2.452177 ], [ 15.081545, 2.451121 ], [ 15.081488, 2.450019 ], [ 15.081297, 2.449286 ], [ 15.081148, 2.448231 ], [ 15.081272, 2.447227 ], [ 15.081273, 2.447219 ], [ 15.08232, 2.446933 ], [ 15.082542, 2.446287 ], [ 15.082942, 2.445318 ], [ 15.083298, 2.444442 ], [ 15.083747, 2.443701 ], [ 15.08429, 2.443145 ], [ 15.084968, 2.442632 ], [ 15.085466, 2.442167 ], [ 15.085915, 2.441427 ], [ 15.086132, 2.440414 ], [ 15.086258, 2.439401 ], [ 15.086295, 2.438619 ], [ 15.086379, 2.437928 ], [ 15.086598, 2.437145 ], [ 15.087279, 2.436769 ], [ 15.087917, 2.436532 ], [ 15.088785, 2.436385 ], [ 15.089471, 2.436378 ], [ 15.090343, 2.436781 ], [ 15.091217, 2.437323 ], [ 15.091418, 2.437508 ], [ 15.091957, 2.438004 ], [ 15.092512, 2.438595 ], [ 15.093253, 2.439322 ], [ 15.093904, 2.440418 ], [ 15.094097, 2.441197 ], [ 15.09447, 2.44202 ], [ 15.094758, 2.443165 ], [ 15.094904, 2.443945 ], [ 15.095099, 2.445046 ], [ 15.095341, 2.446238 ], [ 15.095719, 2.447338 ], [ 15.09619, 2.448436 ], [ 15.096791, 2.449119 ], [ 15.097615, 2.449294 ], [ 15.098392, 2.449286 ], [ 15.098854, 2.449281 ], [ 15.099672, 2.449272 ], [ 15.100996, 2.449166 ], [ 15.101771, 2.44902 ], [ 15.10273, 2.448964 ], [ 15.103959, 2.448353 ], [ 15.104818, 2.4477 ], [ 15.104819, 2.4477 ], [ 15.104856, 2.446917 ], [ 15.104758, 2.446229 ], [ 15.104758, 2.446228 ], [ 15.104975, 2.445351 ], [ 15.105243, 2.444658 ], [ 15.105964, 2.443684 ], [ 15.106787, 2.443859 ], [ 15.106804, 2.443865 ], [ 15.107843, 2.444262 ], [ 15.108352, 2.444716 ], [ 15.108859, 2.44517 ], [ 15.109507, 2.445854 ], [ 15.109975, 2.446907 ], [ 15.110076, 2.447689 ], [ 15.109857, 2.448519 ], [ 15.109637, 2.449258 ], [ 15.109575, 2.449466 ], [ 15.109416, 2.449996 ], [ 15.109014, 2.450921 ], [ 15.108752, 2.452028 ], [ 15.108445, 2.453181 ], [ 15.10841, 2.453857 ], [ 15.108407, 2.453918 ], [ 15.108407, 2.453918 ], [ 15.108374, 2.454976 ], [ 15.108934, 2.456027 ], [ 15.109629, 2.456847 ], [ 15.11078, 2.457616 ], [ 15.111749, 2.45834 ], [ 15.112851, 2.458833 ], [ 15.114272, 2.459185 ], [ 15.114495, 2.459081 ], [ 15.115183, 2.45876 ], [ 15.11582, 2.458477 ], [ 15.116819, 2.457959 ], [ 15.117317, 2.457494 ], [ 15.117998, 2.45721 ], [ 15.119361, 2.456367 ], [ 15.11995, 2.455854 ], [ 15.120539, 2.455295 ], [ 15.121445, 2.454687 ], [ 15.122309, 2.454264 ], [ 15.122935, 2.453107 ], [ 15.123246, 2.45223 ], [ 15.12411, 2.451715 ], [ 15.1245, 2.45199 ], [ 15.124753, 2.452168 ], [ 15.125677, 2.452986 ], [ 15.126414, 2.453484 ], [ 15.12724, 2.45366 ], [ 15.127611, 2.453539 ], [ 15.127967, 2.453422 ], [ 15.128464, 2.452865 ], [ 15.129002, 2.451894 ], [ 15.129359, 2.451062 ], [ 15.129684, 2.450927 ], [ 15.13004, 2.450779 ], [ 15.13087, 2.451369 ], [ 15.131384, 2.452513 ], [ 15.131803, 2.453107 ], [ 15.132451, 2.453927 ], [ 15.133273, 2.453873 ], [ 15.134231, 2.453633 ], [ 15.135008, 2.453716 ], [ 15.135882, 2.454213 ], [ 15.136261, 2.455312 ], [ 15.136261, 2.455312 ], [ 15.136272, 2.456277 ], [ 15.136097, 2.456969 ], [ 15.136097, 2.456969 ], [ 15.13638, 2.457793 ], [ 15.136893, 2.458706 ], [ 15.137225, 2.459806 ], [ 15.137225, 2.459807 ], [ 15.137052, 2.460589 ], [ 15.137052, 2.460591 ], [ 15.137061, 2.461415 ], [ 15.137573, 2.462099 ], [ 15.1384, 2.462549 ], [ 15.139548, 2.463041 ], [ 15.140515, 2.463627 ], [ 15.141207, 2.46417 ], [ 15.141765, 2.464899 ], [ 15.141728, 2.465634 ], [ 15.141726, 2.46564 ], [ 15.141417, 2.46651 ], [ 15.141109, 2.467386 ], [ 15.141108, 2.467388 ], [ 15.140891, 2.468445 ], [ 15.141128, 2.469131 ], [ 15.141687, 2.470042 ], [ 15.142244, 2.470725 ], [ 15.142757, 2.471683 ], [ 15.143453, 2.472455 ], [ 15.143643, 2.473142 ], [ 15.143788, 2.473829 ], [ 15.144074, 2.474835 ], [ 15.144177, 2.475844 ], [ 15.144463, 2.476759 ], [ 15.144792, 2.477581 ], [ 15.145391, 2.477896 ], [ 15.146121, 2.477841 ], [ 15.146517, 2.477704 ], [ 15.146942, 2.477556 ], [ 15.147343, 2.476863 ], [ 15.147565, 2.476217 ], [ 15.148152, 2.475521 ], [ 15.149063, 2.475326 ], [ 15.149888, 2.475409 ], [ 15.150572, 2.475262 ], [ 15.151339, 2.474472 ], [ 15.152022, 2.474051 ], [ 15.152479, 2.474072 ], [ 15.152799, 2.474087 ], [ 15.15323, 2.473727 ], [ 15.153516, 2.473487 ], [ 15.153523, 2.473481 ], [ 15.153604, 2.47247 ], [ 15.153275, 2.471877 ], [ 15.152762, 2.471011 ], [ 15.152156, 2.470008 ], [ 15.15183, 2.469415 ], [ 15.151412, 2.468823 ], [ 15.15131, 2.468089 ], [ 15.151304, 2.467355 ], [ 15.151472, 2.46645 ], [ 15.151475, 2.466434 ], [ 15.15197, 2.465647 ], [ 15.152877, 2.46513 ], [ 15.15397, 2.464749 ], [ 15.154656, 2.464648 ], [ 15.155473, 2.464409 ], [ 15.155475, 2.464408 ], [ 15.155605, 2.463626 ], [ 15.155413, 2.462892 ], [ 15.154944, 2.461888 ], [ 15.154844, 2.461076 ], [ 15.154843, 2.461062 ], [ 15.15543, 2.460411 ], [ 15.156155, 2.45985 ], [ 15.156368, 2.458997 ], [ 15.156374, 2.458974 ], [ 15.156317, 2.45801 ], [ 15.156308, 2.457103 ], [ 15.156308, 2.457091 ], [ 15.156665, 2.456442 ], [ 15.15744, 2.456157 ], [ 15.158169, 2.455963 ], [ 15.158854, 2.456183 ], [ 15.158857, 2.456184 ], [ 15.1596, 2.457002 ], [ 15.16002, 2.45787 ], [ 15.160579, 2.458737 ], [ 15.161041, 2.459236 ], [ 15.161732, 2.459641 ], [ 15.161953, 2.459668 ], [ 15.162419, 2.459724 ], [ 15.163243, 2.459851 ], [ 15.164113, 2.45984 ], [ 15.164168, 2.459885 ], [ 15.164666, 2.460293 ], [ 15.165269, 2.461113 ], [ 15.165509, 2.461937 ], [ 15.165517, 2.462718 ], [ 15.165572, 2.463544 ], [ 15.165627, 2.464371 ], [ 15.165914, 2.465517 ], [ 15.166107, 2.466433 ], [ 15.166393, 2.467348 ], [ 15.167496, 2.46784 ], [ 15.16823, 2.468061 ], [ 15.169104, 2.468464 ], [ 15.169568, 2.469055 ], [ 15.170032, 2.469693 ], [ 15.170633, 2.470283 ], [ 15.171368, 2.47055 ], [ 15.172191, 2.470585 ], [ 15.172876, 2.470577 ], [ 15.173838, 2.470611 ], [ 15.174555, 2.47075 ], [ 15.175336, 2.471155 ], [ 15.175727, 2.47137 ], [ 15.176072, 2.47156 ], [ 15.177036, 2.471917 ], [ 15.177728, 2.472462 ], [ 15.178421, 2.473189 ], [ 15.178612, 2.473877 ], [ 15.178299, 2.47457 ], [ 15.178029, 2.475016 ], [ 15.177851, 2.47531 ], [ 15.17691, 2.475547 ], [ 15.176894, 2.475551 ], [ 15.176209, 2.475605 ], [ 15.175431, 2.475475 ], [ 15.175404, 2.475469 ], [ 15.174652, 2.4753 ], [ 15.174204, 2.476041 ], [ 15.175224, 2.477363 ], [ 15.175686, 2.477909 ], [ 15.1762, 2.478823 ], [ 15.176573, 2.479646 ], [ 15.176995, 2.480469 ], [ 15.177278, 2.481248 ], [ 15.177521, 2.482486 ], [ 15.177671, 2.483634 ], [ 15.177548, 2.484968 ], [ 15.177967, 2.485608 ], [ 15.178083, 2.485625 ], [ 15.178168, 2.485882 ], [ 15.178652, 2.485882 ], [ 15.179672, 2.485797 ], [ 15.180164, 2.485813 ], [ 15.181027, 2.485803 ], [ 15.181142, 2.485813 ], [ 15.181626, 2.486161 ], [ 15.182387, 2.4863 ], [ 15.183286, 2.486161 ], [ 15.1837, 2.485674 ], [ 15.184115, 2.484839 ], [ 15.184668, 2.484283 ], [ 15.185092, 2.483963 ], [ 15.185586, 2.484327 ], [ 15.18614, 2.484873 ], [ 15.186512, 2.485512 ], [ 15.186432, 2.486386 ], [ 15.186485, 2.487121 ], [ 15.187042, 2.487759 ], [ 15.188006, 2.48807 ], [ 15.18833, 2.488023 ], [ 15.188689, 2.487971 ], [ 15.189323, 2.487458 ], [ 15.190011, 2.487634 ], [ 15.190696, 2.487672 ], [ 15.191213, 2.487788 ], [ 15.191476, 2.487847 ], [ 15.191621, 2.488627 ], [ 15.191541, 2.489548 ], [ 15.191597, 2.490467 ], [ 15.191836, 2.491429 ], [ 15.192617, 2.491697 ], [ 15.19273, 2.491631 ], [ 15.192762, 2.491658 ], [ 15.193868, 2.49145 ], [ 15.194837, 2.491032 ], [ 15.195104, 2.490951 ], [ 15.195589, 2.491939 ], [ 15.195963, 2.492671 ], [ 15.196382, 2.49331 ], [ 15.197025, 2.493578 ], [ 15.1978, 2.493495 ], [ 15.197984, 2.493476 ], [ 15.198668, 2.493376 ], [ 15.199353, 2.49323 ], [ 15.200451, 2.493402 ], [ 15.20053, 2.493517 ], [ 15.200916, 2.494087 ], [ 15.201154, 2.494911 ], [ 15.201207, 2.4956 ], [ 15.201307, 2.496335 ], [ 15.201543, 2.497067 ], [ 15.202099, 2.497705 ], [ 15.202837, 2.498203 ], [ 15.203482, 2.498655 ], [ 15.204399, 2.498967 ], [ 15.205089, 2.499327 ], [ 15.205828, 2.499962 ], [ 15.206381, 2.500508 ], [ 15.206936, 2.501053 ], [ 15.207582, 2.501597 ], [ 15.208277, 2.502371 ], [ 15.208786, 2.502963 ], [ 15.209391, 2.503876 ], [ 15.209673, 2.504562 ], [ 15.209912, 2.505433 ], [ 15.210104, 2.50635 ], [ 15.211263, 2.507056 ], [ 15.211377, 2.507069 ], [ 15.212383, 2.50718 ], [ 15.211515, 2.507099 ], [ 15.21138, 2.507076 ], [ 15.211621, 2.507596 ], [ 15.211653, 2.507664 ], [ 15.211716, 2.507801 ], [ 15.212422, 2.508297 ], [ 15.213258, 2.508297 ], [ 15.214234, 2.507624 ], [ 15.215033, 2.506451 ], [ 15.215105, 2.506346 ], [ 15.215434, 2.505266 ], [ 15.21554, 2.503743 ], [ 15.21538, 2.502027 ], [ 15.215034, 2.500635 ], [ 15.214451, 2.49903 ], [ 15.21445, 2.496138 ], [ 15.214907, 2.494883 ], [ 15.214968, 2.494717 ], [ 15.215556, 2.493967 ], [ 15.216356, 2.493469 ], [ 15.217313, 2.493469 ], [ 15.218697, 2.494513 ], [ 15.219651, 2.494842 ], [ 15.220633, 2.494652 ], [ 15.222072, 2.494334 ], [ 15.22333, 2.493748 ], [ 15.224782, 2.492913 ], [ 15.225257, 2.492315 ], [ 15.225335, 2.492217 ], [ 15.225578, 2.491229 ], [ 15.225542, 2.489643 ], [ 15.225472, 2.488182 ], [ 15.225881, 2.486878 ], [ 15.225887, 2.48686 ], [ 15.226301, 2.486025 ], [ 15.228233, 2.484562 ], [ 15.23045, 2.483521 ], [ 15.231472, 2.483521 ], [ 15.233408, 2.4838 ], [ 15.234238, 2.4838 ], [ 15.235068, 2.483661 ], [ 15.236451, 2.483104 ], [ 15.237349, 2.482408 ], [ 15.238041, 2.481852 ], [ 15.23894, 2.481574 ], [ 15.239488, 2.481724 ], [ 15.239701, 2.481782 ], [ 15.239977, 2.482408 ], [ 15.239978, 2.482826 ], [ 15.239909, 2.483313 ], [ 15.239814, 2.483429 ], [ 15.239286, 2.484078 ], [ 15.238529, 2.48456 ], [ 15.234999, 2.486195 ], [ 15.234101, 2.486722 ], [ 15.233587, 2.487331 ], [ 15.233587, 2.487429 ], [ 15.233587, 2.488041 ], [ 15.233927, 2.488509 ], [ 15.234223, 2.488917 ], [ 15.235094, 2.489438 ], [ 15.235831, 2.489644 ], [ 15.236799, 2.489644 ], [ 15.238157, 2.489035 ], [ 15.239357, 2.487487 ], [ 15.241154, 2.485818 ], [ 15.241698, 2.48542 ], [ 15.242675, 2.484705 ], [ 15.243713, 2.484357 ], [ 15.244025, 2.48437 ], [ 15.24454, 2.484486 ], [ 15.244482, 2.484622 ], [ 15.244184, 2.485318 ], [ 15.244011, 2.486009 ], [ 15.243701, 2.48684 ], [ 15.243574, 2.487531 ], [ 15.243581, 2.488219 ], [ 15.2435, 2.48891 ], [ 15.243645, 2.489551 ], [ 15.243792, 2.490422 ], [ 15.244029, 2.491062 ], [ 15.244356, 2.491701 ], [ 15.244594, 2.492432 ], [ 15.244831, 2.493118 ], [ 15.245023, 2.493851 ], [ 15.245431, 2.49543 ], [ 15.245509, 2.495678 ], [ 15.245961, 2.4971 ], [ 15.24587, 2.497563 ], [ 15.245762, 2.498113 ], [ 15.245772, 2.49894 ], [ 15.245808, 2.499927 ], [ 15.246302, 2.501092 ], [ 15.246997, 2.50191 ], [ 15.24769, 2.502636 ], [ 15.248526, 2.503636 ], [ 15.249586, 2.504495 ], [ 15.250324, 2.505037 ], [ 15.251105, 2.50544 ], [ 15.251794, 2.50589 ], [ 15.252578, 2.506386 ], [ 15.253269, 2.506882 ], [ 15.253868, 2.50738 ], [ 15.254516, 2.508107 ], [ 15.254891, 2.508883 ], [ 15.255405, 2.509749 ], [ 15.255782, 2.510709 ], [ 15.256, 2.510948 ], [ 15.256404, 2.511392 ], [ 15.256434, 2.51245 ], [ 15.256453, 2.513135 ], [ 15.256644, 2.513867 ], [ 15.256927, 2.514644 ], [ 15.257304, 2.515512 ], [ 15.257357, 2.515645 ], [ 15.25754, 2.516106 ], [ 15.257509, 2.516172 ], [ 15.257006, 2.517216 ], [ 15.256329, 2.517821 ], [ 15.255739, 2.518105 ], [ 15.255013, 2.518389 ], [ 15.253923, 2.518863 ], [ 15.253243, 2.519239 ], [ 15.252561, 2.519523 ], [ 15.251608, 2.519949 ], [ 15.250656, 2.520512 ], [ 15.249888, 2.521119 ], [ 15.249075, 2.521819 ], [ 15.248489, 2.522378 ], [ 15.247629, 2.523031 ], [ 15.247138, 2.523819 ], [ 15.246924, 2.524924 ], [ 15.246615, 2.525709 ], [ 15.246484, 2.526353 ], [ 15.246449, 2.527089 ], [ 15.246323, 2.528009 ], [ 15.246288, 2.528836 ], [ 15.24607, 2.529574 ], [ 15.245674, 2.530773 ], [ 15.245916, 2.531873 ], [ 15.245746, 2.532863 ], [ 15.245713, 2.53385 ], [ 15.245767, 2.534493 ], [ 15.245823, 2.535319 ], [ 15.246108, 2.536188 ], [ 15.246389, 2.53692 ], [ 15.246673, 2.537559 ], [ 15.246865, 2.538337 ], [ 15.24706, 2.539254 ], [ 15.247069, 2.539988 ], [ 15.247032, 2.540678 ], [ 15.247067, 2.541665 ], [ 15.24692, 2.542608 ], [ 15.246791, 2.543299 ], [ 15.246805, 2.544355 ], [ 15.247322, 2.545589 ], [ 15.248146, 2.545716 ], [ 15.248547, 2.545555 ], [ 15.248715, 2.545488 ], [ 15.248735, 2.545479 ], [ 15.248763, 2.545439 ], [ 15.249038, 2.54504 ], [ 15.249454, 2.544436 ], [ 15.249786, 2.544287 ], [ 15.250116, 2.544138 ], [ 15.250769, 2.543845 ], [ 15.251001, 2.543815 ], [ 15.251544, 2.543744 ], [ 15.251634, 2.543582 ], [ 15.252036, 2.542864 ], [ 15.252345, 2.541988 ], [ 15.253014, 2.540785 ], [ 15.253064, 2.540777 ], [ 15.253073, 2.540776 ], [ 15.253971, 2.540635 ], [ 15.254671, 2.541236 ], [ 15.254709, 2.541268 ], [ 15.25538, 2.541926 ], [ 15.256013, 2.543273 ], [ 15.256662, 2.544045 ], [ 15.257127, 2.544729 ], [ 15.257549, 2.545573 ], [ 15.258017, 2.546508 ], [ 15.258438, 2.547284 ], [ 15.258721, 2.548061 ], [ 15.259004, 2.548839 ], [ 15.259151, 2.549572 ], [ 15.259161, 2.55026 ], [ 15.25916, 2.550262 ], [ 15.258897, 2.551045 ], [ 15.258541, 2.551853 ], [ 15.258123, 2.553076 ], [ 15.257638, 2.55446 ], [ 15.25715, 2.555569 ], [ 15.256642, 2.556861 ], [ 15.256196, 2.557739 ], [ 15.256023, 2.558476 ], [ 15.255896, 2.559167 ], [ 15.255812, 2.559812 ], [ 15.255866, 2.560454 ], [ 15.256133, 2.561783 ], [ 15.256534, 2.56288 ], [ 15.257028, 2.563953 ], [ 15.257658, 2.564932 ], [ 15.258122, 2.565569 ], [ 15.258862, 2.566387 ], [ 15.260062, 2.567336 ], [ 15.26116, 2.567506 ], [ 15.261912, 2.567083 ], [ 15.262248, 2.566895 ], [ 15.262293, 2.566848 ], [ 15.262744, 2.566383 ], [ 15.26301, 2.565783 ], [ 15.263365, 2.564951 ], [ 15.263684, 2.563772 ], [ 15.263714, 2.563661 ], [ 15.264023, 2.56283 ], [ 15.264158, 2.56269 ], [ 15.264653, 2.562178 ], [ 15.2651, 2.561346 ], [ 15.265364, 2.560608 ], [ 15.265584, 2.559962 ], [ 15.266121, 2.55922 ], [ 15.266775, 2.558982 ], [ 15.266849, 2.558955 ], [ 15.266903, 2.558936 ], [ 15.267167, 2.558839 ], [ 15.267597, 2.558666 ], [ 15.267644, 2.558647 ], [ 15.267758, 2.558602 ], [ 15.268347, 2.558273 ], [ 15.269123, 2.558309 ], [ 15.269322, 2.558547 ], [ 15.26936, 2.558592 ], [ 15.269562, 2.558834 ], [ 15.269958, 2.559309 ], [ 15.270203, 2.560592 ], [ 15.270167, 2.561373 ], [ 15.270039, 2.562063 ], [ 15.269553, 2.563333 ], [ 15.268884, 2.564605 ], [ 15.268533, 2.565712 ], [ 15.268223, 2.566497 ], [ 15.267914, 2.567328 ], [ 15.267692, 2.567927 ], [ 15.267383, 2.568712 ], [ 15.266757, 2.569731 ], [ 15.265808, 2.570524 ], [ 15.265087, 2.571176 ], [ 15.264457, 2.571919 ], [ 15.26369, 2.572572 ], [ 15.263102, 2.573085 ], [ 15.262471, 2.573644 ], [ 15.261819, 2.574456 ], [ 15.261636, 2.576296 ], [ 15.261656, 2.577789 ], [ 15.261807, 2.578935 ], [ 15.261958, 2.580127 ], [ 15.262152, 2.580906 ], [ 15.262566, 2.581346 ], [ 15.262707, 2.581496 ], [ 15.263058, 2.582045 ], [ 15.263173, 2.582225 ], [ 15.263546, 2.582863 ], [ 15.264237, 2.583359 ], [ 15.265018, 2.583717 ], [ 15.265661, 2.58403 ], [ 15.266445, 2.584617 ], [ 15.267777, 2.585381 ], [ 15.268697, 2.585829 ], [ 15.269478, 2.586186 ], [ 15.270304, 2.586497 ], [ 15.271084, 2.5869 ], [ 15.271773, 2.587167 ], [ 15.273241, 2.587746 ], [ 15.273793, 2.58806 ], [ 15.274803, 2.58846 ], [ 15.275187, 2.588277 ], [ 15.275539, 2.588108 ], [ 15.275619, 2.58807 ], [ 15.275642, 2.588059 ], [ 15.275709, 2.587912 ], [ 15.276153, 2.586927 ], [ 15.276228, 2.58564 ], [ 15.276217, 2.584767 ], [ 15.276295, 2.583802 ], [ 15.276282, 2.582723 ], [ 15.276311, 2.581413 ], [ 15.276391, 2.580493 ], [ 15.276519, 2.579803 ], [ 15.276736, 2.578973 ], [ 15.277094, 2.578325 ], [ 15.278315, 2.577483 ], [ 15.278996, 2.577199 ], [ 15.280066, 2.576864 ], [ 15.281497, 2.576432 ], [ 15.282407, 2.576099 ], [ 15.283042, 2.575815 ], [ 15.283471, 2.575623 ], [ 15.283678, 2.575531 ], [ 15.284316, 2.575477 ], [ 15.284956, 2.575514 ], [ 15.285396, 2.57572 ], [ 15.2856, 2.575816 ], [ 15.286104, 2.576051 ], [ 15.286107, 2.576056 ], [ 15.286664, 2.576917 ], [ 15.286537, 2.577791 ], [ 15.286456, 2.578527 ], [ 15.286101, 2.579404 ], [ 15.285881, 2.58005 ], [ 15.285212, 2.581207 ], [ 15.284543, 2.582548 ], [ 15.284279, 2.583286 ], [ 15.283924, 2.584117 ], [ 15.283705, 2.584855 ], [ 15.283442, 2.585777 ], [ 15.28339, 2.586416 ], [ 15.283363, 2.586743 ], [ 15.283055, 2.587619 ], [ 15.282661, 2.588158 ], [ 15.282428, 2.588477 ], [ 15.281842, 2.589105 ], [ 15.281261, 2.590077 ], [ 15.279809, 2.590831 ], [ 15.278808, 2.591073 ], [ 15.277623, 2.59118 ], [ 15.276937, 2.591189 ], [ 15.27616, 2.591107 ], [ 15.275475, 2.59107 ], [ 15.274698, 2.590988 ], [ 15.273743, 2.591276 ], [ 15.273014, 2.591423 ], [ 15.271877, 2.591759 ], [ 15.271333, 2.592088 ], [ 15.270618, 2.593245 ], [ 15.270151, 2.594239 ], [ 15.270048, 2.59509 ], [ 15.270198, 2.596144 ], [ 15.27053, 2.597105 ], [ 15.270767, 2.597745 ], [ 15.270825, 2.598754 ], [ 15.270335, 2.599726 ], [ 15.269609, 2.600148 ], [ 15.268926, 2.600249 ], [ 15.267466, 2.600313 ], [ 15.266504, 2.600004 ], [ 15.265723, 2.599693 ], [ 15.264898, 2.599474 ], [ 15.264165, 2.599299 ], [ 15.263342, 2.599264 ], [ 15.262704, 2.599272 ], [ 15.261925, 2.599144 ], [ 15.26124, 2.599107 ], [ 15.260464, 2.598979 ], [ 15.259912, 2.598665 ], [ 15.259404, 2.598212 ], [ 15.258983, 2.597483 ], [ 15.258292, 2.59694 ], [ 15.257468, 2.596767 ], [ 15.256599, 2.596641 ], [ 15.255914, 2.596603 ], [ 15.254154, 2.596419 ], [ 15.252921, 2.596366 ], [ 15.251846, 2.596242 ], [ 15.251206, 2.596204 ], [ 15.250521, 2.596167 ], [ 15.249791, 2.596176 ], [ 15.248993, 2.596302 ], [ 15.247791, 2.596891 ], [ 15.246613, 2.597687 ], [ 15.24598, 2.598063 ], [ 15.245529, 2.598528 ], [ 15.245032, 2.598948 ], [ 15.244354, 2.599508 ], [ 15.243815, 2.600112 ], [ 15.243252, 2.600808 ], [ 15.242508, 2.601506 ], [ 15.241919, 2.601881 ], [ 15.241147, 2.602167 ], [ 15.240283, 2.602545 ], [ 15.239741, 2.602966 ], [ 15.238974, 2.60371 ], [ 15.23848, 2.604406 ], [ 15.238076, 2.604916 ], [ 15.237719, 2.605472 ], [ 15.237407, 2.606165 ], [ 15.237187, 2.606765 ], [ 15.236608, 2.607921 ], [ 15.236204, 2.608477 ], [ 15.235756, 2.609034 ], [ 15.235489, 2.609726 ], [ 15.234955, 2.61079 ], [ 15.234463, 2.611669 ], [ 15.23411, 2.6125 ], [ 15.233937, 2.613375 ], [ 15.233901, 2.614018 ], [ 15.234091, 2.614705 ], [ 15.23474, 2.615432 ], [ 15.23557, 2.616065 ], [ 15.236216, 2.616607 ], [ 15.236912, 2.617379 ], [ 15.237194, 2.618157 ], [ 15.236861, 2.61964 ], [ 15.236915, 2.620329 ], [ 15.2369, 2.620996 ], [ 15.237161, 2.62182 ], [ 15.237581, 2.622482 ], [ 15.238137, 2.623096 ], [ 15.238643, 2.623527 ], [ 15.239337, 2.624163 ], [ 15.239935, 2.624524 ], [ 15.240648, 2.62486 ], [ 15.241244, 2.625255 ], [ 15.241546, 2.625455 ], [ 15.242399, 2.626058 ], [ 15.243301, 2.627002 ], [ 15.243421, 2.627262 ], [ 15.243887, 2.628271 ], [ 15.244241, 2.629278 ], [ 15.244686, 2.630215 ], [ 15.245067, 2.631533 ], [ 15.245172, 2.632669 ], [ 15.245182, 2.633542 ], [ 15.245182, 2.634554 ], [ 15.245116, 2.635784 ], [ 15.244809, 2.636834 ], [ 15.244473, 2.637527 ], [ 15.243909, 2.638062 ], [ 15.24293, 2.638372 ], [ 15.242204, 2.638863 ], [ 15.241845, 2.639464 ], [ 15.24151, 2.640135 ], [ 15.241084, 2.640784 ], [ 15.240682, 2.641627 ], [ 15.240122, 2.64261 ], [ 15.239544, 2.643299 ], [ 15.238467, 2.643733 ], [ 15.237297, 2.643286 ], [ 15.236535, 2.642675 ], [ 15.236073, 2.642174 ], [ 15.235746, 2.641626 ], [ 15.235025, 2.640508 ], [ 15.234628, 2.639892 ], [ 15.234345, 2.639137 ], [ 15.233758, 2.63837 ], [ 15.232481, 2.637963 ], [ 15.231756, 2.6385 ], [ 15.231328, 2.639056 ], [ 15.230837, 2.640005 ], [ 15.230641, 2.640557 ], [ 15.230449, 2.641101 ], [ 15.230152, 2.641775 ], [ 15.229915, 2.642314 ], [ 15.229395, 2.643814 ], [ 15.229056, 2.64507 ], [ 15.228483, 2.645939 ], [ 15.227734, 2.646476 ], [ 15.227078, 2.64692 ], [ 15.226749, 2.647734 ], [ 15.226121, 2.648707 ], [ 15.225902, 2.649352 ], [ 15.225685, 2.650365 ], [ 15.225605, 2.651056 ], [ 15.225709, 2.652249 ], [ 15.225948, 2.653027 ], [ 15.226275, 2.653665 ], [ 15.226768, 2.654624 ], [ 15.22703, 2.655026 ], [ 15.227303, 2.655444 ], [ 15.227995, 2.655986 ], [ 15.228811, 2.656656 ], [ 15.228986, 2.6568 ], [ 15.230532, 2.657975 ], [ 15.231041, 2.658657 ], [ 15.231263, 2.659445 ], [ 15.231305, 2.659595 ], [ 15.231113, 2.660723 ], [ 15.231042, 2.660854 ], [ 15.230711, 2.661463 ], [ 15.230355, 2.662111 ], [ 15.229906, 2.662668 ], [ 15.229232, 2.663549 ], [ 15.228603, 2.664338 ], [ 15.228109, 2.665079 ], [ 15.227889, 2.66568 ], [ 15.227853, 2.666369 ], [ 15.227863, 2.667196 ], [ 15.227906, 2.667387 ], [ 15.228008, 2.667837 ], [ 15.228521, 2.668703 ], [ 15.228756, 2.669297 ], [ 15.229176, 2.669889 ], [ 15.229598, 2.670802 ], [ 15.229607, 2.670838 ], [ 15.229839, 2.671764 ], [ 15.230031, 2.672588 ], [ 15.230141, 2.674034 ], [ 15.229973, 2.675115 ], [ 15.229708, 2.675945 ], [ 15.229266, 2.676916 ], [ 15.22891, 2.677793 ], [ 15.228511, 2.678625 ], [ 15.227926, 2.679413 ], [ 15.227431, 2.680063 ], [ 15.227076, 2.680802 ], [ 15.226718, 2.681358 ], [ 15.226271, 2.682006 ], [ 15.225866, 2.682563 ], [ 15.225415, 2.683029 ], [ 15.224817, 2.683425 ], [ 15.223264, 2.684384 ], [ 15.222606, 2.684828 ], [ 15.221756, 2.685436 ], [ 15.221067, 2.686179 ], [ 15.220708, 2.686735 ], [ 15.220594, 2.687156 ], [ 15.220445, 2.687704 ], [ 15.220421, 2.687813 ], [ 15.220272, 2.688487 ], [ 15.220305, 2.689383 ], [ 15.220428, 2.69014 ], [ 15.220573, 2.690828 ], [ 15.220742, 2.691562 ], [ 15.220846, 2.692687 ], [ 15.220902, 2.693491 ], [ 15.22082, 2.694342 ], [ 15.220602, 2.695241 ], [ 15.220624, 2.696126 ], [ 15.221003, 2.696914 ], [ 15.221331, 2.697206 ], [ 15.221796, 2.697618 ], [ 15.222513, 2.698391 ], [ 15.222934, 2.699236 ], [ 15.223142, 2.700016 ], [ 15.223139, 2.700437 ], [ 15.223137, 2.700866 ], [ 15.222916, 2.701581 ], [ 15.222425, 2.702575 ], [ 15.221928, 2.703155 ], [ 15.22141, 2.703759 ], [ 15.221344, 2.705262 ], [ 15.221824, 2.705869 ], [ 15.222265, 2.706416 ], [ 15.222817, 2.706846 ], [ 15.223377, 2.707713 ], [ 15.223615, 2.708572 ], [ 15.223604, 2.709526 ], [ 15.223175, 2.710014 ], [ 15.222263, 2.710208 ], [ 15.221594, 2.709641 ], [ 15.221108, 2.709164 ], [ 15.220529, 2.708573 ], [ 15.219645, 2.708112 ], [ 15.218835, 2.708156 ], [ 15.218137, 2.70833 ], [ 15.217479, 2.708899 ], [ 15.217031, 2.709547 ], [ 15.216721, 2.710287 ], [ 15.216272, 2.710981 ], [ 15.216065, 2.711652 ], [ 15.215467, 2.712278 ], [ 15.215063, 2.712834 ], [ 15.214659, 2.71339 ], [ 15.214255, 2.713901 ], [ 15.214235, 2.713939 ], [ 15.213943, 2.714502 ], [ 15.213452, 2.715427 ], [ 15.212712, 2.71647 ], [ 15.211775, 2.716888 ], [ 15.211599, 2.716966 ], [ 15.210958, 2.716791 ], [ 15.210271, 2.716616 ], [ 15.20923, 2.715527 ], [ 15.208096, 2.714324 ], [ 15.207307, 2.713301 ], [ 15.20622, 2.712166 ], [ 15.205273, 2.711306 ], [ 15.204627, 2.710763 ], [ 15.203709, 2.710361 ], [ 15.202794, 2.710281 ], [ 15.201794, 2.710615 ], [ 15.201024, 2.711084 ], [ 15.200343, 2.711415 ], [ 15.199708, 2.711698 ], [ 15.199118, 2.712074 ], [ 15.198393, 2.712496 ], [ 15.197759, 2.712872 ], [ 15.196847, 2.712975 ], [ 15.195832, 2.712116 ], [ 15.195275, 2.711388 ], [ 15.194039, 2.710535 ], [ 15.193576, 2.709989 ], [ 15.193126, 2.709312 ], [ 15.192829, 2.708687 ], [ 15.192435, 2.708163 ], [ 15.191912, 2.707468 ], [ 15.191148, 2.706672 ], [ 15.190267, 2.706464 ], [ 15.189043, 2.70634 ], [ 15.188049, 2.706375 ], [ 15.187262, 2.706568 ], [ 15.186157, 2.706925 ], [ 15.185133, 2.707236 ], [ 15.184333, 2.707337 ], [ 15.183467, 2.707531 ], [ 15.182427, 2.707811 ], [ 15.181599, 2.70799 ], [ 15.180986, 2.708153 ], [ 15.180084, 2.70802 ], [ 15.178762, 2.708403 ], [ 15.178077, 2.708457 ], [ 15.177075, 2.708791 ], [ 15.175849, 2.709542 ], [ 15.17467, 2.71043 ], [ 15.173903, 2.711266 ], [ 15.17287, 2.712796 ], [ 15.172847, 2.714636 ], [ 15.173222, 2.715458 ], [ 15.174057, 2.716368 ], [ 15.174101, 2.716446 ], [ 15.174805, 2.717692 ], [ 15.175092, 2.718206 ], [ 15.175646, 2.719199 ], [ 15.176206, 2.720066 ], [ 15.177007, 2.720934 ], [ 15.177087, 2.721021 ], [ 15.177337, 2.721404 ], [ 15.178158, 2.722663 ], [ 15.179372, 2.724402 ], [ 15.179692, 2.724862 ], [ 15.179671, 2.724912 ], [ 15.179384, 2.725591 ], [ 15.179804, 2.726367 ], [ 15.180829, 2.727872 ], [ 15.181853, 2.729331 ], [ 15.18306, 2.730788 ], [ 15.183162, 2.73166 ], [ 15.182997, 2.733133 ], [ 15.182106, 2.735029 ], [ 15.181347, 2.736647 ], [ 15.180949, 2.737663 ], [ 15.180236, 2.739235 ], [ 15.179142, 2.739616 ], [ 15.176667, 2.739095 ], [ 15.175612, 2.738832 ], [ 15.174462, 2.738432 ], [ 15.17199, 2.738186 ], [ 15.170019, 2.737888 ], [ 15.168421, 2.738045 ], [ 15.166638, 2.738159 ], [ 15.164579, 2.738092 ], [ 15.162978, 2.738111 ], [ 15.161519, 2.738497 ], [ 15.160612, 2.739105 ], [ 15.159856, 2.740816 ], [ 15.159324, 2.742248 ], [ 15.159388, 2.74381 ], [ 15.159679, 2.74514 ], [ 15.161841, 2.74677 ], [ 15.162543, 2.74745 ], [ 15.162997, 2.747658 ], [ 15.163581, 2.747925 ], [ 15.163698, 2.748009 ], [ 15.164686, 2.748711 ], [ 15.164996, 2.749063 ], [ 15.165404, 2.749525 ], [ 15.16573, 2.749894 ], [ 15.167163, 2.751164 ], [ 15.168358, 2.751701 ], [ 15.169465, 2.75247 ], [ 15.169789, 2.752695 ], [ 15.169828, 2.752839 ], [ 15.170124, 2.753932 ], [ 15.170282, 2.755632 ], [ 15.169795, 2.756948 ], [ 15.168982, 2.757808 ], [ 15.168258, 2.758369 ], [ 15.16726, 2.759163 ], [ 15.166076, 2.759453 ], [ 15.165033, 2.760247 ], [ 15.16446, 2.762093 ], [ 15.164126, 2.764626 ], [ 15.163877, 2.766652 ], [ 15.163659, 2.767574 ], [ 15.161844, 2.768746 ], [ 15.160522, 2.769222 ], [ 15.15911, 2.769699 ], [ 15.157744, 2.770083 ], [ 15.155963, 2.770335 ], [ 15.154369, 2.770998 ], [ 15.153187, 2.77161 ], [ 15.15308, 2.772962 ], [ 15.15226, 2.773787 ], [ 15.151994, 2.774572 ], [ 15.151554, 2.776096 ], [ 15.151293, 2.777202 ], [ 15.15071, 2.778222 ], [ 15.150315, 2.779514 ], [ 15.150786, 2.780566 ], [ 15.151981, 2.781103 ], [ 15.152529, 2.781202 ], [ 15.153173, 2.781319 ], [ 15.153401, 2.781441 ], [ 15.153503, 2.781496 ], [ 15.15365, 2.781574 ], [ 15.154095, 2.781813 ], [ 15.154153, 2.781897 ], [ 15.154245, 2.782029 ], [ 15.154792, 2.782816 ], [ 15.154715, 2.783921 ], [ 15.154552, 2.785671 ], [ 15.154198, 2.786595 ], [ 15.153849, 2.788071 ], [ 15.15401, 2.790047 ], [ 15.153163, 2.791897 ], [ 15.15177, 2.793939 ], [ 15.150913, 2.795007 ], [ 15.150024, 2.797135 ], [ 15.14826, 2.798858 ], [ 15.146582, 2.800029 ], [ 15.145256, 2.800322 ], [ 15.143847, 2.800984 ], [ 15.142534, 2.802242 ], [ 15.142773, 2.803114 ], [ 15.143382, 2.804394 ], [ 15.143861, 2.806183 ], [ 15.144293, 2.807926 ], [ 15.144228, 2.810227 ], [ 15.144147, 2.811287 ], [ 15.144214, 2.813173 ], [ 15.144542, 2.813859 ], [ 15.146015, 2.814622 ], [ 15.146841, 2.814704 ], [ 15.14785, 2.814528 ], [ 15.147983, 2.814505 ], [ 15.148444, 2.814362 ], [ 15.148758, 2.814265 ], [ 15.149897, 2.81379 ], [ 15.150896, 2.813041 ], [ 15.151896, 2.812568 ], [ 15.153216, 2.811861 ], [ 15.154438, 2.810696 ], [ 15.15534, 2.80958 ], [ 15.156202, 2.808971 ], [ 15.156971, 2.80811 ], [ 15.157683, 2.808262 ], [ 15.157596, 2.80868 ], [ 15.15755, 2.808899 ], [ 15.157358, 2.80983 ], [ 15.156677, 2.810299 ], [ 15.155676, 2.810956 ], [ 15.15518, 2.811468 ], [ 15.154367, 2.812491 ], [ 15.153371, 2.813332 ], [ 15.152238, 2.814404 ], [ 15.15138, 2.815382 ], [ 15.150526, 2.816773 ], [ 15.149723, 2.818578 ], [ 15.149187, 2.819827 ], [ 15.148653, 2.821168 ], [ 15.14812, 2.822555 ], [ 15.147125, 2.823672 ], [ 15.146535, 2.824048 ], [ 15.145169, 2.824802 ], [ 15.143714, 2.825649 ], [ 15.14244, 2.826447 ], [ 15.141762, 2.827192 ], [ 15.140671, 2.827851 ], [ 15.139123, 2.828745 ], [ 15.137942, 2.829404 ], [ 15.136985, 2.829922 ], [ 15.135169, 2.831141 ], [ 15.134268, 2.832348 ], [ 15.133462, 2.833922 ], [ 15.132426, 2.835176 ], [ 15.131803, 2.836748 ], [ 15.131399, 2.838475 ], [ 15.130874, 2.839288 ], [ 15.131112, 2.840067 ], [ 15.131306, 2.840938 ], [ 15.131321, 2.842041 ], [ 15.131514, 2.84282 ], [ 15.13198, 2.84355 ], [ 15.132943, 2.843722 ], [ 15.133073, 2.843682 ], [ 15.13321, 2.843639 ], [ 15.133719, 2.843482 ], [ 15.134001, 2.84326 ], [ 15.13467, 2.842735 ], [ 15.134674, 2.842729 ], [ 15.135208, 2.841947 ], [ 15.135561, 2.840885 ], [ 15.135836, 2.840022 ], [ 15.135914, 2.839778 ], [ 15.136009, 2.839008 ], [ 15.136079, 2.838442 ], [ 15.13653, 2.837793 ], [ 15.136937, 2.837373 ], [ 15.137059, 2.837247 ], [ 15.137411, 2.836885 ], [ 15.138065, 2.8353 ], [ 15.138169, 2.835049 ], [ 15.13828, 2.834781 ], [ 15.139392, 2.834077 ], [ 15.139588, 2.834165 ], [ 15.14029, 2.834479 ], [ 15.140309, 2.834514 ], [ 15.141086, 2.835895 ], [ 15.141191, 2.837089 ], [ 15.141121, 2.838837 ], [ 15.140723, 2.840038 ], [ 15.139684, 2.841063 ], [ 15.138778, 2.841902 ], [ 15.138009, 2.842509 ], [ 15.137432, 2.844033 ], [ 15.136584, 2.845607 ], [ 15.135594, 2.846952 ], [ 15.134611, 2.848665 ], [ 15.133031, 2.850292 ], [ 15.131039, 2.851834 ], [ 15.129871, 2.85341 ], [ 15.128794, 2.854894 ], [ 15.127622, 2.856195 ], [ 15.126359, 2.857451 ], [ 15.125052, 2.858799 ], [ 15.123476, 2.860611 ], [ 15.122537, 2.86223 ], [ 15.12118, 2.863396 ], [ 15.120421, 2.86483 ], [ 15.119664, 2.866448 ], [ 15.118904, 2.867882 ], [ 15.118287, 2.869683 ], [ 15.11744, 2.871395 ], [ 15.116492, 2.872418 ], [ 15.115775, 2.873668 ], [ 15.115243, 2.875146 ], [ 15.114626, 2.877132 ], [ 15.113562, 2.879813 ], [ 15.112053, 2.880107 ], [ 15.109865, 2.880685 ], [ 15.108363, 2.881348 ], [ 15.106954, 2.882193 ], [ 15.105962, 2.883447 ], [ 15.104604, 2.88466 ], [ 15.103665, 2.886511 ], [ 15.10286, 2.888085 ], [ 15.102929, 2.890154 ], [ 15.103677, 2.891664 ], [ 15.104563, 2.893079 ], [ 15.105267, 2.894589 ], [ 15.105381, 2.896566 ], [ 15.104977, 2.897169 ], [ 15.104248, 2.897592 ], [ 15.103339, 2.898017 ], [ 15.101975, 2.898724 ], [ 15.100931, 2.89938 ], [ 15.099752, 2.90013 ], [ 15.098844, 2.900831 ], [ 15.098492, 2.901893 ], [ 15.09882, 2.902626 ], [ 15.099426, 2.903584 ], [ 15.100256, 2.904127 ], [ 15.100993, 2.904624 ], [ 15.101765, 2.904696 ], [ 15.101863, 2.904705 ], [ 15.103326, 2.904642 ], [ 15.10506, 2.904345 ], [ 15.106082, 2.904138 ], [ 15.106749, 2.904003 ], [ 15.107033, 2.90404 ], [ 15.10771, 2.904129 ], [ 15.10859, 2.904403 ], [ 15.109272, 2.904616 ], [ 15.110605, 2.905243 ], [ 15.111247, 2.905327 ], [ 15.111972, 2.90472 ], [ 15.112007, 2.904657 ], [ 15.112192, 2.904325 ], [ 15.112643, 2.903516 ], [ 15.113152, 2.902629 ], [ 15.113242, 2.902473 ], [ 15.113361, 2.902265 ], [ 15.113703, 2.900099 ], [ 15.113688, 2.898765 ], [ 15.113668, 2.897063 ], [ 15.113705, 2.896469 ], [ 15.113708, 2.896431 ], [ 15.113744, 2.895866 ], [ 15.114005, 2.894666 ], [ 15.114499, 2.893878 ], [ 15.115638, 2.893358 ], [ 15.116834, 2.893757 ], [ 15.116874, 2.894035 ], [ 15.116935, 2.894461 ], [ 15.117032, 2.895135 ], [ 15.116958, 2.8967 ], [ 15.116522, 2.898545 ], [ 15.116169, 2.899654 ], [ 15.115773, 2.901085 ], [ 15.115285, 2.902333 ], [ 15.114707, 2.903812 ], [ 15.114124, 2.904832 ], [ 15.113723, 2.90571 ], [ 15.113053, 2.907053 ], [ 15.112337, 2.908488 ], [ 15.111803, 2.90969 ], [ 15.11127, 2.91103 ], [ 15.110917, 2.912092 ], [ 15.110673, 2.913098 ], [ 15.110621, 2.913981 ], [ 15.111296, 2.914984 ], [ 15.111653, 2.916037 ], [ 15.11241, 2.918005 ], [ 15.112196, 2.919204 ], [ 15.111333, 2.919812 ], [ 15.11011, 2.920608 ], [ 15.109475, 2.92103 ], [ 15.108664, 2.922098 ], [ 15.1084, 2.922882 ], [ 15.108964, 2.924025 ], [ 15.109734, 2.9244 ], [ 15.109792, 2.924428 ], [ 15.110178, 2.924538 ], [ 15.111032, 2.924781 ], [ 15.112361, 2.925086 ], [ 15.113422, 2.925762 ], [ 15.113445, 2.925796 ], [ 15.114216, 2.926948 ], [ 15.11435, 2.92717 ], [ 15.114823, 2.927952 ], [ 15.115166, 2.928219 ], [ 15.115518, 2.928495 ], [ 15.115878, 2.928832 ], [ 15.116583, 2.929493 ], [ 15.117603, 2.930492 ], [ 15.118903, 2.931992 ], [ 15.118963, 2.932143 ], [ 15.119316, 2.93303 ], [ 15.119377, 2.933181 ], [ 15.119802, 2.934279 ], [ 15.119453, 2.935571 ], [ 15.119147, 2.936678 ], [ 15.119063, 2.937369 ], [ 15.119698, 2.94058 ], [ 15.119756, 2.941545 ], [ 15.119404, 2.942699 ], [ 15.118243, 2.943174 ], [ 15.11662, 2.943333 ], [ 15.115888, 2.943296 ], [ 15.114555, 2.942898 ], [ 15.113866, 2.942677 ], [ 15.112215, 2.942284 ], [ 15.110888, 2.942346 ], [ 15.110022, 2.942633 ], [ 15.109388, 2.943193 ], [ 15.109353, 2.944067 ], [ 15.110025, 2.946634 ], [ 15.110408, 2.948102 ], [ 15.110714, 2.950673 ], [ 15.10995, 2.951787 ], [ 15.108909, 2.952581 ], [ 15.107584, 2.952643 ], [ 15.106109, 2.95188 ], [ 15.104314, 2.95089 ], [ 15.102615, 2.950405 ], [ 15.10088, 2.950656 ], [ 15.09942, 2.950996 ], [ 15.097599, 2.951801 ], [ 15.096006, 2.952465 ], [ 15.094136, 2.953086 ], [ 15.092271, 2.953984 ], [ 15.090496, 2.954788 ], [ 15.089719, 2.955539 ], [ 15.088105, 2.95417 ], [ 15.086905, 2.953127 ], [ 15.086217, 2.952676 ], [ 15.085573, 2.952361 ], [ 15.084564, 2.952005 ], [ 15.083511, 2.951742 ], [ 15.082642, 2.95166 ], [ 15.082003, 2.951759 ], [ 15.081137, 2.951862 ], [ 15.080158, 2.952126 ], [ 15.080145, 2.95213 ], [ 15.079207, 2.952427 ], [ 15.07918, 2.952436 ], [ 15.078408, 2.95295 ], [ 15.077412, 2.95356 ], [ 15.07659, 2.953661 ], [ 15.075901, 2.953256 ], [ 15.07531, 2.953538 ], [ 15.074486, 2.95341 ], [ 15.074021, 2.952589 ], [ 15.073507, 2.951583 ], [ 15.072266, 2.951092 ], [ 15.070943, 2.950969 ], [ 15.069776, 2.950798 ], [ 15.068881, 2.95044 ], [ 15.068418, 2.949893 ], [ 15.068137, 2.949299 ], [ 15.068032, 2.948152 ], [ 15.068017, 2.94682 ], [ 15.068048, 2.945579 ], [ 15.067806, 2.944525 ], [ 15.067071, 2.944258 ], [ 15.066205, 2.944314 ], [ 15.065615, 2.944735 ], [ 15.064891, 2.945295 ], [ 15.064119, 2.945625 ], [ 15.063207, 2.945728 ], [ 15.061376, 2.945338 ], [ 15.060504, 2.944982 ], [ 15.059768, 2.944485 ], [ 15.058845, 2.943716 ], [ 15.058055, 2.9426 ], [ 15.056865, 2.942362 ], [ 15.056273, 2.942644 ], [ 15.055642, 2.943203 ], [ 15.055283, 2.943804 ], [ 15.054973, 2.944588 ], [ 15.055119, 2.945322 ], [ 15.055037, 2.946196 ], [ 15.054543, 2.946844 ], [ 15.05309, 2.94755 ], [ 15.051995, 2.947747 ], [ 15.050671, 2.947808 ], [ 15.049848, 2.947772 ], [ 15.048431, 2.947467 ], [ 15.047515, 2.947293 ], [ 15.046328, 2.947353 ], [ 15.045232, 2.947366 ], [ 15.044178, 2.947011 ], [ 15.043579, 2.946512 ], [ 15.043433, 2.945779 ], [ 15.04315, 2.945047 ], [ 15.042773, 2.944088 ], [ 15.042672, 2.943216 ], [ 15.04234, 2.942209 ], [ 15.041785, 2.941664 ], [ 15.04066, 2.941126 ], [ 15.039628, 2.940679 ], [ 15.03871, 2.940322 ], [ 15.037885, 2.940056 ], [ 15.036218, 2.939549 ], [ 15.035071, 2.938966 ], [ 15.033328, 2.938981 ], [ 15.031403, 2.939219 ], [ 15.029385, 2.939721 ], [ 15.028233, 2.939712 ], [ 15.026942, 2.940019 ], [ 15.02616, 2.94042 ], [ 15.02536, 2.940205 ], [ 15.025182, 2.940158 ], [ 15.025042, 2.94012 ], [ 15.024316, 2.939303 ], [ 15.024285, 2.939268 ], [ 15.023943, 2.938192 ], [ 15.023851, 2.937848 ], [ 15.023774, 2.937561 ], [ 15.023717, 2.937346 ], [ 15.023693, 2.937254 ], [ 15.023208, 2.936305 ], [ 15.02255, 2.936186 ], [ 15.020923, 2.936905 ], [ 15.019948, 2.93751 ], [ 15.018736, 2.938148 ], [ 15.017757, 2.93861 ], [ 15.016868, 2.938936 ], [ 15.015784, 2.938967 ], [ 15.014981, 2.938919 ], [ 15.0135, 2.938355 ], [ 15.012635, 2.937826 ], [ 15.011372, 2.936699 ], [ 15.01015, 2.935291 ], [ 15.008831, 2.933648 ], [ 15.007161, 2.93272 ], [ 15.005379, 2.932379 ], [ 15.00401, 2.931456 ], [ 15.002505, 2.930179 ], [ 15.001518, 2.928972 ], [ 15.001098, 2.92842 ], [ 15.000052, 2.928018 ], [ 14.99995, 2.927998 ], [ 14.99939, 2.927884 ], [ 14.9977, 2.927833 ], [ 14.9977, 2.927833 ], [ 14.996416, 2.92811 ], [ 14.995689, 2.927823 ], [ 14.995424, 2.927678 ], [ 14.995314, 2.927618 ], [ 14.994737, 2.927303 ], [ 14.993786, 2.926783 ], [ 14.992652, 2.926167 ], [ 14.991749, 2.92551 ], [ 14.990891, 2.924808 ], [ 14.989848, 2.924286 ], [ 14.9889, 2.923583 ], [ 14.987953, 2.92281 ], [ 14.987952, 2.922809 ], [ 14.987099, 2.921855 ], [ 14.986564, 2.920975 ], [ 14.985889, 2.920321 ], [ 14.984983, 2.919847 ], [ 14.983933, 2.919738 ], [ 14.982793, 2.919582 ], [ 14.981742, 2.919565 ], [ 14.980601, 2.919408 ], [ 14.979652, 2.918796 ], [ 14.978978, 2.918051 ], [ 14.978483, 2.917538 ], [ 14.977262, 2.916692 ], [ 14.976128, 2.916123 ], [ 14.975085, 2.915693 ], [ 14.973492, 2.915208 ], [ 14.972534, 2.9151 ], [ 14.971622, 2.914632 ], [ 14.970678, 2.914634 ], [ 14.970641, 2.914634 ], [ 14.96957, 2.914636 ], [ 14.968794, 2.914545 ], [ 14.96788, 2.914272 ], [ 14.967195, 2.913998 ], [ 14.966511, 2.913907 ], [ 14.965734, 2.913909 ], [ 14.965051, 2.914231 ], [ 14.964367, 2.914462 ], [ 14.963363, 2.914647 ], [ 14.962725, 2.914694 ], [ 14.961516, 2.914696 ], [ 14.961516, 2.914696 ], [ 14.960626, 2.914652 ], [ 14.959988, 2.914745 ], [ 14.959304, 2.914838 ], [ 14.958619, 2.914885 ], [ 14.95766, 2.914886 ], [ 14.957022, 2.914796 ], [ 14.956109, 2.914568 ], [ 14.955469, 2.91434 ], [ 14.954646, 2.913562 ], [ 14.953868, 2.912784 ], [ 14.953228, 2.912097 ], [ 14.952495, 2.911273 ], [ 14.951718, 2.910448 ], [ 14.951009, 2.909808 ], [ 14.949979, 2.908342 ], [ 14.94911, 2.90761 ], [ 14.948608, 2.907198 ], [ 14.947464, 2.906558 ], [ 14.946003, 2.90601 ], [ 14.944588, 2.905577 ], [ 14.944588, 2.905577 ], [ 14.94372, 2.90528 ], [ 14.942762, 2.904915 ], [ 14.941894, 2.904504 ], [ 14.940934, 2.904001 ], [ 14.940066, 2.903498 ], [ 14.939243, 2.902766 ], [ 14.939243, 2.902765 ], [ 14.938601, 2.901941 ], [ 14.937961, 2.901163 ], [ 14.937526, 2.900361 ], [ 14.937523, 2.900357 ], [ 14.937044, 2.899605 ], [ 14.936495, 2.898826 ], [ 14.935901, 2.898139 ], [ 14.9359, 2.898139 ], [ 14.935466, 2.897567 ], [ 14.935031, 2.896994 ], [ 14.934345, 2.896354 ], [ 14.933796, 2.895804 ], [ 14.93311, 2.895347 ], [ 14.932288, 2.894981 ], [ 14.931101, 2.894616 ], [ 14.93005, 2.89416 ], [ 14.929227, 2.893702 ], [ 14.928496, 2.893199 ], [ 14.927902, 2.89265 ], [ 14.927399, 2.892146 ], [ 14.926804, 2.891551 ], [ 14.926255, 2.89091 ], [ 14.925477, 2.889994 ], [ 14.925477, 2.889994 ], [ 14.9247, 2.88917 ], [ 14.924196, 2.888666 ], [ 14.923282, 2.888071 ], [ 14.922642, 2.887706 ], [ 14.921866, 2.887431 ], [ 14.920702, 2.887571 ], [ 14.919678, 2.888123 ], [ 14.919678, 2.888123 ], [ 14.918737, 2.889163 ], [ 14.91809, 2.889196 ], [ 14.917275, 2.88877 ], [ 14.915909, 2.888472 ], [ 14.914587, 2.888313 ], [ 14.913817, 2.887887 ], [ 14.912915, 2.887138 ], [ 14.912327, 2.886762 ], [ 14.911242, 2.886056 ], [ 14.910479, 2.885218 ], [ 14.909898, 2.884428 ], [ 14.909321, 2.883764 ], [ 14.909291, 2.88373 ], [ 14.908557, 2.882526 ], [ 14.90789, 2.881368 ], [ 14.907534, 2.880766 ], [ 14.906791, 2.880302 ], [ 14.90574, 2.879845 ], [ 14.905191, 2.87948 ], [ 14.904415, 2.879114 ], [ 14.903684, 2.878886 ], [ 14.902954, 2.878704 ], [ 14.902315, 2.878567 ], [ 14.901676, 2.87866 ], [ 14.900854, 2.878707 ], [ 14.90017, 2.8788 ], [ 14.89935, 2.879031 ], [ 14.89862, 2.879307 ], [ 14.897983, 2.879629 ], [ 14.897344, 2.880043 ], [ 14.896615, 2.880732 ], [ 14.895545, 2.881308 ], [ 14.895545, 2.881308 ], [ 14.89493, 2.881974 ], [ 14.89443, 2.882525 ], [ 14.893883, 2.882847 ], [ 14.893107, 2.882665 ], [ 14.892375, 2.882207 ], [ 14.891506, 2.881337 ], [ 14.890888, 2.880307 ], [ 14.890887, 2.880306 ], [ 14.890087, 2.879046 ], [ 14.889445, 2.87813 ], [ 14.888851, 2.877351 ], [ 14.888117, 2.876435 ], [ 14.88766, 2.875885 ], [ 14.88693, 2.875611 ], [ 14.886199, 2.875659 ], [ 14.885241, 2.875844 ], [ 14.884466, 2.875799 ], [ 14.88353, 2.875686 ], [ 14.88353, 2.875686 ], [ 14.882549, 2.875527 ], [ 14.881864, 2.875391 ], [ 14.880712, 2.875007 ], [ 14.880355, 2.873925 ], [ 14.879758, 2.872596 ], [ 14.879437, 2.871679 ], [ 14.879207, 2.871038 ], [ 14.878885, 2.869846 ], [ 14.878746, 2.869066 ], [ 14.878241, 2.867966 ], [ 14.877966, 2.867462 ], [ 14.877645, 2.86682 ], [ 14.877325, 2.86627 ], [ 14.876637, 2.865262 ], [ 14.876225, 2.864575 ], [ 14.875356, 2.863705 ], [ 14.874853, 2.863201 ], [ 14.874351, 2.862927 ], [ 14.87362, 2.862607 ], [ 14.872615, 2.862242 ], [ 14.872022, 2.862105 ], [ 14.871017, 2.861831 ], [ 14.870241, 2.861787 ], [ 14.869192, 2.861743 ], [ 14.868096, 2.861698 ], [ 14.867274, 2.861333 ], [ 14.866225, 2.861335 ], [ 14.865312, 2.861611 ], [ 14.864628, 2.861567 ], [ 14.864034, 2.861613 ], [ 14.863395, 2.861477 ], [ 14.862802, 2.86134 ], [ 14.862116, 2.860883 ], [ 14.861294, 2.860379 ], [ 14.86038, 2.860014 ], [ 14.859194, 2.85997 ], [ 14.859102, 2.85986 ], [ 14.857392, 2.858356 ], [ 14.856771, 2.856607 ], [ 14.851968, 2.856231 ], [ 14.850108, 2.850808 ], [ 14.849893, 2.850732 ], [ 14.849892, 2.850113 ], [ 14.849324, 2.849897 ], [ 14.848138, 2.849786 ], [ 14.847091, 2.849585 ], [ 14.846139, 2.849111 ], [ 14.845094, 2.848726 ], [ 14.843596, 2.848197 ], [ 14.842418, 2.847535 ], [ 14.840467, 2.846678 ], [ 14.839429, 2.845972 ], [ 14.838157, 2.845446 ], [ 14.83675, 2.844873 ], [ 14.835389, 2.8443 ], [ 14.834799, 2.844107 ], [ 14.833211, 2.843438 ], [ 14.832163, 2.843192 ], [ 14.83098, 2.842989 ], [ 14.829658, 2.842829 ], [ 14.82893, 2.842588 ], [ 14.828894, 2.842588 ], [ 14.828821, 2.84259 ], [ 14.828795, 2.842587 ], [ 14.828701, 2.842578 ], [ 14.829551, 2.841487 ], [ 14.82985, 2.840949 ], [ 14.829955, 2.84076 ], [ 14.830061, 2.840571 ], [ 14.829908, 2.836182 ], [ 14.830546, 2.833805 ], [ 14.830546, 2.832934 ], [ 14.829883, 2.832062 ], [ 14.828966, 2.831165 ], [ 14.826833, 2.829776 ], [ 14.826953, 2.825514 ], [ 14.824595, 2.821513 ], [ 14.823996, 2.820675 ], [ 14.823965, 2.820576 ], [ 14.82369, 2.819705 ], [ 14.823369, 2.819063 ], [ 14.822911, 2.81833 ], [ 14.822545, 2.81778 ], [ 14.822041, 2.817092 ], [ 14.821721, 2.816542 ], [ 14.821171, 2.815763 ], [ 14.820484, 2.814984 ], [ 14.819936, 2.814343 ], [ 14.819387, 2.813839 ], [ 14.818701, 2.813244 ], [ 14.81797, 2.812603 ], [ 14.817147, 2.811916 ], [ 14.816736, 2.811458 ], [ 14.815867, 2.810909 ], [ 14.815043, 2.810268 ], [ 14.814496, 2.810131 ], [ 14.813491, 2.80972 ], [ 14.812487, 2.809354 ], [ 14.811482, 2.80908 ], [ 14.810661, 2.809081 ], [ 14.809793, 2.809037 ], [ 14.808744, 2.80913 ], [ 14.807877, 2.809315 ], [ 14.807375, 2.809362 ], [ 14.805891, 2.809088 ], [ 14.80484, 2.809116 ], [ 14.803887, 2.808734 ], [ 14.803296, 2.808586 ], [ 14.802389, 2.808113 ], [ 14.800963, 2.808777 ], [ 14.800129, 2.809497 ], [ 14.79885, 2.809829 ], [ 14.7988, 2.809842 ], [ 14.798744, 2.80982 ], [ 14.798073, 2.809555 ], [ 14.796712, 2.808982 ], [ 14.795934, 2.80906 ], [ 14.795294, 2.809096 ], [ 14.794375, 2.809493 ], [ 14.793595, 2.809664 ], [ 14.792633, 2.809831 ], [ 14.791813, 2.809726 ], [ 14.790674, 2.809524 ], [ 14.789489, 2.809366 ], [ 14.788442, 2.809166 ], [ 14.787305, 2.80878 ], [ 14.785901, 2.808069 ], [ 14.784865, 2.807134 ], [ 14.783918, 2.806384 ], [ 14.783204, 2.805317 ], [ 14.782847, 2.804807 ], [ 14.7824, 2.804203 ], [ 14.781819, 2.803368 ], [ 14.781234, 2.802808 ], [ 14.780518, 2.801924 ], [ 14.779891, 2.801134 ], [ 14.779352, 2.800529 ], [ 14.77895, 2.799926 ], [ 14.778003, 2.799177 ], [ 14.777374, 2.798524 ], [ 14.777367, 2.798028 ], [ 14.777228, 2.797111 ], [ 14.777043, 2.796193 ], [ 14.776858, 2.795001 ], [ 14.776811, 2.794221 ], [ 14.776626, 2.793075 ], [ 14.776625, 2.792478 ], [ 14.776713, 2.791423 ], [ 14.776803, 2.79023 ], [ 14.776801, 2.789542 ], [ 14.776799, 2.7889 ], [ 14.776798, 2.788211 ], [ 14.776796, 2.786973 ], [ 14.776794, 2.785964 ], [ 14.776702, 2.785367 ], [ 14.776198, 2.784588 ], [ 14.775694, 2.784176 ], [ 14.774872, 2.783718 ], [ 14.774142, 2.783306 ], [ 14.77341, 2.782849 ], [ 14.772769, 2.782115 ], [ 14.772083, 2.781153 ], [ 14.771626, 2.780695 ], [ 14.771168, 2.780283 ], [ 14.770482, 2.779825 ], [ 14.769934, 2.779413 ], [ 14.769432, 2.779138 ], [ 14.768883, 2.778726 ], [ 14.768106, 2.778314 ], [ 14.767603, 2.777994 ], [ 14.767101, 2.777582 ], [ 14.766368, 2.776573 ], [ 14.766184, 2.775886 ], [ 14.766046, 2.775289 ], [ 14.765907, 2.774601 ], [ 14.765906, 2.773775 ], [ 14.765995, 2.772858 ], [ 14.766222, 2.772123 ], [ 14.766404, 2.771573 ], [ 14.766676, 2.770976 ], [ 14.766948, 2.770287 ], [ 14.767357, 2.76914 ], [ 14.767583, 2.768268 ], [ 14.767537, 2.767534 ], [ 14.767215, 2.766617 ], [ 14.766984, 2.765516 ], [ 14.766801, 2.764966 ], [ 14.766526, 2.764461 ], [ 14.765795, 2.763912 ], [ 14.764972, 2.7635 ], [ 14.764059, 2.763318 ], [ 14.763009, 2.762906 ], [ 14.762323, 2.762219 ], [ 14.761819, 2.761486 ], [ 14.761225, 2.760982 ], [ 14.760448, 2.760478 ], [ 14.759626, 2.760158 ], [ 14.758804, 2.760022 ], [ 14.758119, 2.759885 ], [ 14.757525, 2.759565 ], [ 14.756884, 2.758877 ], [ 14.75661, 2.758373 ], [ 14.756152, 2.75741 ], [ 14.75583, 2.756539 ], [ 14.755555, 2.755622 ], [ 14.755142, 2.754934 ], [ 14.754639, 2.754155 ], [ 14.754363, 2.753559 ], [ 14.754181, 2.753009 ], [ 14.754042, 2.752321 ], [ 14.754086, 2.751541 ], [ 14.754267, 2.75076 ], [ 14.754403, 2.750164 ], [ 14.754537, 2.748879 ], [ 14.754536, 2.748191 ], [ 14.754625, 2.747273 ], [ 14.754533, 2.746631 ], [ 14.754486, 2.745989 ], [ 14.754301, 2.745301 ], [ 14.753843, 2.74443 ], [ 14.753614, 2.74388 ], [ 14.753247, 2.743192 ], [ 14.752699, 2.742734 ], [ 14.751876, 2.74246 ], [ 14.750873, 2.742278 ], [ 14.750233, 2.742003 ], [ 14.749229, 2.741683 ], [ 14.748451, 2.741271 ], [ 14.747675, 2.740768 ], [ 14.747217, 2.74008 ], [ 14.747078, 2.739071 ], [ 14.74703, 2.738245 ], [ 14.747166, 2.737327 ], [ 14.747485, 2.736822 ], [ 14.74794, 2.736271 ], [ 14.74844, 2.735399 ], [ 14.748804, 2.73471 ], [ 14.749077, 2.733976 ], [ 14.749257, 2.733379 ], [ 14.749392, 2.732324 ], [ 14.749208, 2.731223 ], [ 14.749115, 2.730581 ], [ 14.749023, 2.729938 ], [ 14.748975, 2.729342 ], [ 14.749202, 2.728424 ], [ 14.749794, 2.727644 ], [ 14.75034, 2.727 ], [ 14.750886, 2.726266 ], [ 14.751295, 2.725485 ], [ 14.751431, 2.724613 ], [ 14.751794, 2.723512 ], [ 14.751838, 2.722824 ], [ 14.751655, 2.722228 ], [ 14.751378, 2.721264 ], [ 14.750875, 2.72099 ], [ 14.750099, 2.720853 ], [ 14.749279, 2.720946 ], [ 14.748503, 2.72113 ], [ 14.747682, 2.721544 ], [ 14.746906, 2.721637 ], [ 14.745949, 2.721959 ], [ 14.74531, 2.722236 ], [ 14.744626, 2.722328 ], [ 14.743622, 2.72233 ], [ 14.742892, 2.72233 ], [ 14.742345, 2.722606 ], [ 14.741569, 2.722837 ], [ 14.740656, 2.722884 ], [ 14.739789, 2.722655 ], [ 14.739105, 2.722427 ], [ 14.738236, 2.721877 ], [ 14.737823, 2.721236 ], [ 14.73732, 2.720273 ], [ 14.737045, 2.719355 ], [ 14.736632, 2.71876 ], [ 14.736129, 2.718072 ], [ 14.735443, 2.717247 ], [ 14.734711, 2.716606 ], [ 14.734117, 2.716102 ], [ 14.733568, 2.715598 ], [ 14.733111, 2.715002 ], [ 14.732699, 2.714544 ], [ 14.732333, 2.713764 ], [ 14.732011, 2.712893 ], [ 14.731417, 2.712343 ], [ 14.730732, 2.711931 ], [ 14.729773, 2.711565 ], [ 14.72895, 2.711291 ], [ 14.728357, 2.711108 ], [ 14.727216, 2.710788 ], [ 14.725754, 2.710469 ], [ 14.724978, 2.710194 ], [ 14.724293, 2.710012 ], [ 14.723471, 2.709829 ], [ 14.722512, 2.709647 ], [ 14.721691, 2.709556 ], [ 14.721154, 2.709377 ], [ 14.721005, 2.709328 ], [ 14.720321, 2.709145 ], [ 14.71992, 2.709114 ], [ 14.719727, 2.7091 ], [ 14.719533, 2.709113 ], [ 14.719043, 2.709147 ], [ 14.718358, 2.709147 ], [ 14.71823, 2.709154 ], [ 14.717491, 2.709195 ], [ 14.716714, 2.708966 ], [ 14.716076, 2.708737 ], [ 14.715391, 2.708463 ], [ 14.71475, 2.708188 ], [ 14.714157, 2.707914 ], [ 14.713609, 2.707685 ], [ 14.712924, 2.707411 ], [ 14.71233, 2.707136 ], [ 14.71169, 2.706816 ], [ 14.710959, 2.706449 ], [ 14.710183, 2.706083 ], [ 14.709589, 2.705855 ], [ 14.709041, 2.705672 ], [ 14.708401, 2.705489 ], [ 14.707808, 2.70526 ], [ 14.706985, 2.70494 ], [ 14.706346, 2.704895 ], [ 14.70592, 2.704865 ], [ 14.705708, 2.70485 ], [ 14.705639, 2.704938 ], [ 14.705636, 2.704942 ], [ 14.70544, 2.705192 ], [ 14.705352, 2.705305 ], [ 14.705316, 2.705214 ], [ 14.705274, 2.705108 ], [ 14.705129, 2.704743 ], [ 14.705217, 2.703844 ], [ 14.705315, 2.702556 ], [ 14.70529, 2.701042 ], [ 14.705241, 2.699689 ], [ 14.70565, 2.698748 ], [ 14.705603, 2.697968 ], [ 14.705625, 2.697798 ], [ 14.705693, 2.697279 ], [ 14.706514, 2.696636 ], [ 14.707288, 2.695717 ], [ 14.707413, 2.695557 ], [ 14.707788, 2.695074 ], [ 14.707878, 2.694249 ], [ 14.707876, 2.693331 ], [ 14.708057, 2.692459 ], [ 14.708566, 2.692031 ], [ 14.708604, 2.691999 ], [ 14.709517, 2.692182 ], [ 14.710157, 2.69264 ], [ 14.711139, 2.693258 ], [ 14.711939, 2.693693 ], [ 14.712756, 2.693608 ], [ 14.712829, 2.6936 ], [ 14.713078, 2.692453 ], [ 14.712803, 2.691765 ], [ 14.712436, 2.690894 ], [ 14.712161, 2.69016 ], [ 14.711542, 2.689106 ], [ 14.710924, 2.68828 ], [ 14.710376, 2.687547 ], [ 14.710602, 2.686858 ], [ 14.710966, 2.686124 ], [ 14.711238, 2.684953 ], [ 14.711373, 2.683737 ], [ 14.711325, 2.68282 ], [ 14.711005, 2.681994 ], [ 14.710591, 2.680894 ], [ 14.709996, 2.679977 ], [ 14.709629, 2.679105 ], [ 14.709239, 2.677707 ], [ 14.709472, 2.676939 ], [ 14.70958, 2.676582 ], [ 14.709852, 2.675985 ], [ 14.71049, 2.675434 ], [ 14.711174, 2.675066 ], [ 14.711812, 2.674927 ], [ 14.712589, 2.674927 ], [ 14.713592, 2.674513 ], [ 14.714454, 2.673818 ], [ 14.714503, 2.673777 ], [ 14.714866, 2.672813 ], [ 14.71497, 2.672232 ], [ 14.715047, 2.671804 ], [ 14.715426, 2.671345 ], [ 14.71573, 2.670977 ], [ 14.715136, 2.670427 ], [ 14.714314, 2.670245 ], [ 14.71372, 2.66997 ], [ 14.713035, 2.669742 ], [ 14.712396, 2.669238 ], [ 14.712349, 2.668549 ], [ 14.712599, 2.667875 ], [ 14.712621, 2.667815 ], [ 14.712984, 2.66708 ], [ 14.713805, 2.666804 ], [ 14.714855, 2.666574 ], [ 14.715768, 2.666573 ], [ 14.716726, 2.666663 ], [ 14.717594, 2.666938 ], [ 14.718416, 2.667395 ], [ 14.719353, 2.668243 ], [ 14.72045, 2.669389 ], [ 14.721516, 2.670121 ], [ 14.721617, 2.67019 ], [ 14.72207, 2.669318 ], [ 14.722291, 2.668521 ], [ 14.722388, 2.668171 ], [ 14.722575, 2.667936 ], [ 14.722752, 2.667712 ], [ 14.723117, 2.667252 ], [ 14.723846, 2.666609 ], [ 14.724436, 2.666317 ], [ 14.724963, 2.666057 ], [ 14.725577, 2.665322 ], [ 14.725576, 2.664451 ], [ 14.725528, 2.663671 ], [ 14.725459, 2.662776 ], [ 14.725344, 2.66136 ], [ 14.725342, 2.661331 ], [ 14.72566, 2.660551 ], [ 14.725688, 2.66049 ], [ 14.726115, 2.659541 ], [ 14.726295, 2.65844 ], [ 14.726476, 2.657659 ], [ 14.726338, 2.656742 ], [ 14.726063, 2.656146 ], [ 14.726059, 2.654632 ], [ 14.725874, 2.653347 ], [ 14.726137, 2.653048 ], [ 14.726558, 2.652567 ], [ 14.726897, 2.652358 ], [ 14.727324, 2.652095 ], [ 14.727379, 2.652061 ], [ 14.727925, 2.651647 ], [ 14.728747, 2.651417 ], [ 14.729614, 2.651737 ], [ 14.730209, 2.652563 ], [ 14.730645, 2.653571 ], [ 14.730921, 2.654718 ], [ 14.731219, 2.655773 ], [ 14.731904, 2.656185 ], [ 14.732103, 2.656173 ], [ 14.732657, 2.656138 ], [ 14.732861, 2.655221 ], [ 14.732904, 2.654303 ], [ 14.733017, 2.652972 ], [ 14.73322, 2.651917 ], [ 14.733628, 2.65054 ], [ 14.733754, 2.650322 ], [ 14.734265, 2.649438 ], [ 14.734675, 2.648933 ], [ 14.735222, 2.648473 ], [ 14.735951, 2.647968 ], [ 14.736325, 2.64764 ], [ 14.736998, 2.647049 ], [ 14.737682, 2.646314 ], [ 14.738228, 2.645671 ], [ 14.73841, 2.644983 ], [ 14.738362, 2.644157 ], [ 14.738225, 2.643377 ], [ 14.737949, 2.642689 ], [ 14.737491, 2.641772 ], [ 14.737124, 2.641085 ], [ 14.736758, 2.640259 ], [ 14.736756, 2.639387 ], [ 14.737074, 2.638516 ], [ 14.737346, 2.63746 ], [ 14.737552, 2.636544 ], [ 14.737573, 2.63645 ], [ 14.737799, 2.635303 ], [ 14.738209, 2.634614 ], [ 14.738288, 2.634487 ], [ 14.738663, 2.63388 ], [ 14.739529, 2.633099 ], [ 14.739575, 2.633056 ], [ 14.74003, 2.632639 ], [ 14.740851, 2.632501 ], [ 14.741855, 2.632362 ], [ 14.742586, 2.632407 ], [ 14.743316, 2.632682 ], [ 14.744048, 2.633277 ], [ 14.744459, 2.63424 ], [ 14.74478, 2.634928 ], [ 14.744965, 2.635616 ], [ 14.745423, 2.636442 ], [ 14.745606, 2.637175 ], [ 14.745744, 2.637909 ], [ 14.745883, 2.638643 ], [ 14.746021, 2.639652 ], [ 14.746251, 2.640478 ], [ 14.746572, 2.641028 ], [ 14.747257, 2.64167 ], [ 14.747987, 2.642128 ], [ 14.748328, 2.642036 ], [ 14.748672, 2.641943 ], [ 14.749446, 2.641002 ], [ 14.750175, 2.640198 ], [ 14.75063, 2.639693 ], [ 14.751084, 2.638569 ], [ 14.751584, 2.637398 ], [ 14.751892, 2.636776 ], [ 14.752038, 2.63648 ], [ 14.752133, 2.636316 ], [ 14.752676, 2.635378 ], [ 14.752903, 2.63446 ], [ 14.753174, 2.633015 ], [ 14.753399, 2.631615 ], [ 14.753625, 2.630422 ], [ 14.753852, 2.62955 ], [ 14.753888, 2.629482 ], [ 14.754215, 2.628861 ], [ 14.754855, 2.628723 ], [ 14.755539, 2.628814 ], [ 14.75627, 2.629135 ], [ 14.757091, 2.629455 ], [ 14.757686, 2.629867 ], [ 14.758279, 2.630142 ], [ 14.75901, 2.630416 ], [ 14.760037, 2.630667 ], [ 14.761246, 2.630643 ], [ 14.761885, 2.630275 ], [ 14.762615, 2.630137 ], [ 14.76355, 2.630113 ], [ 14.764394, 2.629722 ], [ 14.764665, 2.628598 ], [ 14.764526, 2.627336 ], [ 14.764571, 2.626602 ], [ 14.764661, 2.62596 ], [ 14.764933, 2.624996 ], [ 14.765616, 2.624261 ], [ 14.766345, 2.623847 ], [ 14.767256, 2.623342 ], [ 14.768122, 2.622607 ], [ 14.768897, 2.62201 ], [ 14.76949, 2.621734 ], [ 14.769626, 2.621091 ], [ 14.770171, 2.619806 ], [ 14.771036, 2.618566 ], [ 14.771628, 2.618107 ], [ 14.772174, 2.617418 ], [ 14.772082, 2.616501 ], [ 14.771943, 2.615721 ], [ 14.771713, 2.614987 ], [ 14.771576, 2.614208 ], [ 14.771757, 2.613473 ], [ 14.772303, 2.612876 ], [ 14.772713, 2.612233 ], [ 14.77294, 2.611637 ], [ 14.773006, 2.610375 ], [ 14.773209, 2.609068 ], [ 14.773345, 2.608242 ], [ 14.773571, 2.607255 ], [ 14.773888, 2.606222 ], [ 14.774206, 2.605259 ], [ 14.774159, 2.604249 ], [ 14.773792, 2.603424 ], [ 14.773425, 2.602461 ], [ 14.773288, 2.601819 ], [ 14.772874, 2.600672 ], [ 14.772599, 2.599572 ], [ 14.772802, 2.598402 ], [ 14.772913, 2.597048 ], [ 14.772822, 2.596268 ], [ 14.772775, 2.595534 ], [ 14.772498, 2.594571 ], [ 14.77236, 2.59347 ], [ 14.772587, 2.592828 ], [ 14.773407, 2.59223 ], [ 14.774227, 2.591725 ], [ 14.774636, 2.590899 ], [ 14.774956, 2.590256 ], [ 14.775318, 2.589247 ], [ 14.775773, 2.588512 ], [ 14.776411, 2.588052 ], [ 14.77705, 2.587731 ], [ 14.777688, 2.587409 ], [ 14.778281, 2.586812 ], [ 14.778164, 2.585734 ], [ 14.77782, 2.584702 ], [ 14.777591, 2.584106 ], [ 14.777362, 2.583326 ], [ 14.777406, 2.582592 ], [ 14.777085, 2.581767 ], [ 14.77681, 2.580987 ], [ 14.776809, 2.580345 ], [ 14.776762, 2.579473 ], [ 14.776441, 2.578831 ], [ 14.775936, 2.577318 ], [ 14.775844, 2.576675 ], [ 14.776254, 2.576079 ], [ 14.776937, 2.575573 ], [ 14.777804, 2.575114 ], [ 14.778442, 2.574838 ], [ 14.778988, 2.574011 ], [ 14.779215, 2.573277 ], [ 14.779167, 2.572039 ], [ 14.779212, 2.571396 ], [ 14.77937, 2.57041 ], [ 14.779709, 2.56901 ], [ 14.780119, 2.568276 ], [ 14.781029, 2.567174 ], [ 14.781759, 2.566256 ], [ 14.782305, 2.565567 ], [ 14.782714, 2.564695 ], [ 14.782894, 2.563823 ], [ 14.782893, 2.563043 ], [ 14.783096, 2.561758 ], [ 14.783437, 2.560795 ], [ 14.783846, 2.559968 ], [ 14.7843, 2.559096 ], [ 14.784345, 2.558225 ], [ 14.78391, 2.557262 ], [ 14.784275, 2.555846 ], [ 14.78415, 2.555064 ], [ 14.784257, 2.554102 ], [ 14.784408, 2.553233 ], [ 14.783562, 2.551842 ], [ 14.783032, 2.550686 ], [ 14.782268, 2.549939 ], [ 14.781639, 2.549195 ], [ 14.781058, 2.548451 ], [ 14.779978, 2.547423 ], [ 14.779397, 2.546588 ], [ 14.778908, 2.545754 ], [ 14.778465, 2.544874 ], [ 14.778159, 2.543997 ], [ 14.778225, 2.542713 ], [ 14.778243, 2.541612 ], [ 14.779069, 2.54135 ], [ 14.780294, 2.541967 ], [ 14.781471, 2.542583 ], [ 14.782197, 2.542962 ], [ 14.783019, 2.542976 ], [ 14.783943, 2.542303 ], [ 14.785456, 2.542052 ], [ 14.786729, 2.542395 ], [ 14.788144, 2.542556 ], [ 14.789204, 2.541976 ], [ 14.78999, 2.541393 ], [ 14.790508, 2.540438 ], [ 14.790983, 2.539298 ], [ 14.791183, 2.538246 ], [ 14.791423, 2.537562 ], [ 14.791755, 2.536787 ], [ 14.792226, 2.535877 ], [ 14.792651, 2.535058 ], [ 14.793163, 2.53447 ], [ 14.793727, 2.533469 ], [ 14.794646, 2.533118 ], [ 14.795701, 2.532882 ], [ 14.797168, 2.532608 ], [ 14.797947, 2.532529 ], [ 14.798769, 2.532497 ], [ 14.799685, 2.532421 ], [ 14.800692, 2.532299 ], [ 14.801479, 2.531624 ], [ 14.802274, 2.530444 ], [ 14.802748, 2.529396 ], [ 14.802761, 2.528662 ], [ 14.802269, 2.527965 ], [ 14.801505, 2.527173 ], [ 14.800735, 2.526701 ], [ 14.799784, 2.526181 ], [ 14.798514, 2.525609 ], [ 14.797697, 2.525229 ], [ 14.79679, 2.524801 ], [ 14.795886, 2.524235 ], [ 14.794349, 2.5232 ], [ 14.793671, 2.52273 ], [ 14.793456, 2.521854 ], [ 14.793469, 2.521074 ], [ 14.793539, 2.519562 ], [ 14.793508, 2.518643 ], [ 14.793384, 2.517815 ], [ 14.793405, 2.51653 ], [ 14.791935, 2.517057 ], [ 14.791236, 2.517871 ], [ 14.790499, 2.518226 ], [ 14.78981, 2.518491 ], [ 14.789821, 2.517756 ], [ 14.790016, 2.516979 ], [ 14.790396, 2.516113 ], [ 14.790908, 2.515525 ], [ 14.791614, 2.514206 ], [ 14.793258, 2.514279 ], [ 14.79414, 2.513422 ], [ 14.794338, 2.512461 ], [ 14.794721, 2.511412 ], [ 14.795006, 2.510728 ], [ 14.796468, 2.510706 ], [ 14.797746, 2.510819 ], [ 14.797806, 2.509948 ], [ 14.798004, 2.508942 ], [ 14.798198, 2.508257 ], [ 14.799559, 2.508876 ], [ 14.800517, 2.508984 ], [ 14.801337, 2.509135 ], [ 14.802067, 2.509193 ], [ 14.803263, 2.508708 ], [ 14.804463, 2.507947 ], [ 14.80529, 2.507685 ], [ 14.806072, 2.507331 ], [ 14.807221, 2.506983 ], [ 14.808, 2.506858 ], [ 14.809366, 2.50711 ], [ 14.810138, 2.507398 ], [ 14.811459, 2.507695 ], [ 14.812829, 2.507672 ], [ 14.813511, 2.507913 ], [ 14.814375, 2.508202 ], [ 14.815412, 2.509045 ], [ 14.815999, 2.509468 ], [ 14.81741, 2.509813 ], [ 14.818321, 2.509965 ], [ 14.819085, 2.510804 ], [ 14.819557, 2.509894 ], [ 14.819706, 2.509116 ], [ 14.819581, 2.50838 ], [ 14.819328, 2.506999 ], [ 14.819665, 2.505995 ], [ 14.819913, 2.504714 ], [ 14.820112, 2.503753 ], [ 14.820889, 2.50372 ], [ 14.821535, 2.503364 ], [ 14.822417, 2.50246 ], [ 14.823285, 2.502475 ], [ 14.823864, 2.503448 ], [ 14.824769, 2.503968 ], [ 14.82537, 2.503565 ], [ 14.825567, 2.502604 ], [ 14.825121, 2.502 ], [ 14.824682, 2.500892 ], [ 14.825112, 2.499706 ], [ 14.826485, 2.49959 ], [ 14.827312, 2.499283 ], [ 14.828189, 2.498701 ], [ 14.828748, 2.498022 ], [ 14.829396, 2.497527 ], [ 14.829226, 2.496744 ], [ 14.828447, 2.496869 ], [ 14.827713, 2.497087 ], [ 14.82698, 2.497212 ], [ 14.826249, 2.497154 ], [ 14.82557, 2.49673 ], [ 14.825086, 2.495621 ], [ 14.82515, 2.494474 ], [ 14.82535, 2.493422 ], [ 14.825864, 2.492696 ], [ 14.826058, 2.491965 ], [ 14.825431, 2.491221 ], [ 14.82475, 2.490888 ], [ 14.823659, 2.490595 ], [ 14.822655, 2.490487 ], [ 14.821417, 2.490203 ], [ 14.820344, 2.489837 ], [ 14.819089, 2.489494 ], [ 14.818223, 2.48938 ], [ 14.817264, 2.489656 ], [ 14.816307, 2.489978 ], [ 14.815304, 2.490346 ], [ 14.814346, 2.49076 ], [ 14.813709, 2.491036 ], [ 14.812887, 2.491266 ], [ 14.812158, 2.49145 ], [ 14.811382, 2.491267 ], [ 14.811062, 2.490671 ], [ 14.810695, 2.490029 ], [ 14.810056, 2.489387 ], [ 14.809416, 2.489113 ], [ 14.809688, 2.487966 ], [ 14.809869, 2.487094 ], [ 14.810004, 2.486039 ], [ 14.809957, 2.484984 ], [ 14.810001, 2.48402 ], [ 14.810229, 2.483378 ], [ 14.810774, 2.482597 ], [ 14.811337, 2.481586 ], [ 14.811618, 2.480622 ], [ 14.811549, 2.479244 ], [ 14.811794, 2.478193 ], [ 14.812083, 2.477279 ], [ 14.81269, 2.476417 ], [ 14.813304, 2.475234 ], [ 14.813997, 2.474741 ], [ 14.815199, 2.473843 ], [ 14.81613, 2.472803 ], [ 14.816644, 2.472123 ], [ 14.817112, 2.471442 ], [ 14.817532, 2.470852 ], [ 14.817735, 2.469571 ], [ 14.816739, 2.46905 ], [ 14.816007, 2.469038 ], [ 14.814856, 2.469615 ], [ 14.813841, 2.470241 ], [ 14.813, 2.471329 ], [ 14.812669, 2.472058 ], [ 14.811661, 2.47227 ], [ 14.810984, 2.471709 ], [ 14.810906, 2.470835 ], [ 14.810877, 2.469871 ], [ 14.811717, 2.468738 ], [ 14.812637, 2.46834 ], [ 14.81315, 2.467706 ], [ 14.814169, 2.466896 ], [ 14.814366, 2.465982 ], [ 14.814023, 2.464553 ], [ 14.81358, 2.463674 ], [ 14.814099, 2.462673 ], [ 14.814877, 2.462594 ], [ 14.815743, 2.462746 ], [ 14.816703, 2.46267 ], [ 14.817625, 2.462227 ], [ 14.818185, 2.461501 ], [ 14.818568, 2.460361 ], [ 14.819145, 2.45858 ], [ 14.819385, 2.457804 ], [ 14.820229, 2.456533 ], [ 14.820933, 2.455351 ], [ 14.821937, 2.45546 ], [ 14.821957, 2.456761 ], [ 14.822277, 2.457311 ], [ 14.823077, 2.457815 ], [ 14.824558, 2.457378 ], [ 14.825379, 2.45685 ], [ 14.825788, 2.456299 ], [ 14.825969, 2.455129 ], [ 14.826059, 2.454051 ], [ 14.826468, 2.453454 ], [ 14.826786, 2.452858 ], [ 14.827607, 2.452261 ], [ 14.82861, 2.451939 ], [ 14.829341, 2.452213 ], [ 14.830186, 2.452969 ], [ 14.83135, 2.453725 ], [ 14.832264, 2.453816 ], [ 14.832993, 2.453495 ], [ 14.833631, 2.453081 ], [ 14.834177, 2.45253 ], [ 14.835271, 2.451933 ], [ 14.836274, 2.45129 ], [ 14.837004, 2.450968 ], [ 14.837732, 2.450509 ], [ 14.83828, 2.450187 ], [ 14.83901, 2.450049 ], [ 14.839647, 2.449452 ], [ 14.84001, 2.448718 ], [ 14.84001, 2.447984 ], [ 14.839735, 2.447388 ], [ 14.839391, 2.446517 ], [ 14.839916, 2.44592 ], [ 14.840896, 2.445988 ], [ 14.842128, 2.446239 ], [ 14.842972, 2.446009 ], [ 14.843016, 2.445229 ], [ 14.842741, 2.444174 ], [ 14.842328, 2.443074 ], [ 14.84219, 2.442248 ], [ 14.842098, 2.441514 ], [ 14.842644, 2.440963 ], [ 14.843284, 2.44133 ], [ 14.844174, 2.442246 ], [ 14.845135, 2.443186 ], [ 14.846094, 2.444126 ], [ 14.846848, 2.444859 ], [ 14.847738, 2.445294 ], [ 14.848719, 2.44527 ], [ 14.849539, 2.444948 ], [ 14.850628, 2.444275 ], [ 14.850275, 2.443489 ], [ 14.849922, 2.442703 ], [ 14.849757, 2.441599 ], [ 14.849407, 2.440675 ], [ 14.848877, 2.439519 ], [ 14.849168, 2.438469 ], [ 14.850004, 2.43761 ], [ 14.851204, 2.43685 ], [ 14.852088, 2.435855 ], [ 14.852601, 2.435221 ], [ 14.854115, 2.434787 ], [ 14.854672, 2.434245 ], [ 14.855557, 2.433204 ], [ 14.855892, 2.432292 ], [ 14.856178, 2.431517 ], [ 14.856643, 2.430973 ], [ 14.857331, 2.430893 ], [ 14.858201, 2.430724 ], [ 14.859119, 2.430417 ], [ 14.860312, 2.430162 ], [ 14.86127, 2.430224 ], [ 14.862001, 2.430236 ], [ 14.862424, 2.429508 ], [ 14.862671, 2.428365 ], [ 14.862412, 2.427443 ], [ 14.862109, 2.426337 ], [ 14.861672, 2.425136 ], [ 14.861226, 2.424486 ], [ 14.860779, 2.423836 ], [ 14.860424, 2.423188 ], [ 14.860119, 2.422265 ], [ 14.860177, 2.421486 ], [ 14.861691, 2.421006 ], [ 14.862371, 2.421384 ], [ 14.863102, 2.421396 ], [ 14.864659, 2.421146 ], [ 14.865361, 2.420148 ], [ 14.86583, 2.419422 ], [ 14.86607, 2.418692 ], [ 14.866635, 2.417646 ], [ 14.867102, 2.417011 ], [ 14.867441, 2.415777 ], [ 14.867913, 2.414821 ], [ 14.868469, 2.414325 ], [ 14.869207, 2.413925 ], [ 14.870534, 2.413808 ], [ 14.871494, 2.413733 ], [ 14.872273, 2.413608 ], [ 14.873374, 2.413396 ], [ 14.874433, 2.412863 ], [ 14.875665, 2.412975 ], [ 14.876771, 2.412305 ], [ 14.877783, 2.411908 ], [ 14.878024, 2.411178 ], [ 14.878174, 2.410309 ], [ 14.878596, 2.409627 ], [ 14.879115, 2.408626 ], [ 14.879873, 2.40694 ], [ 14.881206, 2.406458 ], [ 14.882254, 2.406613 ], [ 14.882972, 2.40745 ], [ 14.883234, 2.408235 ], [ 14.883812, 2.409208 ], [ 14.884213, 2.409857 ], [ 14.884834, 2.411015 ], [ 14.885417, 2.411713 ], [ 14.886147, 2.41177 ], [ 14.887202, 2.411558 ], [ 14.888164, 2.411298 ], [ 14.889133, 2.410764 ], [ 14.890373, 2.410371 ], [ 14.891242, 2.41015 ], [ 14.891263, 2.410145 ], [ 14.891314, 2.410132 ], [ 14.891266, 2.410148 ], [ 14.891319, 2.410212 ], [ 14.891321, 2.410215 ], [ 14.893986, 2.409681 ], [ 14.89523, 2.409612 ], [ 14.896405, 2.409682 ], [ 14.897372, 2.40996 ], [ 14.89827, 2.410447 ], [ 14.898272, 2.410449 ], [ 14.898754, 2.411003 ], [ 14.899998, 2.412394 ], [ 14.900343, 2.413158 ], [ 14.901172, 2.413297 ], [ 14.901725, 2.413506 ], [ 14.902347, 2.413993 ], [ 14.9029, 2.414549 ], [ 14.903383, 2.415383 ], [ 14.903798, 2.416148 ], [ 14.904005, 2.417191 ], [ 14.904489, 2.417817 ], [ 14.90518, 2.418581 ], [ 14.905594, 2.419068 ], [ 14.906285, 2.419555 ], [ 14.907045, 2.420042 ], [ 14.907736, 2.420459 ], [ 14.908635, 2.420876 ], [ 14.909464, 2.421016 ], [ 14.910362, 2.420877 ], [ 14.911467, 2.420599 ], [ 14.912365, 2.420113 ], [ 14.914215, 2.419418 ], [ 14.915044, 2.419141 ], [ 14.916149, 2.418724 ], [ 14.917254, 2.417682 ], [ 14.918291, 2.41657 ], [ 14.918568, 2.416203 ], [ 14.91907, 2.415844 ], [ 14.919627, 2.415302 ], [ 14.920364, 2.414901 ], [ 14.920809, 2.414624 ], [ 14.920985, 2.414624 ], [ 14.921607, 2.414763 ], [ 14.922643, 2.415181 ], [ 14.923679, 2.415737 ], [ 14.924439, 2.416224 ], [ 14.925218, 2.41615 ], [ 14.92569, 2.416228 ], [ 14.926652, 2.41606 ], [ 14.927333, 2.415969 ], [ 14.928032, 2.416086 ], [ 14.929345, 2.416434 ], [ 14.929967, 2.416712 ], [ 14.931003, 2.416782 ], [ 14.931487, 2.416643 ], [ 14.931637, 2.416522 ], [ 14.932454, 2.416109 ], [ 14.932381, 2.414869 ], [ 14.932165, 2.414177 ], [ 14.931586, 2.413203 ], [ 14.930827, 2.41209 ], [ 14.931123, 2.410718 ], [ 14.931741, 2.410468 ], [ 14.931831, 2.410457 ], [ 14.932177, 2.410457 ], [ 14.932522, 2.410527 ], [ 14.933006, 2.410874 ], [ 14.934786, 2.411362 ], [ 14.936513, 2.412057 ], [ 14.937964, 2.412405 ], [ 14.939415, 2.413101 ], [ 14.940037, 2.413587 ], [ 14.940314, 2.414491 ], [ 14.940728, 2.415742 ], [ 14.941143, 2.416924 ], [ 14.941074, 2.418314 ], [ 14.940936, 2.419357 ], [ 14.939693, 2.421581 ], [ 14.938933, 2.422484 ], [ 14.93838, 2.42304 ], [ 14.938104, 2.423735 ], [ 14.938311, 2.424083 ], [ 14.938657, 2.424291 ], [ 14.939348, 2.424291 ], [ 14.9399, 2.424083 ], [ 14.940453, 2.423666 ], [ 14.940593, 2.42349 ], [ 14.941006, 2.422971 ], [ 14.941558, 2.422415 ], [ 14.941973, 2.422276 ], [ 14.94253, 2.422277 ], [ 14.942595, 2.422277 ], [ 14.943631, 2.422555 ], [ 14.944667, 2.422486 ], [ 14.945358, 2.422416 ], [ 14.94598, 2.422138 ], [ 14.946453, 2.421663 ], [ 14.946671, 2.421444 ], [ 14.947362, 2.420471 ], [ 14.947845, 2.419498 ], [ 14.948812, 2.416718 ], [ 14.949365, 2.416162 ], [ 14.949848, 2.415606 ], [ 14.950263, 2.415189 ], [ 14.950884, 2.414841 ], [ 14.950992, 2.414829 ], [ 14.951506, 2.414772 ], [ 14.952266, 2.414911 ], [ 14.953303, 2.415259 ], [ 14.953815, 2.415468 ], [ 14.954201, 2.416093 ], [ 14.954783, 2.41658 ], [ 14.955099, 2.416719 ], [ 14.955543, 2.417345 ], [ 14.956579, 2.417832 ], [ 14.957408, 2.41811 ], [ 14.959066, 2.418111 ], [ 14.959688, 2.418458 ], [ 14.960587, 2.419154 ], [ 14.961209, 2.420057 ], [ 14.961969, 2.420544 ], [ 14.96266, 2.4211 ], [ 14.963558, 2.421448 ], [ 14.964456, 2.421379 ], [ 14.965185, 2.421379 ], [ 14.965449, 2.421421 ], [ 14.966406, 2.42162 ], [ 14.966658, 2.421634 ], [ 14.967703, 2.422005 ], [ 14.9695, 2.422492 ], [ 14.970605, 2.42291 ], [ 14.97178, 2.423397 ], [ 14.972678, 2.424092 ], [ 14.973714, 2.424648 ], [ 14.974336, 2.425482 ], [ 14.974889, 2.426386 ], [ 14.975442, 2.427499 ], [ 14.975857, 2.428194 ], [ 14.975926, 2.429097 ], [ 14.9759, 2.429492 ], [ 14.975821, 2.429791 ], [ 14.975457, 2.430755 ], [ 14.975139, 2.431443 ], [ 14.974731, 2.43204 ], [ 14.974184, 2.43282 ], [ 14.973775, 2.43337 ], [ 14.973547, 2.433967 ], [ 14.973594, 2.434746 ], [ 14.973778, 2.435526 ], [ 14.973962, 2.436489 ], [ 14.97378, 2.437177 ], [ 14.973417, 2.437957 ], [ 14.973281, 2.438874 ], [ 14.973281, 2.438874 ], [ 14.973284, 2.439929 ], [ 14.973466, 2.440479 ], [ 14.973741, 2.441213 ], [ 14.973741, 2.441213 ], [ 14.974335, 2.441762 ], [ 14.974586, 2.4419 ], [ 14.974693, 2.441926 ], [ 14.974733, 2.44198 ], [ 14.974753, 2.442007 ], [ 14.975099, 2.442424 ], [ 14.975928, 2.442563 ], [ 14.97731, 2.442981 ], [ 14.978129, 2.443444 ], [ 14.978353, 2.44373 ], [ 14.978628, 2.444418 ], [ 14.979085, 2.445243 ], [ 14.97936, 2.445839 ], [ 14.979975, 2.446785 ], [ 14.980091, 2.446962 ], [ 14.980035, 2.446923 ] ] ], [ [ [ 14.980091, 2.446962 ], [ 14.981095, 2.447305 ], [ 14.980619, 2.447193 ], [ 14.980521, 2.44717 ], [ 14.980319, 2.447122 ], [ 14.980091, 2.446962 ] ] ], [ [ [ 14.891497, 2.410071 ], [ 14.892441, 2.409579 ], [ 14.891792, 2.409972 ], [ 14.891497, 2.410071 ] ] ] ] } },
{ "type": "Feature", "properties": { "tg_type": "FON.AIRE_PROTEGEE", "nom": "Vallée du Mbéré", "source_id": "00676C4F-8A51-429C-8CD2-D79C87CC232A", "source": "MINFOF_WRI_ATLAS_FORESTIER_SIG_2018", "statut": "IMPORTE", "date_source": "2018-01-15", "regime_tg": "AIRE_PROTEGEE", "categorie": "aire_protegee", "desc_type": "Parc national", "cat_uicn": "II", "wdpaid": 308637.0, "statu_crea": "cree", "statu_amgt": "non_amenage", "date_prop": null, "date_crea": "2004-02-04", "date_amgt": null, "sup_adm_ha": 77760, "sup_sig_ha": 74096.0 }, "geometry": { "type": "MultiPolygon", "coordinates": [ [ [ [ 14.942607, 7.046803 ], [ 15.086371, 7.117651 ], [ 15.086368, 7.117673 ], [ 15.118707, 7.121778 ], [ 15.218751, 7.134459 ], [ 15.2187, 7.134544 ], [ 15.218713, 7.135494 ], [ 15.219448, 7.137217 ], [ 15.220344, 7.139339 ], [ 15.220549, 7.140728 ], [ 15.220121, 7.141197 ], [ 15.218732, 7.141495 ], [ 15.217432, 7.141481 ], [ 15.215728, 7.141442 ], [ 15.212745, 7.142967 ], [ 15.211156, 7.144504 ], [ 15.210553, 7.145719 ], [ 15.209803, 7.147461 ], [ 15.209482, 7.14895 ], [ 15.209232, 7.151057 ], [ 15.209229, 7.153098 ], [ 15.2091, 7.154986 ], [ 15.208903, 7.156443 ], [ 15.208915, 7.15734 ], [ 15.208591, 7.15855 ], [ 15.20858, 7.16054 ], [ 15.208586, 7.160969 ], [ 15.208762, 7.163419 ], [ 15.208419, 7.16621 ], [ 15.208129, 7.167714 ], [ 15.207243, 7.169178 ], [ 15.207023, 7.170515 ], [ 15.207062, 7.171633 ], [ 15.207143, 7.172299 ], [ 15.20733, 7.173796 ], [ 15.20708, 7.174681 ], [ 15.206882, 7.175922 ], [ 15.206321, 7.176715 ], [ 15.20595, 7.177482 ], [ 15.206301, 7.178787 ], [ 15.206858, 7.179446 ], [ 15.207634, 7.180364 ], [ 15.208075, 7.181239 ], [ 15.207843, 7.182474 ], [ 15.208606, 7.183015 ], [ 15.209406, 7.184079 ], [ 15.210669, 7.185049 ], [ 15.212192, 7.185812 ], [ 15.213309, 7.186727 ], [ 15.21402, 7.187675 ], [ 15.214214, 7.189096 ], [ 15.215248, 7.191323 ], [ 15.216525, 7.192751 ], [ 15.218302, 7.194529 ], [ 15.219802, 7.195137 ], [ 15.220263, 7.195941 ], [ 15.221005, 7.197461 ], [ 15.221656, 7.198893 ], [ 15.223011, 7.200227 ], [ 15.223617, 7.201512 ], [ 15.222694, 7.202299 ], [ 15.222356, 7.204014 ], [ 15.222401, 7.207254 ], [ 15.223415, 7.208951 ], [ 15.224145, 7.209571 ], [ 15.225508, 7.210362 ], [ 15.227438, 7.211142 ], [ 15.227872, 7.21186 ], [ 15.229692, 7.213186 ], [ 15.232154, 7.215222 ], [ 15.233171, 7.217099 ], [ 15.228211, 7.219722 ], [ 15.225166, 7.219621 ], [ 15.223715, 7.220505 ], [ 15.222704, 7.222873 ], [ 15.222365, 7.223835 ], [ 15.220977, 7.224376 ], [ 15.217534, 7.223494 ], [ 15.217193, 7.223163 ], [ 15.21487, 7.223481 ], [ 15.212801, 7.224046 ], [ 15.211089, 7.22457 ], [ 15.210849, 7.22536 ], [ 15.211252, 7.225999 ], [ 15.21222, 7.228668 ], [ 15.212305, 7.229668 ], [ 15.214856, 7.2317 ], [ 15.214654, 7.231986 ], [ 15.213439, 7.233062 ], [ 15.211488, 7.234217 ], [ 15.209376, 7.235194 ], [ 15.207386, 7.235109 ], [ 15.205588, 7.234253 ], [ 15.204155, 7.233618 ], [ 15.202805, 7.23411 ], [ 15.20075, 7.234206 ], [ 15.199655, 7.235192 ], [ 15.199288, 7.236439 ], [ 15.198697, 7.238572 ], [ 15.19854, 7.239351 ], [ 15.198406, 7.240035 ], [ 15.198129, 7.240768 ], [ 15.197405, 7.242093 ], [ 15.196449, 7.24311 ], [ 15.194728, 7.244209 ], [ 15.193682, 7.244714 ], [ 15.192971, 7.245238 ], [ 15.192415, 7.245712 ], [ 15.191744, 7.246558 ], [ 15.190976, 7.247262 ], [ 15.189859, 7.247898 ], [ 15.188788, 7.24832 ], [ 15.187729, 7.248836 ], [ 15.186856, 7.248896 ], [ 15.18588, 7.249316 ], [ 15.184896, 7.250023 ], [ 15.184364, 7.250508 ], [ 15.183947, 7.25147 ], [ 15.183729, 7.25241 ], [ 15.183724, 7.252762 ], [ 15.183472, 7.253331 ], [ 15.183545, 7.253924 ], [ 15.183444, 7.255381 ], [ 15.183504, 7.256317 ], [ 15.183307, 7.256913 ], [ 15.183152, 7.257073 ], [ 15.182715, 7.257738 ], [ 15.181853, 7.258556 ], [ 15.181617, 7.259598 ], [ 15.181742, 7.259893 ], [ 15.181941, 7.260178 ], [ 15.182093, 7.260482 ], [ 15.182199, 7.26075 ], [ 15.18227, 7.261166 ], [ 15.18212, 7.261715 ], [ 15.181843, 7.261895 ], [ 15.180859, 7.262567 ], [ 15.180145, 7.262688 ], [ 15.179498, 7.262883 ], [ 15.178709, 7.263617 ], [ 15.178331, 7.264475 ], [ 15.177936, 7.264796 ], [ 15.176709, 7.265378 ], [ 15.176496, 7.265428 ], [ 15.175206, 7.265464 ], [ 15.174103, 7.264978 ], [ 15.172653, 7.264228 ], [ 15.171819, 7.263674 ], [ 15.171129, 7.263424 ], [ 15.170664, 7.263374 ], [ 15.169744, 7.264073 ], [ 15.167939, 7.265832 ], [ 15.166658, 7.265915 ], [ 15.165021, 7.265733 ], [ 15.163156, 7.265823 ], [ 15.162556, 7.265423 ], [ 15.162303, 7.265288 ], [ 15.159244, 7.264337 ], [ 15.156933, 7.263728 ], [ 15.155303, 7.262009 ], [ 15.02936, 7.165558 ], [ 15.019182, 7.157841 ], [ 15.017483, 7.156989 ], [ 15.015772, 7.155263 ], [ 15.014259, 7.154284 ], [ 15.013626, 7.153667 ], [ 15.012982, 7.152302 ], [ 15.012529, 7.151059 ], [ 15.011894, 7.150318 ], [ 15.001239, 7.143525 ], [ 14.998868, 7.140857 ], [ 14.994485, 7.137749 ], [ 14.991132, 7.136484 ], [ 14.979332, 7.136399 ], [ 14.974721, 7.134554 ], [ 14.971008, 7.133174 ], [ 14.961662, 7.129247 ], [ 14.953497, 7.124591 ], [ 14.944633, 7.121015 ], [ 14.939927, 7.116551 ], [ 14.932967, 7.112831 ], [ 14.926227, 7.112323 ], [ 14.918603, 7.112539 ], [ 14.916567, 7.111732 ], [ 14.912723, 7.1094 ], [ 14.910924, 7.108471 ], [ 14.910273, 7.104312 ], [ 14.90193, 7.10418 ], [ 14.892396, 7.104302 ], [ 14.879392, 7.089227 ], [ 14.87297, 7.080855 ], [ 14.866662, 7.08153 ], [ 14.863111, 7.08348 ], [ 14.851808, 7.084933 ], [ 14.842851, 7.083617 ], [ 14.834297, 7.085749 ], [ 14.829326, 7.083787 ], [ 14.815176, 7.07694 ], [ 14.806069, 7.073123 ], [ 14.790822, 7.059619 ], [ 14.781958, 7.056038 ], [ 14.775154, 7.055289 ], [ 14.770699, 7.051653 ], [ 14.764955, 7.040172 ], [ 14.759355, 7.04036 ], [ 14.744883, 7.031487 ], [ 14.735918, 7.029335 ], [ 14.727385, 7.023723 ], [ 14.715826, 7.023864 ], [ 14.708988, 7.020375 ], [ 14.695827, 7.02125 ], [ 14.6761, 7.016369 ], [ 14.666681, 7.016244 ], [ 14.658213, 7.015871 ], [ 14.65022, 7.015371 ], [ 14.647968, 7.01647 ], [ 14.645767, 7.021738 ], [ 14.645694, 7.024187 ], [ 14.646245, 7.026735 ], [ 14.65026, 7.033476 ], [ 14.648545, 7.039453 ], [ 14.649394, 7.040634 ], [ 14.654807, 7.044617 ], [ 14.654362, 7.047243 ], [ 14.647674, 7.056139 ], [ 14.643939, 7.062616 ], [ 14.640083, 7.064212 ], [ 14.6313, 7.067534 ], [ 14.615572, 7.06832 ], [ 14.60924, 7.067206 ], [ 14.605435, 7.068085 ], [ 14.596896, 7.071881 ], [ 14.588355, 7.075558 ], [ 14.586057, 7.072727 ], [ 14.581567, 7.066228 ], [ 14.579032, 7.063757 ], [ 14.575922, 7.062842 ], [ 14.572197, 7.060504 ], [ 14.568601, 7.058879 ], [ 14.564492, 7.058427 ], [ 14.563879, 7.057004 ], [ 14.56518, 7.056155 ], [ 14.567305, 7.054342 ], [ 14.568016, 7.053976 ], [ 14.570995, 7.053822 ], [ 14.573131, 7.052962 ], [ 14.574557, 7.052588 ], [ 14.574549, 7.051873 ], [ 14.575607, 7.050669 ], [ 14.577023, 7.049461 ], [ 14.57856, 7.048371 ], [ 14.580356, 7.048945 ], [ 14.581667, 7.048929 ], [ 14.582728, 7.047963 ], [ 14.582957, 7.047127 ], [ 14.582344, 7.045704 ], [ 14.581147, 7.045242 ], [ 14.581251, 7.04405 ], [ 14.581826, 7.042256 ], [ 14.584208, 7.042108 ], [ 14.58838, 7.042058 ], [ 14.590296, 7.042631 ], [ 14.593387, 7.041998 ], [ 14.596741, 7.043268 ], [ 14.599725, 7.043471 ], [ 14.600548, 7.042627 ], [ 14.602571, 7.042245 ], [ 14.603337, 7.036638 ], [ 14.602402, 7.033134 ], [ 14.601999, 7.029447 ], [ 14.601604, 7.026235 ], [ 14.602252, 7.020628 ], [ 14.602331, 7.017411 ], [ 14.605384, 7.013443 ], [ 14.607017, 7.010446 ], [ 14.61062, 7.012666 ], [ 14.611581, 7.01325 ], [ 14.613257, 7.013826 ], [ 14.614501, 7.016657 ], [ 14.6157, 7.014854 ], [ 14.616254, 7.014287 ], [ 14.617228, 7.01329 ], [ 14.61856, 7.012461 ], [ 14.620277, 7.013037 ], [ 14.622087, 7.01128 ], [ 14.623909, 7.010526 ], [ 14.625712, 7.008228 ], [ 14.625539, 7.007376 ], [ 14.624921, 7.006692 ], [ 14.624954, 7.006041 ], [ 14.627146, 7.005649 ], [ 14.627749, 7.004991 ], [ 14.626238, 7.004562 ], [ 14.625339, 7.004247 ], [ 14.625165, 7.003355 ], [ 14.623688, 7.001304 ], [ 14.624383, 6.999628 ], [ 14.624767, 6.998511 ], [ 14.624119, 6.997487 ], [ 14.624034, 6.997011 ], [ 14.624416, 6.995736 ], [ 14.625356, 6.994612 ], [ 14.625499, 6.993261 ], [ 14.625252, 6.992549 ], [ 14.625483, 6.991911 ], [ 14.626113, 6.991426 ], [ 14.627326, 6.990428 ], [ 14.627874, 6.990603 ], [ 14.62828, 6.99028 ], [ 14.628271, 6.989553 ], [ 14.628265, 6.989053 ], [ 14.629072, 6.988089 ], [ 14.629881, 6.987216 ], [ 14.630777, 6.986068 ], [ 14.630997, 6.985475 ], [ 14.632121, 6.984416 ], [ 14.633301, 6.984174 ], [ 14.634209, 6.983982 ], [ 14.634939, 6.984155 ], [ 14.635359, 6.985059 ], [ 14.635899, 6.984552 ], [ 14.636577, 6.984181 ], [ 14.637355, 6.98458 ], [ 14.638805, 6.984154 ], [ 14.639115, 6.983423 ], [ 14.640165, 6.983774 ], [ 14.641579, 6.984075 ], [ 14.642937, 6.983513 ], [ 14.64365, 6.982232 ], [ 14.644826, 6.981718 ], [ 14.6465, 6.98097 ], [ 14.648139, 6.981087 ], [ 14.649013, 6.981895 ], [ 14.650191, 6.981517 ], [ 14.651105, 6.981824 ], [ 14.651405, 6.980321 ], [ 14.650844, 6.979009 ], [ 14.651824, 6.977361 ], [ 14.65254, 6.976352 ], [ 14.653393, 6.975388 ], [ 14.653887, 6.974882 ], [ 14.654647, 6.973781 ], [ 14.656184, 6.972945 ], [ 14.657312, 6.972249 ], [ 14.657348, 6.971431 ], [ 14.658435, 6.971009 ], [ 14.659525, 6.970859 ], [ 14.66066, 6.970755 ], [ 14.661153, 6.970112 ], [ 14.66155, 6.969108 ], [ 14.661493, 6.968108 ], [ 14.662296, 6.96678 ], [ 14.662925, 6.966182 ], [ 14.663789, 6.966126 ], [ 14.665259, 6.967381 ], [ 14.666946, 6.967679 ], [ 14.668439, 6.967025 ], [ 14.669515, 6.965739 ], [ 14.669777, 6.964827 ], [ 14.670186, 6.964822 ], [ 14.670917, 6.96504 ], [ 14.671372, 6.965035 ], [ 14.671912, 6.964574 ], [ 14.672083, 6.963708 ], [ 14.672629, 6.963702 ], [ 14.673396, 6.963147 ], [ 14.67334, 6.962329 ], [ 14.673155, 6.962013 ], [ 14.673739, 6.961461 ], [ 14.674093, 6.960593 ], [ 14.67426, 6.959364 ], [ 14.675211, 6.95812 ], [ 14.677032, 6.956144 ], [ 14.677966, 6.955233 ], [ 14.678059, 6.953871 ], [ 14.676365, 6.953606 ], [ 14.673723, 6.953133 ], [ 14.672886, 6.952923 ], [ 14.671376, 6.951602 ], [ 14.670202, 6.950804 ], [ 14.668616, 6.950428 ], [ 14.667953, 6.950085 ], [ 14.667223, 6.949698 ], [ 14.666194, 6.949177 ], [ 14.665103, 6.949596 ], [ 14.664822, 6.949883 ], [ 14.663642, 6.949654 ], [ 14.662987, 6.949175 ], [ 14.662169, 6.948698 ], [ 14.660908, 6.948429 ], [ 14.66009, 6.947871 ], [ 14.659391, 6.94719 ], [ 14.658335, 6.947122 ], [ 14.656386, 6.947023 ], [ 14.65529, 6.946996 ], [ 14.653594, 6.947746 ], [ 14.652015, 6.94813 ], [ 14.650544, 6.947296 ], [ 14.649605, 6.946821 ], [ 14.64878, 6.945695 ], [ 14.647968, 6.945745 ], [ 14.647402, 6.945914 ], [ 14.646509, 6.945884 ], [ 14.645079, 6.94513 ], [ 14.643899, 6.944901 ], [ 14.642884, 6.944873 ], [ 14.641877, 6.945493 ], [ 14.640995, 6.946396 ], [ 14.640305, 6.946404 ], [ 14.640013, 6.945718 ], [ 14.63972, 6.944992 ], [ 14.639191, 6.944917 ], [ 14.638535, 6.944316 ], [ 14.637855, 6.945217 ], [ 14.636674, 6.944866 ], [ 14.635894, 6.944145 ], [ 14.63467, 6.943591 ], [ 14.633087, 6.94357 ], [ 14.632313, 6.943336 ], [ 14.631375, 6.943022 ], [ 14.630883, 6.942622 ], [ 14.630304, 6.941696 ], [ 14.630293, 6.940764 ], [ 14.629102, 6.939561 ], [ 14.628808, 6.938794 ], [ 14.627711, 6.938685 ], [ 14.627149, 6.939219 ], [ 14.625852, 6.939356 ], [ 14.62463, 6.939046 ], [ 14.62312, 6.938334 ], [ 14.622163, 6.936358 ], [ 14.62203, 6.935386 ], [ 14.622223, 6.934572 ], [ 14.622809, 6.932658 ], [ 14.621826, 6.93194 ], [ 14.620599, 6.931143 ], [ 14.62014, 6.930053 ], [ 14.620455, 6.929279 ], [ 14.621174, 6.928297 ], [ 14.622127, 6.92646 ], [ 14.622844, 6.925356 ], [ 14.623735, 6.925183 ], [ 14.624719, 6.925983 ], [ 14.625964, 6.924914 ], [ 14.626518, 6.92369 ], [ 14.628058, 6.923469 ], [ 14.62919, 6.923131 ], [ 14.63007, 6.922025 ], [ 14.630629, 6.921288 ], [ 14.631887, 6.921233 ], [ 14.632911, 6.922032 ], [ 14.633594, 6.921456 ], [ 14.635019, 6.921804 ], [ 14.636372, 6.922924 ], [ 14.637467, 6.92283 ], [ 14.6379, 6.921729 ], [ 14.638577, 6.920626 ], [ 14.64029, 6.921376 ], [ 14.641143, 6.921366 ], [ 14.641834, 6.920242 ], [ 14.735439, 6.92402 ], [ 14.735395, 6.924158 ], [ 14.735865, 6.92489 ], [ 14.736286, 6.925346 ], [ 14.737647, 6.925958 ], [ 14.739378, 6.927238 ], [ 14.740822, 6.929172 ], [ 14.741244, 6.929787 ], [ 14.742677, 6.930864 ], [ 14.744981, 6.933024 ], [ 14.746167, 6.933217 ], [ 14.749454, 6.933502 ], [ 14.751171, 6.933599 ], [ 14.753752, 6.934159 ], [ 14.755422, 6.935292 ], [ 14.756341, 6.935458 ], [ 14.758594, 6.935845 ], [ 14.759516, 6.936218 ], [ 14.760416, 6.937242 ], [ 14.76286, 6.938749 ], [ 14.765211, 6.939874 ], [ 14.767449, 6.941413 ], [ 14.76909, 6.942546 ], [ 14.772368, 6.944546 ], [ 14.77472, 6.94573 ], [ 14.775199, 6.946167 ], [ 14.775944, 6.946631 ], [ 14.777312, 6.947176 ], [ 14.77996, 6.948445 ], [ 14.781267, 6.948843 ], [ 14.784689, 6.950456 ], [ 14.78831, 6.951476 ], [ 14.790355, 6.951776 ], [ 14.79429, 6.951817 ], [ 14.795498, 6.951418 ], [ 14.796588, 6.95105 ], [ 14.798822, 6.950432 ], [ 14.800786, 6.950963 ], [ 14.802219, 6.951289 ], [ 14.803493, 6.951617 ], [ 14.806117, 6.952008 ], [ 14.808899, 6.95237 ], [ 14.8098, 6.952491 ], [ 14.811072, 6.952687 ], [ 14.813455, 6.952843 ], [ 14.814401, 6.952355 ], [ 14.815191, 6.952028 ], [ 14.818946, 6.951929 ], [ 14.821729, 6.952423 ], [ 14.824083, 6.952341 ], [ 14.826585, 6.953606 ], [ 14.827524, 6.954678 ], [ 14.829099, 6.955795 ], [ 14.83043, 6.956493 ], [ 14.831439, 6.956824 ], [ 14.833508, 6.957274 ], [ 14.835305, 6.957146 ], [ 14.838033, 6.957403 ], [ 14.839627, 6.957939 ], [ 14.843177, 6.958371 ], [ 14.847014, 6.958482 ], [ 14.848662, 6.959148 ], [ 14.85104, 6.961022 ], [ 14.852369, 6.961534 ], [ 14.854642, 6.961401 ], [ 14.856681, 6.961534 ], [ 14.859109, 6.962378 ], [ 14.859024, 6.963138 ], [ 14.860079, 6.964119 ], [ 14.861301, 6.967042 ], [ 14.862623, 6.970437 ], [ 14.863594, 6.972225 ], [ 14.865223, 6.973626 ], [ 14.866797, 6.974364 ], [ 14.870595, 6.974791 ], [ 14.872728, 6.974764 ], [ 14.875334, 6.974589 ], [ 14.878038, 6.974745 ], [ 14.880221, 6.974907 ], [ 14.883227, 6.976433 ], [ 14.884347, 6.978835 ], [ 14.884991, 6.981007 ], [ 14.887116, 6.984107 ], [ 14.88937, 6.986163 ], [ 14.891337, 6.987986 ], [ 14.891499, 6.989595 ], [ 14.892614, 6.991524 ], [ 14.894407, 6.99458 ], [ 14.898074, 6.995861 ], [ 14.899841, 6.996881 ], [ 14.900282, 6.99806 ], [ 14.899215, 6.999921 ], [ 14.896812, 7.001088 ], [ 14.895292, 7.003824 ], [ 14.942607, 7.046803 ] ] ] ] } },
{ "type": "Feature", "properties": { "tg_type": "FON.AIRE_PROTEGEE", "nom": "Nki", "source_id": "AD22DB09-B9F2-4D24-8EB4-5BF23C7EB4ED", "source": "MINFOF_WRI_ATLAS_FORESTIER_SIG_2018", "statut": "IMPORTE", "date_source": "2018-10-23", "regime_tg": "AIRE_PROTEGEE", "categorie": "aire_protegee", "desc_type": "Parc national", "cat_uicn": "II", "wdpaid": 30674.0, "statu_crea": "cree", "statu_amgt": "amenge", "date_prop": null, "date_crea": "2005-10-06", "date_amgt": "2011-01-01", "sup_adm_ha": 309362, "sup_sig_ha": 312965.0 }, "geometry": { "type": "MultiPolygon", "coordinates": [ [ [ [ 14.608347, 2.754296 ], [ 14.608034, 2.75431 ], [ 14.606657, 2.754372 ], [ 14.605962, 2.754404 ], [ 14.603012, 2.755761 ], [ 14.601395, 2.75692 ], [ 14.600828, 2.758073 ], [ 14.598737, 2.7592 ], [ 14.598149, 2.759516 ], [ 14.597593, 2.759816 ], [ 14.594927, 2.760884 ], [ 14.594264, 2.761846 ], [ 14.59088, 2.762402 ], [ 14.588327, 2.762822 ], [ 14.586448, 2.76313 ], [ 14.585098, 2.763843 ], [ 14.58374, 2.76315 ], [ 14.583006, 2.762775 ], [ 14.579957, 2.761219 ], [ 14.575993, 2.761051 ], [ 14.575195, 2.758918 ], [ 14.57201, 2.756195 ], [ 14.571043, 2.753322 ], [ 14.570078, 2.751024 ], [ 14.568962, 2.750177 ], [ 14.568723, 2.749995 ], [ 14.568068, 2.749498 ], [ 14.567596, 2.749397 ], [ 14.565872, 2.749029 ], [ 14.564668, 2.748477 ], [ 14.563386, 2.747889 ], [ 14.561043, 2.746693 ], [ 14.561028, 2.746685 ], [ 14.561027, 2.746683 ], [ 14.560417, 2.745505 ], [ 14.559081, 2.745415 ], [ 14.559034, 2.745615 ], [ 14.558893, 2.746215 ], [ 14.558694, 2.747061 ], [ 14.55839, 2.746971 ], [ 14.55811, 2.746889 ], [ 14.557917, 2.746832 ], [ 14.557673, 2.746805 ], [ 14.557095, 2.74674 ], [ 14.55585, 2.746741 ], [ 14.555114, 2.746742 ], [ 14.554958, 2.746742 ], [ 14.55477, 2.746742 ], [ 14.554629, 2.746742 ], [ 14.553778, 2.746871 ], [ 14.553716, 2.74688 ], [ 14.553282, 2.746835 ], [ 14.552848, 2.746789 ], [ 14.552072, 2.746698 ], [ 14.551295, 2.746653 ], [ 14.550656, 2.746424 ], [ 14.550016, 2.746194 ], [ 14.54924, 2.745828 ], [ 14.54869, 2.744543 ], [ 14.548232, 2.743671 ], [ 14.547591, 2.742524 ], [ 14.547087, 2.741423 ], [ 14.546721, 2.740413 ], [ 14.546354, 2.739816 ], [ 14.545989, 2.739174 ], [ 14.54544, 2.738578 ], [ 14.54489, 2.737798 ], [ 14.544068, 2.737293 ], [ 14.543337, 2.736973 ], [ 14.542652, 2.736697 ], [ 14.541692, 2.736331 ], [ 14.540869, 2.735872 ], [ 14.540093, 2.735414 ], [ 14.539452, 2.734863 ], [ 14.538264, 2.733946 ], [ 14.537807, 2.733442 ], [ 14.537121, 2.732799 ], [ 14.536527, 2.732433 ], [ 14.535613, 2.732158 ], [ 14.5347, 2.732066 ], [ 14.533832, 2.731929 ], [ 14.532919, 2.731746 ], [ 14.532142, 2.731563 ], [ 14.531456, 2.73138 ], [ 14.530726, 2.731243 ], [ 14.529949, 2.73106 ], [ 14.529154, 2.73102 ], [ 14.529036, 2.731014 ], [ 14.52826, 2.731199 ], [ 14.527485, 2.731566 ], [ 14.526891, 2.731796 ], [ 14.526179, 2.732049 ], [ 14.526116, 2.732072 ], [ 14.52543, 2.731889 ], [ 14.524745, 2.731843 ], [ 14.524015, 2.731844 ], [ 14.523375, 2.731706 ], [ 14.522644, 2.731523 ], [ 14.521997, 2.731361 ], [ 14.521914, 2.73134 ], [ 14.520863, 2.731708 ], [ 14.519722, 2.732168 ], [ 14.518855, 2.732398 ], [ 14.517897, 2.733041 ], [ 14.517897, 2.733041 ], [ 14.516619, 2.733777 ], [ 14.51622, 2.733844 ], [ 14.515798, 2.733915 ], [ 14.514702, 2.734099 ], [ 14.513407, 2.734274 ], [ 14.513333, 2.734284 ], [ 14.512282, 2.734147 ], [ 14.51121, 2.733968 ], [ 14.511185, 2.733964 ], [ 14.510102, 2.734006 ], [ 14.509999, 2.73401 ], [ 14.508857, 2.733919 ], [ 14.508217, 2.733828 ], [ 14.507213, 2.733783 ], [ 14.506573, 2.733783 ], [ 14.506436, 2.733783 ], [ 14.505797, 2.733829 ], [ 14.504838, 2.733876 ], [ 14.504027, 2.733922 ], [ 14.504016, 2.733922 ], [ 14.502966, 2.733923 ], [ 14.502327, 2.733786 ], [ 14.501642, 2.733556 ], [ 14.501047, 2.733328 ], [ 14.500042, 2.733053 ], [ 14.499311, 2.732824 ], [ 14.498306, 2.732411 ], [ 14.497667, 2.732136 ], [ 14.49689, 2.731861 ], [ 14.496113, 2.731678 ], [ 14.495428, 2.73154 ], [ 14.494788, 2.731541 ], [ 14.493921, 2.731358 ], [ 14.493282, 2.731312 ], [ 14.492368, 2.731313 ], [ 14.491501, 2.731313 ], [ 14.490633, 2.731268 ], [ 14.490039, 2.731039 ], [ 14.48908, 2.730856 ], [ 14.488121, 2.730718 ], [ 14.487389, 2.730536 ], [ 14.486704, 2.730261 ], [ 14.485881, 2.729848 ], [ 14.485288, 2.729619 ], [ 14.484511, 2.729389 ], [ 14.48378, 2.729298 ], [ 14.482821, 2.729161 ], [ 14.482045, 2.729024 ], [ 14.480948, 2.728841 ], [ 14.479944, 2.728612 ], [ 14.479549, 2.728423 ], [ 14.478983, 2.728153 ], [ 14.478298, 2.727511 ], [ 14.477612, 2.726869 ], [ 14.476744, 2.726502 ], [ 14.475922, 2.726365 ], [ 14.474871, 2.726182 ], [ 14.474231, 2.725815 ], [ 14.473546, 2.725356 ], [ 14.472768, 2.724897 ], [ 14.4719, 2.724347 ], [ 14.471306, 2.724072 ], [ 14.470354, 2.724072 ], [ 14.47021, 2.724073 ], [ 14.469436, 2.724394 ], [ 14.469434, 2.724394 ], [ 14.468703, 2.724395 ], [ 14.46779, 2.724212 ], [ 14.466602, 2.724212 ], [ 14.465734, 2.724121 ], [ 14.465096, 2.723984 ], [ 14.464428, 2.723477 ], [ 14.463013, 2.723407 ], [ 14.461647, 2.723155 ], [ 14.460418, 2.722905 ], [ 14.458961, 2.722651 ], [ 14.458004, 2.722497 ], [ 14.456547, 2.722244 ], [ 14.455317, 2.722039 ], [ 14.454132, 2.721882 ], [ 14.453557, 2.721789 ], [ 14.453495, 2.721779 ], [ 14.451348, 2.722057 ], [ 14.451301, 2.722063 ], [ 14.450479, 2.722018 ], [ 14.449794, 2.721926 ], [ 14.449143, 2.721796 ], [ 14.449109, 2.721789 ], [ 14.448424, 2.721835 ], [ 14.448304, 2.721804 ], [ 14.447746, 2.721656 ], [ 14.447733, 2.721653 ], [ 14.446762, 2.721535 ], [ 14.446097, 2.721965 ], [ 14.445189, 2.722213 ], [ 14.445101, 2.722196 ], [ 14.442546, 2.721711 ], [ 14.441426, 2.721498 ], [ 14.440662, 2.720916 ], [ 14.440392, 2.72071 ], [ 14.440304, 2.720623 ], [ 14.439887, 2.720207 ], [ 14.439357, 2.719679 ], [ 14.439176, 2.719706 ], [ 14.438014, 2.719886 ], [ 14.436509, 2.720118 ], [ 14.436078, 2.720223 ], [ 14.435774, 2.720713 ], [ 14.434753, 2.72078 ], [ 14.43375, 2.721302 ], [ 14.427556, 2.71925 ], [ 14.426515, 2.720064 ], [ 14.425784, 2.720533 ], [ 14.425137, 2.720909 ], [ 14.424266, 2.721522 ], [ 14.424064, 2.721591 ], [ 14.423516, 2.721729 ], [ 14.42328, 2.72178 ], [ 14.422878, 2.721867 ], [ 14.422055, 2.722006 ], [ 14.421364, 2.72219 ], [ 14.421189, 2.722236 ], [ 14.420549, 2.722374 ], [ 14.420131, 2.722435 ], [ 14.419839, 2.722493 ], [ 14.419558, 2.722596 ], [ 14.417483, 2.723342 ], [ 14.417223, 2.723166 ], [ 14.416369, 2.722473 ], [ 14.415965, 2.722209 ], [ 14.415442, 2.721867 ], [ 14.415381, 2.721768 ], [ 14.412214, 2.720341 ], [ 14.411445, 2.720051 ], [ 14.409685, 2.719513 ], [ 14.407435, 2.717969 ], [ 14.406466, 2.716644 ], [ 14.406348, 2.716526 ], [ 14.406348, 2.716526 ], [ 14.406346, 2.716523 ], [ 14.405668, 2.715841 ], [ 14.402843, 2.714497 ], [ 14.401676, 2.714072 ], [ 14.401297, 2.71363 ], [ 14.400755, 2.712981 ], [ 14.400443, 2.712582 ], [ 14.40008, 2.712144 ], [ 14.398963, 2.710858 ], [ 14.398005, 2.709573 ], [ 14.397846, 2.709412 ], [ 14.397516, 2.709191 ], [ 14.396958, 2.708909 ], [ 14.395235, 2.708768 ], [ 14.394971, 2.708768 ], [ 14.392736, 2.708606 ], [ 14.391153, 2.708606 ], [ 14.389768, 2.708634 ], [ 14.385933, 2.708097 ], [ 14.382891, 2.705659 ], [ 14.378929, 2.700497 ], [ 14.376613, 2.691472 ], [ 14.37562, 2.690812 ], [ 14.375063, 2.689612 ], [ 14.374809, 2.68593 ], [ 14.374995, 2.684899 ], [ 14.375688, 2.683058 ], [ 14.375857, 2.682044 ], [ 14.376245, 2.679527 ], [ 14.376262, 2.678564 ], [ 14.376499, 2.676334 ], [ 14.376397, 2.674662 ], [ 14.376701, 2.67304 ], [ 14.376921, 2.671807 ], [ 14.377191, 2.671131 ], [ 14.376803, 2.670404 ], [ 14.375907, 2.668951 ], [ 14.375088, 2.667422 ], [ 14.373449, 2.665874 ], [ 14.373104, 2.665816 ], [ 14.372412, 2.665901 ], [ 14.368978, 2.668271 ], [ 14.367809, 2.66807 ], [ 14.36717, 2.668116 ], [ 14.366697, 2.668201 ], [ 14.365853, 2.668555 ], [ 14.364582, 2.669088 ], [ 14.364507, 2.669119 ], [ 14.36432, 2.669104 ], [ 14.363929, 2.669129 ], [ 14.363628, 2.66905 ], [ 14.362558, 2.668966 ], [ 14.360897, 2.668115 ], [ 14.360527, 2.66777 ], [ 14.359834, 2.667123 ], [ 14.359321, 2.666645 ], [ 14.358983, 2.666039 ], [ 14.358901, 2.66592 ], [ 14.358581, 2.665323 ], [ 14.358406, 2.665003 ], [ 14.358236, 2.664767 ], [ 14.357855, 2.66413 ], [ 14.357534, 2.663672 ], [ 14.357077, 2.663213 ], [ 14.35684, 2.662874 ], [ 14.353411, 2.659048 ], [ 14.353397, 2.65903 ], [ 14.353189, 2.658855 ], [ 14.352594, 2.65812 ], [ 14.352045, 2.65757 ], [ 14.350665, 2.655972 ], [ 14.351073, 2.649215 ], [ 14.350343, 2.648849 ], [ 14.348078, 2.64783 ], [ 14.344718, 2.647394 ], [ 14.343354, 2.647753 ], [ 14.342714, 2.647661 ], [ 14.342028, 2.64757 ], [ 14.341298, 2.647433 ], [ 14.340521, 2.647204 ], [ 14.339699, 2.646975 ], [ 14.338968, 2.646976 ], [ 14.338113, 2.646774 ], [ 14.337383, 2.646958 ], [ 14.336744, 2.647234 ], [ 14.336294, 2.647432 ], [ 14.335923, 2.647615 ], [ 14.335126, 2.648035 ], [ 14.334126, 2.64824 ], [ 14.332177, 2.648702 ], [ 14.330484, 2.647984 ], [ 14.328174, 2.646544 ], [ 14.327459, 2.645791 ], [ 14.326819, 2.645562 ], [ 14.326134, 2.645333 ], [ 14.325596, 2.644917 ], [ 14.32508, 2.644674 ], [ 14.323661, 2.645443 ], [ 14.322, 2.645795 ], [ 14.320129, 2.644717 ], [ 14.319435, 2.644023 ], [ 14.318643, 2.643308 ], [ 14.317135, 2.642835 ], [ 14.315222, 2.642408 ], [ 14.31301, 2.64171 ], [ 14.31142, 2.641671 ], [ 14.309053, 2.640081 ], [ 14.305252, 2.638607 ], [ 14.300635, 2.636279 ], [ 14.299161, 2.635619 ], [ 14.296, 2.634796 ], [ 14.295975, 2.634798 ], [ 14.294741, 2.634778 ], [ 14.293786, 2.634532 ], [ 14.292285, 2.634115 ], [ 14.288842, 2.632632 ], [ 14.286359, 2.632788 ], [ 14.285266, 2.632966 ], [ 14.283886, 2.633539 ], [ 14.28302, 2.633432 ], [ 14.281973, 2.633185 ], [ 14.281203, 2.632759 ], [ 14.28023, 2.632555 ], [ 14.279609, 2.632012 ], [ 14.278768, 2.630837 ], [ 14.278019, 2.630964 ], [ 14.275981, 2.630744 ], [ 14.27507, 2.630545 ], [ 14.274212, 2.630026 ], [ 14.272352, 2.629123 ], [ 14.270377, 2.628052 ], [ 14.269616, 2.628457 ], [ 14.269563, 2.629396 ], [ 14.269049, 2.630029 ], [ 14.268139, 2.629876 ], [ 14.267288, 2.628852 ], [ 14.266308, 2.627957 ], [ 14.265951, 2.625815 ], [ 14.263191, 2.624102 ], [ 14.26174, 2.62208 ], [ 14.261906, 2.620533 ], [ 14.261775, 2.615322 ], [ 14.26149, 2.614216 ], [ 14.261097, 2.613502 ], [ 14.260827, 2.612634 ], [ 14.259455, 2.612752 ], [ 14.25817, 2.612931 ], [ 14.256842, 2.613232 ], [ 14.255793, 2.614068 ], [ 14.254775, 2.61483 ], [ 14.253344, 2.615724 ], [ 14.252743, 2.616218 ], [ 14.251954, 2.616939 ], [ 14.251123, 2.617429 ], [ 14.250155, 2.618009 ], [ 14.248681, 2.618718 ], [ 14.247162, 2.619426 ], [ 14.246022, 2.619315 ], [ 14.241718, 2.617039 ], [ 14.240621, 2.617112 ], [ 14.238968, 2.617214 ], [ 14.236327, 2.61418 ], [ 14.234471, 2.61418 ], [ 14.23358, 2.614698 ], [ 14.231758, 2.615429 ], [ 14.228832, 2.614894 ], [ 14.228077, 2.614814 ], [ 14.22669, 2.616464 ], [ 14.225155, 2.618249 ], [ 14.223763, 2.618534 ], [ 14.222691, 2.618426 ], [ 14.221766, 2.619222 ], [ 14.219766, 2.619319 ], [ 14.218577, 2.618617 ], [ 14.217716, 2.618235 ], [ 14.216624, 2.617987 ], [ 14.215899, 2.617653 ], [ 14.214582, 2.617126 ], [ 14.21354, 2.616696 ], [ 14.213048, 2.616045 ], [ 14.211863, 2.615795 ], [ 14.21104, 2.615919 ], [ 14.210125, 2.615949 ], [ 14.208997, 2.61515 ], [ 14.207952, 2.614765 ], [ 14.207089, 2.614521 ], [ 14.206131, 2.614367 ], [ 14.204708, 2.614847 ], [ 14.203329, 2.615374 ], [ 14.202, 2.615627 ], [ 14.200907, 2.615379 ], [ 14.200187, 2.61477 ], [ 14.199111, 2.613559 ], [ 14.198571, 2.612999 ], [ 14.197811, 2.612069 ], [ 14.197367, 2.611327 ], [ 14.196876, 2.610585 ], [ 14.195754, 2.609419 ], [ 14.194491, 2.60848 ], [ 14.193769, 2.607871 ], [ 14.193012, 2.607129 ], [ 14.192803, 2.602504 ], [ 14.189547, 2.600208 ], [ 14.188628, 2.598413 ], [ 14.188421, 2.594876 ], [ 14.185613, 2.59296 ], [ 14.184527, 2.592345 ], [ 14.183683, 2.590863 ], [ 14.183195, 2.590029 ], [ 14.181837, 2.589271 ], [ 14.181214, 2.588297 ], [ 14.180732, 2.587051 ], [ 14.177984, 2.585556 ], [ 14.174331, 2.584693 ], [ 14.173468, 2.584403 ], [ 14.172518, 2.58379 ], [ 14.171657, 2.583409 ], [ 14.170066, 2.582969 ], [ 14.169341, 2.582589 ], [ 14.168346, 2.582022 ], [ 14.167766, 2.581186 ], [ 14.16701, 2.579935 ], [ 14.16614, 2.578957 ], [ 14.165549, 2.578523 ], [ 14.164675, 2.577853 ], [ 14.16341, 2.577022 ], [ 14.163543, 2.575925 ], [ 14.163617, 2.574229 ], [ 14.164098, 2.57277 ], [ 14.164392, 2.571536 ], [ 14.164729, 2.570488 ], [ 14.165026, 2.569163 ], [ 14.165685, 2.567936 ], [ 14.165931, 2.566931 ], [ 14.166503, 2.565473 ], [ 14.166839, 2.564516 ], [ 14.167458, 2.562967 ], [ 14.167791, 2.562148 ], [ 14.168311, 2.561102 ], [ 14.168643, 2.560374 ], [ 14.169023, 2.559555 ], [ 14.169443, 2.55892 ], [ 14.170169, 2.558216 ], [ 14.170793, 2.557384 ], [ 14.171624, 2.556893 ], [ 14.172822, 2.556226 ], [ 14.173878, 2.555923 ], [ 14.174613, 2.55566 ], [ 14.175347, 2.555489 ], [ 14.176724, 2.5551 ], [ 14.178054, 2.554756 ], [ 14.179016, 2.554589 ], [ 14.179886, 2.554512 ], [ 14.180896, 2.554208 ], [ 14.181906, 2.553905 ], [ 14.182599, 2.553412 ], [ 14.183159, 2.552734 ], [ 14.183719, 2.552009 ], [ 14.1841, 2.551099 ], [ 14.18439, 2.550095 ], [ 14.18468, 2.549137 ], [ 14.184604, 2.548203 ], [ 14.184467, 2.547555 ], [ 14.18433, 2.546912 ], [ 14.184055, 2.546086 ], [ 14.183438, 2.545029 ], [ 14.182912, 2.544202 ], [ 14.182409, 2.543513 ], [ 14.18202, 2.542848 ], [ 14.181585, 2.542044 ], [ 14.181059, 2.541171 ], [ 14.180487, 2.540069 ], [ 14.180167, 2.539196 ], [ 14.179846, 2.538369 ], [ 14.17948, 2.53768 ], [ 14.17916, 2.537083 ], [ 14.178725, 2.536211 ], [ 14.178427, 2.535338 ], [ 14.178336, 2.534603 ], [ 14.178153, 2.533822 ], [ 14.1779, 2.533041 ], [ 14.17758, 2.531985 ], [ 14.177374, 2.531296 ], [ 14.177191, 2.530561 ], [ 14.17703, 2.529551 ], [ 14.176869, 2.52877 ], [ 14.17687, 2.527989 ], [ 14.177318, 2.524348 ], [ 14.177296, 2.523421 ], [ 14.177406, 2.522323 ], [ 14.177562, 2.521179 ], [ 14.177442, 2.520122 ], [ 14.177463, 2.518884 ], [ 14.17762, 2.517603 ], [ 14.177873, 2.51614 ], [ 14.177856, 2.514443 ], [ 14.177931, 2.512655 ], [ 14.178044, 2.511327 ], [ 14.178065, 2.510044 ], [ 14.178224, 2.508808 ], [ 14.178635, 2.50724 ], [ 14.178901, 2.506481 ], [ 14.179245, 2.505019 ], [ 14.17991, 2.503472 ], [ 14.180245, 2.50256 ], [ 14.180622, 2.501879 ], [ 14.181046, 2.501106 ], [ 14.182084, 2.49906 ], [ 14.182649, 2.498061 ], [ 14.183036, 2.496738 ], [ 14.183388, 2.495733 ], [ 14.183696, 2.494367 ], [ 14.183468, 2.493564 ], [ 14.183101, 2.492806 ], [ 14.182736, 2.492117 ], [ 14.182233, 2.491198 ], [ 14.181273, 2.490257 ], [ 14.18045, 2.489591 ], [ 14.179719, 2.489315 ], [ 14.178394, 2.489085 ], [ 14.177388, 2.488855 ], [ 14.176521, 2.488672 ], [ 14.175881, 2.488534 ], [ 14.174876, 2.488488 ], [ 14.173803, 2.488074 ], [ 14.172637, 2.487707 ], [ 14.171678, 2.486857 ], [ 14.171038, 2.486191 ], [ 14.170443, 2.485755 ], [ 14.169804, 2.485318 ], [ 14.168935, 2.485181 ], [ 14.16793, 2.484951 ], [ 14.167245, 2.484859 ], [ 14.166332, 2.484859 ], [ 14.165144, 2.484675 ], [ 14.164367, 2.484698 ], [ 14.163408, 2.484399 ], [ 14.162471, 2.483687 ], [ 14.161967, 2.482218 ], [ 14.161898, 2.481092 ], [ 14.162057, 2.480128 ], [ 14.162216, 2.479071 ], [ 14.162376, 2.478245 ], [ 14.162626, 2.477555 ], [ 14.163151, 2.476453 ], [ 14.163538, 2.475305 ], [ 14.163903, 2.474065 ], [ 14.163994, 2.473054 ], [ 14.163536, 2.471607 ], [ 14.162599, 2.470413 ], [ 14.161776, 2.469081 ], [ 14.161478, 2.468277 ], [ 14.161295, 2.467312 ], [ 14.161248, 2.46621 ], [ 14.161339, 2.465108 ], [ 14.161567, 2.463822 ], [ 14.161977, 2.462719 ], [ 14.162251, 2.461594 ], [ 14.162478, 2.460469 ], [ 14.162478, 2.459665 ], [ 14.162477, 2.458769 ], [ 14.162431, 2.458126 ], [ 14.16243, 2.457299 ], [ 14.162293, 2.456564 ], [ 14.16211, 2.455646 ], [ 14.161972, 2.454957 ], [ 14.161881, 2.4539 ], [ 14.161742, 2.453028 ], [ 14.161742, 2.452339 ], [ 14.161422, 2.451075 ], [ 14.161238, 2.44995 ], [ 14.161123, 2.449031 ], [ 14.161009, 2.448159 ], [ 14.160962, 2.447171 ], [ 14.160847, 2.445816 ], [ 14.160687, 2.444668 ], [ 14.160526, 2.443887 ], [ 14.160412, 2.442876 ], [ 14.160503, 2.442095 ], [ 14.160387, 2.441085 ], [ 14.160501, 2.439891 ], [ 14.160957, 2.438857 ], [ 14.161551, 2.437916 ], [ 14.162326, 2.436997 ], [ 14.163309, 2.436171 ], [ 14.164016, 2.435757 ], [ 14.164975, 2.435367 ], [ 14.165888, 2.434977 ], [ 14.16671, 2.434563 ], [ 14.167395, 2.434242 ], [ 14.168515, 2.434104 ], [ 14.169816, 2.433875 ], [ 14.170775, 2.43353 ], [ 14.171688, 2.433002 ], [ 14.172236, 2.432543 ], [ 14.17283, 2.4319 ], [ 14.173698, 2.431211 ], [ 14.174359, 2.430384 ], [ 14.175341, 2.430017 ], [ 14.176072, 2.42988 ], [ 14.176757, 2.429834 ], [ 14.177442, 2.429696 ], [ 14.178264, 2.429742 ], [ 14.178904, 2.429972 ], [ 14.179589, 2.430385 ], [ 14.180321, 2.43089 ], [ 14.181006, 2.43135 ], [ 14.1816, 2.431809 ], [ 14.182194, 2.432039 ], [ 14.183283, 2.432336 ], [ 14.184021, 2.432315 ], [ 14.185117, 2.43181 ], [ 14.185962, 2.431465 ], [ 14.186783, 2.430616 ], [ 14.187308, 2.429743 ], [ 14.187491, 2.4291 ], [ 14.187262, 2.428319 ], [ 14.186942, 2.427492 ], [ 14.186713, 2.426803 ], [ 14.186301, 2.426252 ], [ 14.185874, 2.425698 ], [ 14.185204, 2.425058 ], [ 14.184702, 2.424369 ], [ 14.184336, 2.423772 ], [ 14.184107, 2.423175 ], [ 14.18365, 2.422577 ], [ 14.183193, 2.421705 ], [ 14.182758, 2.420694 ], [ 14.182141, 2.419821 ], [ 14.181227, 2.418972 ], [ 14.180496, 2.418397 ], [ 14.179856, 2.41803 ], [ 14.179125, 2.417478 ], [ 14.178348, 2.416927 ], [ 14.177662, 2.41633 ], [ 14.176886, 2.416146 ], [ 14.175972, 2.415733 ], [ 14.175287, 2.415411 ], [ 14.174646, 2.415135 ], [ 14.173573, 2.414561 ], [ 14.172728, 2.414033 ], [ 14.171997, 2.413642 ], [ 14.171082, 2.413068 ], [ 14.170489, 2.4127 ], [ 14.169666, 2.412149 ], [ 14.168798, 2.411322 ], [ 14.168615, 2.410587 ], [ 14.168523, 2.409577 ], [ 14.168431, 2.408635 ], [ 14.168293, 2.407693 ], [ 14.168247, 2.406798 ], [ 14.168338, 2.405902 ], [ 14.168383, 2.405213 ], [ 14.168497, 2.404042 ], [ 14.169068, 2.40287 ], [ 14.169798, 2.401791 ], [ 14.170459, 2.400896 ], [ 14.181991, 2.39743 ], [ 14.182904, 2.397361 ], [ 14.183636, 2.397178 ], [ 14.184274, 2.396948 ], [ 14.185074, 2.396673 ], [ 14.186147, 2.396489 ], [ 14.187312, 2.396443 ], [ 14.18834, 2.396857 ], [ 14.189071, 2.397225 ], [ 14.189574, 2.397638 ], [ 14.190213, 2.398143 ], [ 14.190853, 2.39858 ], [ 14.191584, 2.398879 ], [ 14.192223, 2.399108 ], [ 14.192955, 2.3992 ], [ 14.193685, 2.399246 ], [ 14.194945, 2.399467 ], [ 14.196152, 2.399706 ], [ 14.19702, 2.399844 ], [ 14.197888, 2.399982 ], [ 14.198687, 2.400051 ], [ 14.199533, 2.400074 ], [ 14.200628, 2.400097 ], [ 14.201542, 2.399753 ], [ 14.202227, 2.398972 ], [ 14.202957, 2.398145 ], [ 14.203368, 2.397457 ], [ 14.203824, 2.396814 ], [ 14.204349, 2.396148 ], [ 14.205147, 2.395252 ], [ 14.205718, 2.394632 ], [ 14.206448, 2.393921 ], [ 14.207202, 2.393186 ], [ 14.207978, 2.392727 ], [ 14.208845, 2.392084 ], [ 14.209941, 2.391326 ], [ 14.210809, 2.390752 ], [ 14.211562, 2.390339 ], [ 14.212544, 2.389604 ], [ 14.213548, 2.388364 ], [ 14.214278, 2.387538 ], [ 14.214872, 2.386803 ], [ 14.215465, 2.386298 ], [ 14.216104, 2.385655 ], [ 14.216583, 2.384943 ], [ 14.217062, 2.384186 ], [ 14.217587, 2.383198 ], [ 14.217975, 2.382303 ], [ 14.218248, 2.381614 ], [ 14.218544, 2.380603 ], [ 14.218704, 2.379915 ], [ 14.21884, 2.378582 ], [ 14.219114, 2.377365 ], [ 14.219433, 2.37624 ], [ 14.219661, 2.375459 ], [ 14.220117, 2.374817 ], [ 14.220529, 2.374128 ], [ 14.220848, 2.373577 ], [ 14.221464, 2.372727 ], [ 14.222035, 2.372061 ], [ 14.222536, 2.371464 ], [ 14.223175, 2.370867 ], [ 14.223814, 2.3705 ], [ 14.224545, 2.370179 ], [ 14.225184, 2.369995 ], [ 14.226167, 2.370018 ], [ 14.22724, 2.370133 ], [ 14.227971, 2.370133 ], [ 14.228611, 2.370179 ], [ 14.229387, 2.369996 ], [ 14.230254, 2.369973 ], [ 14.231441, 2.369996 ], [ 14.232675, 2.369859 ], [ 14.23336, 2.369813 ], [ 14.234045, 2.369813 ], [ 14.234958, 2.369492 ], [ 14.235963, 2.369079 ], [ 14.236557, 2.368849 ], [ 14.237062, 2.36824 ], [ 14.237286, 2.367472 ], [ 14.237519, 2.366365 ], [ 14.237598, 2.365041 ], [ 14.237529, 2.363664 ], [ 14.238096, 2.362619 ], [ 14.238754, 2.361483 ], [ 14.239177, 2.360711 ], [ 14.239748, 2.359391 ], [ 14.240402, 2.35853 ], [ 14.241153, 2.357259 ], [ 14.241719, 2.356168 ], [ 14.242465, 2.355218 ], [ 14.243117, 2.354495 ], [ 14.243908, 2.353591 ], [ 14.244602, 2.353053 ], [ 14.245716, 2.351925 ], [ 14.246685, 2.351345 ], [ 14.247796, 2.350447 ], [ 14.248535, 2.349955 ], [ 14.249273, 2.349509 ], [ 14.250197, 2.348929 ], [ 14.25121, 2.34835 ], [ 14.251992, 2.347996 ], [ 14.25309, 2.347923 ], [ 14.254141, 2.347849 ], [ 14.255145, 2.347866 ], [ 14.25642, 2.348117 ], [ 14.257691, 2.348597 ], [ 14.258369, 2.349021 ], [ 14.259274, 2.349587 ], [ 14.260129, 2.350335 ], [ 14.260571, 2.351214 ], [ 14.261247, 2.351776 ], [ 14.26206, 2.352294 ], [ 14.26259, 2.353404 ], [ 14.262868, 2.355931 ], [ 14.262938, 2.357216 ], [ 14.263011, 2.358318 ], [ 14.262952, 2.359188 ], [ 14.263464, 2.361239 ], [ 14.263767, 2.362321 ], [ 14.264666, 2.363207 ], [ 14.265429, 2.364046 ], [ 14.266837, 2.364482 ], [ 14.267938, 2.364226 ], [ 14.268808, 2.364057 ], [ 14.269917, 2.363296 ], [ 14.270248, 2.362614 ], [ 14.271041, 2.361573 ], [ 14.271611, 2.360252 ], [ 14.272311, 2.359301 ], [ 14.27292, 2.358394 ], [ 14.273299, 2.357621 ], [ 14.273909, 2.356622 ], [ 14.274603, 2.356038 ], [ 14.275483, 2.355273 ], [ 14.276542, 2.354787 ], [ 14.277592, 2.354805 ], [ 14.278673, 2.35574 ], [ 14.279706, 2.356767 ], [ 14.280608, 2.357516 ], [ 14.281604, 2.358037 ], [ 14.282514, 2.358236 ], [ 14.283648, 2.358668 ], [ 14.284558, 2.358867 ], [ 14.285693, 2.359345 ], [ 14.28664, 2.360049 ], [ 14.287086, 2.360698 ], [ 14.28781, 2.361123 ], [ 14.288848, 2.361874 ], [ 14.289699, 2.363125 ], [ 14.291183, 2.364253 ], [ 14.291767, 2.364859 ], [ 14.292989, 2.365522 ], [ 14.293942, 2.365905 ], [ 14.294894, 2.366334 ], [ 14.295849, 2.366579 ], [ 14.29676, 2.366732 ], [ 14.297579, 2.366929 ], [ 14.29835, 2.367218 ], [ 14.299207, 2.36792 ], [ 14.300519, 2.36863 ], [ 14.300953, 2.370013 ], [ 14.301256, 2.371027 ], [ 14.301464, 2.372289 ], [ 14.301775, 2.373911 ], [ 14.301914, 2.3746 ], [ 14.301937, 2.375656 ], [ 14.301937, 2.376666 ], [ 14.302143, 2.377929 ], [ 14.302464, 2.379261 ], [ 14.303515, 2.379674 ], [ 14.304427, 2.379192 ], [ 14.304998, 2.378182 ], [ 14.305614, 2.377448 ], [ 14.306344, 2.377172 ], [ 14.30728, 2.37708 ], [ 14.308217, 2.376667 ], [ 14.308718, 2.375932 ], [ 14.309175, 2.375381 ], [ 14.309585, 2.374831 ], [ 14.310088, 2.374325 ], [ 14.310955, 2.373935 ], [ 14.312096, 2.37382 ], [ 14.313238, 2.373591 ], [ 14.314197, 2.373453 ], [ 14.315202, 2.373591 ], [ 14.316024, 2.373775 ], [ 14.316709, 2.373959 ], [ 14.317576, 2.374189 ], [ 14.318125, 2.37451 ], [ 14.318855, 2.374923 ], [ 14.319678, 2.375475 ], [ 14.320272, 2.375796 ], [ 14.32114, 2.376163 ], [ 14.321688, 2.376623 ], [ 14.322099, 2.377128 ], [ 14.322556, 2.377633 ], [ 14.323781, 2.378802 ], [ 14.324589, 2.379631 ], [ 14.325078, 2.380465 ], [ 14.325753, 2.381073 ], [ 14.326104, 2.38195 ], [ 14.32682, 2.382833 ], [ 14.327313, 2.383438 ], [ 14.328625, 2.384194 ], [ 14.329806, 2.384581 ], [ 14.330723, 2.384367 ], [ 14.332022, 2.384676 ], [ 14.333136, 2.384821 ], [ 14.334514, 2.384339 ], [ 14.33512, 2.38357 ], [ 14.335593, 2.382615 ], [ 14.336246, 2.381755 ], [ 14.336807, 2.380984 ], [ 14.337457, 2.380308 ], [ 14.337932, 2.379215 ], [ 14.338774, 2.378037 ], [ 14.339286, 2.377404 ], [ 14.339987, 2.376452 ], [ 14.340592, 2.375774 ], [ 14.341385, 2.374779 ], [ 14.342539, 2.374065 ], [ 14.343277, 2.373619 ], [ 14.344099, 2.373541 ], [ 14.344925, 2.37328 ], [ 14.345659, 2.373109 ], [ 14.347078, 2.372949 ], [ 14.347996, 2.372689 ], [ 14.34919, 2.372297 ], [ 14.350023, 2.371577 ], [ 14.351556, 2.369998 ], [ 14.352261, 2.368817 ], [ 14.35333, 2.367643 ], [ 14.354074, 2.366876 ], [ 14.355001, 2.36602 ], [ 14.355785, 2.365575 ], [ 14.35681, 2.364354 ], [ 14.357665, 2.362351 ], [ 14.357951, 2.361576 ], [ 14.35838, 2.360482 ], [ 14.359721, 2.359496 ], [ 14.360591, 2.359373 ], [ 14.361826, 2.359211 ], [ 14.36274, 2.359226 ], [ 14.363702, 2.359059 ], [ 14.365121, 2.358854 ], [ 14.365857, 2.358499 ], [ 14.366734, 2.357964 ], [ 14.367427, 2.357471 ], [ 14.368258, 2.356935 ], [ 14.369313, 2.356631 ], [ 14.370329, 2.356007 ], [ 14.371429, 2.35575 ], [ 14.37248, 2.355722 ], [ 14.373624, 2.355512 ], [ 14.374898, 2.355854 ], [ 14.375524, 2.35669 ], [ 14.376109, 2.357205 ], [ 14.376595, 2.358176 ], [ 14.377034, 2.359238 ], [ 14.377372, 2.360941 ], [ 14.378089, 2.361778 ], [ 14.378487, 2.362565 ], [ 14.378879, 2.363764 ], [ 14.379546, 2.364875 ], [ 14.380489, 2.365809 ], [ 14.381612, 2.366974 ], [ 14.38265, 2.367726 ], [ 14.383324, 2.368379 ], [ 14.384135, 2.369081 ], [ 14.385131, 2.369602 ], [ 14.385762, 2.370117 ], [ 14.386487, 2.370496 ], [ 14.387119, 2.370965 ], [ 14.387697, 2.371892 ], [ 14.38854, 2.37342 ], [ 14.388057, 2.374971 ], [ 14.387817, 2.375701 ], [ 14.387167, 2.376378 ], [ 14.385916, 2.377457 ], [ 14.384855, 2.378081 ], [ 14.383435, 2.378333 ], [ 14.382343, 2.378085 ], [ 14.381425, 2.378391 ], [ 14.380043, 2.379101 ], [ 14.378751, 2.379905 ], [ 14.377363, 2.381028 ], [ 14.376252, 2.38188 ], [ 14.374867, 2.38282 ], [ 14.373667, 2.383579 ], [ 14.372466, 2.384339 ], [ 14.371448, 2.385193 ], [ 14.370515, 2.38637 ], [ 14.370082, 2.387738 ], [ 14.370568, 2.388709 ], [ 14.370967, 2.38945 ], [ 14.371673, 2.390975 ], [ 14.372392, 2.391675 ], [ 14.373247, 2.392469 ], [ 14.373961, 2.393444 ], [ 14.374407, 2.39414 ], [ 14.374895, 2.394974 ], [ 14.376033, 2.395268 ], [ 14.37685, 2.395557 ], [ 14.377755, 2.396077 ], [ 14.378525, 2.396457 ], [ 14.379298, 2.396699 ], [ 14.380525, 2.397041 ], [ 14.381701, 2.397748 ], [ 14.382564, 2.398084 ], [ 14.383651, 2.398653 ], [ 14.384736, 2.399267 ], [ 14.385822, 2.399882 ], [ 14.387044, 2.40059 ], [ 14.387905, 2.400972 ], [ 14.389084, 2.401496 ], [ 14.389939, 2.40229 ], [ 14.390289, 2.403213 ], [ 14.391149, 2.403686 ], [ 14.392039, 2.405077 ], [ 14.392485, 2.405773 ], [ 14.393099, 2.407296 ], [ 14.393576, 2.408818 ], [ 14.394423, 2.410116 ], [ 14.395053, 2.410677 ], [ 14.396647, 2.410979 ], [ 14.397673, 2.411032 ], [ 14.399431, 2.411164 ], [ 14.400844, 2.411325 ], [ 14.402028, 2.411529 ], [ 14.402945, 2.411315 ], [ 14.403818, 2.410963 ], [ 14.404735, 2.410703 ], [ 14.405516, 2.410487 ], [ 14.406572, 2.410138 ], [ 14.40749, 2.409832 ], [ 14.409047, 2.409583 ], [ 14.410378, 2.409147 ], [ 14.411294, 2.409071 ], [ 14.412118, 2.408947 ], [ 14.412894, 2.408961 ], [ 14.414263, 2.409029 ], [ 14.414999, 2.408721 ], [ 14.416106, 2.408051 ], [ 14.417118, 2.40761 ], [ 14.418041, 2.406811 ], [ 14.418791, 2.40585 ], [ 14.419355, 2.404896 ], [ 14.420332, 2.403766 ], [ 14.421214, 2.402909 ], [ 14.421819, 2.402232 ], [ 14.422837, 2.401423 ], [ 14.424409, 2.400257 ], [ 14.425017, 2.399396 ], [ 14.425395, 2.398577 ], [ 14.425863, 2.397943 ], [ 14.426012, 2.397166 ], [ 14.426163, 2.396343 ], [ 14.426094, 2.394966 ], [ 14.425975, 2.393863 ], [ 14.4259, 2.392899 ], [ 14.4261, 2.391847 ], [ 14.42663, 2.390113 ], [ 14.426871, 2.389338 ], [ 14.427121, 2.388058 ], [ 14.42764, 2.387012 ], [ 14.428158, 2.386012 ], [ 14.428184, 2.384499 ], [ 14.428016, 2.383625 ], [ 14.427671, 2.382289 ], [ 14.427366, 2.381458 ], [ 14.426523, 2.37993 ], [ 14.42617, 2.379191 ], [ 14.425818, 2.378314 ], [ 14.42542, 2.377573 ], [ 14.424927, 2.376969 ], [ 14.424168, 2.375901 ], [ 14.423635, 2.374975 ], [ 14.423191, 2.374233 ], [ 14.423169, 2.372766 ], [ 14.424325, 2.371868 ], [ 14.42515, 2.371744 ], [ 14.426115, 2.371348 ], [ 14.42735, 2.371231 ], [ 14.428256, 2.371705 ], [ 14.429705, 2.372417 ], [ 14.43093, 2.372988 ], [ 14.432389, 2.373104 ], [ 14.43358, 2.372895 ], [ 14.434499, 2.37259 ], [ 14.435513, 2.37201 ], [ 14.43652, 2.371844 ], [ 14.437351, 2.371307 ], [ 14.438222, 2.371093 ], [ 14.43946, 2.370839 ], [ 14.44042, 2.370763 ], [ 14.441893, 2.370054 ], [ 14.442945, 2.36998 ], [ 14.443813, 2.369903 ], [ 14.444778, 2.369598 ], [ 14.44616, 2.368887 ], [ 14.446896, 2.368533 ], [ 14.447588, 2.368086 ], [ 14.448145, 2.367545 ], [ 14.448702, 2.367004 ], [ 14.449271, 2.36573 ], [ 14.449512, 2.364954 ], [ 14.449442, 2.363669 ], [ 14.449869, 2.362713 ], [ 14.450533, 2.361165 ], [ 14.451462, 2.360217 ], [ 14.451897, 2.358757 ], [ 14.451964, 2.357428 ], [ 14.453079, 2.356254 ], [ 14.453772, 2.355853 ], [ 14.454971, 2.35514 ], [ 14.455664, 2.354601 ], [ 14.456541, 2.35402 ], [ 14.45733, 2.353299 ], [ 14.458485, 2.352401 ], [ 14.459135, 2.351862 ], [ 14.460239, 2.351376 ], [ 14.461207, 2.350796 ], [ 14.462213, 2.350675 ], [ 14.462892, 2.3511 ], [ 14.463935, 2.351484 ], [ 14.464563, 2.352228 ], [ 14.465282, 2.352974 ], [ 14.465956, 2.353628 ], [ 14.466634, 2.354098 ], [ 14.467306, 2.354889 ], [ 14.467933, 2.355679 ], [ 14.468562, 2.356286 ], [ 14.468913, 2.357163 ], [ 14.469532, 2.35835 ], [ 14.470763, 2.359209 ], [ 14.471311, 2.359714 ], [ 14.471905, 2.360081 ], [ 14.472773, 2.360494 ], [ 14.473504, 2.360815 ], [ 14.474098, 2.361044 ], [ 14.474874, 2.361411 ], [ 14.475742, 2.36164 ], [ 14.476609, 2.361915 ], [ 14.477249, 2.362053 ], [ 14.478161, 2.362098 ], [ 14.479119, 2.362236 ], [ 14.48017, 2.362373 ], [ 14.480991, 2.362464 ], [ 14.481678, 2.362365 ], [ 14.482452, 2.361591 ], [ 14.48277, 2.360765 ], [ 14.48318, 2.360076 ], [ 14.483454, 2.359388 ], [ 14.483544, 2.358653 ], [ 14.483543, 2.358011 ], [ 14.483268, 2.357414 ], [ 14.482994, 2.35668 ], [ 14.482765, 2.355946 ], [ 14.482444, 2.355073 ], [ 14.481942, 2.354569 ], [ 14.481439, 2.35411 ], [ 14.480845, 2.353605 ], [ 14.480343, 2.352825 ], [ 14.480068, 2.352137 ], [ 14.480386, 2.351402 ], [ 14.480705, 2.350759 ], [ 14.481116, 2.350208 ], [ 14.481526, 2.349703 ], [ 14.482027, 2.348923 ], [ 14.482254, 2.348234 ], [ 14.482345, 2.347454 ], [ 14.482207, 2.34672 ], [ 14.481977, 2.345528 ], [ 14.481949, 2.34477 ], [ 14.482418, 2.344044 ], [ 14.482706, 2.343223 ], [ 14.483088, 2.342221 ], [ 14.483698, 2.341176 ], [ 14.484082, 2.340036 ], [ 14.484369, 2.339261 ], [ 14.48443, 2.338299 ], [ 14.484675, 2.337248 ], [ 14.484463, 2.336328 ], [ 14.484091, 2.335422 ], [ 14.482815, 2.334436 ], [ 14.482129, 2.334344 ], [ 14.481262, 2.334344 ], [ 14.480532, 2.334529 ], [ 14.479755, 2.334851 ], [ 14.478797, 2.334989 ], [ 14.478159, 2.335173 ], [ 14.477291, 2.335265 ], [ 14.476561, 2.33522 ], [ 14.475829, 2.335036 ], [ 14.474962, 2.334761 ], [ 14.474368, 2.334164 ], [ 14.474413, 2.333336 ], [ 14.474595, 2.332371 ], [ 14.474822, 2.331635 ], [ 14.475187, 2.3309 ], [ 14.475462, 2.329893 ], [ 14.475774, 2.328569 ], [ 14.475925, 2.3277 ], [ 14.475992, 2.326417 ], [ 14.475964, 2.325316 ], [ 14.475717, 2.323661 ], [ 14.47519, 2.322368 ], [ 14.47507, 2.321357 ], [ 14.474494, 2.320246 ], [ 14.473921, 2.319044 ], [ 14.473676, 2.31802 ], [ 14.473531, 2.316606 ], [ 14.473485, 2.315916 ], [ 14.472982, 2.315365 ], [ 14.472799, 2.314492 ], [ 14.472707, 2.313664 ], [ 14.472706, 2.312837 ], [ 14.472706, 2.311826 ], [ 14.47275, 2.311136 ], [ 14.47275, 2.310447 ], [ 14.47284, 2.309574 ], [ 14.472839, 2.308378 ], [ 14.472565, 2.307551 ], [ 14.472336, 2.30677 ], [ 14.472198, 2.305897 ], [ 14.471969, 2.305115 ], [ 14.471786, 2.30415 ], [ 14.471648, 2.303323 ], [ 14.471465, 2.302633 ], [ 14.471282, 2.30199 ], [ 14.47119, 2.301209 ], [ 14.47128, 2.300243 ], [ 14.471462, 2.299508 ], [ 14.471691, 2.298635 ], [ 14.471873, 2.297991 ], [ 14.472146, 2.297072 ], [ 14.472373, 2.296244 ], [ 14.472646, 2.295417 ], [ 14.472737, 2.294727 ], [ 14.47301, 2.2939 ], [ 14.473284, 2.293302 ], [ 14.47374, 2.29252 ], [ 14.474372, 2.292141 ], [ 14.475107, 2.291088 ], [ 14.475716, 2.290136 ], [ 14.476185, 2.28941 ], [ 14.476936, 2.288138 ], [ 14.477496, 2.287414 ], [ 14.478152, 2.286462 ], [ 14.478767, 2.285142 ], [ 14.479294, 2.283546 ], [ 14.479764, 2.28282 ], [ 14.480375, 2.281729 ], [ 14.480631, 2.280583 ], [ 14.480806, 2.279418 ], [ 14.480896, 2.278453 ], [ 14.481078, 2.277074 ], [ 14.481396, 2.276339 ], [ 14.481944, 2.275465 ], [ 14.4824, 2.274913 ], [ 14.483084, 2.27427 ], [ 14.483358, 2.273626 ], [ 14.483083, 2.272661 ], [ 14.482901, 2.271926 ], [ 14.482443, 2.27119 ], [ 14.48226, 2.270271 ], [ 14.481985, 2.269628 ], [ 14.48171, 2.268755 ], [ 14.481527, 2.267927 ], [ 14.481299, 2.266732 ], [ 14.481115, 2.265905 ], [ 14.480978, 2.265032 ], [ 14.480931, 2.264204 ], [ 14.48093, 2.263423 ], [ 14.480975, 2.262596 ], [ 14.481249, 2.261814 ], [ 14.48198, 2.261538 ], [ 14.482664, 2.261722 ], [ 14.483486, 2.262227 ], [ 14.484172, 2.262732 ], [ 14.484856, 2.263238 ], [ 14.485541, 2.263559 ], [ 14.486454, 2.263881 ], [ 14.487231, 2.264156 ], [ 14.487916, 2.264524 ], [ 14.490119, 2.266146 ], [ 14.491301, 2.267054 ], [ 14.492522, 2.267762 ], [ 14.493245, 2.268187 ], [ 14.494654, 2.268669 ], [ 14.496244, 2.269155 ], [ 14.497788, 2.269639 ], [ 14.498653, 2.269883 ], [ 14.499617, 2.269578 ], [ 14.501441, 2.2697 ], [ 14.502402, 2.269625 ], [ 14.504189, 2.269242 ], [ 14.505287, 2.269123 ], [ 14.506063, 2.269136 ], [ 14.507703, 2.269393 ], [ 14.509122, 2.269187 ], [ 14.510314, 2.268932 ], [ 14.511685, 2.268817 ], [ 14.512645, 2.268742 ], [ 14.513795, 2.268302 ], [ 14.514854, 2.26777 ], [ 14.515692, 2.266995 ], [ 14.516804, 2.265784 ], [ 14.517602, 2.264468 ], [ 14.518533, 2.263383 ], [ 14.519605, 2.262025 ], [ 14.520444, 2.260984 ], [ 14.52119, 2.260034 ], [ 14.522035, 2.258626 ], [ 14.522738, 2.257537 ], [ 14.523259, 2.256445 ], [ 14.524055, 2.255266 ], [ 14.524943, 2.253905 ], [ 14.526017, 2.252501 ], [ 14.52704, 2.251372 ], [ 14.528198, 2.250336 ], [ 14.53053, 2.250192 ], [ 14.531587, 2.249797 ], [ 14.53246, 2.249445 ], [ 14.533291, 2.248908 ], [ 14.534957, 2.24756 ], [ 14.536155, 2.246938 ], [ 14.537121, 2.246496 ], [ 14.537989, 2.246465 ], [ 14.538909, 2.246021 ], [ 14.539782, 2.245715 ], [ 14.540795, 2.245227 ], [ 14.541576, 2.244965 ], [ 14.542493, 2.244751 ], [ 14.543912, 2.2445 ], [ 14.544779, 2.24456 ], [ 14.54614, 2.245133 ], [ 14.547815, 2.246033 ], [ 14.549186, 2.245964 ], [ 14.550151, 2.245568 ], [ 14.551215, 2.24476 ], [ 14.551955, 2.244176 ], [ 14.552694, 2.243684 ], [ 14.553896, 2.242787 ], [ 14.554407, 2.242199 ], [ 14.555043, 2.241226 ], [ 14.555541, 2.239879 ], [ 14.555658, 2.238322 ], [ 14.555671, 2.237542 ], [ 14.55579, 2.235847 ], [ 14.555941, 2.234978 ], [ 14.556463, 2.233749 ], [ 14.556575, 2.232421 ], [ 14.556821, 2.23137 ], [ 14.557533, 2.229731 ], [ 14.55803, 2.227263 ], [ 14.55819, 2.225798 ], [ 14.558125, 2.224146 ], [ 14.557453, 2.223447 ], [ 14.556772, 2.223114 ], [ 14.555539, 2.223139 ], [ 14.554445, 2.222983 ], [ 14.553437, 2.223242 ], [ 14.552381, 2.223545 ], [ 14.551234, 2.223893 ], [ 14.550088, 2.224195 ], [ 14.549123, 2.224545 ], [ 14.547658, 2.22475 ], [ 14.546832, 2.224966 ], [ 14.545913, 2.225363 ], [ 14.544988, 2.226081 ], [ 14.544336, 2.226804 ], [ 14.543957, 2.227669 ], [ 14.543384, 2.229219 ], [ 14.543095, 2.230177 ], [ 14.542488, 2.230993 ], [ 14.541198, 2.231659 ], [ 14.540463, 2.231968 ], [ 14.539287, 2.23126 ], [ 14.538578, 2.229918 ], [ 14.538638, 2.229002 ], [ 14.538651, 2.228223 ], [ 14.538627, 2.226892 ], [ 14.538871, 2.225933 ], [ 14.539305, 2.224519 ], [ 14.54005, 2.223614 ], [ 14.540795, 2.222709 ], [ 14.541948, 2.221995 ], [ 14.542731, 2.221595 ], [ 14.543974, 2.220974 ], [ 14.544852, 2.220438 ], [ 14.545635, 2.219947 ], [ 14.546601, 2.219596 ], [ 14.547616, 2.218925 ], [ 14.54881, 2.218487 ], [ 14.549874, 2.217679 ], [ 14.551205, 2.217242 ], [ 14.552033, 2.216889 ], [ 14.55286, 2.216628 ], [ 14.554192, 2.216054 ], [ 14.554935, 2.215333 ], [ 14.555584, 2.214747 ], [ 14.556281, 2.214071 ], [ 14.557347, 2.21308 ], [ 14.558181, 2.21236 ], [ 14.559248, 2.211323 ], [ 14.559988, 2.210693 ], [ 14.560911, 2.210113 ], [ 14.562203, 2.209309 ], [ 14.562988, 2.208817 ], [ 14.563726, 2.208279 ], [ 14.564648, 2.207836 ], [ 14.56534, 2.207389 ], [ 14.566213, 2.207037 ], [ 14.566951, 2.20659 ], [ 14.567824, 2.206284 ], [ 14.568695, 2.206023 ], [ 14.570425, 2.206373 ], [ 14.571608, 2.206668 ], [ 14.57279, 2.206918 ], [ 14.57415, 2.207582 ], [ 14.574546, 2.208506 ], [ 14.574896, 2.209429 ], [ 14.575788, 2.210774 ], [ 14.576367, 2.211655 ], [ 14.576986, 2.21295 ], [ 14.577152, 2.213962 ], [ 14.578049, 2.214985 ], [ 14.579533, 2.216386 ], [ 14.58099, 2.216686 ], [ 14.582355, 2.216984 ], [ 14.583918, 2.216368 ], [ 14.585445, 2.215063 ], [ 14.585924, 2.213741 ], [ 14.586265, 2.212417 ], [ 14.586287, 2.211133 ], [ 14.586529, 2.210266 ], [ 14.586268, 2.209482 ], [ 14.586285, 2.208381 ], [ 14.586775, 2.206417 ], [ 14.587941, 2.204832 ], [ 14.588546, 2.204154 ], [ 14.589601, 2.203851 ], [ 14.590469, 2.203819 ], [ 14.591245, 2.203878 ], [ 14.592204, 2.203894 ], [ 14.593798, 2.20415 ], [ 14.594845, 2.204305 ], [ 14.596123, 2.204464 ], [ 14.597305, 2.204713 ], [ 14.598178, 2.204361 ], [ 14.599099, 2.203917 ], [ 14.599837, 2.203425 ], [ 14.600529, 2.20307 ], [ 14.601589, 2.202445 ], [ 14.602513, 2.201773 ], [ 14.603313, 2.201582 ], [ 14.604174, 2.200746 ], [ 14.605801, 2.19903 ], [ 14.606816, 2.198314 ], [ 14.607969, 2.197599 ], [ 14.608494, 2.197116 ], [ 14.608851, 2.196788 ], [ 14.609596, 2.195883 ], [ 14.61052, 2.195211 ], [ 14.611411, 2.193804 ], [ 14.612064, 2.192898 ], [ 14.612962, 2.191078 ], [ 14.613256, 2.189799 ], [ 14.613598, 2.188474 ], [ 14.613659, 2.187466 ], [ 14.613814, 2.186368 ], [ 14.614066, 2.184951 ], [ 14.614265, 2.183945 ], [ 14.614702, 2.182347 ], [ 14.615316, 2.181073 ], [ 14.616519, 2.180084 ], [ 14.618185, 2.178737 ], [ 14.618882, 2.178014 ], [ 14.619535, 2.177108 ], [ 14.6203, 2.175057 ], [ 14.620594, 2.173823 ], [ 14.621216, 2.172045 ], [ 14.621692, 2.170861 ], [ 14.621984, 2.169765 ], [ 14.622546, 2.168857 ], [ 14.623117, 2.167445 ], [ 14.624103, 2.165764 ], [ 14.624714, 2.16472 ], [ 14.625692, 2.163498 ], [ 14.626074, 2.162541 ], [ 14.627138, 2.161687 ], [ 14.628204, 2.160696 ], [ 14.62918, 2.159657 ], [ 14.630505, 2.159588 ], [ 14.631558, 2.159514 ], [ 14.63311, 2.159494 ], [ 14.63457, 2.159564 ], [ 14.636166, 2.159728 ], [ 14.637995, 2.159575 ], [ 14.639545, 2.159693 ], [ 14.64142, 2.159586 ], [ 14.643671, 2.158753 ], [ 14.644683, 2.158311 ], [ 14.645429, 2.157268 ], [ 14.646697, 2.155583 ], [ 14.647379, 2.15406 ], [ 14.647643, 2.149066 ], [ 14.647343, 2.147823 ], [ 14.646774, 2.146345 ], [ 14.645873, 2.145597 ], [ 14.644215, 2.143643 ], [ 14.643414, 2.142299 ], [ 14.642472, 2.141321 ], [ 14.642453, 2.139715 ], [ 14.642469, 2.138706 ], [ 14.643448, 2.137484 ], [ 14.644147, 2.136579 ], [ 14.644801, 2.135719 ], [ 14.645365, 2.134765 ], [ 14.646157, 2.133723 ], [ 14.647088, 2.132592 ], [ 14.648156, 2.131555 ], [ 14.649674, 2.130847 ], [ 14.651233, 2.13046 ], [ 14.652047, 2.130246 ], [ 14.653526, 2.129857 ], [ 14.655351, 2.129933 ], [ 14.657178, 2.129918 ], [ 14.659073, 2.129904 ], [ 14.659456, 2.130046 ], [ 14.660367, 2.130384 ], [ 14.661232, 2.13049 ], [ 14.662278, 2.130783 ], [ 14.664076, 2.131157 ], [ 14.665687, 2.131711 ], [ 14.667137, 2.132377 ], [ 14.668135, 2.132761 ], [ 14.668951, 2.133141 ], [ 14.671401, 2.134146 ], [ 14.672403, 2.1343 ], [ 14.675284, 2.134856 ], [ 14.676044, 2.135003 ], [ 14.677505, 2.135027 ], [ 14.679248, 2.135289 ], [ 14.680603, 2.135492 ], [ 14.682707, 2.135252 ], [ 14.684589, 2.134687 ], [ 14.686807, 2.133027 ], [ 14.688291, 2.13163 ], [ 14.689361, 2.13041 ], [ 14.690431, 2.129189 ], [ 14.691224, 2.128148 ], [ 14.692285, 2.127523 ], [ 14.692841, 2.126982 ], [ 14.693544, 2.125894 ], [ 14.694148, 2.125262 ], [ 14.694843, 2.124631 ], [ 14.695726, 2.123683 ], [ 14.696658, 2.122552 ], [ 14.697363, 2.121234 ], [ 14.697473, 2.120809 ], [ 14.697754, 2.119727 ], [ 14.698062, 2.119186 ], [ 14.698505, 2.118409 ], [ 14.698759, 2.116854 ], [ 14.699057, 2.115346 ], [ 14.699311, 2.113745 ], [ 14.699925, 2.112517 ], [ 14.701147, 2.111521 ], [ 14.701359, 2.111348 ], [ 14.703127, 2.111056 ], [ 14.70361, 2.110976 ], [ 14.703878, 2.110932 ], [ 14.705846, 2.110644 ], [ 14.707222, 2.110254 ], [ 14.709361, 2.110611 ], [ 14.711553, 2.110647 ], [ 14.712525, 2.109838 ], [ 14.71394, 2.109507 ], [ 14.714359, 2.10941 ], [ 14.716476, 2.10839 ], [ 14.717808, 2.107862 ], [ 14.718639, 2.10728 ], [ 14.720246, 2.106756 ], [ 14.721623, 2.106321 ], [ 14.723593, 2.105895 ], [ 14.724323, 2.105772 ], [ 14.72483, 2.105686 ], [ 14.726013, 2.105935 ], [ 14.726355, 2.106309 ], [ 14.726791, 2.106786 ], [ 14.726865, 2.106867 ], [ 14.726828, 2.10731 ], [ 14.726764, 2.10809 ], [ 14.726752, 2.108241 ], [ 14.726136, 2.109606 ], [ 14.724833, 2.111144 ], [ 14.723829, 2.112638 ], [ 14.723324, 2.113401 ], [ 14.721756, 2.115037 ], [ 14.720897, 2.115871 ], [ 14.719242, 2.117976 ], [ 14.718968, 2.120769 ], [ 14.719809, 2.122479 ], [ 14.720822, 2.124744 ], [ 14.722046, 2.125269 ], [ 14.723554, 2.125248 ], [ 14.724326, 2.125908 ], [ 14.725823, 2.127189 ], [ 14.726684, 2.12686 ], [ 14.726783, 2.126823 ], [ 14.726947, 2.12676 ], [ 14.727096, 2.128741 ], [ 14.726825, 2.131574 ], [ 14.729785, 2.132979 ], [ 14.732192, 2.136934 ], [ 14.733882, 2.137211 ], [ 14.737817, 2.136063 ], [ 14.739226, 2.136483 ], [ 14.740643, 2.139168 ], [ 14.742578, 2.143408 ], [ 14.742772, 2.143832 ], [ 14.743313, 2.144192 ], [ 14.744888, 2.14524 ], [ 14.746868, 2.148064 ], [ 14.747726, 2.1516 ], [ 14.748302, 2.155137 ], [ 14.748733, 2.157543 ], [ 14.748885, 2.160374 ], [ 14.750017, 2.162068 ], [ 14.751993, 2.16376 ], [ 14.752287, 2.164287 ], [ 14.752365, 2.164427 ], [ 14.75341, 2.166303 ], [ 14.753841, 2.168566 ], [ 14.756949, 2.171811 ], [ 14.757941, 2.173647 ], [ 14.757677, 2.175836 ], [ 14.757656, 2.175819 ], [ 14.757678, 2.176166 ], [ 14.757699, 2.176499 ], [ 14.757747, 2.177253 ], [ 14.757694, 2.177585 ], [ 14.757587, 2.178255 ], [ 14.757008, 2.179465 ], [ 14.756933, 2.179622 ], [ 14.756885, 2.180163 ], [ 14.7568, 2.181132 ], [ 14.75677, 2.181472 ], [ 14.756794, 2.181516 ], [ 14.757496, 2.182804 ], [ 14.757807, 2.184036 ], [ 14.757817, 2.184075 ], [ 14.757895, 2.184232 ], [ 14.758905, 2.186244 ], [ 14.758916, 2.186745 ], [ 14.758923, 2.187069 ], [ 14.759314, 2.188084 ], [ 14.759475, 2.188501 ], [ 14.759454, 2.188889 ], [ 14.759423, 2.189457 ], [ 14.759749, 2.19094 ], [ 14.759788, 2.191117 ], [ 14.759751, 2.192933 ], [ 14.759756, 2.194237 ], [ 14.759467, 2.195813 ], [ 14.759333, 2.196541 ], [ 14.758778, 2.198151 ], [ 14.758761, 2.198797 ], [ 14.758736, 2.199758 ], [ 14.758152, 2.201783 ], [ 14.758059, 2.202109 ], [ 14.758185, 2.20246 ], [ 14.758608, 2.203638 ], [ 14.758713, 2.203931 ], [ 14.759265, 2.204467 ], [ 14.760538, 2.205703 ], [ 14.761889, 2.207508 ], [ 14.761967, 2.207612 ], [ 14.763085, 2.209122 ], [ 14.763335, 2.20946 ], [ 14.763443, 2.209606 ], [ 14.763506, 2.20966 ], [ 14.764357, 2.210399 ], [ 14.76444, 2.210471 ], [ 14.764728, 2.2106 ], [ 14.765966, 2.211154 ], [ 14.766171, 2.211246 ], [ 14.768601, 2.212182 ], [ 14.768853, 2.212279 ], [ 14.769663, 2.21272 ], [ 14.77048, 2.213166 ], [ 14.771147, 2.21353 ], [ 14.772578, 2.214929 ], [ 14.772741, 2.215088 ], [ 14.773228, 2.215564 ], [ 14.773595, 2.216254 ], [ 14.773972, 2.216965 ], [ 14.774403, 2.217776 ], [ 14.774366, 2.218318 ], [ 14.774321, 2.218993 ], [ 14.774218, 2.219343 ], [ 14.773579, 2.220839 ], [ 14.773464, 2.220542 ], [ 14.773458, 2.220526 ], [ 14.773437, 2.220534 ], [ 14.768881, 2.225646 ], [ 14.766583, 2.228857 ], [ 14.762666, 2.233762 ], [ 14.762628, 2.233887 ], [ 14.761221, 2.238572 ], [ 14.759305, 2.242617 ], [ 14.7581, 2.24553 ], [ 14.758075, 2.245549 ], [ 14.754645, 2.248305 ], [ 14.750752, 2.250231 ], [ 14.742773, 2.25389 ], [ 14.740986, 2.255495 ], [ 14.739836, 2.257568 ], [ 14.739834, 2.257597 ], [ 14.739581, 2.260972 ], [ 14.739006, 2.264439 ], [ 14.739452, 2.267804 ], [ 14.740472, 2.270758 ], [ 14.740983, 2.272749 ], [ 14.740344, 2.276602 ], [ 14.737726, 2.282348 ], [ 14.737717, 2.282356 ], [ 14.734151, 2.285301 ], [ 14.731597, 2.28864 ], [ 14.731555, 2.288773 ], [ 14.730065, 2.293481 ], [ 14.728213, 2.298618 ], [ 14.726279, 2.302821 ], [ 14.726233, 2.30292 ], [ 14.72585, 2.30685 ], [ 14.725083, 2.309162 ], [ 14.724891, 2.311473 ], [ 14.725146, 2.314715 ], [ 14.727252, 2.316129 ], [ 14.729558, 2.319007 ], [ 14.733187, 2.320689 ], [ 14.735834, 2.321304 ], [ 14.73927, 2.321852 ], [ 14.742311, 2.321397 ], [ 14.743907, 2.320306 ], [ 14.74595, 2.317738 ], [ 14.747291, 2.316325 ], [ 14.749525, 2.315491 ], [ 14.75444, 2.3144 ], [ 14.758333, 2.313052 ], [ 14.759193, 2.312707 ], [ 14.766362, 2.309828 ], [ 14.770521, 2.310614 ], [ 14.774733, 2.311963 ], [ 14.780922, 2.314083 ], [ 14.78405, 2.314405 ], [ 14.785901, 2.314983 ], [ 14.788007, 2.315304 ], [ 14.789858, 2.314855 ], [ 14.79273, 2.313828 ], [ 14.794707, 2.313507 ], [ 14.800769, 2.315563 ], [ 14.803067, 2.318132 ], [ 14.804917, 2.321187 ], [ 14.806128, 2.325472 ], [ 14.808042, 2.329717 ], [ 14.810404, 2.332414 ], [ 14.813656, 2.334751 ], [ 14.81723, 2.335972 ], [ 14.819016, 2.337706 ], [ 14.820484, 2.339504 ], [ 14.822462, 2.341249 ], [ 14.825653, 2.343241 ], [ 14.828525, 2.344397 ], [ 14.830787, 2.348445 ], [ 14.832532, 2.353149 ], [ 14.834396, 2.355828 ], [ 14.837077, 2.358462 ], [ 14.839247, 2.360003 ], [ 14.843276, 2.361153 ], [ 14.843418, 2.361194 ], [ 14.84342, 2.361227 ], [ 14.843425, 2.361231 ], [ 14.845717, 2.363149 ], [ 14.847904, 2.364689 ], [ 14.849434, 2.365569 ], [ 14.851913, 2.365643 ], [ 14.853808, 2.366083 ], [ 14.855047, 2.366743 ], [ 14.856214, 2.36755 ], [ 14.85687, 2.368724 ], [ 14.857526, 2.369824 ], [ 14.857963, 2.371511 ], [ 14.858181, 2.372464 ], [ 14.859436, 2.375108 ], [ 14.860966, 2.377858 ], [ 14.863152, 2.380131 ], [ 14.864246, 2.380938 ], [ 14.864414, 2.381015 ], [ 14.865849, 2.381672 ], [ 14.867255, 2.382667 ], [ 14.867817, 2.383065 ], [ 14.8693, 2.384562 ], [ 14.870879, 2.385339 ], [ 14.872847, 2.385706 ], [ 14.874597, 2.386366 ], [ 14.875153, 2.386673 ], [ 14.876237, 2.38727 ], [ 14.877386, 2.389025 ], [ 14.878112, 2.39025 ], [ 14.879201, 2.391693 ], [ 14.880738, 2.393408 ], [ 14.881998, 2.394919 ], [ 14.884072, 2.396797 ], [ 14.886422, 2.398674 ], [ 14.887383, 2.400324 ], [ 14.888043, 2.401785 ], [ 14.888438, 2.40391 ], [ 14.889098, 2.405768 ], [ 14.889626, 2.407627 ], [ 14.890286, 2.408955 ], [ 14.890888, 2.409689 ], [ 14.891435, 2.410091 ], [ 14.891441, 2.4101 ], [ 14.891314, 2.410132 ], [ 14.891263, 2.410145 ], [ 14.891242, 2.41015 ], [ 14.890373, 2.410371 ], [ 14.889133, 2.410764 ], [ 14.888164, 2.411298 ], [ 14.887202, 2.411558 ], [ 14.886147, 2.41177 ], [ 14.885417, 2.411713 ], [ 14.884834, 2.411015 ], [ 14.884213, 2.409857 ], [ 14.883812, 2.409208 ], [ 14.883234, 2.408235 ], [ 14.882972, 2.40745 ], [ 14.882254, 2.406613 ], [ 14.881206, 2.406458 ], [ 14.879873, 2.40694 ], [ 14.879115, 2.408626 ], [ 14.878596, 2.409627 ], [ 14.878174, 2.410309 ], [ 14.878024, 2.411178 ], [ 14.877783, 2.411908 ], [ 14.876771, 2.412305 ], [ 14.875665, 2.412975 ], [ 14.874433, 2.412863 ], [ 14.873374, 2.413396 ], [ 14.872273, 2.413608 ], [ 14.871494, 2.413733 ], [ 14.870534, 2.413808 ], [ 14.869207, 2.413925 ], [ 14.868469, 2.414325 ], [ 14.867913, 2.414821 ], [ 14.867441, 2.415777 ], [ 14.867102, 2.417011 ], [ 14.866635, 2.417646 ], [ 14.86607, 2.418692 ], [ 14.86583, 2.419422 ], [ 14.865361, 2.420148 ], [ 14.864659, 2.421146 ], [ 14.863102, 2.421396 ], [ 14.862371, 2.421384 ], [ 14.861691, 2.421006 ], [ 14.860177, 2.421486 ], [ 14.860119, 2.422265 ], [ 14.860424, 2.423188 ], [ 14.860779, 2.423836 ], [ 14.861226, 2.424486 ], [ 14.861672, 2.425136 ], [ 14.862109, 2.426337 ], [ 14.862412, 2.427443 ], [ 14.862671, 2.428365 ], [ 14.862424, 2.429508 ], [ 14.862001, 2.430236 ], [ 14.86127, 2.430224 ], [ 14.860312, 2.430162 ], [ 14.859119, 2.430417 ], [ 14.858201, 2.430724 ], [ 14.857331, 2.430893 ], [ 14.856643, 2.430973 ], [ 14.856178, 2.431517 ], [ 14.855892, 2.432292 ], [ 14.855557, 2.433204 ], [ 14.854672, 2.434245 ], [ 14.854115, 2.434787 ], [ 14.852601, 2.435221 ], [ 14.852088, 2.435855 ], [ 14.851204, 2.43685 ], [ 14.850004, 2.43761 ], [ 14.849168, 2.438469 ], [ 14.848877, 2.439519 ], [ 14.849407, 2.440675 ], [ 14.849757, 2.441599 ], [ 14.849922, 2.442703 ], [ 14.850275, 2.443489 ], [ 14.850628, 2.444275 ], [ 14.849539, 2.444948 ], [ 14.848719, 2.44527 ], [ 14.847738, 2.445294 ], [ 14.846848, 2.444859 ], [ 14.846094, 2.444126 ], [ 14.845135, 2.443186 ], [ 14.844174, 2.442246 ], [ 14.843284, 2.44133 ], [ 14.842644, 2.440963 ], [ 14.842098, 2.441514 ], [ 14.84219, 2.442248 ], [ 14.842328, 2.443074 ], [ 14.842741, 2.444174 ], [ 14.843016, 2.445229 ], [ 14.842972, 2.446009 ], [ 14.842128, 2.446239 ], [ 14.840896, 2.445988 ], [ 14.839916, 2.44592 ], [ 14.839391, 2.446517 ], [ 14.839735, 2.447388 ], [ 14.84001, 2.447984 ], [ 14.84001, 2.448718 ], [ 14.839647, 2.449452 ], [ 14.83901, 2.450049 ], [ 14.83828, 2.450187 ], [ 14.837732, 2.450509 ], [ 14.837004, 2.450968 ], [ 14.836274, 2.45129 ], [ 14.835271, 2.451933 ], [ 14.834177, 2.45253 ], [ 14.833631, 2.453081 ], [ 14.832993, 2.453495 ], [ 14.832264, 2.453816 ], [ 14.83135, 2.453725 ], [ 14.830186, 2.452969 ], [ 14.829341, 2.452213 ], [ 14.82861, 2.451939 ], [ 14.827607, 2.452261 ], [ 14.826786, 2.452858 ], [ 14.826468, 2.453454 ], [ 14.826059, 2.454051 ], [ 14.825969, 2.455129 ], [ 14.825788, 2.456299 ], [ 14.825379, 2.45685 ], [ 14.824558, 2.457378 ], [ 14.823077, 2.457815 ], [ 14.822277, 2.457311 ], [ 14.821957, 2.456761 ], [ 14.821937, 2.45546 ], [ 14.820933, 2.455351 ], [ 14.820229, 2.456533 ], [ 14.819385, 2.457804 ], [ 14.819145, 2.45858 ], [ 14.818568, 2.460361 ], [ 14.818185, 2.461501 ], [ 14.817625, 2.462227 ], [ 14.816703, 2.46267 ], [ 14.815743, 2.462746 ], [ 14.814877, 2.462594 ], [ 14.814099, 2.462673 ], [ 14.81358, 2.463674 ], [ 14.814023, 2.464553 ], [ 14.814366, 2.465982 ], [ 14.814169, 2.466896 ], [ 14.81315, 2.467706 ], [ 14.812637, 2.46834 ], [ 14.811717, 2.468738 ], [ 14.810877, 2.469871 ], [ 14.810906, 2.470835 ], [ 14.810984, 2.471709 ], [ 14.811661, 2.47227 ], [ 14.812669, 2.472058 ], [ 14.813, 2.471329 ], [ 14.813841, 2.470241 ], [ 14.814856, 2.469615 ], [ 14.816007, 2.469038 ], [ 14.816739, 2.46905 ], [ 14.817735, 2.469571 ], [ 14.817532, 2.470852 ], [ 14.817112, 2.471442 ], [ 14.816644, 2.472123 ], [ 14.81613, 2.472803 ], [ 14.815199, 2.473843 ], [ 14.813997, 2.474741 ], [ 14.813304, 2.475234 ], [ 14.81269, 2.476417 ], [ 14.812083, 2.477279 ], [ 14.811794, 2.478193 ], [ 14.811549, 2.479244 ], [ 14.811618, 2.480622 ], [ 14.811337, 2.481586 ], [ 14.810774, 2.482597 ], [ 14.810229, 2.483378 ], [ 14.810001, 2.48402 ], [ 14.809957, 2.484984 ], [ 14.810004, 2.486039 ], [ 14.809869, 2.487094 ], [ 14.809688, 2.487966 ], [ 14.809416, 2.489113 ], [ 14.810056, 2.489387 ], [ 14.810695, 2.490029 ], [ 14.811062, 2.490671 ], [ 14.811382, 2.491267 ], [ 14.812158, 2.49145 ], [ 14.812887, 2.491266 ], [ 14.813709, 2.491036 ], [ 14.814346, 2.49076 ], [ 14.815304, 2.490346 ], [ 14.816307, 2.489978 ], [ 14.817264, 2.489656 ], [ 14.818223, 2.48938 ], [ 14.819089, 2.489494 ], [ 14.820344, 2.489837 ], [ 14.821417, 2.490203 ], [ 14.822655, 2.490487 ], [ 14.823659, 2.490595 ], [ 14.82475, 2.490888 ], [ 14.825431, 2.491221 ], [ 14.826058, 2.491965 ], [ 14.825864, 2.492696 ], [ 14.82535, 2.493422 ], [ 14.82515, 2.494474 ], [ 14.825086, 2.495621 ], [ 14.82557, 2.49673 ], [ 14.826249, 2.497154 ], [ 14.82698, 2.497212 ], [ 14.827713, 2.497087 ], [ 14.828447, 2.496869 ], [ 14.829226, 2.496744 ], [ 14.829396, 2.497527 ], [ 14.828748, 2.498022 ], [ 14.828189, 2.498701 ], [ 14.827312, 2.499283 ], [ 14.826485, 2.49959 ], [ 14.825112, 2.499706 ], [ 14.824682, 2.500892 ], [ 14.825121, 2.502 ], [ 14.825567, 2.502604 ], [ 14.82537, 2.503565 ], [ 14.824769, 2.503968 ], [ 14.823864, 2.503448 ], [ 14.823285, 2.502475 ], [ 14.822417, 2.50246 ], [ 14.821535, 2.503364 ], [ 14.820889, 2.50372 ], [ 14.820112, 2.503753 ], [ 14.819913, 2.504714 ], [ 14.819665, 2.505995 ], [ 14.819328, 2.506999 ], [ 14.819581, 2.50838 ], [ 14.819706, 2.509116 ], [ 14.819557, 2.509894 ], [ 14.819085, 2.510804 ], [ 14.818321, 2.509965 ], [ 14.81741, 2.509813 ], [ 14.815999, 2.509468 ], [ 14.815412, 2.509045 ], [ 14.814375, 2.508202 ], [ 14.813511, 2.507913 ], [ 14.812829, 2.507672 ], [ 14.811459, 2.507695 ], [ 14.810138, 2.507398 ], [ 14.809366, 2.50711 ], [ 14.808, 2.506858 ], [ 14.807221, 2.506983 ], [ 14.806072, 2.507331 ], [ 14.80529, 2.507685 ], [ 14.804463, 2.507947 ], [ 14.803263, 2.508708 ], [ 14.802067, 2.509193 ], [ 14.801337, 2.509135 ], [ 14.800517, 2.508984 ], [ 14.799559, 2.508876 ], [ 14.798198, 2.508257 ], [ 14.798004, 2.508942 ], [ 14.797806, 2.509948 ], [ 14.797746, 2.510819 ], [ 14.796468, 2.510706 ], [ 14.795006, 2.510728 ], [ 14.794721, 2.511412 ], [ 14.794338, 2.512461 ], [ 14.79414, 2.513422 ], [ 14.793258, 2.514279 ], [ 14.791614, 2.514206 ], [ 14.790908, 2.515525 ], [ 14.790396, 2.516113 ], [ 14.790016, 2.516979 ], [ 14.789821, 2.517756 ], [ 14.78981, 2.518491 ], [ 14.790499, 2.518226 ], [ 14.791236, 2.517871 ], [ 14.791935, 2.517057 ], [ 14.793405, 2.51653 ], [ 14.793384, 2.517815 ], [ 14.793508, 2.518643 ], [ 14.793539, 2.519562 ], [ 14.793469, 2.521074 ], [ 14.793456, 2.521854 ], [ 14.793671, 2.52273 ], [ 14.794349, 2.5232 ], [ 14.795886, 2.524235 ], [ 14.79679, 2.524801 ], [ 14.797697, 2.525229 ], [ 14.798514, 2.525609 ], [ 14.799784, 2.526181 ], [ 14.800735, 2.526701 ], [ 14.801505, 2.527173 ], [ 14.802269, 2.527965 ], [ 14.802761, 2.528662 ], [ 14.802748, 2.529396 ], [ 14.802274, 2.530444 ], [ 14.801479, 2.531624 ], [ 14.800692, 2.532299 ], [ 14.799685, 2.532421 ], [ 14.798769, 2.532497 ], [ 14.797947, 2.532529 ], [ 14.797168, 2.532608 ], [ 14.795701, 2.532882 ], [ 14.794646, 2.533118 ], [ 14.793727, 2.533469 ], [ 14.793163, 2.53447 ], [ 14.792651, 2.535058 ], [ 14.792226, 2.535877 ], [ 14.791755, 2.536787 ], [ 14.791423, 2.537562 ], [ 14.791183, 2.538246 ], [ 14.790983, 2.539298 ], [ 14.790508, 2.540438 ], [ 14.78999, 2.541393 ], [ 14.789204, 2.541976 ], [ 14.788144, 2.542556 ], [ 14.786729, 2.542395 ], [ 14.785456, 2.542052 ], [ 14.783943, 2.542303 ], [ 14.783019, 2.542976 ], [ 14.782197, 2.542962 ], [ 14.781471, 2.542583 ], [ 14.780294, 2.541967 ], [ 14.779069, 2.54135 ], [ 14.778243, 2.541612 ], [ 14.778225, 2.542713 ], [ 14.778159, 2.543997 ], [ 14.778465, 2.544874 ], [ 14.778908, 2.545754 ], [ 14.779397, 2.546588 ], [ 14.779978, 2.547423 ], [ 14.781058, 2.548451 ], [ 14.781639, 2.549195 ], [ 14.782268, 2.549939 ], [ 14.783032, 2.550686 ], [ 14.783562, 2.551842 ], [ 14.784408, 2.553233 ], [ 14.784257, 2.554102 ], [ 14.78415, 2.555064 ], [ 14.784275, 2.555846 ], [ 14.78391, 2.557262 ], [ 14.784345, 2.558225 ], [ 14.7843, 2.559096 ], [ 14.783846, 2.559968 ], [ 14.783437, 2.560795 ], [ 14.783096, 2.561758 ], [ 14.782893, 2.563043 ], [ 14.782894, 2.563823 ], [ 14.782714, 2.564695 ], [ 14.782305, 2.565567 ], [ 14.781759, 2.566256 ], [ 14.781029, 2.567174 ], [ 14.780119, 2.568276 ], [ 14.779709, 2.56901 ], [ 14.77937, 2.57041 ], [ 14.779212, 2.571396 ], [ 14.779167, 2.572039 ], [ 14.779215, 2.573277 ], [ 14.778988, 2.574011 ], [ 14.778442, 2.574838 ], [ 14.777804, 2.575114 ], [ 14.776937, 2.575573 ], [ 14.776254, 2.576079 ], [ 14.775844, 2.576675 ], [ 14.775936, 2.577318 ], [ 14.776441, 2.578831 ], [ 14.776762, 2.579473 ], [ 14.776809, 2.580345 ], [ 14.77681, 2.580987 ], [ 14.777085, 2.581767 ], [ 14.777406, 2.582592 ], [ 14.777362, 2.583326 ], [ 14.777591, 2.584106 ], [ 14.77782, 2.584702 ], [ 14.778164, 2.585734 ], [ 14.778281, 2.586812 ], [ 14.777688, 2.587409 ], [ 14.77705, 2.587731 ], [ 14.776411, 2.588052 ], [ 14.775773, 2.588512 ], [ 14.775318, 2.589247 ], [ 14.774956, 2.590256 ], [ 14.774636, 2.590899 ], [ 14.774227, 2.591725 ], [ 14.773407, 2.59223 ], [ 14.772587, 2.592828 ], [ 14.77236, 2.59347 ], [ 14.772498, 2.594571 ], [ 14.772775, 2.595534 ], [ 14.772822, 2.596268 ], [ 14.772913, 2.597048 ], [ 14.772802, 2.598402 ], [ 14.772599, 2.599572 ], [ 14.772874, 2.600672 ], [ 14.773288, 2.601819 ], [ 14.773425, 2.602461 ], [ 14.773792, 2.603424 ], [ 14.774159, 2.604249 ], [ 14.774206, 2.605259 ], [ 14.773888, 2.606222 ], [ 14.773571, 2.607255 ], [ 14.773345, 2.608242 ], [ 14.773209, 2.609068 ], [ 14.773006, 2.610375 ], [ 14.77294, 2.611637 ], [ 14.772713, 2.612233 ], [ 14.772303, 2.612876 ], [ 14.771757, 2.613473 ], [ 14.771576, 2.614208 ], [ 14.771713, 2.614987 ], [ 14.771943, 2.615721 ], [ 14.772082, 2.616501 ], [ 14.772174, 2.617418 ], [ 14.771628, 2.618107 ], [ 14.771036, 2.618566 ], [ 14.770171, 2.619806 ], [ 14.769626, 2.621091 ], [ 14.76949, 2.621734 ], [ 14.768897, 2.62201 ], [ 14.768122, 2.622607 ], [ 14.767256, 2.623342 ], [ 14.766345, 2.623847 ], [ 14.765616, 2.624261 ], [ 14.764933, 2.624996 ], [ 14.764661, 2.62596 ], [ 14.764571, 2.626602 ], [ 14.764526, 2.627336 ], [ 14.764665, 2.628598 ], [ 14.764394, 2.629722 ], [ 14.76355, 2.630113 ], [ 14.762615, 2.630137 ], [ 14.761885, 2.630275 ], [ 14.761246, 2.630643 ], [ 14.760037, 2.630667 ], [ 14.75901, 2.630416 ], [ 14.758279, 2.630142 ], [ 14.757686, 2.629867 ], [ 14.757091, 2.629455 ], [ 14.75627, 2.629135 ], [ 14.755539, 2.628814 ], [ 14.754855, 2.628723 ], [ 14.754215, 2.628861 ], [ 14.753888, 2.629482 ], [ 14.753852, 2.62955 ], [ 14.753625, 2.630422 ], [ 14.753399, 2.631615 ], [ 14.753174, 2.633015 ], [ 14.752903, 2.63446 ], [ 14.752676, 2.635378 ], [ 14.752133, 2.636316 ], [ 14.752038, 2.63648 ], [ 14.751892, 2.636776 ], [ 14.751584, 2.637398 ], [ 14.751084, 2.638569 ], [ 14.75063, 2.639693 ], [ 14.750175, 2.640198 ], [ 14.749446, 2.641002 ], [ 14.748672, 2.641943 ], [ 14.748328, 2.642036 ], [ 14.747987, 2.642128 ], [ 14.747257, 2.64167 ], [ 14.746572, 2.641028 ], [ 14.746251, 2.640478 ], [ 14.746021, 2.639652 ], [ 14.745883, 2.638643 ], [ 14.745744, 2.637909 ], [ 14.745606, 2.637175 ], [ 14.745423, 2.636442 ], [ 14.744965, 2.635616 ], [ 14.74478, 2.634928 ], [ 14.744459, 2.63424 ], [ 14.744048, 2.633277 ], [ 14.743316, 2.632682 ], [ 14.742586, 2.632407 ], [ 14.741855, 2.632362 ], [ 14.740851, 2.632501 ], [ 14.74003, 2.632639 ], [ 14.739575, 2.633056 ], [ 14.739529, 2.633099 ], [ 14.738663, 2.63388 ], [ 14.738288, 2.634487 ], [ 14.738209, 2.634614 ], [ 14.737799, 2.635303 ], [ 14.737573, 2.63645 ], [ 14.737552, 2.636544 ], [ 14.737346, 2.63746 ], [ 14.737074, 2.638516 ], [ 14.736756, 2.639387 ], [ 14.736758, 2.640259 ], [ 14.737124, 2.641085 ], [ 14.737491, 2.641772 ], [ 14.737949, 2.642689 ], [ 14.738225, 2.643377 ], [ 14.738362, 2.644157 ], [ 14.73841, 2.644983 ], [ 14.738228, 2.645671 ], [ 14.737682, 2.646314 ], [ 14.736998, 2.647049 ], [ 14.736325, 2.64764 ], [ 14.735951, 2.647968 ], [ 14.735222, 2.648473 ], [ 14.734675, 2.648933 ], [ 14.734265, 2.649438 ], [ 14.733754, 2.650322 ], [ 14.733628, 2.65054 ], [ 14.73322, 2.651917 ], [ 14.733017, 2.652972 ], [ 14.732904, 2.654303 ], [ 14.732861, 2.655221 ], [ 14.732657, 2.656138 ], [ 14.732103, 2.656173 ], [ 14.731904, 2.656185 ], [ 14.731219, 2.655773 ], [ 14.730921, 2.654718 ], [ 14.730645, 2.653571 ], [ 14.730209, 2.652563 ], [ 14.729614, 2.651737 ], [ 14.728747, 2.651417 ], [ 14.727925, 2.651647 ], [ 14.727379, 2.652061 ], [ 14.727324, 2.652095 ], [ 14.726897, 2.652358 ], [ 14.726558, 2.652567 ], [ 14.726137, 2.653048 ], [ 14.725874, 2.653347 ], [ 14.726059, 2.654632 ], [ 14.726063, 2.656146 ], [ 14.726338, 2.656742 ], [ 14.726476, 2.657659 ], [ 14.726295, 2.65844 ], [ 14.726115, 2.659541 ], [ 14.725688, 2.66049 ], [ 14.72566, 2.660551 ], [ 14.725342, 2.661331 ], [ 14.725344, 2.66136 ], [ 14.725459, 2.662776 ], [ 14.725528, 2.663671 ], [ 14.725576, 2.664451 ], [ 14.725577, 2.665322 ], [ 14.724963, 2.666057 ], [ 14.724436, 2.666317 ], [ 14.723846, 2.666609 ], [ 14.723117, 2.667252 ], [ 14.722752, 2.667712 ], [ 14.722575, 2.667936 ], [ 14.722388, 2.668171 ], [ 14.722291, 2.668521 ], [ 14.72207, 2.669318 ], [ 14.721617, 2.67019 ], [ 14.721516, 2.670121 ], [ 14.72045, 2.669389 ], [ 14.719353, 2.668243 ], [ 14.718416, 2.667395 ], [ 14.717594, 2.666938 ], [ 14.716726, 2.666663 ], [ 14.715768, 2.666573 ], [ 14.714855, 2.666574 ], [ 14.713805, 2.666804 ], [ 14.712984, 2.66708 ], [ 14.712621, 2.667815 ], [ 14.712599, 2.667875 ], [ 14.712349, 2.668549 ], [ 14.712396, 2.669238 ], [ 14.713035, 2.669742 ], [ 14.71372, 2.66997 ], [ 14.714314, 2.670245 ], [ 14.715136, 2.670427 ], [ 14.71573, 2.670977 ], [ 14.715426, 2.671345 ], [ 14.715047, 2.671804 ], [ 14.71497, 2.672232 ], [ 14.714866, 2.672813 ], [ 14.714503, 2.673777 ], [ 14.714454, 2.673818 ], [ 14.713592, 2.674513 ], [ 14.712589, 2.674927 ], [ 14.711812, 2.674927 ], [ 14.711174, 2.675066 ], [ 14.71049, 2.675434 ], [ 14.709852, 2.675985 ], [ 14.70958, 2.676582 ], [ 14.709472, 2.676939 ], [ 14.709239, 2.677707 ], [ 14.709629, 2.679105 ], [ 14.709996, 2.679977 ], [ 14.710591, 2.680894 ], [ 14.711005, 2.681994 ], [ 14.711325, 2.68282 ], [ 14.711373, 2.683737 ], [ 14.711238, 2.684953 ], [ 14.710966, 2.686124 ], [ 14.710602, 2.686858 ], [ 14.710376, 2.687547 ], [ 14.710924, 2.68828 ], [ 14.711542, 2.689106 ], [ 14.712161, 2.69016 ], [ 14.712436, 2.690894 ], [ 14.712803, 2.691765 ], [ 14.713078, 2.692453 ], [ 14.712829, 2.6936 ], [ 14.712756, 2.693608 ], [ 14.711939, 2.693693 ], [ 14.711139, 2.693258 ], [ 14.710157, 2.69264 ], [ 14.709517, 2.692182 ], [ 14.708604, 2.691999 ], [ 14.708566, 2.692031 ], [ 14.708057, 2.692459 ], [ 14.707876, 2.693331 ], [ 14.707878, 2.694249 ], [ 14.707788, 2.695074 ], [ 14.707413, 2.695557 ], [ 14.707288, 2.695717 ], [ 14.706514, 2.696636 ], [ 14.705693, 2.697279 ], [ 14.705625, 2.697798 ], [ 14.705603, 2.697968 ], [ 14.70565, 2.698748 ], [ 14.705241, 2.699689 ], [ 14.70529, 2.701042 ], [ 14.705315, 2.702556 ], [ 14.705432, 2.703979 ], [ 14.705616, 2.70485 ], [ 14.705635, 2.704938 ], [ 14.705636, 2.704942 ], [ 14.705687, 2.705177 ], [ 14.705755, 2.705492 ], [ 14.705812, 2.70578 ], [ 14.705825, 2.705846 ], [ 14.705892, 2.70618 ], [ 14.705894, 2.706823 ], [ 14.705271, 2.707047 ], [ 14.705255, 2.707053 ], [ 14.704753, 2.706641 ], [ 14.704158, 2.706274 ], [ 14.703564, 2.705908 ], [ 14.70279, 2.706276 ], [ 14.702787, 2.706282 ], [ 14.702471, 2.707148 ], [ 14.702291, 2.707974 ], [ 14.702074, 2.708007 ], [ 14.701378, 2.708113 ], [ 14.700693, 2.708343 ], [ 14.700638, 2.708411 ], [ 14.700056, 2.709124 ], [ 14.699556, 2.709813 ], [ 14.699328, 2.710455 ], [ 14.699102, 2.711098 ], [ 14.698692, 2.711695 ], [ 14.698144, 2.7122 ], [ 14.697852, 2.712274 ], [ 14.697745, 2.712301 ], [ 14.697232, 2.712431 ], [ 14.697229, 2.712431 ], [ 14.696114, 2.712386 ], [ 14.695042, 2.712571 ], [ 14.694547, 2.713007 ], [ 14.694153, 2.713352 ], [ 14.693836, 2.713453 ], [ 14.692853, 2.713767 ], [ 14.69153, 2.713585 ], [ 14.690799, 2.713632 ], [ 14.689476, 2.713817 ], [ 14.68909, 2.713903 ], [ 14.688655, 2.714001 ], [ 14.688307, 2.714244 ], [ 14.688062, 2.714415 ], [ 14.688023, 2.714536 ], [ 14.68779, 2.715241 ], [ 14.687883, 2.716205 ], [ 14.688158, 2.716847 ], [ 14.688707, 2.717443 ], [ 14.689346, 2.717809 ], [ 14.690214, 2.717945 ], [ 14.691082, 2.718082 ], [ 14.692109, 2.718356 ], [ 14.692109, 2.718356 ], [ 14.69211, 2.718356 ], [ 14.692864, 2.71886 ], [ 14.692637, 2.719686 ], [ 14.692393, 2.719838 ], [ 14.69168, 2.720284 ], [ 14.691528, 2.720303 ], [ 14.69095, 2.720376 ], [ 14.690265, 2.720423 ], [ 14.689215, 2.720562 ], [ 14.688485, 2.721067 ], [ 14.687802, 2.721711 ], [ 14.687736, 2.722834 ], [ 14.687736, 2.722835 ], [ 14.687624, 2.72373 ], [ 14.687534, 2.724418 ], [ 14.687079, 2.725107 ], [ 14.686727, 2.725057 ], [ 14.686439, 2.725016 ], [ 14.685571, 2.72426 ], [ 14.685571, 2.72426 ], [ 14.684793, 2.723366 ], [ 14.684199, 2.722587 ], [ 14.68374, 2.721899 ], [ 14.682929, 2.721223 ], [ 14.682914, 2.721291 ], [ 14.682737, 2.722084 ], [ 14.682784, 2.72291 ], [ 14.682878, 2.723873 ], [ 14.682289, 2.723688 ], [ 14.682009, 2.723599 ], [ 14.681051, 2.723279 ], [ 14.679772, 2.723143 ], [ 14.678859, 2.722915 ], [ 14.678241, 2.722067 ], [ 14.678241, 2.722066 ], [ 14.678033, 2.720943 ], [ 14.677302, 2.720439 ], [ 14.677061, 2.720482 ], [ 14.676526, 2.720577 ], [ 14.675568, 2.720808 ], [ 14.674793, 2.72113 ], [ 14.674063, 2.721498 ], [ 14.673928, 2.722324 ], [ 14.673884, 2.723012 ], [ 14.673977, 2.723884 ], [ 14.673476, 2.724665 ], [ 14.673114, 2.724627 ], [ 14.671741, 2.724483 ], [ 14.671269, 2.724824 ], [ 14.671103, 2.724943 ], [ 14.670693, 2.725448 ], [ 14.670158, 2.725349 ], [ 14.669461, 2.72522 ], [ 14.668547, 2.724854 ], [ 14.667771, 2.724947 ], [ 14.667542, 2.72544 ], [ 14.66743, 2.725682 ], [ 14.667729, 2.726783 ], [ 14.667708, 2.727103 ], [ 14.667684, 2.727471 ], [ 14.667418, 2.728186 ], [ 14.66739, 2.728183 ], [ 14.666934, 2.728142 ], [ 14.666636, 2.728114 ], [ 14.665785, 2.728251 ], [ 14.665769, 2.728253 ], [ 14.665039, 2.728483 ], [ 14.664492, 2.728943 ], [ 14.664128, 2.729632 ], [ 14.663745, 2.730338 ], [ 14.663344, 2.730169 ], [ 14.662942, 2.73 ], [ 14.662942, 2.73 ], [ 14.662167, 2.730001 ], [ 14.661277, 2.730301 ], [ 14.661179, 2.73039 ], [ 14.660297, 2.731196 ], [ 14.660664, 2.732297 ], [ 14.660986, 2.733261 ], [ 14.660986, 2.733261 ], [ 14.661352, 2.734086 ], [ 14.661352, 2.734086 ], [ 14.661352, 2.734086 ], [ 14.661583, 2.735187 ], [ 14.66163, 2.736059 ], [ 14.661266, 2.736793 ], [ 14.660674, 2.737253 ], [ 14.659945, 2.737736 ], [ 14.659275, 2.737839 ], [ 14.658895, 2.737898 ], [ 14.658074, 2.738128 ], [ 14.656798, 2.73891 ], [ 14.656445, 2.739341 ], [ 14.65616, 2.739691 ], [ 14.65616, 2.739693 ], [ 14.656024, 2.740425 ], [ 14.655502, 2.741596 ], [ 14.654845, 2.741715 ], [ 14.654678, 2.741745 ], [ 14.654612, 2.741757 ], [ 14.653881, 2.741483 ], [ 14.653286, 2.741116 ], [ 14.652556, 2.74098 ], [ 14.651799, 2.741289 ], [ 14.651496, 2.741412 ], [ 14.651484, 2.741417 ], [ 14.651418, 2.742404 ], [ 14.651419, 2.743138 ], [ 14.650791, 2.743816 ], [ 14.650785, 2.743823 ], [ 14.650781, 2.743827 ], [ 14.650754, 2.743965 ], [ 14.650713, 2.744172 ], [ 14.650645, 2.744515 ], [ 14.650397, 2.745365 ], [ 14.649811, 2.745471 ], [ 14.649726, 2.745486 ], [ 14.649507, 2.745526 ], [ 14.648593, 2.745482 ], [ 14.647727, 2.745437 ], [ 14.646859, 2.745713 ], [ 14.646822, 2.745839 ], [ 14.64668, 2.746319 ], [ 14.646587, 2.746631 ], [ 14.646635, 2.747365 ], [ 14.646589, 2.748008 ], [ 14.64577, 2.748605 ], [ 14.645562, 2.748605 ], [ 14.645418, 2.748606 ], [ 14.645085, 2.748606 ], [ 14.644627, 2.747964 ], [ 14.644306, 2.747276 ], [ 14.643939, 2.746543 ], [ 14.643255, 2.746544 ], [ 14.642688, 2.746925 ], [ 14.642571, 2.747003 ], [ 14.642444, 2.746993 ], [ 14.641429, 2.746913 ], [ 14.64047, 2.746593 ], [ 14.639649, 2.74641 ], [ 14.639422, 2.746601 ], [ 14.638828, 2.7471 ], [ 14.63878, 2.747157 ], [ 14.638099, 2.747972 ], [ 14.63738, 2.748631 ], [ 14.637096, 2.748891 ], [ 14.63664, 2.749374 ], [ 14.636186, 2.749856 ], [ 14.635593, 2.750224 ], [ 14.634636, 2.750867 ], [ 14.633746, 2.751075 ], [ 14.633339, 2.751033 ], [ 14.632772, 2.750973 ], [ 14.632445, 2.750939 ], [ 14.631576, 2.750458 ], [ 14.630937, 2.75023 ], [ 14.63016, 2.749726 ], [ 14.629338, 2.749176 ], [ 14.628609, 2.748724 ], [ 14.62635, 2.748935 ], [ 14.624602, 2.749282 ], [ 14.623872, 2.749426 ], [ 14.620159, 2.750787 ], [ 14.617783, 2.752621 ], [ 14.615311, 2.754359 ], [ 14.613689, 2.754367 ], [ 14.613148, 2.754234 ], [ 14.610804, 2.753656 ], [ 14.610633, 2.753614 ], [ 14.608347, 2.754296 ] ] ] ] } },
{ "type": "Feature", "properties": { "tg_type": "FON.AIRE_PROTEGEE", "nom": "Bakossi", "source_id": "64479032-6224-4D9E-9C25-8E88E597B3D6", "source": "MINFOF_WRI_ATLAS_FORESTIER_SIG_2018", "statut": "IMPORTE", "date_source": "2015-11-30", "regime_tg": "AIRE_PROTEGEE", "categorie": "aire_protegee", "desc_type": "Parc national", "cat_uicn": "II", "wdpaid": 555547998.0, "statu_crea": "cree", "statu_amgt": "non_amenage", "date_prop": null, "date_crea": "2007-11-28", "date_amgt": null, "sup_adm_ha": 29320, "sup_sig_ha": 29318.0 }, "geometry": { "type": "MultiPolygon", "coordinates": [ [ [ [ 9.526691, 5.135518 ], [ 9.555183, 5.084919 ], [ 9.530242, 5.034532 ], [ 9.530663, 4.988803 ], [ 9.617796, 4.987526 ], [ 9.617788, 4.987096 ], [ 9.617573, 4.975026 ], [ 9.617571, 4.974902 ], [ 9.665685, 4.973683 ], [ 9.695193, 4.99579 ], [ 9.695113, 4.996091 ], [ 9.721029, 5.048146 ], [ 9.721262, 5.048613 ], [ 9.722389, 5.100909 ], [ 9.722133, 5.100916 ], [ 9.645748, 5.102938 ], [ 9.645774, 5.103528 ], [ 9.593, 5.138103 ], [ 9.592478, 5.138207 ], [ 9.590746, 5.138554 ], [ 9.588041, 5.139005 ], [ 9.585336, 5.139681 ], [ 9.582631, 5.13923 ], [ 9.579025, 5.13923 ], [ 9.57632, 5.140132 ], [ 9.573615, 5.140808 ], [ 9.571811, 5.139906 ], [ 9.568656, 5.139681 ], [ 9.567078, 5.139005 ], [ 9.565049, 5.139005 ], [ 9.564147, 5.140132 ], [ 9.562795, 5.140582 ], [ 9.561893, 5.14216 ], [ 9.560541, 5.143287 ], [ 9.558737, 5.144414 ], [ 9.556483, 5.145091 ], [ 9.554905, 5.144414 ], [ 9.5522, 5.143964 ], [ 9.549045, 5.143738 ], [ 9.547241, 5.143964 ], [ 9.545438, 5.143738 ], [ 9.543409, 5.142386 ], [ 9.540704, 5.143964 ], [ 9.538225, 5.143287 ], [ 9.535745, 5.141935 ], [ 9.534167, 5.141484 ], [ 9.53304, 5.140357 ], [ 9.532364, 5.138779 ], [ 9.530335, 5.137427 ], [ 9.528983, 5.136525 ], [ 9.526728, 5.136074 ], [ 9.526691, 5.135518 ] ] ] ] } },
{ "type": "Feature", "properties": { "tg_type": "FON.AIRE_PROTEGEE", "nom": "Kom", "source_id": "040A2204-E57C-46EB-89EF-4756F501C1BA", "source": "MINFOF_WRI_ATLAS_FORESTIER_SIG_2018", "statut": "IMPORTE", "date_source": "2016-12-20", "regime_tg": "AIRE_PROTEGEE", "categorie": "aire_protegee", "desc_type": "Parc national", "cat_uicn": "II", "wdpaid": 555547997.0, "statu_crea": "propose", "statu_amgt": "non_amenage", "date_prop": null, "date_crea": null, "date_amgt": null, "sup_adm_ha": 67838, "sup_sig_ha": 67839.0 }, "geometry": { "type": "MultiPolygon", "coordinates": [ [ [ [ 12.601062, 2.402919 ], [ 12.599939, 2.403532 ], [ 12.598613, 2.403939 ], [ 12.597694, 2.404143 ], [ 12.597082, 2.404449 ], [ 12.596367, 2.404858 ], [ 12.595143, 2.405061 ], [ 12.593714, 2.405365 ], [ 12.592897, 2.405979 ], [ 12.591979, 2.406285 ], [ 12.590856, 2.406693 ], [ 12.590244, 2.406692 ], [ 12.589123, 2.406485 ], [ 12.587798, 2.406175 ], [ 12.587187, 2.405661 ], [ 12.585964, 2.405044 ], [ 12.585047, 2.404222 ], [ 12.584131, 2.403298 ], [ 12.583418, 2.402886 ], [ 12.582501, 2.402475 ], [ 12.581786, 2.402781 ], [ 12.580971, 2.402779 ], [ 12.580256, 2.402983 ], [ 12.578522, 2.403288 ], [ 12.576482, 2.403489 ], [ 12.575054, 2.403384 ], [ 12.574239, 2.403075 ], [ 12.573221, 2.402048 ], [ 12.571897, 2.400713 ], [ 12.571185, 2.399994 ], [ 12.570065, 2.399069 ], [ 12.568843, 2.397632 ], [ 12.567825, 2.396708 ], [ 12.566908, 2.396398 ], [ 12.565482, 2.395473 ], [ 12.563953, 2.394855 ], [ 12.56273, 2.394341 ], [ 12.561405, 2.393928 ], [ 12.559672, 2.393515 ], [ 12.558346, 2.393513 ], [ 12.556817, 2.393202 ], [ 12.555084, 2.392584 ], [ 12.553453, 2.392479 ], [ 12.552025, 2.392271 ], [ 12.550191, 2.391755 ], [ 12.548763, 2.391445 ], [ 12.507903, 2.389034 ], [ 12.507632, 2.387658 ], [ 12.507362, 2.386007 ], [ 12.507274, 2.384081 ], [ 12.507368, 2.382522 ], [ 12.507189, 2.380687 ], [ 12.506918, 2.378944 ], [ 12.505553, 2.377383 ], [ 12.503639, 2.376187 ], [ 12.501724, 2.375449 ], [ 12.500447, 2.374897 ], [ 12.499262, 2.374253 ], [ 12.498019, 2.3749 ], [ 12.496979, 2.375441 ], [ 12.462123, 2.375008 ], [ 12.443947, 2.38069 ], [ 12.443233, 2.380996 ], [ 12.442009, 2.381097 ], [ 12.44109, 2.381505 ], [ 12.439968, 2.381605 ], [ 12.438745, 2.381398 ], [ 12.43691, 2.381087 ], [ 12.435789, 2.38088 ], [ 12.43528, 2.380469 ], [ 12.434771, 2.379648 ], [ 12.433753, 2.378826 ], [ 12.433143, 2.37821 ], [ 12.432329, 2.377286 ], [ 12.431208, 2.376361 ], [ 12.429987, 2.375334 ], [ 12.428765, 2.374307 ], [ 12.428052, 2.37369 ], [ 12.427609, 2.372873 ], [ 12.427468, 2.372445 ], [ 12.427186, 2.371447 ], [ 12.426905, 2.370306 ], [ 12.426623, 2.369023 ], [ 12.426201, 2.367454 ], [ 12.425494, 2.366455 ], [ 12.424928, 2.365599 ], [ 12.424079, 2.364457 ], [ 12.423514, 2.3636 ], [ 12.42309, 2.362744 ], [ 12.422525, 2.361461 ], [ 12.421395, 2.359178 ], [ 12.421256, 2.357467 ], [ 12.420691, 2.356611 ], [ 12.419984, 2.355184 ], [ 12.41942, 2.353758 ], [ 12.418996, 2.353187 ], [ 12.418287, 2.352758 ], [ 12.417297, 2.351473 ], [ 12.416305, 2.351044 ], [ 12.415597, 2.3509 ], [ 12.41503, 2.350471 ], [ 12.414464, 2.3499 ], [ 12.413755, 2.349614 ], [ 12.413189, 2.349042 ], [ 12.412623, 2.348329 ], [ 12.411491, 2.347471 ], [ 12.410358, 2.346614 ], [ 12.409366, 2.346184 ], [ 12.408517, 2.345328 ], [ 12.407952, 2.344044 ], [ 12.407102, 2.343472 ], [ 12.406251, 2.34347 ], [ 12.405401, 2.343326 ], [ 12.40526, 2.342756 ], [ 12.404835, 2.342327 ], [ 12.404269, 2.341899 ], [ 12.403843, 2.342183 ], [ 12.402991, 2.342751 ], [ 12.402282, 2.343035 ], [ 12.401289, 2.342748 ], [ 12.40115, 2.341608 ], [ 12.400583, 2.341322 ], [ 12.399449, 2.341319 ], [ 12.398739, 2.341461 ], [ 12.397463, 2.341601 ], [ 12.396327, 2.342169 ], [ 12.395617, 2.34288 ], [ 12.394198, 2.343162 ], [ 12.39292, 2.344015 ], [ 12.391926, 2.345153 ], [ 12.391074, 2.345579 ], [ 12.390081, 2.346005 ], [ 12.389087, 2.346573 ], [ 12.387668, 2.346855 ], [ 12.386817, 2.346854 ], [ 12.3871, 2.347567 ], [ 12.387382, 2.348138 ], [ 12.387948, 2.348994 ], [ 12.388939, 2.349708 ], [ 12.390072, 2.350566 ], [ 12.390922, 2.350995 ], [ 12.39163, 2.351709 ], [ 12.392479, 2.352281 ], [ 12.393186, 2.353422 ], [ 12.394319, 2.354422 ], [ 12.3946, 2.355563 ], [ 12.39545, 2.355992 ], [ 12.396724, 2.357277 ], [ 12.397572, 2.358562 ], [ 12.398421, 2.359846 ], [ 12.399126, 2.361558 ], [ 12.399407, 2.362984 ], [ 12.399973, 2.363983 ], [ 12.39997, 2.36555 ], [ 12.399965, 2.367973 ], [ 12.399536, 2.369826 ], [ 12.399392, 2.370965 ], [ 12.399248, 2.372105 ], [ 12.399103, 2.373673 ], [ 12.398533, 2.374955 ], [ 12.397978, 2.375986 ], [ 12.366729, 2.381392 ], [ 12.365448, 2.382674 ], [ 12.364441, 2.38414 ], [ 12.364256, 2.385057 ], [ 12.363981, 2.385975 ], [ 12.363977, 2.38781 ], [ 12.364156, 2.389645 ], [ 12.36397, 2.391663 ], [ 12.363331, 2.392325 ], [ 12.362107, 2.393551 ], [ 12.360985, 2.394776 ], [ 12.360985, 2.394776 ], [ 12.360066, 2.396309 ], [ 12.359452, 2.397843 ], [ 12.358736, 2.399581 ], [ 12.358529, 2.401013 ], [ 12.31813, 2.396251 ], [ 12.29586, 2.393866 ], [ 12.295917, 2.393344 ], [ 12.296065, 2.392824 ], [ 12.296516, 2.391903 ], [ 12.296703, 2.390893 ], [ 12.296835, 2.389646 ], [ 12.296835, 2.38898 ], [ 12.296835, 2.388372 ], [ 12.296447, 2.387233 ], [ 12.296096, 2.386918 ], [ 12.295899, 2.386423 ], [ 12.295891, 2.385917 ], [ 12.295884, 2.385466 ], [ 12.295666, 2.384812 ], [ 12.279359, 2.36403 ], [ 12.245765, 2.357113 ], [ 12.245325, 2.35724 ], [ 12.244341, 2.357543 ], [ 12.243932, 2.35785 ], [ 12.243523, 2.358464 ], [ 12.242503, 2.358667 ], [ 12.241381, 2.358972 ], [ 12.240769, 2.359176 ], [ 12.240157, 2.359379 ], [ 12.239341, 2.359685 ], [ 12.238219, 2.359888 ], [ 12.237466, 2.359956 ], [ 12.236994, 2.360295 ], [ 12.236483, 2.360806 ], [ 12.235941, 2.361503 ], [ 12.235588, 2.362307 ], [ 12.235254, 2.363571 ], [ 12.234822, 2.364327 ], [ 12.234117, 2.365463 ], [ 12.233413, 2.366334 ], [ 12.232902, 2.367153 ], [ 12.232289, 2.367664 ], [ 12.231676, 2.368482 ], [ 12.231165, 2.368994 ], [ 12.230144, 2.369914 ], [ 12.228875, 2.37024 ], [ 12.227704, 2.370237 ], [ 12.226404, 2.370094 ], [ 12.225363, 2.369578 ], [ 12.224258, 2.369118 ], [ 12.223217, 2.368658 ], [ 12.222438, 2.367872 ], [ 12.221659, 2.367151 ], [ 12.22088, 2.366168 ], [ 12.220361, 2.365186 ], [ 12.219973, 2.36427 ], [ 12.219519, 2.363419 ], [ 12.219325, 2.36283 ], [ 12.185792, 2.373486 ], [ 12.184423, 2.374594 ], [ 12.183445, 2.375704 ], [ 12.182857, 2.376815 ], [ 12.182009, 2.377859 ], [ 12.180966, 2.378642 ], [ 12.179988, 2.379294 ], [ 12.178834, 2.379695 ], [ 12.178161, 2.379929 ], [ 12.177513, 2.380154 ], [ 12.176801, 2.37964 ], [ 12.176598, 2.379127 ], [ 12.175987, 2.378818 ], [ 12.17568, 2.379228 ], [ 12.175169, 2.379739 ], [ 12.174556, 2.380352 ], [ 12.173637, 2.380965 ], [ 12.172719, 2.381168 ], [ 12.171801, 2.381576 ], [ 12.170577, 2.381676 ], [ 12.16915, 2.381673 ], [ 12.167111, 2.381566 ], [ 12.166194, 2.381257 ], [ 12.16548, 2.381255 ], [ 12.164156, 2.380945 ], [ 12.163035, 2.380635 ], [ 12.145909, 2.379882 ], [ 12.14489, 2.379265 ], [ 12.14377, 2.378648 ], [ 12.142139, 2.378439 ], [ 12.141018, 2.378437 ], [ 12.139794, 2.378639 ], [ 12.138979, 2.378432 ], [ 12.137857, 2.37843 ], [ 12.137246, 2.378121 ], [ 12.137043, 2.377711 ], [ 12.136228, 2.377607 ], [ 12.13633, 2.376422 ], [ 12.136697, 2.375689 ], [ 12.137154, 2.374956 ], [ 12.137339, 2.374039 ], [ 12.137797, 2.373123 ], [ 12.13862, 2.372482 ], [ 12.138805, 2.371382 ], [ 12.139081, 2.37019 ], [ 12.138993, 2.368905 ], [ 12.138995, 2.367713 ], [ 12.139089, 2.366795 ], [ 12.138544, 2.36551 ], [ 12.138454, 2.364684 ], [ 12.138639, 2.363675 ], [ 12.139189, 2.362667 ], [ 12.139373, 2.36198 ], [ 12.139688, 2.361171 ], [ 12.139832, 2.360604 ], [ 12.140142, 2.359847 ], [ 12.140414, 2.359185 ], [ 12.140795, 2.358451 ], [ 12.141034, 2.357789 ], [ 12.14123, 2.357246 ], [ 12.141392, 2.3568 ], [ 12.141119, 2.356204 ], [ 12.141075, 2.355515 ], [ 12.140939, 2.354919 ], [ 12.140437, 2.354553 ], [ 12.140119, 2.354321 ], [ 12.139937, 2.35377 ], [ 12.139344, 2.353631 ], [ 12.139164, 2.352759 ], [ 12.138532, 2.351789 ], [ 12.138026, 2.351014 ], [ 12.137363, 2.349983 ], [ 12.13698, 2.349635 ], [ 12.136844, 2.349085 ], [ 12.136526, 2.348304 ], [ 12.136162, 2.347707 ], [ 12.135661, 2.347339 ], [ 12.135582, 2.346821 ], [ 12.135344, 2.346237 ], [ 12.135117, 2.345595 ], [ 12.135211, 2.344402 ], [ 12.135121, 2.343622 ], [ 12.135167, 2.342797 ], [ 12.135216, 2.341925 ], [ 12.135123, 2.341116 ], [ 12.134762, 2.34064 ], [ 12.13472, 2.34001 ], [ 12.134217, 2.339446 ], [ 12.133899, 2.33862 ], [ 12.133468, 2.338107 ], [ 12.133125, 2.337701 ], [ 12.133218, 2.33715 ], [ 12.13258, 2.336599 ], [ 12.131985, 2.336107 ], [ 12.131578, 2.335771 ], [ 12.131154, 2.3353 ], [ 12.130667, 2.33476 ], [ 12.129846, 2.334391 ], [ 12.129207, 2.33439 ], [ 12.128844, 2.333701 ], [ 12.128239, 2.333472 ], [ 12.127749, 2.333286 ], [ 12.127045, 2.332809 ], [ 12.130346, 2.313567 ], [ 12.130074, 2.312832 ], [ 12.129893, 2.311823 ], [ 12.129165, 2.310629 ], [ 12.128163, 2.309801 ], [ 12.127525, 2.309524 ], [ 12.126613, 2.309156 ], [ 12.125793, 2.308328 ], [ 12.124882, 2.307776 ], [ 12.12397, 2.307315 ], [ 12.123058, 2.306946 ], [ 12.121689, 2.306852 ], [ 12.120412, 2.306482 ], [ 12.119683, 2.305839 ], [ 12.118862, 2.305745 ], [ 12.118133, 2.305101 ], [ 12.117039, 2.304182 ], [ 12.116129, 2.303171 ], [ 12.1154, 2.302435 ], [ 12.114854, 2.3017 ], [ 12.113943, 2.300873 ], [ 12.113214, 2.300137 ], [ 12.112759, 2.299494 ], [ 12.111758, 2.298024 ], [ 12.111396, 2.297014 ], [ 12.110941, 2.296188 ], [ 12.111034, 2.295179 ], [ 12.111219, 2.29417 ], [ 12.111403, 2.293528 ], [ 12.111678, 2.292611 ], [ 12.111864, 2.291236 ], [ 12.112322, 2.290227 ], [ 12.112781, 2.288944 ], [ 12.113478, 2.287593 ], [ 12.114089, 2.288209 ], [ 12.1147, 2.28821 ], [ 12.115412, 2.288827 ], [ 12.11582, 2.289135 ], [ 12.116227, 2.289546 ], [ 12.116939, 2.289957 ], [ 12.117958, 2.290266 ], [ 12.118773, 2.290678 ], [ 12.119281, 2.291294 ], [ 12.120707, 2.291809 ], [ 12.121624, 2.292426 ], [ 12.12305, 2.292941 ], [ 12.123763, 2.293148 ], [ 12.124783, 2.293047 ], [ 12.125497, 2.292741 ], [ 12.126109, 2.292435 ], [ 12.126721, 2.292232 ], [ 12.126824, 2.291822 ], [ 12.126723, 2.291104 ], [ 12.126726, 2.289772 ], [ 12.127033, 2.289363 ], [ 12.127441, 2.289159 ], [ 12.127951, 2.288955 ], [ 12.128054, 2.288545 ], [ 12.128463, 2.287727 ], [ 12.129178, 2.287421 ], [ 12.129586, 2.287319 ], [ 12.130809, 2.287322 ], [ 12.131219, 2.28599 ], [ 12.132242, 2.28466 ], [ 12.132956, 2.284252 ], [ 12.133976, 2.284049 ], [ 12.135608, 2.283643 ], [ 12.136322, 2.283234 ], [ 12.137139, 2.282621 ], [ 12.138465, 2.282419 ], [ 12.139586, 2.282524 ], [ 12.140605, 2.282423 ], [ 12.141014, 2.282219 ], [ 12.141728, 2.281913 ], [ 12.142444, 2.280685 ], [ 12.142752, 2.279661 ], [ 12.143263, 2.278945 ], [ 12.144385, 2.278742 ], [ 12.145813, 2.278438 ], [ 12.146426, 2.277619 ], [ 12.147141, 2.276801 ], [ 12.148264, 2.276086 ], [ 12.149284, 2.275781 ], [ 12.150304, 2.27568 ], [ 12.151629, 2.27558 ], [ 12.15265, 2.27507 ], [ 12.15367, 2.274662 ], [ 12.154179, 2.274766 ], [ 12.154892, 2.275075 ], [ 12.155198, 2.275178 ], [ 12.155606, 2.275179 ], [ 12.156115, 2.27559 ], [ 12.156216, 2.275795 ], [ 12.157031, 2.276001 ], [ 12.157744, 2.27631 ], [ 12.158253, 2.276926 ], [ 12.158557, 2.277542 ], [ 12.159066, 2.278157 ], [ 12.159474, 2.278158 ], [ 12.16039, 2.27857 ], [ 12.161104, 2.278571 ], [ 12.161919, 2.27888 ], [ 12.162326, 2.279291 ], [ 12.163141, 2.279703 ], [ 12.163854, 2.279909 ], [ 12.164668, 2.28073 ], [ 12.164666, 2.28155 ], [ 12.164971, 2.282063 ], [ 12.165887, 2.282782 ], [ 12.165988, 2.283397 ], [ 12.165884, 2.284114 ], [ 12.165781, 2.284934 ], [ 12.166188, 2.285242 ], [ 12.166902, 2.285244 ], [ 12.167717, 2.285143 ], [ 12.168227, 2.285041 ], [ 12.169349, 2.284736 ], [ 12.170471, 2.284431 ], [ 12.171491, 2.284126 ], [ 12.172206, 2.28382 ], [ 12.172511, 2.28382 ], [ 12.173022, 2.283617 ], [ 12.173226, 2.283105 ], [ 12.173738, 2.282388 ], [ 12.174247, 2.282492 ], [ 12.174655, 2.282595 ], [ 12.17496, 2.282903 ], [ 12.176386, 2.283316 ], [ 12.176693, 2.283112 ], [ 12.177203, 2.28301 ], [ 12.178222, 2.28291 ], [ 12.179242, 2.282605 ], [ 12.179854, 2.282503 ], [ 12.180263, 2.281889 ], [ 12.180978, 2.281378 ], [ 12.181896, 2.281073 ], [ 12.182202, 2.280766 ], [ 12.182712, 2.280665 ], [ 12.183018, 2.280563 ], [ 12.183732, 2.280462 ], [ 12.184752, 2.280464 ], [ 12.186281, 2.280364 ], [ 12.186892, 2.280878 ], [ 12.187503, 2.281289 ], [ 12.188012, 2.281495 ], [ 12.188726, 2.281497 ], [ 12.189236, 2.281395 ], [ 12.189644, 2.280884 ], [ 12.190868, 2.280579 ], [ 12.192295, 2.280786 ], [ 12.193315, 2.280788 ], [ 12.194539, 2.280484 ], [ 12.195966, 2.280486 ], [ 12.19719, 2.280386 ], [ 12.198311, 2.280286 ], [ 12.199027, 2.279263 ], [ 12.20015, 2.278445 ], [ 12.201271, 2.278345 ], [ 12.202392, 2.278962 ], [ 12.204327, 2.279888 ], [ 12.204836, 2.280402 ], [ 12.206261, 2.281224 ], [ 12.206566, 2.28184 ], [ 12.207278, 2.282661 ], [ 12.207891, 2.28215 ], [ 12.207995, 2.281125 ], [ 12.208404, 2.280511 ], [ 12.208811, 2.280922 ], [ 12.209933, 2.280617 ], [ 12.210137, 2.280515 ], [ 12.211157, 2.280312 ], [ 12.211464, 2.279698 ], [ 12.211772, 2.278673 ], [ 12.213198, 2.278881 ], [ 12.213912, 2.278985 ], [ 12.214627, 2.278372 ], [ 12.214934, 2.277655 ], [ 12.214936, 2.276528 ], [ 12.215041, 2.275196 ], [ 12.215247, 2.274069 ], [ 12.215961, 2.273763 ], [ 12.216676, 2.273355 ], [ 12.217188, 2.272126 ], [ 12.218209, 2.271206 ], [ 12.219333, 2.270183 ], [ 12.220456, 2.269263 ], [ 12.220865, 2.268547 ], [ 12.220867, 2.267522 ], [ 12.220768, 2.26619 ], [ 12.220769, 2.26537 ], [ 12.221179, 2.264448 ], [ 12.221588, 2.263629 ], [ 12.222099, 2.263015 ], [ 12.222917, 2.262197 ], [ 12.22353, 2.261481 ], [ 12.225264, 2.26087 ], [ 12.226692, 2.260565 ], [ 12.227611, 2.259952 ], [ 12.228733, 2.259442 ], [ 12.229855, 2.259137 ], [ 12.230977, 2.258729 ], [ 12.231385, 2.25873 ], [ 12.232303, 2.258527 ], [ 12.233119, 2.258426 ], [ 12.233936, 2.257813 ], [ 12.234344, 2.257403 ], [ 12.23506, 2.256483 ], [ 12.235775, 2.255767 ], [ 12.236592, 2.255153 ], [ 12.23751, 2.254643 ], [ 12.238123, 2.254234 ], [ 12.239348, 2.253314 ], [ 12.240164, 2.252906 ], [ 12.241388, 2.252806 ], [ 12.242408, 2.252398 ], [ 12.243734, 2.252093 ], [ 12.244958, 2.251583 ], [ 12.246182, 2.251688 ], [ 12.246487, 2.252098 ], [ 12.246588, 2.252509 ], [ 12.246893, 2.252919 ], [ 12.247707, 2.253843 ], [ 12.248828, 2.254153 ], [ 12.249745, 2.254257 ], [ 12.250254, 2.254668 ], [ 12.251069, 2.254874 ], [ 12.251988, 2.254159 ], [ 12.252701, 2.254262 ], [ 12.253007, 2.254571 ], [ 12.253822, 2.25488 ], [ 12.254434, 2.254573 ], [ 12.255044, 2.255599 ], [ 12.255451, 2.256113 ], [ 12.256266, 2.256012 ], [ 12.256775, 2.256423 ], [ 12.256977, 2.257448 ], [ 12.256976, 2.258063 ], [ 12.257076, 2.258985 ], [ 12.257176, 2.259908 ], [ 12.258195, 2.260422 ], [ 12.25901, 2.260629 ], [ 12.259825, 2.261245 ], [ 12.260539, 2.260939 ], [ 12.261152, 2.26012 ], [ 12.262173, 2.259712 ], [ 12.263192, 2.259817 ], [ 12.264007, 2.259921 ], [ 12.264721, 2.259922 ], [ 12.265028, 2.259513 ], [ 12.265029, 2.258898 ], [ 12.265234, 2.257976 ], [ 12.265746, 2.25726 ], [ 12.266356, 2.257671 ], [ 12.26707, 2.25798 ], [ 12.267783, 2.258084 ], [ 12.2687, 2.25829 ], [ 12.268699, 2.25911 ], [ 12.268085, 2.260236 ], [ 12.26839, 2.260647 ], [ 12.269307, 2.260649 ], [ 12.269716, 2.260137 ], [ 12.27094, 2.259729 ], [ 12.272367, 2.260142 ], [ 12.272774, 2.260553 ], [ 12.274303, 2.260863 ], [ 12.275527, 2.260558 ], [ 12.27675, 2.260561 ], [ 12.277462, 2.261689 ], [ 12.277868, 2.262305 ], [ 12.278275, 2.263126 ], [ 12.279803, 2.263333 ], [ 12.280722, 2.263028 ], [ 12.282046, 2.26344 ], [ 12.282657, 2.264056 ], [ 12.283369, 2.264775 ], [ 12.284081, 2.265904 ], [ 12.284895, 2.266315 ], [ 12.285812, 2.266932 ], [ 12.286013, 2.268162 ], [ 12.28642, 2.268983 ], [ 12.287437, 2.270112 ], [ 12.287536, 2.271444 ], [ 12.287533, 2.273084 ], [ 12.288551, 2.274213 ], [ 12.289263, 2.275035 ], [ 12.290178, 2.276164 ], [ 12.291298, 2.277088 ], [ 12.293336, 2.277707 ], [ 12.295985, 2.278737 ], [ 12.29843, 2.279664 ], [ 12.300569, 2.28059 ], [ 12.30383, 2.281724 ], [ 12.30495, 2.282546 ], [ 12.306886, 2.283062 ], [ 12.308925, 2.283169 ], [ 12.310149, 2.282761 ], [ 12.312087, 2.282662 ], [ 12.313412, 2.282665 ], [ 12.314636, 2.282667 ], [ 12.315554, 2.282259 ], [ 12.318002, 2.281649 ], [ 12.319124, 2.281241 ], [ 12.320451, 2.280731 ], [ 12.322592, 2.280838 ], [ 12.325754, 2.280024 ], [ 12.328712, 2.27921 ], [ 12.329631, 2.278904 ], [ 12.331773, 2.278396 ], [ 12.334833, 2.27748 ], [ 12.337485, 2.27687 ], [ 12.338403, 2.276667 ], [ 12.34126, 2.275954 ], [ 12.342076, 2.275546 ], [ 12.344116, 2.275038 ], [ 12.345544, 2.27463 ], [ 12.34738, 2.274326 ], [ 12.348707, 2.273919 ], [ 12.350747, 2.273308 ], [ 12.35187, 2.272695 ], [ 12.353705, 2.272699 ], [ 12.356459, 2.271884 ], [ 12.358296, 2.271272 ], [ 12.36003, 2.270968 ], [ 12.362988, 2.270359 ], [ 12.364722, 2.26985 ], [ 12.366354, 2.269443 ], [ 12.367069, 2.269034 ], [ 12.369415, 2.268526 ], [ 12.371863, 2.267916 ], [ 12.372781, 2.26761 ], [ 12.375434, 2.266898 ], [ 12.378698, 2.266186 ], [ 12.379412, 2.26588 ], [ 12.382778, 2.265374 ], [ 12.385429, 2.265072 ], [ 12.386653, 2.264869 ], [ 12.388999, 2.264566 ], [ 12.391957, 2.263956 ], [ 12.393385, 2.263959 ], [ 12.395629, 2.263553 ], [ 12.398485, 2.263046 ], [ 12.40134, 2.262744 ], [ 12.403788, 2.262441 ], [ 12.407052, 2.26173 ], [ 12.410724, 2.261224 ], [ 12.41358, 2.260512 ], [ 12.416436, 2.26021 ], [ 12.419801, 2.259601 ], [ 12.422964, 2.258992 ], [ 12.425921, 2.258485 ], [ 12.428472, 2.257977 ], [ 12.430103, 2.257672 ], [ 12.432959, 2.25737 ], [ 12.435203, 2.256862 ], [ 12.436835, 2.256762 ], [ 12.439487, 2.256357 ], [ 12.441526, 2.256156 ], [ 12.442955, 2.255544 ], [ 12.445505, 2.255241 ], [ 12.447647, 2.254835 ], [ 12.448565, 2.254631 ], [ 12.451625, 2.254022 ], [ 12.452849, 2.254127 ], [ 12.45499, 2.253925 ], [ 12.457132, 2.253929 ], [ 12.458661, 2.25383 ], [ 12.460701, 2.253833 ], [ 12.463657, 2.254146 ], [ 12.465085, 2.254149 ], [ 12.467532, 2.254256 ], [ 12.469979, 2.254157 ], [ 12.472731, 2.254675 ], [ 12.475076, 2.255192 ], [ 12.477725, 2.256324 ], [ 12.479763, 2.257352 ], [ 12.483532, 2.259102 ], [ 12.486793, 2.260235 ], [ 12.488118, 2.260852 ], [ 12.490155, 2.261983 ], [ 12.491378, 2.262396 ], [ 12.492499, 2.26291 ], [ 12.493722, 2.26322 ], [ 12.494742, 2.263222 ], [ 12.495864, 2.262916 ], [ 12.496885, 2.262406 ], [ 12.498108, 2.262715 ], [ 12.499638, 2.262615 ], [ 12.502086, 2.26221 ], [ 12.502901, 2.262416 ], [ 12.505043, 2.26201 ], [ 12.508103, 2.261708 ], [ 12.509021, 2.261505 ], [ 12.510959, 2.261508 ], [ 12.512081, 2.261305 ], [ 12.514019, 2.260899 ], [ 12.515243, 2.260593 ], [ 12.515754, 2.260184 ], [ 12.517489, 2.259265 ], [ 12.518, 2.258446 ], [ 12.518919, 2.257627 ], [ 12.521165, 2.256504 ], [ 12.522185, 2.256403 ], [ 12.523613, 2.255893 ], [ 12.524736, 2.255485 ], [ 12.526164, 2.25518 ], [ 12.526367, 2.255795 ], [ 12.526467, 2.256513 ], [ 12.526976, 2.257027 ], [ 12.527792, 2.257028 ], [ 12.528608, 2.257029 ], [ 12.52973, 2.256621 ], [ 12.530444, 2.256623 ], [ 12.530954, 2.256624 ], [ 12.531871, 2.256933 ], [ 12.532278, 2.257446 ], [ 12.533093, 2.257857 ], [ 12.534622, 2.258065 ], [ 12.53605, 2.258067 ], [ 12.537682, 2.257968 ], [ 12.538804, 2.258072 ], [ 12.539211, 2.258073 ], [ 12.540741, 2.258076 ], [ 12.541659, 2.258077 ], [ 12.542882, 2.258284 ], [ 12.544208, 2.258389 ], [ 12.546043, 2.258598 ], [ 12.547266, 2.258702 ], [ 12.54849, 2.258704 ], [ 12.549509, 2.259014 ], [ 12.551038, 2.259324 ], [ 12.552363, 2.259839 ], [ 12.553688, 2.260251 ], [ 12.555013, 2.260971 ], [ 12.556949, 2.261589 ], [ 12.558478, 2.262207 ], [ 12.558986, 2.262823 ], [ 12.558986, 2.263233 ], [ 12.559699, 2.263644 ], [ 12.560514, 2.26385 ], [ 12.56133, 2.263749 ], [ 12.561738, 2.263955 ], [ 12.562145, 2.264673 ], [ 12.562959, 2.26529 ], [ 12.563673, 2.265291 ], [ 12.564795, 2.265395 ], [ 12.565508, 2.265704 ], [ 12.566017, 2.266218 ], [ 12.566424, 2.266936 ], [ 12.567136, 2.267655 ], [ 12.567951, 2.268374 ], [ 12.569276, 2.268786 ], [ 12.569581, 2.269196 ], [ 12.570193, 2.269402 ], [ 12.571416, 2.269712 ], [ 12.572129, 2.270123 ], [ 12.572944, 2.270637 ], [ 12.573555, 2.271151 ], [ 12.57437, 2.271665 ], [ 12.574982, 2.271563 ], [ 12.575595, 2.270847 ], [ 12.576411, 2.270438 ], [ 12.577126, 2.270132 ], [ 12.577739, 2.269518 ], [ 12.578657, 2.26911 ], [ 12.579881, 2.269009 ], [ 12.580799, 2.269113 ], [ 12.582329, 2.268809 ], [ 12.583655, 2.268606 ], [ 12.584879, 2.2683 ], [ 12.585492, 2.268096 ], [ 12.586614, 2.267688 ], [ 12.586921, 2.266869 ], [ 12.586719, 2.266151 ], [ 12.586414, 2.265433 ], [ 12.585701, 2.264919 ], [ 12.5846, 2.264109 ], [ 12.585077, 2.263333 ], [ 12.585375, 2.262675 ], [ 12.585436, 2.262018 ], [ 12.585261, 2.260283 ], [ 12.585441, 2.259088 ], [ 12.586425, 2.258873 ], [ 12.587037, 2.258874 ], [ 12.588159, 2.258568 ], [ 12.588975, 2.258467 ], [ 12.589384, 2.25816 ], [ 12.590405, 2.257034 ], [ 12.591222, 2.256626 ], [ 12.592344, 2.256423 ], [ 12.592956, 2.256526 ], [ 12.593773, 2.255708 ], [ 12.594181, 2.255503 ], [ 12.594589, 2.255401 ], [ 12.595302, 2.255813 ], [ 12.596322, 2.256122 ], [ 12.597138, 2.256021 ], [ 12.597954, 2.255715 ], [ 12.599076, 2.255614 ], [ 12.600198, 2.255514 ], [ 12.601014, 2.255515 ], [ 12.601626, 2.255311 ], [ 12.60234, 2.255107 ], [ 12.602747, 2.255518 ], [ 12.603155, 2.255929 ], [ 12.60356, 2.257262 ], [ 12.603967, 2.257878 ], [ 12.60468, 2.258289 ], [ 12.605598, 2.258291 ], [ 12.606925, 2.25778 ], [ 12.608046, 2.257885 ], [ 12.608734, 2.258724 ], [ 12.608778, 2.258778 ], [ 12.608819, 2.258829 ], [ 12.608775, 2.258997 ], [ 12.608727, 2.259176 ], [ 12.60858, 2.259726 ], [ 12.608638, 2.260324 ], [ 12.608994, 2.260862 ], [ 12.609469, 2.261521 ], [ 12.61036, 2.262539 ], [ 12.611369, 2.263617 ], [ 12.612142, 2.264216 ], [ 12.612795, 2.264815 ], [ 12.613507, 2.265594 ], [ 12.613923, 2.266312 ], [ 12.614873, 2.26721 ], [ 12.615823, 2.267989 ], [ 12.617071, 2.268769 ], [ 12.617626, 2.269 ], [ 12.618082, 2.269189 ], [ 12.618626, 2.269738 ], [ 12.618735, 2.269848 ], [ 12.61921, 2.270507 ], [ 12.619684, 2.271285 ], [ 12.619921, 2.272242 ], [ 12.619951, 2.272493 ], [ 12.619972, 2.272657 ], [ 12.620038, 2.273199 ], [ 12.620274, 2.274395 ], [ 12.620332, 2.275172 ], [ 12.620508, 2.276907 ], [ 12.620446, 2.277983 ], [ 12.620207, 2.27876 ], [ 12.620087, 2.279716 ], [ 12.620156, 2.280572 ], [ 12.620183, 2.280908 ], [ 12.620203, 2.281152 ], [ 12.62026, 2.282706 ], [ 12.62002, 2.283842 ], [ 12.620016, 2.285935 ], [ 12.619895, 2.287071 ], [ 12.619537, 2.288266 ], [ 12.619297, 2.289461 ], [ 12.619215, 2.289705 ], [ 12.619085, 2.290094 ], [ 12.618998, 2.290358 ], [ 12.618973, 2.290862 ], [ 12.618936, 2.291607 ], [ 12.618936, 2.291613 ], [ 12.618918, 2.291965 ], [ 12.61891, 2.292123 ], [ 12.618874, 2.292809 ], [ 12.61911, 2.294065 ], [ 12.619166, 2.294215 ], [ 12.619175, 2.294239 ], [ 12.619466, 2.295022 ], [ 12.619421, 2.295379 ], [ 12.619419, 2.29539 ], [ 12.619345, 2.295979 ], [ 12.619402, 2.297115 ], [ 12.619399, 2.298909 ], [ 12.619835, 2.299935 ], [ 12.619876, 2.300033 ], [ 12.619933, 2.300165 ], [ 12.62005, 2.301242 ], [ 12.620286, 2.302438 ], [ 12.620344, 2.303335 ], [ 12.620164, 2.304112 ], [ 12.619747, 2.30459 ], [ 12.619508, 2.305068 ], [ 12.618972, 2.305306 ], [ 12.618257, 2.306142 ], [ 12.618256, 2.3068 ], [ 12.618466, 2.307208 ], [ 12.618364, 2.307618 ], [ 12.617956, 2.307823 ], [ 12.617445, 2.308334 ], [ 12.616832, 2.308846 ], [ 12.616117, 2.309357 ], [ 12.615708, 2.309971 ], [ 12.615503, 2.310791 ], [ 12.614788, 2.311405 ], [ 12.614379, 2.311712 ], [ 12.613665, 2.312018 ], [ 12.61295, 2.312324 ], [ 12.612338, 2.312528 ], [ 12.611318, 2.312731 ], [ 12.610987, 2.313424 ], [ 12.61051, 2.313902 ], [ 12.610211, 2.314798 ], [ 12.609554, 2.316232 ], [ 12.609314, 2.317607 ], [ 12.609311, 2.318982 ], [ 12.60925, 2.320058 ], [ 12.609206, 2.320248 ], [ 12.609175, 2.320381 ], [ 12.60907, 2.320835 ], [ 12.609128, 2.321672 ], [ 12.608948, 2.322569 ], [ 12.60899, 2.323621 ], [ 12.609001, 2.323898 ], [ 12.609005, 2.324004 ], [ 12.608884, 2.325439 ], [ 12.608585, 2.326216 ], [ 12.608336, 2.32677 ], [ 12.60769, 2.32741 ], [ 12.607153, 2.328306 ], [ 12.606497, 2.329381 ], [ 12.605781, 2.330755 ], [ 12.605303, 2.33195 ], [ 12.604618, 2.332577 ], [ 12.604226, 2.333154 ], [ 12.604111, 2.333323 ], [ 12.603907, 2.333545 ], [ 12.603455, 2.334039 ], [ 12.603216, 2.334757 ], [ 12.602858, 2.335264 ], [ 12.602679, 2.335802 ], [ 12.602439, 2.336549 ], [ 12.602318, 2.337745 ], [ 12.602346, 2.33906 ], [ 12.602702, 2.339599 ], [ 12.602926, 2.340083 ], [ 12.603146, 2.340556 ], [ 12.603844, 2.34219 ], [ 12.603887, 2.342292 ], [ 12.603891, 2.3423 ], [ 12.60415, 2.342775 ], [ 12.605043, 2.344416 ], [ 12.605815, 2.345524 ], [ 12.606675, 2.346572 ], [ 12.607625, 2.34753 ], [ 12.607709, 2.347635 ], [ 12.608198, 2.348252 ], [ 12.608338, 2.348428 ], [ 12.609139, 2.349476 ], [ 12.609495, 2.349806 ], [ 12.610105, 2.34996 ], [ 12.610804, 2.350137 ], [ 12.611441, 2.350448 ], [ 12.611725, 2.350587 ], [ 12.612884, 2.350978 ], [ 12.613627, 2.351278 ], [ 12.614638, 2.351908 ], [ 12.615737, 2.352537 ], [ 12.616658, 2.353047 ], [ 12.61755, 2.353497 ], [ 12.618382, 2.353768 ], [ 12.619405, 2.354056 ], [ 12.620629, 2.354263 ], [ 12.621564, 2.354222 ], [ 12.622783, 2.354672 ], [ 12.623823, 2.355452 ], [ 12.624595, 2.356081 ], [ 12.625427, 2.356561 ], [ 12.626199, 2.35722 ], [ 12.626633, 2.357737 ], [ 12.626852, 2.357998 ], [ 12.626924, 2.358206 ], [ 12.627081, 2.35866 ], [ 12.627296, 2.359285 ], [ 12.627264, 2.359367 ], [ 12.61977, 2.378351 ], [ 12.619667, 2.379068 ], [ 12.619156, 2.37958 ], [ 12.618951, 2.380092 ], [ 12.618236, 2.380603 ], [ 12.617419, 2.381114 ], [ 12.616602, 2.38183 ], [ 12.615785, 2.382341 ], [ 12.614867, 2.382852 ], [ 12.61405, 2.383466 ], [ 12.613437, 2.38408 ], [ 12.613028, 2.384694 ], [ 12.61272, 2.385514 ], [ 12.612107, 2.385923 ], [ 12.612107, 2.386025 ], [ 12.612003, 2.387358 ], [ 12.611695, 2.388177 ], [ 12.61149, 2.389202 ], [ 12.611182, 2.390124 ], [ 12.610772, 2.39125 ], [ 12.610261, 2.391967 ], [ 12.609546, 2.392478 ], [ 12.608831, 2.39299 ], [ 12.607606, 2.393705 ], [ 12.606993, 2.394421 ], [ 12.606991, 2.395344 ], [ 12.606988, 2.396881 ], [ 12.605967, 2.397495 ], [ 12.605558, 2.398109 ], [ 12.605149, 2.398826 ], [ 12.604433, 2.39985 ], [ 12.603922, 2.400771 ], [ 12.603513, 2.401283 ], [ 12.602186, 2.402101 ], [ 12.601062, 2.402919 ] ] ] ] } },
{ "type": "Feature", "properties": { "tg_type": "FON.AIRE_PROTEGEE", "nom": "Mefou", "source_id": "083D79D2-3348-4FE7-BC3C-18DEB951EFC6", "source": "MINFOF_WRI_ATLAS_FORESTIER_SIG_2018", "statut": "IMPORTE", "date_source": "2016-12-13", "regime_tg": "AIRE_PROTEGEE", "categorie": "aire_protegee", "desc_type": "Parc national", "cat_uicn": "II", "wdpaid": 555548000.0, "statu_crea": "propose", "statu_amgt": "non_amenage", "date_prop": "2000-04-05", "date_crea": null, "date_amgt": null, "sup_adm_ha": 1044, "sup_sig_ha": 1101.0 }, "geometry": { "type": "MultiPolygon", "coordinates": [ [ [ [ 11.590662, 3.603322 ], [ 11.591864, 3.60553 ], [ 11.593778, 3.610213 ], [ 11.597737, 3.609762 ], [ 11.599995, 3.608372 ], [ 11.602304, 3.60899 ], [ 11.605352, 3.608096 ], [ 11.607753, 3.60807 ], [ 11.618761, 3.64357 ], [ 11.617813, 3.644441 ], [ 11.616172, 3.644707 ], [ 11.616263, 3.646096 ], [ 11.616474, 3.647614 ], [ 11.610225, 3.652816 ], [ 11.607974, 3.648811 ], [ 11.606582, 3.645516 ], [ 11.608041, 3.641865 ], [ 11.605088, 3.636577 ], [ 11.605598, 3.63371 ], [ 11.604297, 3.631977 ], [ 11.60463, 3.627635 ], [ 11.604151, 3.626432 ], [ 11.596764, 3.62705 ], [ 11.59401, 3.626534 ], [ 11.591568, 3.627687 ], [ 11.588739, 3.629921 ], [ 11.586491, 3.630466 ], [ 11.58502, 3.629949 ], [ 11.581555, 3.626833 ], [ 11.580078, 3.624232 ], [ 11.579643, 3.622931 ], [ 11.577384, 3.620866 ], [ 11.575651, 3.617038 ], [ 11.576589, 3.612694 ], [ 11.582016, 3.606426 ], [ 11.583914, 3.605379 ], [ 11.586246, 3.604938 ], [ 11.58832, 3.605019 ], [ 11.590662, 3.603322 ] ] ] ] } },
{ "type": "Feature", "properties": { "tg_type": "FON.AIRE_PROTEGEE", "nom": "Ebo", "source_id": "176F2BB4-D9E7-435C-8893-1DF19A16E620", "source": "MINFOF_WRI_ATLAS_FORESTIER_SIG_2018", "statut": "IMPORTE", "date_source": "2015-11-30", "regime_tg": "AIRE_PROTEGEE", "categorie": "aire_protegee", "desc_type": "Parc national", "cat_uicn": "II", "wdpaid": 555548870.0, "statu_crea": "propose", "statu_amgt": "non_amenage", "date_prop": null, "date_crea": null, "date_amgt": null, "sup_adm_ha": 141706, "sup_sig_ha": 141667.0 }, "geometry": { "type": "MultiPolygon", "coordinates": [ [ [ [ 10.626253, 4.514007 ], [ 10.624954, 4.515187 ], [ 10.623376, 4.516145 ], [ 10.622064, 4.516774 ], [ 10.620745, 4.517128 ], [ 10.619629, 4.516421 ], [ 10.619219, 4.514639 ], [ 10.61228, 4.513477 ], [ 10.609323, 4.514239 ], [ 10.606544, 4.514766 ], [ 10.603117, 4.515034 ], [ 10.60022, 4.514462 ], [ 10.597844, 4.514612 ], [ 10.594817, 4.514411 ], [ 10.593031, 4.514363 ], [ 10.59089, 4.512899 ], [ 10.58814, 4.510853 ], [ 10.586281, 4.509704 ], [ 10.583635, 4.508207 ], [ 10.581371, 4.507344 ], [ 10.579039, 4.507401 ], [ 10.576647, 4.506908 ], [ 10.572183, 4.504077 ], [ 10.570318, 4.502652 ], [ 10.568192, 4.501831 ], [ 10.564612, 4.49953 ], [ 10.562169, 4.498809 ], [ 10.559403, 4.498004 ], [ 10.556957, 4.497191 ], [ 10.554942, 4.497148 ], [ 10.553003, 4.49646 ], [ 10.551863, 4.494743 ], [ 10.550809, 4.492793 ], [ 10.549716, 4.491166 ], [ 10.548034, 4.489737 ], [ 10.542828, 4.488348 ], [ 10.541188, 4.488664 ], [ 10.539588, 4.488749 ], [ 10.538078, 4.488785 ], [ 10.536444, 4.487447 ], [ 10.535076, 4.485781 ], [ 10.533793, 4.483836 ], [ 10.533173, 4.482841 ], [ 10.532646, 4.481843 ], [ 10.531158, 4.478985 ], [ 10.529714, 4.481731 ], [ 10.528506, 4.484747 ], [ 10.527228, 4.486799 ], [ 10.526043, 4.488895 ], [ 10.524847, 4.490533 ], [ 10.523777, 4.491753 ], [ 10.522966, 4.492278 ], [ 10.519634, 4.494519 ], [ 10.517094, 4.495454 ], [ 10.515228, 4.495913 ], [ 10.512853, 4.496109 ], [ 10.511395, 4.49642 ], [ 10.509702, 4.496415 ], [ 10.508085, 4.495811 ], [ 10.506603, 4.495066 ], [ 10.504467, 4.493832 ], [ 10.50283, 4.492402 ], [ 10.502045, 4.490216 ], [ 10.501228, 4.488628 ], [ 10.500838, 4.487801 ], [ 10.500456, 4.486993 ], [ 10.499823, 4.485446 ], [ 10.499421, 4.48394 ], [ 10.499377, 4.482149 ], [ 10.499653, 4.480304 ], [ 10.50002, 4.478458 ], [ 10.500627, 4.477019 ], [ 10.501181, 4.475352 ], [ 10.501222, 4.473283 ], [ 10.500145, 4.468485 ], [ 10.49942, 4.46585 ], [ 10.499396, 4.465724 ], [ 10.488301, 4.46282 ], [ 10.481437, 4.447725 ], [ 10.478105, 4.447788 ], [ 10.472535, 4.459191 ], [ 10.465199, 4.463267 ], [ 10.472504, 4.480067 ], [ 10.458294, 4.486307 ], [ 10.457695, 4.485232 ], [ 10.457104, 4.484247 ], [ 10.456855, 4.483752 ], [ 10.456701, 4.48229 ], [ 10.45672, 4.481646 ], [ 10.456679, 4.480684 ], [ 10.456547, 4.479725 ], [ 10.456463, 4.478811 ], [ 10.456289, 4.477945 ], [ 10.456069, 4.477082 ], [ 10.45604, 4.476395 ], [ 10.455999, 4.475433 ], [ 10.455899, 4.474151 ], [ 10.455877, 4.472545 ], [ 10.455745, 4.471587 ], [ 10.455794, 4.470575 ], [ 10.455844, 4.469609 ], [ 10.456074, 4.468543 ], [ 10.456176, 4.467712 ], [ 10.456234, 4.466929 ], [ 10.45641, 4.465682 ], [ 10.456469, 4.464899 ], [ 10.456515, 4.463841 ], [ 10.456347, 4.463114 ], [ 10.456074, 4.462069 ], [ 10.455794, 4.460841 ], [ 10.455761, 4.460062 ], [ 10.455718, 4.459054 ], [ 10.455682, 4.458183 ], [ 10.455568, 4.456581 ], [ 10.455656, 4.455429 ], [ 10.455705, 4.454417 ], [ 10.45579, 4.453174 ], [ 10.455865, 4.451702 ], [ 10.455786, 4.450925 ], [ 10.455745, 4.449962 ], [ 10.455785, 4.448721 ], [ 10.455937, 4.447364 ], [ 10.455951, 4.447245 ], [ 10.455913, 4.446363 ], [ 10.455129, 4.445616 ], [ 10.454332, 4.4436 ], [ 10.453406, 4.442183 ], [ 10.452114, 4.44077 ], [ 10.451289, 4.440319 ], [ 10.450242, 4.440387 ], [ 10.449602, 4.440428 ], [ 10.447599, 4.440771 ], [ 10.445733, 4.441204 ], [ 10.443367, 4.44178 ], [ 10.441274, 4.442262 ], [ 10.439504, 4.443154 ], [ 10.438189, 4.443857 ], [ 10.436237, 4.444752 ], [ 10.43451, 4.445413 ], [ 10.431096, 4.446092 ], [ 10.428636, 4.446394 ], [ 10.42617, 4.446005 ], [ 10.424614, 4.445469 ], [ 10.423012, 4.445025 ], [ 10.421054, 4.445321 ], [ 10.41992, 4.445931 ], [ 10.415269, 4.445872 ], [ 10.413853, 4.445854 ], [ 10.409329, 4.445073 ], [ 10.408154, 4.446143 ], [ 10.407162, 4.447211 ], [ 10.407047, 4.44733 ], [ 10.406304, 4.448094 ], [ 10.404587, 4.449676 ], [ 10.40314, 4.450932 ], [ 10.401149, 4.452425 ], [ 10.398739, 4.453232 ], [ 10.396961, 4.45325 ], [ 10.395771, 4.452894 ], [ 10.393805, 4.452362 ], [ 10.392017, 4.451552 ], [ 10.390454, 4.45028 ], [ 10.388486, 4.449702 ], [ 10.386523, 4.449538 ], [ 10.384562, 4.449511 ], [ 10.382875, 4.449621 ], [ 10.380554, 4.45015 ], [ 10.37818, 4.449899 ], [ 10.37644, 4.449226 ], [ 10.375472, 4.448224 ], [ 10.374409, 4.446808 ], [ 10.37433, 4.446703 ], [ 10.37353, 4.445621 ], [ 10.372882, 4.444708 ], [ 10.371638, 4.443478 ], [ 10.370441, 4.442432 ], [ 10.368838, 4.441712 ], [ 10.367374, 4.441267 ], [ 10.365502, 4.441148 ], [ 10.363816, 4.441303 ], [ 10.363136, 4.441678 ], [ 10.36288, 4.44193 ], [ 10.362188, 4.442608 ], [ 10.361699, 4.443901 ], [ 10.361449, 4.446296 ], [ 10.361695, 4.448087 ], [ 10.362033, 4.449924 ], [ 10.362365, 4.451163 ], [ 10.362655, 4.45277 ], [ 10.362722, 4.454932 ], [ 10.362701, 4.457325 ], [ 10.362081, 4.459217 ], [ 10.361277, 4.460882 ], [ 10.360879, 4.462128 ], [ 10.361083, 4.464242 ], [ 10.361557, 4.46594 ], [ 10.361389, 4.467414 ], [ 10.361222, 4.468933 ], [ 10.360916, 4.470317 ], [ 10.360571, 4.472206 ], [ 10.360633, 4.473816 ], [ 10.360971, 4.475653 ], [ 10.361588, 4.478085 ], [ 10.362113, 4.480426 ], [ 10.362413, 4.482953 ], [ 10.362941, 4.485616 ], [ 10.362963, 4.487733 ], [ 10.362792, 4.488838 ], [ 10.36209, 4.491652 ], [ 10.360461, 4.492911 ], [ 10.359038, 4.492097 ], [ 10.357793, 4.490775 ], [ 10.356686, 4.489545 ], [ 10.355303, 4.488086 ], [ 10.354059, 4.486857 ], [ 10.352679, 4.485721 ], [ 10.350938, 4.484956 ], [ 10.349113, 4.484929 ], [ 10.347986, 4.486228 ], [ 10.347139, 4.488169 ], [ 10.346338, 4.490202 ], [ 10.346258, 4.49126 ], [ 10.346142, 4.493378 ], [ 10.345844, 4.495451 ], [ 10.345223, 4.497252 ], [ 10.344326, 4.498779 ], [ 10.343382, 4.500169 ], [ 10.341982, 4.501471 ], [ 10.340301, 4.502225 ], [ 10.338757, 4.502885 ], [ 10.337036, 4.504052 ], [ 10.335403, 4.505035 ], [ 10.333906, 4.505786 ], [ 10.331725, 4.506728 ], [ 10.329361, 4.507488 ], [ 10.326947, 4.507881 ], [ 10.324352, 4.508413 ], [ 10.321932, 4.508115 ], [ 10.320959, 4.506699 ], [ 10.320075, 4.50496 ], [ 10.319279, 4.502898 ], [ 10.318573, 4.500742 ], [ 10.318144, 4.498906 ], [ 10.316614, 4.496437 ], [ 10.315045, 4.494613 ], [ 10.313574, 4.493477 ], [ 10.311738, 4.492392 ], [ 10.309997, 4.491581 ], [ 10.308253, 4.490633 ], [ 10.306146, 4.489734 ], [ 10.304084, 4.48888 ], [ 10.301568, 4.488123 ], [ 10.298648, 4.488107 ], [ 10.296559, 4.489002 ], [ 10.294975, 4.490214 ], [ 10.293708, 4.491193 ], [ 10.291984, 4.492223 ], [ 10.289985, 4.492979 ], [ 10.288117, 4.493228 ], [ 10.286426, 4.492877 ], [ 10.284915, 4.492294 ], [ 10.28372, 4.491478 ], [ 10.28334, 4.489917 ], [ 10.283367, 4.488123 ], [ 10.283349, 4.486283 ], [ 10.283006, 4.48394 ], [ 10.282484, 4.481874 ], [ 10.281689, 4.479996 ], [ 10.280433, 4.477478 ], [ 10.278634, 4.475518 ], [ 10.277032, 4.475028 ], [ 10.275161, 4.474863 ], [ 10.271282, 4.474672 ], [ 10.268956, 4.474741 ], [ 10.267079, 4.474116 ], [ 10.265422, 4.472568 ], [ 10.265179, 4.471098 ], [ 10.265115, 4.469212 ], [ 10.265463, 4.467506 ], [ 10.265992, 4.465661 ], [ 10.266431, 4.464 ], [ 10.266187, 4.462392 ], [ 10.26516, 4.46001 ], [ 10.264087, 4.457721 ], [ 10.263564, 4.455563 ], [ 10.262993, 4.453177 ], [ 10.26292, 4.450417 ], [ 10.263261, 4.447975 ], [ 10.263829, 4.445531 ], [ 10.263855, 4.443552 ], [ 10.26288, 4.441768 ], [ 10.261491, 4.439803 ], [ 10.258729, 4.437208 ], [ 10.257479, 4.43538 ], [ 10.25632, 4.43346 ], [ 10.254759, 4.432463 ], [ 10.252753, 4.432529 ], [ 10.250389, 4.433335 ], [ 10.248258, 4.434644 ], [ 10.245902, 4.436278 ], [ 10.243912, 4.437908 ], [ 10.241283, 4.439637 ], [ 10.23847, 4.441183 ], [ 10.236375, 4.441526 ], [ 10.233903, 4.440585 ], [ 10.232296, 4.439543 ], [ 10.230593, 4.437995 ], [ 10.228344, 4.436637 ], [ 10.226333, 4.436151 ], [ 10.224284, 4.436539 ], [ 10.221599, 4.43721 ], [ 10.218583, 4.436596 ], [ 10.216385, 4.43579 ], [ 10.214732, 4.434702 ], [ 10.212477, 4.432608 ], [ 10.197855, 4.435198 ], [ 10.197233, 4.434724 ], [ 10.195873, 4.435262 ], [ 10.194924, 4.435789 ], [ 10.19226, 4.432941 ], [ 10.192466, 4.431971 ], [ 10.192665, 4.430726 ], [ 10.192835, 4.430171 ], [ 10.193367, 4.429423 ], [ 10.19411, 4.428901 ], [ 10.19476, 4.428334 ], [ 10.195526, 4.427811 ], [ 10.196096, 4.426787 ], [ 10.196215, 4.426003 ], [ 10.196051, 4.424858 ], [ 10.195662, 4.423902 ], [ 10.19528, 4.423222 ], [ 10.194632, 4.422916 ], [ 10.194027, 4.420541 ], [ 10.194324, 4.419569 ], [ 10.194403, 4.419016 ], [ 10.194335, 4.418099 ], [ 10.193853, 4.417053 ], [ 10.192661, 4.415014 ], [ 10.192354, 4.413643 ], [ 10.192182, 4.412176 ], [ 10.192151, 4.410891 ], [ 10.192076, 4.409652 ], [ 10.191732, 4.408649 ], [ 10.191167, 4.407973 ], [ 10.19042, 4.407347 ], [ 10.189804, 4.406489 ], [ 10.18949, 4.404796 ], [ 10.189419, 4.403741 ], [ 10.189452, 4.403189 ], [ 10.189483, 4.402545 ], [ 10.189328, 4.401814 ], [ 10.188716, 4.401093 ], [ 10.187865, 4.400906 ], [ 10.187258, 4.401357 ], [ 10.186767, 4.401874 ], [ 10.186134, 4.40221 ], [ 10.184563, 4.401604 ], [ 10.184349, 4.400277 ], [ 10.185777, 4.398727 ], [ 10.186489, 4.397883 ], [ 10.187014, 4.396814 ], [ 10.187398, 4.395657 ], [ 10.187718, 4.393674 ], [ 10.187539, 4.391932 ], [ 10.187372, 4.390649 ], [ 10.187208, 4.389551 ], [ 10.186642, 4.388829 ], [ 10.185849, 4.388204 ], [ 10.185143, 4.387348 ], [ 10.184516, 4.385984 ], [ 10.184788, 4.383956 ], [ 10.185263, 4.382751 ], [ 10.185699, 4.381822 ], [ 10.185487, 4.380586 ], [ 10.185043, 4.379218 ], [ 10.184915, 4.377705 ], [ 10.185029, 4.376691 ], [ 10.184727, 4.37555 ], [ 10.184388, 4.374731 ], [ 10.184146, 4.374185 ], [ 10.183152, 4.372784 ], [ 10.182809, 4.371827 ], [ 10.183, 4.370215 ], [ 10.18348, 4.369239 ], [ 10.183349, 4.365612 ], [ 10.18271, 4.363743 ], [ 10.182366, 4.362741 ], [ 10.182123, 4.362149 ], [ 10.182013, 4.361325 ], [ 10.181799, 4.360043 ], [ 10.181493, 4.358672 ], [ 10.179584, 4.355363 ], [ 10.178997, 4.353768 ], [ 10.179055, 4.352343 ], [ 10.178734, 4.350375 ], [ 10.178882, 4.348855 ], [ 10.17898, 4.347199 ], [ 10.17903, 4.345452 ], [ 10.179032, 4.343614 ], [ 10.179002, 4.342328 ], [ 10.178792, 4.341184 ], [ 10.17849, 4.339997 ], [ 10.178196, 4.339177 ], [ 10.177904, 4.338449 ], [ 10.177145, 4.337318 ], [ 10.176635, 4.337054 ], [ 10.17603, 4.336609 ], [ 10.175326, 4.33589 ], [ 10.17489, 4.334844 ], [ 10.175102, 4.334104 ], [ 10.176099, 4.333713 ], [ 10.177323, 4.333225 ], [ 10.177896, 4.332293 ], [ 10.176206, 4.328564 ], [ 10.175591, 4.32766 ], [ 10.174856, 4.32561 ], [ 10.174487, 4.323551 ], [ 10.174253, 4.321397 ], [ 10.174264, 4.319926 ], [ 10.174248, 4.319238 ], [ 10.174496, 4.318129 ], [ 10.174645, 4.316656 ], [ 10.17435, 4.315789 ], [ 10.174004, 4.314695 ], [ 10.173676, 4.314458 ], [ 10.173182, 4.31283 ], [ 10.172829, 4.31146 ], [ 10.172474, 4.309952 ], [ 10.171891, 4.308542 ], [ 10.171173, 4.30718 ], [ 10.169851, 4.305465 ], [ 10.168874, 4.304799 ], [ 10.168039, 4.304267 ], [ 10.167426, 4.3035 ], [ 10.167873, 4.302088 ], [ 10.169083, 4.301991 ], [ 10.169719, 4.301793 ], [ 10.170623, 4.301312 ], [ 10.170243, 4.298748 ], [ 10.169716, 4.29775 ], [ 10.169094, 4.296616 ], [ 10.169168, 4.295879 ], [ 10.169935, 4.295401 ], [ 10.17047, 4.294792 ], [ 10.168394, 4.292129 ], [ 10.168136, 4.290895 ], [ 10.167982, 4.290163 ], [ 10.167677, 4.288884 ], [ 10.167138, 4.287381 ], [ 10.166653, 4.286243 ], [ 10.166265, 4.285288 ], [ 10.165618, 4.285027 ], [ 10.164852, 4.28555 ], [ 10.163583, 4.286039 ], [ 10.162919, 4.285044 ], [ 10.162709, 4.2839 ], [ 10.162778, 4.282934 ], [ 10.162795, 4.281739 ], [ 10.162452, 4.280782 ], [ 10.161663, 4.278366 ], [ 10.161362, 4.277224 ], [ 10.161314, 4.275203 ], [ 10.161751, 4.27432 ], [ 10.162613, 4.273978 ], [ 10.163203, 4.273781 ], [ 10.163743, 4.273401 ], [ 10.164506, 4.27274 ], [ 10.164249, 4.271574 ], [ 10.163544, 4.270787 ], [ 10.163196, 4.2696 ], [ 10.163216, 4.268497 ], [ 10.163191, 4.267441 ], [ 10.16308, 4.266616 ], [ 10.162738, 4.26566 ], [ 10.1623, 4.264567 ], [ 10.160291, 4.262822 ], [ 10.159347, 4.263533 ], [ 10.15849, 4.264059 ], [ 10.156915, 4.263223 ], [ 10.156431, 4.262085 ], [ 10.155888, 4.260398 ], [ 10.153692, 4.256544 ], [ 10.153072, 4.255456 ], [ 10.152959, 4.25454 ], [ 10.15274, 4.253029 ], [ 10.152576, 4.25193 ], [ 10.150708, 4.248343 ], [ 10.150044, 4.247348 ], [ 10.149739, 4.246069 ], [ 10.149311, 4.24539 ], [ 10.149194, 4.24429 ], [ 10.150186, 4.243669 ], [ 10.151169, 4.242636 ], [ 10.151091, 4.241305 ], [ 10.150655, 4.240259 ], [ 10.150209, 4.238799 ], [ 10.150559, 4.238101 ], [ 10.151371, 4.237623 ], [ 10.152229, 4.237144 ], [ 10.1535, 4.236654 ], [ 10.154455, 4.236402 ], [ 10.15537, 4.236427 ], [ 10.156332, 4.236451 ], [ 10.157197, 4.236293 ], [ 10.158277, 4.235486 ], [ 10.158392, 4.234565 ], [ 10.15823, 4.233512 ], [ 10.157551, 4.231874 ], [ 10.156973, 4.230647 ], [ 10.156525, 4.229095 ], [ 10.155966, 4.226719 ], [ 10.155393, 4.225721 ], [ 10.154724, 4.224497 ], [ 10.154423, 4.223355 ], [ 10.154027, 4.222078 ], [ 10.152847, 4.220543 ], [ 10.152366, 4.219543 ], [ 10.152253, 4.218673 ], [ 10.152442, 4.216946 ], [ 10.152679, 4.215355 ], [ 10.152461, 4.213844 ], [ 10.152063, 4.212521 ], [ 10.151501, 4.211983 ], [ 10.150593, 4.212234 ], [ 10.149359, 4.212331 ], [ 10.148561, 4.211454 ], [ 10.148253, 4.210037 ], [ 10.148141, 4.209167 ], [ 10.148347, 4.208197 ], [ 10.148514, 4.206539 ], [ 10.148548, 4.205022 ], [ 10.147846, 4.204395 ], [ 10.147069, 4.204414 ], [ 10.14643, 4.204474 ], [ 10.144863, 4.203982 ], [ 10.144105, 4.20292 ], [ 10.143662, 4.201552 ], [ 10.143722, 4.200219 ], [ 10.14462, 4.199508 ], [ 10.145663, 4.199117 ], [ 10.146521, 4.198637 ], [ 10.146802, 4.19693 ], [ 10.146586, 4.195511 ], [ 10.146068, 4.19488 ], [ 10.145194, 4.194717 ], [ 10.144042, 4.194376 ], [ 10.143376, 4.193289 ], [ 10.143536, 4.192274 ], [ 10.144201, 4.191386 ], [ 10.14488, 4.191094 ], [ 10.145504, 4.190345 ], [ 10.144819, 4.188477 ], [ 10.143701, 4.18763 ], [ 10.142638, 4.18715 ], [ 10.14194, 4.18666 ], [ 10.140994, 4.184388 ], [ 10.141424, 4.182984 ], [ 10.141962, 4.18241 ], [ 10.142531, 4.182083 ], [ 10.142913, 4.181344 ], [ 10.143043, 4.180607 ], [ 10.14319, 4.179319 ], [ 10.143617, 4.178579 ], [ 10.143631, 4.177637 ], [ 10.143783, 4.176831 ], [ 10.14432, 4.175539 ], [ 10.14445, 4.174848 ], [ 10.144393, 4.173746 ], [ 10.144478, 4.173056 ], [ 10.143939, 4.169476 ], [ 10.143841, 4.168742 ], [ 10.143323, 4.167276 ], [ 10.138198, 4.162593 ], [ 10.137781, 4.161954 ], [ 10.137524, 4.161474 ], [ 10.13694, 4.160216 ], [ 10.137071, 4.159617 ], [ 10.137618, 4.159382 ], [ 10.14071, 4.157467 ], [ 10.140612, 4.156825 ], [ 10.140104, 4.156278 ], [ 10.139754, 4.155661 ], [ 10.139541, 4.154997 ], [ 10.139483, 4.153665 ], [ 10.139385, 4.153068 ], [ 10.139284, 4.15215 ], [ 10.139187, 4.151554 ], [ 10.138988, 4.149832 ], [ 10.138883, 4.148523 ], [ 10.138784, 4.147789 ], [ 10.136075, 4.144415 ], [ 10.135414, 4.144605 ], [ 10.13496, 4.145023 ], [ 10.134409, 4.147074 ], [ 10.133845, 4.147838 ], [ 10.133391, 4.148302 ], [ 10.132754, 4.148584 ], [ 10.13207, 4.148867 ], [ 10.131111, 4.149014 ], [ 10.130152, 4.149161 ], [ 10.129032, 4.149241 ], [ 10.125684, 4.14608 ], [ 10.124581, 4.145539 ], [ 10.12403, 4.145315 ], [ 10.123565, 4.144584 ], [ 10.122077, 4.142071 ], [ 10.121932, 4.141337 ], [ 10.119141, 4.138929 ], [ 10.118654, 4.13829 ], [ 10.118464, 4.137556 ], [ 10.118229, 4.13687 ], [ 10.118038, 4.136136 ], [ 10.117803, 4.135495 ], [ 10.117659, 4.134807 ], [ 10.117468, 4.133982 ], [ 10.117188, 4.133433 ], [ 10.117137, 4.132882 ], [ 10.117224, 4.132422 ], [ 10.117398, 4.131501 ], [ 10.118207, 4.129976 ], [ 10.117926, 4.129313 ], [ 10.116914, 4.128794 ], [ 10.11609, 4.12871 ], [ 10.115447, 4.128533 ], [ 10.114574, 4.128036 ], [ 10.11379, 4.127492 ], [ 10.113099, 4.126993 ], [ 10.110968, 4.127842 ], [ 10.110204, 4.127987 ], [ 10.109726, 4.128221 ], [ 10.109224, 4.128318 ], [ 10.108584, 4.128393 ], [ 10.107898, 4.128331 ], [ 10.107532, 4.128202 ], [ 10.107364, 4.127956 ], [ 10.104978, 4.124456 ], [ 10.114331, 4.121975 ], [ 10.114968, 4.121647 ], [ 10.115789, 4.121363 ], [ 10.117613, 4.120747 ], [ 10.118752, 4.120323 ], [ 10.119754, 4.119945 ], [ 10.124279, 4.119533 ], [ 10.125847, 4.120896 ], [ 10.126954, 4.121713 ], [ 10.128458, 4.123605 ], [ 10.128375, 4.124525 ], [ 10.12834, 4.125583 ], [ 10.1291, 4.126058 ], [ 10.129739, 4.125959 ], [ 10.130426, 4.126022 ], [ 10.131249, 4.126036 ], [ 10.13294, 4.125882 ], [ 10.133897, 4.125551 ], [ 10.135214, 4.124527 ], [ 10.136282, 4.123804 ], [ 10.137443, 4.123287 ], [ 10.139724, 4.122598 ], [ 10.140687, 4.122841 ], [ 10.141648, 4.122924 ], [ 10.14297, 4.122566 ], [ 10.143472, 4.122331 ], [ 10.144789, 4.121399 ], [ 10.145652, 4.120839 ], [ 10.146152, 4.120467 ], [ 10.147517, 4.119672 ], [ 10.148288, 4.119021 ], [ 10.14901, 4.118049 ], [ 10.150388, 4.116265 ], [ 10.151916, 4.11586 ], [ 10.152961, 4.115206 ], [ 10.153411, 4.114466 ], [ 10.153727, 4.114003 ], [ 10.154676, 4.112753 ], [ 10.154991, 4.112336 ], [ 10.155028, 4.111417 ], [ 10.155427, 4.109988 ], [ 10.155877, 4.109294 ], [ 10.156326, 4.108508 ], [ 10.156868, 4.107768 ], [ 10.157505, 4.107394 ], [ 10.15803, 4.107157 ], [ 10.159839, 4.107034 ], [ 10.160486, 4.10734 ], [ 10.161861, 4.107446 ], [ 10.163092, 4.107234 ], [ 10.165075, 4.107923 ], [ 10.167323, 4.108192 ], [ 10.171252, 4.107963 ], [ 10.173038, 4.108013 ], [ 10.175226, 4.107686 ], [ 10.17862, 4.108066 ], [ 10.180694, 4.108707 ], [ 10.184049, 4.107388 ], [ 10.185872, 4.10707 ], [ 10.186934, 4.107505 ], [ 10.187812, 4.107898 ], [ 10.189147, 4.108234 ], [ 10.190288, 4.108116 ], [ 10.191511, 4.107582 ], [ 10.192734, 4.107094 ], [ 10.194142, 4.106602 ], [ 10.195728, 4.105967 ], [ 10.197126, 4.105108 ], [ 10.201117, 4.103636 ], [ 10.202673, 4.103646 ], [ 10.204389, 4.104663 ], [ 10.205746, 4.105917 ], [ 10.206956, 4.106808 ], [ 10.207656, 4.107389 ], [ 10.209364, 4.106062 ], [ 10.210355, 4.105442 ], [ 10.211466, 4.105967 ], [ 10.213124, 4.10648 ], [ 10.2144, 4.106266 ], [ 10.215498, 4.106241 ], [ 10.217107, 4.10644 ], [ 10.218456, 4.105575 ], [ 10.220249, 4.105947 ], [ 10.221447, 4.106286 ], [ 10.223289, 4.106794 ], [ 10.22494, 4.106985 ], [ 10.228663, 4.10768 ], [ 10.229703, 4.109125 ], [ 10.230287, 4.110628 ], [ 10.231412, 4.11175 ], [ 10.232724, 4.111308 ], [ 10.233669, 4.110597 ], [ 10.234702, 4.109746 ], [ 10.236183, 4.108516 ], [ 10.237531, 4.107428 ], [ 10.238658, 4.106713 ], [ 10.239895, 4.106776 ], [ 10.241048, 4.107208 ], [ 10.242475, 4.107542 ], [ 10.243696, 4.106916 ], [ 10.244776, 4.10611 ], [ 10.245767, 4.105398 ], [ 10.247546, 4.105126 ], [ 10.248915, 4.10491 ], [ 10.253548, 4.103194 ], [ 10.255405, 4.102185 ], [ 10.25792, 4.10185 ], [ 10.260294, 4.101381 ], [ 10.262159, 4.100694 ], [ 10.264511, 4.099352 ], [ 10.26572, 4.098175 ], [ 10.265779, 4.096704 ], [ 10.264444, 4.096275 ], [ 10.263888, 4.095967 ], [ 10.263874, 4.09537 ], [ 10.264903, 4.094473 ], [ 10.265908, 4.09445 ], [ 10.267104, 4.094835 ], [ 10.268006, 4.0944 ], [ 10.26871, 4.093327 ], [ 10.268999, 4.09208 ], [ 10.271135, 4.091525 ], [ 10.272219, 4.090856 ], [ 10.273113, 4.089824 ], [ 10.273773, 4.088568 ], [ 10.274435, 4.087404 ], [ 10.275228, 4.086053 ], [ 10.276234, 4.085983 ], [ 10.278805, 4.088588 ], [ 10.27933, 4.089679 ], [ 10.279853, 4.090677 ], [ 10.281024, 4.092074 ], [ 10.281563, 4.093762 ], [ 10.281686, 4.095229 ], [ 10.281277, 4.097398 ], [ 10.280904, 4.099153 ], [ 10.280535, 4.101045 ], [ 10.281056, 4.103882 ], [ 10.282462, 4.103709 ], [ 10.282911, 4.103011 ], [ 10.283437, 4.101988 ], [ 10.284008, 4.10101 ], [ 10.284492, 4.100171 ], [ 10.285401, 4.099966 ], [ 10.286637, 4.099983 ], [ 10.287637, 4.09973 ], [ 10.288265, 4.09921 ], [ 10.288606, 4.098145 ], [ 10.288767, 4.097223 ], [ 10.289626, 4.096789 ], [ 10.290652, 4.097638 ], [ 10.29159, 4.098673 ], [ 10.291831, 4.099219 ], [ 10.2914, 4.100331 ], [ 10.291335, 4.101481 ], [ 10.291266, 4.102448 ], [ 10.290795, 4.103837 ], [ 10.29046, 4.105177 ], [ 10.290219, 4.106607 ], [ 10.290115, 4.108034 ], [ 10.290643, 4.109124 ], [ 10.291264, 4.110304 ], [ 10.292196, 4.111061 ], [ 10.293584, 4.111718 ], [ 10.294538, 4.11142 ], [ 10.295621, 4.110751 ], [ 10.296237, 4.109726 ], [ 10.296904, 4.10893 ], [ 10.297865, 4.108953 ], [ 10.298742, 4.109254 ], [ 10.299933, 4.109364 ], [ 10.300938, 4.109294 ], [ 10.301936, 4.108903 ], [ 10.302556, 4.108062 ], [ 10.303311, 4.107079 ], [ 10.304479, 4.106179 ], [ 10.305323, 4.105492 ], [ 10.306552, 4.106773 ], [ 10.306485, 4.107832 ], [ 10.306421, 4.108982 ], [ 10.306681, 4.110308 ], [ 10.307345, 4.111303 ], [ 10.308362, 4.111739 ], [ 10.309024, 4.112642 ], [ 10.309184, 4.113603 ], [ 10.310464, 4.113573 ], [ 10.311464, 4.112816 ], [ 10.311903, 4.111932 ], [ 10.312103, 4.110549 ], [ 10.312398, 4.109348 ], [ 10.312793, 4.108557 ], [ 10.315168, 4.105975 ], [ 10.315415, 4.104636 ], [ 10.314829, 4.102904 ], [ 10.315392, 4.101466 ], [ 10.316015, 4.100671 ], [ 10.317848, 4.102925 ], [ 10.318275, 4.10365 ], [ 10.319064, 4.104275 ], [ 10.320117, 4.104388 ], [ 10.32068, 4.10511 ], [ 10.321784, 4.105544 ], [ 10.322596, 4.105111 ], [ 10.322936, 4.104 ], [ 10.322967, 4.103311 ], [ 10.323358, 4.102428 ], [ 10.324329, 4.103049 ], [ 10.324852, 4.103956 ], [ 10.325144, 4.104776 ], [ 10.325258, 4.105784 ], [ 10.325146, 4.106889 ], [ 10.3251, 4.108912 ], [ 10.325552, 4.110785 ], [ 10.326746, 4.113054 ], [ 10.327732, 4.114226 ], [ 10.329323, 4.115796 ], [ 10.330706, 4.116269 ], [ 10.33223, 4.116877 ], [ 10.333519, 4.11726 ], [ 10.335097, 4.118233 ], [ 10.336544, 4.119486 ], [ 10.337713, 4.120561 ], [ 10.339139, 4.122871 ], [ 10.340312, 4.124084 ], [ 10.341768, 4.125703 ], [ 10.343375, 4.127871 ], [ 10.344788, 4.129583 ], [ 10.346299, 4.131615 ], [ 10.347886, 4.13291 ], [ 10.350073, 4.134467 ], [ 10.35107, 4.136005 ], [ 10.352708, 4.137575 ], [ 10.355243, 4.138342 ], [ 10.356902, 4.138808 ], [ 10.35849, 4.140195 ], [ 10.360028, 4.141126 ], [ 10.360546, 4.141573 ], [ 10.361422, 4.142328 ], [ 10.362305, 4.142905 ], [ 10.363196, 4.143802 ], [ 10.364173, 4.144515 ], [ 10.365253, 4.145684 ], [ 10.366437, 4.147356 ], [ 10.367432, 4.148802 ], [ 10.36864, 4.15153 ], [ 10.367663, 4.152748 ], [ 10.365876, 4.154582 ], [ 10.364587, 4.156174 ], [ 10.363386, 4.157626 ], [ 10.362143, 4.159218 ], [ 10.360951, 4.161038 ], [ 10.35985, 4.162855 ], [ 10.359209, 4.164754 ], [ 10.358734, 4.165959 ], [ 10.357854, 4.169334 ], [ 10.358048, 4.171764 ], [ 10.35817, 4.173048 ], [ 10.358438, 4.174696 ], [ 10.358569, 4.176346 ], [ 10.358847, 4.178453 ], [ 10.358745, 4.179926 ], [ 10.358471, 4.181862 ], [ 10.358848, 4.184242 ], [ 10.359551, 4.18689 ], [ 10.359704, 4.189505 ], [ 10.3597, 4.19125 ], [ 10.358914, 4.192831 ], [ 10.358714, 4.19403 ], [ 10.358848, 4.195819 ], [ 10.359354, 4.197874 ], [ 10.360507, 4.20019 ], [ 10.362923, 4.203671 ], [ 10.364365, 4.206623 ], [ 10.3655, 4.208158 ], [ 10.36836, 4.21296 ], [ 10.369577, 4.214126 ], [ 10.37143, 4.215093 ], [ 10.37351, 4.216009 ], [ 10.376019, 4.217603 ], [ 10.377922, 4.220682 ], [ 10.378606, 4.222504 ], [ 10.378987, 4.224793 ], [ 10.379033, 4.225067 ], [ 10.3798, 4.226519 ], [ 10.381078, 4.228326 ], [ 10.385014, 4.234159 ], [ 10.385785, 4.235795 ], [ 10.386819, 4.236965 ], [ 10.387716, 4.238092 ], [ 10.388709, 4.239447 ], [ 10.389842, 4.240936 ], [ 10.390744, 4.242293 ], [ 10.392062, 4.243824 ], [ 10.393049, 4.24516 ], [ 10.394107, 4.24486 ], [ 10.395299, 4.244468 ], [ 10.396448, 4.243983 ], [ 10.397648, 4.24313 ], [ 10.398889, 4.242601 ], [ 10.399762, 4.242249 ], [ 10.401004, 4.241627 ], [ 10.402148, 4.241372 ], [ 10.403252, 4.240886 ], [ 10.404308, 4.240446 ], [ 10.405589, 4.240193 ], [ 10.4069, 4.239817 ], [ 10.407494, 4.238589 ], [ 10.410852, 4.237453 ], [ 10.41212, 4.236918 ], [ 10.413663, 4.236376 ], [ 10.41512, 4.236066 ], [ 10.416851, 4.235749 ], [ 10.418351, 4.235347 ], [ 10.41994, 4.234803 ], [ 10.420754, 4.234417 ], [ 10.42192, 4.233424 ], [ 10.422862, 4.232621 ], [ 10.423439, 4.231872 ], [ 10.424425, 4.231022 ], [ 10.425737, 4.230394 ], [ 10.42751, 4.229893 ], [ 10.428509, 4.229593 ], [ 10.429734, 4.229151 ], [ 10.430723, 4.228438 ], [ 10.431258, 4.227828 ], [ 10.432267, 4.226013 ], [ 10.432152, 4.225005 ], [ 10.432029, 4.223722 ], [ 10.432468, 4.22293 ], [ 10.433859, 4.221794 ], [ 10.435534, 4.222949 ], [ 10.436753, 4.224207 ], [ 10.437835, 4.225421 ], [ 10.439753, 4.225284 ], [ 10.441066, 4.224702 ], [ 10.442295, 4.224443 ], [ 10.443383, 4.224004 ], [ 10.444337, 4.223705 ], [ 10.445522, 4.223539 ], [ 10.446254, 4.223522 ], [ 10.447858, 4.223668 ], [ 10.449648, 4.223901 ], [ 10.450771, 4.223001 ], [ 10.452167, 4.22205 ], [ 10.45389, 4.221411 ], [ 10.455444, 4.221329 ], [ 10.45695, 4.221201 ], [ 10.458226, 4.220987 ], [ 10.45935, 4.220179 ], [ 10.461807, 4.21957 ], [ 10.463345, 4.218844 ], [ 10.465414, 4.219255 ], [ 10.466756, 4.219912 ], [ 10.467941, 4.2197 ], [ 10.470068, 4.218731 ], [ 10.471459, 4.217595 ], [ 10.472339, 4.21615 ], [ 10.47351, 4.215341 ], [ 10.475497, 4.214238 ], [ 10.476619, 4.213338 ], [ 10.477423, 4.212492 ], [ 10.478872, 4.211907 ], [ 10.480282, 4.211551 ], [ 10.481696, 4.21138 ], [ 10.483292, 4.211158 ], [ 10.485165, 4.211022 ], [ 10.486169, 4.210907 ], [ 10.487352, 4.210649 ], [ 10.488126, 4.210492 ], [ 10.489173, 4.210284 ], [ 10.491623, 4.209399 ], [ 10.492329, 4.210255 ], [ 10.493207, 4.210601 ], [ 10.494572, 4.212223 ], [ 10.495372, 4.213123 ], [ 10.496105, 4.213197 ], [ 10.496924, 4.212994 ], [ 10.498159, 4.212965 ], [ 10.499835, 4.214165 ], [ 10.500694, 4.215661 ], [ 10.501689, 4.217107 ], [ 10.502369, 4.218744 ], [ 10.502759, 4.219746 ], [ 10.503014, 4.220842 ], [ 10.503444, 4.221613 ], [ 10.503964, 4.22229 ], [ 10.504541, 4.22347 ], [ 10.505358, 4.225105 ], [ 10.505852, 4.226655 ], [ 10.506147, 4.227521 ], [ 10.506775, 4.230814 ], [ 10.506763, 4.232238 ], [ 10.506388, 4.233763 ], [ 10.506043, 4.234644 ], [ 10.505434, 4.235945 ], [ 10.504743, 4.237661 ], [ 10.504961, 4.241055 ], [ 10.505872, 4.242779 ], [ 10.507235, 4.244308 ], [ 10.509723, 4.246914 ], [ 10.510167, 4.248235 ], [ 10.510195, 4.249429 ], [ 10.510129, 4.250487 ], [ 10.510064, 4.251592 ], [ 10.510379, 4.253284 ], [ 10.511063, 4.255105 ], [ 10.51132, 4.256293 ], [ 10.511642, 4.258261 ], [ 10.512157, 4.260683 ], [ 10.512716, 4.264896 ], [ 10.512573, 4.266599 ], [ 10.512818, 4.269166 ], [ 10.513077, 4.270446 ], [ 10.513064, 4.271779 ], [ 10.513293, 4.273703 ], [ 10.513328, 4.275172 ], [ 10.513505, 4.276822 ], [ 10.513551, 4.27875 ], [ 10.513883, 4.281177 ], [ 10.513961, 4.282507 ], [ 10.514036, 4.283746 ], [ 10.514574, 4.285157 ], [ 10.51573, 4.28761 ], [ 10.516413, 4.289385 ], [ 10.517395, 4.292164 ], [ 10.517289, 4.293453 ], [ 10.517086, 4.294561 ], [ 10.51717, 4.29612 ], [ 10.517034, 4.298099 ], [ 10.517427, 4.299192 ], [ 10.517542, 4.3002 ], [ 10.516987, 4.301867 ], [ 10.517081, 4.30384 ], [ 10.51818, 4.307719 ], [ 10.517844, 4.308967 ], [ 10.517333, 4.310541 ], [ 10.517232, 4.31206 ], [ 10.517175, 4.313485 ], [ 10.517392, 4.31495 ], [ 10.517613, 4.316506 ], [ 10.518055, 4.317782 ], [ 10.520451, 4.320389 ], [ 10.52029, 4.321266 ], [ 10.520221, 4.322233 ], [ 10.520428, 4.323238 ], [ 10.521138, 4.324232 ], [ 10.521672, 4.325505 ], [ 10.522734, 4.327777 ], [ 10.522761, 4.328925 ], [ 10.52242, 4.329944 ], [ 10.52219, 4.331833 ], [ 10.522374, 4.333758 ], [ 10.522646, 4.335543 ], [ 10.523102, 4.337369 ], [ 10.524464, 4.338853 ], [ 10.525823, 4.340199 ], [ 10.525851, 4.341347 ], [ 10.525521, 4.34287 ], [ 10.52584, 4.344746 ], [ 10.525974, 4.346488 ], [ 10.526429, 4.348269 ], [ 10.527063, 4.349908 ], [ 10.527417, 4.351323 ], [ 10.527868, 4.352966 ], [ 10.528117, 4.353787 ], [ 10.527999, 4.354617 ], [ 10.527833, 4.35531 ], [ 10.52772, 4.356324 ], [ 10.5277, 4.357381 ], [ 10.528139, 4.358519 ], [ 10.528715, 4.359653 ], [ 10.529248, 4.360881 ], [ 10.529557, 4.362298 ], [ 10.52931, 4.363452 ], [ 10.528966, 4.364379 ], [ 10.529096, 4.366282 ], [ 10.529107, 4.366443 ], [ 10.529216, 4.367175 ], [ 10.529529, 4.368776 ], [ 10.529686, 4.369599 ], [ 10.52993, 4.370236 ], [ 10.530046, 4.371244 ], [ 10.529989, 4.371704 ], [ 10.529931, 4.372165 ], [ 10.529897, 4.372293 ], [ 10.529667, 4.373167 ], [ 10.529735, 4.373339 ], [ 10.530281, 4.374715 ], [ 10.53177, 4.377421 ], [ 10.531341, 4.378626 ], [ 10.531229, 4.379685 ], [ 10.532335, 4.38191 ], [ 10.532656, 4.383786 ], [ 10.533108, 4.385475 ], [ 10.534029, 4.387612 ], [ 10.534755, 4.389249 ], [ 10.535717, 4.391155 ], [ 10.537312, 4.392771 ], [ 10.538618, 4.397609 ], [ 10.537922, 4.399096 ], [ 10.536751, 4.39986 ], [ 10.535855, 4.400662 ], [ 10.536107, 4.401621 ], [ 10.53785, 4.403692 ], [ 10.539251, 4.404853 ], [ 10.540522, 4.406339 ], [ 10.54157, 4.40806 ], [ 10.542628, 4.410147 ], [ 10.5434, 4.411829 ], [ 10.54596, 4.417372 ], [ 10.546007, 4.419347 ], [ 10.545645, 4.421377 ], [ 10.545092, 4.423136 ], [ 10.54497, 4.42562 ], [ 10.546102, 4.428947 ], [ 10.547059, 4.430669 ], [ 10.548607, 4.432194 ], [ 10.549239, 4.433741 ], [ 10.550095, 4.435053 ], [ 10.550293, 4.435449 ], [ 10.550527, 4.435915 ], [ 10.551285, 4.436954 ], [ 10.552573, 4.439128 ], [ 10.554533, 4.442573 ], [ 10.555486, 4.444158 ], [ 10.557006, 4.446464 ], [ 10.558827, 4.44982 ], [ 10.559549, 4.450448 ], [ 10.5606, 4.450799 ], [ 10.561386, 4.450996 ], [ 10.561731, 4.451035 ], [ 10.56226, 4.451096 ], [ 10.562384, 4.451091 ], [ 10.562945, 4.451067 ], [ 10.563854, 4.450937 ], [ 10.564848, 4.450619 ], [ 10.565707, 4.450399 ], [ 10.566571, 4.45027 ], [ 10.567798, 4.450081 ], [ 10.568797, 4.449901 ], [ 10.569617, 4.44982 ], [ 10.570707, 4.449636 ], [ 10.572215, 4.449572 ], [ 10.573129, 4.449533 ], [ 10.574365, 4.449572 ], [ 10.57542, 4.44962 ], [ 10.5762, 4.449678 ], [ 10.576888, 4.449741 ], [ 10.57744, 4.449809 ], [ 10.578084, 4.449874 ], [ 10.579227, 4.449871 ], [ 10.580317, 4.449687 ], [ 10.581086, 4.449471 ], [ 10.581948, 4.449296 ], [ 10.582593, 4.449407 ], [ 10.583423, 4.449555 ], [ 10.584027, 4.449759 ], [ 10.585085, 4.449898 ], [ 10.585952, 4.449861 ], [ 10.586674, 4.4496 ], [ 10.587108, 4.449077 ], [ 10.587522, 4.44805 ], [ 10.587861, 4.447392 ], [ 10.588421, 4.446588 ], [ 10.58893, 4.445648 ], [ 10.589405, 4.444985 ], [ 10.589795, 4.444464 ], [ 10.589899, 4.443679 ], [ 10.589784, 4.443133 ], [ 10.589437, 4.442505 ], [ 10.589047, 4.441925 ], [ 10.588337, 4.441358 ], [ 10.587953, 4.440961 ], [ 10.58718, 4.439984 ], [ 10.586726, 4.438993 ], [ 10.586514, 4.438314 ], [ 10.586344, 4.43754 ], [ 10.585568, 4.435416 ], [ 10.586163, 4.435436 ], [ 10.587128, 4.435533 ], [ 10.587865, 4.43564 ], [ 10.588744, 4.435878 ], [ 10.589673, 4.436206 ], [ 10.59033, 4.436591 ], [ 10.591088, 4.437201 ], [ 10.591705, 4.437726 ], [ 10.592175, 4.438027 ], [ 10.592975, 4.438544 ], [ 10.593486, 4.438752 ], [ 10.59432, 4.438992 ], [ 10.59497, 4.439194 ], [ 10.595619, 4.439396 ], [ 10.596784, 4.439897 ], [ 10.597443, 4.440329 ], [ 10.598382, 4.440885 ], [ 10.599278, 4.441536 ], [ 10.599939, 4.442013 ], [ 10.600752, 4.442851 ], [ 10.601096, 4.443387 ], [ 10.601486, 4.443967 ], [ 10.602214, 4.444946 ], [ 10.602831, 4.445471 ], [ 10.603343, 4.445679 ], [ 10.604361, 4.445957 ], [ 10.605144, 4.446061 ], [ 10.606112, 4.44625 ], [ 10.606845, 4.446264 ], [ 10.607896, 4.44622 ], [ 10.608811, 4.446227 ], [ 10.609631, 4.446146 ], [ 10.610721, 4.445962 ], [ 10.611448, 4.445839 ], [ 10.612276, 4.445942 ], [ 10.612897, 4.446558 ], [ 10.613204, 4.447326 ], [ 10.613596, 4.447952 ], [ 10.614191, 4.449028 ], [ 10.614726, 4.449786 ], [ 10.615395, 4.450446 ], [ 10.615996, 4.450604 ], [ 10.616729, 4.450619 ], [ 10.617371, 4.450637 ], [ 10.617968, 4.450704 ], [ 10.61853, 4.451001 ], [ 10.619236, 4.451476 ], [ 10.619853, 4.452001 ], [ 10.620375, 4.452438 ], [ 10.620847, 4.452785 ], [ 10.621453, 4.453035 ], [ 10.622237, 4.453185 ], [ 10.623482, 4.453408 ], [ 10.624407, 4.453644 ], [ 10.625336, 4.453971 ], [ 10.625581, 4.454096 ], [ 10.626084, 4.454353 ], [ 10.626564, 4.454883 ], [ 10.627153, 4.455822 ], [ 10.627502, 4.456496 ], [ 10.62799, 4.45721 ], [ 10.628384, 4.457882 ], [ 10.628729, 4.458464 ], [ 10.629448, 4.459214 ], [ 10.63011, 4.459736 ], [ 10.630912, 4.460299 ], [ 10.631642, 4.460588 ], [ 10.632269, 4.461882 ], [ 10.633038, 4.462218 ], [ 10.634392, 4.462978 ], [ 10.635428, 4.463687 ], [ 10.636285, 4.464208 ], [ 10.637499, 4.46515 ], [ 10.638304, 4.465992 ], [ 10.638573, 4.466586 ], [ 10.637878, 4.46946 ], [ 10.637523, 4.470162 ], [ 10.636699, 4.471786 ], [ 10.636688, 4.471837 ], [ 10.636123, 4.474418 ], [ 10.637409, 4.4765 ], [ 10.638772, 4.477983 ], [ 10.639412, 4.479805 ], [ 10.639818, 4.483333 ], [ 10.639199, 4.486104 ], [ 10.639577, 4.488484 ], [ 10.640288, 4.491361 ], [ 10.640905, 4.494149 ], [ 10.641015, 4.496811 ], [ 10.640907, 4.499845 ], [ 10.64146, 4.501899 ], [ 10.641637, 4.503549 ], [ 10.641914, 4.505518 ], [ 10.641714, 4.506717 ], [ 10.640607, 4.508214 ], [ 10.639568, 4.50879 ], [ 10.639015, 4.510503 ], [ 10.639939, 4.512732 ], [ 10.639139, 4.513654 ], [ 10.63762, 4.512763 ], [ 10.633893, 4.511982 ], [ 10.631789, 4.512033 ], [ 10.630191, 4.51221 ], [ 10.627824, 4.512774 ], [ 10.626253, 4.514007 ] ] ] ] } },
{ "type": "Feature", "properties": { "tg_type": "FON.AIRE_PROTEGEE", "nom": "Tchabal Mbabo", "source_id": "5B3111C6-7D0B-4C27-9110-D39696C2F0F1", "source": "MINFOF_WRI_ATLAS_FORESTIER_SIG_2018", "statut": "IMPORTE", "date_source": "2016-11-24", "regime_tg": "AIRE_PROTEGEE", "categorie": "aire_protegee", "desc_type": "Parc national", "cat_uicn": "II", "wdpaid": 555548871.0, "statu_crea": "propose", "statu_amgt": "non_amenage", "date_prop": "2008-07-21", "date_crea": null, "date_amgt": null, "sup_adm_ha": 105251, "sup_sig_ha": 106762.0 }, "geometry": { "type": "MultiPolygon", "coordinates": [ [ [ [ 11.876375, 7.093542 ], [ 11.995089, 7.092791 ], [ 12.010397, 7.238655 ], [ 12.053939, 7.268783 ], [ 12.174692, 7.294411 ], [ 12.225192, 7.372078 ], [ 12.220303, 7.442632 ], [ 12.048941, 7.480939 ], [ 12.021642, 7.513614 ], [ 12.006373, 7.512136 ], [ 12.004814, 7.511669 ], [ 11.999193, 7.512783 ], [ 11.994755, 7.511738 ], [ 11.989589, 7.509263 ], [ 11.981598, 7.505194 ], [ 11.97858, 7.501629 ], [ 11.974722, 7.49783 ], [ 11.970519, 7.495946 ], [ 11.967533, 7.497162 ], [ 11.962221, 7.490743 ], [ 11.963172, 7.489781 ], [ 11.964723, 7.488814 ], [ 11.965059, 7.485465 ], [ 11.960753, 7.486092 ], [ 11.956697, 7.48839 ], [ 11.954062, 7.488408 ], [ 11.951544, 7.487827 ], [ 11.949387, 7.487602 ], [ 11.941249, 7.488374 ], [ 11.937044, 7.48625 ], [ 11.934913, 7.481065 ], [ 11.93143, 7.479415 ], [ 11.928658, 7.476684 ], [ 11.925158, 7.472644 ], [ 11.921784, 7.469439 ], [ 11.920085, 7.466103 ], [ 11.919581, 7.462282 ], [ 11.919652, 7.45499 ], [ 11.921843, 7.45133 ], [ 11.935533, 7.439287 ], [ 11.935759, 7.437253 ], [ 11.932974, 7.432491 ], [ 11.930916, 7.429157 ], [ 11.928857, 7.425585 ], [ 11.928715, 7.42212 ], [ 11.929343, 7.417633 ], [ 11.929779, 7.411056 ], [ 11.931304, 7.406385 ], [ 11.931516, 7.4022 ], [ 11.933769, 7.398838 ], [ 11.93279, 7.395617 ], [ 11.931102, 7.393836 ], [ 11.930844, 7.391088 ], [ 11.929867, 7.388106 ], [ 11.925183, 7.385866 ], [ 11.913571, 7.386061 ], [ 11.912249, 7.385234 ], [ 11.90452, 7.375004 ], [ 11.902044, 7.371733 ], [ 11.89989, 7.371867 ], [ 11.897735, 7.371881 ], [ 11.897016, 7.371647 ], [ 11.894969, 7.369986 ], [ 11.89401, 7.369753 ], [ 11.892454, 7.369763 ], [ 11.891974, 7.369647 ], [ 11.891009, 7.368577 ], [ 11.890169, 7.368224 ], [ 11.889453, 7.368468 ], [ 11.887543, 7.369436 ], [ 11.886712, 7.370518 ], [ 11.886357, 7.371237 ], [ 11.885522, 7.371601 ], [ 11.885285, 7.371961 ], [ 11.884445, 7.371608 ], [ 11.88348, 7.370538 ], [ 11.88335, 7.368866 ], [ 11.881967, 7.367978 ], [ 11.879427, 7.363931 ], [ 11.878565, 7.360231 ], [ 11.878898, 7.356164 ], [ 11.880089, 7.355201 ], [ 11.8808, 7.35412 ], [ 11.881391, 7.352921 ], [ 11.879719, 7.35353 ], [ 11.878394, 7.352343 ], [ 11.877181, 7.34984 ], [ 11.875732, 7.347937 ], [ 11.87634, 7.340104 ], [ 11.878215, 7.333876 ], [ 11.881048, 7.327642 ], [ 11.880184, 7.323464 ], [ 11.879094, 7.321439 ], [ 11.877292, 7.320494 ], [ 11.875736, 7.320504 ], [ 11.873456, 7.319802 ], [ 11.871415, 7.318739 ], [ 11.869487, 7.316838 ], [ 11.869111, 7.314211 ], [ 11.869212, 7.311222 ], [ 11.865655, 7.30724 ], [ 11.864694, 7.306648 ], [ 11.86361, 7.305579 ], [ 11.862878, 7.303432 ], [ 11.861905, 7.301048 ], [ 11.860693, 7.298665 ], [ 11.859718, 7.296042 ], [ 11.861497, 7.2934 ], [ 11.862798, 7.290763 ], [ 11.861944, 7.288377 ], [ 11.858816, 7.276503 ], [ 11.855693, 7.274611 ], [ 11.852812, 7.273433 ], [ 11.848614, 7.272025 ], [ 11.847287, 7.27036 ], [ 11.851645, 7.259096 ], [ 11.853057, 7.255262 ], [ 11.859154, 7.254148 ], [ 11.864896, 7.253634 ], [ 11.868963, 7.25313 ], [ 11.873741, 7.251665 ], [ 11.876368, 7.250692 ], [ 11.87876, 7.250438 ], [ 11.883549, 7.250647 ], [ 11.885102, 7.250159 ], [ 11.88757, 7.247683 ], [ 11.886483, 7.246137 ], [ 11.885153, 7.243993 ], [ 11.883703, 7.241731 ], [ 11.881055, 7.239477 ], [ 11.878532, 7.237939 ], [ 11.87601, 7.23664 ], [ 11.874083, 7.23474 ], [ 11.872154, 7.232481 ], [ 11.871779, 7.229853 ], [ 11.870669, 7.22472 ], [ 11.869093, 7.221502 ], [ 11.868124, 7.219716 ], [ 11.863803, 7.217711 ], [ 11.862715, 7.215925 ], [ 11.861747, 7.214377 ], [ 11.862684, 7.211143 ], [ 11.864462, 7.208383 ], [ 11.866009, 7.206939 ], [ 11.863358, 7.204087 ], [ 11.862377, 7.200268 ], [ 11.861283, 7.197645 ], [ 11.859474, 7.195504 ], [ 11.8591, 7.193116 ], [ 11.8628, 7.191419 ], [ 11.865662, 7.189728 ], [ 11.869469, 7.186238 ], [ 11.87054, 7.185275 ], [ 11.870646, 7.183003 ], [ 11.869917, 7.181334 ], [ 11.867634, 7.179914 ], [ 11.865234, 7.178734 ], [ 11.863426, 7.176713 ], [ 11.861721, 7.171942 ], [ 11.861697, 7.168117 ], [ 11.863598, 7.165953 ], [ 11.865977, 7.163668 ], [ 11.867755, 7.160907 ], [ 11.869777, 7.158862 ], [ 11.871432, 7.155744 ], [ 11.869744, 7.153603 ], [ 11.864591, 7.15244 ], [ 11.865169, 7.149209 ], [ 11.86528, 7.147774 ], [ 11.866346, 7.146094 ], [ 11.865853, 7.143706 ], [ 11.866907, 7.139994 ], [ 11.86857, 7.138071 ], [ 11.869635, 7.136152 ], [ 11.870096, 7.13328 ], [ 11.871264, 7.128731 ], [ 11.872688, 7.126929 ], [ 11.876367, 7.121885 ], [ 11.877065, 7.118773 ], [ 11.879676, 7.11529 ], [ 11.881938, 7.113483 ], [ 11.883716, 7.110842 ], [ 11.884175, 7.107612 ], [ 11.882833, 7.103557 ], [ 11.876375, 7.093542 ] ] ] ] } },
{ "type": "Feature", "properties": { "tg_type": "FON.AIRE_PROTEGEE", "nom": "Deng Deng", "source_id": "208B76AA-F8CC-4527-B9FE-282ED919FACD", "source": "MINFOF_WRI_ATLAS_FORESTIER_SIG_2018", "statut": "IMPORTE", "date_source": "2016-12-13", "regime_tg": "AIRE_PROTEGEE", "categorie": "aire_protegee", "desc_type": "Parc national", "cat_uicn": "II", "wdpaid": 555547995.0, "statu_crea": "cree", "statu_amgt": "amenge", "date_prop": "2011-05-30", "date_crea": "2013-04-30", "date_amgt": null, "sup_adm_ha": 68264, "sup_sig_ha": 68735.0 }, "geometry": { "type": "MultiPolygon", "coordinates": [ [ [ [ 13.424784, 5.211931 ], [ 13.397992, 5.183785 ], [ 13.408594, 5.160924 ], [ 13.42903, 5.150937 ], [ 13.419618, 5.105173 ], [ 13.424563, 5.085389 ], [ 13.443845, 5.089117 ], [ 13.444211, 5.098387 ], [ 13.463827, 5.109666 ], [ 13.479458, 5.112422 ], [ 13.484898, 5.113282 ], [ 13.48813, 5.115347 ], [ 13.4946, 5.120426 ], [ 13.497369, 5.128671 ], [ 13.497636, 5.133566 ], [ 13.493656, 5.166431 ], [ 13.506144, 5.172429 ], [ 13.49561, 5.183234 ], [ 13.494317, 5.187797 ], [ 13.492262, 5.191608 ], [ 13.487915, 5.192398 ], [ 13.48129, 5.192445 ], [ 13.478794, 5.195425 ], [ 13.483874, 5.217277 ], [ 13.489985, 5.215445 ], [ 13.496146, 5.214403 ], [ 13.499932, 5.215174 ], [ 13.502312, 5.21396 ], [ 13.508861, 5.211519 ], [ 13.5156, 5.207879 ], [ 13.570762, 5.259451 ], [ 13.569403, 5.260195 ], [ 13.568827, 5.261821 ], [ 13.569779, 5.263163 ], [ 13.576834, 5.267582 ], [ 13.57644, 5.27275 ], [ 13.574429, 5.275617 ], [ 13.572231, 5.276187 ], [ 13.569171, 5.278477 ], [ 13.566395, 5.281342 ], [ 13.561229, 5.285542 ], [ 13.559694, 5.288793 ], [ 13.559304, 5.292334 ], [ 13.557868, 5.293958 ], [ 13.554905, 5.295195 ], [ 13.554043, 5.296629 ], [ 13.555179, 5.30046 ], [ 13.552496, 5.304666 ], [ 13.551626, 5.309258 ], [ 13.554188, 5.316156 ], [ 13.557611, 5.322482 ], [ 13.557412, 5.325928 ], [ 13.554639, 5.327453 ], [ 13.550822, 5.326295 ], [ 13.547477, 5.327627 ], [ 13.53917, 5.327607 ], [ 13.536111, 5.329132 ], [ 13.533237, 5.332858 ], [ 13.53036, 5.33802 ], [ 13.529591, 5.34022 ], [ 13.526805, 5.347392 ], [ 13.502968, 5.342674 ], [ 13.475622, 5.371148 ], [ 13.476639, 5.397557 ], [ 13.502009, 5.406464 ], [ 13.526368, 5.400727 ], [ 13.568642, 5.432626 ], [ 13.566927, 5.435475 ], [ 13.564098, 5.437014 ], [ 13.562433, 5.44215 ], [ 13.557366, 5.448071 ], [ 13.554753, 5.453025 ], [ 13.556507, 5.459653 ], [ 13.55597, 5.463831 ], [ 13.551693, 5.474439 ], [ 13.548115, 5.476605 ], [ 13.545103, 5.478905 ], [ 13.538902, 5.485214 ], [ 13.532146, 5.493236 ], [ 13.527431, 5.495738 ], [ 13.522138, 5.496917 ], [ 13.520269, 5.500157 ], [ 13.521381, 5.506551 ], [ 13.433779, 5.526014 ], [ 13.401762, 5.527937 ], [ 13.387701, 5.50795 ], [ 13.36932, 5.500521 ], [ 13.361359, 5.467945 ], [ 13.352421, 5.456201 ], [ 13.373913, 5.437269 ], [ 13.361104, 5.423481 ], [ 13.362327, 5.418708 ], [ 13.360026, 5.416577 ], [ 13.359871, 5.414859 ], [ 13.360861, 5.413492 ], [ 13.361776, 5.411623 ], [ 13.363907, 5.409818 ], [ 13.365015, 5.405012 ], [ 13.365003, 5.403293 ], [ 13.365275, 5.40143 ], [ 13.366406, 5.399703 ], [ 13.368825, 5.398325 ], [ 13.371394, 5.397949 ], [ 13.373743, 5.396643 ], [ 13.375589, 5.395054 ], [ 13.377437, 5.393752 ], [ 13.378206, 5.391455 ], [ 13.379259, 5.388869 ], [ 13.380379, 5.385639 ], [ 13.380507, 5.383633 ], [ 13.380633, 5.381198 ], [ 13.380603, 5.377045 ], [ 13.380854, 5.372174 ], [ 13.380905, 5.369381 ], [ 13.37974, 5.36631 ], [ 13.379159, 5.364954 ], [ 13.378937, 5.363881 ], [ 13.380067, 5.362083 ], [ 13.381273, 5.360786 ], [ 13.382903, 5.358984 ], [ 13.386102, 5.356055 ], [ 13.392714, 5.361994 ], [ 13.396769, 5.361785 ], [ 13.418274, 5.345648 ], [ 13.418017, 5.337469 ], [ 13.419174, 5.332273 ], [ 13.415164, 5.328311 ], [ 13.409002, 5.329353 ], [ 13.405402, 5.326984 ], [ 13.402716, 5.323769 ], [ 13.398372, 5.318056 ], [ 13.395154, 5.313489 ], [ 13.393716, 5.309598 ], [ 13.394069, 5.305989 ], [ 13.390443, 5.30184 ], [ 13.38776, 5.297304 ], [ 13.387543, 5.293319 ], [ 13.384488, 5.289735 ], [ 13.384088, 5.286701 ], [ 13.381495, 5.281561 ], [ 13.377415, 5.280105 ], [ 13.371894, 5.275778 ], [ 13.366972, 5.275813 ], [ 13.361662, 5.274522 ], [ 13.354086, 5.274195 ], [ 13.351227, 5.271368 ], [ 13.351208, 5.268711 ], [ 13.35348, 5.268695 ], [ 13.356681, 5.266205 ], [ 13.358177, 5.263537 ], [ 13.357756, 5.257466 ], [ 13.361878, 5.251174 ], [ 13.361455, 5.244913 ], [ 13.369515, 5.243875 ], [ 13.394495, 5.253688 ], [ 13.397281, 5.249471 ], [ 13.40188, 5.241976 ], [ 13.40206, 5.234512 ], [ 13.403503, 5.227231 ], [ 13.402256, 5.219658 ], [ 13.402303, 5.212933 ], [ 13.408205, 5.215113 ], [ 13.417043, 5.215051 ], [ 13.424784, 5.211931 ] ] ] ] } },
{ "type": "Feature", "properties": { "tg_type": "FON.AIRE_PROTEGEE", "nom": "Mont Cameroun", "source_id": "7DB0A6C7-126B-4B44-981B-FF00F88B2F52", "source": "MINFOF_WRI_ATLAS_FORESTIER_SIG_2018", "statut": "IMPORTE", "date_source": "2016-12-13", "regime_tg": "AIRE_PROTEGEE", "categorie": "aire_protegee", "desc_type": "Parc national", "cat_uicn": "II", "wdpaid": 555547994.0, "statu_crea": "cree", "statu_amgt": "amenge", "date_prop": null, "date_crea": "2009-12-10", "date_amgt": null, "sup_adm_ha": 58178, "sup_sig_ha": 58123.0 }, "geometry": { "type": "MultiPolygon", "coordinates": [ [ [ [ 9.16569, 4.37862 ], [ 9.157891, 4.364335 ], [ 9.137585, 4.362701 ], [ 9.126001, 4.346318 ], [ 9.127692, 4.324803 ], [ 9.1247, 4.322026 ], [ 9.09532, 4.322111 ], [ 9.084657, 4.302018 ], [ 9.08289, 4.29412 ], [ 9.091547, 4.268306 ], [ 9.087878, 4.258408 ], [ 9.077217, 4.247407 ], [ 9.042892, 4.279447 ], [ 9.040513, 4.277253 ], [ 9.03904, 4.276461 ], [ 9.034287, 4.273131 ], [ 9.029305, 4.265028 ], [ 9.0285, 4.264397 ], [ 9.025587, 4.261556 ], [ 9.040991, 4.232979 ], [ 9.026968, 4.186276 ], [ 9.014271, 4.11327 ], [ 9.020388, 4.08971 ], [ 9.023154, 4.086571 ], [ 9.028857, 4.086236 ], [ 9.039335, 4.086235 ], [ 9.04283, 4.084579 ], [ 9.050347, 4.083765 ], [ 9.050434, 4.083755 ], [ 9.051639, 4.085309 ], [ 9.055687, 4.090532 ], [ 9.059831, 4.089247 ], [ 9.066255, 4.085618 ], [ 9.073922, 4.085563 ], [ 9.074624, 4.079999 ], [ 9.078155, 4.076696 ], [ 9.078159, 4.076641 ], [ 9.078425, 4.073321 ], [ 9.078447, 4.073314 ], [ 9.098551, 4.06675 ], [ 9.108739, 4.057756 ], [ 9.132787, 4.062691 ], [ 9.132794, 4.062692 ], [ 9.134758, 4.135568 ], [ 9.134761, 4.13567 ], [ 9.136316, 4.13464 ], [ 9.143409, 4.129941 ], [ 9.154351, 4.14326 ], [ 9.166588, 4.158156 ], [ 9.176646, 4.161596 ], [ 9.194955, 4.167858 ], [ 9.200287, 4.162139 ], [ 9.20034, 4.162199 ], [ 9.259141, 4.229752 ], [ 9.258729, 4.231072 ], [ 9.257712, 4.230786 ], [ 9.257211, 4.231179 ], [ 9.256478, 4.231755 ], [ 9.256332, 4.232241 ], [ 9.256329, 4.232249 ], [ 9.255527, 4.232321 ], [ 9.254581, 4.232687 ], [ 9.253562, 4.233272 ], [ 9.252471, 4.23437 ], [ 9.251888, 4.235685 ], [ 9.251611, 4.236871 ], [ 9.25189, 4.237295 ], [ 9.251961, 4.238317 ], [ 9.250651, 4.239706 ], [ 9.250069, 4.24073 ], [ 9.250508, 4.241608 ], [ 9.25007, 4.2438 ], [ 9.250414, 4.244565 ], [ 9.250436, 4.244613 ], [ 9.249999, 4.245264 ], [ 9.249562, 4.24541 ], [ 9.249344, 4.247604 ], [ 9.249347, 4.247606 ], [ 9.249709, 4.248042 ], [ 9.249853, 4.248845 ], [ 9.249376, 4.24977 ], [ 9.249127, 4.250747 ], [ 9.246724, 4.253306 ], [ 9.24636, 4.254183 ], [ 9.24636, 4.254987 ], [ 9.245414, 4.256523 ], [ 9.245052, 4.257621 ], [ 9.244106, 4.259522 ], [ 9.24294, 4.261422 ], [ 9.243233, 4.262373 ], [ 9.243668, 4.262956 ], [ 9.24367, 4.262958 ], [ 9.243743, 4.264347 ], [ 9.243524, 4.265881 ], [ 9.242141, 4.267783 ], [ 9.241997, 4.269319 ], [ 9.240249, 4.271073 ], [ 9.240103, 4.272023 ], [ 9.244693, 4.27598 ], [ 9.244062, 4.279865 ], [ 9.239743, 4.306418 ], [ 9.293219, 4.290373 ], [ 9.270526, 4.331983 ], [ 9.254374, 4.351832 ], [ 9.222914, 4.357542 ], [ 9.229091, 4.37604 ], [ 9.187663, 4.370441 ], [ 9.16569, 4.37862 ] ] ] ] } },
{ "type": "Feature", "properties": { "tg_type": "FON.AIRE_PROTEGEE", "nom": "Ma Mbed Mbed", "source_id": "1C5BEE8B-5843-4A77-8B72-95E782938822", "source": "MINFOF_WRI_ATLAS_FORESTIER_SIG_2018", "statut": "IMPORTE", "date_source": "2018-01-15", "regime_tg": "AIRE_PROTEGEE", "categorie": "aire_protegee", "desc_type": "Parc national", "cat_uicn": "II", "wdpaid": 555548872.0, "statu_crea": "propose", "statu_amgt": "non_amenage", "date_prop": "2004-08-26", "date_crea": null, "date_amgt": null, "sup_adm_ha": 18158, "sup_sig_ha": 14162.0 }, "geometry": { "type": "MultiPolygon", "coordinates": [ [ [ [ 14.589841, 10.15061 ], [ 14.585577, 10.115834 ], [ 14.584044, 10.115388 ], [ 14.582694, 10.113568 ], [ 14.580416, 10.112997 ], [ 14.578832, 10.112127 ], [ 14.577195, 10.108487 ], [ 14.575748, 10.106475 ], [ 14.575558, 10.104465 ], [ 14.573615, 10.103088 ], [ 14.576721, 10.101594 ], [ 14.579203, 10.10146 ], [ 14.58492, 10.078859 ], [ 14.583222, 10.078915 ], [ 14.581388, 10.077381 ], [ 14.577043, 10.076897 ], [ 14.574341, 10.074883 ], [ 14.571541, 10.074114 ], [ 14.569415, 10.075164 ], [ 14.568451, 10.073823 ], [ 14.564773, 10.075707 ], [ 14.555846, 10.068523 ], [ 14.558266, 10.049206 ], [ 14.55651, 10.047482 ], [ 14.554193, 10.046713 ], [ 14.551875, 10.046806 ], [ 14.548689, 10.046514 ], [ 14.546177, 10.047181 ], [ 14.542892, 10.047751 ], [ 14.539803, 10.046789 ], [ 14.536608, 10.04735 ], [ 14.532173, 10.04697 ], [ 14.528604, 10.044093 ], [ 14.524546, 10.045619 ], [ 14.523001, 10.045329 ], [ 14.521853, 10.046051 ], [ 14.520103, 10.0459 ], [ 14.518946, 10.044654 ], [ 14.518778, 10.041688 ], [ 14.518798, 10.027885 ], [ 14.49644, 10.019781 ], [ 14.490689, 10.019052 ], [ 14.487412, 10.016709 ], [ 14.484319, 10.017032 ], [ 14.481811, 10.015018 ], [ 14.480754, 10.012336 ], [ 14.479655, 10.011164 ], [ 14.47989, 10.008889 ], [ 14.477479, 10.006683 ], [ 14.477385, 10.005056 ], [ 14.478355, 10.002856 ], [ 14.47717, 10.000796 ], [ 14.490914, 9.998663 ], [ 14.588175, 9.978057 ], [ 14.609534, 10.058265 ], [ 14.606134, 10.061138 ], [ 14.601593, 10.062377 ], [ 14.597827, 10.062277 ], [ 14.594949, 10.063288 ], [ 14.618292, 10.071012 ], [ 14.633255, 10.077443 ], [ 14.647349, 10.084925 ], [ 14.657865, 10.096615 ], [ 14.66047, 10.099011 ], [ 14.659113, 10.103221 ], [ 14.658816, 10.110209 ], [ 14.655913, 10.114897 ], [ 14.653204, 10.11901 ], [ 14.648924, 10.122874 ], [ 14.641434, 10.122866 ], [ 14.621837, 10.139124 ], [ 14.62217, 10.141089 ], [ 14.621903, 10.145102 ], [ 14.609798, 10.146914 ], [ 14.595108, 10.150917 ], [ 14.589841, 10.15061 ] ] ] ] } },
{ "type": "Feature", "properties": { "tg_type": "FON.AIRE_PROTEGEE", "nom": "Mpem et Djim", "source_id": "DFABB5DD-FF90-47C7-B7BF-B3553FB6661C", "source": "MINFOF_WRI_ATLAS_FORESTIER_SIG_2018", "statut": "IMPORTE", "date_source": "2016-12-13", "regime_tg": "AIRE_PROTEGEE", "categorie": "aire_protegee", "desc_type": "Parc national", "cat_uicn": "II", "wdpaid": 555547993.0, "statu_crea": "cree", "statu_amgt": "non_amenage", "date_prop": null, "date_crea": "2004-05-12", "date_amgt": null, "sup_adm_ha": 97480, "sup_sig_ha": 97543.0 }, "geometry": { "type": "MultiPolygon", "coordinates": [ [ [ [ 11.693847, 5.326274 ], [ 11.693164, 5.326515 ], [ 11.692348, 5.326942 ], [ 11.691896, 5.327317 ], [ 11.69086, 5.328299 ], [ 11.69032, 5.328813 ], [ 11.689824, 5.329281 ], [ 11.689331, 5.329886 ], [ 11.688746, 5.330447 ], [ 11.688072, 5.331193 ], [ 11.68753, 5.331616 ], [ 11.686626, 5.33232 ], [ 11.685582, 5.332843 ], [ 11.6849, 5.33313 ], [ 11.683993, 5.33365 ], [ 11.683269, 5.334122 ], [ 11.68277, 5.334406 ], [ 11.68172, 5.334607 ], [ 11.681036, 5.334802 ], [ 11.68017, 5.335001 ], [ 11.679441, 5.335197 ], [ 11.678711, 5.335347 ], [ 11.678161, 5.335356 ], [ 11.677241, 5.335295 ], [ 11.657466, 5.31435 ], [ 11.657568, 5.309393 ], [ 11.657669, 5.307067 ], [ 11.65777, 5.304335 ], [ 11.658377, 5.301301 ], [ 11.659186, 5.299784 ], [ 11.660501, 5.297963 ], [ 11.662221, 5.295839 ], [ 11.663131, 5.294018 ], [ 11.663637, 5.292602 ], [ 11.663839, 5.290478 ], [ 11.663232, 5.288556 ], [ 11.662221, 5.286937 ], [ 11.661614, 5.284813 ], [ 11.661512, 5.283296 ], [ 11.662119, 5.281374 ], [ 11.662726, 5.279654 ], [ 11.663637, 5.278238 ], [ 11.664749, 5.27662 ], [ 11.665154, 5.274698 ], [ 11.665862, 5.273484 ], [ 11.666975, 5.271764 ], [ 11.667582, 5.26964 ], [ 11.667379, 5.267314 ], [ 11.665761, 5.264886 ], [ 11.664446, 5.262863 ], [ 11.662929, 5.260941 ], [ 11.661209, 5.259019 ], [ 11.657972, 5.2573 ], [ 11.655545, 5.25649 ], [ 11.653227, 5.25624 ], [ 11.649994, 5.25434 ], [ 11.649374, 5.253152 ], [ 11.647553, 5.251939 ], [ 11.645632, 5.250927 ], [ 11.644013, 5.249309 ], [ 11.642496, 5.247791 ], [ 11.641889, 5.246476 ], [ 11.640574, 5.245364 ], [ 11.63936, 5.24415 ], [ 11.637944, 5.242936 ], [ 11.63673, 5.241014 ], [ 11.63582, 5.238688 ], [ 11.634707, 5.236968 ], [ 11.632988, 5.234844 ], [ 11.631268, 5.23363 ], [ 11.628537, 5.232012 ], [ 11.626705, 5.230762 ], [ 11.626716, 5.230697 ], [ 11.625806, 5.229179 ], [ 11.624693, 5.226448 ], [ 11.623277, 5.224628 ], [ 11.621659, 5.222604 ], [ 11.619231, 5.220278 ], [ 11.617511, 5.217446 ], [ 11.617208, 5.215524 ], [ 11.614072, 5.21522 ], [ 11.611038, 5.214816 ], [ 11.608812, 5.214411 ], [ 11.606587, 5.213703 ], [ 11.603856, 5.214411 ], [ 11.601934, 5.214108 ], [ 11.595561, 5.214411 ], [ 11.591616, 5.214715 ], [ 11.589897, 5.217243 ], [ 11.586963, 5.217648 ], [ 11.583929, 5.218862 ], [ 11.582411, 5.218862 ], [ 11.581379, 5.21911 ], [ 11.581011, 5.218707 ], [ 11.579779, 5.217509 ], [ 11.579231, 5.217048 ], [ 11.578684, 5.216633 ], [ 11.577588, 5.215849 ], [ 11.576903, 5.215388 ], [ 11.576355, 5.214927 ], [ 11.575625, 5.214237 ], [ 11.575032, 5.213637 ], [ 11.573982, 5.212716 ], [ 11.573389, 5.212255 ], [ 11.572613, 5.211747 ], [ 11.571744, 5.211285 ], [ 11.571059, 5.210916 ], [ 11.57042, 5.210454 ], [ 11.569826, 5.209993 ], [ 11.569095, 5.209623 ], [ 11.568455, 5.209254 ], [ 11.567679, 5.208792 ], [ 11.566948, 5.208284 ], [ 11.566263, 5.207823 ], [ 11.565578, 5.207407 ], [ 11.564756, 5.206854 ], [ 11.564071, 5.206346 ], [ 11.563386, 5.205976 ], [ 11.562427, 5.205468 ], [ 11.561879, 5.204961 ], [ 11.561103, 5.204041 ], [ 11.561088, 5.203666 ], [ 11.560817, 5.203342 ], [ 11.560499, 5.202973 ], [ 11.560227, 5.202603 ], [ 11.559822, 5.201774 ], [ 11.559505, 5.201312 ], [ 11.558963, 5.200344 ], [ 11.558648, 5.199699 ], [ 11.558424, 5.199009 ], [ 11.558109, 5.198318 ], [ 11.557886, 5.197582 ], [ 11.557526, 5.196845 ], [ 11.55721, 5.196246 ], [ 11.556896, 5.195463 ], [ 11.556717, 5.194956 ], [ 11.556311, 5.194265 ], [ 11.556131, 5.19385 ], [ 11.555952, 5.193207 ], [ 11.555773, 5.192792 ], [ 11.555593, 5.192332 ], [ 11.555323, 5.191733 ], [ 11.555144, 5.191227 ], [ 11.554965, 5.190767 ], [ 11.554741, 5.190122 ], [ 11.554653, 5.189617 ], [ 11.554518, 5.189386 ], [ 11.554207, 5.18819 ], [ 11.553985, 5.187362 ], [ 11.553624, 5.186579 ], [ 11.553355, 5.185934 ], [ 11.553041, 5.18506 ], [ 11.552819, 5.184232 ], [ 11.552688, 5.183359 ], [ 11.55233, 5.182392 ], [ 11.552109, 5.181472 ], [ 11.551886, 5.18069 ], [ 11.551799, 5.180047 ], [ 11.551485, 5.17931 ], [ 11.551081, 5.178251 ], [ 11.550857, 5.177561 ], [ 11.550588, 5.176916 ], [ 11.550272, 5.176363 ], [ 11.549911, 5.175625 ], [ 11.549415, 5.174704 ], [ 11.54901, 5.173874 ], [ 11.548147, 5.17295 ], [ 11.547786, 5.172397 ], [ 11.547242, 5.17175 ], [ 11.546925, 5.171334 ], [ 11.546426, 5.17078 ], [ 11.546245, 5.170365 ], [ 11.546022, 5.169721 ], [ 11.545798, 5.16903 ], [ 11.545805, 5.168112 ], [ 11.545858, 5.167287 ], [ 11.545955, 5.166599 ], [ 11.546142, 5.16605 ], [ 11.546331, 5.165317 ], [ 11.546427, 5.164767 ], [ 11.54657, 5.163987 ], [ 11.546529, 5.163436 ], [ 11.546351, 5.162792 ], [ 11.54608, 5.16224 ], [ 11.545946, 5.161825 ], [ 11.545632, 5.161134 ], [ 11.54527, 5.160535 ], [ 11.544908, 5.160027 ], [ 11.544682, 5.159658 ], [ 11.544229, 5.159057 ], [ 11.544004, 5.158643 ], [ 11.543778, 5.158136 ], [ 11.543555, 5.157446 ], [ 11.543377, 5.156802 ], [ 11.543335, 5.156251 ], [ 11.543389, 5.155287 ], [ 11.543439, 5.154828 ], [ 11.543534, 5.154278 ], [ 11.543677, 5.153637 ], [ 11.543727, 5.153041 ], [ 11.543776, 5.152537 ], [ 11.543738, 5.15171 ], [ 11.543695, 5.151251 ], [ 11.543654, 5.1507 ], [ 11.543431, 5.149918 ], [ 11.543299, 5.149182 ], [ 11.543261, 5.148218 ], [ 11.543219, 5.147759 ], [ 11.54304, 5.147299 ], [ 11.54286, 5.146884 ], [ 11.542544, 5.146331 ], [ 11.542274, 5.145777 ], [ 11.542141, 5.14518 ], [ 11.542146, 5.144583 ], [ 11.542197, 5.143849 ], [ 11.542386, 5.143162 ], [ 11.542617, 5.142797 ], [ 11.543034, 5.142203 ], [ 11.543313, 5.1417 ], [ 11.543592, 5.14106 ], [ 11.54387, 5.140649 ], [ 11.544103, 5.1401 ], [ 11.54429, 5.139597 ], [ 11.544569, 5.139002 ], [ 11.544757, 5.138407 ], [ 11.545129, 5.137675 ], [ 11.544994, 5.137136 ], [ 11.545219, 5.136994 ], [ 11.547131, 5.13632 ], [ 11.547072, 5.13554 ], [ 11.546788, 5.134993 ], [ 11.546275, 5.134451 ], [ 11.545853, 5.13386 ], [ 11.545474, 5.133178 ], [ 11.545049, 5.132405 ], [ 11.544847, 5.131352 ], [ 11.544787, 5.130526 ], [ 11.544776, 5.129883 ], [ 11.544811, 5.12924 ], [ 11.545257, 5.128589 ], [ 11.546033, 5.128439 ], [ 11.546675, 5.12852 ], [ 11.547274, 5.12874 ], [ 11.54783, 5.129098 ], [ 11.548707, 5.129496 ], [ 11.549584, 5.129849 ], [ 11.550688, 5.130152 ], [ 11.551373, 5.13005 ], [ 11.552235, 5.129622 ], [ 11.552589, 5.128881 ], [ 11.552258, 5.12829 ], [ 11.551838, 5.127837 ], [ 11.551047, 5.127116 ], [ 11.550535, 5.126665 ], [ 11.550064, 5.125892 ], [ 11.549864, 5.124931 ], [ 11.550034, 5.124147 ], [ 11.55071, 5.123493 ], [ 11.55143, 5.122793 ], [ 11.552284, 5.12186 ], [ 11.552365, 5.121261 ], [ 11.552076, 5.120439 ], [ 11.551604, 5.119621 ], [ 11.551268, 5.118708 ], [ 11.550886, 5.117842 ], [ 11.55096, 5.116784 ], [ 11.551178, 5.116184 ], [ 11.551676, 5.115853 ], [ 11.552314, 5.115659 ], [ 11.553274, 5.115552 ], [ 11.553821, 5.115451 ], [ 11.554369, 5.11535 ], [ 11.55496, 5.115111 ], [ 11.555868, 5.114636 ], [ 11.556455, 5.114167 ], [ 11.557081, 5.113284 ], [ 11.557526, 5.112542 ], [ 11.557926, 5.111893 ], [ 11.558238, 5.111382 ], [ 11.558637, 5.110595 ], [ 11.558993, 5.110038 ], [ 11.559305, 5.109528 ], [ 11.559662, 5.10897 ], [ 11.560245, 5.108272 ], [ 11.560878, 5.107802 ], [ 11.561473, 5.107793 ], [ 11.561891, 5.108153 ], [ 11.562177, 5.108837 ], [ 11.562143, 5.109481 ], [ 11.562019, 5.110263 ], [ 11.561707, 5.110774 ], [ 11.561488, 5.111283 ], [ 11.561816, 5.111782 ], [ 11.56219, 5.112189 ], [ 11.562784, 5.112133 ], [ 11.563419, 5.111756 ], [ 11.564283, 5.11142 ], [ 11.564979, 5.11196 ], [ 11.565602, 5.112041 ], [ 11.566428, 5.111772 ], [ 11.567208, 5.111456 ], [ 11.567852, 5.111002 ], [ 11.568449, 5.110777 ], [ 11.56886, 5.110827 ], [ 11.569316, 5.111014 ], [ 11.569862, 5.111385 ], [ 11.570227, 5.111618 ], [ 11.570545, 5.11185 ], [ 11.571229, 5.11213 ], [ 11.571643, 5.11195 ], [ 11.572333, 5.11145 ], [ 11.572382, 5.111038 ], [ 11.572341, 5.110441 ], [ 11.572208, 5.109889 ], [ 11.572075, 5.109291 ], [ 11.571899, 5.108372 ], [ 11.57163, 5.107773 ], [ 11.571313, 5.107312 ], [ 11.571041, 5.106988 ], [ 11.570677, 5.106664 ], [ 11.570361, 5.106203 ], [ 11.570182, 5.105696 ], [ 11.570005, 5.104915 ], [ 11.570099, 5.104699 ], [ 11.570284, 5.104274 ], [ 11.570972, 5.104096 ], [ 11.571566, 5.104192 ], [ 11.572296, 5.104474 ], [ 11.572798, 5.104661 ], [ 11.573209, 5.104756 ], [ 11.573711, 5.104852 ], [ 11.57426, 5.104948 ], [ 11.574716, 5.105135 ], [ 11.575127, 5.105322 ], [ 11.575629, 5.105372 ], [ 11.576041, 5.105421 ], [ 11.576589, 5.105563 ], [ 11.577001, 5.105566 ], [ 11.577505, 5.105478 ], [ 11.577958, 5.105223 ], [ 11.57859, 5.104707 ], [ 11.579596, 5.10469 ], [ 11.579643, 5.10469 ], [ 11.580284, 5.104725 ], [ 11.581058, 5.104437 ], [ 11.580861, 5.103659 ], [ 11.579705, 5.103035 ], [ 11.578923, 5.102819 ], [ 11.5781, 5.102878 ], [ 11.577503, 5.102751 ], [ 11.576354, 5.102494 ], [ 11.575113, 5.102285 ], [ 11.574053, 5.101844 ], [ 11.573304, 5.100891 ], [ 11.573337, 5.100156 ], [ 11.57332, 5.099192 ], [ 11.573217, 5.098551 ], [ 11.573212, 5.098529 ], [ 11.57302, 5.097727 ], [ 11.573167, 5.097348 ], [ 11.573502, 5.096479 ], [ 11.573169, 5.095796 ], [ 11.572577, 5.095944 ], [ 11.571971, 5.095808 ], [ 11.571244, 5.095644 ], [ 11.570453, 5.094923 ], [ 11.570072, 5.094057 ], [ 11.57005, 5.093742 ], [ 11.570033, 5.093506 ], [ 11.570011, 5.093185 ], [ 11.570184, 5.092631 ], [ 11.57054, 5.092028 ], [ 11.570617, 5.091716 ], [ 11.570711, 5.091336 ], [ 11.57047, 5.090606 ], [ 11.569908, 5.089926 ], [ 11.569394, 5.089337 ], [ 11.568746, 5.088889 ], [ 11.567695, 5.089044 ], [ 11.567283, 5.088565 ], [ 11.567228, 5.088501 ], [ 11.567227, 5.08842 ], [ 11.567216, 5.087812 ], [ 11.566886, 5.08722 ], [ 11.565875, 5.087054 ], [ 11.565524, 5.087932 ], [ 11.565398, 5.088577 ], [ 11.56514, 5.089546 ], [ 11.564691, 5.090058 ], [ 11.563959, 5.09007 ], [ 11.563268, 5.089852 ], [ 11.562396, 5.089729 ], [ 11.561438, 5.089928 ], [ 11.56071, 5.090216 ], [ 11.560523, 5.090305 ], [ 11.560211, 5.090454 ], [ 11.559743, 5.089911 ], [ 11.559779, 5.089359 ], [ 11.560038, 5.088436 ], [ 11.560106, 5.088062 ], [ 11.560164, 5.087746 ], [ 11.560241, 5.086918 ], [ 11.560228, 5.086183 ], [ 11.560025, 5.085038 ], [ 11.559998, 5.084817 ], [ 11.559919, 5.084167 ], [ 11.559953, 5.083478 ], [ 11.560079, 5.082879 ], [ 11.560617, 5.082181 ], [ 11.561392, 5.082031 ], [ 11.561936, 5.0817 ], [ 11.562294, 5.081189 ], [ 11.563018, 5.080717 ], [ 11.563839, 5.08052 ], [ 11.564381, 5.080098 ], [ 11.564703, 5.079552 ], [ 11.564737, 5.079495 ], [ 11.56504, 5.07848 ], [ 11.56503, 5.077929 ], [ 11.564878, 5.077059 ], [ 11.564838, 5.076588 ], [ 11.56482, 5.076371 ], [ 11.564898, 5.075589 ], [ 11.565156, 5.074909 ], [ 11.565248, 5.074665 ], [ 11.565007, 5.073934 ], [ 11.564863, 5.073562 ], [ 11.564672, 5.073067 ], [ 11.564682, 5.072731 ], [ 11.564701, 5.072148 ], [ 11.5646, 5.071552 ], [ 11.564726, 5.070907 ], [ 11.564576, 5.070175 ], [ 11.564337, 5.069582 ], [ 11.564098, 5.069035 ], [ 11.563858, 5.068396 ], [ 11.563939, 5.067798 ], [ 11.56402, 5.067154 ], [ 11.56428, 5.066322 ], [ 11.564403, 5.065493 ], [ 11.564439, 5.064942 ], [ 11.56424, 5.063981 ], [ 11.563676, 5.063164 ], [ 11.563163, 5.062621 ], [ 11.562375, 5.062083 ], [ 11.561585, 5.061407 ], [ 11.56098, 5.06082 ], [ 11.560148, 5.060375 ], [ 11.559682, 5.059877 ], [ 11.559169, 5.05938 ], [ 11.558928, 5.05865 ], [ 11.558871, 5.058008 ], [ 11.559313, 5.057082 ], [ 11.560173, 5.056516 ], [ 11.561219, 5.056086 ], [ 11.561483, 5.055531 ], [ 11.561886, 5.055019 ], [ 11.562386, 5.054735 ], [ 11.562931, 5.054496 ], [ 11.563336, 5.054076 ], [ 11.56378, 5.053334 ], [ 11.564371, 5.053095 ], [ 11.564962, 5.052856 ], [ 11.565459, 5.052434 ], [ 11.565449, 5.051837 ], [ 11.565116, 5.051153 ], [ 11.564739, 5.050517 ], [ 11.564592, 5.049968 ], [ 11.564536, 5.049372 ], [ 11.564662, 5.048681 ], [ 11.565108, 5.048031 ], [ 11.565606, 5.047701 ], [ 11.566425, 5.047412 ], [ 11.567063, 5.047264 ], [ 11.567746, 5.047023 ], [ 11.568338, 5.046829 ], [ 11.568636, 5.046712 ], [ 11.569066, 5.046542 ], [ 11.569746, 5.046163 ], [ 11.570057, 5.04602 ], [ 11.570472, 5.045829 ], [ 11.571255, 5.046046 ], [ 11.572083, 5.046262 ], [ 11.572823, 5.046709 ], [ 11.573269, 5.047006 ], [ 11.573564, 5.047202 ], [ 11.573564, 5.047202 ], [ 11.573982, 5.047563 ], [ 11.573982, 5.047563 ], [ 11.574542, 5.04815 ], [ 11.574758, 5.048412 ], [ 11.574916, 5.048604 ], [ 11.575064, 5.049244 ], [ 11.575286, 5.049618 ], [ 11.575442, 5.04988 ], [ 11.575557, 5.050187 ], [ 11.575681, 5.05052 ], [ 11.575835, 5.050757 ], [ 11.576152, 5.051246 ], [ 11.576707, 5.051559 ], [ 11.577348, 5.051594 ], [ 11.578126, 5.051535 ], [ 11.578731, 5.052122 ], [ 11.579335, 5.052663 ], [ 11.579335, 5.052663 ], [ 11.57971, 5.053117 ], [ 11.57971, 5.053117 ], [ 11.580364, 5.053886 ], [ 11.580829, 5.054292 ], [ 11.580829, 5.054292 ], [ 11.581173, 5.054554 ], [ 11.581479, 5.054786 ], [ 11.582139, 5.054701 ], [ 11.582301, 5.054681 ], [ 11.583073, 5.054347 ], [ 11.583522, 5.053788 ], [ 11.583522, 5.053788 ], [ 11.583966, 5.053 ], [ 11.584316, 5.05258 ], [ 11.584549, 5.052302 ], [ 11.584998, 5.051789 ], [ 11.584998, 5.051789 ], [ 11.585939, 5.050625 ], [ 11.586158, 5.05007 ], [ 11.586468, 5.049422 ], [ 11.586493, 5.048274 ], [ 11.58612, 5.047867 ], [ 11.58612, 5.047867 ], [ 11.585514, 5.04728 ], [ 11.585375, 5.047179 ], [ 11.584958, 5.046876 ], [ 11.584488, 5.046149 ], [ 11.584795, 5.045363 ], [ 11.58543, 5.045031 ], [ 11.585744, 5.045047 ], [ 11.586117, 5.045066 ], [ 11.586579, 5.045089 ], [ 11.586805, 5.0451 ], [ 11.587355, 5.045183 ], [ 11.587901, 5.044944 ], [ 11.587901, 5.044944 ], [ 11.587954, 5.044725 ], [ 11.588115, 5.044068 ], [ 11.588272, 5.043505 ], [ 11.588373, 5.043145 ], [ 11.58852, 5.042803 ], [ 11.588769, 5.042221 ], [ 11.58935, 5.041384 ], [ 11.589756, 5.04101 ], [ 11.589756, 5.04101 ], [ 11.590298, 5.040634 ], [ 11.590797, 5.04035 ], [ 11.591339, 5.039928 ], [ 11.591572, 5.039727 ], [ 11.59188, 5.039459 ], [ 11.592068, 5.039199 ], [ 11.592283, 5.038901 ], [ 11.592452, 5.038118 ], [ 11.592442, 5.037521 ], [ 11.592442, 5.037521 ], [ 11.592431, 5.036878 ], [ 11.592556, 5.036142 ], [ 11.592862, 5.035356 ], [ 11.592862, 5.035356 ], [ 11.593267, 5.03489 ], [ 11.593608, 5.034696 ], [ 11.593765, 5.034606 ], [ 11.594143, 5.034574 ], [ 11.594451, 5.034549 ], [ 11.59509, 5.034447 ], [ 11.595941, 5.03439 ], [ 11.596005, 5.034385 ], [ 11.596005, 5.034385 ], [ 11.596188, 5.034328 ], [ 11.596779, 5.034143 ], [ 11.597506, 5.033855 ], [ 11.598051, 5.033617 ], [ 11.598844, 5.033218 ], [ 11.599212, 5.032945 ], [ 11.599535, 5.032672 ], [ 11.599535, 5.032672 ], [ 11.600316, 5.032311 ], [ 11.600316, 5.032311 ], [ 11.601048, 5.032225 ], [ 11.601827, 5.032048 ], [ 11.602377, 5.031868 ], [ 11.602246, 5.029965 ], [ 11.602234, 5.029277 ], [ 11.602309, 5.028357 ], [ 11.602481, 5.027711 ], [ 11.602791, 5.027063 ], [ 11.603195, 5.026643 ], [ 11.603741, 5.02645 ], [ 11.604471, 5.0263 ], [ 11.605021, 5.026337 ], [ 11.605757, 5.026509 ], [ 11.606308, 5.026591 ], [ 11.606908, 5.026903 ], [ 11.60774, 5.027349 ], [ 11.608481, 5.027841 ], [ 11.609222, 5.028334 ], [ 11.610008, 5.028734 ], [ 11.610558, 5.028817 ], [ 11.611244, 5.02876 ], [ 11.61188, 5.028474 ], [ 11.612098, 5.027827 ], [ 11.612037, 5.027002 ], [ 11.6118, 5.0265 ], [ 11.611468, 5.025863 ], [ 11.611089, 5.025134 ], [ 11.610895, 5.024449 ], [ 11.610148, 5.023634 ], [ 11.609815, 5.022905 ], [ 11.609667, 5.022311 ], [ 11.609885, 5.021664 ], [ 11.610614, 5.021469 ], [ 11.611393, 5.021502 ], [ 11.612219, 5.021625 ], [ 11.612727, 5.021893 ], [ 11.613515, 5.022477 ], [ 11.613755, 5.023116 ], [ 11.614307, 5.023244 ], [ 11.614861, 5.023511 ], [ 11.615459, 5.023639 ], [ 11.6166, 5.023481 ], [ 11.617284, 5.023287 ], [ 11.618019, 5.023458 ], [ 11.618755, 5.023629 ], [ 11.619445, 5.023848 ], [ 11.620139, 5.02425 ], [ 11.620968, 5.024557 ], [ 11.621615, 5.024914 ], [ 11.621835, 5.024405 ], [ 11.622099, 5.023758 ], [ 11.622547, 5.0232 ], [ 11.623138, 5.02296 ], [ 11.624143, 5.022851 ], [ 11.624549, 5.022477 ], [ 11.624905, 5.02192 ], [ 11.625263, 5.021409 ], [ 11.625668, 5.021035 ], [ 11.626218, 5.021026 ], [ 11.626726, 5.021339 ], [ 11.627197, 5.022112 ], [ 11.627483, 5.022704 ], [ 11.627818, 5.023571 ], [ 11.628243, 5.024299 ], [ 11.628852, 5.025115 ], [ 11.629458, 5.025748 ], [ 11.629876, 5.026108 ], [ 11.630522, 5.026373 ], [ 11.631118, 5.026409 ], [ 11.631802, 5.02626 ], [ 11.63211, 5.025566 ], [ 11.632006, 5.024833 ], [ 11.631951, 5.024283 ], [ 11.632169, 5.023683 ], [ 11.6328, 5.023075 ], [ 11.633482, 5.022834 ], [ 11.634211, 5.022638 ], [ 11.63499, 5.022671 ], [ 11.635343, 5.021931 ], [ 11.635881, 5.021279 ], [ 11.636333, 5.020904 ], [ 11.63696, 5.020159 ], [ 11.637684, 5.019641 ], [ 11.638179, 5.019128 ], [ 11.638994, 5.018655 ], [ 11.640601, 5.017525 ], [ 11.640606, 5.01679 ], [ 11.640749, 5.016104 ], [ 11.641252, 5.016107 ], [ 11.641663, 5.016202 ], [ 11.64221, 5.016482 ], [ 11.642756, 5.016853 ], [ 11.643211, 5.017132 ], [ 11.643624, 5.017044 ], [ 11.644039, 5.016634 ], [ 11.644044, 5.015899 ], [ 11.643958, 5.015256 ], [ 11.64387, 5.014705 ], [ 11.644238, 5.014525 ], [ 11.64465, 5.014528 ], [ 11.644968, 5.014805 ], [ 11.645148, 5.01522 ], [ 11.645374, 5.015543 ], [ 11.645691, 5.015912 ], [ 11.64624, 5.016008 ], [ 11.6467, 5.015644 ], [ 11.647025, 5.015051 ], [ 11.647256, 5.014686 ], [ 11.647808, 5.014277 ], [ 11.648313, 5.014143 ], [ 11.64868, 5.013916 ], [ 11.649051, 5.013369 ], [ 11.649419, 5.01305 ], [ 11.649697, 5.012685 ], [ 11.65025, 5.012139 ], [ 11.650846, 5.012006 ], [ 11.651351, 5.011689 ], [ 11.651355, 5.011275 ], [ 11.650993, 5.010722 ], [ 11.650536, 5.01058 ], [ 11.649944, 5.010254 ], [ 11.649626, 5.009977 ], [ 11.649631, 5.009334 ], [ 11.650047, 5.008833 ], [ 11.650553, 5.008515 ], [ 11.650968, 5.008013 ], [ 11.65111, 5.007464 ], [ 11.65116, 5.006913 ], [ 11.651346, 5.006548 ], [ 11.651758, 5.006459 ], [ 11.652169, 5.0066 ], [ 11.65244, 5.007061 ], [ 11.652711, 5.007431 ], [ 11.652983, 5.007845 ], [ 11.653161, 5.008398 ], [ 11.653568, 5.008998 ], [ 11.654023, 5.009369 ], [ 11.654433, 5.009509 ], [ 11.655027, 5.009651 ], [ 11.65553, 5.009701 ], [ 11.656308, 5.009707 ], [ 11.656812, 5.009574 ], [ 11.65718, 5.009393 ], [ 11.657276, 5.008797 ], [ 11.657279, 5.008384 ], [ 11.657191, 5.007832 ], [ 11.656876, 5.007187 ], [ 11.656377, 5.006633 ], [ 11.656152, 5.006172 ], [ 11.656158, 5.005392 ], [ 11.656389, 5.005072 ], [ 11.656713, 5.00457 ], [ 11.657175, 5.004023 ], [ 11.657318, 5.003335 ], [ 11.657598, 5.002603 ], [ 11.657876, 5.002192 ], [ 11.658243, 5.001966 ], [ 11.658748, 5.001832 ], [ 11.65916, 5.001743 ], [ 11.659351, 5.001969 ], [ 11.659679, 5.002423 ], [ 11.659781, 5.003018 ], [ 11.6597, 5.003662 ], [ 11.659761, 5.004487 ], [ 11.659911, 5.00522 ], [ 11.660245, 5.005995 ], [ 11.660711, 5.006492 ], [ 11.661264, 5.006712 ], [ 11.66182, 5.007071 ], [ 11.662371, 5.007199 ], [ 11.662919, 5.007098 ], [ 11.663557, 5.00695 ], [ 11.6641, 5.006574 ], [ 11.664641, 5.006106 ], [ 11.664997, 5.005548 ], [ 11.665402, 5.005082 ], [ 11.66576, 5.004664 ], [ 11.666568, 5.003732 ], [ 11.666965, 5.002852 ], [ 11.667552, 5.002429 ], [ 11.668188, 5.002097 ], [ 11.669011, 5.002084 ], [ 11.669839, 5.002254 ], [ 11.670311, 5.003072 ], [ 11.670594, 5.003572 ], [ 11.670971, 5.004163 ], [ 11.671119, 5.004804 ], [ 11.671038, 5.005448 ], [ 11.671142, 5.006135 ], [ 11.671699, 5.006585 ], [ 11.672536, 5.007305 ], [ 11.672959, 5.007941 ], [ 11.673152, 5.008535 ], [ 11.673486, 5.009264 ], [ 11.673818, 5.009948 ], [ 11.674059, 5.010632 ], [ 11.674709, 5.011173 ], [ 11.675853, 5.011154 ], [ 11.676676, 5.011094 ], [ 11.677408, 5.011082 ], [ 11.678461, 5.011064 ], [ 11.679053, 5.010871 ], [ 11.679504, 5.010496 ], [ 11.679631, 5.009897 ], [ 11.67962, 5.0093 ], [ 11.679652, 5.008473 ], [ 11.679867, 5.007688 ], [ 11.680548, 5.007356 ], [ 11.681138, 5.00707 ], [ 11.681636, 5.006741 ], [ 11.682269, 5.006317 ], [ 11.682626, 5.00576 ], [ 11.682886, 5.004929 ], [ 11.682922, 5.004377 ], [ 11.683004, 5.003825 ], [ 11.683266, 5.003132 ], [ 11.683901, 5.002754 ], [ 11.684492, 5.00256 ], [ 11.684911, 5.002921 ], [ 11.685062, 5.003699 ], [ 11.684983, 5.004435 ], [ 11.684994, 5.005032 ], [ 11.68505, 5.005627 ], [ 11.685339, 5.006495 ], [ 11.685397, 5.007183 ], [ 11.684946, 5.007558 ], [ 11.684401, 5.007843 ], [ 11.684043, 5.008262 ], [ 11.683826, 5.008954 ], [ 11.684384, 5.00945 ], [ 11.684667, 5.009951 ], [ 11.684171, 5.010372 ], [ 11.683672, 5.01061 ], [ 11.683266, 5.010984 ], [ 11.683368, 5.011579 ], [ 11.684103, 5.011705 ], [ 11.685017, 5.011644 ], [ 11.685661, 5.011817 ], [ 11.685534, 5.012415 ], [ 11.685314, 5.012924 ], [ 11.685552, 5.013472 ], [ 11.686065, 5.014014 ], [ 11.68667, 5.014555 ], [ 11.687357, 5.014589 ], [ 11.688181, 5.01453 ], [ 11.688827, 5.01484 ], [ 11.689474, 5.015243 ], [ 11.689985, 5.015647 ], [ 11.691339, 5.017341 ], [ 11.691429, 5.017413 ], [ 11.691793, 5.017738 ], [ 11.692429, 5.018339 ], [ 11.692746, 5.018617 ], [ 11.693383, 5.019081 ], [ 11.693748, 5.019267 ], [ 11.694386, 5.019547 ], [ 11.694751, 5.019734 ], [ 11.695387, 5.020289 ], [ 11.695611, 5.020888 ], [ 11.695743, 5.021531 ], [ 11.695602, 5.022081 ], [ 11.695278, 5.022583 ], [ 11.69468, 5.0229 ], [ 11.693947, 5.023124 ], [ 11.693488, 5.023304 ], [ 11.69312, 5.023485 ], [ 11.692753, 5.023757 ], [ 11.692521, 5.024168 ], [ 11.692608, 5.024674 ], [ 11.693337, 5.025093 ], [ 11.69375, 5.025004 ], [ 11.694392, 5.024734 ], [ 11.694897, 5.024508 ], [ 11.695678, 5.024009 ], [ 11.696322, 5.023601 ], [ 11.696644, 5.023374 ], [ 11.69715, 5.023011 ], [ 11.697518, 5.022738 ], [ 11.697887, 5.02242 ], [ 11.698254, 5.022239 ], [ 11.698714, 5.021875 ], [ 11.699083, 5.021603 ], [ 11.699633, 5.021332 ], [ 11.700046, 5.021197 ], [ 11.700504, 5.021109 ], [ 11.700916, 5.021112 ], [ 11.70142, 5.021116 ], [ 11.702151, 5.021122 ], [ 11.702883, 5.021219 ], [ 11.703432, 5.021223 ], [ 11.703936, 5.021089 ], [ 11.704441, 5.020818 ], [ 11.704718, 5.020453 ], [ 11.704904, 5.020087 ], [ 11.705275, 5.019402 ], [ 11.705598, 5.019037 ], [ 11.705967, 5.018673 ], [ 11.706337, 5.018216 ], [ 11.706751, 5.017853 ], [ 11.707209, 5.017764 ], [ 11.707622, 5.017676 ], [ 11.708033, 5.017725 ], [ 11.708535, 5.017912 ], [ 11.709037, 5.018054 ], [ 11.709538, 5.018379 ], [ 11.709994, 5.018565 ], [ 11.710404, 5.018798 ], [ 11.710951, 5.019032 ], [ 11.711498, 5.01922 ], [ 11.712366, 5.019456 ], [ 11.713234, 5.019646 ], [ 11.713828, 5.019651 ], [ 11.71424, 5.019654 ], [ 11.714789, 5.019612 ], [ 11.715338, 5.019571 ], [ 11.715842, 5.019528 ], [ 11.716622, 5.019305 ], [ 11.7174, 5.019173 ], [ 11.717903, 5.019177 ], [ 11.718361, 5.019181 ], [ 11.718771, 5.019414 ], [ 11.718948, 5.020103 ], [ 11.71867, 5.020606 ], [ 11.718301, 5.020924 ], [ 11.718479, 5.021614 ], [ 11.718889, 5.021938 ], [ 11.719026, 5.021894 ], [ 11.719438, 5.021942 ], [ 11.719988, 5.021763 ], [ 11.720447, 5.021629 ], [ 11.720769, 5.02131 ], [ 11.721137, 5.020992 ], [ 11.721689, 5.020721 ], [ 11.722284, 5.020679 ], [ 11.722833, 5.020546 ], [ 11.723201, 5.020319 ], [ 11.723067, 5.019905 ], [ 11.722844, 5.019169 ], [ 11.722576, 5.018341 ], [ 11.722307, 5.017651 ], [ 11.72213, 5.01687 ], [ 11.72172, 5.016683 ], [ 11.72094, 5.016906 ], [ 11.720436, 5.016994 ], [ 11.720349, 5.016488 ], [ 11.720352, 5.01603 ], [ 11.72031, 5.015616 ], [ 11.719671, 5.015382 ], [ 11.718939, 5.01533 ], [ 11.718575, 5.015144 ], [ 11.718304, 5.014683 ], [ 11.71808, 5.014085 ], [ 11.717901, 5.013533 ], [ 11.717769, 5.012889 ], [ 11.717636, 5.012291 ], [ 11.71764, 5.011787 ], [ 11.717598, 5.011281 ], [ 11.717693, 5.010823 ], [ 11.717971, 5.010412 ], [ 11.718707, 5.009821 ], [ 11.719121, 5.009595 ], [ 11.719444, 5.009139 ], [ 11.719997, 5.00873 ], [ 11.720549, 5.008229 ], [ 11.720872, 5.00791 ], [ 11.721194, 5.007592 ], [ 11.72161, 5.00709 ], [ 11.722347, 5.006453 ], [ 11.722715, 5.006135 ], [ 11.722947, 5.005677 ], [ 11.722906, 5.005218 ], [ 11.72273, 5.004253 ], [ 11.722413, 5.003838 ], [ 11.722187, 5.003377 ], [ 11.722055, 5.002871 ], [ 11.722197, 5.002138 ], [ 11.722567, 5.00159 ], [ 11.722982, 5.00118 ], [ 11.723169, 5.000722 ], [ 11.723402, 5.000153 ], [ 11.724, 4.999083 ], [ 11.724265, 4.998402 ], [ 11.724112, 4.997667 ], [ 11.723906, 4.996878 ], [ 11.723857, 4.996249 ], [ 11.724489, 4.995517 ], [ 11.725119, 4.995101 ], [ 11.72554, 4.994526 ], [ 11.725493, 4.993424 ], [ 11.725497, 4.992637 ], [ 11.725813, 4.992218 ], [ 11.726388, 4.992274 ], [ 11.72733, 4.992331 ], [ 11.728428, 4.992441 ], [ 11.729209, 4.993127 ], [ 11.729887, 4.99355 ], [ 11.730408, 4.993973 ], [ 11.731192, 4.994134 ], [ 11.731977, 4.994191 ], [ 11.732604, 4.994299 ], [ 11.733179, 4.994301 ], [ 11.733806, 4.994462 ], [ 11.734381, 4.99457 ], [ 11.735008, 4.994783 ], [ 11.735214, 4.995466 ], [ 11.735472, 4.996097 ], [ 11.735626, 4.996727 ], [ 11.735832, 4.99741 ], [ 11.736511, 4.997728 ], [ 11.737137, 4.998046 ], [ 11.738371, 4.998389 ], [ 11.739175, 4.998581 ], [ 11.740212, 4.998845 ], [ 11.741587, 4.999067 ], [ 11.743252, 4.999336 ], [ 11.744192, 4.999655 ], [ 11.744441, 4.999903 ], [ 11.744458, 4.999903 ], [ 11.744535, 4.999903 ], [ 11.744611, 4.999903 ], [ 11.744688, 4.999903 ], [ 11.744765, 4.999903 ], [ 11.744842, 4.999903 ], [ 11.744919, 4.999903 ], [ 11.744919, 4.999979 ], [ 11.744996, 4.999979 ], [ 11.745073, 4.999979 ], [ 11.74515, 4.999979 ], [ 11.745227, 4.999979 ], [ 11.745304, 4.999979 ], [ 11.745381, 5.000056 ], [ 11.745458, 5.000133 ], [ 11.745535, 5.000133 ], [ 11.745612, 5.000133 ], [ 11.745689, 5.000133 ], [ 11.745689, 5.00021 ], [ 11.745689, 5.000287 ], [ 11.745765, 5.000287 ], [ 11.745842, 5.000287 ], [ 11.745842, 5.000364 ], [ 11.745919, 5.000364 ], [ 11.745919, 5.000441 ], [ 11.745919, 5.000518 ], [ 11.745919, 5.000672 ], [ 11.745919, 5.000749 ], [ 11.745919, 5.000826 ], [ 11.745996, 5.000826 ], [ 11.745996, 5.000903 ], [ 11.745996, 5.00098 ], [ 11.746073, 5.001057 ], [ 11.746073, 5.001133 ], [ 11.74615, 5.001133 ], [ 11.74615, 5.00121 ], [ 11.746227, 5.001287 ], [ 11.746227, 5.001364 ], [ 11.746304, 5.001364 ], [ 11.746304, 5.001441 ], [ 11.746381, 5.001441 ], [ 11.746458, 5.001672 ], [ 11.746535, 5.001672 ], [ 11.746535, 5.001749 ], [ 11.746612, 5.001749 ], [ 11.746689, 5.001749 ], [ 11.746689, 5.001826 ], [ 11.746766, 5.001826 ], [ 11.746842, 5.001826 ], [ 11.746919, 5.001826 ], [ 11.746996, 5.001826 ], [ 11.746996, 5.001903 ], [ 11.747073, 5.001903 ], [ 11.747073, 5.00198 ], [ 11.74715, 5.00198 ], [ 11.747227, 5.00198 ], [ 11.747304, 5.00198 ], [ 11.747304, 5.002057 ], [ 11.747381, 5.002134 ], [ 11.747458, 5.002134 ], [ 11.747458, 5.00221 ], [ 11.747535, 5.00221 ], [ 11.747612, 5.00221 ], [ 11.747689, 5.002287 ], [ 11.747766, 5.002287 ], [ 11.747843, 5.002364 ], [ 11.74792, 5.002441 ], [ 11.747996, 5.002518 ], [ 11.747996, 5.002595 ], [ 11.748073, 5.002595 ], [ 11.74815, 5.002595 ], [ 11.748227, 5.002595 ], [ 11.748227, 5.002672 ], [ 11.748304, 5.002672 ], [ 11.748381, 5.002672 ], [ 11.748381, 5.002749 ], [ 11.748458, 5.002749 ], [ 11.748535, 5.002749 ], [ 11.748612, 5.002826 ], [ 11.748612, 5.002903 ], [ 11.748689, 5.002903 ], [ 11.748766, 5.002903 ], [ 11.748843, 5.002903 ], [ 11.748843, 5.00298 ], [ 11.748843, 5.003057 ], [ 11.74892, 5.003057 ], [ 11.74892, 5.003134 ], [ 11.74892, 5.003211 ], [ 11.74892, 5.003287 ], [ 11.748997, 5.003287 ], [ 11.748997, 5.003364 ], [ 11.749073, 5.003364 ], [ 11.749073, 5.003441 ], [ 11.74915, 5.003441 ], [ 11.74915, 5.003518 ], [ 11.749227, 5.003518 ], [ 11.749304, 5.003518 ], [ 11.749304, 5.003595 ], [ 11.749381, 5.003595 ], [ 11.749381, 5.003672 ], [ 11.749381, 5.003749 ], [ 11.749458, 5.003749 ], [ 11.749458, 5.003826 ], [ 11.749535, 5.003903 ], [ 11.749612, 5.003903 ], [ 11.749689, 5.00398 ], [ 11.749766, 5.00398 ], [ 11.749843, 5.00398 ], [ 11.749843, 5.004057 ], [ 11.74992, 5.004057 ], [ 11.749997, 5.004057 ], [ 11.750074, 5.004057 ], [ 11.750151, 5.004057 ], [ 11.750227, 5.004134 ], [ 11.750304, 5.004134 ], [ 11.750381, 5.004134 ], [ 11.750458, 5.004134 ], [ 11.750535, 5.004134 ], [ 11.750535, 5.004211 ], [ 11.750612, 5.004211 ], [ 11.750689, 5.004211 ], [ 11.750689, 5.004288 ], [ 11.750766, 5.004288 ], [ 11.750843, 5.004288 ], [ 11.75092, 5.004288 ], [ 11.750997, 5.004288 ], [ 11.751074, 5.004288 ], [ 11.751151, 5.004288 ], [ 11.751381, 5.004288 ], [ 11.751458, 5.004288 ], [ 11.751612, 5.004288 ], [ 11.751689, 5.004365 ], [ 11.751766, 5.004365 ], [ 11.751843, 5.004365 ], [ 11.75192, 5.004365 ], [ 11.751997, 5.004365 ], [ 11.752074, 5.004365 ], [ 11.752151, 5.004365 ], [ 11.752228, 5.004365 ], [ 11.752305, 5.004365 ], [ 11.752382, 5.004365 ], [ 11.752458, 5.004365 ], [ 11.752535, 5.004365 ], [ 11.752612, 5.004365 ], [ 11.752612, 5.004288 ], [ 11.752689, 5.004288 ], [ 11.752766, 5.004288 ], [ 11.752843, 5.004288 ], [ 11.75292, 5.004288 ], [ 11.752997, 5.004288 ], [ 11.753074, 5.004288 ], [ 11.753151, 5.004288 ], [ 11.753228, 5.004288 ], [ 11.753305, 5.004288 ], [ 11.753382, 5.004288 ], [ 11.753459, 5.004288 ], [ 11.753535, 5.004288 ], [ 11.753612, 5.004288 ], [ 11.753689, 5.004288 ], [ 11.753766, 5.004288 ], [ 11.753843, 5.004288 ], [ 11.75392, 5.004288 ], [ 11.753997, 5.004288 ], [ 11.754074, 5.004288 ], [ 11.754151, 5.004288 ], [ 11.754228, 5.004288 ], [ 11.754305, 5.004288 ], [ 11.754382, 5.004288 ], [ 11.754459, 5.004288 ], [ 11.754536, 5.004211 ], [ 11.754613, 5.004211 ], [ 11.754843, 5.004211 ], [ 11.75492, 5.004211 ], [ 11.754997, 5.004211 ], [ 11.755074, 5.004211 ], [ 11.755151, 5.004211 ], [ 11.755228, 5.004211 ], [ 11.755305, 5.004211 ], [ 11.755305, 5.004288 ], [ 11.755382, 5.004288 ], [ 11.755382, 5.004365 ], [ 11.755459, 5.004365 ], [ 11.755459, 5.004441 ], [ 11.755536, 5.004441 ], [ 11.755536, 5.004518 ], [ 11.755536, 5.004595 ], [ 11.755536, 5.004672 ], [ 11.755536, 5.004749 ], [ 11.755536, 5.004826 ], [ 11.755536, 5.004903 ], [ 11.755536, 5.00498 ], [ 11.755536, 5.005057 ], [ 11.755536, 5.005134 ], [ 11.755536, 5.005211 ], [ 11.755536, 5.005288 ], [ 11.755536, 5.005365 ], [ 11.755536, 5.005442 ], [ 11.755536, 5.005518 ], [ 11.755536, 5.005595 ], [ 11.755536, 5.005672 ], [ 11.755536, 5.005749 ], [ 11.755536, 5.005826 ], [ 11.755536, 5.005903 ], [ 11.755536, 5.00598 ], [ 11.755536, 5.006057 ], [ 11.755536, 5.006134 ], [ 11.755536, 5.006211 ], [ 11.755536, 5.006288 ], [ 11.755536, 5.006365 ], [ 11.755536, 5.006442 ], [ 11.755536, 5.006519 ], [ 11.755536, 5.006596 ], [ 11.755536, 5.006672 ], [ 11.755536, 5.006749 ], [ 11.755536, 5.006826 ], [ 11.755536, 5.006903 ], [ 11.755613, 5.006903 ], [ 11.755613, 5.00698 ], [ 11.755613, 5.007057 ], [ 11.755613, 5.007134 ], [ 11.755613, 5.007211 ], [ 11.755613, 5.007288 ], [ 11.75569, 5.007288 ], [ 11.75569, 5.007365 ], [ 11.75569, 5.007442 ], [ 11.755766, 5.007442 ], [ 11.755766, 5.007519 ], [ 11.755766, 5.007596 ], [ 11.755843, 5.007596 ], [ 11.75592, 5.007673 ], [ 11.755997, 5.007749 ], [ 11.756074, 5.007749 ], [ 11.756074, 5.007826 ], [ 11.756151, 5.007826 ], [ 11.756228, 5.007826 ], [ 11.756305, 5.007826 ], [ 11.756305, 5.007903 ], [ 11.756382, 5.007903 ], [ 11.756382, 5.00798 ], [ 11.756459, 5.00798 ], [ 11.756459, 5.008057 ], [ 11.756459, 5.008134 ], [ 11.756536, 5.008134 ], [ 11.756613, 5.008134 ], [ 11.756613, 5.008211 ], [ 11.75669, 5.008211 ], [ 11.75669, 5.008288 ], [ 11.756767, 5.008288 ], [ 11.756844, 5.008288 ], [ 11.75692, 5.008288 ], [ 11.756997, 5.008288 ], [ 11.757074, 5.008288 ], [ 11.757151, 5.008288 ], [ 11.757228, 5.008288 ], [ 11.757305, 5.008288 ], [ 11.757382, 5.008288 ], [ 11.757382, 5.008365 ], [ 11.757459, 5.008365 ], [ 11.757459, 5.008442 ], [ 11.757536, 5.008442 ], [ 11.757536, 5.008519 ], [ 11.757613, 5.008519 ], [ 11.75769, 5.008519 ], [ 11.75769, 5.008596 ], [ 11.75769, 5.008632 ], [ 11.758023, 5.008552 ], [ 11.758345, 5.008324 ], [ 11.758668, 5.007914 ], [ 11.759037, 5.007549 ], [ 11.759267, 5.007322 ], [ 11.759544, 5.007094 ], [ 11.759819, 5.006913 ], [ 11.760507, 5.006826 ], [ 11.761056, 5.006785 ], [ 11.761514, 5.006743 ], [ 11.762018, 5.006655 ], [ 11.762386, 5.006336 ], [ 11.762664, 5.005833 ], [ 11.763079, 5.005515 ], [ 11.763627, 5.005611 ], [ 11.764037, 5.005936 ], [ 11.764263, 5.006167 ], [ 11.764535, 5.006537 ], [ 11.764898, 5.006952 ], [ 11.765262, 5.007231 ], [ 11.765581, 5.007417 ], [ 11.765992, 5.007604 ], [ 11.766358, 5.00756 ], [ 11.766954, 5.007519 ], [ 11.767275, 5.007338 ], [ 11.767689, 5.007066 ], [ 11.767964, 5.006884 ], [ 11.768473, 5.006246 ], [ 11.768746, 5.006477 ], [ 11.769063, 5.006847 ], [ 11.769243, 5.007307 ], [ 11.769239, 5.007812 ], [ 11.769052, 5.008362 ], [ 11.768774, 5.008864 ], [ 11.768588, 5.00923 ], [ 11.768216, 5.010099 ], [ 11.767939, 5.010418 ], [ 11.767797, 5.010922 ], [ 11.767611, 5.011379 ], [ 11.767421, 5.012296 ], [ 11.767326, 5.0128 ], [ 11.767186, 5.013166 ], [ 11.767046, 5.013533 ], [ 11.766998, 5.013661 ], [ 11.766998, 5.013673 ], [ 11.767075, 5.013673 ], [ 11.767152, 5.013673 ], [ 11.767152, 5.01375 ], [ 11.767229, 5.01375 ], [ 11.767229, 5.013827 ], [ 11.767306, 5.013827 ], [ 11.767306, 5.013904 ], [ 11.767383, 5.013904 ], [ 11.76746, 5.013904 ], [ 11.76746, 5.013981 ], [ 11.767537, 5.013981 ], [ 11.767537, 5.014058 ], [ 11.767614, 5.014058 ], [ 11.767614, 5.014135 ], [ 11.767691, 5.014135 ], [ 11.767691, 5.014212 ], [ 11.767768, 5.014212 ], [ 11.767768, 5.014289 ], [ 11.767845, 5.014289 ], [ 11.767845, 5.014366 ], [ 11.767922, 5.014366 ], [ 11.767999, 5.014596 ], [ 11.767999, 5.014673 ], [ 11.768075, 5.014673 ], [ 11.768075, 5.01475 ], [ 11.768152, 5.01475 ], [ 11.768152, 5.014827 ], [ 11.768229, 5.014827 ], [ 11.768229, 5.014904 ], [ 11.768306, 5.014904 ], [ 11.768383, 5.014904 ], [ 11.768383, 5.014981 ], [ 11.76846, 5.014981 ], [ 11.76846, 5.015058 ], [ 11.768537, 5.015135 ], [ 11.768614, 5.015135 ], [ 11.768614, 5.015212 ], [ 11.768691, 5.015212 ], [ 11.768691, 5.015289 ], [ 11.768691, 5.015366 ], [ 11.768768, 5.015443 ], [ 11.768768, 5.01552 ], [ 11.768768, 5.015596 ], [ 11.768845, 5.015596 ], [ 11.768845, 5.015673 ], [ 11.768845, 5.01575 ], [ 11.768845, 5.015904 ], [ 11.768845, 5.015981 ], [ 11.768845, 5.016058 ], [ 11.768845, 5.016135 ], [ 11.768922, 5.016135 ], [ 11.768922, 5.016212 ], [ 11.768922, 5.016289 ], [ 11.768999, 5.016289 ], [ 11.768999, 5.016366 ], [ 11.769076, 5.016366 ], [ 11.769076, 5.016443 ], [ 11.769152, 5.016443 ], [ 11.769152, 5.016673 ], [ 11.769229, 5.016673 ], [ 11.769229, 5.01675 ], [ 11.769306, 5.01675 ], [ 11.769306, 5.016827 ], [ 11.769383, 5.016827 ], [ 11.76946, 5.016904 ], [ 11.769537, 5.016904 ], [ 11.769537, 5.016981 ], [ 11.769614, 5.017058 ], [ 11.769691, 5.017135 ], [ 11.769691, 5.017212 ], [ 11.769768, 5.017212 ], [ 11.769768, 5.017289 ], [ 11.769845, 5.017289 ], [ 11.769922, 5.017289 ], [ 11.769922, 5.017366 ], [ 11.769922, 5.017443 ], [ 11.769922, 5.01752 ], [ 11.769922, 5.017597 ], [ 11.769999, 5.017597 ], [ 11.769999, 5.017674 ], [ 11.770076, 5.017674 ], [ 11.770076, 5.017751 ], [ 11.770153, 5.017751 ], [ 11.770153, 5.017827 ], [ 11.770153, 5.017904 ], [ 11.77023, 5.017904 ], [ 11.77023, 5.017981 ], [ 11.770306, 5.017981 ], [ 11.770306, 5.018058 ], [ 11.770306, 5.018135 ], [ 11.770383, 5.018135 ], [ 11.770383, 5.018212 ], [ 11.77046, 5.018289 ], [ 11.770537, 5.018289 ], [ 11.770537, 5.018366 ], [ 11.770614, 5.018366 ], [ 11.770614, 5.018443 ], [ 11.770691, 5.018443 ], [ 11.770691, 5.01852 ], [ 11.770691, 5.018597 ], [ 11.770768, 5.018597 ], [ 11.770768, 5.018674 ], [ 11.770845, 5.018674 ], [ 11.770845, 5.018751 ], [ 11.770845, 5.018828 ], [ 11.770845, 5.018904 ], [ 11.770845, 5.018981 ], [ 11.770922, 5.019058 ], [ 11.770922, 5.019135 ], [ 11.770922, 5.019212 ], [ 11.770922, 5.019289 ], [ 11.770922, 5.019366 ], [ 11.770922, 5.019443 ], [ 11.770922, 5.01952 ], [ 11.770922, 5.019597 ], [ 11.770922, 5.019674 ], [ 11.770922, 5.019751 ], [ 11.770922, 5.019828 ], [ 11.770922, 5.019905 ], [ 11.770922, 5.019982 ], [ 11.770922, 5.020058 ], [ 11.770922, 5.020135 ], [ 11.770922, 5.020212 ], [ 11.770922, 5.020289 ], [ 11.770922, 5.020366 ], [ 11.770922, 5.020443 ], [ 11.770922, 5.02052 ], [ 11.770922, 5.020597 ], [ 11.770922, 5.020674 ], [ 11.770922, 5.020751 ], [ 11.770922, 5.020828 ], [ 11.770922, 5.020905 ], [ 11.770922, 5.020982 ], [ 11.770922, 5.021059 ], [ 11.770922, 5.021135 ], [ 11.770922, 5.021212 ], [ 11.770922, 5.021289 ], [ 11.770922, 5.021366 ], [ 11.770922, 5.021443 ], [ 11.770922, 5.02152 ], [ 11.770922, 5.021597 ], [ 11.770845, 5.021597 ], [ 11.770845, 5.021645 ], [ 11.77092, 5.021915 ], [ 11.770961, 5.022466 ], [ 11.771003, 5.022971 ], [ 11.770908, 5.023429 ], [ 11.770674, 5.024162 ], [ 11.770531, 5.024895 ], [ 11.770528, 5.025354 ], [ 11.770432, 5.02595 ], [ 11.770383, 5.026362 ], [ 11.770383, 5.026367 ], [ 11.770383, 5.026444 ], [ 11.770383, 5.026521 ], [ 11.770383, 5.026598 ], [ 11.770383, 5.026675 ], [ 11.770383, 5.026751 ], [ 11.770383, 5.026828 ], [ 11.770383, 5.026905 ], [ 11.77046, 5.026905 ], [ 11.77046, 5.026982 ], [ 11.770537, 5.027059 ], [ 11.770537, 5.027213 ], [ 11.770537, 5.02729 ], [ 11.770537, 5.027521 ], [ 11.770537, 5.027752 ], [ 11.770537, 5.027982 ], [ 11.770537, 5.028059 ], [ 11.770537, 5.028136 ], [ 11.770614, 5.028213 ], [ 11.770691, 5.028213 ], [ 11.770691, 5.02829 ], [ 11.770768, 5.02829 ], [ 11.770768, 5.028367 ], [ 11.770768, 5.028444 ], [ 11.770768, 5.028521 ], [ 11.770768, 5.028752 ], [ 11.770768, 5.028982 ], [ 11.770768, 5.029059 ], [ 11.770845, 5.029059 ], [ 11.770922, 5.029059 ], [ 11.770999, 5.029136 ], [ 11.771076, 5.029213 ], [ 11.771076, 5.02929 ], [ 11.771076, 5.029444 ], [ 11.771076, 5.029521 ], [ 11.771076, 5.029675 ], [ 11.771153, 5.029675 ], [ 11.77123, 5.029675 ], [ 11.771307, 5.029675 ], [ 11.771383, 5.029675 ], [ 11.771383, 5.029752 ], [ 11.77146, 5.029752 ], [ 11.77146, 5.029829 ], [ 11.77146, 5.029906 ], [ 11.771537, 5.029906 ], [ 11.771614, 5.029906 ], [ 11.771691, 5.029906 ], [ 11.771768, 5.029906 ], [ 11.771845, 5.029906 ], [ 11.771922, 5.029906 ], [ 11.771999, 5.029906 ], [ 11.772076, 5.029906 ], [ 11.772153, 5.029906 ], [ 11.77223, 5.029906 ], [ 11.772307, 5.029906 ], [ 11.772384, 5.029906 ], [ 11.77246, 5.029906 ], [ 11.772537, 5.029906 ], [ 11.772614, 5.029906 ], [ 11.772691, 5.029906 ], [ 11.772768, 5.029906 ], [ 11.772845, 5.029906 ], [ 11.772922, 5.029906 ], [ 11.772999, 5.029906 ], [ 11.773076, 5.029906 ], [ 11.773153, 5.029829 ], [ 11.77323, 5.029829 ], [ 11.773307, 5.029829 ], [ 11.773384, 5.029829 ], [ 11.773461, 5.029829 ], [ 11.773538, 5.029829 ], [ 11.773614, 5.029829 ], [ 11.773691, 5.029829 ], [ 11.773768, 5.029829 ], [ 11.773845, 5.029829 ], [ 11.773922, 5.029829 ], [ 11.773999, 5.029829 ], [ 11.774076, 5.029829 ], [ 11.774153, 5.029829 ], [ 11.77423, 5.029829 ], [ 11.77423, 5.029752 ], [ 11.774307, 5.029752 ], [ 11.774384, 5.029752 ], [ 11.774461, 5.029752 ], [ 11.774538, 5.029752 ], [ 11.774538, 5.029675 ], [ 11.774615, 5.029598 ], [ 11.774691, 5.029598 ], [ 11.774768, 5.029598 ], [ 11.774768, 5.029521 ], [ 11.774845, 5.029521 ], [ 11.774845, 5.029444 ], [ 11.774922, 5.029444 ], [ 11.774999, 5.029444 ], [ 11.774999, 5.029367 ], [ 11.775076, 5.029367 ], [ 11.775153, 5.029367 ], [ 11.77523, 5.029367 ], [ 11.77523, 5.02929 ], [ 11.775307, 5.02929 ], [ 11.775307, 5.029213 ], [ 11.775384, 5.029213 ], [ 11.775461, 5.029213 ], [ 11.775461, 5.029136 ], [ 11.775538, 5.029136 ], [ 11.775615, 5.029059 ], [ 11.775692, 5.029059 ], [ 11.775769, 5.029059 ], [ 11.775845, 5.029059 ], [ 11.775845, 5.028982 ], [ 11.775922, 5.028982 ], [ 11.775999, 5.028982 ], [ 11.776076, 5.028982 ], [ 11.776153, 5.028982 ], [ 11.77623, 5.028982 ], [ 11.776307, 5.028982 ], [ 11.776384, 5.028982 ], [ 11.776461, 5.028982 ], [ 11.776538, 5.028982 ], [ 11.776615, 5.028982 ], [ 11.776692, 5.028982 ], [ 11.776769, 5.028982 ], [ 11.776846, 5.028982 ], [ 11.776922, 5.028982 ], [ 11.776999, 5.028982 ], [ 11.777076, 5.028982 ], [ 11.777153, 5.028982 ], [ 11.77723, 5.028982 ], [ 11.777307, 5.028982 ], [ 11.777307, 5.029059 ], [ 11.777307, 5.029136 ], [ 11.777307, 5.029213 ], [ 11.777307, 5.02929 ], [ 11.777307, 5.029367 ], [ 11.777307, 5.029444 ], [ 11.777307, 5.029521 ], [ 11.777307, 5.029598 ], [ 11.777307, 5.029675 ], [ 11.777307, 5.029738 ], [ 11.77754, 5.030044 ], [ 11.777629, 5.030411 ], [ 11.777444, 5.030686 ], [ 11.777165, 5.03128 ], [ 11.776979, 5.031645 ], [ 11.776793, 5.032012 ], [ 11.776609, 5.032285 ], [ 11.776377, 5.032605 ], [ 11.776144, 5.033246 ], [ 11.776004, 5.033566 ], [ 11.775863, 5.03407 ], [ 11.775769, 5.034233 ], [ 11.775769, 5.034291 ], [ 11.775769, 5.034368 ], [ 11.775769, 5.034445 ], [ 11.775769, 5.034521 ], [ 11.775769, 5.034598 ], [ 11.775845, 5.034598 ], [ 11.775845, 5.034675 ], [ 11.775845, 5.034752 ], [ 11.775845, 5.034829 ], [ 11.775845, 5.034906 ], [ 11.775845, 5.034983 ], [ 11.775845, 5.03506 ], [ 11.775845, 5.035137 ], [ 11.775845, 5.035214 ], [ 11.775845, 5.035291 ], [ 11.775845, 5.035368 ], [ 11.775845, 5.035445 ], [ 11.775845, 5.035522 ], [ 11.775922, 5.035522 ], [ 11.775922, 5.035599 ], [ 11.775922, 5.035675 ], [ 11.775922, 5.035752 ], [ 11.775999, 5.035752 ], [ 11.775999, 5.035829 ], [ 11.775999, 5.035906 ], [ 11.775999, 5.035983 ], [ 11.776076, 5.03606 ], [ 11.776076, 5.036137 ], [ 11.776153, 5.036137 ], [ 11.776153, 5.036214 ], [ 11.77623, 5.036214 ], [ 11.77623, 5.036291 ], [ 11.77623, 5.036368 ], [ 11.77623, 5.036445 ], [ 11.77623, 5.036522 ], [ 11.77623, 5.036599 ], [ 11.77623, 5.036676 ], [ 11.77623, 5.036752 ], [ 11.77623, 5.036829 ], [ 11.77623, 5.036906 ], [ 11.77623, 5.036983 ], [ 11.77623, 5.03706 ], [ 11.77623, 5.037137 ], [ 11.77623, 5.037214 ], [ 11.77623, 5.037291 ], [ 11.77623, 5.037368 ], [ 11.77623, 5.037445 ], [ 11.77623, 5.037522 ], [ 11.77623, 5.037599 ], [ 11.776307, 5.037599 ], [ 11.776307, 5.037676 ], [ 11.776307, 5.037753 ], [ 11.776384, 5.037753 ], [ 11.776461, 5.037753 ], [ 11.776538, 5.03783 ], [ 11.776615, 5.03783 ], [ 11.776692, 5.037906 ], [ 11.776769, 5.037906 ], [ 11.776769, 5.037983 ], [ 11.776846, 5.037983 ], [ 11.776846, 5.03806 ], [ 11.776922, 5.03806 ], [ 11.776999, 5.03806 ], [ 11.777076, 5.038137 ], [ 11.777153, 5.038137 ], [ 11.77723, 5.038137 ], [ 11.777307, 5.038137 ], [ 11.777307, 5.038214 ], [ 11.777307, 5.038291 ], [ 11.777384, 5.038291 ], [ 11.777461, 5.038291 ], [ 11.777538, 5.038291 ], [ 11.777615, 5.038291 ], [ 11.777692, 5.038291 ], [ 11.777769, 5.038291 ], [ 11.777846, 5.038291 ], [ 11.777923, 5.038291 ], [ 11.778, 5.038291 ], [ 11.778076, 5.038291 ], [ 11.778307, 5.038291 ], [ 11.778461, 5.038291 ], [ 11.778538, 5.038291 ], [ 11.778615, 5.038291 ], [ 11.778692, 5.038291 ], [ 11.778769, 5.038291 ], [ 11.778846, 5.038291 ], [ 11.778923, 5.038291 ], [ 11.779, 5.038291 ], [ 11.779077, 5.038291 ], [ 11.779153, 5.038291 ], [ 11.77923, 5.038291 ], [ 11.779307, 5.038291 ], [ 11.779384, 5.038291 ], [ 11.779461, 5.038291 ], [ 11.779538, 5.038291 ], [ 11.779615, 5.038291 ], [ 11.779692, 5.038291 ], [ 11.779923, 5.038291 ], [ 11.780154, 5.038291 ], [ 11.780231, 5.038291 ], [ 11.780307, 5.038291 ], [ 11.780384, 5.038291 ], [ 11.780461, 5.038291 ], [ 11.780538, 5.038291 ], [ 11.780615, 5.038291 ], [ 11.780692, 5.038291 ], [ 11.780769, 5.038291 ], [ 11.780846, 5.038291 ], [ 11.780923, 5.038291 ], [ 11.781, 5.038291 ], [ 11.781077, 5.038291 ], [ 11.781154, 5.038291 ], [ 11.781231, 5.038291 ], [ 11.781308, 5.038291 ], [ 11.781384, 5.038291 ], [ 11.781461, 5.038291 ], [ 11.781538, 5.038291 ], [ 11.781615, 5.038291 ], [ 11.781615, 5.038368 ], [ 11.781692, 5.038368 ], [ 11.781692, 5.038445 ], [ 11.781692, 5.038522 ], [ 11.781769, 5.038522 ], [ 11.781846, 5.038522 ], [ 11.781846, 5.038599 ], [ 11.781923, 5.038599 ], [ 11.781923, 5.038676 ], [ 11.782, 5.038676 ], [ 11.782077, 5.038676 ], [ 11.782154, 5.038676 ], [ 11.782154, 5.038753 ], [ 11.782231, 5.038753 ], [ 11.782308, 5.038753 ], [ 11.782385, 5.03883 ], [ 11.782462, 5.03883 ], [ 11.782538, 5.03883 ], [ 11.782615, 5.03883 ], [ 11.782615, 5.038907 ], [ 11.782692, 5.038907 ], [ 11.782692, 5.038983 ], [ 11.782692, 5.03906 ], [ 11.782769, 5.03906 ], [ 11.782769, 5.039137 ], [ 11.782846, 5.039137 ], [ 11.782923, 5.039137 ], [ 11.782923, 5.039214 ], [ 11.783, 5.039214 ], [ 11.783, 5.039291 ], [ 11.783077, 5.039291 ], [ 11.783077, 5.039368 ], [ 11.783154, 5.039368 ], [ 11.783231, 5.039445 ], [ 11.783308, 5.039445 ], [ 11.783385, 5.039445 ], [ 11.783385, 5.039522 ], [ 11.783385, 5.039599 ], [ 11.783462, 5.039599 ], [ 11.783539, 5.039599 ], [ 11.783615, 5.039599 ], [ 11.783615, 5.039676 ], [ 11.783692, 5.039676 ], [ 11.783692, 5.039753 ], [ 11.783692, 5.03983 ], [ 11.783692, 5.039907 ], [ 11.783692, 5.039984 ], [ 11.783692, 5.04006 ], [ 11.783692, 5.040137 ], [ 11.783692, 5.040214 ], [ 11.783692, 5.040291 ], [ 11.783692, 5.040368 ], [ 11.783692, 5.040445 ], [ 11.783769, 5.040445 ], [ 11.783769, 5.040522 ], [ 11.783769, 5.040599 ], [ 11.783769, 5.040676 ], [ 11.783769, 5.040753 ], [ 11.783769, 5.04083 ], [ 11.783692, 5.04083 ], [ 11.783692, 5.040907 ], [ 11.783692, 5.040984 ], [ 11.783615, 5.040984 ], [ 11.783615, 5.041061 ], [ 11.783539, 5.041061 ], [ 11.783539, 5.041138 ], [ 11.783462, 5.041138 ], [ 11.783385, 5.041138 ], [ 11.783385, 5.041214 ], [ 11.783308, 5.041214 ], [ 11.783231, 5.041214 ], [ 11.783154, 5.041214 ], [ 11.783077, 5.041214 ], [ 11.783, 5.041214 ], [ 11.782923, 5.041214 ], [ 11.782846, 5.041214 ], [ 11.782834, 5.041214 ], [ 11.782811, 5.041282 ], [ 11.782626, 5.041556 ], [ 11.781983, 5.04201 ], [ 11.781522, 5.042328 ], [ 11.780878, 5.042828 ], [ 11.780235, 5.04319 ], [ 11.779863, 5.043922 ], [ 11.779402, 5.044515 ], [ 11.779216, 5.044881 ], [ 11.779077, 5.045189 ], [ 11.779077, 5.045215 ], [ 11.779077, 5.045292 ], [ 11.779077, 5.045369 ], [ 11.779077, 5.045446 ], [ 11.779077, 5.045523 ], [ 11.779077, 5.0456 ], [ 11.779077, 5.045676 ], [ 11.779077, 5.045753 ], [ 11.779077, 5.04583 ], [ 11.779077, 5.045907 ], [ 11.779077, 5.045984 ], [ 11.779077, 5.046061 ], [ 11.779153, 5.046138 ], [ 11.779153, 5.046215 ], [ 11.779153, 5.046292 ], [ 11.779153, 5.046369 ], [ 11.779153, 5.046446 ], [ 11.779153, 5.046523 ], [ 11.779153, 5.0466 ], [ 11.779153, 5.046677 ], [ 11.779153, 5.046753 ], [ 11.779153, 5.04683 ], [ 11.779153, 5.046907 ], [ 11.779153, 5.046984 ], [ 11.779153, 5.047061 ], [ 11.779153, 5.047138 ], [ 11.779153, 5.047215 ], [ 11.77923, 5.047215 ], [ 11.77923, 5.047292 ], [ 11.77923, 5.047369 ], [ 11.77923, 5.047446 ], [ 11.77923, 5.047523 ], [ 11.77923, 5.0476 ], [ 11.779307, 5.0476 ], [ 11.779307, 5.047677 ], [ 11.779307, 5.047754 ], [ 11.779384, 5.047754 ], [ 11.779384, 5.047831 ], [ 11.779384, 5.047907 ], [ 11.779461, 5.047907 ], [ 11.779461, 5.047984 ], [ 11.779461, 5.048061 ], [ 11.779461, 5.048138 ], [ 11.779461, 5.048215 ], [ 11.779461, 5.048292 ], [ 11.779461, 5.048369 ], [ 11.779461, 5.048446 ], [ 11.779461, 5.048523 ], [ 11.779461, 5.0486 ], [ 11.779538, 5.0486 ], [ 11.779615, 5.0486 ], [ 11.779615, 5.048677 ], [ 11.779692, 5.048754 ], [ 11.779769, 5.048831 ], [ 11.779846, 5.048831 ], [ 11.779846, 5.048908 ], [ 11.779846, 5.048984 ], [ 11.779846, 5.049061 ], [ 11.779846, 5.049138 ], [ 11.779846, 5.049215 ], [ 11.779846, 5.049292 ], [ 11.779846, 5.049369 ], [ 11.779846, 5.049446 ], [ 11.779846, 5.049523 ], [ 11.779846, 5.0496 ], [ 11.779923, 5.0496 ], [ 11.779923, 5.049677 ], [ 11.779923, 5.049754 ], [ 11.779923, 5.049831 ], [ 11.779923, 5.049908 ], [ 11.779923, 5.049985 ], [ 11.779923, 5.050062 ], [ 11.78, 5.050062 ], [ 11.78, 5.050138 ], [ 11.780077, 5.050138 ], [ 11.780077, 5.050215 ], [ 11.780077, 5.050292 ], [ 11.780154, 5.050292 ], [ 11.780231, 5.050369 ], [ 11.780231, 5.050446 ], [ 11.780307, 5.050446 ], [ 11.780307, 5.050523 ], [ 11.780384, 5.050523 ], [ 11.780384, 5.0506 ], [ 11.780384, 5.050754 ], [ 11.780461, 5.050754 ], [ 11.780461, 5.050831 ], [ 11.780538, 5.050831 ], [ 11.780615, 5.050831 ], [ 11.780615, 5.050908 ], [ 11.780615, 5.050985 ], [ 11.780615, 5.051062 ], [ 11.780615, 5.051139 ], [ 11.780615, 5.051215 ], [ 11.780692, 5.051215 ], [ 11.780692, 5.051292 ], [ 11.780692, 5.051369 ], [ 11.780692, 5.051446 ], [ 11.780692, 5.051523 ], [ 11.780692, 5.0516 ], [ 11.780692, 5.051677 ], [ 11.780692, 5.051754 ], [ 11.780692, 5.051831 ], [ 11.780769, 5.051831 ], [ 11.780846, 5.051831 ], [ 11.780846, 5.051908 ], [ 11.780923, 5.051908 ], [ 11.780923, 5.051985 ], [ 11.780923, 5.052062 ], [ 11.781, 5.052062 ], [ 11.781, 5.052139 ], [ 11.781077, 5.052139 ], [ 11.781077, 5.052216 ], [ 11.781077, 5.052293 ], [ 11.781154, 5.052293 ], [ 11.781154, 5.052369 ], [ 11.781231, 5.052369 ], [ 11.781231, 5.052446 ], [ 11.781308, 5.052446 ], [ 11.781308, 5.052523 ], [ 11.781308, 5.0526 ], [ 11.781384, 5.0526 ], [ 11.781384, 5.052677 ], [ 11.781384, 5.052754 ], [ 11.781461, 5.052754 ], [ 11.781461, 5.052831 ], [ 11.781461, 5.052908 ], [ 11.781538, 5.052908 ], [ 11.781538, 5.052985 ], [ 11.781615, 5.052985 ], [ 11.781692, 5.052985 ], [ 11.781692, 5.053062 ], [ 11.781769, 5.053139 ], [ 11.781846, 5.053139 ], [ 11.781923, 5.053216 ], [ 11.782, 5.053216 ], [ 11.782077, 5.053293 ], [ 11.782154, 5.053293 ], [ 11.782231, 5.05337 ], [ 11.782308, 5.05337 ], [ 11.782385, 5.05337 ], [ 11.782385, 5.053446 ], [ 11.782462, 5.053446 ], [ 11.782462, 5.053523 ], [ 11.782538, 5.053523 ], [ 11.782615, 5.053523 ], [ 11.782692, 5.053523 ], [ 11.782692, 5.0536 ], [ 11.782769, 5.0536 ], [ 11.782769, 5.053677 ], [ 11.782846, 5.053677 ], [ 11.782846, 5.053754 ], [ 11.782923, 5.053754 ], [ 11.782923, 5.053831 ], [ 11.782923, 5.053908 ], [ 11.782923, 5.053985 ], [ 11.782923, 5.054062 ], [ 11.782923, 5.054139 ], [ 11.783, 5.054139 ], [ 11.783, 5.054216 ], [ 11.783077, 5.054216 ], [ 11.783077, 5.054293 ], [ 11.783077, 5.05437 ], [ 11.783077, 5.054438 ], [ 11.783099, 5.054447 ], [ 11.783154, 5.054447 ], [ 11.783154, 5.05445 ], [ 11.783676, 5.054324 ], [ 11.784275, 5.053869 ], [ 11.784506, 5.05355 ], [ 11.784782, 5.053368 ], [ 11.785237, 5.053647 ], [ 11.785785, 5.053789 ], [ 11.786242, 5.05393 ], [ 11.786791, 5.054026 ], [ 11.787248, 5.05403 ], [ 11.787934, 5.054035 ], [ 11.788714, 5.053858 ], [ 11.789447, 5.053725 ], [ 11.78986, 5.053591 ], [ 11.790226, 5.053502 ], [ 11.790731, 5.053322 ], [ 11.791098, 5.053233 ], [ 11.791649, 5.052962 ], [ 11.791969, 5.052918 ], [ 11.792336, 5.052876 ], [ 11.792656, 5.052878 ], [ 11.793022, 5.05288 ], [ 11.793388, 5.052883 ], [ 11.793708, 5.052932 ], [ 11.794119, 5.053072 ], [ 11.794483, 5.053305 ], [ 11.794848, 5.053491 ], [ 11.795213, 5.053678 ], [ 11.795807, 5.05382 ], [ 11.796172, 5.053915 ], [ 11.796538, 5.053963 ], [ 11.79727, 5.053969 ], [ 11.79782, 5.053835 ], [ 11.798278, 5.053701 ], [ 11.798691, 5.053612 ], [ 11.799471, 5.053434 ], [ 11.799929, 5.053347 ], [ 11.800342, 5.053212 ], [ 11.800708, 5.053169 ], [ 11.801165, 5.053218 ], [ 11.80153, 5.053359 ], [ 11.801556, 5.05337 ], [ 11.801617, 5.05337 ], [ 11.801694, 5.05337 ], [ 11.801771, 5.05337 ], [ 11.801848, 5.05337 ], [ 11.801925, 5.05337 ], [ 11.802002, 5.05337 ], [ 11.802079, 5.05337 ], [ 11.802156, 5.05337 ], [ 11.802233, 5.05337 ], [ 11.80231, 5.05337 ], [ 11.802387, 5.05337 ], [ 11.802464, 5.05337 ], [ 11.802541, 5.053446 ], [ 11.802617, 5.053523 ], [ 11.802694, 5.053523 ], [ 11.802771, 5.053523 ], [ 11.802771, 5.0536 ], [ 11.802848, 5.0536 ], [ 11.802925, 5.0536 ], [ 11.803002, 5.0536 ], [ 11.803079, 5.0536 ], [ 11.803079, 5.053523 ], [ 11.803156, 5.0536 ], [ 11.803233, 5.0536 ], [ 11.80331, 5.0536 ], [ 11.803387, 5.0536 ], [ 11.803464, 5.0536 ], [ 11.803541, 5.0536 ], [ 11.803618, 5.0536 ], [ 11.803694, 5.0536 ], [ 11.803771, 5.0536 ], [ 11.803848, 5.0536 ], [ 11.803925, 5.0536 ], [ 11.804002, 5.0536 ], [ 11.804002, 5.053677 ], [ 11.804079, 5.053677 ], [ 11.804156, 5.053677 ], [ 11.804233, 5.053677 ], [ 11.804233, 5.0536 ], [ 11.80431, 5.0536 ], [ 11.804387, 5.0536 ], [ 11.804464, 5.0536 ], [ 11.804541, 5.0536 ], [ 11.804618, 5.0536 ], [ 11.804695, 5.0536 ], [ 11.804772, 5.0536 ], [ 11.804848, 5.0536 ], [ 11.804925, 5.0536 ], [ 11.805002, 5.0536 ], [ 11.805067, 5.0536 ], [ 11.80519, 5.053479 ], [ 11.805512, 5.053206 ], [ 11.805789, 5.052978 ], [ 11.806111, 5.052751 ], [ 11.806387, 5.05257 ], [ 11.806845, 5.052436 ], [ 11.807257, 5.052393 ], [ 11.807328, 5.052429 ], [ 11.807387, 5.052369 ], [ 11.807387, 5.052293 ], [ 11.807464, 5.052293 ], [ 11.807541, 5.052216 ], [ 11.807541, 5.052139 ], [ 11.807618, 5.052139 ], [ 11.807695, 5.052062 ], [ 11.807695, 5.051985 ], [ 11.807772, 5.051985 ], [ 11.807849, 5.051985 ], [ 11.807849, 5.051908 ], [ 11.807926, 5.051908 ], [ 11.807926, 5.051831 ], [ 11.808003, 5.051831 ], [ 11.80808, 5.051831 ], [ 11.808156, 5.051831 ], [ 11.808156, 5.051754 ], [ 11.808233, 5.051754 ], [ 11.80831, 5.051754 ], [ 11.80831, 5.051677 ], [ 11.808387, 5.051677 ], [ 11.808464, 5.051677 ], [ 11.808541, 5.051677 ], [ 11.808618, 5.051677 ], [ 11.808695, 5.051677 ], [ 11.808772, 5.051677 ], [ 11.808772, 5.051754 ], [ 11.808772, 5.051831 ], [ 11.808772, 5.051908 ], [ 11.808772, 5.051985 ], [ 11.808772, 5.052062 ], [ 11.808772, 5.052216 ], [ 11.808772, 5.052293 ], [ 11.808772, 5.052446 ], [ 11.808772, 5.052523 ], [ 11.808772, 5.052754 ], [ 11.808772, 5.052985 ], [ 11.808772, 5.053216 ], [ 11.808772, 5.053293 ], [ 11.808772, 5.05337 ], [ 11.808772, 5.053446 ], [ 11.808772, 5.053523 ], [ 11.808772, 5.0536 ], [ 11.808772, 5.053677 ], [ 11.808772, 5.053754 ], [ 11.808849, 5.053754 ], [ 11.808849, 5.053831 ], [ 11.808849, 5.053908 ], [ 11.808849, 5.053985 ], [ 11.808849, 5.054062 ], [ 11.808926, 5.054062 ], [ 11.808926, 5.054139 ], [ 11.809003, 5.054216 ], [ 11.80908, 5.054216 ], [ 11.80908, 5.054293 ], [ 11.809157, 5.054293 ], [ 11.809157, 5.05437 ], [ 11.809233, 5.05437 ], [ 11.809233, 5.054447 ], [ 11.80931, 5.054447 ], [ 11.809387, 5.054447 ], [ 11.809464, 5.054447 ], [ 11.809464, 5.054524 ], [ 11.809541, 5.054524 ], [ 11.809541, 5.0546 ], [ 11.809618, 5.0546 ], [ 11.809618, 5.054677 ], [ 11.809695, 5.054677 ], [ 11.809695, 5.054754 ], [ 11.809695, 5.054831 ], [ 11.809695, 5.054908 ], [ 11.809695, 5.054985 ], [ 11.809695, 5.055062 ], [ 11.809695, 5.055139 ], [ 11.809695, 5.055216 ], [ 11.809695, 5.055293 ], [ 11.809695, 5.05537 ], [ 11.809695, 5.055447 ], [ 11.809695, 5.055524 ], [ 11.809695, 5.055601 ], [ 11.809695, 5.055677 ], [ 11.809695, 5.055754 ], [ 11.809695, 5.055831 ], [ 11.809695, 5.055908 ], [ 11.809695, 5.055985 ], [ 11.809695, 5.056062 ], [ 11.809695, 5.056139 ], [ 11.809618, 5.056139 ], [ 11.809618, 5.056216 ], [ 11.809618, 5.056293 ], [ 11.809618, 5.05637 ], [ 11.809618, 5.056447 ], [ 11.809618, 5.056601 ], [ 11.809618, 5.056678 ], [ 11.809618, 5.056755 ], [ 11.809618, 5.056831 ], [ 11.809618, 5.056908 ], [ 11.809695, 5.056908 ], [ 11.809695, 5.056985 ], [ 11.809695, 5.057062 ], [ 11.809772, 5.057062 ], [ 11.809772, 5.057139 ], [ 11.809849, 5.057139 ], [ 11.809926, 5.057139 ], [ 11.809926, 5.057216 ], [ 11.810003, 5.057216 ], [ 11.810003, 5.057293 ], [ 11.81008, 5.057293 ], [ 11.810157, 5.057293 ], [ 11.810234, 5.057293 ], [ 11.810234, 5.05737 ], [ 11.810311, 5.05737 ], [ 11.810311, 5.057447 ], [ 11.810311, 5.057524 ], [ 11.810387, 5.057524 ], [ 11.810387, 5.057601 ], [ 11.810387, 5.057678 ], [ 11.810464, 5.057678 ], [ 11.810464, 5.057755 ], [ 11.810541, 5.057755 ], [ 11.810541, 5.057832 ], [ 11.810618, 5.057832 ], [ 11.810618, 5.057908 ], [ 11.810695, 5.057908 ], [ 11.810772, 5.057908 ], [ 11.810849, 5.057908 ], [ 11.810926, 5.057908 ], [ 11.811003, 5.057908 ], [ 11.81108, 5.057908 ], [ 11.811157, 5.057908 ], [ 11.811234, 5.057908 ], [ 11.811311, 5.057908 ], [ 11.811388, 5.057908 ], [ 11.811407, 5.057908 ], [ 11.811427, 5.057886 ], [ 11.811612, 5.057566 ], [ 11.811661, 5.057199 ], [ 11.811345, 5.0566 ], [ 11.811164, 5.056278 ], [ 11.810983, 5.056001 ], [ 11.810849, 5.055632 ], [ 11.810806, 5.055219 ], [ 11.810854, 5.054898 ], [ 11.81104, 5.054441 ], [ 11.811271, 5.054167 ], [ 11.811548, 5.053894 ], [ 11.812099, 5.053623 ], [ 11.812466, 5.053488 ], [ 11.812832, 5.053445 ], [ 11.812849, 5.053447 ], [ 11.812849, 5.05337 ], [ 11.812926, 5.05337 ], [ 11.812926, 5.053293 ], [ 11.813003, 5.053216 ], [ 11.81308, 5.053216 ], [ 11.813157, 5.053216 ], [ 11.813157, 5.053139 ], [ 11.813234, 5.053139 ], [ 11.813311, 5.053139 ], [ 11.813388, 5.053139 ], [ 11.813388, 5.053062 ], [ 11.813465, 5.053062 ], [ 11.813542, 5.053062 ], [ 11.813619, 5.053062 ], [ 11.813695, 5.053062 ], [ 11.813772, 5.053062 ], [ 11.813849, 5.053062 ], [ 11.813926, 5.053062 ], [ 11.814003, 5.053062 ], [ 11.81408, 5.053062 ], [ 11.814157, 5.053062 ], [ 11.814234, 5.053062 ], [ 11.814311, 5.053062 ], [ 11.814388, 5.053062 ], [ 11.814465, 5.053062 ], [ 11.814542, 5.053062 ], [ 11.814619, 5.053062 ], [ 11.814696, 5.053062 ], [ 11.814926, 5.053062 ], [ 11.815003, 5.053139 ], [ 11.81508, 5.053216 ], [ 11.815157, 5.053216 ], [ 11.815234, 5.053216 ], [ 11.815311, 5.053216 ], [ 11.815388, 5.053216 ], [ 11.815465, 5.053216 ], [ 11.815542, 5.053216 ], [ 11.815619, 5.053216 ], [ 11.815696, 5.053216 ], [ 11.815773, 5.053216 ], [ 11.815773, 5.053293 ], [ 11.81585, 5.05337 ], [ 11.81585, 5.053446 ], [ 11.81585, 5.053523 ], [ 11.815926, 5.053677 ], [ 11.816003, 5.053754 ], [ 11.816003, 5.053831 ], [ 11.816003, 5.053908 ], [ 11.816003, 5.053985 ], [ 11.81608, 5.053985 ], [ 11.81608, 5.054062 ], [ 11.816157, 5.054062 ], [ 11.816234, 5.054062 ], [ 11.816311, 5.054139 ], [ 11.816388, 5.054139 ], [ 11.816465, 5.054139 ], [ 11.816542, 5.054139 ], [ 11.816542, 5.054216 ], [ 11.816619, 5.054216 ], [ 11.816696, 5.054293 ], [ 11.816696, 5.05437 ], [ 11.816773, 5.05437 ], [ 11.81685, 5.05437 ], [ 11.816927, 5.05437 ], [ 11.816927, 5.054447 ], [ 11.817004, 5.054447 ], [ 11.81708, 5.054447 ], [ 11.81708, 5.054524 ], [ 11.817157, 5.054524 ], [ 11.817234, 5.054524 ], [ 11.817234, 5.0546 ], [ 11.817311, 5.0546 ], [ 11.817388, 5.054677 ], [ 11.817465, 5.054677 ], [ 11.817465, 5.054754 ], [ 11.817542, 5.054754 ], [ 11.817619, 5.054754 ], [ 11.817619, 5.054908 ], [ 11.817696, 5.054908 ], [ 11.817696, 5.054985 ], [ 11.817773, 5.054985 ], [ 11.81785, 5.054985 ], [ 11.817927, 5.054985 ], [ 11.818004, 5.054985 ], [ 11.818081, 5.054985 ], [ 11.818157, 5.054985 ], [ 11.818234, 5.054985 ], [ 11.818311, 5.054985 ], [ 11.818388, 5.054985 ], [ 11.818619, 5.054985 ], [ 11.818696, 5.054985 ], [ 11.818773, 5.054985 ], [ 11.81885, 5.054985 ], [ 11.818927, 5.054985 ], [ 11.819004, 5.054985 ], [ 11.819081, 5.054985 ], [ 11.819158, 5.054985 ], [ 11.819235, 5.054985 ], [ 11.819311, 5.054985 ], [ 11.819388, 5.054985 ], [ 11.819465, 5.054985 ], [ 11.819465, 5.055062 ], [ 11.819542, 5.055062 ], [ 11.819619, 5.055062 ], [ 11.819619, 5.055139 ], [ 11.819696, 5.055139 ], [ 11.819773, 5.055216 ], [ 11.820004, 5.055216 ], [ 11.820081, 5.055216 ], [ 11.820158, 5.055216 ], [ 11.820158, 5.055293 ], [ 11.820235, 5.055293 ], [ 11.820235, 5.05537 ], [ 11.820312, 5.05537 ], [ 11.820388, 5.05537 ], [ 11.820465, 5.05537 ], [ 11.820465, 5.055447 ], [ 11.820542, 5.055447 ], [ 11.820619, 5.055447 ], [ 11.820696, 5.055447 ], [ 11.820696, 5.055524 ], [ 11.820773, 5.055524 ], [ 11.82085, 5.055524 ], [ 11.820927, 5.055524 ], [ 11.820927, 5.055601 ], [ 11.821004, 5.055601 ], [ 11.821081, 5.055601 ], [ 11.821158, 5.055601 ], [ 11.821235, 5.055601 ], [ 11.821312, 5.055601 ], [ 11.821312, 5.055677 ], [ 11.821389, 5.055677 ], [ 11.821389, 5.055754 ], [ 11.821466, 5.055754 ], [ 11.821466, 5.055831 ], [ 11.821542, 5.055831 ], [ 11.821619, 5.055831 ], [ 11.821696, 5.055831 ], [ 11.821773, 5.055908 ], [ 11.82185, 5.055985 ], [ 11.821927, 5.055985 ], [ 11.822004, 5.055985 ], [ 11.822004, 5.056062 ], [ 11.822081, 5.056062 ], [ 11.822158, 5.056062 ], [ 11.822235, 5.056062 ], [ 11.822312, 5.056062 ], [ 11.822389, 5.056062 ], [ 11.822466, 5.056062 ], [ 11.822543, 5.056062 ], [ 11.822619, 5.056062 ], [ 11.822696, 5.056062 ], [ 11.822773, 5.056062 ], [ 11.82285, 5.056062 ], [ 11.822927, 5.056062 ], [ 11.823004, 5.056062 ], [ 11.823081, 5.056062 ], [ 11.823158, 5.056062 ], [ 11.823235, 5.056062 ], [ 11.823312, 5.056062 ], [ 11.823389, 5.056062 ], [ 11.823466, 5.056062 ], [ 11.823466, 5.056139 ], [ 11.823543, 5.056139 ], [ 11.82362, 5.056139 ], [ 11.823697, 5.056139 ], [ 11.823773, 5.056139 ], [ 11.823773, 5.056216 ], [ 11.82385, 5.056216 ], [ 11.823927, 5.056216 ], [ 11.823927, 5.056293 ], [ 11.824004, 5.056293 ], [ 11.824004, 5.05637 ], [ 11.824081, 5.05637 ], [ 11.824158, 5.05637 ], [ 11.824235, 5.05637 ], [ 11.824312, 5.056447 ], [ 11.824389, 5.056447 ], [ 11.824466, 5.056447 ], [ 11.824466, 5.056524 ], [ 11.824543, 5.056524 ], [ 11.82462, 5.056524 ], [ 11.824697, 5.056601 ], [ 11.824774, 5.056601 ], [ 11.824774, 5.056678 ], [ 11.82485, 5.056678 ], [ 11.824927, 5.056678 ], [ 11.825004, 5.056678 ], [ 11.825081, 5.056678 ], [ 11.825158, 5.056678 ], [ 11.825235, 5.056678 ], [ 11.825312, 5.056678 ], [ 11.825389, 5.056678 ], [ 11.825466, 5.056678 ], [ 11.825543, 5.056678 ], [ 11.82562, 5.056678 ], [ 11.825697, 5.056678 ], [ 11.825774, 5.056678 ], [ 11.825851, 5.056755 ], [ 11.825928, 5.056755 ], [ 11.826004, 5.056755 ], [ 11.826004, 5.056831 ], [ 11.826004, 5.056908 ], [ 11.826081, 5.056908 ], [ 11.826158, 5.056908 ], [ 11.826158, 5.056985 ], [ 11.826235, 5.056985 ], [ 11.826312, 5.056985 ], [ 11.826312, 5.057062 ], [ 11.826389, 5.057062 ], [ 11.826466, 5.057062 ], [ 11.826466, 5.057139 ], [ 11.826543, 5.057139 ], [ 11.826543, 5.057216 ], [ 11.82662, 5.057216 ], [ 11.826697, 5.057293 ], [ 11.826774, 5.057293 ], [ 11.826851, 5.057293 ], [ 11.826928, 5.057293 ], [ 11.826928, 5.05737 ], [ 11.827005, 5.05737 ], [ 11.827081, 5.05737 ], [ 11.827158, 5.05737 ], [ 11.827235, 5.05737 ], [ 11.827312, 5.05737 ], [ 11.827389, 5.05737 ], [ 11.827389, 5.057447 ], [ 11.827466, 5.057447 ], [ 11.827466, 5.057524 ], [ 11.827543, 5.057524 ], [ 11.827543, 5.057601 ], [ 11.82762, 5.057601 ], [ 11.827697, 5.057601 ], [ 11.827774, 5.057601 ], [ 11.827851, 5.057601 ], [ 11.827928, 5.057601 ], [ 11.828005, 5.057601 ], [ 11.828082, 5.057678 ], [ 11.828159, 5.057678 ], [ 11.828235, 5.057678 ], [ 11.828235, 5.057755 ], [ 11.828312, 5.057755 ], [ 11.828389, 5.057755 ], [ 11.828389, 5.057832 ], [ 11.828389, 5.057908 ], [ 11.828466, 5.057908 ], [ 11.828543, 5.057908 ], [ 11.82862, 5.057908 ], [ 11.828697, 5.057908 ], [ 11.828774, 5.057908 ], [ 11.828851, 5.057908 ], [ 11.828928, 5.057908 ], [ 11.829005, 5.057908 ], [ 11.829082, 5.057908 ], [ 11.829159, 5.057908 ], [ 11.829236, 5.057908 ], [ 11.829312, 5.057908 ], [ 11.829362, 5.057908 ], [ 11.82964, 5.057795 ], [ 11.830559, 5.057297 ], [ 11.831019, 5.056888 ], [ 11.831662, 5.056571 ], [ 11.832167, 5.0563 ], [ 11.832901, 5.056121 ], [ 11.833498, 5.055943 ], [ 11.833621, 5.055928 ], [ 11.833621, 5.055908 ], [ 11.833788, 5.055908 ], [ 11.833851, 5.055901 ], [ 11.833851, 5.055831 ], [ 11.833928, 5.055831 ], [ 11.834005, 5.055831 ], [ 11.834082, 5.055831 ], [ 11.834159, 5.055831 ], [ 11.834159, 5.055754 ], [ 11.834236, 5.055754 ], [ 11.834313, 5.055754 ], [ 11.83439, 5.055754 ], [ 11.834621, 5.055677 ], [ 11.834698, 5.055677 ], [ 11.834698, 5.055754 ], [ 11.834775, 5.055754 ], [ 11.834775, 5.055831 ], [ 11.834852, 5.055831 ], [ 11.834852, 5.055908 ], [ 11.834928, 5.055908 ], [ 11.834928, 5.055985 ], [ 11.835005, 5.055985 ], [ 11.835082, 5.055985 ], [ 11.835159, 5.055985 ], [ 11.835159, 5.056062 ], [ 11.835236, 5.056062 ], [ 11.835236, 5.056139 ], [ 11.835313, 5.056139 ], [ 11.83539, 5.056139 ], [ 11.83539, 5.056216 ], [ 11.835467, 5.056216 ], [ 11.835544, 5.056216 ], [ 11.835621, 5.056216 ], [ 11.835621, 5.056293 ], [ 11.835698, 5.056293 ], [ 11.835698, 5.05637 ], [ 11.835698, 5.056447 ], [ 11.835698, 5.056524 ], [ 11.835698, 5.056601 ], [ 11.835775, 5.056601 ], [ 11.835775, 5.056678 ], [ 11.835775, 5.056755 ], [ 11.835852, 5.056755 ], [ 11.835852, 5.056831 ], [ 11.835929, 5.056831 ], [ 11.836005, 5.056831 ], [ 11.836082, 5.056831 ], [ 11.836082, 5.056908 ], [ 11.836159, 5.056908 ], [ 11.836159, 5.056985 ], [ 11.836159, 5.057062 ], [ 11.836236, 5.057139 ], [ 11.836236, 5.057293 ], [ 11.836313, 5.057293 ], [ 11.836313, 5.05737 ], [ 11.83639, 5.05737 ], [ 11.83639, 5.057447 ], [ 11.836467, 5.057524 ], [ 11.836467, 5.057601 ], [ 11.836544, 5.057601 ], [ 11.836544, 5.057678 ], [ 11.836621, 5.057678 ], [ 11.836698, 5.057678 ], [ 11.836698, 5.057755 ], [ 11.836698, 5.057985 ], [ 11.836775, 5.057985 ], [ 11.836852, 5.057985 ], [ 11.836852, 5.058062 ], [ 11.836929, 5.058062 ], [ 11.836929, 5.058139 ], [ 11.837006, 5.058216 ], [ 11.837083, 5.058216 ], [ 11.837083, 5.058293 ], [ 11.837159, 5.058293 ], [ 11.837159, 5.05837 ], [ 11.837236, 5.058447 ], [ 11.837313, 5.058447 ], [ 11.83739, 5.058447 ], [ 11.837467, 5.058447 ], [ 11.837544, 5.058447 ], [ 11.837621, 5.058447 ], [ 11.837698, 5.058447 ], [ 11.837775, 5.058447 ], [ 11.837852, 5.058447 ], [ 11.837929, 5.058447 ], [ 11.838006, 5.058447 ], [ 11.838083, 5.058447 ], [ 11.83816, 5.058447 ], [ 11.838236, 5.058447 ], [ 11.838236, 5.058524 ], [ 11.838313, 5.058524 ], [ 11.83839, 5.058524 ], [ 11.838467, 5.058524 ], [ 11.838544, 5.058524 ], [ 11.838621, 5.058524 ], [ 11.838698, 5.058524 ], [ 11.838775, 5.058524 ], [ 11.838852, 5.058524 ], [ 11.838929, 5.058524 ], [ 11.839006, 5.058524 ], [ 11.839083, 5.058524 ], [ 11.83916, 5.058524 ], [ 11.839237, 5.058524 ], [ 11.839314, 5.058524 ], [ 11.83939, 5.058524 ], [ 11.839467, 5.058524 ], [ 11.839544, 5.058524 ], [ 11.839621, 5.058524 ], [ 11.839698, 5.058524 ], [ 11.839775, 5.058524 ], [ 11.839852, 5.058524 ], [ 11.839929, 5.058524 ], [ 11.840006, 5.058524 ], [ 11.840083, 5.058524 ], [ 11.84016, 5.058524 ], [ 11.840237, 5.058524 ], [ 11.840237, 5.058601 ], [ 11.840314, 5.058678 ], [ 11.840391, 5.058678 ], [ 11.840467, 5.058678 ], [ 11.840467, 5.058755 ], [ 11.840544, 5.058755 ], [ 11.840621, 5.058755 ], [ 11.840698, 5.058755 ], [ 11.840698, 5.058832 ], [ 11.840775, 5.058832 ], [ 11.840852, 5.058832 ], [ 11.840929, 5.058832 ], [ 11.841006, 5.058832 ], [ 11.841083, 5.058832 ], [ 11.84116, 5.058832 ], [ 11.841237, 5.058832 ], [ 11.841237, 5.058909 ], [ 11.841314, 5.058909 ], [ 11.841314, 5.058986 ], [ 11.841391, 5.058986 ], [ 11.841391, 5.059062 ], [ 11.841468, 5.059062 ], [ 11.841468, 5.059139 ], [ 11.841468, 5.059216 ], [ 11.841545, 5.059216 ], [ 11.841545, 5.059293 ], [ 11.841621, 5.059293 ], [ 11.841698, 5.059293 ], [ 11.841698, 5.05937 ], [ 11.841775, 5.05937 ], [ 11.841775, 5.059447 ], [ 11.841852, 5.059447 ], [ 11.841929, 5.059447 ], [ 11.841929, 5.059524 ], [ 11.842006, 5.059524 ], [ 11.842083, 5.059524 ], [ 11.842083, 5.059601 ], [ 11.84216, 5.059601 ], [ 11.842237, 5.059601 ], [ 11.842237, 5.059678 ], [ 11.842314, 5.059678 ], [ 11.842314, 5.059755 ], [ 11.842314, 5.059832 ], [ 11.842314, 5.059909 ], [ 11.842314, 5.059986 ], [ 11.842314, 5.060063 ], [ 11.842314, 5.060139 ], [ 11.842314, 5.060216 ], [ 11.842314, 5.060293 ], [ 11.842391, 5.060293 ], [ 11.842391, 5.06037 ], [ 11.842468, 5.06037 ], [ 11.842545, 5.06037 ], [ 11.842545, 5.060447 ], [ 11.842622, 5.060447 ], [ 11.842698, 5.060447 ], [ 11.842698, 5.060524 ], [ 11.842775, 5.060524 ], [ 11.842852, 5.060524 ], [ 11.842929, 5.060524 ], [ 11.842929, 5.060601 ], [ 11.842929, 5.060678 ], [ 11.842929, 5.060684 ], [ 11.843119, 5.060559 ], [ 11.843441, 5.060332 ], [ 11.843775, 5.060075 ], [ 11.843775, 5.060063 ], [ 11.843852, 5.059986 ], [ 11.843906, 5.059986 ], [ 11.843929, 5.059972 ], [ 11.843929, 5.059909 ], [ 11.843929, 5.059832 ], [ 11.844006, 5.059832 ], [ 11.844006, 5.059755 ], [ 11.844083, 5.059755 ], [ 11.844083, 5.059678 ], [ 11.844083, 5.059601 ], [ 11.84416, 5.059601 ], [ 11.844237, 5.059524 ], [ 11.844237, 5.059447 ], [ 11.844314, 5.059447 ], [ 11.844391, 5.059447 ], [ 11.844391, 5.05937 ], [ 11.844391, 5.059293 ], [ 11.844468, 5.059293 ], [ 11.844468, 5.059216 ], [ 11.844545, 5.059139 ], [ 11.844622, 5.059139 ], [ 11.844699, 5.059139 ], [ 11.844776, 5.059139 ], [ 11.844853, 5.059139 ], [ 11.844929, 5.059139 ], [ 11.845006, 5.059139 ], [ 11.845083, 5.059139 ], [ 11.84516, 5.059139 ], [ 11.845237, 5.059139 ], [ 11.845237, 5.059216 ], [ 11.845314, 5.059216 ], [ 11.845314, 5.059293 ], [ 11.845391, 5.059293 ], [ 11.845468, 5.059293 ], [ 11.845545, 5.059293 ], [ 11.845622, 5.059293 ], [ 11.845622, 5.05937 ], [ 11.845622, 5.059447 ], [ 11.845699, 5.059447 ], [ 11.845699, 5.059524 ], [ 11.845776, 5.059524 ], [ 11.845776, 5.059601 ], [ 11.845853, 5.059601 ], [ 11.845853, 5.059678 ], [ 11.845853, 5.059755 ], [ 11.845853, 5.059832 ], [ 11.845853, 5.059909 ], [ 11.845853, 5.059986 ], [ 11.845853, 5.060063 ], [ 11.845853, 5.060139 ], [ 11.845853, 5.060216 ], [ 11.84593, 5.060216 ], [ 11.84593, 5.060293 ], [ 11.84593, 5.06037 ], [ 11.84593, 5.060447 ], [ 11.846006, 5.060447 ], [ 11.846006, 5.060524 ], [ 11.846083, 5.060524 ], [ 11.846083, 5.060601 ], [ 11.84616, 5.060601 ], [ 11.84616, 5.060678 ], [ 11.84616, 5.060755 ], [ 11.84616, 5.060832 ], [ 11.84616, 5.060909 ], [ 11.84616, 5.060986 ], [ 11.84616, 5.061063 ], [ 11.84616, 5.06114 ], [ 11.84616, 5.061217 ], [ 11.84616, 5.061293 ], [ 11.84616, 5.06137 ], [ 11.84616, 5.061447 ], [ 11.84616, 5.061524 ], [ 11.84616, 5.061601 ], [ 11.84616, 5.061678 ], [ 11.84616, 5.061755 ], [ 11.84616, 5.061832 ], [ 11.84616, 5.061909 ], [ 11.84616, 5.061986 ], [ 11.846237, 5.061986 ], [ 11.846314, 5.061986 ], [ 11.846314, 5.062063 ], [ 11.846391, 5.062063 ], [ 11.846468, 5.062063 ], [ 11.846468, 5.06214 ], [ 11.846545, 5.06214 ], [ 11.846545, 5.062217 ], [ 11.846622, 5.062217 ], [ 11.846622, 5.062294 ], [ 11.846622, 5.06237 ], [ 11.846622, 5.062447 ], [ 11.846622, 5.062524 ], [ 11.846622, 5.062601 ], [ 11.846622, 5.062678 ], [ 11.846622, 5.062755 ], [ 11.846622, 5.062909 ], [ 11.846622, 5.062986 ], [ 11.846622, 5.063063 ], [ 11.846699, 5.063063 ], [ 11.846699, 5.06314 ], [ 11.846699, 5.063217 ], [ 11.846699, 5.063294 ], [ 11.846699, 5.063371 ], [ 11.846699, 5.063448 ], [ 11.846699, 5.063524 ], [ 11.846776, 5.063601 ], [ 11.846853, 5.063601 ], [ 11.84693, 5.063678 ], [ 11.847007, 5.063678 ], [ 11.847084, 5.063755 ], [ 11.84716, 5.063832 ], [ 11.847237, 5.063832 ], [ 11.847237, 5.063909 ], [ 11.847314, 5.063909 ], [ 11.847314, 5.063986 ], [ 11.847391, 5.063986 ], [ 11.847391, 5.064063 ], [ 11.847468, 5.064063 ], [ 11.847468, 5.06414 ], [ 11.847545, 5.06414 ], [ 11.847622, 5.06414 ], [ 11.847699, 5.06414 ], [ 11.847699, 5.064217 ], [ 11.847776, 5.064294 ], [ 11.847776, 5.064371 ], [ 11.847853, 5.064371 ], [ 11.847853, 5.064448 ], [ 11.84793, 5.064448 ], [ 11.84793, 5.064525 ], [ 11.848007, 5.064525 ], [ 11.848007, 5.064601 ], [ 11.848084, 5.064601 ], [ 11.848161, 5.064601 ], [ 11.848161, 5.064678 ], [ 11.848161, 5.064755 ], [ 11.848237, 5.064755 ], [ 11.848237, 5.064832 ], [ 11.848314, 5.064832 ], [ 11.848314, 5.064909 ], [ 11.848314, 5.064986 ], [ 11.848314, 5.065063 ], [ 11.848391, 5.065063 ], [ 11.848391, 5.06514 ], [ 11.848468, 5.06514 ], [ 11.848545, 5.06514 ], [ 11.848622, 5.06514 ], [ 11.848699, 5.06514 ], [ 11.848699, 5.065217 ], [ 11.848776, 5.065217 ], [ 11.848853, 5.065217 ], [ 11.848853, 5.065294 ], [ 11.84893, 5.065294 ], [ 11.849007, 5.065294 ], [ 11.849007, 5.065371 ], [ 11.849084, 5.065371 ], [ 11.849084, 5.065448 ], [ 11.849161, 5.065448 ], [ 11.849161, 5.065525 ], [ 11.849238, 5.065525 ], [ 11.849315, 5.065525 ], [ 11.849391, 5.065525 ], [ 11.849391, 5.065602 ], [ 11.849468, 5.065602 ], [ 11.849468, 5.065679 ], [ 11.849545, 5.065679 ], [ 11.849545, 5.065755 ], [ 11.849545, 5.065832 ], [ 11.849622, 5.065832 ], [ 11.849699, 5.065832 ], [ 11.849776, 5.065832 ], [ 11.849776, 5.065909 ], [ 11.849853, 5.065909 ], [ 11.84993, 5.065909 ], [ 11.84993, 5.065986 ], [ 11.850007, 5.065986 ], [ 11.850007, 5.066063 ], [ 11.850084, 5.066063 ], [ 11.850084, 5.06614 ], [ 11.850084, 5.066217 ], [ 11.850161, 5.066217 ], [ 11.850161, 5.066294 ], [ 11.850161, 5.066371 ], [ 11.850238, 5.066371 ], [ 11.850238, 5.066448 ], [ 11.850238, 5.066525 ], [ 11.850238, 5.066602 ], [ 11.850315, 5.066602 ], [ 11.850315, 5.066679 ], [ 11.850315, 5.066756 ], [ 11.850392, 5.066756 ], [ 11.850392, 5.066832 ], [ 11.850392, 5.066909 ], [ 11.850468, 5.066909 ], [ 11.850468, 5.066986 ], [ 11.850545, 5.066986 ], [ 11.850622, 5.067063 ], [ 11.850699, 5.067063 ], [ 11.850776, 5.067063 ], [ 11.850853, 5.067063 ], [ 11.850853, 5.06714 ], [ 11.85093, 5.06714 ], [ 11.85093, 5.067217 ], [ 11.851007, 5.067217 ], [ 11.851084, 5.067217 ], [ 11.851161, 5.067217 ], [ 11.851161, 5.067294 ], [ 11.851238, 5.067371 ], [ 11.851315, 5.067448 ], [ 11.851392, 5.067448 ], [ 11.851469, 5.067448 ], [ 11.851469, 5.067525 ], [ 11.851469, 5.067602 ], [ 11.851546, 5.067602 ], [ 11.851622, 5.067602 ], [ 11.851622, 5.067679 ], [ 11.851699, 5.067679 ], [ 11.851776, 5.067679 ], [ 11.851776, 5.067756 ], [ 11.851853, 5.067756 ], [ 11.851853, 5.067833 ], [ 11.85193, 5.067833 ], [ 11.852007, 5.067833 ], [ 11.852007, 5.06791 ], [ 11.852084, 5.06791 ], [ 11.852161, 5.06791 ], [ 11.852238, 5.06791 ], [ 11.852315, 5.06791 ], [ 11.852392, 5.06791 ], [ 11.852392, 5.067986 ], [ 11.852469, 5.067986 ], [ 11.852469, 5.068063 ], [ 11.852546, 5.068063 ], [ 11.852546, 5.06814 ], [ 11.852546, 5.068217 ], [ 11.852546, 5.068294 ], [ 11.852546, 5.068371 ], [ 11.852546, 5.068448 ], [ 11.852623, 5.068448 ], [ 11.852623, 5.068525 ], [ 11.852699, 5.068525 ], [ 11.852699, 5.068602 ], [ 11.852776, 5.068602 ], [ 11.852776, 5.068679 ], [ 11.852853, 5.068679 ], [ 11.85293, 5.068679 ], [ 11.853007, 5.068679 ], [ 11.853007, 5.068756 ], [ 11.853084, 5.068756 ], [ 11.853084, 5.068833 ], [ 11.853161, 5.068833 ], [ 11.853161, 5.06891 ], [ 11.853238, 5.06891 ], [ 11.853238, 5.068987 ], [ 11.853238, 5.069063 ], [ 11.853238, 5.06914 ], [ 11.853238, 5.069217 ], [ 11.853238, 5.069294 ], [ 11.853238, 5.069371 ], [ 11.853238, 5.069448 ], [ 11.853238, 5.069525 ], [ 11.853238, 5.069602 ], [ 11.853238, 5.069679 ], [ 11.853238, 5.069756 ], [ 11.853161, 5.069756 ], [ 11.853161, 5.069833 ], [ 11.853161, 5.06991 ], [ 11.853161, 5.069987 ], [ 11.853161, 5.070064 ], [ 11.853161, 5.070141 ], [ 11.853161, 5.070217 ], [ 11.853161, 5.070294 ], [ 11.853161, 5.070371 ], [ 11.853161, 5.070448 ], [ 11.853161, 5.070525 ], [ 11.853161, 5.070602 ], [ 11.853161, 5.070679 ], [ 11.853161, 5.070756 ], [ 11.853161, 5.070833 ], [ 11.853161, 5.07091 ], [ 11.853161, 5.070987 ], [ 11.853161, 5.071064 ], [ 11.853161, 5.071141 ], [ 11.853084, 5.071141 ], [ 11.853084, 5.071218 ], [ 11.853007, 5.071218 ], [ 11.853007, 5.071448 ], [ 11.853007, 5.071525 ], [ 11.853007, 5.071602 ], [ 11.853007, 5.071679 ], [ 11.853007, 5.071756 ], [ 11.853007, 5.071833 ], [ 11.85293, 5.071833 ], [ 11.85293, 5.07191 ], [ 11.85293, 5.071987 ], [ 11.85293, 5.072064 ], [ 11.85293, 5.072141 ], [ 11.85293, 5.072218 ], [ 11.85293, 5.072295 ], [ 11.85293, 5.072372 ], [ 11.85293, 5.072448 ], [ 11.85293, 5.072525 ], [ 11.85293, 5.072602 ], [ 11.85293, 5.072679 ], [ 11.853007, 5.072679 ], [ 11.853007, 5.072756 ], [ 11.853084, 5.072756 ], [ 11.853084, 5.072833 ], [ 11.853161, 5.072833 ], [ 11.853238, 5.072833 ], [ 11.853238, 5.07291 ], [ 11.853315, 5.07291 ], [ 11.853392, 5.07291 ], [ 11.853469, 5.07291 ], [ 11.853469, 5.072987 ], [ 11.853469, 5.073064 ], [ 11.853469, 5.073141 ], [ 11.853469, 5.073218 ], [ 11.853469, 5.073295 ], [ 11.853469, 5.073372 ], [ 11.853469, 5.073449 ], [ 11.853469, 5.073525 ], [ 11.853469, 5.073602 ], [ 11.853546, 5.073602 ], [ 11.853546, 5.073679 ], [ 11.853623, 5.073679 ], [ 11.8537, 5.073756 ], [ 11.853777, 5.073756 ], [ 11.853853, 5.073756 ], [ 11.85393, 5.073756 ], [ 11.854007, 5.073756 ], [ 11.854084, 5.073756 ], [ 11.854161, 5.073833 ], [ 11.854238, 5.073833 ], [ 11.854315, 5.073833 ], [ 11.854315, 5.07391 ], [ 11.854392, 5.07391 ], [ 11.854469, 5.07391 ], [ 11.854546, 5.073987 ], [ 11.854623, 5.073987 ], [ 11.854623, 5.074064 ], [ 11.8547, 5.074064 ], [ 11.8547, 5.074141 ], [ 11.854777, 5.074141 ], [ 11.854777, 5.074218 ], [ 11.854854, 5.074218 ], [ 11.854854, 5.074295 ], [ 11.85493, 5.074295 ], [ 11.85493, 5.074372 ], [ 11.85493, 5.074449 ], [ 11.855007, 5.074449 ], [ 11.855084, 5.074449 ], [ 11.855161, 5.074449 ], [ 11.855238, 5.074449 ], [ 11.855315, 5.074449 ], [ 11.855392, 5.074526 ], [ 11.855469, 5.074526 ], [ 11.855469, 5.074602 ], [ 11.855546, 5.074603 ], [ 11.855546, 5.074679 ], [ 11.855623, 5.074679 ], [ 11.855623, 5.074756 ], [ 11.8557, 5.074756 ], [ 11.855777, 5.074756 ], [ 11.855777, 5.074833 ], [ 11.855854, 5.074833 ], [ 11.855931, 5.074833 ], [ 11.855931, 5.07491 ], [ 11.856008, 5.07491 ], [ 11.856084, 5.07491 ], [ 11.856161, 5.07491 ], [ 11.856161, 5.074987 ], [ 11.856238, 5.074987 ], [ 11.856238, 5.075064 ], [ 11.856315, 5.075064 ], [ 11.856315, 5.075141 ], [ 11.856392, 5.075141 ], [ 11.856392, 5.075218 ], [ 11.856469, 5.075218 ], [ 11.856469, 5.075295 ], [ 11.856546, 5.075295 ], [ 11.856546, 5.075372 ], [ 11.856546, 5.075449 ], [ 11.856572, 5.075449 ], [ 11.856648, 5.075438 ], [ 11.857152, 5.075396 ], [ 11.857657, 5.075079 ], [ 11.858163, 5.074761 ], [ 11.85853, 5.074534 ], [ 11.858762, 5.074169 ], [ 11.858948, 5.073803 ], [ 11.859226, 5.073301 ], [ 11.859457, 5.072981 ], [ 11.859826, 5.072571 ], [ 11.860148, 5.072298 ], [ 11.860424, 5.07207 ], [ 11.860837, 5.071982 ], [ 11.861158, 5.071847 ], [ 11.861709, 5.071576 ], [ 11.862123, 5.071303 ], [ 11.862491, 5.071076 ], [ 11.862904, 5.070988 ], [ 11.86327, 5.070853 ], [ 11.863774, 5.070765 ], [ 11.864278, 5.070768 ], [ 11.864873, 5.070727 ], [ 11.865193, 5.070684 ], [ 11.865514, 5.07064 ], [ 11.866018, 5.070552 ], [ 11.866704, 5.070558 ], [ 11.867254, 5.070562 ], [ 11.867757, 5.070566 ], [ 11.868215, 5.070523 ], [ 11.868672, 5.070572 ], [ 11.86913, 5.070576 ], [ 11.869816, 5.070581 ], [ 11.870182, 5.070584 ], [ 11.870594, 5.070541 ], [ 11.87128, 5.070592 ], [ 11.871692, 5.070503 ], [ 11.872058, 5.070506 ], [ 11.872607, 5.07051 ], [ 11.873157, 5.070514 ], [ 11.873568, 5.070655 ], [ 11.873836, 5.070731 ], [ 11.874069, 5.070797 ], [ 11.874482, 5.070754 ], [ 11.874706, 5.070793 ], [ 11.87503, 5.07085 ], [ 11.875488, 5.070853 ], [ 11.876174, 5.07095 ], [ 11.876814, 5.070909 ], [ 11.876819, 5.070908 ], [ 11.876819, 5.070803 ], [ 11.87697, 5.070803 ], [ 11.877121, 5.070803 ], [ 11.877121, 5.070652 ], [ 11.877271, 5.070652 ], [ 11.877422, 5.070652 ], [ 11.877573, 5.070652 ], [ 11.877724, 5.070652 ], [ 11.877724, 5.070502 ], [ 11.877875, 5.070502 ], [ 11.878026, 5.070502 ], [ 11.878026, 5.070351 ], [ 11.878177, 5.070351 ], [ 11.878328, 5.070351 ], [ 11.878478, 5.070351 ], [ 11.878629, 5.070351 ], [ 11.87878, 5.070351 ], [ 11.87878, 5.0702 ], [ 11.878931, 5.0702 ], [ 11.879082, 5.0702 ], [ 11.879233, 5.0702 ], [ 11.879384, 5.0702 ], [ 11.879535, 5.0702 ], [ 11.879685, 5.0702 ], [ 11.879836, 5.0702 ], [ 11.879987, 5.0702 ], [ 11.880138, 5.0702 ], [ 11.880289, 5.0702 ], [ 11.880289, 5.070351 ], [ 11.88044, 5.070351 ], [ 11.880591, 5.070351 ], [ 11.880591, 5.070502 ], [ 11.880742, 5.070502 ], [ 11.880892, 5.070502 ], [ 11.881043, 5.070652 ], [ 11.881043, 5.070803 ], [ 11.881043, 5.070954 ], [ 11.881194, 5.070954 ], [ 11.881194, 5.071105 ], [ 11.881194, 5.071256 ], [ 11.881194, 5.071407 ], [ 11.881194, 5.071558 ], [ 11.881194, 5.071708 ], [ 11.881194, 5.071859 ], [ 11.881194, 5.07201 ], [ 11.881194, 5.072161 ], [ 11.881043, 5.072161 ], [ 11.881043, 5.072312 ], [ 11.881043, 5.072463 ], [ 11.880892, 5.072463 ], [ 11.880892, 5.072614 ], [ 11.880742, 5.072614 ], [ 11.880591, 5.072614 ], [ 11.880591, 5.072765 ], [ 11.88044, 5.072915 ], [ 11.88044, 5.073066 ], [ 11.880289, 5.073066 ], [ 11.880289, 5.073217 ], [ 11.880138, 5.073217 ], [ 11.880138, 5.073368 ], [ 11.880138, 5.073519 ], [ 11.880138, 5.07367 ], [ 11.879987, 5.07367 ], [ 11.879987, 5.073821 ], [ 11.879987, 5.073972 ], [ 11.879836, 5.073972 ], [ 11.879836, 5.074122 ], [ 11.879685, 5.074122 ], [ 11.879685, 5.074273 ], [ 11.879535, 5.074273 ], [ 11.879535, 5.074424 ], [ 11.879535, 5.074575 ], [ 11.879384, 5.074575 ], [ 11.879384, 5.074726 ], [ 11.879233, 5.074877 ], [ 11.879082, 5.074877 ], [ 11.879082, 5.075028 ], [ 11.879082, 5.075179 ], [ 11.879082, 5.075329 ], [ 11.879233, 5.075329 ], [ 11.879233, 5.07548 ], [ 11.879233, 5.075631 ], [ 11.879384, 5.075631 ], [ 11.879384, 5.075782 ], [ 11.879384, 5.075933 ], [ 11.879384, 5.076084 ], [ 11.879384, 5.076235 ], [ 11.879233, 5.076235 ], [ 11.879233, 5.076386 ], [ 11.879082, 5.076386 ], [ 11.878931, 5.076386 ], [ 11.878931, 5.076536 ], [ 11.878931, 5.076687 ], [ 11.87878, 5.076687 ], [ 11.878629, 5.076687 ], [ 11.878478, 5.076687 ], [ 11.878328, 5.076687 ], [ 11.878177, 5.076687 ], [ 11.878026, 5.076687 ], [ 11.878024, 5.076687 ], [ 11.877806, 5.076855 ], [ 11.877573, 5.076922 ], [ 11.877573, 5.076989 ], [ 11.877422, 5.076989 ], [ 11.877422, 5.07714 ], [ 11.877271, 5.07714 ], [ 11.877121, 5.07714 ], [ 11.877121, 5.077291 ], [ 11.87697, 5.077291 ], [ 11.87697, 5.077442 ], [ 11.87697, 5.077592 ], [ 11.876819, 5.077592 ], [ 11.876366, 5.077743 ], [ 11.876215, 5.078196 ], [ 11.875914, 5.078347 ], [ 11.875763, 5.078498 ], [ 11.875763, 5.078649 ], [ 11.875612, 5.078649 ], [ 11.875612, 5.078799 ], [ 11.875612, 5.07895 ], [ 11.875461, 5.07895 ], [ 11.87531, 5.07895 ], [ 11.875008, 5.07895 ], [ 11.874858, 5.07895 ], [ 11.874858, 5.079101 ], [ 11.874858, 5.079252 ], [ 11.874707, 5.079252 ], [ 11.874556, 5.079252 ], [ 11.874405, 5.079403 ], [ 11.874254, 5.079403 ], [ 11.874254, 5.079554 ], [ 11.874254, 5.079705 ], [ 11.874254, 5.079856 ], [ 11.874254, 5.080006 ], [ 11.874254, 5.080157 ], [ 11.874254, 5.080308 ], [ 11.874254, 5.080459 ], [ 11.874254, 5.08061 ], [ 11.874254, 5.080761 ], [ 11.874405, 5.080761 ], [ 11.874405, 5.080912 ], [ 11.874405, 5.081063 ], [ 11.874556, 5.081063 ], [ 11.874556, 5.081213 ], [ 11.874556, 5.081364 ], [ 11.874556, 5.081515 ], [ 11.874707, 5.081515 ], [ 11.874707, 5.081666 ], [ 11.874858, 5.081817 ], [ 11.875008, 5.081817 ], [ 11.875008, 5.081968 ], [ 11.875159, 5.081968 ], [ 11.875159, 5.082119 ], [ 11.87531, 5.082119 ], [ 11.875461, 5.082119 ], [ 11.875461, 5.082269 ], [ 11.875612, 5.082269 ], [ 11.875612, 5.08242 ], [ 11.875763, 5.08242 ], [ 11.875763, 5.082571 ], [ 11.875914, 5.082571 ], [ 11.875914, 5.082722 ], [ 11.876064, 5.082722 ], [ 11.876064, 5.082873 ], [ 11.876064, 5.083024 ], [ 11.876064, 5.083175 ], [ 11.876064, 5.083326 ], [ 11.876064, 5.083476 ], [ 11.876064, 5.083627 ], [ 11.876064, 5.083778 ], [ 11.876064, 5.083929 ], [ 11.876215, 5.083929 ], [ 11.876215, 5.08408 ], [ 11.876366, 5.08408 ], [ 11.876366, 5.084231 ], [ 11.876517, 5.084231 ], [ 11.876517, 5.084382 ], [ 11.876668, 5.084533 ], [ 11.876668, 5.084683 ], [ 11.876668, 5.084834 ], [ 11.876819, 5.084834 ], [ 11.876819, 5.084985 ], [ 11.87697, 5.084985 ], [ 11.87697, 5.085136 ], [ 11.87697, 5.085287 ], [ 11.87697, 5.085438 ], [ 11.877121, 5.085438 ], [ 11.877121, 5.085589 ], [ 11.877271, 5.085589 ], [ 11.877271, 5.08574 ], [ 11.877271, 5.08589 ], [ 11.877422, 5.08589 ], [ 11.877422, 5.086041 ], [ 11.877573, 5.086192 ], [ 11.877724, 5.086192 ], [ 11.877724, 5.086343 ], [ 11.877724, 5.086494 ], [ 11.877724, 5.086645 ], [ 11.877724, 5.086796 ], [ 11.877724, 5.086947 ], [ 11.877875, 5.086947 ], [ 11.877875, 5.087097 ], [ 11.877875, 5.087248 ], [ 11.877875, 5.087399 ], [ 11.877875, 5.08755 ], [ 11.877875, 5.087701 ], [ 11.877875, 5.087852 ], [ 11.878026, 5.087852 ], [ 11.878177, 5.087852 ], [ 11.878328, 5.087852 ], [ 11.878328, 5.088003 ], [ 11.878478, 5.088003 ], [ 11.878478, 5.088153 ], [ 11.878629, 5.088153 ], [ 11.878629, 5.088304 ], [ 11.87878, 5.088304 ], [ 11.878931, 5.088304 ], [ 11.879082, 5.088304 ], [ 11.879233, 5.088304 ], [ 11.879233, 5.088455 ], [ 11.879384, 5.088455 ], [ 11.879535, 5.088455 ], [ 11.879685, 5.088455 ], [ 11.879685, 5.088606 ], [ 11.879836, 5.088606 ], [ 11.879836, 5.088757 ], [ 11.879987, 5.088757 ], [ 11.880138, 5.088757 ], [ 11.880289, 5.088757 ], [ 11.88044, 5.088908 ], [ 11.88044, 5.089059 ], [ 11.88044, 5.08921 ], [ 11.88044, 5.08936 ], [ 11.880591, 5.089511 ], [ 11.880591, 5.089662 ], [ 11.880591, 5.089813 ], [ 11.880742, 5.089813 ], [ 11.880892, 5.089813 ], [ 11.881043, 5.089813 ], [ 11.881043, 5.089964 ], [ 11.881043, 5.090115 ], [ 11.881194, 5.090115 ], [ 11.881194, 5.090266 ], [ 11.881345, 5.090266 ], [ 11.881345, 5.090417 ], [ 11.881496, 5.090417 ], [ 11.881496, 5.090567 ], [ 11.881496, 5.090718 ], [ 11.881647, 5.090718 ], [ 11.881647, 5.090869 ], [ 11.881798, 5.090869 ], [ 11.881798, 5.09102 ], [ 11.881798, 5.091171 ], [ 11.881948, 5.091322 ], [ 11.882099, 5.091322 ], [ 11.882099, 5.091473 ], [ 11.882099, 5.091624 ], [ 11.88225, 5.091624 ], [ 11.882401, 5.091774 ], [ 11.882552, 5.091774 ], [ 11.882703, 5.091774 ], [ 11.882854, 5.091774 ], [ 11.883005, 5.091774 ], [ 11.883155, 5.091925 ], [ 11.883306, 5.091925 ], [ 11.883457, 5.091925 ], [ 11.883608, 5.091925 ], [ 11.883608, 5.092076 ], [ 11.883759, 5.092076 ], [ 11.883759, 5.092227 ], [ 11.88391, 5.092227 ], [ 11.88391, 5.092378 ], [ 11.884061, 5.092378 ], [ 11.884061, 5.092529 ], [ 11.884061, 5.09268 ], [ 11.884061, 5.092831 ], [ 11.884212, 5.092831 ], [ 11.884212, 5.092981 ], [ 11.884212, 5.093132 ], [ 11.884212, 5.093283 ], [ 11.884362, 5.093283 ], [ 11.884513, 5.093283 ], [ 11.884513, 5.093434 ], [ 11.884664, 5.093434 ], [ 11.884664, 5.093585 ], [ 11.884815, 5.093585 ], [ 11.884966, 5.093585 ], [ 11.884966, 5.093736 ], [ 11.885117, 5.093736 ], [ 11.885268, 5.093736 ], [ 11.885419, 5.093736 ], [ 11.885419, 5.093887 ], [ 11.885569, 5.093887 ], [ 11.88572, 5.093887 ], [ 11.885871, 5.093887 ], [ 11.886022, 5.093887 ], [ 11.886022, 5.094037 ], [ 11.886022, 5.094188 ], [ 11.886022, 5.094339 ], [ 11.886022, 5.09449 ], [ 11.886022, 5.094641 ], [ 11.886022, 5.094792 ], [ 11.886022, 5.094943 ], [ 11.886022, 5.095094 ], [ 11.886022, 5.095244 ], [ 11.886022, 5.095395 ], [ 11.886022, 5.095546 ], [ 11.886022, 5.095697 ], [ 11.885871, 5.095697 ], [ 11.885871, 5.095848 ], [ 11.88572, 5.095848 ], [ 11.885569, 5.095848 ], [ 11.885419, 5.095848 ], [ 11.885419, 5.095999 ], [ 11.885268, 5.095999 ], [ 11.884815, 5.09615 ], [ 11.884362, 5.09615 ], [ 11.884212, 5.09615 ], [ 11.884212, 5.096301 ], [ 11.884061, 5.096301 ], [ 11.884061, 5.096451 ], [ 11.884061, 5.096602 ], [ 11.884061, 5.096753 ], [ 11.88391, 5.096904 ], [ 11.88391, 5.097055 ], [ 11.883759, 5.097357 ], [ 11.88391, 5.097357 ], [ 11.88391, 5.097508 ], [ 11.883759, 5.097508 ], [ 11.883759, 5.097658 ], [ 11.883608, 5.097658 ], [ 11.883457, 5.097658 ], [ 11.883457, 5.097809 ], [ 11.883306, 5.097809 ], [ 11.883306, 5.09796 ], [ 11.883306, 5.098111 ], [ 11.883306, 5.098262 ], [ 11.883306, 5.098413 ], [ 11.883306, 5.098564 ], [ 11.883306, 5.098715 ], [ 11.883306, 5.098865 ], [ 11.883306, 5.099016 ], [ 11.883306, 5.099167 ], [ 11.883306, 5.099318 ], [ 11.883306, 5.099469 ], [ 11.883457, 5.099469 ], [ 11.883457, 5.09962 ], [ 11.883306, 5.099771 ], [ 11.883155, 5.099771 ], [ 11.883155, 5.099921 ], [ 11.883005, 5.099921 ], [ 11.883005, 5.100072 ], [ 11.882854, 5.100072 ], [ 11.882703, 5.100072 ], [ 11.882703, 5.100223 ], [ 11.882703, 5.100374 ], [ 11.882703, 5.100525 ], [ 11.882703, 5.100676 ], [ 11.882703, 5.100827 ], [ 11.882552, 5.100827 ], [ 11.882552, 5.100978 ], [ 11.882552, 5.101128 ], [ 11.882552, 5.101279 ], [ 11.882552, 5.10143 ], [ 11.882552, 5.101732 ], [ 11.882552, 5.101883 ], [ 11.882552, 5.102034 ], [ 11.882552, 5.102185 ], [ 11.882552, 5.102335 ], [ 11.882552, 5.102486 ], [ 11.882552, 5.102637 ], [ 11.882552, 5.102788 ], [ 11.882552, 5.102939 ], [ 11.882552, 5.10309 ], [ 11.882703, 5.10309 ], [ 11.882703, 5.103241 ], [ 11.882703, 5.103392 ], [ 11.882854, 5.103392 ], [ 11.882854, 5.103542 ], [ 11.882854, 5.103693 ], [ 11.882854, 5.103844 ], [ 11.882854, 5.103995 ], [ 11.882854, 5.104146 ], [ 11.882854, 5.104297 ], [ 11.882854, 5.104448 ], [ 11.882854, 5.104599 ], [ 11.883005, 5.104749 ], [ 11.883005, 5.1049 ], [ 11.883005, 5.105051 ], [ 11.883005, 5.105202 ], [ 11.883005, 5.105353 ], [ 11.883155, 5.105353 ], [ 11.883155, 5.105504 ], [ 11.883155, 5.105655 ], [ 11.883306, 5.105655 ], [ 11.883306, 5.105805 ], [ 11.883457, 5.105805 ], [ 11.883608, 5.105956 ], [ 11.883759, 5.105956 ], [ 11.883759, 5.106107 ], [ 11.88391, 5.106107 ], [ 11.88391, 5.106258 ], [ 11.884061, 5.106258 ], [ 11.884212, 5.106409 ], [ 11.884212, 5.10656 ], [ 11.884212, 5.106711 ], [ 11.884212, 5.106862 ], [ 11.884212, 5.107012 ], [ 11.884212, 5.107163 ], [ 11.884212, 5.107314 ], [ 11.884212, 5.107465 ], [ 11.884212, 5.107616 ], [ 11.884061, 5.107616 ], [ 11.884061, 5.107767 ], [ 11.88391, 5.107918 ], [ 11.883759, 5.108069 ], [ 11.883759, 5.108219 ], [ 11.883759, 5.10837 ], [ 11.883457, 5.10837 ], [ 11.883457, 5.108521 ], [ 11.883306, 5.108521 ], [ 11.883155, 5.108521 ], [ 11.883155, 5.108672 ], [ 11.883005, 5.108672 ], [ 11.883005, 5.108823 ], [ 11.883005, 5.108974 ], [ 11.882854, 5.108974 ], [ 11.882854, 5.109125 ], [ 11.882854, 5.109276 ], [ 11.882854, 5.109426 ], [ 11.882854, 5.109577 ], [ 11.882854, 5.109728 ], [ 11.883005, 5.109728 ], [ 11.883155, 5.109728 ], [ 11.883155, 5.109879 ], [ 11.883306, 5.109879 ], [ 11.883306, 5.11003 ], [ 11.883306, 5.110181 ], [ 11.883457, 5.110181 ], [ 11.883457, 5.110332 ], [ 11.883457, 5.110483 ], [ 11.883457, 5.110633 ], [ 11.883457, 5.110784 ], [ 11.883457, 5.110935 ], [ 11.883457, 5.111086 ], [ 11.883457, 5.111237 ], [ 11.883457, 5.111388 ], [ 11.883306, 5.111689 ], [ 11.883306, 5.11184 ], [ 11.883155, 5.11184 ], [ 11.883005, 5.11184 ], [ 11.882854, 5.11184 ], [ 11.882703, 5.11184 ], [ 11.882703, 5.111689 ], [ 11.882552, 5.111689 ], [ 11.882401, 5.111689 ], [ 11.88225, 5.111689 ], [ 11.882099, 5.111689 ], [ 11.881948, 5.111689 ], [ 11.881948, 5.111539 ], [ 11.881798, 5.111539 ], [ 11.881647, 5.111539 ], [ 11.881496, 5.111539 ], [ 11.881345, 5.111539 ], [ 11.881036, 5.111539 ], [ 11.880727, 5.1121 ], [ 11.878926, 5.112098 ], [ 11.878803, 5.111943 ], [ 11.878713, 5.111754 ], [ 11.878037, 5.111774 ], [ 11.877782, 5.111758 ], [ 11.877825, 5.11158 ], [ 11.877459, 5.111593 ], [ 11.877455, 5.111689 ], [ 11.877573, 5.111689 ], [ 11.877573, 5.11184 ], [ 11.87745, 5.11184 ], [ 11.877439, 5.112105 ], [ 11.877906, 5.112347 ], [ 11.877954, 5.112444 ], [ 11.878026, 5.112444 ], [ 11.878177, 5.112444 ], [ 11.878177, 5.112493 ], [ 11.878177, 5.112595 ], [ 11.878177, 5.112746 ], [ 11.878177, 5.112896 ], [ 11.878177, 5.113047 ], [ 11.878177, 5.113198 ], [ 11.878177, 5.113349 ], [ 11.878177, 5.1135 ], [ 11.878177, 5.113651 ], [ 11.878177, 5.113802 ], [ 11.878177, 5.113953 ], [ 11.878177, 5.114103 ], [ 11.878177, 5.114254 ], [ 11.878026, 5.114254 ], [ 11.878026, 5.114405 ], [ 11.878026, 5.114556 ], [ 11.877875, 5.114556 ], [ 11.877875, 5.114707 ], [ 11.877724, 5.114707 ], [ 11.877724, 5.114858 ], [ 11.877573, 5.114858 ], [ 11.877573, 5.115009 ], [ 11.877573, 5.11516 ], [ 11.877422, 5.11516 ], [ 11.877422, 5.11531 ], [ 11.877422, 5.115461 ], [ 11.877422, 5.115612 ], [ 11.877422, 5.115763 ], [ 11.877422, 5.115914 ], [ 11.877422, 5.116065 ], [ 11.877422, 5.116216 ], [ 11.877422, 5.116366 ], [ 11.877422, 5.116517 ], [ 11.877271, 5.116517 ], [ 11.877271, 5.116668 ], [ 11.877271, 5.116819 ], [ 11.877121, 5.116819 ], [ 11.877121, 5.11697 ], [ 11.877121, 5.117121 ], [ 11.877121, 5.117272 ], [ 11.877121, 5.117423 ], [ 11.877121, 5.117573 ], [ 11.877121, 5.117724 ], [ 11.877121, 5.117875 ], [ 11.877121, 5.118026 ], [ 11.877121, 5.118177 ], [ 11.877121, 5.118328 ], [ 11.877271, 5.118479 ], [ 11.877422, 5.118479 ], [ 11.877422, 5.11863 ], [ 11.877422, 5.11878 ], [ 11.877422, 5.118931 ], [ 11.877422, 5.119082 ], [ 11.877422, 5.119233 ], [ 11.877271, 5.119233 ], [ 11.877271, 5.119384 ], [ 11.877121, 5.119384 ], [ 11.87697, 5.119384 ], [ 11.87697, 5.119535 ], [ 11.876819, 5.119535 ], [ 11.876819, 5.119686 ], [ 11.876668, 5.119837 ], [ 11.876668, 5.119987 ], [ 11.876517, 5.119987 ], [ 11.876517, 5.120138 ], [ 11.876366, 5.120138 ], [ 11.876366, 5.120289 ], [ 11.876215, 5.12044 ], [ 11.876064, 5.12044 ], [ 11.876064, 5.120591 ], [ 11.876064, 5.120742 ], [ 11.875914, 5.120742 ], [ 11.875914, 5.120893 ], [ 11.875914, 5.121044 ], [ 11.875914, 5.121194 ], [ 11.875914, 5.121345 ], [ 11.875914, 5.121496 ], [ 11.875914, 5.121647 ], [ 11.875914, 5.121798 ], [ 11.875914, 5.121949 ], [ 11.875914, 5.1221 ], [ 11.875914, 5.12225 ], [ 11.875914, 5.122401 ], [ 11.875763, 5.122401 ], [ 11.875763, 5.122552 ], [ 11.875763, 5.122703 ], [ 11.875763, 5.122854 ], [ 11.875763, 5.123005 ], [ 11.875763, 5.123156 ], [ 11.875612, 5.123156 ], [ 11.875612, 5.123307 ], [ 11.875612, 5.123457 ], [ 11.875461, 5.123457 ], [ 11.875461, 5.123608 ], [ 11.87531, 5.123608 ], [ 11.87531, 5.123759 ], [ 11.875159, 5.123759 ], [ 11.875159, 5.12391 ], [ 11.875008, 5.12391 ], [ 11.875008, 5.124061 ], [ 11.874858, 5.124061 ], [ 11.874858, 5.124212 ], [ 11.874858, 5.124363 ], [ 11.874707, 5.124363 ], [ 11.874707, 5.124514 ], [ 11.874556, 5.124514 ], [ 11.874556, 5.124664 ], [ 11.874556, 5.124815 ], [ 11.874556, 5.124966 ], [ 11.874556, 5.125117 ], [ 11.874556, 5.125268 ], [ 11.874556, 5.125419 ], [ 11.874556, 5.12557 ], [ 11.874556, 5.125721 ], [ 11.874556, 5.125871 ], [ 11.874556, 5.126022 ], [ 11.874556, 5.126173 ], [ 11.874556, 5.126324 ], [ 11.874556, 5.126475 ], [ 11.874405, 5.126475 ], [ 11.874405, 5.126626 ], [ 11.874405, 5.126777 ], [ 11.874405, 5.126928 ], [ 11.874405, 5.127078 ], [ 11.874405, 5.127229 ], [ 11.874405, 5.12738 ], [ 11.874254, 5.12738 ], [ 11.874254, 5.127531 ], [ 11.874254, 5.127682 ], [ 11.874254, 5.127833 ], [ 11.874103, 5.127833 ], [ 11.874103, 5.127984 ], [ 11.874103, 5.128134 ], [ 11.874103, 5.128285 ], [ 11.874103, 5.128436 ], [ 11.873952, 5.128436 ], [ 11.873952, 5.128587 ], [ 11.873801, 5.128587 ], [ 11.873801, 5.128738 ], [ 11.873651, 5.128738 ], [ 11.873651, 5.128889 ], [ 11.8735, 5.128889 ], [ 11.8735, 5.12904 ], [ 11.873349, 5.12904 ], [ 11.873349, 5.129191 ], [ 11.873198, 5.129191 ], [ 11.873198, 5.129341 ], [ 11.873198, 5.129492 ], [ 11.873198, 5.129643 ], [ 11.873198, 5.129794 ], [ 11.873198, 5.129945 ], [ 11.873198, 5.130096 ], [ 11.873198, 5.130247 ], [ 11.873198, 5.130398 ], [ 11.873198, 5.130548 ], [ 11.873198, 5.130699 ], [ 11.873198, 5.13085 ], [ 11.873198, 5.131001 ], [ 11.873198, 5.131152 ], [ 11.873198, 5.131303 ], [ 11.873198, 5.131454 ], [ 11.873198, 5.131605 ], [ 11.873198, 5.131755 ], [ 11.873198, 5.131906 ], [ 11.873198, 5.132057 ], [ 11.873198, 5.132208 ], [ 11.873198, 5.132359 ], [ 11.873047, 5.132359 ], [ 11.873047, 5.13251 ], [ 11.873047, 5.132661 ], [ 11.873047, 5.132812 ], [ 11.872896, 5.132812 ], [ 11.872896, 5.132962 ], [ 11.872896, 5.133113 ], [ 11.872896, 5.133264 ], [ 11.872896, 5.133415 ], [ 11.872896, 5.133566 ], [ 11.872896, 5.133717 ], [ 11.872896, 5.133868 ], [ 11.873047, 5.133868 ], [ 11.873047, 5.134018 ], [ 11.873198, 5.134018 ], [ 11.873349, 5.134018 ], [ 11.8735, 5.134018 ], [ 11.873651, 5.134018 ], [ 11.873801, 5.134018 ], [ 11.873952, 5.134018 ], [ 11.873952, 5.134169 ], [ 11.874103, 5.134169 ], [ 11.874254, 5.134169 ], [ 11.874254, 5.13432 ], [ 11.874405, 5.13432 ], [ 11.874405, 5.134471 ], [ 11.874405, 5.134622 ], [ 11.874556, 5.134622 ], [ 11.874556, 5.134773 ], [ 11.874556, 5.134924 ], [ 11.874556, 5.135075 ], [ 11.874707, 5.135075 ], [ 11.874707, 5.135225 ], [ 11.874707, 5.135376 ], [ 11.874858, 5.135376 ], [ 11.874858, 5.135527 ], [ 11.875008, 5.135527 ], [ 11.875008, 5.135678 ], [ 11.875008, 5.135829 ], [ 11.875159, 5.135829 ], [ 11.875159, 5.13598 ], [ 11.875159, 5.136131 ], [ 11.87531, 5.136131 ], [ 11.875461, 5.136131 ], [ 11.875461, 5.136282 ], [ 11.875461, 5.136432 ], [ 11.875461, 5.136583 ], [ 11.875612, 5.136583 ], [ 11.875461, 5.136734 ], [ 11.875461, 5.136885 ], [ 11.875461, 5.137036 ], [ 11.875461, 5.137187 ], [ 11.875461, 5.137338 ], [ 11.87531, 5.137338 ], [ 11.87531, 5.137489 ], [ 11.87531, 5.137639 ], [ 11.87531, 5.13779 ], [ 11.87531, 5.137941 ], [ 11.87531, 5.138092 ], [ 11.87531, 5.138243 ], [ 11.87531, 5.138394 ], [ 11.87531, 5.138545 ], [ 11.87531, 5.138696 ], [ 11.87531, 5.138846 ], [ 11.87531, 5.138997 ], [ 11.87531, 5.139148 ], [ 11.87531, 5.139299 ], [ 11.87531, 5.13945 ], [ 11.87531, 5.139601 ], [ 11.87531, 5.139752 ], [ 11.87531, 5.139902 ], [ 11.87531, 5.140053 ], [ 11.87531, 5.140204 ], [ 11.875461, 5.140204 ], [ 11.875461, 5.140355 ], [ 11.875612, 5.140355 ], [ 11.875763, 5.140355 ], [ 11.875763, 5.140506 ], [ 11.875763, 5.140657 ], [ 11.875914, 5.140657 ], [ 11.876064, 5.140657 ], [ 11.876064, 5.140808 ], [ 11.876064, 5.140959 ], [ 11.876215, 5.140959 ], [ 11.876366, 5.140959 ], [ 11.876517, 5.140959 ], [ 11.876668, 5.140959 ], [ 11.876819, 5.140959 ], [ 11.87697, 5.140959 ], [ 11.87697, 5.140808 ], [ 11.877121, 5.140808 ], [ 11.877121, 5.140657 ], [ 11.877271, 5.140657 ], [ 11.877422, 5.140657 ], [ 11.877573, 5.140657 ], [ 11.877724, 5.140657 ], [ 11.877875, 5.140657 ], [ 11.878026, 5.140657 ], [ 11.878177, 5.140657 ], [ 11.878328, 5.140657 ], [ 11.878328, 5.140808 ], [ 11.878478, 5.140808 ], [ 11.878629, 5.140808 ], [ 11.87878, 5.140808 ], [ 11.878931, 5.140808 ], [ 11.878931, 5.140959 ], [ 11.879082, 5.140959 ], [ 11.879233, 5.140959 ], [ 11.879384, 5.140959 ], [ 11.879535, 5.140959 ], [ 11.879685, 5.140959 ], [ 11.879836, 5.140959 ], [ 11.879836, 5.141109 ], [ 11.879836, 5.14126 ], [ 11.879836, 5.141411 ], [ 11.879836, 5.141562 ], [ 11.879836, 5.141713 ], [ 11.879836, 5.141864 ], [ 11.879836, 5.142015 ], [ 11.879685, 5.142015 ], [ 11.879535, 5.142166 ], [ 11.879535, 5.142316 ], [ 11.879384, 5.142316 ], [ 11.879233, 5.142467 ], [ 11.879082, 5.142467 ], [ 11.879082, 5.142618 ], [ 11.878931, 5.142618 ], [ 11.87878, 5.142769 ], [ 11.878629, 5.142769 ], [ 11.878629, 5.14292 ], [ 11.878478, 5.14292 ], [ 11.878478, 5.143071 ], [ 11.878328, 5.143071 ], [ 11.878177, 5.143071 ], [ 11.878177, 5.143222 ], [ 11.878177, 5.143373 ], [ 11.878026, 5.143373 ], [ 11.878026, 5.143523 ], [ 11.878026, 5.143674 ], [ 11.878026, 5.143825 ], [ 11.878026, 5.143976 ], [ 11.878026, 5.144127 ], [ 11.878026, 5.144278 ], [ 11.878026, 5.144429 ], [ 11.877875, 5.14473 ], [ 11.877875, 5.144881 ], [ 11.877875, 5.145032 ], [ 11.877875, 5.145183 ], [ 11.877724, 5.145183 ], [ 11.877724, 5.145334 ], [ 11.877573, 5.145334 ], [ 11.877573, 5.145485 ], [ 11.877573, 5.145636 ], [ 11.877422, 5.145636 ], [ 11.877422, 5.145786 ], [ 11.877422, 5.145937 ], [ 11.877271, 5.145937 ], [ 11.877271, 5.146088 ], [ 11.877271, 5.146239 ], [ 11.877271, 5.14639 ], [ 11.877271, 5.146541 ], [ 11.877422, 5.146541 ], [ 11.877422, 5.146692 ], [ 11.877573, 5.146692 ], [ 11.877724, 5.146692 ], [ 11.877875, 5.146692 ], [ 11.877875, 5.146843 ], [ 11.878026, 5.146843 ], [ 11.878177, 5.146843 ], [ 11.878328, 5.146843 ], [ 11.878328, 5.146993 ], [ 11.878478, 5.146993 ], [ 11.878629, 5.146993 ], [ 11.878629, 5.147144 ], [ 11.87878, 5.147144 ], [ 11.878931, 5.147144 ], [ 11.879082, 5.147144 ], [ 11.879082, 5.147295 ], [ 11.879233, 5.147295 ], [ 11.879233, 5.147446 ], [ 11.879233, 5.147597 ], [ 11.879233, 5.147748 ], [ 11.879384, 5.147748 ], [ 11.879384, 5.147899 ], [ 11.879384, 5.14805 ], [ 11.879535, 5.14805 ], [ 11.879685, 5.14805 ], [ 11.879685, 5.1482 ], [ 11.879836, 5.1482 ], [ 11.879987, 5.1482 ], [ 11.880138, 5.1482 ], [ 11.880289, 5.1482 ], [ 11.88044, 5.1482 ], [ 11.880591, 5.1482 ], [ 11.880742, 5.1482 ], [ 11.880892, 5.1482 ], [ 11.881043, 5.1482 ], [ 11.881043, 5.148351 ], [ 11.881194, 5.148351 ], [ 11.881345, 5.148351 ], [ 11.881345, 5.148502 ], [ 11.881496, 5.148502 ], [ 11.881647, 5.148502 ], [ 11.881647, 5.148653 ], [ 11.881798, 5.148653 ], [ 11.881948, 5.148804 ], [ 11.882099, 5.148804 ], [ 11.882099, 5.148955 ], [ 11.88225, 5.148955 ], [ 11.88225, 5.149106 ], [ 11.882401, 5.149106 ], [ 11.882401, 5.149257 ], [ 11.882552, 5.149257 ], [ 11.882552, 5.149407 ], [ 11.882703, 5.149407 ], [ 11.882854, 5.149407 ], [ 11.883005, 5.149407 ], [ 11.883005, 5.149558 ], [ 11.883155, 5.149558 ], [ 11.883306, 5.149558 ], [ 11.883457, 5.149558 ], [ 11.883608, 5.149558 ], [ 11.883759, 5.149558 ], [ 11.88391, 5.149558 ], [ 11.884061, 5.149558 ], [ 11.884212, 5.149558 ], [ 11.884212, 5.149709 ], [ 11.884212, 5.14986 ], [ 11.884212, 5.150011 ], [ 11.884212, 5.150162 ], [ 11.884212, 5.150313 ], [ 11.884212, 5.150463 ], [ 11.884212, 5.150614 ], [ 11.884212, 5.150765 ], [ 11.884212, 5.150916 ], [ 11.884212, 5.151067 ], [ 11.884212, 5.151218 ], [ 11.884212, 5.151369 ], [ 11.884212, 5.15152 ], [ 11.884212, 5.15167 ], [ 11.884212, 5.151821 ], [ 11.884212, 5.151972 ], [ 11.884212, 5.152123 ], [ 11.884212, 5.152274 ], [ 11.884362, 5.152274 ], [ 11.884362, 5.152425 ], [ 11.884362, 5.152576 ], [ 11.884362, 5.152727 ], [ 11.884362, 5.152877 ], [ 11.884513, 5.152877 ], [ 11.884513, 5.153028 ], [ 11.884513, 5.153179 ], [ 11.884513, 5.15333 ], [ 11.884513, 5.153481 ], [ 11.884815, 5.153481 ], [ 11.884815, 5.153632 ], [ 11.884815, 5.153783 ], [ 11.884815, 5.153934 ], [ 11.884815, 5.154084 ], [ 11.884815, 5.154235 ], [ 11.884815, 5.154386 ], [ 11.884815, 5.154537 ], [ 11.884815, 5.154688 ], [ 11.884815, 5.154839 ], [ 11.884815, 5.15499 ], [ 11.884815, 5.155141 ], [ 11.884966, 5.155141 ], [ 11.884966, 5.155291 ], [ 11.885117, 5.155291 ], [ 11.885117, 5.155442 ], [ 11.885268, 5.155442 ], [ 11.885268, 5.155593 ], [ 11.885419, 5.155744 ], [ 11.885419, 5.155895 ], [ 11.885419, 5.156046 ], [ 11.885419, 5.156197 ], [ 11.885419, 5.156347 ], [ 11.885569, 5.156347 ], [ 11.885569, 5.156498 ], [ 11.885569, 5.156649 ], [ 11.885569, 5.1568 ], [ 11.885569, 5.156951 ], [ 11.885569, 5.157102 ], [ 11.885569, 5.157253 ], [ 11.885569, 5.157404 ], [ 11.885569, 5.157554 ], [ 11.885569, 5.157705 ], [ 11.885569, 5.157856 ], [ 11.885569, 5.158007 ], [ 11.885569, 5.158158 ], [ 11.88572, 5.158309 ], [ 11.88572, 5.15846 ], [ 11.88572, 5.158611 ], [ 11.88572, 5.158761 ], [ 11.88572, 5.158912 ], [ 11.88572, 5.158928 ], [ 11.88572, 5.159063 ], [ 11.88572, 5.159214 ], [ 11.88572, 5.159365 ], [ 11.88572, 5.159516 ], [ 11.88572, 5.159667 ], [ 11.88572, 5.159818 ], [ 11.88572, 5.159968 ], [ 11.88572, 5.160119 ], [ 11.88572, 5.16027 ], [ 11.88572, 5.160421 ], [ 11.88572, 5.160572 ], [ 11.88572, 5.160723 ], [ 11.885871, 5.160723 ], [ 11.885871, 5.160874 ], [ 11.885871, 5.161025 ], [ 11.885871, 5.161175 ], [ 11.886022, 5.161175 ], [ 11.886022, 5.161326 ], [ 11.886022, 5.161477 ], [ 11.886022, 5.161628 ], [ 11.886022, 5.161779 ], [ 11.886022, 5.16193 ], [ 11.886022, 5.162081 ], [ 11.885871, 5.162081 ], [ 11.885871, 5.162231 ], [ 11.88572, 5.162231 ], [ 11.885569, 5.162231 ], [ 11.885569, 5.162382 ], [ 11.885419, 5.162382 ], [ 11.885268, 5.162382 ], [ 11.885268, 5.162533 ], [ 11.885117, 5.162533 ], [ 11.884966, 5.162684 ], [ 11.884966, 5.162835 ], [ 11.884815, 5.162835 ], [ 11.884664, 5.162835 ], [ 11.884664, 5.162986 ], [ 11.884513, 5.162986 ], [ 11.884362, 5.162986 ], [ 11.884212, 5.162986 ], [ 11.884212, 5.163137 ], [ 11.884061, 5.163137 ], [ 11.88391, 5.163137 ], [ 11.883759, 5.163137 ], [ 11.883608, 5.163137 ], [ 11.883457, 5.163288 ], [ 11.883306, 5.163288 ], [ 11.883155, 5.163438 ], [ 11.883005, 5.163438 ], [ 11.883005, 5.163589 ], [ 11.882854, 5.163589 ], [ 11.882703, 5.163589 ], [ 11.882703, 5.16374 ], [ 11.882552, 5.16374 ], [ 11.882401, 5.16374 ], [ 11.882401, 5.163891 ], [ 11.88225, 5.163891 ], [ 11.882099, 5.163891 ], [ 11.881948, 5.163891 ], [ 11.881948, 5.164042 ], [ 11.881798, 5.164042 ], [ 11.881647, 5.164042 ], [ 11.881647, 5.164193 ], [ 11.881496, 5.164193 ], [ 11.881345, 5.164193 ], [ 11.881345, 5.164344 ], [ 11.881194, 5.164344 ], [ 11.881043, 5.164344 ], [ 11.880892, 5.164344 ], [ 11.880892, 5.164495 ], [ 11.880742, 5.164495 ], [ 11.880645, 5.164495 ], [ 11.880585, 5.164554 ], [ 11.879987, 5.164917 ], [ 11.879481, 5.165281 ], [ 11.879022, 5.165553 ], [ 11.878893, 5.165643 ], [ 11.8787, 5.16578 ], [ 11.878057, 5.166142 ], [ 11.877322, 5.166458 ], [ 11.876498, 5.166498 ], [ 11.876211, 5.166409 ], [ 11.876041, 5.166357 ], [ 11.875802, 5.166286 ], [ 11.875722, 5.166262 ], [ 11.875722, 5.166262 ], [ 11.875265, 5.166029 ], [ 11.875084, 5.166 ], [ 11.874671, 5.165933 ], [ 11.874351, 5.165902 ], [ 11.874168, 5.165884 ], [ 11.873974, 5.165882 ], [ 11.873848, 5.165882 ], [ 11.873207, 5.165922 ], [ 11.87284, 5.166012 ], [ 11.87238, 5.166329 ], [ 11.872013, 5.166464 ], [ 11.871554, 5.166736 ], [ 11.871337, 5.166843 ], [ 11.871186, 5.166917 ], [ 11.870726, 5.167281 ], [ 11.870405, 5.16737 ], [ 11.870038, 5.167551 ], [ 11.869907, 5.167606 ], [ 11.869717, 5.167687 ], [ 11.869257, 5.167867 ], [ 11.869257, 5.167867 ], [ 11.868937, 5.167864 ], [ 11.868937, 5.167864 ], [ 11.868388, 5.167906 ], [ 11.868022, 5.167903 ], [ 11.867823, 5.167877 ], [ 11.867656, 5.167855 ], [ 11.867402, 5.167806 ], [ 11.867153, 5.167759 ], [ 11.866695, 5.16771 ], [ 11.866483, 5.167685 ], [ 11.866284, 5.167661 ], [ 11.865737, 5.167427 ], [ 11.865529, 5.167321 ], [ 11.86528, 5.167194 ], [ 11.865159, 5.167139 ], [ 11.865159, 5.167225 ], [ 11.865063, 5.167225 ], [ 11.865063, 5.167322 ], [ 11.864966, 5.167322 ], [ 11.864966, 5.167418 ], [ 11.86487, 5.167418 ], [ 11.86487, 5.167515 ], [ 11.86487, 5.167612 ], [ 11.864773, 5.167612 ], [ 11.864773, 5.167708 ], [ 11.864677, 5.167805 ], [ 11.864677, 5.167901 ], [ 11.86458, 5.167901 ], [ 11.86458, 5.167998 ], [ 11.86458, 5.168094 ], [ 11.864484, 5.168191 ], [ 11.864484, 5.168287 ], [ 11.864387, 5.168287 ], [ 11.864387, 5.168384 ], [ 11.864387, 5.168481 ], [ 11.864387, 5.168577 ], [ 11.86429, 5.168674 ], [ 11.86429, 5.16877 ], [ 11.86429, 5.168867 ], [ 11.86429, 5.168963 ], [ 11.864194, 5.168963 ], [ 11.864194, 5.16906 ], [ 11.864194, 5.169156 ], [ 11.864194, 5.169253 ], [ 11.864194, 5.16935 ], [ 11.864194, 5.169446 ], [ 11.864194, 5.169543 ], [ 11.864194, 5.169639 ], [ 11.864194, 5.169736 ], [ 11.864194, 5.169832 ], [ 11.864194, 5.169929 ], [ 11.864194, 5.170026 ], [ 11.864194, 5.170122 ], [ 11.864194, 5.170219 ], [ 11.864194, 5.170315 ], [ 11.864194, 5.170412 ], [ 11.864097, 5.170412 ], [ 11.864097, 5.170508 ], [ 11.864097, 5.170605 ], [ 11.864097, 5.170701 ], [ 11.864097, 5.170798 ], [ 11.864097, 5.170895 ], [ 11.864097, 5.170991 ], [ 11.864097, 5.171088 ], [ 11.864097, 5.171184 ], [ 11.864097, 5.171281 ], [ 11.864097, 5.171377 ], [ 11.864097, 5.171474 ], [ 11.864097, 5.17157 ], [ 11.864097, 5.171667 ], [ 11.864097, 5.171764 ], [ 11.864194, 5.171764 ], [ 11.864194, 5.17186 ], [ 11.864194, 5.171957 ], [ 11.864194, 5.172053 ], [ 11.864194, 5.17215 ], [ 11.864194, 5.172246 ], [ 11.86429, 5.172246 ], [ 11.86429, 5.172343 ], [ 11.86429, 5.172439 ], [ 11.864387, 5.172439 ], [ 11.864387, 5.172536 ], [ 11.864484, 5.172536 ], [ 11.864484, 5.172633 ], [ 11.864484, 5.172729 ], [ 11.86458, 5.172729 ], [ 11.864677, 5.172729 ], [ 11.864773, 5.172729 ], [ 11.864773, 5.172826 ], [ 11.865063, 5.172826 ], [ 11.865063, 5.172922 ], [ 11.865159, 5.172922 ], [ 11.865256, 5.172922 ], [ 11.865256, 5.173019 ], [ 11.865353, 5.173019 ], [ 11.865449, 5.173019 ], [ 11.865546, 5.173019 ], [ 11.865546, 5.173115 ], [ 11.865642, 5.173212 ], [ 11.865739, 5.173308 ], [ 11.865835, 5.173308 ], [ 11.865835, 5.173405 ], [ 11.865932, 5.173405 ], [ 11.866029, 5.173405 ], [ 11.866029, 5.173502 ], [ 11.866125, 5.173598 ], [ 11.866125, 5.173695 ], [ 11.866222, 5.173695 ], [ 11.866318, 5.173695 ], [ 11.866318, 5.173791 ], [ 11.866318, 5.173888 ], [ 11.866415, 5.173888 ], [ 11.866511, 5.173888 ], [ 11.866511, 5.173984 ], [ 11.866608, 5.173984 ], [ 11.866608, 5.174081 ], [ 11.866704, 5.174081 ], [ 11.866608, 5.174178 ], [ 11.866704, 5.174274 ], [ 11.866801, 5.174274 ], [ 11.866801, 5.174371 ], [ 11.866898, 5.174371 ], [ 11.866898, 5.174467 ], [ 11.866898, 5.174564 ], [ 11.866994, 5.174564 ], [ 11.867091, 5.174564 ], [ 11.867091, 5.17466 ], [ 11.867187, 5.17466 ], [ 11.867284, 5.17466 ], [ 11.86738, 5.17466 ], [ 11.86738, 5.174757 ], [ 11.867477, 5.174757 ], [ 11.867573, 5.174757 ], [ 11.86767, 5.174757 ], [ 11.867767, 5.174757 ], [ 11.867863, 5.174757 ], [ 11.867863, 5.174853 ], [ 11.86796, 5.174853 ], [ 11.86796, 5.17495 ], [ 11.868056, 5.17495 ], [ 11.868153, 5.17495 ], [ 11.868249, 5.17495 ], [ 11.868346, 5.17495 ], [ 11.868442, 5.17495 ], [ 11.868539, 5.17495 ], [ 11.868539, 5.175047 ], [ 11.868636, 5.175047 ], [ 11.868732, 5.175047 ], [ 11.868829, 5.175047 ], [ 11.868829, 5.175143 ], [ 11.868925, 5.175143 ], [ 11.868925, 5.17524 ], [ 11.869022, 5.17524 ], [ 11.869022, 5.175336 ], [ 11.869118, 5.175336 ], [ 11.869118, 5.175433 ], [ 11.869215, 5.175433 ], [ 11.869215, 5.175529 ], [ 11.869215, 5.175626 ], [ 11.869215, 5.175722 ], [ 11.869215, 5.175819 ], [ 11.869215, 5.175916 ], [ 11.869311, 5.175916 ], [ 11.869408, 5.175916 ], [ 11.869505, 5.175916 ], [ 11.869505, 5.176012 ], [ 11.869601, 5.176012 ], [ 11.869601, 5.176109 ], [ 11.869698, 5.176109 ], [ 11.869794, 5.176109 ], [ 11.869891, 5.176109 ], [ 11.869987, 5.176109 ], [ 11.869987, 5.176205 ], [ 11.870084, 5.176205 ], [ 11.87018, 5.176205 ], [ 11.87018, 5.176302 ], [ 11.870277, 5.176302 ], [ 11.870374, 5.176302 ], [ 11.87047, 5.176302 ], [ 11.87047, 5.176398 ], [ 11.870567, 5.176398 ], [ 11.870567, 5.176495 ], [ 11.870567, 5.176591 ], [ 11.870567, 5.176688 ], [ 11.870567, 5.176785 ], [ 11.870567, 5.176881 ], [ 11.870567, 5.176978 ], [ 11.870567, 5.177074 ], [ 11.870567, 5.177171 ], [ 11.870567, 5.177267 ], [ 11.870567, 5.177364 ], [ 11.870567, 5.17746 ], [ 11.870567, 5.177557 ], [ 11.87047, 5.177557 ], [ 11.87047, 5.177654 ], [ 11.87047, 5.17775 ], [ 11.87047, 5.177847 ], [ 11.870374, 5.177847 ], [ 11.870277, 5.177847 ], [ 11.87018, 5.177847 ], [ 11.87018, 5.177943 ], [ 11.870084, 5.177943 ], [ 11.870084, 5.17804 ], [ 11.869987, 5.17804 ], [ 11.869891, 5.178136 ], [ 11.869891, 5.178233 ], [ 11.869794, 5.178233 ], [ 11.869698, 5.178233 ], [ 11.869698, 5.178329 ], [ 11.869601, 5.178329 ], [ 11.869505, 5.178329 ], [ 11.869408, 5.178426 ], [ 11.869311, 5.178426 ], [ 11.869215, 5.178426 ], [ 11.869118, 5.178426 ], [ 11.869022, 5.178426 ], [ 11.868925, 5.178426 ], [ 11.868829, 5.178426 ], [ 11.868732, 5.178426 ], [ 11.868636, 5.178426 ], [ 11.868636, 5.178523 ], [ 11.868539, 5.178523 ], [ 11.868442, 5.178523 ], [ 11.868346, 5.178523 ], [ 11.868346, 5.178619 ], [ 11.868249, 5.178619 ], [ 11.868153, 5.178619 ], [ 11.868056, 5.178619 ], [ 11.86796, 5.178619 ], [ 11.867863, 5.178619 ], [ 11.867767, 5.178619 ], [ 11.86767, 5.178619 ], [ 11.86767, 5.178716 ], [ 11.867573, 5.178716 ], [ 11.867573, 5.178812 ], [ 11.867477, 5.178812 ], [ 11.86738, 5.178812 ], [ 11.86738, 5.178909 ], [ 11.867284, 5.178909 ], [ 11.867187, 5.178909 ], [ 11.867187, 5.179005 ], [ 11.867091, 5.179102 ], [ 11.866994, 5.179102 ], [ 11.866994, 5.179199 ], [ 11.866898, 5.179295 ], [ 11.866801, 5.179295 ], [ 11.866704, 5.179295 ], [ 11.866608, 5.179295 ], [ 11.866511, 5.179295 ], [ 11.866415, 5.179295 ], [ 11.866318, 5.179295 ], [ 11.866222, 5.179295 ], [ 11.866125, 5.179295 ], [ 11.866125, 5.179392 ], [ 11.866029, 5.179392 ], [ 11.865932, 5.179392 ], [ 11.865932, 5.179488 ], [ 11.865835, 5.179488 ], [ 11.865739, 5.179488 ], [ 11.865739, 5.179585 ], [ 11.865642, 5.179585 ], [ 11.865546, 5.179585 ], [ 11.865546, 5.179681 ], [ 11.865449, 5.179681 ], [ 11.865353, 5.179681 ], [ 11.865256, 5.179681 ], [ 11.865256, 5.179778 ], [ 11.865159, 5.179778 ], [ 11.865063, 5.179778 ], [ 11.865063, 5.179874 ], [ 11.864966, 5.179874 ], [ 11.86487, 5.179874 ], [ 11.86487, 5.179971 ], [ 11.864773, 5.179971 ], [ 11.864677, 5.179971 ], [ 11.864677, 5.180068 ], [ 11.86458, 5.180068 ], [ 11.864484, 5.180068 ], [ 11.864484, 5.180164 ], [ 11.864387, 5.180164 ], [ 11.864387, 5.180261 ], [ 11.86429, 5.180261 ], [ 11.86429, 5.180357 ], [ 11.86429, 5.180454 ], [ 11.864194, 5.180454 ], [ 11.864194, 5.18055 ], [ 11.864097, 5.180647 ], [ 11.864001, 5.180647 ], [ 11.864001, 5.180743 ], [ 11.863904, 5.180743 ], [ 11.863808, 5.180743 ], [ 11.863808, 5.18084 ], [ 11.863808, 5.180937 ], [ 11.863711, 5.180937 ], [ 11.863711, 5.181033 ], [ 11.863711, 5.18113 ], [ 11.863615, 5.18113 ], [ 11.863615, 5.181226 ], [ 11.863518, 5.181226 ], [ 11.863421, 5.181323 ], [ 11.863421, 5.181419 ], [ 11.863325, 5.181419 ], [ 11.863228, 5.181419 ], [ 11.863228, 5.181516 ], [ 11.863132, 5.181612 ], [ 11.863035, 5.181612 ], [ 11.862939, 5.181612 ], [ 11.862939, 5.181709 ], [ 11.862842, 5.181709 ], [ 11.862746, 5.181806 ], [ 11.862746, 5.181902 ], [ 11.862649, 5.181902 ], [ 11.862649, 5.181999 ], [ 11.862552, 5.181999 ], [ 11.862552, 5.182095 ], [ 11.862456, 5.182095 ], [ 11.862359, 5.182095 ], [ 11.862359, 5.182192 ], [ 11.862359, 5.182288 ], [ 11.862263, 5.182288 ], [ 11.862166, 5.182385 ], [ 11.862166, 5.182481 ], [ 11.86207, 5.182481 ], [ 11.861973, 5.182578 ], [ 11.861973, 5.182675 ], [ 11.861877, 5.182675 ], [ 11.861877, 5.182771 ], [ 11.86178, 5.182771 ], [ 11.86178, 5.182868 ], [ 11.861683, 5.182868 ], [ 11.861683, 5.182964 ], [ 11.861587, 5.182964 ], [ 11.861587, 5.183061 ], [ 11.86149, 5.183061 ], [ 11.86149, 5.183157 ], [ 11.861394, 5.183157 ], [ 11.861394, 5.183254 ], [ 11.861297, 5.183254 ], [ 11.861297, 5.183351 ], [ 11.861297, 5.183447 ], [ 11.861201, 5.183447 ], [ 11.861201, 5.183544 ], [ 11.861104, 5.18364 ], [ 11.861104, 5.183737 ], [ 11.861104, 5.183833 ], [ 11.861007, 5.183833 ], [ 11.861007, 5.18393 ], [ 11.861007, 5.184026 ], [ 11.860911, 5.184026 ], [ 11.860911, 5.184123 ], [ 11.860814, 5.184123 ], [ 11.860814, 5.18422 ], [ 11.860814, 5.184316 ], [ 11.860718, 5.184316 ], [ 11.860718, 5.184413 ], [ 11.860718, 5.184509 ], [ 11.860621, 5.184509 ], [ 11.860621, 5.184606 ], [ 11.860621, 5.184702 ], [ 11.860525, 5.184702 ], [ 11.860525, 5.184799 ], [ 11.860525, 5.184895 ], [ 11.860525, 5.184992 ], [ 11.860525, 5.185089 ], [ 11.860525, 5.185185 ], [ 11.860525, 5.185282 ], [ 11.860525, 5.185378 ], [ 11.860525, 5.185475 ], [ 11.860428, 5.185475 ], [ 11.860428, 5.185571 ], [ 11.860428, 5.185668 ], [ 11.860428, 5.185764 ], [ 11.860428, 5.185861 ], [ 11.860332, 5.185861 ], [ 11.860332, 5.185958 ], [ 11.860332, 5.186054 ], [ 11.860332, 5.186151 ], [ 11.860332, 5.186247 ], [ 11.860235, 5.186247 ], [ 11.860235, 5.186344 ], [ 11.860235, 5.18644 ], [ 11.860235, 5.186537 ], [ 11.860235, 5.186633 ], [ 11.860235, 5.18673 ], [ 11.860235, 5.186827 ], [ 11.860235, 5.186923 ], [ 11.860235, 5.18702 ], [ 11.860235, 5.187116 ], [ 11.860235, 5.187213 ], [ 11.860235, 5.187309 ], [ 11.860235, 5.187406 ], [ 11.860235, 5.187502 ], [ 11.860235, 5.187599 ], [ 11.860235, 5.187696 ], [ 11.860235, 5.187792 ], [ 11.860235, 5.187889 ], [ 11.860235, 5.187985 ], [ 11.860235, 5.188082 ], [ 11.860235, 5.188178 ], [ 11.860235, 5.188275 ], [ 11.860235, 5.188372 ], [ 11.860235, 5.188468 ], [ 11.860235, 5.188565 ], [ 11.860235, 5.188661 ], [ 11.860235, 5.188758 ], [ 11.860235, 5.188854 ], [ 11.860235, 5.188951 ], [ 11.860235, 5.189047 ], [ 11.860235, 5.189144 ], [ 11.860235, 5.189241 ], [ 11.860235, 5.189337 ], [ 11.860235, 5.189434 ], [ 11.860235, 5.18953 ], [ 11.860332, 5.18953 ], [ 11.860332, 5.189627 ], [ 11.860332, 5.189723 ], [ 11.860332, 5.18982 ], [ 11.860332, 5.189916 ], [ 11.860332, 5.190013 ], [ 11.860332, 5.19011 ], [ 11.860428, 5.190206 ], [ 11.860332, 5.190206 ], [ 11.860332, 5.190303 ], [ 11.860332, 5.190399 ], [ 11.860332, 5.190496 ], [ 11.860428, 5.190496 ], [ 11.860428, 5.190592 ], [ 11.860428, 5.190689 ], [ 11.860428, 5.190785 ], [ 11.860428, 5.190882 ], [ 11.860525, 5.190882 ], [ 11.860525, 5.190979 ], [ 11.860525, 5.191075 ], [ 11.860621, 5.191075 ], [ 11.860718, 5.191075 ], [ 11.860718, 5.191172 ], [ 11.860814, 5.191172 ], [ 11.860911, 5.191172 ], [ 11.860911, 5.191268 ], [ 11.860911, 5.191365 ], [ 11.861007, 5.191365 ], [ 11.861007, 5.191461 ], [ 11.861104, 5.191461 ], [ 11.861104, 5.191558 ], [ 11.861201, 5.191558 ], [ 11.861297, 5.191558 ], [ 11.861297, 5.191654 ], [ 11.861297, 5.191751 ], [ 11.861394, 5.191751 ], [ 11.861394, 5.191848 ], [ 11.861394, 5.191944 ], [ 11.86149, 5.191944 ], [ 11.86149, 5.192041 ], [ 11.86149, 5.192137 ], [ 11.861587, 5.192137 ], [ 11.861683, 5.192234 ], [ 11.86178, 5.192234 ], [ 11.861877, 5.19233 ], [ 11.861973, 5.19233 ], [ 11.86207, 5.19233 ], [ 11.862166, 5.19233 ], [ 11.862263, 5.19233 ], [ 11.862359, 5.19233 ], [ 11.862456, 5.19233 ], [ 11.862552, 5.192427 ], [ 11.862649, 5.192427 ], [ 11.862746, 5.192427 ], [ 11.862842, 5.192427 ], [ 11.862842, 5.192523 ], [ 11.862939, 5.192523 ], [ 11.862939, 5.19262 ], [ 11.863035, 5.19262 ], [ 11.863132, 5.19262 ], [ 11.863228, 5.192717 ], [ 11.863325, 5.192717 ], [ 11.863325, 5.192813 ], [ 11.863518, 5.192813 ], [ 11.863518, 5.19291 ], [ 11.863615, 5.19291 ], [ 11.863615, 5.193006 ], [ 11.863615, 5.193103 ], [ 11.863711, 5.193103 ], [ 11.863711, 5.193199 ], [ 11.863711, 5.193296 ], [ 11.863808, 5.193296 ], [ 11.863808, 5.193337 ], [ 11.863808, 5.193337 ], [ 11.864186, 5.193164 ], [ 11.864549, 5.19284 ], [ 11.865095, 5.192513 ], [ 11.865411, 5.192051 ], [ 11.865721, 5.191698 ], [ 11.865819, 5.191588 ], [ 11.865993, 5.191409 ], [ 11.866181, 5.191216 ], [ 11.866403, 5.190526 ], [ 11.866579, 5.189836 ], [ 11.866805, 5.189466 ], [ 11.867073, 5.18939 ], [ 11.867307, 5.189323 ], [ 11.867764, 5.189273 ], [ 11.86783, 5.189265 ], [ 11.868587, 5.189174 ], [ 11.869181, 5.189076 ], [ 11.869593, 5.189072 ], [ 11.869593, 5.189072 ], [ 11.869629, 5.189069 ], [ 11.870187, 5.189021 ], [ 11.870567, 5.188876 ], [ 11.870567, 5.188854 ], [ 11.870624, 5.188854 ], [ 11.870663, 5.188839 ], [ 11.870663, 5.188758 ], [ 11.87076, 5.188758 ], [ 11.870856, 5.188758 ], [ 11.870878, 5.188758 ], [ 11.87105, 5.188692 ], [ 11.87105, 5.188661 ], [ 11.871146, 5.188661 ], [ 11.871146, 5.188565 ], [ 11.871243, 5.188565 ], [ 11.871339, 5.188565 ], [ 11.871436, 5.188565 ], [ 11.871478, 5.188565 ], [ 11.871693, 5.188501 ], [ 11.871693, 5.188501 ], [ 11.871763, 5.188565 ], [ 11.872015, 5.188565 ], [ 11.872112, 5.188468 ], [ 11.872208, 5.188468 ], [ 11.872208, 5.188565 ], [ 11.872305, 5.188565 ], [ 11.872401, 5.188565 ], [ 11.872498, 5.188565 ], [ 11.872594, 5.188565 ], [ 11.872691, 5.188565 ], [ 11.872788, 5.188565 ], [ 11.872884, 5.188565 ], [ 11.872981, 5.188565 ], [ 11.873077, 5.188565 ], [ 11.873174, 5.188565 ], [ 11.87327, 5.188565 ], [ 11.873367, 5.188565 ], [ 11.873463, 5.188565 ], [ 11.87356, 5.188565 ], [ 11.873657, 5.188565 ], [ 11.873753, 5.188565 ], [ 11.87385, 5.188565 ], [ 11.873946, 5.188565 ], [ 11.874043, 5.188565 ], [ 11.874043, 5.188661 ], [ 11.874043, 5.188758 ], [ 11.874139, 5.188758 ], [ 11.874139, 5.188854 ], [ 11.874139, 5.188951 ], [ 11.874236, 5.188951 ], [ 11.874236, 5.189047 ], [ 11.874236, 5.189144 ], [ 11.874332, 5.189144 ], [ 11.874332, 5.189241 ], [ 11.874332, 5.189337 ], [ 11.874429, 5.189337 ], [ 11.874429, 5.189434 ], [ 11.874429, 5.18953 ], [ 11.874429, 5.189627 ], [ 11.874429, 5.189723 ], [ 11.874429, 5.18982 ], [ 11.874429, 5.189916 ], [ 11.874429, 5.190013 ], [ 11.874429, 5.19011 ], [ 11.874429, 5.190206 ], [ 11.874429, 5.190303 ], [ 11.874332, 5.190303 ], [ 11.874332, 5.190399 ], [ 11.874332, 5.190496 ], [ 11.874236, 5.190496 ], [ 11.874139, 5.190496 ], [ 11.874139, 5.190592 ], [ 11.874139, 5.190689 ], [ 11.874139, 5.190785 ], [ 11.874139, 5.190882 ], [ 11.874139, 5.190979 ], [ 11.874139, 5.191075 ], [ 11.874139, 5.191172 ], [ 11.874139, 5.191268 ], [ 11.874139, 5.191365 ], [ 11.874139, 5.191461 ], [ 11.874139, 5.191558 ], [ 11.874139, 5.191654 ], [ 11.874139, 5.191751 ], [ 11.874139, 5.191848 ], [ 11.874139, 5.191944 ], [ 11.874139, 5.192041 ], [ 11.874139, 5.192137 ], [ 11.874139, 5.192234 ], [ 11.874139, 5.19233 ], [ 11.874139, 5.192427 ], [ 11.874139, 5.192523 ], [ 11.874139, 5.19262 ], [ 11.874236, 5.19262 ], [ 11.874332, 5.19262 ], [ 11.874332, 5.192717 ], [ 11.874332, 5.192813 ], [ 11.874429, 5.192813 ], [ 11.874526, 5.192813 ], [ 11.874526, 5.19291 ], [ 11.874622, 5.19291 ], [ 11.874719, 5.19291 ], [ 11.874719, 5.193006 ], [ 11.874815, 5.193006 ], [ 11.874815, 5.193103 ], [ 11.874912, 5.193103 ], [ 11.875008, 5.193103 ], [ 11.875008, 5.193199 ], [ 11.875105, 5.193199 ], [ 11.875105, 5.193296 ], [ 11.875201, 5.193296 ], [ 11.875298, 5.193296 ], [ 11.875298, 5.193393 ], [ 11.875395, 5.193393 ], [ 11.875491, 5.193393 ], [ 11.875588, 5.193393 ], [ 11.875684, 5.193393 ], [ 11.875781, 5.193393 ], [ 11.875877, 5.193393 ], [ 11.875974, 5.193393 ], [ 11.875974, 5.193489 ], [ 11.876071, 5.193489 ], [ 11.876167, 5.193489 ], [ 11.876167, 5.193586 ], [ 11.876264, 5.193586 ], [ 11.876264, 5.193682 ], [ 11.876264, 5.193779 ], [ 11.87636, 5.193779 ], [ 11.87636, 5.193875 ], [ 11.876457, 5.193875 ], [ 11.876457, 5.193972 ], [ 11.876553, 5.193972 ], [ 11.876553, 5.194068 ], [ 11.876553, 5.194165 ], [ 11.87665, 5.194165 ], [ 11.876746, 5.194165 ], [ 11.876843, 5.194165 ], [ 11.87694, 5.194165 ], [ 11.877036, 5.194165 ], [ 11.877133, 5.194165 ], [ 11.877229, 5.194165 ], [ 11.877229, 5.194262 ], [ 11.877229, 5.194358 ], [ 11.877326, 5.194358 ], [ 11.877422, 5.194358 ], [ 11.877422, 5.194455 ], [ 11.877519, 5.194455 ], [ 11.877519, 5.194551 ], [ 11.877615, 5.194551 ], [ 11.877615, 5.194648 ], [ 11.877712, 5.194648 ], [ 11.877809, 5.194648 ], [ 11.877905, 5.194648 ], [ 11.877905, 5.194744 ], [ 11.878002, 5.194744 ], [ 11.878098, 5.194744 ], [ 11.878098, 5.194841 ], [ 11.878098, 5.194937 ], [ 11.878195, 5.194937 ], [ 11.878291, 5.194937 ], [ 11.878291, 5.195034 ], [ 11.878291, 5.195131 ], [ 11.878388, 5.195131 ], [ 11.878388, 5.195227 ], [ 11.878484, 5.195227 ], [ 11.878581, 5.195324 ], [ 11.878678, 5.195324 ], [ 11.878774, 5.195324 ], [ 11.878774, 5.19542 ], [ 11.878871, 5.19542 ], [ 11.878871, 5.195517 ], [ 11.878967, 5.195517 ], [ 11.879064, 5.195517 ], [ 11.879064, 5.195613 ], [ 11.879064, 5.19571 ], [ 11.87916, 5.19571 ], [ 11.87916, 5.195806 ], [ 11.879257, 5.195903 ], [ 11.879353, 5.195903 ], [ 11.87945, 5.195903 ], [ 11.87945, 5.196 ], [ 11.879547, 5.196 ], [ 11.879547, 5.196096 ], [ 11.879643, 5.196096 ], [ 11.879643, 5.196193 ], [ 11.879643, 5.196289 ], [ 11.879643, 5.196386 ], [ 11.87974, 5.196386 ], [ 11.87974, 5.196482 ], [ 11.87974, 5.196579 ], [ 11.87974, 5.196675 ], [ 11.87974, 5.196772 ], [ 11.87974, 5.196869 ], [ 11.87974, 5.196965 ], [ 11.87974, 5.197062 ], [ 11.87974, 5.197158 ], [ 11.879643, 5.197158 ], [ 11.87974, 5.197255 ], [ 11.87974, 5.197351 ], [ 11.879643, 5.197351 ], [ 11.879643, 5.197448 ], [ 11.87974, 5.197448 ], [ 11.87974, 5.197545 ], [ 11.87974, 5.197641 ], [ 11.87974, 5.197738 ], [ 11.87974, 5.197834 ], [ 11.87974, 5.197931 ], [ 11.87974, 5.198027 ], [ 11.87974, 5.198124 ], [ 11.87974, 5.19822 ], [ 11.87974, 5.198317 ], [ 11.879643, 5.198317 ], [ 11.879643, 5.198414 ], [ 11.879547, 5.198414 ], [ 11.879547, 5.19851 ], [ 11.87945, 5.19851 ], [ 11.87945, 5.198607 ], [ 11.879353, 5.198607 ], [ 11.879353, 5.198703 ], [ 11.879257, 5.198703 ], [ 11.87916, 5.198703 ], [ 11.87916, 5.1988 ], [ 11.87916, 5.198896 ], [ 11.87916, 5.198993 ], [ 11.87916, 5.199089 ], [ 11.87916, 5.199186 ], [ 11.87916, 5.199283 ], [ 11.879064, 5.199283 ], [ 11.879064, 5.199379 ], [ 11.879064, 5.199476 ], [ 11.879064, 5.199572 ], [ 11.879064, 5.199669 ], [ 11.879064, 5.199765 ], [ 11.87916, 5.199765 ], [ 11.87916, 5.199862 ], [ 11.87916, 5.199958 ], [ 11.87916, 5.200055 ], [ 11.87916, 5.200152 ], [ 11.87916, 5.200248 ], [ 11.87916, 5.200345 ], [ 11.87916, 5.200441 ], [ 11.87916, 5.200538 ], [ 11.87916, 5.200634 ], [ 11.879257, 5.200731 ], [ 11.879257, 5.200827 ], [ 11.879257, 5.200924 ], [ 11.879257, 5.201021 ], [ 11.879257, 5.201117 ], [ 11.879257, 5.201214 ], [ 11.87916, 5.20131 ], [ 11.87916, 5.201407 ], [ 11.879064, 5.201407 ], [ 11.879064, 5.201503 ], [ 11.879064, 5.2016 ], [ 11.878967, 5.2016 ], [ 11.878967, 5.201696 ], [ 11.878967, 5.201793 ], [ 11.878871, 5.201793 ], [ 11.878871, 5.20189 ], [ 11.878774, 5.20189 ], [ 11.878774, 5.201986 ], [ 11.878774, 5.202083 ], [ 11.878678, 5.202083 ], [ 11.878678, 5.202179 ], [ 11.878678, 5.202276 ], [ 11.878678, 5.202372 ], [ 11.878678, 5.202469 ], [ 11.878678, 5.202566 ], [ 11.878678, 5.202662 ], [ 11.878678, 5.202759 ], [ 11.878678, 5.202855 ], [ 11.878678, 5.202952 ], [ 11.878678, 5.203048 ], [ 11.878678, 5.203145 ], [ 11.878678, 5.203241 ], [ 11.878678, 5.203338 ], [ 11.878678, 5.203435 ], [ 11.878678, 5.203531 ], [ 11.878678, 5.203628 ], [ 11.878678, 5.203724 ], [ 11.878678, 5.203754 ], [ 11.878892, 5.203859 ], [ 11.879487, 5.203854 ], [ 11.880175, 5.203939 ], [ 11.880417, 5.20391 ], [ 11.880586, 5.203889 ], [ 11.881226, 5.203837 ], [ 11.881959, 5.20383 ], [ 11.882417, 5.203917 ], [ 11.882832, 5.204143 ], [ 11.883567, 5.204458 ], [ 11.883567, 5.204458 ], [ 11.884166, 5.204819 ], [ 11.884809, 5.205043 ], [ 11.884949, 5.205095 ], [ 11.885406, 5.205266 ], [ 11.886002, 5.205352 ], [ 11.886002, 5.205352 ], [ 11.886461, 5.20544 ], [ 11.886461, 5.20544 ], [ 11.887054, 5.20525 ], [ 11.887601, 5.205016 ], [ 11.888148, 5.20478 ], [ 11.888148, 5.20478 ], [ 11.888604, 5.204638 ], [ 11.888685, 5.204638 ], [ 11.888685, 5.204638 ], [ 11.888913, 5.204497 ], [ 11.890554, 5.204497 ], [ 11.891906, 5.205269 ], [ 11.891906, 5.206428 ], [ 11.891809, 5.207297 ], [ 11.89123, 5.209228 ], [ 11.891809, 5.21058 ], [ 11.892196, 5.212028 ], [ 11.891906, 5.212801 ], [ 11.889975, 5.213477 ], [ 11.889177, 5.213277 ], [ 11.888873, 5.213406 ], [ 11.888463, 5.213639 ], [ 11.887958, 5.213415 ], [ 11.887535, 5.213222 ], [ 11.887268, 5.2131 ], [ 11.886854, 5.212921 ], [ 11.886486, 5.21274 ], [ 11.886071, 5.212423 ], [ 11.885519, 5.212152 ], [ 11.885476, 5.212142 ], [ 11.885476, 5.212142 ], [ 11.884085, 5.212704 ], [ 11.884568, 5.213863 ], [ 11.884954, 5.215021 ], [ 11.884374, 5.216566 ], [ 11.884374, 5.217049 ], [ 11.885437, 5.219173 ], [ 11.885147, 5.220236 ], [ 11.883988, 5.221008 ], [ 11.882636, 5.221008 ], [ 11.881092, 5.221684 ], [ 11.880705, 5.222746 ], [ 11.879836, 5.223519 ], [ 11.879643, 5.226126 ], [ 11.87916, 5.228926 ], [ 11.878195, 5.229891 ], [ 11.877422, 5.229891 ], [ 11.87694, 5.229891 ], [ 11.876843, 5.230471 ], [ 11.877036, 5.23076 ], [ 11.877615, 5.231243 ], [ 11.877905, 5.233464 ], [ 11.879064, 5.234236 ], [ 11.879064, 5.236747 ], [ 11.880126, 5.238388 ], [ 11.880029, 5.240127 ], [ 11.878774, 5.240802 ], [ 11.877422, 5.242154 ], [ 11.875491, 5.242637 ], [ 11.87528, 5.242395 ], [ 11.87528, 5.242395 ], [ 11.875252, 5.242504 ], [ 11.874286, 5.242245 ], [ 11.873597, 5.242119 ], [ 11.873539, 5.242131 ], [ 11.872498, 5.243409 ], [ 11.871436, 5.245244 ], [ 11.871339, 5.246403 ], [ 11.871919, 5.247561 ], [ 11.872208, 5.248624 ], [ 11.872015, 5.249879 ], [ 11.870374, 5.250651 ], [ 11.868904, 5.250806 ], [ 11.868535, 5.25093 ], [ 11.868207, 5.250976 ], [ 11.867804, 5.251034 ], [ 11.867168, 5.251274 ], [ 11.866212, 5.251612 ], [ 11.866212, 5.251612 ], [ 11.865349, 5.251994 ], [ 11.864713, 5.252229 ], [ 11.864303, 5.25238 ], [ 11.863837, 5.252772 ], [ 11.863593, 5.252977 ], [ 11.863615, 5.253452 ], [ 11.863421, 5.257217 ], [ 11.863615, 5.258279 ], [ 11.863711, 5.261369 ], [ 11.862939, 5.264266 ], [ 11.863228, 5.26639 ], [ 11.863904, 5.267742 ], [ 11.866029, 5.269577 ], [ 11.866415, 5.270542 ], [ 11.865739, 5.271604 ], [ 11.865159, 5.272956 ], [ 11.865546, 5.274211 ], [ 11.865642, 5.274887 ], [ 11.864194, 5.275756 ], [ 11.862552, 5.277012 ], [ 11.862456, 5.280584 ], [ 11.86429, 5.282515 ], [ 11.864097, 5.283964 ], [ 11.862359, 5.286088 ], [ 11.860911, 5.287826 ], [ 11.860718, 5.289468 ], [ 11.859752, 5.290433 ], [ 11.85922, 5.290566 ], [ 11.859174, 5.290621 ], [ 11.858041, 5.291283 ], [ 11.858041, 5.291283 ], [ 11.857177, 5.291574 ], [ 11.85694, 5.291603 ], [ 11.856308, 5.291681 ], [ 11.856073, 5.291685 ], [ 11.855759, 5.29169 ], [ 11.854709, 5.291846 ], [ 11.854709, 5.291846 ], [ 11.853612, 5.292002 ], [ 11.852973, 5.292105 ], [ 11.85264, 5.292139 ], [ 11.852424, 5.292161 ], [ 11.851602, 5.292221 ], [ 11.851602, 5.292221 ], [ 11.851346, 5.292328 ], [ 11.850692, 5.292604 ], [ 11.849874, 5.292893 ], [ 11.849874, 5.292893 ], [ 11.849329, 5.293178 ], [ 11.84842, 5.293561 ], [ 11.84842, 5.293561 ], [ 11.847652, 5.294171 ], [ 11.847248, 5.294591 ], [ 11.846997, 5.2948 ], [ 11.846797, 5.294966 ], [ 11.846391, 5.295341 ], [ 11.845882, 5.295799 ], [ 11.845715, 5.295949 ], [ 11.844906, 5.296789 ], [ 11.844426, 5.297177 ], [ 11.844094, 5.297446 ], [ 11.843662, 5.297783 ], [ 11.843371, 5.29801 ], [ 11.843008, 5.298229 ], [ 11.842511, 5.298529 ], [ 11.842171, 5.298677 ], [ 11.841738, 5.298864 ], [ 11.841396, 5.298985 ], [ 11.841192, 5.299057 ], [ 11.840325, 5.29921 ], [ 11.839754, 5.299248 ], [ 11.83941, 5.299271 ], [ 11.838895, 5.29928 ], [ 11.838678, 5.299284 ], [ 11.838678, 5.299284 ], [ 11.837761, 5.299254 ], [ 11.837761, 5.299254 ], [ 11.83689, 5.299223 ], [ 11.835934, 5.299514 ], [ 11.835934, 5.299514 ], [ 11.835655, 5.299569 ], [ 11.835158, 5.299665 ], [ 11.834476, 5.299907 ], [ 11.833521, 5.300291 ], [ 11.833177, 5.300419 ], [ 11.832747, 5.300579 ], [ 11.832296, 5.300909 ], [ 11.832296, 5.300909 ], [ 11.831708, 5.301332 ], [ 11.830981, 5.301666 ], [ 11.830341, 5.301677 ], [ 11.829656, 5.301826 ], [ 11.828873, 5.301564 ], [ 11.828465, 5.301057 ], [ 11.828217, 5.300749 ], [ 11.827747, 5.300068 ], [ 11.827747, 5.300068 ], [ 11.827139, 5.299344 ], [ 11.827139, 5.299344 ], [ 11.826762, 5.298754 ], [ 11.826202, 5.298166 ], [ 11.825834, 5.297858 ], [ 11.825504, 5.297582 ], [ 11.824948, 5.297224 ], [ 11.824165, 5.296962 ], [ 11.824165, 5.296962 ], [ 11.824107, 5.296951 ], [ 11.823292, 5.296793 ], [ 11.822898, 5.296747 ], [ 11.822604, 5.296713 ], [ 11.822222, 5.296783 ], [ 11.822057, 5.296814 ], [ 11.822056, 5.296814 ], [ 11.821511, 5.297053 ], [ 11.821011, 5.297291 ], [ 11.819961, 5.297447 ], [ 11.819589, 5.297656 ], [ 11.819372, 5.297778 ], [ 11.818463, 5.298161 ], [ 11.817912, 5.298079 ], [ 11.81722, 5.297815 ], [ 11.816987, 5.297695 ], [ 11.816619, 5.297504 ], [ 11.81611, 5.297191 ], [ 11.815711, 5.297035 ], [ 11.815326, 5.296884 ], [ 11.814878, 5.297183 ], [ 11.814693, 5.297308 ], [ 11.814152, 5.297822 ], [ 11.813747, 5.298196 ], [ 11.813203, 5.298527 ], [ 11.812335, 5.298633 ], [ 11.811599, 5.298463 ], [ 11.810954, 5.298244 ], [ 11.810569, 5.297241 ], [ 11.810513, 5.296645 ], [ 11.810313, 5.296046 ], [ 11.810223, 5.295777 ], [ 11.809714, 5.29551 ], [ 11.808936, 5.295477 ], [ 11.808297, 5.295626 ], [ 11.806658, 5.296159 ], [ 11.806446, 5.296152 ], [ 11.805787, 5.296128 ], [ 11.805096, 5.295911 ], [ 11.805096, 5.295911 ], [ 11.804356, 5.295464 ], [ 11.804356, 5.295464 ], [ 11.804075, 5.295337 ], [ 11.803478, 5.295066 ], [ 11.802745, 5.294986 ], [ 11.80241, 5.295269 ], [ 11.802023, 5.295596 ], [ 11.801347, 5.29625 ], [ 11.801347, 5.29625 ], [ 11.800079, 5.296613 ], [ 11.7995, 5.29584 ], [ 11.798728, 5.294971 ], [ 11.798341, 5.294489 ], [ 11.797183, 5.293813 ], [ 11.796024, 5.294295 ], [ 11.796017, 5.294652 ], [ 11.795348, 5.294295 ], [ 11.794721, 5.294481 ], [ 11.794513, 5.294537 ], [ 11.794174, 5.294628 ], [ 11.793825, 5.294661 ], [ 11.79358, 5.294684 ], [ 11.792914, 5.294696 ], [ 11.792665, 5.2947 ], [ 11.792502, 5.294714 ], [ 11.792024, 5.294756 ], [ 11.790976, 5.295004 ], [ 11.790636, 5.295089 ], [ 11.790383, 5.295152 ], [ 11.789745, 5.295301 ], [ 11.789745, 5.295301 ], [ 11.789059, 5.295404 ], [ 11.78842, 5.295507 ], [ 11.78746, 5.295569 ], [ 11.78691, 5.295579 ], [ 11.786698, 5.295613 ], [ 11.786271, 5.295682 ], [ 11.785716, 5.295757 ], [ 11.785494, 5.295787 ], [ 11.785085, 5.295813 ], [ 11.784534, 5.295849 ], [ 11.783986, 5.29595 ], [ 11.783025, 5.296012 ], [ 11.781792, 5.296171 ], [ 11.78157, 5.296194 ], [ 11.781243, 5.296227 ], [ 11.78091, 5.29626 ], [ 11.780695, 5.296282 ], [ 11.780146, 5.296337 ], [ 11.780146, 5.296337 ], [ 11.77919, 5.296629 ], [ 11.779064, 5.296652 ], [ 11.778642, 5.29673 ], [ 11.778356, 5.296859 ], [ 11.778006, 5.297016 ], [ 11.777144, 5.297444 ], [ 11.777144, 5.297444 ], [ 11.776462, 5.297777 ], [ 11.77633, 5.297852 ], [ 11.775873, 5.298109 ], [ 11.775563, 5.298245 ], [ 11.775328, 5.298348 ], [ 11.774783, 5.298632 ], [ 11.773965, 5.298968 ], [ 11.773413, 5.299186 ], [ 11.773237, 5.299255 ], [ 11.772328, 5.299593 ], [ 11.771368, 5.299747 ], [ 11.770821, 5.299848 ], [ 11.770372, 5.299933 ], [ 11.769497, 5.3001 ], [ 11.769028, 5.300244 ], [ 11.768541, 5.300392 ], [ 11.767672, 5.300499 ], [ 11.766987, 5.300556 ], [ 11.766428, 5.300543 ], [ 11.766428, 5.300543 ], [ 11.766091, 5.300668 ], [ 11.76445, 5.300765 ], [ 11.762808, 5.300861 ], [ 11.761456, 5.300765 ], [ 11.760201, 5.300668 ], [ 11.759139, 5.300861 ], [ 11.758463, 5.30173 ], [ 11.758173, 5.303468 ], [ 11.757497, 5.305496 ], [ 11.756532, 5.306462 ], [ 11.755517, 5.307114 ], [ 11.755517, 5.307114 ], [ 11.755367, 5.307252 ], [ 11.755292, 5.307322 ], [ 11.755088, 5.307404 ], [ 11.753732, 5.30849 ], [ 11.752959, 5.309745 ], [ 11.752187, 5.311 ], [ 11.751607, 5.312352 ], [ 11.750449, 5.313317 ], [ 11.74929, 5.3138 ], [ 11.748131, 5.31409 ], [ 11.746973, 5.314283 ], [ 11.746465, 5.314227 ], [ 11.74612, 5.314319 ], [ 11.745572, 5.314375 ], [ 11.744977, 5.314431 ], [ 11.74443, 5.314578 ], [ 11.743699, 5.314682 ], [ 11.743468, 5.314725 ], [ 11.743151, 5.314783 ], [ 11.742886, 5.314832 ], [ 11.742603, 5.314885 ], [ 11.74201, 5.314987 ], [ 11.741141, 5.315047 ], [ 11.740501, 5.315104 ], [ 11.739817, 5.315253 ], [ 11.739817, 5.315253 ], [ 11.73927, 5.3154 ], [ 11.738491, 5.315413 ], [ 11.738052, 5.315449 ], [ 11.737759, 5.315472 ], [ 11.737028, 5.315576 ], [ 11.736641, 5.315557 ], [ 11.736341, 5.315542 ], [ 11.735965, 5.315577 ], [ 11.735747, 5.315598 ], [ 11.735152, 5.315654 ], [ 11.734417, 5.315621 ], [ 11.734417, 5.315621 ], [ 11.733961, 5.315628 ], [ 11.733559, 5.315568 ], [ 11.732489, 5.315828 ], [ 11.730847, 5.316118 ], [ 11.728434, 5.316407 ], [ 11.726502, 5.317566 ], [ 11.724764, 5.318918 ], [ 11.723509, 5.320366 ], [ 11.722833, 5.321621 ], [ 11.722157, 5.322877 ], [ 11.721288, 5.324035 ], [ 11.719454, 5.324711 ], [ 11.719332, 5.324727 ], [ 11.719067, 5.325291 ], [ 11.717909, 5.325966 ], [ 11.717136, 5.326835 ], [ 11.715205, 5.327415 ], [ 11.714788, 5.327439 ], [ 11.714072, 5.327813 ], [ 11.71339, 5.3281 ], [ 11.712661, 5.328297 ], [ 11.712113, 5.328398 ], [ 11.711473, 5.3285 ], [ 11.710325, 5.32829 ], [ 11.709494, 5.327937 ], [ 11.708525, 5.32754 ], [ 11.707971, 5.327274 ], [ 11.707508, 5.32696 ], [ 11.706811, 5.326421 ], [ 11.706208, 5.326018 ], [ 11.705652, 5.325661 ], [ 11.705051, 5.325303 ], [ 11.704405, 5.325039 ], [ 11.703255, 5.324737 ], [ 11.702433, 5.324888 ], [ 11.701661, 5.325269 ], [ 11.700797, 5.325605 ], [ 11.699841, 5.325942 ], [ 11.69861, 5.326239 ], [ 11.698017, 5.326433 ], [ 11.697103, 5.326494 ], [ 11.696553, 5.326504 ], [ 11.695498, 5.326383 ], [ 11.694854, 5.326257 ], [ 11.693847, 5.326274 ] ] ] ] } },
{ "type": "Feature", "properties": { "tg_type": "FON.AIRE_PROTEGEE", "nom": "Manyange na Elombo-Campo", "source_id": "17804A45-3293-42F4-8B6C-DA4E4F9BAC59", "source": "MINFOF_WRI_ATLAS_FORESTIER_SIG_2018", "statut": "IMPORTE", "date_source": "2015-12-21", "regime_tg": "AIRE_PROTEGEE", "categorie": "aire_protegee", "desc_type": "Parc national", "cat_uicn": "II", "wdpaid": 555548873.0, "statu_crea": "propose", "statu_amgt": "non_amenage", "date_prop": "2007-08-08", "date_crea": null, "date_amgt": null, "sup_adm_ha": 110300, "sup_sig_ha": 110300.0 }, "geometry": { "type": "MultiPolygon", "coordinates": [ [ [ [ 9.837678, 2.635316 ], [ 9.458133, 2.629499 ], [ 9.458061, 2.423647 ], [ 9.817757, 2.350202 ], [ 9.818917, 2.365681 ], [ 9.822222, 2.37291 ], [ 9.821725, 2.389565 ], [ 9.81981, 2.402911 ], [ 9.819355, 2.414624 ], [ 9.816945, 2.418591 ], [ 9.818674, 2.426942 ], [ 9.82373, 2.430501 ], [ 9.825663, 2.435368 ], [ 9.824836, 2.452791 ], [ 9.821769, 2.462629 ], [ 9.824289, 2.4719 ], [ 9.820945, 2.484829 ], [ 9.816404, 2.499392 ], [ 9.81447, 2.508612 ], [ 9.820714, 2.512968 ], [ 9.82374, 2.520479 ], [ 9.821536, 2.536816 ], [ 9.821757, 2.546089 ], [ 9.821551, 2.56014 ], [ 9.821757, 2.570776 ], [ 9.825191, 2.572502 ], [ 9.829906, 2.578961 ], [ 9.830234, 2.593232 ], [ 9.835828, 2.60453 ], [ 9.838101, 2.617124 ], [ 9.839624, 2.621883 ], [ 9.838477, 2.627502 ], [ 9.839339, 2.632828 ], [ 9.837678, 2.635316 ] ] ] ] } },
{ "type": "Feature", "properties": { "tg_type": "FON.AIRE_PROTEGEE", "nom": "Korup", "source_id": "59E05878-EE41-4CAC-92A7-633F9D67E7AB", "source": "MINFOF_WRI_ATLAS_FORESTIER_SIG_2018", "statut": "IMPORTE", "date_source": "2016-12-13", "regime_tg": "AIRE_PROTEGEE", "categorie": "aire_protegee", "desc_type": "Parc national", "cat_uicn": "II", "wdpaid": 20058.0, "statu_crea": "cree", "statu_amgt": "amenge", "date_prop": null, "date_crea": "1986-12-01", "date_amgt": null, "sup_adm_ha": 125900, "sup_sig_ha": 126144.0 }, "geometry": { "type": "MultiPolygon", "coordinates": [ [ [ [ 9.019084, 5.461076 ], [ 9.019025, 5.46098 ], [ 9.013333, 5.451731 ], [ 9.013293, 5.451741 ], [ 9.003578, 5.454032 ], [ 8.989591, 5.457331 ], [ 8.989579, 5.457257 ], [ 8.988219, 5.449138 ], [ 8.986892, 5.441219 ], [ 8.983074, 5.431532 ], [ 8.954005, 5.36305 ], [ 8.949854, 5.35327 ], [ 8.939, 5.337129 ], [ 8.926633, 5.319014 ], [ 8.924569, 5.318408 ], [ 8.922277, 5.317526 ], [ 8.919665, 5.316412 ], [ 8.917926, 5.315119 ], [ 8.917244, 5.313843 ], [ 8.917167, 5.313698 ], [ 8.916376, 5.312218 ], [ 8.91564, 5.312639 ], [ 8.91462, 5.313224 ], [ 8.914455, 5.313211 ], [ 8.913435, 5.313131 ], [ 8.912226, 5.313036 ], [ 8.910864, 5.312928 ], [ 8.910453, 5.312698 ], [ 8.897629, 5.305516 ], [ 8.896286, 5.30394 ], [ 8.894825, 5.29259 ], [ 8.893572, 5.291751 ], [ 8.892557, 5.292051 ], [ 8.890587, 5.289357 ], [ 8.889871, 5.288818 ], [ 8.889215, 5.286903 ], [ 8.886493, 5.285416 ], [ 8.88056, 5.282174 ], [ 8.880128, 5.282072 ], [ 8.876262, 5.281156 ], [ 8.871547, 5.278641 ], [ 8.86683, 5.274902 ], [ 8.866517, 5.274654 ], [ 8.86528, 5.273673 ], [ 8.864087, 5.270262 ], [ 8.861342, 5.266012 ], [ 8.858836, 5.262241 ], [ 8.858, 5.260924 ], [ 8.857383, 5.260868 ], [ 8.857344, 5.260864 ], [ 8.857322, 5.260814 ], [ 8.856688, 5.259368 ], [ 8.856986, 5.257992 ], [ 8.855972, 5.256615 ], [ 8.855734, 5.253862 ], [ 8.85449, 5.251367 ], [ 8.85472, 5.249134 ], [ 8.853798, 5.247806 ], [ 8.85307, 5.244855 ], [ 8.852931, 5.241833 ], [ 8.852215, 5.2389 ], [ 8.850962, 5.237224 ], [ 8.851023, 5.234352 ], [ 8.850784, 5.233574 ], [ 8.850785, 5.230881 ], [ 8.848517, 5.227469 ], [ 8.847981, 5.225434 ], [ 8.84625, 5.222621 ], [ 8.846012, 5.221305 ], [ 8.844461, 5.219748 ], [ 8.843447, 5.216352 ], [ 8.842612, 5.214362 ], [ 8.84112, 5.212746 ], [ 8.840285, 5.209992 ], [ 8.839032, 5.208197 ], [ 8.838495, 5.20676 ], [ 8.837481, 5.205324 ], [ 8.836884, 5.203229 ], [ 8.835756, 5.202786 ], [ 8.835512, 5.20269 ], [ 8.835444, 5.2026 ], [ 8.834259, 5.201014 ], [ 8.832588, 5.199159 ], [ 8.830619, 5.197363 ], [ 8.830261, 5.195687 ], [ 8.830261, 5.19455 ], [ 8.829187, 5.193353 ], [ 8.828274, 5.191289 ], [ 8.825966, 5.188564 ], [ 8.82561, 5.186726 ], [ 8.824116, 5.185572 ], [ 8.823985, 5.185684 ], [ 8.820534, 5.188623 ], [ 8.819818, 5.188263 ], [ 8.819822, 5.188241 ], [ 8.820023, 5.186976 ], [ 8.820237, 5.184553 ], [ 8.818851, 5.184361 ], [ 8.817447, 5.183442 ], [ 8.816625, 5.182757 ], [ 8.816172, 5.182378 ], [ 8.816112, 5.182021 ], [ 8.815995, 5.181321 ], [ 8.81605, 5.179899 ], [ 8.816101, 5.179073 ], [ 8.81606, 5.178292 ], [ 8.815244, 5.177047 ], [ 8.814246, 5.175757 ], [ 8.813746, 5.17511 ], [ 8.813065, 5.174372 ], [ 8.812475, 5.173496 ], [ 8.811796, 5.17239 ], [ 8.811297, 5.171606 ], [ 8.811126, 5.169861 ], [ 8.811225, 5.168669 ], [ 8.811277, 5.167614 ], [ 8.811006, 5.166877 ], [ 8.810599, 5.166232 ], [ 8.810102, 5.165311 ], [ 8.809741, 5.164482 ], [ 8.809425, 5.163654 ], [ 8.808837, 5.162686 ], [ 8.808204, 5.161535 ], [ 8.807521, 5.160888 ], [ 8.806517, 5.160514 ], [ 8.805727, 5.159966 ], [ 8.805515, 5.159819 ], [ 8.804943, 5.159266 ], [ 8.804605, 5.158941 ], [ 8.804112, 5.157469 ], [ 8.803708, 5.156044 ], [ 8.802613, 5.155532 ], [ 8.801976, 5.155023 ], [ 8.801705, 5.154286 ], [ 8.801076, 5.152584 ], [ 8.801081, 5.151816 ], [ 8.801082, 5.151621 ], [ 8.801052, 5.150652 ], [ 8.801044, 5.150382 ], [ 8.800824, 5.148911 ], [ 8.800697, 5.147258 ], [ 8.800292, 5.146291 ], [ 8.799431, 5.145001 ], [ 8.798709, 5.143435 ], [ 8.798073, 5.142697 ], [ 8.797574, 5.141959 ], [ 8.796577, 5.140438 ], [ 8.795898, 5.139333 ], [ 8.795584, 5.138366 ], [ 8.795405, 5.137539 ], [ 8.795408, 5.137092 ], [ 8.795412, 5.13653 ], [ 8.795494, 5.136346 ], [ 8.795922, 5.135385 ], [ 8.795974, 5.134513 ], [ 8.795796, 5.133595 ], [ 8.795706, 5.13341 ], [ 8.794659, 5.132669 ], [ 8.793884, 5.132022 ], [ 8.793158, 5.131053 ], [ 8.792341, 5.13013 ], [ 8.791797, 5.129391 ], [ 8.79148, 5.128701 ], [ 8.791942, 5.128061 ], [ 8.791993, 5.127282 ], [ 8.791678, 5.12627 ], [ 8.791226, 5.125441 ], [ 8.790409, 5.124426 ], [ 8.789637, 5.123457 ], [ 8.788545, 5.122624 ], [ 8.787813, 5.12259 ], [ 8.787401, 5.12257 ], [ 8.786709, 5.12232 ], [ 8.786625, 5.12229 ], [ 8.78627, 5.122228 ], [ 8.785254, 5.122051 ], [ 8.784611, 5.121677 ], [ 8.784389, 5.121403 ], [ 8.784309, 5.121193 ], [ 8.784311, 5.121114 ], [ 8.784352, 5.119979 ], [ 8.784568, 5.119375 ], [ 8.784577, 5.119349 ], [ 8.784678, 5.119063 ], [ 8.784683, 5.118238 ], [ 8.78428, 5.116995 ], [ 8.784198, 5.116674 ], [ 8.784048, 5.116081 ], [ 8.784012, 5.115939 ], [ 8.783929, 5.115812 ], [ 8.783378, 5.11497 ], [ 8.783061, 5.11428 ], [ 8.783041, 5.114217 ], [ 8.782702, 5.113176 ], [ 8.782476, 5.112519 ], [ 8.782433, 5.112394 ], [ 8.782416, 5.112171 ], [ 8.78239, 5.111843 ], [ 8.781525, 5.111149 ], [ 8.780569, 5.110454 ], [ 8.779517, 5.110493 ], [ 8.778239, 5.10998 ], [ 8.777008, 5.109237 ], [ 8.77587, 5.108358 ], [ 8.774821, 5.107754 ], [ 8.773777, 5.107398 ], [ 8.773725, 5.10738 ], [ 8.772948, 5.107329 ], [ 8.771989, 5.107138 ], [ 8.770892, 5.106948 ], [ 8.770158, 5.107218 ], [ 8.769016, 5.106935 ], [ 8.768909, 5.106841 ], [ 8.768333, 5.106334 ], [ 8.768019, 5.105597 ], [ 8.767152, 5.105225 ], [ 8.766873, 5.105252 ], [ 8.766282, 5.10531 ], [ 8.765356, 5.105044 ], [ 8.76514, 5.104982 ], [ 8.764273, 5.104746 ], [ 8.762814, 5.103956 ], [ 8.761489, 5.10358 ], [ 8.760714, 5.103024 ], [ 8.760307, 5.102379 ], [ 8.759115, 5.102692 ], [ 8.759041, 5.102762 ], [ 8.758333, 5.103421 ], [ 8.757554, 5.103692 ], [ 8.756593, 5.103731 ], [ 8.755543, 5.103311 ], [ 8.754266, 5.102706 ], [ 8.753127, 5.101964 ], [ 8.752079, 5.101269 ], [ 8.751303, 5.100988 ], [ 8.750527, 5.100845 ], [ 8.7492, 5.100836 ], [ 8.748515, 5.100464 ], [ 8.747606, 5.099587 ], [ 8.74728, 5.099189 ], [ 8.746925, 5.098756 ], [ 8.745969, 5.097969 ], [ 8.745654, 5.097233 ], [ 8.746163, 5.096272 ], [ 8.746169, 5.095355 ], [ 8.745758, 5.094937 ], [ 8.745623, 5.0948 ], [ 8.744805, 5.093923 ], [ 8.744871, 5.093381 ], [ 8.744999, 5.092317 ], [ 8.744687, 5.09103 ], [ 8.744235, 5.09011 ], [ 8.744213, 5.090065 ], [ 8.743784, 5.089189 ], [ 8.743422, 5.088451 ], [ 8.743061, 5.087623 ], [ 8.742934, 5.087326 ], [ 8.742431, 5.086151 ], [ 8.742207, 5.085277 ], [ 8.742259, 5.08436 ], [ 8.741872, 5.084019 ], [ 8.741809, 5.083964 ], [ 8.741576, 5.083758 ], [ 8.740892, 5.083387 ], [ 8.740359, 5.083509 ], [ 8.740113, 5.083565 ], [ 8.739016, 5.083511 ], [ 8.738102, 5.083414 ], [ 8.738067, 5.08337 ], [ 8.73733, 5.082445 ], [ 8.736467, 5.081338 ], [ 8.735877, 5.080691 ], [ 8.735503, 5.08059 ], [ 8.734827, 5.080409 ], [ 8.733827, 5.079346 ], [ 8.73371, 5.079056 ], [ 8.733287, 5.078011 ], [ 8.732331, 5.077178 ], [ 8.731787, 5.076395 ], [ 8.73115, 5.075932 ], [ 8.730419, 5.075652 ], [ 8.730374, 5.075729 ], [ 8.729772, 5.076749 ], [ 8.729267, 5.077021 ], [ 8.728967, 5.076503 ], [ 8.728679, 5.076007 ], [ 8.728136, 5.075086 ], [ 8.727362, 5.074437 ], [ 8.726543, 5.073698 ], [ 8.726001, 5.072639 ], [ 8.725828, 5.071077 ], [ 8.725834, 5.070113 ], [ 8.725659, 5.068919 ], [ 8.725619, 5.067955 ], [ 8.72549, 5.066807 ], [ 8.725316, 5.065291 ], [ 8.724962, 5.063361 ], [ 8.724373, 5.062531 ], [ 8.723506, 5.062112 ], [ 8.722412, 5.061462 ], [ 8.721795, 5.060876 ], [ 8.72173, 5.060815 ], [ 8.720906, 5.060855 ], [ 8.721001, 5.060305 ], [ 8.720595, 5.059385 ], [ 8.720011, 5.05782 ], [ 8.719695, 5.05713 ], [ 8.719427, 5.056118 ], [ 8.719158, 5.055244 ], [ 8.718964, 5.05407 ], [ 8.718938, 5.053913 ], [ 8.718869, 5.053643 ], [ 8.718715, 5.053039 ], [ 8.718783, 5.05278 ], [ 8.719043, 5.051801 ], [ 8.719778, 5.050862 ], [ 8.719828, 5.050798 ], [ 8.720438, 5.049763 ], [ 8.720465, 5.049716 ], [ 8.720474, 5.0497 ], [ 8.721122, 5.048649 ], [ 8.721402, 5.047778 ], [ 8.721727, 5.047001 ], [ 8.722004, 5.04659 ], [ 8.721929, 5.046152 ], [ 8.721784, 5.045303 ], [ 8.721927, 5.044432 ], [ 8.722111, 5.044322 ], [ 8.722385, 5.044159 ], [ 8.722573, 5.043335 ], [ 8.722689, 5.043054 ], [ 8.722728, 5.04296 ], [ 8.723084, 5.042099 ], [ 8.723085, 5.042053 ], [ 8.723046, 5.040951 ], [ 8.722737, 5.040507 ], [ 8.722458, 5.040107 ], [ 8.722276, 5.039845 ], [ 8.722151, 5.039755 ], [ 8.721319, 5.039151 ], [ 8.720863, 5.038963 ], [ 8.720509, 5.038512 ], [ 8.720138, 5.038041 ], [ 8.719729, 5.037396 ], [ 8.719232, 5.036612 ], [ 8.718966, 5.035279 ], [ 8.718742, 5.034451 ], [ 8.718611, 5.033486 ], [ 8.718387, 5.032796 ], [ 8.7183, 5.032062 ], [ 8.718169, 5.031143 ], [ 8.717902, 5.029948 ], [ 8.717633, 5.029074 ], [ 8.71774, 5.02885 ], [ 8.719615, 5.024919 ], [ 8.723313, 5.022354 ], [ 8.726239, 5.022302 ], [ 8.726705, 5.022293 ], [ 8.72932, 5.021754 ], [ 8.731658, 5.021168 ], [ 8.734179, 5.021042 ], [ 8.734169, 5.020938 ], [ 8.733976, 5.01908 ], [ 8.733266, 5.017226 ], [ 8.734475, 5.015373 ], [ 8.735832, 5.014081 ], [ 8.735895, 5.014021 ], [ 8.737781, 5.012146 ], [ 8.737819, 5.011961 ], [ 8.7386, 5.008174 ], [ 8.740804, 5.006322 ], [ 8.743182, 5.005221 ], [ 8.743447, 5.005098 ], [ 8.74345, 5.004988 ], [ 8.743507, 5.002259 ], [ 8.742513, 5.00012 ], [ 8.734769, 4.990636 ], [ 8.737173, 4.988957 ], [ 8.752057, 4.97856 ], [ 8.751391, 4.976811 ], [ 8.750767, 4.975173 ], [ 8.751594, 4.972485 ], [ 8.751594, 4.972482 ], [ 8.751594, 4.972481 ], [ 8.749774, 4.970539 ], [ 8.748668, 4.967588 ], [ 8.745369, 4.96626 ], [ 8.745357, 4.964479 ], [ 8.744462, 4.962406 ], [ 8.743826, 4.961849 ], [ 8.743373, 4.961477 ], [ 8.742918, 4.961151 ], [ 8.742419, 4.960779 ], [ 8.741506, 4.960449 ], [ 8.740963, 4.959893 ], [ 8.738833, 4.959057 ], [ 8.738509, 4.957968 ], [ 8.738015, 4.956232 ], [ 8.735203, 4.946345 ], [ 8.734696, 4.944561 ], [ 8.734045, 4.94438 ], [ 8.733229, 4.944153 ], [ 8.733546, 4.943534 ], [ 8.734576, 4.941519 ], [ 8.735856, 4.939666 ], [ 8.735281, 4.937315 ], [ 8.73457, 4.935918 ], [ 8.734749, 4.935134 ], [ 8.735769, 4.93435 ], [ 8.735857, 4.934282 ], [ 8.736413, 4.933599 ], [ 8.736644, 4.933326 ], [ 8.736923, 4.932962 ], [ 8.736946, 4.932938 ], [ 8.73902, 4.932404 ], [ 8.774126, 4.932008 ], [ 8.77551, 4.930651 ], [ 8.776537, 4.929644 ], [ 8.776537, 4.929644 ], [ 8.776721, 4.929514 ], [ 8.777182, 4.929191 ], [ 8.777873, 4.928693 ], [ 8.778796, 4.927876 ], [ 8.780651, 4.928277 ], [ 8.782862, 4.928603 ], [ 8.786012, 4.9287 ], [ 8.786851, 4.927727 ], [ 8.786993, 4.927224 ], [ 8.787275, 4.926538 ], [ 8.787464, 4.925944 ], [ 8.787559, 4.92544 ], [ 8.787611, 4.924844 ], [ 8.787803, 4.923928 ], [ 8.787899, 4.923378 ], [ 8.78786, 4.922781 ], [ 8.787958, 4.922095 ], [ 8.787875, 4.921222 ], [ 8.787848, 4.920592 ], [ 8.787848, 4.920592 ], [ 8.787837, 4.92035 ], [ 8.787662, 4.919522 ], [ 8.787486, 4.918877 ], [ 8.787308, 4.91837 ], [ 8.78713, 4.917773 ], [ 8.787089, 4.917221 ], [ 8.786913, 4.916486 ], [ 8.786876, 4.915705 ], [ 8.786881, 4.915154 ], [ 8.788212, 4.914338 ], [ 8.788958, 4.913202 ], [ 8.78965, 4.912704 ], [ 8.79025, 4.91216 ], [ 8.790851, 4.911431 ], [ 8.791268, 4.911023 ], [ 8.791777, 4.91034 ], [ 8.792148, 4.909885 ], [ 8.79275, 4.909157 ], [ 8.793306, 4.908474 ], [ 8.79377, 4.90779 ], [ 8.794188, 4.90706 ], [ 8.794423, 4.90642 ], [ 8.794613, 4.905641 ], [ 8.794713, 4.904863 ], [ 8.794858, 4.903992 ], [ 8.794957, 4.903213 ], [ 8.794962, 4.902707 ], [ 8.795018, 4.901653 ], [ 8.79507, 4.900966 ], [ 8.795259, 4.900325 ], [ 8.795631, 4.899778 ], [ 8.796141, 4.899141 ], [ 8.796605, 4.898458 ], [ 8.797022, 4.897819 ], [ 8.79719, 4.89737 ], [ 8.797211, 4.897316 ], [ 8.797579, 4.896638 ], [ 8.797583, 4.896631 ], [ 8.797818, 4.896037 ], [ 8.798101, 4.895167 ], [ 8.798692, 4.895587 ], [ 8.799193, 4.895776 ], [ 8.799741, 4.895827 ], [ 8.800519, 4.895835 ], [ 8.801159, 4.895887 ], [ 8.801801, 4.89571 ], [ 8.802537, 4.895396 ], [ 8.803272, 4.895128 ], [ 8.80387, 4.894766 ], [ 8.80456, 4.894407 ], [ 8.805112, 4.894137 ], [ 8.805526, 4.893819 ], [ 8.806172, 4.893275 ], [ 8.806726, 4.892822 ], [ 8.807188, 4.892414 ], [ 8.807693, 4.892098 ], [ 8.808153, 4.891872 ], [ 8.808837, 4.892062 ], [ 8.809105, 4.892754 ], [ 8.809145, 4.893397 ], [ 8.809276, 4.894087 ], [ 8.809682, 4.894686 ], [ 8.810318, 4.89506 ], [ 8.810911, 4.895342 ], [ 8.811641, 4.895532 ], [ 8.813149, 4.895823 ], [ 8.813651, 4.89592 ], [ 8.814383, 4.895972 ], [ 8.815297, 4.896028 ], [ 8.8158, 4.896033 ], [ 8.816349, 4.896084 ], [ 8.817146, 4.896181 ], [ 8.816921, 4.898182 ], [ 8.815181, 4.901587 ], [ 8.831459, 4.92384 ], [ 8.831784, 4.924285 ], [ 8.82284, 4.933252 ], [ 8.806265, 4.949868 ], [ 8.817275, 4.960917 ], [ 8.817743, 4.961387 ], [ 8.818835, 4.960292 ], [ 8.839434, 4.939641 ], [ 8.841902, 4.941604 ], [ 8.842174, 4.941821 ], [ 8.841289, 4.942993 ], [ 8.839798, 4.944969 ], [ 8.842885, 4.947888 ], [ 8.846383, 4.951195 ], [ 8.851645, 4.947142 ], [ 8.852095, 4.947972 ], [ 8.85241, 4.948434 ], [ 8.85291, 4.948805 ], [ 8.853546, 4.949317 ], [ 8.853907, 4.949918 ], [ 8.854129, 4.950608 ], [ 8.854353, 4.951069 ], [ 8.85462, 4.951806 ], [ 8.854981, 4.952497 ], [ 8.855341, 4.953098 ], [ 8.855563, 4.953743 ], [ 8.855563, 4.953828 ], [ 8.855562, 4.953919 ], [ 8.855558, 4.954293 ], [ 8.85537, 4.954842 ], [ 8.855089, 4.955528 ], [ 8.854854, 4.956122 ], [ 8.854481, 4.956806 ], [ 8.854248, 4.957263 ], [ 8.853969, 4.957811 ], [ 8.853642, 4.958495 ], [ 8.853362, 4.959044 ], [ 8.853219, 4.959639 ], [ 8.852937, 4.96037 ], [ 8.85256, 4.961605 ], [ 8.852532, 4.962112 ], [ 8.852508, 4.962548 ], [ 8.852504, 4.962615 ], [ 8.852587, 4.963479 ], [ 8.852587, 4.963487 ], [ 8.852584, 4.963893 ], [ 8.852583, 4.963992 ], [ 8.852668, 4.964635 ], [ 8.852892, 4.965143 ], [ 8.853115, 4.965742 ], [ 8.85343, 4.966341 ], [ 8.853744, 4.966894 ], [ 8.854106, 4.967357 ], [ 8.854512, 4.968004 ], [ 8.854781, 4.968602 ], [ 8.855097, 4.969064 ], [ 8.855365, 4.969755 ], [ 8.855588, 4.970355 ], [ 8.855623, 4.970959 ], [ 8.855628, 4.971043 ], [ 8.855511, 4.971526 ], [ 8.855485, 4.971637 ], [ 8.855203, 4.972278 ], [ 8.854878, 4.972825 ], [ 8.854416, 4.973372 ], [ 8.853677, 4.973915 ], [ 8.852298, 4.974635 ], [ 8.851791, 4.974952 ], [ 8.851285, 4.975359 ], [ 8.850823, 4.975767 ], [ 8.849991, 4.976631 ], [ 8.849849, 4.977135 ], [ 8.849798, 4.977684 ], [ 8.849747, 4.978235 ], [ 8.84974, 4.978326 ], [ 8.8497, 4.978856 ], [ 8.849694, 4.978923 ], [ 8.849865, 4.980163 ], [ 8.850133, 4.9809 ], [ 8.850759, 4.982466 ], [ 8.851617, 4.983669 ], [ 8.851979, 4.984085 ], [ 8.852432, 4.984595 ], [ 8.852839, 4.985011 ], [ 8.853156, 4.985427 ], [ 8.853564, 4.985844 ], [ 8.853926, 4.986307 ], [ 8.854241, 4.98686 ], [ 8.854509, 4.98746 ], [ 8.854685, 4.988196 ], [ 8.854909, 4.988749 ], [ 8.855133, 4.989256 ], [ 8.85554, 4.989764 ], [ 8.856037, 4.990458 ], [ 8.856351, 4.991149 ], [ 8.856482, 4.991839 ], [ 8.856612, 4.992528 ], [ 8.85697, 4.993404 ], [ 8.856873, 4.993999 ], [ 8.856957, 4.994735 ], [ 8.857228, 4.995197 ], [ 8.857679, 4.995889 ], [ 8.85804, 4.996351 ], [ 8.858448, 4.996815 ], [ 8.858901, 4.997278 ], [ 8.858937, 4.997324 ], [ 8.859263, 4.99774 ], [ 8.859625, 4.998156 ], [ 8.860031, 4.998757 ], [ 8.860259, 5.000272 ], [ 8.860261, 5.00028 ], [ 8.860664, 5.001568 ], [ 8.860799, 5.00174 ], [ 8.861209, 5.00226 ], [ 8.86189, 5.003182 ], [ 8.862296, 5.004057 ], [ 8.862794, 5.004932 ], [ 8.863523, 5.005166 ], [ 8.86421, 5.005217 ], [ 8.865171, 5.005269 ], [ 8.866134, 5.004771 ], [ 8.866686, 5.004315 ], [ 8.868017, 5.003452 ], [ 8.869387, 5.003736 ], [ 8.86998, 5.004153 ], [ 8.870334, 5.005241 ], [ 8.870339, 5.005257 ], [ 8.870288, 5.006174 ], [ 8.870233, 5.007735 ], [ 8.87018, 5.008744 ], [ 8.869991, 5.009845 ], [ 8.869803, 5.010578 ], [ 8.86952, 5.011998 ], [ 8.869194, 5.01296 ], [ 8.869149, 5.013741 ], [ 8.869143, 5.013831 ], [ 8.869458, 5.014705 ], [ 8.869909, 5.015765 ], [ 8.870224, 5.016501 ], [ 8.870539, 5.017375 ], [ 8.870898, 5.018524 ], [ 8.871166, 5.019535 ], [ 8.871752, 5.0211 ], [ 8.871701, 5.021834 ], [ 8.871925, 5.02257 ], [ 8.872195, 5.023306 ], [ 8.872607, 5.024069 ], [ 8.872693, 5.024227 ], [ 8.873145, 5.025056 ], [ 8.873507, 5.025839 ], [ 8.87405, 5.026714 ], [ 8.874868, 5.027637 ], [ 8.875366, 5.028467 ], [ 8.876094, 5.02916 ], [ 8.876871, 5.029211 ], [ 8.878013, 5.029448 ], [ 8.878837, 5.029453 ], [ 8.879842, 5.029551 ], [ 8.880661, 5.030199 ], [ 8.881115, 5.03089 ], [ 8.881382, 5.031994 ], [ 8.881972, 5.032778 ], [ 8.883206, 5.033061 ], [ 8.884393, 5.033436 ], [ 8.885304, 5.033992 ], [ 8.886122, 5.035007 ], [ 8.886482, 5.035836 ], [ 8.886753, 5.036526 ], [ 8.887023, 5.037171 ], [ 8.887748, 5.038369 ], [ 8.888104, 5.03984 ], [ 8.888235, 5.040896 ], [ 8.888361, 5.041544 ], [ 8.888369, 5.041586 ], [ 8.888272, 5.042319 ], [ 8.888268, 5.042997 ], [ 8.888268, 5.043099 ], [ 8.888537, 5.043881 ], [ 8.888748, 5.044975 ], [ 8.888759, 5.04503 ], [ 8.888571, 5.045901 ], [ 8.888428, 5.046818 ], [ 8.888275, 5.04695 ], [ 8.888061, 5.047136 ], [ 8.887917, 5.048008 ], [ 8.887912, 5.04888 ], [ 8.888137, 5.049569 ], [ 8.88836, 5.050397 ], [ 8.888447, 5.051224 ], [ 8.888578, 5.052143 ], [ 8.888756, 5.052967 ], [ 8.888757, 5.05297 ], [ 8.888752, 5.053658 ], [ 8.888613, 5.054508 ], [ 8.88861, 5.05453 ], [ 8.888649, 5.055433 ], [ 8.88865, 5.055447 ], [ 8.888644, 5.056274 ], [ 8.888593, 5.057283 ], [ 8.888586, 5.058338 ], [ 8.888582, 5.059027 ], [ 8.888392, 5.060265 ], [ 8.88811, 5.061319 ], [ 8.888013, 5.062282 ], [ 8.887921, 5.062664 ], [ 8.887818, 5.063097 ], [ 8.887684, 5.063656 ], [ 8.887635, 5.064816 ], [ 8.887632, 5.064896 ], [ 8.887796, 5.06607 ], [ 8.887817, 5.066225 ], [ 8.88785, 5.066458 ], [ 8.887982, 5.067193 ], [ 8.888388, 5.068388 ], [ 8.888702, 5.06917 ], [ 8.888781, 5.06946 ], [ 8.888926, 5.069998 ], [ 8.889151, 5.07078 ], [ 8.889283, 5.071466 ], [ 8.889283, 5.071469 ], [ 8.889279, 5.072158 ], [ 8.889011, 5.073335 ], [ 8.888997, 5.073395 ], [ 8.889234, 5.074164 ], [ 8.889266, 5.074269 ], [ 8.889129, 5.074268 ], [ 8.888485, 5.074906 ], [ 8.888207, 5.075593 ], [ 8.888028, 5.076374 ], [ 8.888018, 5.076418 ], [ 8.888194, 5.077474 ], [ 8.888554, 5.078624 ], [ 8.888824, 5.079406 ], [ 8.889002, 5.080096 ], [ 8.889042, 5.080821 ], [ 8.889043, 5.08083 ], [ 8.889036, 5.082023 ], [ 8.888805, 5.082343 ], [ 8.88857, 5.083443 ], [ 8.888523, 5.084231 ], [ 8.888518, 5.084315 ], [ 8.888736, 5.085255 ], [ 8.888741, 5.08528 ], [ 8.888692, 5.085968 ], [ 8.888685, 5.086932 ], [ 8.88859, 5.08762 ], [ 8.888264, 5.088536 ], [ 8.888075, 5.08959 ], [ 8.887793, 5.090735 ], [ 8.88751, 5.092065 ], [ 8.887463, 5.09275 ], [ 8.88746, 5.092799 ], [ 8.887497, 5.093418 ], [ 8.887502, 5.093487 ], [ 8.887405, 5.094267 ], [ 8.88717, 5.095367 ], [ 8.886935, 5.096329 ], [ 8.886611, 5.097061 ], [ 8.886331, 5.097748 ], [ 8.886099, 5.098435 ], [ 8.885635, 5.099396 ], [ 8.88532, 5.101017 ], [ 8.885305, 5.101091 ], [ 8.885621, 5.101736 ], [ 8.886074, 5.102427 ], [ 8.886529, 5.102981 ], [ 8.887484, 5.103722 ], [ 8.888306, 5.103956 ], [ 8.888991, 5.104144 ], [ 8.889722, 5.104379 ], [ 8.890544, 5.104659 ], [ 8.891364, 5.105215 ], [ 8.892551, 5.105636 ], [ 8.893144, 5.106099 ], [ 8.893781, 5.106654 ], [ 8.894556, 5.107026 ], [ 8.894926, 5.107739 ], [ 8.894962, 5.107809 ], [ 8.894135, 5.108584 ], [ 8.893399, 5.109176 ], [ 8.892664, 5.10963 ], [ 8.892383, 5.110775 ], [ 8.891785, 5.111369 ], [ 8.89132, 5.112421 ], [ 8.890949, 5.113244 ], [ 8.890716, 5.113977 ], [ 8.890392, 5.115109 ], [ 8.890388, 5.115122 ], [ 8.890429, 5.11604 ], [ 8.890515, 5.116822 ], [ 8.890645, 5.118015 ], [ 8.890683, 5.119209 ], [ 8.891026, 5.120127 ], [ 8.891044, 5.120175 ], [ 8.890764, 5.121045 ], [ 8.890623, 5.121777 ], [ 8.890622, 5.121779 ], [ 8.890427, 5.123606 ], [ 8.891344, 5.125732 ], [ 8.895526, 5.125273 ], [ 8.897818, 5.123033 ], [ 8.898621, 5.12108 ], [ 8.899365, 5.121769 ], [ 8.900511, 5.124929 ], [ 8.902172, 5.12717 ], [ 8.904979, 5.125275 ], [ 8.906813, 5.124471 ], [ 8.908589, 5.124701 ], [ 8.909343, 5.125306 ], [ 8.90966, 5.12556 ], [ 8.91088, 5.126539 ], [ 8.913459, 5.125391 ], [ 8.914891, 5.125678 ], [ 8.916495, 5.124989 ], [ 8.91631, 5.121848 ], [ 8.917399, 5.120438 ], [ 8.922115, 5.119029 ], [ 8.922796, 5.115755 ], [ 8.923521, 5.114982 ], [ 8.926061, 5.115437 ], [ 8.928328, 5.120258 ], [ 8.93064, 5.126442 ], [ 8.931792, 5.132132 ], [ 8.931913, 5.132731 ], [ 8.932128, 5.133792 ], [ 8.934085, 5.134037 ], [ 8.935863, 5.133711 ], [ 8.937078, 5.136584 ], [ 8.937715, 5.140566 ], [ 8.938075, 5.142814 ], [ 8.938214, 5.145205 ], [ 8.938269, 5.146138 ], [ 8.939662, 5.14677 ], [ 8.943925, 5.146725 ], [ 8.945648, 5.145997 ], [ 8.945966, 5.146589 ], [ 8.945933, 5.14672 ], [ 8.94552, 5.148364 ], [ 8.945662, 5.1485 ], [ 8.946374, 5.149181 ], [ 8.949276, 5.148726 ], [ 8.950319, 5.146316 ], [ 8.954448, 5.146578 ], [ 8.954627, 5.146589 ], [ 8.953675, 5.151637 ], [ 8.952531, 5.152985 ], [ 8.9514, 5.154318 ], [ 8.949547, 5.156502 ], [ 8.949624, 5.157662 ], [ 8.949638, 5.157866 ], [ 8.950726, 5.158458 ], [ 8.949597, 5.159787 ], [ 8.949766, 5.160198 ], [ 8.949906, 5.160538 ], [ 8.950237, 5.161341 ], [ 8.950454, 5.161868 ], [ 8.950683, 5.162056 ], [ 8.952449, 5.163505 ], [ 8.953374, 5.165265 ], [ 8.954052, 5.16565 ], [ 8.954262, 5.165769 ], [ 8.95644, 5.167007 ], [ 8.956285, 5.168153 ], [ 8.956126, 5.169325 ], [ 8.95653, 5.171327 ], [ 8.95641, 5.171411 ], [ 8.953908, 5.173158 ], [ 8.953846, 5.173421 ], [ 8.953355, 5.17551 ], [ 8.95263, 5.17792 ], [ 8.952499, 5.178934 ], [ 8.952486, 5.179037 ], [ 8.956231, 5.178944 ], [ 8.95875, 5.180517 ], [ 8.960901, 5.182318 ], [ 8.963008, 5.183796 ], [ 8.966309, 5.184729 ], [ 8.969382, 5.184467 ], [ 8.973236, 5.184437 ], [ 8.97562, 5.184906 ], [ 8.97782, 5.185604 ], [ 8.987979, 5.186742 ], [ 8.988049, 5.18675 ], [ 8.986529, 5.188857 ], [ 8.984735, 5.190778 ], [ 8.983604, 5.19285 ], [ 8.983583, 5.192888 ], [ 8.98422, 5.194957 ], [ 8.986053, 5.196251 ], [ 8.988253, 5.19672 ], [ 8.991235, 5.196916 ], [ 8.993482, 5.197293 ], [ 8.99706, 5.197676 ], [ 9.000317, 5.197965 ], [ 9.003438, 5.19761 ], [ 9.006104, 5.195922 ], [ 9.007942, 5.194598 ], [ 9.010978, 5.1919 ], [ 9.013824, 5.191407 ], [ 9.016072, 5.191416 ], [ 9.018128, 5.19312 ], [ 9.018133, 5.193124 ], [ 9.018036, 5.195145 ], [ 9.01745, 5.19707 ], [ 9.017435, 5.197118 ], [ 9.017963, 5.199169 ], [ 9.01798, 5.199233 ], [ 9.017102, 5.201388 ], [ 9.014964, 5.202516 ], [ 9.014943, 5.202527 ], [ 9.015443, 5.204735 ], [ 9.017458, 5.206351 ], [ 9.020434, 5.208752 ], [ 9.023412, 5.210693 ], [ 9.031937, 5.215138 ], [ 9.034694, 5.215037 ], [ 9.035015, 5.214516 ], [ 9.034805, 5.214864 ], [ 9.03534, 5.214032 ], [ 9.035849, 5.213163 ], [ 9.036449, 5.212203 ], [ 9.037232, 5.211381 ], [ 9.037784, 5.210742 ], [ 9.084437, 5.199576 ], [ 9.113994, 5.192501 ], [ 9.227567, 5.165317 ], [ 9.227569, 5.165317 ], [ 9.227567, 5.165321 ], [ 9.227289, 5.166142 ], [ 9.226919, 5.167011 ], [ 9.226548, 5.167836 ], [ 9.226422, 5.168725 ], [ 9.226405, 5.168844 ], [ 9.225944, 5.169621 ], [ 9.225209, 5.169938 ], [ 9.225168, 5.169945 ], [ 9.224385, 5.170071 ], [ 9.224014, 5.170987 ], [ 9.22378, 5.171903 ], [ 9.223774, 5.173096 ], [ 9.223993, 5.174612 ], [ 9.224034, 5.175622 ], [ 9.224486, 5.176726 ], [ 9.224938, 5.1776 ], [ 9.225346, 5.178383 ], [ 9.22589, 5.179075 ], [ 9.226433, 5.180226 ], [ 9.227207, 5.180965 ], [ 9.227843, 5.181703 ], [ 9.228617, 5.182442 ], [ 9.228879, 5.1846 ], [ 9.229421, 5.185888 ], [ 9.230286, 5.186766 ], [ 9.231156, 5.186725 ], [ 9.232348, 5.186181 ], [ 9.23336, 5.185132 ], [ 9.233641, 5.183986 ], [ 9.233966, 5.183208 ], [ 9.234931, 5.182571 ], [ 9.235707, 5.182989 ], [ 9.236341, 5.184002 ], [ 9.2366, 5.185016 ], [ 9.236611, 5.18506 ], [ 9.236468, 5.185839 ], [ 9.236188, 5.186847 ], [ 9.235772, 5.187578 ], [ 9.23508, 5.188584 ], [ 9.234916, 5.18912 ], [ 9.234895, 5.18919 ], [ 9.23466, 5.189958 ], [ 9.234206, 5.190767 ], [ 9.234197, 5.190782 ], [ 9.234285, 5.191746 ], [ 9.234693, 5.192436 ], [ 9.235514, 5.192992 ], [ 9.236651, 5.19401 ], [ 9.237881, 5.195118 ], [ 9.239208, 5.195171 ], [ 9.240169, 5.19504 ], [ 9.240992, 5.194999 ], [ 9.242866, 5.195468 ], [ 9.243152, 5.195637 ], [ 9.24428, 5.196304 ], [ 9.244824, 5.197041 ], [ 9.245231, 5.198099 ], [ 9.245253, 5.198151 ], [ 9.245637, 5.199065 ], [ 9.245997, 5.200169 ], [ 9.24622, 5.200996 ], [ 9.246625, 5.202329 ], [ 9.247399, 5.203068 ], [ 9.248269, 5.20289 ], [ 9.2496, 5.202438 ], [ 9.250426, 5.201801 ], [ 9.251071, 5.20107 ], [ 9.252125, 5.200893 ], [ 9.252946, 5.201173 ], [ 9.253999, 5.201271 ], [ 9.254778, 5.201092 ], [ 9.255785, 5.200869 ], [ 9.25688, 5.201472 ], [ 9.258159, 5.201846 ], [ 9.259442, 5.201671 ], [ 9.260309, 5.201767 ], [ 9.261213, 5.202509 ], [ 9.261267, 5.202553 ], [ 9.260484, 5.203421 ], [ 9.259653, 5.204655 ], [ 9.259237, 5.205433 ], [ 9.259002, 5.206578 ], [ 9.257949, 5.206802 ], [ 9.257107, 5.207107 ], [ 9.257077, 5.207118 ], [ 9.257482, 5.208406 ], [ 9.258208, 5.209603 ], [ 9.258615, 5.210477 ], [ 9.259437, 5.210574 ], [ 9.260397, 5.210717 ], [ 9.26145, 5.21077 ], [ 9.262729, 5.210915 ], [ 9.262801, 5.211031 ], [ 9.263184, 5.211652 ], [ 9.262586, 5.212153 ], [ 9.261806, 5.212516 ], [ 9.26075, 5.213244 ], [ 9.259647, 5.214018 ], [ 9.259002, 5.214886 ], [ 9.258722, 5.215847 ], [ 9.25863, 5.217119 ], [ 9.258623, 5.217224 ], [ 9.259534, 5.217964 ], [ 9.260218, 5.218381 ], [ 9.261447, 5.219444 ], [ 9.261947, 5.220089 ], [ 9.262448, 5.220734 ], [ 9.262993, 5.221334 ], [ 9.263629, 5.222119 ], [ 9.264218, 5.223132 ], [ 9.265224, 5.224364 ], [ 9.26531, 5.224469 ], [ 9.264266, 5.225817 ], [ 9.264249, 5.22584 ], [ 9.26351, 5.226983 ], [ 9.262777, 5.227207 ], [ 9.261589, 5.226788 ], [ 9.260722, 5.226507 ], [ 9.259944, 5.226502 ], [ 9.25857, 5.22677 ], [ 9.258467, 5.22705 ], [ 9.258364, 5.227328 ], [ 9.258202, 5.227767 ], [ 9.258198, 5.227777 ], [ 9.258, 5.228425 ], [ 9.257918, 5.228694 ], [ 9.257044, 5.229514 ], [ 9.255806, 5.230104 ], [ 9.254294, 5.230645 ], [ 9.252966, 5.230776 ], [ 9.251456, 5.230675 ], [ 9.250174, 5.230713 ], [ 9.249075, 5.23089 ], [ 9.24802, 5.23125 ], [ 9.246968, 5.231245 ], [ 9.245551, 5.230869 ], [ 9.244225, 5.230907 ], [ 9.242988, 5.231129 ], [ 9.24189, 5.231076 ], [ 9.240976, 5.230842 ], [ 9.240202, 5.230195 ], [ 9.23837, 5.230459 ], [ 9.237772, 5.231098 ], [ 9.237219, 5.231645 ], [ 9.235981, 5.232052 ], [ 9.234789, 5.232412 ], [ 9.233689, 5.232864 ], [ 9.232452, 5.233086 ], [ 9.231583, 5.233035 ], [ 9.231054, 5.232962 ], [ 9.23021, 5.232844 ], [ 9.228655, 5.23288 ], [ 9.228221, 5.232972 ], [ 9.227601, 5.233103 ], [ 9.226469, 5.233614 ], [ 9.225996, 5.233828 ], [ 9.225905, 5.233941 ], [ 9.225309, 5.234679 ], [ 9.225259, 5.234741 ], [ 9.224803, 5.235458 ], [ 9.224474, 5.235976 ], [ 9.224053, 5.237488 ], [ 9.223956, 5.238543 ], [ 9.224041, 5.239782 ], [ 9.224125, 5.241069 ], [ 9.223928, 5.24154 ], [ 9.223411, 5.242775 ], [ 9.223244, 5.243174 ], [ 9.222224, 5.243433 ], [ 9.222007, 5.243488 ], [ 9.221273, 5.243805 ], [ 9.219896, 5.244439 ], [ 9.219099, 5.245008 ], [ 9.218748, 5.245258 ], [ 9.218195, 5.245898 ], [ 9.218162, 5.245942 ], [ 9.217835, 5.246373 ], [ 9.217642, 5.246628 ], [ 9.217492, 5.246895 ], [ 9.217179, 5.247452 ], [ 9.217068, 5.247596 ], [ 9.216579, 5.248228 ], [ 9.215845, 5.248637 ], [ 9.21484, 5.248448 ], [ 9.214536, 5.248475 ], [ 9.214298, 5.248496 ], [ 9.213879, 5.248534 ], [ 9.21305, 5.249492 ], [ 9.212725, 5.250271 ], [ 9.212536, 5.251234 ], [ 9.212576, 5.252381 ], [ 9.212798, 5.253484 ], [ 9.213204, 5.254451 ], [ 9.213429, 5.255324 ], [ 9.21374, 5.256794 ], [ 9.213034, 5.257203 ], [ 9.213027, 5.257207 ], [ 9.212996, 5.257225 ], [ 9.212409, 5.257566 ], [ 9.211406, 5.257009 ], [ 9.210676, 5.256454 ], [ 9.209628, 5.255668 ], [ 9.208806, 5.255388 ], [ 9.207527, 5.255013 ], [ 9.207477, 5.254996 ], [ 9.206568, 5.254686 ], [ 9.205288, 5.254357 ], [ 9.205056, 5.254253 ], [ 9.204558, 5.254031 ], [ 9.203005, 5.253609 ], [ 9.202045, 5.253236 ], [ 9.202007, 5.253198 ], [ 9.201272, 5.252452 ], [ 9.200587, 5.252126 ], [ 9.199726, 5.251853 ], [ 9.199263, 5.251706 ], [ 9.1983, 5.251883 ], [ 9.197883, 5.253027 ], [ 9.198473, 5.253904 ], [ 9.198972, 5.254641 ], [ 9.199742, 5.255884 ], [ 9.199828, 5.256895 ], [ 9.199823, 5.257813 ], [ 9.19959, 5.258637 ], [ 9.199387, 5.258914 ], [ 9.198852, 5.259642 ], [ 9.198117, 5.260143 ], [ 9.197727, 5.26036 ], [ 9.197383, 5.260551 ], [ 9.197744, 5.261517 ], [ 9.198379, 5.262347 ], [ 9.199104, 5.26359 ], [ 9.199283, 5.264509 ], [ 9.199459, 5.265612 ], [ 9.199453, 5.266805 ], [ 9.199536, 5.268091 ], [ 9.199577, 5.269055 ], [ 9.199464, 5.269632 ], [ 9.199388, 5.270018 ], [ 9.197928, 5.269229 ], [ 9.197016, 5.268719 ], [ 9.195828, 5.26839 ], [ 9.195345, 5.269168 ], [ 9.195089, 5.269579 ], [ 9.194944, 5.270909 ], [ 9.195166, 5.272196 ], [ 9.195391, 5.272931 ], [ 9.195155, 5.274031 ], [ 9.194961, 5.27432 ], [ 9.194694, 5.274716 ], [ 9.193921, 5.275752 ], [ 9.193772, 5.275951 ], [ 9.193081, 5.276727 ], [ 9.192967, 5.27686 ], [ 9.192298, 5.277639 ], [ 9.191378, 5.278598 ], [ 9.191033, 5.278967 ], [ 9.190825, 5.279191 ], [ 9.190086, 5.280046 ], [ 9.189996, 5.28015 ], [ 9.189529, 5.280381 ], [ 9.188987, 5.280649 ], [ 9.188568, 5.281748 ], [ 9.188836, 5.282897 ], [ 9.188922, 5.283907 ], [ 9.188963, 5.284733 ], [ 9.188912, 5.285697 ], [ 9.188219, 5.28684 ], [ 9.187573, 5.287892 ], [ 9.187385, 5.28867 ], [ 9.187196, 5.289771 ], [ 9.187005, 5.291101 ], [ 9.186688, 5.291817 ], [ 9.186681, 5.291833 ], [ 9.18652, 5.292029 ], [ 9.186422, 5.292149 ], [ 9.185897, 5.292791 ], [ 9.185618, 5.293525 ], [ 9.185538, 5.293878 ], [ 9.185431, 5.29435 ], [ 9.185424, 5.295498 ], [ 9.18542, 5.296277 ], [ 9.185471, 5.297007 ], [ 9.185498, 5.297389 ], [ 9.185504, 5.297471 ], [ 9.185317, 5.298297 ], [ 9.184394, 5.299575 ], [ 9.183705, 5.299985 ], [ 9.182558, 5.300528 ], [ 9.181849, 5.300307 ], [ 9.181507, 5.300201 ], [ 9.18068, 5.300747 ], [ 9.180654, 5.300789 ], [ 9.180173, 5.301569 ], [ 9.180028, 5.302899 ], [ 9.17984, 5.30377 ], [ 9.179698, 5.304595 ], [ 9.179094, 5.306015 ], [ 9.178266, 5.306928 ], [ 9.177344, 5.308116 ], [ 9.176788, 5.309259 ], [ 9.176601, 5.309993 ], [ 9.176458, 5.310864 ], [ 9.176272, 5.311413 ], [ 9.175946, 5.312467 ], [ 9.1748, 5.312828 ], [ 9.174023, 5.312639 ], [ 9.17334, 5.312084 ], [ 9.172385, 5.310977 ], [ 9.171701, 5.310559 ], [ 9.170878, 5.310371 ], [ 9.169825, 5.310503 ], [ 9.16845, 5.310724 ], [ 9.167076, 5.311036 ], [ 9.166298, 5.311032 ], [ 9.16529, 5.311118 ], [ 9.164191, 5.311202 ], [ 9.163184, 5.311289 ], [ 9.162358, 5.31165 ], [ 9.162396, 5.312982 ], [ 9.163034, 5.313583 ], [ 9.163626, 5.314137 ], [ 9.164354, 5.314829 ], [ 9.164941, 5.316255 ], [ 9.164933, 5.317541 ], [ 9.16502, 5.318414 ], [ 9.16547, 5.319839 ], [ 9.165876, 5.320712 ], [ 9.165917, 5.321631 ], [ 9.165634, 5.323098 ], [ 9.165397, 5.324566 ], [ 9.165251, 5.326217 ], [ 9.165425, 5.327595 ], [ 9.165741, 5.328423 ], [ 9.166146, 5.329618 ], [ 9.166184, 5.331225 ], [ 9.165671, 5.332598 ], [ 9.164934, 5.333557 ], [ 9.164335, 5.334151 ], [ 9.163737, 5.33479 ], [ 9.16365, 5.334861 ], [ 9.162725, 5.33561 ], [ 9.162262, 5.336571 ], [ 9.162165, 5.337672 ], [ 9.162098, 5.338091 ], [ 9.161975, 5.338864 ], [ 9.162024, 5.339491 ], [ 9.162454, 5.344969 ], [ 9.162174, 5.345357 ], [ 9.161676, 5.346045 ], [ 9.161428, 5.346387 ], [ 9.160104, 5.345966 ], [ 9.158825, 5.345499 ], [ 9.157225, 5.345168 ], [ 9.156262, 5.345346 ], [ 9.155118, 5.345477 ], [ 9.154433, 5.345152 ], [ 9.153749, 5.344735 ], [ 9.152927, 5.344362 ], [ 9.152058, 5.344357 ], [ 9.151231, 5.344765 ], [ 9.151004, 5.344534 ], [ 9.149857, 5.345032 ], [ 9.148484, 5.345024 ], [ 9.147525, 5.344742 ], [ 9.146517, 5.344352 ], [ 9.1462, 5.34423 ], [ 9.145107, 5.343259 ], [ 9.144817, 5.343063 ], [ 9.144286, 5.342703 ], [ 9.143598, 5.343067 ], [ 9.142583, 5.344483 ], [ 9.142119, 5.345536 ], [ 9.141612, 5.346129 ], [ 9.141013, 5.34686 ], [ 9.139485, 5.348967 ], [ 9.139557, 5.34961 ], [ 9.13977, 5.351506 ], [ 9.140666, 5.359478 ], [ 9.140759, 5.360314 ], [ 9.14091, 5.361656 ], [ 9.13999, 5.365533 ], [ 9.139844, 5.366147 ], [ 9.140426, 5.368285 ], [ 9.140477, 5.368473 ], [ 9.14205, 5.368785 ], [ 9.142776, 5.366835 ], [ 9.143511, 5.366243 ], [ 9.144027, 5.365757 ], [ 9.144171, 5.365622 ], [ 9.144431, 5.365377 ], [ 9.14503, 5.364691 ], [ 9.14563, 5.36396 ], [ 9.146595, 5.363232 ], [ 9.147648, 5.363238 ], [ 9.14888, 5.363751 ], [ 9.149747, 5.364261 ], [ 9.150933, 5.364783 ], [ 9.151436, 5.365004 ], [ 9.151093, 5.367139 ], [ 9.151081, 5.367214 ], [ 9.150299, 5.368016 ], [ 9.149205, 5.369136 ], [ 9.147926, 5.370446 ], [ 9.146505, 5.370988 ], [ 9.14568, 5.371029 ], [ 9.144354, 5.370884 ], [ 9.142797, 5.37092 ], [ 9.141974, 5.371007 ], [ 9.141104, 5.371001 ], [ 9.14005, 5.371179 ], [ 9.139042, 5.371402 ], [ 9.138352, 5.371856 ], [ 9.137522, 5.373045 ], [ 9.137608, 5.373871 ], [ 9.138335, 5.37484 ], [ 9.139155, 5.375354 ], [ 9.139208, 5.375387 ], [ 9.139886, 5.375812 ], [ 9.140383, 5.375815 ], [ 9.141213, 5.37582 ], [ 9.14208, 5.375734 ], [ 9.142083, 5.375733 ], [ 9.142953, 5.375831 ], [ 9.143914, 5.375699 ], [ 9.144693, 5.375612 ], [ 9.146112, 5.375713 ], [ 9.146978, 5.376268 ], [ 9.147248, 5.37705 ], [ 9.14706, 5.377829 ], [ 9.146828, 5.378562 ], [ 9.145635, 5.378968 ], [ 9.143941, 5.379051 ], [ 9.14275, 5.379226 ], [ 9.14188, 5.379222 ], [ 9.140461, 5.379396 ], [ 9.139544, 5.379575 ], [ 9.138765, 5.379753 ], [ 9.137983, 5.380299 ], [ 9.137106, 5.381716 ], [ 9.137009, 5.382771 ], [ 9.136955, 5.38401 ], [ 9.13731, 5.386032 ], [ 9.137581, 5.386813 ], [ 9.138216, 5.387781 ], [ 9.139358, 5.388246 ], [ 9.140317, 5.388574 ], [ 9.141047, 5.388853 ], [ 9.142235, 5.38932 ], [ 9.143193, 5.389784 ], [ 9.14392, 5.390798 ], [ 9.143823, 5.391716 ], [ 9.143588, 5.392816 ], [ 9.143263, 5.393548 ], [ 9.1428, 5.394372 ], [ 9.14193, 5.39455 ], [ 9.140742, 5.394222 ], [ 9.139966, 5.393896 ], [ 9.139329, 5.393249 ], [ 9.138556, 5.392326 ], [ 9.13815, 5.391269 ], [ 9.137743, 5.390348 ], [ 9.137473, 5.389612 ], [ 9.136748, 5.388231 ], [ 9.136111, 5.387585 ], [ 9.135473, 5.387167 ], [ 9.134648, 5.387255 ], [ 9.13364, 5.387523 ], [ 9.132626, 5.388756 ], [ 9.132757, 5.389905 ], [ 9.133344, 5.391284 ], [ 9.133889, 5.391977 ], [ 9.134799, 5.392854 ], [ 9.13516, 5.393867 ], [ 9.134698, 5.394598 ], [ 9.1341, 5.395191 ], [ 9.133268, 5.396426 ], [ 9.132714, 5.397339 ], [ 9.131753, 5.397288 ], [ 9.130879, 5.398155 ], [ 9.130415, 5.399115 ], [ 9.130273, 5.39994 ], [ 9.131456, 5.401186 ], [ 9.13214, 5.401742 ], [ 9.133462, 5.402576 ], [ 9.134463, 5.403591 ], [ 9.134549, 5.404556 ], [ 9.133629, 5.405376 ], [ 9.13294, 5.405739 ], [ 9.132202, 5.406744 ], [ 9.131373, 5.407565 ], [ 9.130453, 5.408478 ], [ 9.129533, 5.409345 ], [ 9.12857, 5.409706 ], [ 9.127287, 5.409882 ], [ 9.126325, 5.409967 ], [ 9.125225, 5.410282 ], [ 9.124127, 5.410138 ], [ 9.123488, 5.409675 ], [ 9.122345, 5.409576 ], [ 9.121108, 5.40966 ], [ 9.1201, 5.40993 ], [ 9.119136, 5.410383 ], [ 9.118289, 5.41222 ], [ 9.118264, 5.412369 ], [ 9.118103, 5.413303 ], [ 9.117912, 5.414419 ], [ 9.117574, 5.414615 ], [ 9.117903, 5.416288 ], [ 9.118289, 5.418249 ], [ 9.118387, 5.418745 ], [ 9.105146, 5.426591 ], [ 9.065523, 5.450067 ], [ 9.05791, 5.454578 ], [ 9.057907, 5.454474 ], [ 9.057702, 5.44697 ], [ 9.057622, 5.44697 ], [ 9.048673, 5.447005 ], [ 9.026847, 5.44709 ], [ 9.019084, 5.461076 ] ] ] ] } },
{ "type": "Feature", "properties": { "tg_type": "FON.AIRE_PROTEGEE", "nom": "Waza", "source_id": "B4AC21B6-EA54-4C42-BBB5-41387EC736DC", "source": "MINFOF_WRI_ATLAS_FORESTIER_SIG_2018", "statut": "IMPORTE", "date_source": "2018-01-15", "regime_tg": "AIRE_PROTEGEE", "categorie": "aire_protegee", "desc_type": "Parc national", "cat_uicn": "II", "wdpaid": 608.0, "statu_crea": "cree", "statu_amgt": "amenge", "date_prop": null, "date_crea": null, "date_amgt": "2014-01-01", "sup_adm_ha": 170000, "sup_sig_ha": 140589.0 }, "geometry": { "type": "MultiPolygon", "coordinates": [ [ [ [ 14.517408, 11.138939 ], [ 14.529963, 11.151023 ], [ 14.532817, 11.152389 ], [ 14.535324, 11.154461 ], [ 14.537477, 11.156528 ], [ 14.540338, 11.158594 ], [ 14.543192, 11.159961 ], [ 14.546034, 11.160283 ], [ 14.548175, 11.161307 ], [ 14.552443, 11.162313 ], [ 14.555644, 11.162983 ], [ 14.560595, 11.161534 ], [ 14.563061, 11.160118 ], [ 14.565878, 11.158346 ], [ 14.570812, 11.155513 ], [ 14.573626, 11.153391 ], [ 14.576435, 11.150918 ], [ 14.578551, 11.149857 ], [ 14.580663, 11.148436 ], [ 14.584181, 11.145963 ], [ 14.587341, 11.143143 ], [ 14.590856, 11.140319 ], [ 14.593318, 11.138552 ], [ 14.59507, 11.136785 ], [ 14.59893, 11.133265 ], [ 14.601739, 11.130791 ], [ 14.603847, 11.129028 ], [ 14.607011, 11.126559 ], [ 14.609113, 11.124436 ], [ 14.611567, 11.121977 ], [ 14.614028, 11.12021 ], [ 14.617192, 11.117732 ], [ 14.619649, 11.115614 ], [ 14.62211, 11.113846 ], [ 14.624569, 11.111728 ], [ 14.627385, 11.109964 ], [ 14.629142, 11.108548 ], [ 14.631253, 11.107136 ], [ 14.633004, 11.105368 ], [ 14.635825, 11.103946 ], [ 14.639688, 11.100766 ], [ 14.64985, 11.090553 ], [ 14.653363, 11.087729 ], [ 14.655815, 11.085259 ], [ 14.658272, 11.083141 ], [ 14.660374, 11.081027 ], [ 14.66213, 11.079619 ], [ 14.670188, 11.07151 ], [ 14.673345, 11.06869 ], [ 14.675798, 11.066221 ], [ 14.677545, 11.064112 ], [ 14.67965, 11.062348 ], [ 14.680838, 11.061153 ], [ 14.691203, 11.070378 ], [ 14.694356, 11.072774 ], [ 14.705235, 11.086865 ], [ 14.72241, 11.103333 ], [ 14.735031, 11.117405 ], [ 14.747302, 11.129063 ], [ 14.755701, 11.134874 ], [ 14.760597, 11.136914 ], [ 14.771799, 11.143737 ], [ 14.778113, 11.150603 ], [ 14.787941, 11.161249 ], [ 14.802314, 11.175654 ], [ 14.813552, 11.192154 ], [ 14.82267, 11.201759 ], [ 14.827233, 11.205875 ], [ 14.836701, 11.216518 ], [ 14.848981, 11.228518 ], [ 14.85846, 11.239507 ], [ 14.868986, 11.252206 ], [ 14.878482, 11.267344 ], [ 14.882389, 11.283562 ], [ 14.884869, 11.293218 ], [ 14.888408, 11.30494 ], [ 14.897544, 11.317654 ], [ 14.903868, 11.326245 ], [ 14.912994, 11.336893 ], [ 14.921438, 11.34926 ], [ 14.922534, 11.361697 ], [ 14.92116, 11.368621 ], [ 14.921196, 11.377954 ], [ 14.919848, 11.389717 ], [ 14.916722, 11.394929 ], [ 14.911503, 11.400159 ], [ 14.905925, 11.404005 ], [ 14.898953, 11.408898 ], [ 14.890241, 11.415537 ], [ 14.876281, 11.422565 ], [ 14.861288, 11.43133 ], [ 14.844903, 11.443906 ], [ 14.833055, 11.454371 ], [ 14.81666, 11.463836 ], [ 14.807596, 11.471164 ], [ 14.800976, 11.478128 ], [ 14.792622, 11.486839 ], [ 14.784599, 11.493813 ], [ 14.776578, 11.497676 ], [ 14.760165, 11.502992 ], [ 14.740241, 11.506607 ], [ 14.725923, 11.509478 ], [ 14.713337, 11.511648 ], [ 14.705648, 11.510675 ], [ 14.694796, 11.508344 ], [ 14.68814, 11.504241 ], [ 14.680073, 11.49601 ], [ 14.674099, 11.488106 ], [ 14.670227, 11.480185 ], [ 14.667056, 11.473645 ], [ 14.665287, 11.466396 ], [ 14.66455, 11.456383 ], [ 14.656429, 11.432597 ], [ 14.649396, 11.419516 ], [ 14.644122, 11.408499 ], [ 14.644464, 11.406071 ], [ 14.655972, 11.399769 ], [ 14.661208, 11.397305 ], [ 14.667847, 11.395868 ], [ 14.679363, 11.389903 ], [ 14.681447, 11.386092 ], [ 14.679318, 11.377122 ], [ 14.677198, 11.371263 ], [ 14.671593, 11.367495 ], [ 14.664245, 11.363754 ], [ 14.658298, 11.363107 ], [ 14.642928, 11.36426 ], [ 14.62754, 11.364029 ], [ 14.604489, 11.366972 ], [ 14.586667, 11.370908 ], [ 14.572707, 11.377236 ], [ 14.566078, 11.380392 ], [ 14.562233, 11.380765 ], [ 14.55944, 11.381137 ], [ 14.556637, 11.380117 ], [ 14.551732, 11.375659 ], [ 14.547177, 11.370509 ], [ 14.540512, 11.364685 ], [ 14.528601, 11.355093 ], [ 14.515647, 11.347575 ], [ 14.498138, 11.33699 ], [ 14.485544, 11.331902 ], [ 14.474702, 11.329206 ], [ 14.463945, 11.32436 ], [ 14.462664, 11.320127 ], [ 14.461917, 11.31699 ], [ 14.461886, 11.314202 ], [ 14.4615, 11.31141 ], [ 14.461095, 11.306883 ], [ 14.461061, 11.303745 ], [ 14.460667, 11.300261 ], [ 14.460995, 11.297812 ], [ 14.461308, 11.293977 ], [ 14.461276, 11.291181 ], [ 14.4616, 11.288388 ], [ 14.461573, 11.285953 ], [ 14.461881, 11.281758 ], [ 14.461849, 11.278971 ], [ 14.46251, 11.27443 ], [ 14.462834, 11.271639 ], [ 14.46279, 11.2678 ], [ 14.462031, 11.263268 ], [ 14.462351, 11.260126 ], [ 14.46197, 11.257694 ], [ 14.462293, 11.254894 ], [ 14.462973, 11.252098 ], [ 14.465047, 11.247199 ], [ 14.466438, 11.244745 ], [ 14.468191, 11.242637 ], [ 14.471346, 11.239118 ], [ 14.475211, 11.235601 ], [ 14.477679, 11.234175 ], [ 14.48014, 11.232058 ], [ 14.481899, 11.230651 ], [ 14.485068, 11.228525 ], [ 14.487884, 11.226404 ], [ 14.490336, 11.223595 ], [ 14.492783, 11.220084 ], [ 14.493818, 11.217635 ], [ 14.494142, 11.214844 ], [ 14.495175, 11.212043 ], [ 14.495136, 11.208555 ], [ 14.495452, 11.205063 ], [ 14.495778, 11.202613 ], [ 14.496452, 11.199475 ], [ 14.496369, 11.192149 ], [ 14.497053, 11.189704 ], [ 14.497714, 11.185506 ], [ 14.498739, 11.182014 ], [ 14.49906, 11.178872 ], [ 14.500079, 11.17502 ], [ 14.502113, 11.166634 ], [ 14.502795, 11.164188 ], [ 14.504876, 11.159982 ], [ 14.506245, 11.155433 ], [ 14.517408, 11.138939 ] ] ] ] } },
{ "type": "Feature", "properties": { "tg_type": "FON.AIRE_PROTEGEE", "nom": "Campo-Ma'an", "source_id": "5968C6E3-E3DD-4710-B8DD-E750596530C0", "source": "MINFOF_WRI_ATLAS_FORESTIER_SIG_2018", "statut": "IMPORTE", "date_source": "2018-01-15", "regime_tg": "AIRE_PROTEGEE", "categorie": "aire_protegee", "desc_type": "Parc national", "cat_uicn": "II", "wdpaid": 1242.0, "statu_crea": "cree", "statu_amgt": "amenge", "date_prop": "1999-05-24", "date_crea": "2000-01-06", "date_amgt": null, "sup_adm_ha": 264064, "sup_sig_ha": 260944.0 }, "geometry": { "type": "MultiPolygon", "coordinates": [ [ [ [ 10.661658, 2.737366 ], [ 10.661981, 2.738146 ], [ 10.662306, 2.739385 ], [ 10.662412, 2.739535 ], [ 10.552534, 2.749332 ], [ 10.551511, 2.749194 ], [ 10.513758, 2.744112 ], [ 10.456616, 2.73642 ], [ 10.455291, 2.736241 ], [ 10.403954, 2.74169 ], [ 10.35457, 2.746931 ], [ 10.281851, 2.73556 ], [ 10.267805, 2.706502 ], [ 10.28355, 2.685342 ], [ 10.237101, 2.660723 ], [ 10.228547, 2.6636 ], [ 10.225373, 2.654635 ], [ 10.221137, 2.657142 ], [ 10.193807, 2.67332 ], [ 10.157365, 2.673355 ], [ 10.15725, 2.672441 ], [ 10.155974, 2.662077 ], [ 10.151836, 2.628434 ], [ 10.15182, 2.628305 ], [ 10.151655, 2.626963 ], [ 10.150591, 2.618321 ], [ 10.148059, 2.59772 ], [ 10.148284, 2.59759 ], [ 10.163471, 2.588751 ], [ 10.176803, 2.580993 ], [ 10.204168, 2.565067 ], [ 10.203823, 2.564251 ], [ 10.192082, 2.536501 ], [ 10.188515, 2.52807 ], [ 10.178981, 2.505536 ], [ 10.169614, 2.483394 ], [ 10.166201, 2.475326 ], [ 10.17291, 2.467269 ], [ 10.17913, 2.459799 ], [ 10.183837, 2.454146 ], [ 10.182697, 2.452628 ], [ 10.178236, 2.446683 ], [ 10.165482, 2.429689 ], [ 10.147073, 2.405157 ], [ 10.126054, 2.377146 ], [ 10.126102, 2.377512 ], [ 10.125974, 2.377452 ], [ 10.12587, 2.37729 ], [ 10.125518, 2.377153 ], [ 10.124707, 2.376586 ], [ 10.124033, 2.376021 ], [ 10.12308, 2.37568 ], [ 10.122353, 2.375528 ], [ 10.121621, 2.375605 ], [ 10.12089, 2.375591 ], [ 10.120161, 2.375484 ], [ 10.118922, 2.375781 ], [ 10.117909, 2.376221 ], [ 10.117159, 2.376473 ], [ 10.115778, 2.376261 ], [ 10.115001, 2.375111 ], [ 10.113494, 2.374558 ], [ 10.112992, 2.372582 ], [ 10.111987, 2.37134 ], [ 10.11039, 2.370466 ], [ 10.11028, 2.370219 ], [ 10.110481, 2.370186 ], [ 10.110182, 2.369589 ], [ 10.11001, 2.368988 ], [ 10.109745, 2.368523 ], [ 10.109077, 2.367911 ], [ 10.108402, 2.367164 ], [ 10.108001, 2.366605 ], [ 10.107482, 2.366295 ], [ 10.106517, 2.365064 ], [ 10.105786, 2.363547 ], [ 10.105102, 2.361892 ], [ 10.10428, 2.360467 ], [ 10.102728, 2.359041 ], [ 10.101953, 2.357572 ], [ 10.102215, 2.35598 ], [ 10.101495, 2.354445 ], [ 10.100903, 2.352514 ], [ 10.100218, 2.350078 ], [ 10.099716, 2.348193 ], [ 10.098894, 2.346446 ], [ 10.097707, 2.345296 ], [ 10.097022, 2.34456 ], [ 10.096977, 2.342492 ], [ 10.097846, 2.340701 ], [ 10.098166, 2.338955 ], [ 10.09771, 2.337576 ], [ 10.096842, 2.336472 ], [ 10.0965, 2.33605 ], [ 10.096394, 2.335919 ], [ 10.095016, 2.334219 ], [ 10.094377, 2.33238 ], [ 10.094058, 2.33022 ], [ 10.093648, 2.328473 ], [ 10.093054, 2.326911 ], [ 10.092781, 2.324934 ], [ 10.092644, 2.324521 ], [ 10.091502, 2.323187 ], [ 10.090726, 2.322037 ], [ 10.089859, 2.320566 ], [ 10.089814, 2.319095 ], [ 10.089769, 2.317349 ], [ 10.088399, 2.315739 ], [ 10.087395, 2.314176 ], [ 10.086938, 2.312521 ], [ 10.086939, 2.311051 ], [ 10.087213, 2.309581 ], [ 10.087376, 2.308602 ], [ 10.087396, 2.308478 ], [ 10.087121, 2.308023 ], [ 10.087085, 2.307471 ], [ 10.086871, 2.306777 ], [ 10.086562, 2.30622 ], [ 10.086207, 2.305661 ], [ 10.085948, 2.304875 ], [ 10.085367, 2.304266 ], [ 10.084776, 2.304071 ], [ 10.084096, 2.303873 ], [ 10.083453, 2.303998 ], [ 10.082587, 2.303935 ], [ 10.081996, 2.303785 ], [ 10.081408, 2.303498 ], [ 10.080686, 2.303024 ], [ 10.079827, 2.302594 ], [ 10.079054, 2.302394 ], [ 10.078098, 2.302238 ], [ 10.077234, 2.302083 ], [ 10.076595, 2.30207 ], [ 10.076045, 2.302151 ], [ 10.075757, 2.30288 ], [ 10.07542, 2.303746 ], [ 10.075318, 2.304296 ], [ 10.075213, 2.305029 ], [ 10.074879, 2.305757 ], [ 10.074416, 2.30607 ], [ 10.073685, 2.306101 ], [ 10.072959, 2.305857 ], [ 10.072465, 2.305388 ], [ 10.072247, 2.304878 ], [ 10.072123, 2.304186 ], [ 10.071953, 2.303585 ], [ 10.071783, 2.302893 ], [ 10.071614, 2.3022 ], [ 10.071522, 2.301106 ], [ 10.071389, 2.300715 ], [ 10.070701, 2.300075 ], [ 10.069557, 2.29976 ], [ 10.06782, 2.299677 ], [ 10.06677, 2.299774 ], [ 10.065676, 2.300055 ], [ 10.064901, 2.300381 ], [ 10.06367, 2.3008 ], [ 10.062577, 2.301541 ], [ 10.061849, 2.302004 ], [ 10.061167, 2.302559 ], [ 10.060301, 2.302931 ], [ 10.059798, 2.302979 ], [ 10.059067, 2.302891 ], [ 10.058335, 2.302619 ], [ 10.057648, 2.302301 ], [ 10.057143, 2.301936 ], [ 10.056684, 2.301525 ], [ 10.056133, 2.301069 ], [ 10.05517, 2.300477 ], [ 10.054347, 2.300343 ], [ 10.053705, 2.299933 ], [ 10.053156, 2.299798 ], [ 10.05247, 2.299572 ], [ 10.051691, 2.299254 ], [ 10.051096, 2.299028 ], [ 10.050592, 2.298847 ], [ 10.050041, 2.298298 ], [ 10.049353, 2.297751 ], [ 10.048711, 2.297432 ], [ 10.04798, 2.297252 ], [ 10.047157, 2.297303 ], [ 10.046518, 2.297352 ], [ 10.045604, 2.297311 ], [ 10.044417, 2.297408 ], [ 10.043412, 2.297322 ], [ 10.042589, 2.29728 ], [ 10.04172, 2.297055 ], [ 10.041125, 2.29692 ], [ 10.040484, 2.29674 ], [ 10.039661, 2.296468 ], [ 10.038928, 2.296197 ], [ 10.038479, 2.296013 ], [ 10.038149, 2.295879 ], [ 10.037508, 2.295515 ], [ 10.037003, 2.295104 ], [ 10.036267, 2.294235 ], [ 10.035487, 2.29355 ], [ 10.034935, 2.292864 ], [ 10.034384, 2.292407 ], [ 10.033559, 2.291998 ], [ 10.032918, 2.29168 ], [ 10.031525, 2.2916 ], [ 10.031361, 2.291137 ], [ 10.030766, 2.290818 ], [ 10.030215, 2.290362 ], [ 10.030029, 2.289766 ], [ 10.029431, 2.28908 ], [ 10.029109, 2.288668 ], [ 10.028374, 2.288029 ], [ 10.027639, 2.287297 ], [ 10.026586, 2.286843 ], [ 10.025899, 2.286526 ], [ 10.02439, 2.286258 ], [ 10.023702, 2.285894 ], [ 10.023199, 2.285667 ], [ 10.022466, 2.285303 ], [ 10.021824, 2.284939 ], [ 10.021366, 2.284666 ], [ 10.020769, 2.284117 ], [ 10.020309, 2.283568 ], [ 10.019712, 2.283066 ], [ 10.018886, 2.282381 ], [ 10.017969, 2.281835 ], [ 10.017144, 2.281288 ], [ 10.016455, 2.280649 ], [ 10.016041, 2.280145 ], [ 10.015822, 2.279887 ], [ 10.014657, 2.278918 ], [ 10.014349, 2.278314 ], [ 10.013994, 2.277802 ], [ 10.013592, 2.277288 ], [ 10.012961, 2.276862 ], [ 10.012234, 2.276664 ], [ 10.011465, 2.276327 ], [ 10.010739, 2.276037 ], [ 10.009961, 2.276159 ], [ 10.009499, 2.276426 ], [ 10.00908, 2.276831 ], [ 10.008794, 2.277468 ], [ 10.008735, 2.27811 ], [ 10.008724, 2.278708 ], [ 10.008525, 2.279531 ], [ 10.008101, 2.280165 ], [ 10.007504, 2.280383 ], [ 10.006953, 2.28051 ], [ 10.006179, 2.280403 ], [ 10.005594, 2.279931 ], [ 10.005015, 2.279185 ], [ 10.004846, 2.278492 ], [ 10.004308, 2.277976 ], [ 10.003856, 2.277691 ], [ 10.00295, 2.277352 ], [ 10.00213, 2.277243 ], [ 10.001353, 2.277228 ], [ 10.000395, 2.277209 ], [ 9.999522, 2.277467 ], [ 9.998964, 2.277961 ], [ 9.998502, 2.278227 ], [ 9.997731, 2.277982 ], [ 9.997152, 2.277236 ], [ 9.996796, 2.276723 ], [ 9.996443, 2.276073 ], [ 9.995863, 2.275372 ], [ 9.995045, 2.275218 ], [ 9.994092, 2.274877 ], [ 9.993362, 2.274863 ], [ 9.992313, 2.27475 ], [ 9.991721, 2.274646 ], [ 9.991039, 2.27454 ], [ 9.990493, 2.274392 ], [ 9.989853, 2.274425 ], [ 9.988981, 2.274637 ], [ 9.988014, 2.275077 ], [ 9.98723, 2.275429 ], [ 9.986395, 2.276148 ], [ 9.985519, 2.276544 ], [ 9.984461, 2.276936 ], [ 9.983911, 2.277017 ], [ 9.983229, 2.276865 ], [ 9.98223, 2.27657 ], [ 9.981457, 2.276416 ], [ 9.980822, 2.276174 ], [ 9.980096, 2.27593 ], [ 9.979559, 2.275368 ], [ 9.979111, 2.274945 ], [ 9.978504, 2.275576 ], [ 9.978173, 2.276167 ], [ 9.977683, 2.275514 ], [ 9.977373, 2.275002 ], [ 9.977108, 2.274538 ], [ 9.976909, 2.275407 ], [ 9.976182, 2.275208 ], [ 9.975597, 2.274783 ], [ 9.975099, 2.274543 ], [ 9.974366, 2.274667 ], [ 9.973355, 2.274968 ], [ 9.972706, 2.27546 ], [ 9.972194, 2.275955 ], [ 9.971866, 2.276408 ], [ 9.97149, 2.276952 ], [ 9.970378, 2.277855 ], [ 9.969428, 2.277765 ], [ 9.969016, 2.277583 ], [ 9.968649, 2.277309 ], [ 9.968097, 2.276623 ], [ 9.967228, 2.276306 ], [ 9.965991, 2.275899 ], [ 9.965213, 2.275444 ], [ 9.964846, 2.275216 ], [ 9.964068, 2.275036 ], [ 9.963613, 2.275406 ], [ 9.963617, 2.276095 ], [ 9.963437, 2.276647 ], [ 9.963212, 2.277153 ], [ 9.962573, 2.277248 ], [ 9.962025, 2.277297 ], [ 9.961523, 2.277345 ], [ 9.960365, 2.277268 ], [ 9.959923, 2.277262 ], [ 9.959328, 2.276943 ], [ 9.958459, 2.27681 ], [ 9.958378, 2.276707 ], [ 9.958094, 2.276995 ], [ 9.957547, 2.277228 ], [ 9.95659, 2.277646 ], [ 9.955907, 2.277971 ], [ 9.955088, 2.278572 ], [ 9.954358, 2.278806 ], [ 9.953718, 2.278763 ], [ 9.95317, 2.278674 ], [ 9.952713, 2.278768 ], [ 9.952303, 2.278908 ], [ 9.951756, 2.279141 ], [ 9.951301, 2.279556 ], [ 9.950984, 2.280017 ], [ 9.950758, 2.280478 ], [ 9.950305, 2.281215 ], [ 9.950217, 2.281721 ], [ 9.950038, 2.282503 ], [ 9.949998, 2.283375 ], [ 9.949864, 2.284065 ], [ 9.949821, 2.284571 ], [ 9.949779, 2.285076 ], [ 9.949507, 2.285629 ], [ 9.949192, 2.286365 ], [ 9.948786, 2.287286 ], [ 9.948379, 2.287977 ], [ 9.947696, 2.288486 ], [ 9.94715, 2.288948 ], [ 9.946378, 2.289733 ], [ 9.946108, 2.290423 ], [ 9.945882, 2.290975 ], [ 9.945613, 2.291804 ], [ 9.945434, 2.292494 ], [ 9.945163, 2.293 ], [ 9.944662, 2.293324 ], [ 9.944251, 2.293418 ], [ 9.942979, 2.293986 ], [ 9.942634, 2.294137 ], [ 9.941074, 2.294822 ], [ 9.94107, 2.294824 ], [ 9.940613, 2.295025 ], [ 9.940454, 2.295085 ], [ 9.940193, 2.294863 ], [ 9.939827, 2.294681 ], [ 9.939368, 2.29427 ], [ 9.939137, 2.293904 ], [ 9.938906, 2.293354 ], [ 9.938893, 2.292775 ], [ 9.938798, 2.292041 ], [ 9.938792, 2.29103 ], [ 9.938606, 2.29048 ], [ 9.938511, 2.289745 ], [ 9.938324, 2.289057 ], [ 9.938136, 2.288093 ], [ 9.938267, 2.28699 ], [ 9.938853, 2.285517 ], [ 9.939123, 2.284873 ], [ 9.939395, 2.284412 ], [ 9.939621, 2.283952 ], [ 9.939981, 2.283031 ], [ 9.94007, 2.282525 ], [ 9.939928, 2.281745 ], [ 9.939833, 2.281011 ], [ 9.939738, 2.280368 ], [ 9.939644, 2.279909 ], [ 9.939458, 2.279175 ], [ 9.939409, 2.27867 ], [ 9.939406, 2.278165 ], [ 9.93931, 2.277246 ], [ 9.939215, 2.276696 ], [ 9.939178, 2.275642 ], [ 9.939068, 2.274951 ], [ 9.938929, 2.274538 ], [ 9.938696, 2.273667 ], [ 9.93846, 2.272336 ], [ 9.938043, 2.271281 ], [ 9.93767, 2.269997 ], [ 9.937571, 2.268665 ], [ 9.937108, 2.267519 ], [ 9.936876, 2.266877 ], [ 9.93669, 2.266281 ], [ 9.936595, 2.265501 ], [ 9.936453, 2.26472 ], [ 9.936448, 2.263848 ], [ 9.936536, 2.263158 ], [ 9.936576, 2.262285 ], [ 9.93671, 2.261504 ], [ 9.936796, 2.260722 ], [ 9.93684, 2.260309 ], [ 9.936746, 2.25985 ], [ 9.936512, 2.258794 ], [ 9.936327, 2.258336 ], [ 9.936186, 2.25774 ], [ 9.935996, 2.256454 ], [ 9.935765, 2.256088 ], [ 9.935534, 2.255538 ], [ 9.935212, 2.255172 ], [ 9.934891, 2.254806 ], [ 9.934431, 2.254395 ], [ 9.933745, 2.254215 ], [ 9.932695, 2.254312 ], [ 9.931284, 2.255238 ], [ 9.930788, 2.256481 ], [ 9.930608, 2.256941 ], [ 9.930795, 2.257721 ], [ 9.931026, 2.258225 ], [ 9.93135, 2.25905 ], [ 9.931494, 2.260198 ], [ 9.931589, 2.26084 ], [ 9.931866, 2.26139 ], [ 9.932054, 2.262354 ], [ 9.932105, 2.263227 ], [ 9.931879, 2.263825 ], [ 9.931611, 2.264745 ], [ 9.931294, 2.26539 ], [ 9.930931, 2.265713 ], [ 9.930474, 2.265761 ], [ 9.929788, 2.265673 ], [ 9.929375, 2.265399 ], [ 9.92878, 2.265081 ], [ 9.928367, 2.264715 ], [ 9.927999, 2.264304 ], [ 9.927586, 2.263892 ], [ 9.927173, 2.263619 ], [ 9.926578, 2.263484 ], [ 9.925985, 2.263717 ], [ 9.925029, 2.264227 ], [ 9.924437, 2.264551 ], [ 9.924026, 2.264645 ], [ 9.923432, 2.264602 ], [ 9.922975, 2.264605 ], [ 9.922198, 2.264563 ], [ 9.921695, 2.264428 ], [ 9.920278, 2.264251 ], [ 9.919499, 2.263841 ], [ 9.918862, 2.264304 ], [ 9.918637, 2.264948 ], [ 9.918135, 2.265089 ], [ 9.917587, 2.265091 ], [ 9.91713, 2.265048 ], [ 9.916352, 2.264914 ], [ 9.915896, 2.264824 ], [ 9.915071, 2.264599 ], [ 9.914203, 2.264511 ], [ 9.913197, 2.264333 ], [ 9.91233, 2.264429 ], [ 9.911644, 2.264432 ], [ 9.910596, 2.264897 ], [ 9.910187, 2.265175 ], [ 9.909871, 2.265865 ], [ 9.909874, 2.266508 ], [ 9.909925, 2.267427 ], [ 9.909929, 2.268208 ], [ 9.910023, 2.268666 ], [ 9.910075, 2.269769 ], [ 9.909717, 2.271057 ], [ 9.909355, 2.271794 ], [ 9.908947, 2.272393 ], [ 9.908629, 2.272716 ], [ 9.908357, 2.273039 ], [ 9.907948, 2.2735 ], [ 9.907446, 2.273549 ], [ 9.907577, 2.272492 ], [ 9.907527, 2.271619 ], [ 9.906933, 2.271576 ], [ 9.906525, 2.272221 ], [ 9.906346, 2.272957 ], [ 9.906167, 2.273693 ], [ 9.905852, 2.274476 ], [ 9.905485, 2.275086 ], [ 9.905455, 2.275087 ], [ 9.904682, 2.275418 ], [ 9.904012, 2.276759 ], [ 9.902936, 2.278518 ], [ 9.902221, 2.279905 ], [ 9.900853, 2.28015 ], [ 9.899605, 2.28061 ], [ 9.899605, 2.280611 ], [ 9.899605, 2.280611 ], [ 9.89882, 2.280398 ], [ 9.897723, 2.280351 ], [ 9.897083, 2.280534 ], [ 9.896535, 2.280809 ], [ 9.895804, 2.281176 ], [ 9.89521, 2.281589 ], [ 9.894753, 2.281864 ], [ 9.894296, 2.282001 ], [ 9.893656, 2.28223 ], [ 9.893062, 2.282413 ], [ 9.89256, 2.282597 ], [ 9.891737, 2.282963 ], [ 9.891006, 2.283376 ], [ 9.890595, 2.283743 ], [ 9.890138, 2.283835 ], [ 9.888995, 2.283696 ], [ 9.887945, 2.283556 ], [ 9.88726, 2.283464 ], [ 9.8863, 2.283646 ], [ 9.885706, 2.283876 ], [ 9.884747, 2.28392 ], [ 9.884061, 2.283736 ], [ 9.883102, 2.283413 ], [ 9.882646, 2.283275 ], [ 9.881823, 2.283549 ], [ 9.881275, 2.283916 ], [ 9.880818, 2.284146 ], [ 9.880224, 2.284513 ], [ 9.879538, 2.284787 ], [ 9.878944, 2.285017 ], [ 9.878214, 2.285108 ], [ 9.877482, 2.285153 ], [ 9.876934, 2.285198 ], [ 9.876112, 2.285197 ], [ 9.875427, 2.28515 ], [ 9.874879, 2.28515 ], [ 9.87433, 2.285195 ], [ 9.873645, 2.285378 ], [ 9.872868, 2.285745 ], [ 9.872457, 2.285928 ], [ 9.872045, 2.286249 ], [ 9.871314, 2.286708 ], [ 9.87072, 2.286937 ], [ 9.870034, 2.287258 ], [ 9.869121, 2.287763 ], [ 9.868298, 2.288221 ], [ 9.86743, 2.288588 ], [ 9.866653, 2.288725 ], [ 9.866013, 2.288954 ], [ 9.865145, 2.289366 ], [ 9.864323, 2.289733 ], [ 9.863317, 2.290054 ], [ 9.862404, 2.290236 ], [ 9.86149, 2.290419 ], [ 9.860531, 2.29051 ], [ 9.859571, 2.290785 ], [ 9.858474, 2.291013 ], [ 9.857515, 2.291242 ], [ 9.856464, 2.291286 ], [ 9.855642, 2.291331 ], [ 9.854499, 2.291422 ], [ 9.853677, 2.291605 ], [ 9.852946, 2.291604 ], [ 9.852261, 2.291557 ], [ 9.851393, 2.291602 ], [ 9.850799, 2.29151 ], [ 9.850251, 2.291233 ], [ 9.849292, 2.291048 ], [ 9.848835, 2.291002 ], [ 9.847967, 2.290955 ], [ 9.847144, 2.291183 ], [ 9.846368, 2.291458 ], [ 9.845774, 2.291596 ], [ 9.845088, 2.291824 ], [ 9.844083, 2.292053 ], [ 9.843717, 2.292236 ], [ 9.843261, 2.292512 ], [ 9.842346, 2.292878 ], [ 9.841889, 2.292924 ], [ 9.840976, 2.293152 ], [ 9.840108, 2.293611 ], [ 9.839605, 2.293978 ], [ 9.839148, 2.294345 ], [ 9.838462, 2.295125 ], [ 9.837685, 2.295952 ], [ 9.837411, 2.296273 ], [ 9.836999, 2.297054 ], [ 9.83677, 2.297513 ], [ 9.836587, 2.297973 ], [ 9.836221, 2.298937 ], [ 9.835764, 2.299167 ], [ 9.835307, 2.298936 ], [ 9.834623, 2.298062 ], [ 9.833847, 2.297096 ], [ 9.833299, 2.29613 ], [ 9.832843, 2.294981 ], [ 9.832387, 2.293694 ], [ 9.832022, 2.292406 ], [ 9.831886, 2.29089 ], [ 9.831932, 2.289465 ], [ 9.832161, 2.287857 ], [ 9.832436, 2.28657 ], [ 9.832802, 2.285284 ], [ 9.833443, 2.284044 ], [ 9.834129, 2.283034 ], [ 9.834631, 2.282529 ], [ 9.835272, 2.281794 ], [ 9.835683, 2.281427 ], [ 9.836734, 2.280739 ], [ 9.83742, 2.279958 ], [ 9.837831, 2.279132 ], [ 9.838289, 2.277937 ], [ 9.838655, 2.277202 ], [ 9.839021, 2.276329 ], [ 9.83915, 2.276179 ], [ 9.839343, 2.275953 ], [ 9.840001, 2.274235 ], [ 9.84002, 2.273922 ], [ 9.840439, 2.272839 ], [ 9.840714, 2.27146 ], [ 9.841126, 2.26999 ], [ 9.841355, 2.268933 ], [ 9.841173, 2.267508 ], [ 9.841219, 2.266451 ], [ 9.841677, 2.265395 ], [ 9.8425, 2.264385 ], [ 9.843094, 2.263145 ], [ 9.843551, 2.262042 ], [ 9.843872, 2.261307 ], [ 9.844101, 2.259561 ], [ 9.844239, 2.258183 ], [ 9.844514, 2.25685 ], [ 9.84456, 2.255931 ], [ 9.844515, 2.254828 ], [ 9.844516, 2.253633 ], [ 9.844607, 2.252944 ], [ 9.844974, 2.251703 ], [ 9.845294, 2.250969 ], [ 9.845477, 2.250371 ], [ 9.845569, 2.249866 ], [ 9.845706, 2.249361 ], [ 9.845798, 2.248533 ], [ 9.845981, 2.247798 ], [ 9.846255, 2.247201 ], [ 9.84653, 2.246742 ], [ 9.846713, 2.245869 ], [ 9.846987, 2.245624 ], [ 9.846833, 2.245029 ], [ 9.846485, 2.243471 ], [ 9.846906, 2.243278 ], [ 9.847409, 2.242773 ], [ 9.847821, 2.242452 ], [ 9.84846, 2.241947 ], [ 9.848826, 2.241764 ], [ 9.849282, 2.241535 ], [ 9.849648, 2.241259 ], [ 9.850288, 2.240939 ], [ 9.850791, 2.240755 ], [ 9.851339, 2.240572 ], [ 9.852116, 2.240435 ], [ 9.852755, 2.24039 ], [ 9.85335, 2.240115 ], [ 9.853989, 2.239886 ], [ 9.854538, 2.239749 ], [ 9.854994, 2.239566 ], [ 9.855771, 2.239612 ], [ 9.856367, 2.239719 ], [ 9.856547, 2.239751 ], [ 9.857004, 2.239844 ], [ 9.857312, 2.239885 ], [ 9.857689, 2.239936 ], [ 9.858329, 2.239799 ], [ 9.85906, 2.2398 ], [ 9.859745, 2.239709 ], [ 9.860294, 2.239572 ], [ 9.860705, 2.239297 ], [ 9.861391, 2.238608 ], [ 9.861482, 2.237781 ], [ 9.86162, 2.237322 ], [ 9.861757, 2.236816 ], [ 9.86194, 2.236173 ], [ 9.86194, 2.23553 ], [ 9.862215, 2.234795 ], [ 9.862672, 2.23429 ], [ 9.863449, 2.233923 ], [ 9.863951, 2.23374 ], [ 9.864637, 2.233649 ], [ 9.865094, 2.233557 ], [ 9.865779, 2.23342 ], [ 9.866738, 2.233329 ], [ 9.867241, 2.232962 ], [ 9.867835, 2.232871 ], [ 9.868383, 2.23278 ], [ 9.869343, 2.232276 ], [ 9.870348, 2.231909 ], [ 9.87117, 2.231634 ], [ 9.872358, 2.231452 ], [ 9.873199, 2.231407 ], [ 9.873743, 2.231408 ], [ 9.874186, 2.231408 ], [ 9.875374, 2.231593 ], [ 9.876105, 2.231365 ], [ 9.876607, 2.23063 ], [ 9.876745, 2.23017 ], [ 9.876745, 2.229619 ], [ 9.876883, 2.228792 ], [ 9.876929, 2.227965 ], [ 9.87734, 2.227552 ], [ 9.877843, 2.227277 ], [ 9.878345, 2.227001 ], [ 9.878482, 2.226404 ], [ 9.878346, 2.225531 ], [ 9.878301, 2.225071 ], [ 9.878164, 2.224566 ], [ 9.87789, 2.223738 ], [ 9.877845, 2.223095 ], [ 9.877975, 2.222983 ], [ 9.87752, 2.221774 ], [ 9.877468, 2.220626 ], [ 9.877555, 2.219936 ], [ 9.877733, 2.219063 ], [ 9.878006, 2.21874 ], [ 9.878324, 2.218417 ], [ 9.878779, 2.218185 ], [ 9.879372, 2.218044 ], [ 9.879967, 2.218133 ], [ 9.880516, 2.218268 ], [ 9.881157, 2.218494 ], [ 9.881249, 2.218667 ], [ 9.881747, 2.21771 ], [ 9.882111, 2.217525 ], [ 9.882794, 2.217062 ], [ 9.883344, 2.217519 ], [ 9.883758, 2.218068 ], [ 9.884399, 2.218248 ], [ 9.885174, 2.217969 ], [ 9.885813, 2.217782 ], [ 9.886361, 2.217779 ], [ 9.886682, 2.218099 ], [ 9.886869, 2.218787 ], [ 9.887008, 2.2192 ], [ 9.887148, 2.21975 ], [ 9.887606, 2.21984 ], [ 9.888064, 2.220067 ], [ 9.888341, 2.220709 ], [ 9.888982, 2.220981 ], [ 9.889576, 2.220933 ], [ 9.890032, 2.220747 ], [ 9.890808, 2.220605 ], [ 9.891144, 2.220702 ], [ 9.891105, 2.220334 ], [ 9.891066, 2.220011 ], [ 9.891024, 2.219827 ], [ 9.890891, 2.219594 ], [ 9.89085, 2.219364 ], [ 9.890717, 2.219132 ], [ 9.890677, 2.218855 ], [ 9.890593, 2.218486 ], [ 9.890461, 2.218208 ], [ 9.890331, 2.217838 ], [ 9.890241, 2.217744 ], [ 9.889839, 2.217274 ], [ 9.889565, 2.217413 ], [ 9.889017, 2.217276 ], [ 9.888831, 2.216404 ], [ 9.888555, 2.215669 ], [ 9.888688, 2.21452 ], [ 9.889005, 2.213738 ], [ 9.88914, 2.21291 ], [ 9.889503, 2.21222 ], [ 9.890278, 2.211574 ], [ 9.890917, 2.21148 ], [ 9.89183, 2.21134 ], [ 9.893017, 2.211061 ], [ 9.893929, 2.210782 ], [ 9.895069, 2.21009 ], [ 9.895249, 2.20917 ], [ 9.895337, 2.208251 ], [ 9.895426, 2.20747 ], [ 9.895443, 2.20728 ], [ 9.895499, 2.20663 ], [ 9.895514, 2.206458 ], [ 9.895375, 2.205723 ], [ 9.895372, 2.204988 ], [ 9.8961, 2.203883 ], [ 9.896372, 2.203377 ], [ 9.896553, 2.202779 ], [ 9.897054, 2.202226 ], [ 9.897782, 2.201672 ], [ 9.898285, 2.201441 ], [ 9.89897, 2.201485 ], [ 9.899928, 2.201069 ], [ 9.900702, 2.200331 ], [ 9.901293, 2.199595 ], [ 9.901656, 2.198812 ], [ 9.901654, 2.198261 ], [ 9.901285, 2.197067 ], [ 9.901146, 2.196332 ], [ 9.900823, 2.195414 ], [ 9.901049, 2.194586 ], [ 9.901505, 2.194263 ], [ 9.902647, 2.194168 ], [ 9.903377, 2.19412 ], [ 9.903836, 2.194808 ], [ 9.904387, 2.195588 ], [ 9.905073, 2.196045 ], [ 9.906124, 2.196042 ], [ 9.907036, 2.195718 ], [ 9.907902, 2.194889 ], [ 9.908265, 2.19429 ], [ 9.908995, 2.194242 ], [ 9.909545, 2.194608 ], [ 9.910004, 2.195204 ], [ 9.910508, 2.1958 ], [ 9.911196, 2.196579 ], [ 9.913436, 2.197125 ], [ 9.91467, 2.197213 ], [ 9.916178, 2.197439 ], [ 9.917047, 2.19785 ], [ 9.918006, 2.197893 ], [ 9.918554, 2.197708 ], [ 9.918872, 2.197247 ], [ 9.918916, 2.196696 ], [ 9.918914, 2.196144 ], [ 9.918911, 2.195225 ], [ 9.918954, 2.194444 ], [ 9.919909, 2.193154 ], [ 9.92041, 2.192785 ], [ 9.921231, 2.192369 ], [ 9.922189, 2.191769 ], [ 9.923283, 2.191215 ], [ 9.923967, 2.190661 ], [ 9.924559, 2.18997 ], [ 9.925333, 2.189462 ], [ 9.926064, 2.189368 ], [ 9.926795, 2.189412 ], [ 9.927342, 2.189135 ], [ 9.927934, 2.188582 ], [ 9.928617, 2.187845 ], [ 9.929255, 2.187383 ], [ 9.929848, 2.187307 ], [ 9.929847, 2.186636 ], [ 9.92975, 2.185473 ], [ 9.930039, 2.184503 ], [ 9.930906, 2.183339 ], [ 9.932061, 2.18266 ], [ 9.933506, 2.182174 ], [ 9.934085, 2.182174 ], [ 9.93476, 2.183143 ], [ 9.935628, 2.185566 ], [ 9.936305, 2.187892 ], [ 9.936658, 2.188465 ], [ 9.937208, 2.188923 ], [ 9.937575, 2.18929 ], [ 9.937988, 2.19007 ], [ 9.938539, 2.191079 ], [ 9.938771, 2.192182 ], [ 9.938865, 2.192963 ], [ 9.938868, 2.19379 ], [ 9.939144, 2.194479 ], [ 9.939919, 2.194155 ], [ 9.94042, 2.19351 ], [ 9.940784, 2.193049 ], [ 9.941467, 2.192404 ], [ 9.941921, 2.191529 ], [ 9.942695, 2.190838 ], [ 9.943608, 2.190468 ], [ 9.944565, 2.189959 ], [ 9.945248, 2.189222 ], [ 9.945748, 2.188348 ], [ 9.94611, 2.187428 ], [ 9.946519, 2.186829 ], [ 9.947067, 2.186598 ], [ 9.947752, 2.186642 ], [ 9.948209, 2.186962 ], [ 9.948897, 2.187603 ], [ 9.949491, 2.187648 ], [ 9.949994, 2.187738 ], [ 9.950587, 2.187644 ], [ 9.95141, 2.187918 ], [ 9.95205, 2.188054 ], [ 9.952965, 2.188327 ], [ 9.953513, 2.188509 ], [ 9.953972, 2.189014 ], [ 9.954795, 2.189471 ], [ 9.955525, 2.189193 ], [ 9.956346, 2.188731 ], [ 9.957304, 2.188591 ], [ 9.958125, 2.187853 ], [ 9.958214, 2.187255 ], [ 9.958851, 2.186564 ], [ 9.959535, 2.185965 ], [ 9.96031, 2.185595 ], [ 9.961725, 2.185361 ], [ 9.962501, 2.185221 ], [ 9.963094, 2.184714 ], [ 9.963412, 2.184161 ], [ 9.963866, 2.183471 ], [ 9.964731, 2.182595 ], [ 9.965642, 2.181857 ], [ 9.966509, 2.181487 ], [ 9.96733, 2.181163 ], [ 9.968515, 2.180149 ], [ 9.96929, 2.179825 ], [ 9.97002, 2.179593 ], [ 9.97075, 2.179499 ], [ 9.971709, 2.179312 ], [ 9.972622, 2.179034 ], [ 9.973581, 2.179031 ], [ 9.974448, 2.178937 ], [ 9.975362, 2.178842 ], [ 9.97632, 2.17861 ], [ 9.976776, 2.178241 ], [ 9.977048, 2.177735 ], [ 9.97764, 2.17709 ], [ 9.97928, 2.175706 ], [ 9.980285, 2.175704 ], [ 9.980924, 2.175518 ], [ 9.981517, 2.175516 ], [ 9.982064, 2.174917 ], [ 9.982517, 2.174043 ], [ 9.982973, 2.17372 ], [ 9.983568, 2.17404 ], [ 9.984254, 2.174313 ], [ 9.985261, 2.174816 ], [ 9.98599, 2.174309 ], [ 9.986445, 2.17371 ], [ 9.986762, 2.173157 ], [ 9.986914, 2.172658 ], [ 9.987211, 2.170761 ], [ 9.987183, 2.169888 ], [ 9.987242, 2.1692 ], [ 9.987434, 2.168698 ], [ 9.987674, 2.168105 ], [ 9.988322, 2.167705 ], [ 9.989054, 2.167582 ], [ 9.989876, 2.167598 ], [ 9.99047, 2.167564 ], [ 9.991336, 2.167673 ], [ 9.992061, 2.167963 ], [ 9.9926, 2.168434 ], [ 9.99305, 2.168764 ], [ 9.993502, 2.169049 ], [ 9.994039, 2.169565 ], [ 9.994677, 2.16967 ], [ 9.99527, 2.169682 ], [ 9.996229, 2.169701 ], [ 9.99705, 2.169763 ], [ 9.997638, 2.170051 ], [ 9.99836, 2.170479 ], [ 9.998994, 2.170767 ], [ 9.999763, 2.171104 ], [ 10.00012, 2.171571 ], [ 10.000459, 2.172443 ], [ 10.000555, 2.172658 ], [ 10.001196, 2.173208 ], [ 10.001743, 2.172793 ], [ 10.002427, 2.172331 ], [ 10.003066, 2.172329 ], [ 10.003616, 2.172696 ], [ 10.00421, 2.172832 ], [ 10.004757, 2.1726 ], [ 10.006352, 2.171355 ], [ 10.007035, 2.170664 ], [ 10.00781, 2.170248 ], [ 10.008861, 2.170475 ], [ 10.009547, 2.170886 ], [ 10.010553, 2.171205 ], [ 10.01156, 2.171662 ], [ 10.012381, 2.171292 ], [ 10.013019, 2.170968 ], [ 10.013611, 2.170461 ], [ 10.014569, 2.170091 ], [ 10.015391, 2.170042 ], [ 10.016122, 2.169948 ], [ 10.016759, 2.169257 ], [ 10.017169, 2.168934 ], [ 10.017762, 2.168795 ], [ 10.018675, 2.16847 ], [ 10.019405, 2.168193 ], [ 10.020226, 2.16796 ], [ 10.021503, 2.167359 ], [ 10.022005, 2.167266 ], [ 10.023191, 2.166619 ], [ 10.025057, 2.16473 ], [ 10.0262, 2.165002 ], [ 10.026793, 2.164817 ], [ 10.027432, 2.164585 ], [ 10.027978, 2.164078 ], [ 10.028342, 2.163571 ], [ 10.029026, 2.163018 ], [ 10.029571, 2.162465 ], [ 10.030439, 2.162324 ], [ 10.031489, 2.161954 ], [ 10.031759, 2.16108 ], [ 10.031894, 2.160298 ], [ 10.032441, 2.160021 ], [ 10.032855, 2.160893 ], [ 10.032949, 2.161582 ], [ 10.033088, 2.162225 ], [ 10.033637, 2.162453 ], [ 10.034414, 2.162773 ], [ 10.035101, 2.16323 ], [ 10.035696, 2.163734 ], [ 10.035881, 2.164469 ], [ 10.036613, 2.164742 ], [ 10.03716, 2.164327 ], [ 10.037845, 2.164187 ], [ 10.038877, 2.164229 ], [ 10.039717, 2.164182 ], [ 10.040539, 2.164133 ], [ 10.040625, 2.16359 ], [ 10.040753, 2.162781 ], [ 10.040718, 2.162183 ], [ 10.040462, 2.161259 ], [ 10.04011, 2.160609 ], [ 10.039803, 2.159959 ], [ 10.039496, 2.159264 ], [ 10.039278, 2.158754 ], [ 10.038969, 2.158197 ], [ 10.038755, 2.157503 ], [ 10.038357, 2.156806 ], [ 10.038001, 2.156339 ], [ 10.037466, 2.155639 ], [ 10.037024, 2.154895 ], [ 10.036904, 2.15402 ], [ 10.037106, 2.153059 ], [ 10.037488, 2.152194 ], [ 10.037819, 2.151603 ], [ 10.037604, 2.15091 ], [ 10.03734, 2.150399 ], [ 10.036893, 2.149885 ], [ 10.036495, 2.149188 ], [ 10.036144, 2.148491 ], [ 10.035928, 2.147844 ], [ 10.035667, 2.147149 ], [ 10.035451, 2.146548 ], [ 10.035644, 2.146046 ], [ 10.036319, 2.146519 ], [ 10.037039, 2.147085 ], [ 10.037487, 2.147507 ], [ 10.037934, 2.148022 ], [ 10.038244, 2.148533 ], [ 10.038691, 2.149002 ], [ 10.039226, 2.149702 ], [ 10.039163, 2.150573 ], [ 10.038917, 2.151487 ], [ 10.038721, 2.152173 ], [ 10.038435, 2.152764 ], [ 10.038334, 2.153314 ], [ 10.038549, 2.153961 ], [ 10.038805, 2.154931 ], [ 10.039246, 2.155721 ], [ 10.039687, 2.156511 ], [ 10.039993, 2.157206 ], [ 10.040346, 2.157857 ], [ 10.040746, 2.158416 ], [ 10.041285, 2.158886 ], [ 10.041736, 2.159171 ], [ 10.042454, 2.159828 ], [ 10.042946, 2.160344 ], [ 10.043809, 2.160591 ], [ 10.044632, 2.160515 ], [ 10.045364, 2.160484 ], [ 10.04617, 2.160994 ], [ 10.046716, 2.160673 ], [ 10.047679, 2.160479 ], [ 10.048451, 2.161351 ], [ 10.048645, 2.16358 ], [ 10.048839, 2.164938 ], [ 10.049707, 2.1661 ], [ 10.051538, 2.16639 ], [ 10.052501, 2.165808 ], [ 10.053754, 2.165419 ], [ 10.054181, 2.165049 ], [ 10.054016, 2.16483 ], [ 10.054517, 2.164507 ], [ 10.055978, 2.164364 ], [ 10.05712, 2.164407 ], [ 10.05817, 2.164082 ], [ 10.059264, 2.16362 ], [ 10.059858, 2.163388 ], [ 10.060542, 2.163156 ], [ 10.061773, 2.162693 ], [ 10.063052, 2.162506 ], [ 10.063737, 2.162412 ], [ 10.06433, 2.162272 ], [ 10.0657, 2.162176 ], [ 10.066522, 2.162128 ], [ 10.067297, 2.16162 ], [ 10.067981, 2.161389 ], [ 10.068574, 2.161019 ], [ 10.06944, 2.160741 ], [ 10.070216, 2.160555 ], [ 10.071039, 2.160507 ], [ 10.071953, 2.160872 ], [ 10.073004, 2.161098 ], [ 10.074102, 2.161509 ], [ 10.074833, 2.16169 ], [ 10.075838, 2.161641 ], [ 10.076523, 2.161593 ], [ 10.077572, 2.161361 ], [ 10.078852, 2.161403 ], [ 10.080038, 2.16117 ], [ 10.081272, 2.161166 ], [ 10.082276, 2.161163 ], [ 10.083144, 2.161023 ], [ 10.083828, 2.160837 ], [ 10.08433, 2.160698 ], [ 10.085198, 2.160695 ], [ 10.086293, 2.160462 ], [ 10.086887, 2.160506 ], [ 10.087665, 2.160826 ], [ 10.088259, 2.160824 ], [ 10.089082, 2.160822 ], [ 10.090086, 2.160819 ], [ 10.091045, 2.160632 ], [ 10.091593, 2.16063 ], [ 10.092141, 2.160859 ], [ 10.092782, 2.160903 ], [ 10.093513, 2.161038 ], [ 10.094015, 2.161175 ], [ 10.094837, 2.161035 ], [ 10.095657, 2.160435 ], [ 10.096568, 2.159743 ], [ 10.097162, 2.159649 ], [ 10.097664, 2.15951 ], [ 10.098259, 2.159968 ], [ 10.098444, 2.160564 ], [ 10.098765, 2.161023 ], [ 10.099589, 2.161572 ], [ 10.100138, 2.161754 ], [ 10.100732, 2.161936 ], [ 10.101418, 2.162302 ], [ 10.10247, 2.162758 ], [ 10.103202, 2.162894 ], [ 10.103933, 2.162892 ], [ 10.104615, 2.162017 ], [ 10.105206, 2.161372 ], [ 10.105799, 2.161002 ], [ 10.107714, 2.159986 ], [ 10.108352, 2.159708 ], [ 10.109448, 2.159567 ], [ 10.110134, 2.159703 ], [ 10.110728, 2.159793 ], [ 10.111458, 2.159653 ], [ 10.111702, 2.159588 ], [ 10.112649, 2.15953 ], [ 10.113345, 2.158947 ], [ 10.113724, 2.158265 ], [ 10.11392, 2.15758 ], [ 10.113659, 2.156932 ], [ 10.113486, 2.156423 ], [ 10.113135, 2.155681 ], [ 10.112688, 2.155166 ], [ 10.111921, 2.154691 ], [ 10.111428, 2.154222 ], [ 10.110933, 2.153845 ], [ 10.110391, 2.153512 ], [ 10.109948, 2.152814 ], [ 10.110379, 2.151812 ], [ 10.110575, 2.151081 ], [ 10.111044, 2.150447 ], [ 10.111329, 2.149901 ], [ 10.111755, 2.149129 ], [ 10.112038, 2.148675 ], [ 10.112278, 2.148037 ], [ 10.113211, 2.147044 ], [ 10.113633, 2.146501 ], [ 10.114414, 2.146241 ], [ 10.115149, 2.14598 ], [ 10.115789, 2.145993 ], [ 10.116436, 2.145547 ], [ 10.117036, 2.145237 ], [ 10.117637, 2.144881 ], [ 10.117926, 2.144106 ], [ 10.1184, 2.143197 ], [ 10.118961, 2.142519 ], [ 10.119427, 2.142069 ], [ 10.120348, 2.141673 ], [ 10.121081, 2.141504 ], [ 10.121628, 2.141607 ], [ 10.122124, 2.141938 ], [ 10.12271, 2.142318 ], [ 10.123335, 2.143019 ], [ 10.123873, 2.143536 ], [ 10.124323, 2.143912 ], [ 10.124315, 2.144296 ], [ 10.1343, 2.155084 ], [ 10.135072, 2.155762 ], [ 10.137096, 2.156342 ], [ 10.141143, 2.156339 ], [ 10.144419, 2.156531 ], [ 10.146443, 2.157014 ], [ 10.145671, 2.155754 ], [ 10.14567, 2.154688 ], [ 10.146248, 2.154106 ], [ 10.147789, 2.154008 ], [ 10.149717, 2.154103 ], [ 10.156364, 2.152935 ], [ 10.159015, 2.151728 ], [ 10.158946, 2.151348 ], [ 10.159494, 2.151164 ], [ 10.159952, 2.150935 ], [ 10.160637, 2.150936 ], [ 10.161459, 2.150753 ], [ 10.162327, 2.150524 ], [ 10.163058, 2.150571 ], [ 10.163651, 2.150709 ], [ 10.164519, 2.150894 ], [ 10.165661, 2.151262 ], [ 10.166437, 2.151723 ], [ 10.167122, 2.152413 ], [ 10.168218, 2.153379 ], [ 10.16904, 2.154482 ], [ 10.170272, 2.155495 ], [ 10.171368, 2.156277 ], [ 10.172327, 2.157059 ], [ 10.173286, 2.158255 ], [ 10.173743, 2.158945 ], [ 10.174565, 2.159267 ], [ 10.175067, 2.159268 ], [ 10.175844, 2.159636 ], [ 10.176711, 2.160648 ], [ 10.177259, 2.161475 ], [ 10.177761, 2.162303 ], [ 10.178126, 2.162487 ], [ 10.179222, 2.162764 ], [ 10.179907, 2.16327 ], [ 10.180866, 2.163731 ], [ 10.181779, 2.164513 ], [ 10.182327, 2.165202 ], [ 10.182738, 2.166168 ], [ 10.183012, 2.167455 ], [ 10.18324, 2.168328 ], [ 10.18365, 2.16934 ], [ 10.184244, 2.169937 ], [ 10.185249, 2.170628 ], [ 10.185842, 2.171042 ], [ 10.186801, 2.171456 ], [ 10.187624, 2.171825 ], [ 10.188255, 2.172072 ], [ 10.188445, 2.172147 ], [ 10.188751, 2.172455 ], [ 10.188902, 2.172607 ], [ 10.189176, 2.173251 ], [ 10.189176, 2.17394 ], [ 10.189175, 2.174905 ], [ 10.189266, 2.176054 ], [ 10.189266, 2.177249 ], [ 10.189403, 2.178168 ], [ 10.189722, 2.179455 ], [ 10.190406, 2.181431 ], [ 10.190908, 2.182581 ], [ 10.191274, 2.1835 ], [ 10.19205, 2.184787 ], [ 10.192552, 2.185661 ], [ 10.193008, 2.186305 ], [ 10.193066, 2.186912 ], [ 10.193066, 2.186913 ], [ 10.193099, 2.18727 ], [ 10.193053, 2.187499 ], [ 10.193053, 2.187913 ], [ 10.193053, 2.18874 ], [ 10.193098, 2.189797 ], [ 10.193235, 2.190624 ], [ 10.193463, 2.191727 ], [ 10.193645, 2.192784 ], [ 10.194101, 2.194255 ], [ 10.194467, 2.195588 ], [ 10.194695, 2.196691 ], [ 10.194694, 2.19761 ], [ 10.194328, 2.198437 ], [ 10.193963, 2.19908 ], [ 10.193986, 2.199373 ], [ 10.194099, 2.200826 ], [ 10.194556, 2.202159 ], [ 10.194829, 2.203308 ], [ 10.194738, 2.204273 ], [ 10.194418, 2.20533 ], [ 10.194143, 2.20657 ], [ 10.194005, 2.207581 ], [ 10.194462, 2.208822 ], [ 10.194736, 2.209787 ], [ 10.194964, 2.211304 ], [ 10.195237, 2.212177 ], [ 10.195739, 2.213648 ], [ 10.19615, 2.214384 ], [ 10.196744, 2.215211 ], [ 10.197383, 2.215993 ], [ 10.197839, 2.216913 ], [ 10.198387, 2.217924 ], [ 10.198844, 2.218798 ], [ 10.199346, 2.219717 ], [ 10.199802, 2.220269 ], [ 10.200259, 2.220729 ], [ 10.200898, 2.221557 ], [ 10.201492, 2.222293 ], [ 10.202177, 2.222891 ], [ 10.202907, 2.223029 ], [ 10.203821, 2.22303 ], [ 10.204735, 2.223031 ], [ 10.205694, 2.223124 ], [ 10.207064, 2.223355 ], [ 10.208526, 2.22354 ], [ 10.209439, 2.223633 ], [ 10.209896, 2.224047 ], [ 10.210489, 2.224553 ], [ 10.211174, 2.225059 ], [ 10.211677, 2.225473 ], [ 10.212133, 2.225749 ], [ 10.212818, 2.226347 ], [ 10.213777, 2.227727 ], [ 10.21437, 2.228876 ], [ 10.214781, 2.229795 ], [ 10.215238, 2.230853 ], [ 10.215649, 2.231588 ], [ 10.216379, 2.232921 ], [ 10.217018, 2.233841 ], [ 10.217475, 2.234485 ], [ 10.217977, 2.235358 ], [ 10.218388, 2.235956 ], [ 10.21889, 2.236738 ], [ 10.219484, 2.237336 ], [ 10.220077, 2.238071 ], [ 10.220762, 2.238853 ], [ 10.221538, 2.239957 ], [ 10.222269, 2.240784 ], [ 10.223045, 2.241658 ], [ 10.223959, 2.242762 ], [ 10.224734, 2.243774 ], [ 10.225556, 2.244785 ], [ 10.225876, 2.245291 ], [ 10.226333, 2.245843 ], [ 10.226972, 2.246027 ], [ 10.22752, 2.24635 ], [ 10.228068, 2.246764 ], [ 10.229347, 2.247592 ], [ 10.230215, 2.248558 ], [ 10.230945, 2.24934 ], [ 10.231676, 2.250029 ], [ 10.232817, 2.250812 ], [ 10.233823, 2.251502 ], [ 10.234554, 2.25187 ], [ 10.235238, 2.25279 ], [ 10.23606, 2.253801 ], [ 10.236837, 2.254492 ], [ 10.237567, 2.255549 ], [ 10.238663, 2.256699 ], [ 10.239988, 2.257527 ], [ 10.240764, 2.258355 ], [ 10.241358, 2.258907 ], [ 10.242317, 2.259689 ], [ 10.243276, 2.260379 ], [ 10.244052, 2.261391 ], [ 10.244691, 2.262218 ], [ 10.245376, 2.263138 ], [ 10.245741, 2.263644 ], [ 10.246289, 2.264517 ], [ 10.246791, 2.265023 ], [ 10.247065, 2.265391 ], [ 10.24775, 2.266357 ], [ 10.248435, 2.26723 ], [ 10.249029, 2.268196 ], [ 10.249577, 2.269069 ], [ 10.249805, 2.269897 ], [ 10.250079, 2.270816 ], [ 10.250489, 2.271827 ], [ 10.250992, 2.272425 ], [ 10.25154, 2.272701 ], [ 10.252133, 2.273253 ], [ 10.25259, 2.274173 ], [ 10.253275, 2.275184 ], [ 10.253868, 2.275598 ], [ 10.254645, 2.27615 ], [ 10.255467, 2.277024 ], [ 10.256106, 2.277852 ], [ 10.256974, 2.279139 ], [ 10.257567, 2.280013 ], [ 10.258161, 2.280978 ], [ 10.258892, 2.281898 ], [ 10.259531, 2.282404 ], [ 10.260307, 2.282956 ], [ 10.260992, 2.283876 ], [ 10.261768, 2.284979 ], [ 10.262545, 2.286083 ], [ 10.263229, 2.287002 ], [ 10.263823, 2.287968 ], [ 10.264691, 2.288841 ], [ 10.265924, 2.289991 ], [ 10.26638, 2.290635 ], [ 10.266243, 2.291232 ], [ 10.266152, 2.292243 ], [ 10.266014, 2.292932 ], [ 10.265786, 2.293759 ], [ 10.265831, 2.294862 ], [ 10.266151, 2.296103 ], [ 10.266378, 2.297482 ], [ 10.266881, 2.298723 ], [ 10.267291, 2.299872 ], [ 10.267748, 2.301021 ], [ 10.26825, 2.302216 ], [ 10.268844, 2.303182 ], [ 10.269483, 2.304055 ], [ 10.270214, 2.304607 ], [ 10.270944, 2.305067 ], [ 10.271584, 2.305619 ], [ 10.272315, 2.306355 ], [ 10.273045, 2.307183 ], [ 10.27405, 2.308149 ], [ 10.274095, 2.308241 ], [ 10.274598, 2.308563 ], [ 10.274918, 2.308885 ], [ 10.275694, 2.309345 ], [ 10.27606, 2.309575 ], [ 10.276516, 2.309713 ], [ 10.276927, 2.310127 ], [ 10.277704, 2.310449 ], [ 10.278572, 2.310772 ], [ 10.279074, 2.311415 ], [ 10.279987, 2.312473 ], [ 10.280444, 2.312657 ], [ 10.281037, 2.313071 ], [ 10.281311, 2.313485 ], [ 10.28154, 2.314129 ], [ 10.281951, 2.314635 ], [ 10.282727, 2.315416 ], [ 10.283412, 2.31583 ], [ 10.28428, 2.316245 ], [ 10.285056, 2.316613 ], [ 10.285696, 2.317257 ], [ 10.286426, 2.318268 ], [ 10.287066, 2.319096 ], [ 10.287705, 2.319648 ], [ 10.288299, 2.320108 ], [ 10.289166, 2.32066 ], [ 10.289943, 2.321212 ], [ 10.290491, 2.321764 ], [ 10.291313, 2.32227 ], [ 10.29209, 2.322822 ], [ 10.292638, 2.323328 ], [ 10.293048, 2.32365 ], [ 10.293414, 2.324018 ], [ 10.293825, 2.324156 ], [ 10.294236, 2.32434 ], [ 10.294738, 2.324433 ], [ 10.295607, 2.324985 ], [ 10.2962, 2.325307 ], [ 10.296566, 2.325767 ], [ 10.297022, 2.326135 ], [ 10.297387, 2.326549 ], [ 10.297616, 2.326916 ], [ 10.298073, 2.327376 ], [ 10.298529, 2.327836 ], [ 10.29894, 2.328434 ], [ 10.299488, 2.32894 ], [ 10.300173, 2.329768 ], [ 10.30063, 2.330136 ], [ 10.301132, 2.330825 ], [ 10.301726, 2.331469 ], [ 10.302274, 2.332067 ], [ 10.302913, 2.332756 ], [ 10.303507, 2.333125 ], [ 10.303964, 2.333585 ], [ 10.304421, 2.33409 ], [ 10.304968, 2.33455 ], [ 10.30538, 2.335056 ], [ 10.305973, 2.335654 ], [ 10.306613, 2.33616 ], [ 10.307526, 2.336896 ], [ 10.308485, 2.337586 ], [ 10.308942, 2.337678 ], [ 10.309262, 2.338 ], [ 10.309719, 2.33846 ], [ 10.310221, 2.338828 ], [ 10.310997, 2.339518 ], [ 10.311865, 2.339886 ], [ 10.312824, 2.340347 ], [ 10.313646, 2.340899 ], [ 10.314834, 2.341037 ], [ 10.315748, 2.341635 ], [ 10.316661, 2.342325 ], [ 10.317437, 2.343107 ], [ 10.317939, 2.343659 ], [ 10.318488, 2.343889 ], [ 10.319173, 2.344349 ], [ 10.319812, 2.344993 ], [ 10.319845, 2.345021 ], [ 10.32068, 2.345729 ], [ 10.321593, 2.346603 ], [ 10.322081, 2.348487 ], [ 10.322123, 2.348931 ], [ 10.322536, 2.349389 ], [ 10.322903, 2.349755 ], [ 10.323452, 2.350075 ], [ 10.324001, 2.350395 ], [ 10.324688, 2.35076 ], [ 10.32542, 2.351263 ], [ 10.325764, 2.351554 ], [ 10.326016, 2.351767 ], [ 10.326246, 2.35241 ], [ 10.32657, 2.353466 ], [ 10.326985, 2.354475 ], [ 10.3274, 2.355669 ], [ 10.327768, 2.356494 ], [ 10.327864, 2.357689 ], [ 10.327869, 2.359067 ], [ 10.327052, 2.360724 ], [ 10.326324, 2.361461 ], [ 10.326238, 2.36284 ], [ 10.326105, 2.364173 ], [ 10.325883, 2.365874 ], [ 10.325569, 2.367437 ], [ 10.324934, 2.36868 ], [ 10.324263, 2.370902 ], [ 10.324165, 2.371222 ], [ 10.324063, 2.371817 ], [ 10.323959, 2.372504 ], [ 10.323993, 2.373102 ], [ 10.324391, 2.373844 ], [ 10.324926, 2.37459 ], [ 10.325323, 2.375286 ], [ 10.325679, 2.375798 ], [ 10.32576, 2.376397 ], [ 10.325971, 2.37732 ], [ 10.32564, 2.37791 ], [ 10.325265, 2.378454 ], [ 10.325298, 2.379144 ], [ 10.325282, 2.380016 ], [ 10.325225, 2.380612 ], [ 10.325306, 2.381211 ], [ 10.325428, 2.381994 ], [ 10.325189, 2.382586 ], [ 10.324682, 2.382806 ], [ 10.323903, 2.382975 ], [ 10.323351, 2.383194 ], [ 10.322792, 2.383734 ], [ 10.322737, 2.384284 ], [ 10.322954, 2.384885 ], [ 10.319453, 2.387439 ], [ 10.316782, 2.388337 ], [ 10.354708, 2.458193 ], [ 10.398109, 2.475167 ], [ 10.398568, 2.475849 ], [ 10.400044, 2.476935 ], [ 10.401698, 2.477697 ], [ 10.403412, 2.479607 ], [ 10.404345, 2.481205 ], [ 10.405961, 2.482519 ], [ 10.405979, 2.484036 ], [ 10.405818, 2.48583 ], [ 10.405666, 2.488314 ], [ 10.404673, 2.489383 ], [ 10.40442, 2.491133 ], [ 10.403252, 2.492755 ], [ 10.402961, 2.495149 ], [ 10.402125, 2.497825 ], [ 10.400807, 2.498392 ], [ 10.400184, 2.499778 ], [ 10.400528, 2.501705 ], [ 10.400731, 2.503449 ], [ 10.400926, 2.504412 ], [ 10.401399, 2.505694 ], [ 10.401517, 2.507899 ], [ 10.401997, 2.509824 ], [ 10.403204, 2.511326 ], [ 10.404686, 2.512964 ], [ 10.404874, 2.513258 ], [ 10.406433, 2.514589 ], [ 10.470823, 2.478669 ], [ 10.471975, 2.478026 ], [ 10.471979, 2.478031 ], [ 10.472354, 2.478468 ], [ 10.472866, 2.479064 ], [ 10.474204, 2.480151 ], [ 10.476076, 2.479991 ], [ 10.477676, 2.48011 ], [ 10.478433, 2.478401 ], [ 10.478965, 2.479124 ], [ 10.479008, 2.479182 ], [ 10.47964, 2.480041 ], [ 10.479934, 2.4816 ], [ 10.48123, 2.482918 ], [ 10.481885, 2.484197 ], [ 10.481312, 2.485905 ], [ 10.481259, 2.486019 ], [ 10.480712, 2.486671 ], [ 10.480518, 2.487264 ], [ 10.480327, 2.48772 ], [ 10.480132, 2.488359 ], [ 10.480253, 2.48928 ], [ 10.480517, 2.489836 ], [ 10.480963, 2.490441 ], [ 10.481543, 2.491142 ], [ 10.482036, 2.491702 ], [ 10.482434, 2.492353 ], [ 10.4827, 2.492817 ], [ 10.483054, 2.493467 ], [ 10.483273, 2.493976 ], [ 10.48381, 2.494583 ], [ 10.484574, 2.495241 ], [ 10.485206, 2.495667 ], [ 10.485793, 2.496045 ], [ 10.486339, 2.496148 ], [ 10.487067, 2.496253 ], [ 10.488031, 2.495996 ], [ 10.488677, 2.495641 ], [ 10.489367, 2.495379 ], [ 10.490013, 2.49507 ], [ 10.490612, 2.49476 ], [ 10.491389, 2.494729 ], [ 10.491838, 2.495151 ], [ 10.492284, 2.495756 ], [ 10.492725, 2.496591 ], [ 10.493037, 2.497011 ], [ 10.493349, 2.497476 ], [ 10.493798, 2.497852 ], [ 10.494256, 2.498116 ], [ 10.494636, 2.499261 ], [ 10.495654, 2.500305 ], [ 10.497085, 2.501484 ], [ 10.49851, 2.502156 ], [ 10.499531, 2.503477 ], [ 10.499961, 2.505035 ], [ 10.500393, 2.506685 ], [ 10.502136, 2.507261 ], [ 10.503562, 2.50798 ], [ 10.504891, 2.508332 ], [ 10.506579, 2.508128 ], [ 10.508691, 2.508838 ], [ 10.510481, 2.509553 ], [ 10.510929, 2.508766 ], [ 10.510905, 2.50679 ], [ 10.511113, 2.505132 ], [ 10.512387, 2.504704 ], [ 10.513768, 2.505561 ], [ 10.515558, 2.506183 ], [ 10.516202, 2.506497 ], [ 10.516812, 2.507823 ], [ 10.517648, 2.508916 ], [ 10.518778, 2.507891 ], [ 10.52033, 2.507781 ], [ 10.521668, 2.508776 ], [ 10.523442, 2.508158 ], [ 10.525545, 2.508225 ], [ 10.527074, 2.509953 ], [ 10.528375, 2.511638 ], [ 10.529896, 2.512723 ], [ 10.529272, 2.514018 ], [ 10.528232, 2.514949 ], [ 10.527975, 2.516377 ], [ 10.527815, 2.518172 ], [ 10.528561, 2.519358 ], [ 10.52958, 2.520541 ], [ 10.531734, 2.521067 ], [ 10.532172, 2.519453 ], [ 10.53298, 2.518294 ], [ 10.534158, 2.517453 ], [ 10.534228, 2.515705 ], [ 10.536237, 2.515544 ], [ 10.537845, 2.51626 ], [ 10.539645, 2.517663 ], [ 10.541218, 2.519254 ], [ 10.542744, 2.520706 ], [ 10.544262, 2.521561 ], [ 10.546337, 2.523053 ], [ 10.548173, 2.523675 ], [ 10.550509, 2.524199 ], [ 10.551491, 2.525934 ], [ 10.553453, 2.525727 ], [ 10.555601, 2.525793 ], [ 10.557304, 2.526738 ], [ 10.558637, 2.527412 ], [ 10.560327, 2.527345 ], [ 10.56183, 2.526914 ], [ 10.563004, 2.525751 ], [ 10.563301, 2.523909 ], [ 10.564058, 2.522291 ], [ 10.565274, 2.520806 ], [ 10.565364, 2.520759 ], [ 10.566829, 2.520925 ], [ 10.56815, 2.520588 ], [ 10.569523, 2.520801 ], [ 10.571265, 2.52124 ], [ 10.572912, 2.521404 ], [ 10.574231, 2.520929 ], [ 10.575579, 2.519028 ], [ 10.577029, 2.518 ], [ 10.578591, 2.518717 ], [ 10.580792, 2.519334 ], [ 10.582154, 2.518628 ], [ 10.583759, 2.519023 ], [ 10.58499, 2.519671 ], [ 10.585552, 2.519967 ], [ 10.586225, 2.520485 ], [ 10.586844, 2.520963 ], [ 10.589275, 2.521715 ], [ 10.589703, 2.523042 ], [ 10.591253, 2.522748 ], [ 10.592885, 2.521717 ], [ 10.594717, 2.522063 ], [ 10.596398, 2.521262 ], [ 10.597857, 2.520969 ], [ 10.599237, 2.52178 ], [ 10.600793, 2.521945 ], [ 10.60136, 2.523455 ], [ 10.6017, 2.525059 ], [ 10.602948, 2.52624 ], [ 10.604197, 2.527466 ], [ 10.605572, 2.527817 ], [ 10.607166, 2.527338 ], [ 10.608722, 2.52755 ], [ 10.610243, 2.528589 ], [ 10.611614, 2.528618 ], [ 10.613297, 2.527954 ], [ 10.615121, 2.527703 ], [ 10.616765, 2.527637 ], [ 10.617574, 2.526525 ], [ 10.617463, 2.524963 ], [ 10.618132, 2.52353 ], [ 10.619589, 2.523191 ], [ 10.620581, 2.522076 ], [ 10.620647, 2.520007 ], [ 10.62192, 2.519487 ], [ 10.623328, 2.518826 ], [ 10.624449, 2.517066 ], [ 10.626, 2.516864 ], [ 10.626368, 2.517043 ], [ 10.627314, 2.516021 ], [ 10.627929, 2.513945 ], [ 10.629435, 2.513835 ], [ 10.6305, 2.514925 ], [ 10.632103, 2.515228 ], [ 10.633533, 2.516314 ], [ 10.635125, 2.515744 ], [ 10.635918, 2.517021 ], [ 10.635435, 2.518681 ], [ 10.636986, 2.518387 ], [ 10.638253, 2.517407 ], [ 10.63976, 2.517389 ], [ 10.64074, 2.518986 ], [ 10.639566, 2.520103 ], [ 10.638572, 2.521034 ], [ 10.640048, 2.522165 ], [ 10.641826, 2.521822 ], [ 10.642543, 2.520665 ], [ 10.644036, 2.519452 ], [ 10.64541, 2.519757 ], [ 10.647385, 2.520515 ], [ 10.649356, 2.521089 ], [ 10.650442, 2.520156 ], [ 10.650696, 2.518591 ], [ 10.650587, 2.517121 ], [ 10.650932, 2.515508 ], [ 10.652039, 2.516277 ], [ 10.652332, 2.51779 ], [ 10.653079, 2.519114 ], [ 10.654058, 2.520711 ], [ 10.65544, 2.521567 ], [ 10.655938, 2.521194 ], [ 10.656373, 2.519396 ], [ 10.657778, 2.518506 ], [ 10.65957, 2.519312 ], [ 10.661088, 2.520167 ], [ 10.662427, 2.5213 ], [ 10.663354, 2.5223 ], [ 10.66477, 2.522237 ], [ 10.666237, 2.522679 ], [ 10.665751, 2.524018 ], [ 10.665634, 2.525581 ], [ 10.665196, 2.527103 ], [ 10.66649, 2.528283 ], [ 10.665359, 2.529262 ], [ 10.664876, 2.530784 ], [ 10.666302, 2.531549 ], [ 10.666503, 2.533063 ], [ 10.665651, 2.534406 ], [ 10.665256, 2.535697 ], [ 10.665507, 2.537533 ], [ 10.666031, 2.539227 ], [ 10.66614, 2.540697 ], [ 10.666562, 2.542995 ], [ 10.66779, 2.544621 ], [ 10.669311, 2.546147 ], [ 10.671076, 2.546342 ], [ 10.672943, 2.546452 ], [ 10.673072, 2.546459 ], [ 10.675401, 2.546488 ], [ 10.677693, 2.543417 ], [ 10.677797, 2.543278 ], [ 10.679247, 2.540034 ], [ 10.67997, 2.539336 ], [ 10.680903, 2.537164 ], [ 10.682166, 2.535862 ], [ 10.682956, 2.536956 ], [ 10.68367, 2.535568 ], [ 10.683971, 2.534048 ], [ 10.684319, 2.532665 ], [ 10.685032, 2.531186 ], [ 10.685698, 2.529615 ], [ 10.687011, 2.528634 ], [ 10.687537, 2.530512 ], [ 10.688964, 2.531322 ], [ 10.690227, 2.53002 ], [ 10.690934, 2.528128 ], [ 10.691734, 2.526325 ], [ 10.692404, 2.525076 ], [ 10.693072, 2.523644 ], [ 10.6947, 2.522245 ], [ 10.695925, 2.521541 ], [ 10.697242, 2.520928 ], [ 10.698873, 2.519759 ], [ 10.699863, 2.518507 ], [ 10.700898, 2.517253 ], [ 10.702723, 2.517093 ], [ 10.703437, 2.515706 ], [ 10.704753, 2.514955 ], [ 10.70622, 2.515305 ], [ 10.707774, 2.515378 ], [ 10.708768, 2.514447 ], [ 10.710266, 2.513693 ], [ 10.712056, 2.51427 ], [ 10.713979, 2.514568 ], [ 10.71532, 2.515885 ], [ 10.716173, 2.51468 ], [ 10.717208, 2.513426 ], [ 10.718495, 2.514008 ], [ 10.72, 2.513761 ], [ 10.721449, 2.512686 ], [ 10.723175, 2.51193 ], [ 10.72495, 2.511265 ], [ 10.725295, 2.51104 ], [ 10.726309, 2.510376 ], [ 10.728322, 2.510581 ], [ 10.729745, 2.51107 ], [ 10.730367, 2.509683 ], [ 10.730121, 2.508308 ], [ 10.730189, 2.506376 ], [ 10.731312, 2.5048 ], [ 10.731674, 2.504566 ], [ 10.73323, 2.504777 ], [ 10.734248, 2.505776 ], [ 10.734203, 2.505868 ], [ 10.733811, 2.507344 ], [ 10.734103, 2.508811 ], [ 10.735267, 2.510544 ], [ 10.735705, 2.512699 ], [ 10.737087, 2.513647 ], [ 10.738641, 2.513674 ], [ 10.739753, 2.514901 ], [ 10.738857, 2.516291 ], [ 10.738141, 2.517495 ], [ 10.739116, 2.51877 ], [ 10.74032, 2.520088 ], [ 10.73961, 2.521751 ], [ 10.739908, 2.523678 ], [ 10.741423, 2.524257 ], [ 10.742169, 2.525489 ], [ 10.741591, 2.526737 ], [ 10.74097, 2.528261 ], [ 10.741064, 2.528444 ], [ 10.741586, 2.530046 ], [ 10.742111, 2.531832 ], [ 10.743135, 2.533382 ], [ 10.744517, 2.534239 ], [ 10.745678, 2.535741 ], [ 10.745882, 2.537439 ], [ 10.745585, 2.539281 ], [ 10.746288, 2.540652 ], [ 10.747637, 2.542612 ], [ 10.748616, 2.544162 ], [ 10.750459, 2.545335 ], [ 10.751878, 2.54564 ], [ 10.753345, 2.54599 ], [ 10.75514, 2.547025 ], [ 10.756855, 2.548981 ], [ 10.75701, 2.550449 ], [ 10.757898, 2.552047 ], [ 10.758919, 2.553322 ], [ 10.760672, 2.554587 ], [ 10.762007, 2.555444 ], [ 10.763166, 2.556717 ], [ 10.763456, 2.558047 ], [ 10.762869, 2.558605 ], [ 10.762247, 2.559991 ], [ 10.762587, 2.561642 ], [ 10.762331, 2.56307 ], [ 10.763399, 2.564435 ], [ 10.762968, 2.566509 ], [ 10.763807, 2.567877 ], [ 10.764152, 2.56985 ], [ 10.764678, 2.571727 ], [ 10.764468, 2.573247 ], [ 10.764988, 2.574665 ], [ 10.764552, 2.576279 ], [ 10.764301, 2.57812 ], [ 10.764867, 2.579584 ], [ 10.766248, 2.580395 ], [ 10.76727, 2.581761 ], [ 10.768293, 2.583127 ], [ 10.768086, 2.58483 ], [ 10.767047, 2.585854 ], [ 10.767156, 2.587277 ], [ 10.766248, 2.587702 ], [ 10.764289, 2.588139 ], [ 10.762516, 2.58885 ], [ 10.762305, 2.590323 ], [ 10.76232, 2.591518 ], [ 10.762431, 2.593079 ], [ 10.762542, 2.59464 ], [ 10.762514, 2.596019 ], [ 10.762261, 2.597723 ], [ 10.762461, 2.599099 ], [ 10.762298, 2.60071 ], [ 10.762273, 2.602365 ], [ 10.763114, 2.603825 ], [ 10.764682, 2.605001 ], [ 10.766299, 2.606406 ], [ 10.767263, 2.606808 ], [ 10.769049, 2.607108 ], [ 10.770597, 2.60663 ], [ 10.772148, 2.606427 ], [ 10.773892, 2.607004 ], [ 10.775321, 2.607997 ], [ 10.777097, 2.607516 ], [ 10.779101, 2.606986 ], [ 10.78071, 2.607794 ], [ 10.781415, 2.609302 ], [ 10.782483, 2.610714 ], [ 10.782045, 2.612698 ], [ 10.782145, 2.61369 ], [ 10.78274, 2.615575 ], [ 10.782741, 2.616667 ], [ 10.781953, 2.617959 ], [ 10.781562, 2.619944 ], [ 10.780774, 2.621038 ], [ 10.780384, 2.624711 ], [ 10.780881, 2.627291 ], [ 10.782364, 2.629671 ], [ 10.783946, 2.631357 ], [ 10.784147, 2.633639 ], [ 10.783162, 2.635427 ], [ 10.78366, 2.637809 ], [ 10.784848, 2.640686 ], [ 10.785049, 2.643167 ], [ 10.784163, 2.645054 ], [ 10.784859, 2.648329 ], [ 10.784268, 2.651403 ], [ 10.784131, 2.652119 ], [ 10.784127, 2.65231 ], [ 10.784121, 2.652669 ], [ 10.784193, 2.653727 ], [ 10.784275, 2.654521 ], [ 10.784302, 2.65529 ], [ 10.784474, 2.655844 ], [ 10.784783, 2.656493 ], [ 10.785136, 2.657142 ], [ 10.785539, 2.657609 ], [ 10.785987, 2.658123 ], [ 10.786391, 2.658498 ], [ 10.786704, 2.658788 ], [ 10.786795, 2.658873 ], [ 10.787287, 2.659479 ], [ 10.787735, 2.659947 ], [ 10.788408, 2.660602 ], [ 10.789105, 2.661523 ], [ 10.789524, 2.662047 ], [ 10.790195, 2.66284 ], [ 10.790337, 2.663002 ], [ 10.790687, 2.6634 ], [ 10.791088, 2.663959 ], [ 10.791535, 2.664472 ], [ 10.792073, 2.665079 ], [ 10.792516, 2.665823 ], [ 10.792565, 2.665979 ], [ 10.792818, 2.666792 ], [ 10.792893, 2.667712 ], [ 10.792913, 2.668118 ], [ 10.792926, 2.668402 ], [ 10.792915, 2.669044 ], [ 10.793169, 2.670151 ], [ 10.793472, 2.671075 ], [ 10.793646, 2.671584 ], [ 10.79395, 2.672416 ], [ 10.794299, 2.673341 ], [ 10.794608, 2.673943 ], [ 10.795097, 2.674687 ], [ 10.79522, 2.67547 ], [ 10.795665, 2.676121 ], [ 10.796112, 2.676635 ], [ 10.796513, 2.677239 ], [ 10.79687, 2.677659 ], [ 10.797227, 2.678126 ], [ 10.797537, 2.678682 ], [ 10.797803, 2.679147 ], [ 10.798067, 2.679656 ], [ 10.79833, 2.680048 ], [ 10.798864, 2.681095 ], [ 10.799125, 2.681789 ], [ 10.799245, 2.682755 ], [ 10.799189, 2.683305 ], [ 10.799086, 2.683992 ], [ 10.798385, 2.684851 ], [ 10.797599, 2.685387 ], [ 10.796861, 2.685787 ], [ 10.796444, 2.686146 ], [ 10.795934, 2.686596 ], [ 10.795331, 2.68709 ], [ 10.794539, 2.687901 ], [ 10.793702, 2.688758 ], [ 10.793375, 2.689165 ], [ 10.793092, 2.689665 ], [ 10.792806, 2.690302 ], [ 10.792563, 2.691124 ], [ 10.792463, 2.691627 ], [ 10.792316, 2.692175 ], [ 10.79217, 2.692678 ], [ 10.79215, 2.69378 ], [ 10.792046, 2.694512 ], [ 10.79199, 2.695062 ], [ 10.792253, 2.695664 ], [ 10.792366, 2.695878 ], [ 10.792379, 2.695902 ], [ 10.792338, 2.69591 ], [ 10.730735, 2.707734 ], [ 10.729698, 2.707809 ], [ 10.728328, 2.707906 ], [ 10.727324, 2.708048 ], [ 10.726366, 2.708373 ], [ 10.725224, 2.708652 ], [ 10.724266, 2.708794 ], [ 10.72317, 2.708936 ], [ 10.722348, 2.708985 ], [ 10.721527, 2.709447 ], [ 10.720798, 2.709679 ], [ 10.719931, 2.709912 ], [ 10.719019, 2.710283 ], [ 10.717972, 2.71116 ], [ 10.717244, 2.711897 ], [ 10.716699, 2.71268 ], [ 10.716427, 2.713187 ], [ 10.716201, 2.714014 ], [ 10.716159, 2.714933 ], [ 10.7163, 2.715714 ], [ 10.716439, 2.716311 ], [ 10.716396, 2.716908 ], [ 10.716262, 2.717689 ], [ 10.715945, 2.71838 ], [ 10.715536, 2.718933 ], [ 10.715035, 2.719256 ], [ 10.714534, 2.719579 ], [ 10.714032, 2.719765 ], [ 10.713211, 2.720044 ], [ 10.71216, 2.720047 ], [ 10.711384, 2.720096 ], [ 10.710152, 2.720514 ], [ 10.709331, 2.720793 ], [ 10.70842, 2.721531 ], [ 10.707965, 2.7219 ], [ 10.707281, 2.722316 ], [ 10.706551, 2.722595 ], [ 10.705913, 2.722826 ], [ 10.705319, 2.72292 ], [ 10.704224, 2.723154 ], [ 10.703446, 2.722789 ], [ 10.702531, 2.722425 ], [ 10.701477, 2.721602 ], [ 10.700559, 2.720457 ], [ 10.699274, 2.719267 ], [ 10.698498, 2.719362 ], [ 10.697951, 2.719685 ], [ 10.697314, 2.720331 ], [ 10.696311, 2.72061 ], [ 10.695489, 2.720889 ], [ 10.694714, 2.721213 ], [ 10.693573, 2.721493 ], [ 10.693025, 2.721679 ], [ 10.691701, 2.721867 ], [ 10.690697, 2.7221 ], [ 10.689922, 2.722379 ], [ 10.689056, 2.722887 ], [ 10.688462, 2.722844 ], [ 10.687229, 2.72294 ], [ 10.685632, 2.723451 ], [ 10.684902, 2.723638 ], [ 10.68335, 2.723873 ], [ 10.6823, 2.724106 ], [ 10.681523, 2.724063 ], [ 10.68015, 2.723471 ], [ 10.678733, 2.7232 ], [ 10.677681, 2.72302 ], [ 10.677134, 2.723206 ], [ 10.676314, 2.72376 ], [ 10.675723, 2.724452 ], [ 10.675087, 2.725419 ], [ 10.674816, 2.726201 ], [ 10.674317, 2.727075 ], [ 10.673588, 2.727538 ], [ 10.672903, 2.727494 ], [ 10.671899, 2.727865 ], [ 10.670805, 2.728283 ], [ 10.670257, 2.728514 ], [ 10.669574, 2.728976 ], [ 10.668936, 2.729576 ], [ 10.668073, 2.73059 ], [ 10.667618, 2.731051 ], [ 10.667025, 2.731466 ], [ 10.66625, 2.731653 ], [ 10.665517, 2.731334 ], [ 10.664558, 2.731291 ], [ 10.664056, 2.731431 ], [ 10.663371, 2.731342 ], [ 10.662777, 2.731435 ], [ 10.662231, 2.731989 ], [ 10.661822, 2.732633 ], [ 10.661506, 2.733461 ], [ 10.661463, 2.734151 ], [ 10.661329, 2.735116 ], [ 10.661333, 2.735897 ], [ 10.661658, 2.737366 ] ] ] ] } },
{ "type": "Feature", "properties": { "tg_type": "FON.AIRE_PROTEGEE", "nom": "Ndongere", "source_id": "1127267E-5B52-4657-928D-61D606D4B9BB", "source": "MINFOF_WRI_ATLAS_FORESTIER_SIG_2018", "statut": "IMPORTE", "date_source": "2018-01-15", "regime_tg": "AIRE_PROTEGEE", "categorie": "aire_protegee", "desc_type": "Parc national", "cat_uicn": "II", "wdpaid": 308634.0, "statu_crea": "propose", "statu_amgt": "non_amenage", "date_prop": "2005-11-22", "date_crea": null, "date_amgt": null, "sup_adm_ha": 230000, "sup_sig_ha": 234464.0 }, "geometry": { "type": "MultiPolygon", "coordinates": [ [ [ [ 8.767947, 4.833066 ], [ 8.693326, 4.786992 ], [ 8.557917, 4.797143 ], [ 8.554707, 4.797211 ], [ 8.548979, 4.80075 ], [ 8.545733, 4.801705 ], [ 8.541441, 4.797777 ], [ 8.538677, 4.792796 ], [ 8.536105, 4.78523 ], [ 8.533056, 4.778047 ], [ 8.529434, 4.770576 ], [ 8.528197, 4.7655 ], [ 8.526772, 4.756211 ], [ 8.52525, 4.748933 ], [ 8.524777, 4.743667 ], [ 8.525641, 4.73572 ], [ 8.526502, 4.732657 ], [ 8.539687, 4.708728 ], [ 8.540549, 4.704228 ], [ 8.539024, 4.70011 ], [ 8.500601, 4.670217 ], [ 8.500648, 4.351203 ], [ 8.846159, 4.35043 ], [ 8.995267, 4.529244 ], [ 9.016949, 4.618019 ], [ 8.767947, 4.833066 ] ] ] ] } },
{ "type": "Feature", "properties": { "tg_type": "FON.AIRE_PROTEGEE", "nom": "WALL-MBARGUE", "source_id": "8264CA0C-D1E4-467A-87DC-06B1A99245B5", "source": "MINFOF_WRI_ATLAS_FORESTIER_SIG_2018", "statut": "IMPORTE", "date_source": "2018-02-14", "regime_tg": "AIRE_PROTEGEE", "categorie": "aire_protegee", "desc_type": "Réserve de faune", "cat_uicn": null, "wdpaid": null, "statu_crea": null, "statu_amgt": null, "date_prop": null, "date_crea": null, "date_amgt": null, "sup_adm_ha": 11306, "sup_sig_ha": null }, "geometry": { "type": "MultiPolygon", "coordinates": [ [ [ [ 13.121982, 4.847974 ], [ 13.121296, 4.847852 ], [ 13.12082, 4.847611 ], [ 13.120135, 4.847191 ], [ 13.119332, 4.846621 ], [ 13.118826, 4.84632 ], [ 13.118111, 4.846079 ], [ 13.117635, 4.845928 ], [ 13.11695, 4.845777 ], [ 13.116086, 4.845565 ], [ 13.115281, 4.845383 ], [ 13.114596, 4.845351 ], [ 13.113969, 4.845559 ], [ 13.113491, 4.845916 ], [ 13.113042, 4.846424 ], [ 13.112594, 4.846901 ], [ 13.111995, 4.847706 ], [ 13.111847, 4.848496 ], [ 13.101906, 4.844517 ], [ 13.101263, 4.844106 ], [ 13.102238, 4.843305 ], [ 13.102755, 4.84256 ], [ 13.102242, 4.841812 ], [ 13.101729, 4.840949 ], [ 13.101158, 4.840431 ], [ 13.10053, 4.840027 ], [ 13.099386, 4.839737 ], [ 13.098585, 4.839563 ], [ 13.097441, 4.83933 ], [ 13.096469, 4.83904 ], [ 13.09584, 4.838866 ], [ 13.095097, 4.838519 ], [ 13.094467, 4.838403 ], [ 13.09355, 4.838802 ], [ 13.092634, 4.839144 ], [ 13.091603, 4.839371 ], [ 13.090515, 4.83931 ], [ 13.089714, 4.83948 ], [ 13.089084, 4.839593 ], [ 13.088797, 4.839822 ], [ 13.087709, 4.840049 ], [ 13.086907, 4.840276 ], [ 13.085361, 4.840501 ], [ 13.084387, 4.840671 ], [ 13.083128, 4.840667 ], [ 13.08227, 4.84055 ], [ 13.081241, 4.84003 ], [ 13.080327, 4.839396 ], [ 13.079928, 4.838764 ], [ 13.079069, 4.838876 ], [ 13.078993, 4.838864 ], [ 13.08616, 4.802067 ], [ 13.096137, 4.8028 ], [ 13.097343, 4.802655 ], [ 13.098572, 4.802324 ], [ 13.099777, 4.8021 ], [ 13.100552, 4.802126 ], [ 13.101338, 4.802248 ], [ 13.102519, 4.802263 ], [ 13.10351, 4.801572 ], [ 13.104012, 4.801274 ], [ 13.104788, 4.801013 ], [ 13.105833, 4.800813 ], [ 13.107335, 4.800631 ], [ 13.108166, 4.800331 ], [ 13.109096, 4.800291 ], [ 13.110599, 4.800209 ], [ 13.111316, 4.799752 ], [ 13.112003, 4.799524 ], [ 13.112247, 4.799194 ], [ 13.113453, 4.79792 ], [ 13.114256, 4.797076 ], [ 13.11516, 4.796159 ], [ 13.116752, 4.794886 ], [ 13.118488, 4.793312 ], [ 13.119463, 4.792353 ], [ 13.120754, 4.791352 ], [ 13.121944, 4.790365 ], [ 13.122776, 4.789649 ], [ 13.12368, 4.788762 ], [ 13.124898, 4.788004 ], [ 13.12579, 4.787915 ], [ 13.126816, 4.787463 ], [ 13.127713, 4.786688 ], [ 13.128538, 4.785901 ], [ 13.129338, 4.785257 ], [ 13.130174, 4.784817 ], [ 13.132511, 4.784752 ], [ 13.134628, 4.784678 ], [ 13.165706, 4.784391 ], [ 13.165436, 4.783413 ], [ 13.165209, 4.782839 ], [ 13.164972, 4.782226 ], [ 13.164792, 4.781728 ], [ 13.164434, 4.7801 ], [ 13.164321, 4.779688 ], [ 13.16459, 4.778866 ], [ 13.164708, 4.777354 ], [ 13.16516, 4.776082 ], [ 13.165305, 4.77549 ], [ 13.165862, 4.77395 ], [ 13.165882, 4.7727 ], [ 13.167177, 4.771657 ], [ 13.167493, 4.771467 ], [ 13.168583, 4.770484 ], [ 13.169223, 4.769997 ], [ 13.169873, 4.769655 ], [ 13.170532, 4.769226 ], [ 13.171373, 4.768826 ], [ 13.172318, 4.768427 ], [ 13.172997, 4.767954 ], [ 13.171521, 4.766949 ], [ 13.170329, 4.766586 ], [ 13.169173, 4.766524 ], [ 13.168278, 4.766569 ], [ 13.168178, 4.760438 ], [ 13.166679, 4.760081 ], [ 13.165109, 4.759082 ], [ 13.162967, 4.75694 ], [ 13.162884, 4.742568 ], [ 13.181682, 4.721272 ], [ 13.19929, 4.706519 ], [ 13.199171, 4.705092 ], [ 13.198933, 4.704199 ], [ 13.198695, 4.702772 ], [ 13.198792, 4.701157 ], [ 13.227049, 4.683215 ], [ 13.227405, 4.683409 ], [ 13.227654, 4.68396 ], [ 13.227651, 4.684929 ], [ 13.227115, 4.685047 ], [ 13.226851, 4.685644 ], [ 13.22654, 4.685775 ], [ 13.22648, 4.686014 ], [ 13.226503, 4.686445 ], [ 13.226705, 4.686816 ], [ 13.22693, 4.68726 ], [ 13.227251, 4.687655 ], [ 13.2275, 4.68811 ], [ 13.227416, 4.688438 ], [ 13.225401, 4.688492 ], [ 13.224959, 4.688802 ], [ 13.224827, 4.689005 ], [ 13.224611, 4.689854 ], [ 13.224478, 4.69032 ], [ 13.224285, 4.691169 ], [ 13.223868, 4.691252 ], [ 13.223115, 4.691776 ], [ 13.222435, 4.692133 ], [ 13.222137, 4.691977 ], [ 13.221852, 4.691486 ], [ 13.221615, 4.690935 ], [ 13.221294, 4.690862 ], [ 13.220899, 4.691232 ], [ 13.220529, 4.691578 ], [ 13.220134, 4.692199 ], [ 13.219999, 4.693718 ], [ 13.21964, 4.694016 ], [ 13.219516, 4.695822 ], [ 13.218538, 4.696083 ], [ 13.218237, 4.697183 ], [ 13.218426, 4.697805 ], [ 13.218509, 4.69832 ], [ 13.218603, 4.698858 ], [ 13.218648, 4.699648 ], [ 13.218631, 4.69993 ], [ 13.218816, 4.700275 ], [ 13.219515, 4.701239 ], [ 13.220457, 4.702016 ], [ 13.221686, 4.70268 ], [ 13.222571, 4.703199 ], [ 13.223157, 4.703502 ], [ 13.223944, 4.703633 ], [ 13.224759, 4.703707 ], [ 13.225032, 4.703392 ], [ 13.22559, 4.703393 ], [ 13.226148, 4.703251 ], [ 13.226907, 4.703181 ], [ 13.227221, 4.703325 ], [ 13.227563, 4.703728 ], [ 13.22782, 4.704188 ], [ 13.228606, 4.704348 ], [ 13.229036, 4.704048 ], [ 13.229481, 4.70359 ], [ 13.23014, 4.703218 ], [ 13.230655, 4.703291 ], [ 13.231141, 4.703479 ], [ 13.231612, 4.703853 ], [ 13.23204, 4.704213 ], [ 13.232469, 4.70443 ], [ 13.233013, 4.704489 ], [ 13.233513, 4.70472 ], [ 13.234097, 4.705496 ], [ 13.234196, 4.7062 ], [ 13.234351, 4.707105 ], [ 13.233962, 4.708037 ], [ 13.233808, 4.709609 ], [ 13.233687, 4.710118 ], [ 13.233466, 4.710404 ], [ 13.23331, 4.71081 ], [ 13.233077, 4.711007 ], [ 13.232969, 4.711258 ], [ 13.232962, 4.711545 ], [ 13.233224, 4.711761 ], [ 13.233528, 4.711822 ], [ 13.233843, 4.712014 ], [ 13.234248, 4.712212 ], [ 13.234241, 4.712499 ], [ 13.234092, 4.71278 ], [ 13.23393, 4.713013 ], [ 13.233631, 4.713275 ], [ 13.233475, 4.713694 ], [ 13.23335, 4.713837 ], [ 13.233158, 4.714064 ], [ 13.232943, 4.714237 ], [ 13.232722, 4.714481 ], [ 13.232442, 4.71457 ], [ 13.232102, 4.714725 ], [ 13.231678, 4.714951 ], [ 13.231385, 4.715124 ], [ 13.23117, 4.715393 ], [ 13.230859, 4.715601 ], [ 13.230822, 4.716097 ], [ 13.230994, 4.716487 ], [ 13.230832, 4.716827 ], [ 13.230659, 4.716964 ], [ 13.2302, 4.716993 ], [ 13.229872, 4.716879 ], [ 13.22939, 4.716644 ], [ 13.228818, 4.716523 ], [ 13.228293, 4.716635 ], [ 13.228113, 4.717305 ], [ 13.228094, 4.717622 ], [ 13.228004, 4.717998 ], [ 13.227853, 4.718572 ], [ 13.227459, 4.718882 ], [ 13.227381, 4.719211 ], [ 13.227493, 4.719534 ], [ 13.227785, 4.719762 ], [ 13.22807, 4.72002 ], [ 13.228391, 4.72038 ], [ 13.227941, 4.720914 ], [ 13.227549, 4.721229 ], [ 13.227129, 4.721333 ], [ 13.226718, 4.721648 ], [ 13.22625, 4.722097 ], [ 13.226067, 4.722604 ], [ 13.225893, 4.723618 ], [ 13.225737, 4.724823 ], [ 13.225422, 4.725147 ], [ 13.224582, 4.725423 ], [ 13.224048, 4.725297 ], [ 13.223352, 4.72496 ], [ 13.222579, 4.725073 ], [ 13.222187, 4.725417 ], [ 13.221455, 4.72608 ], [ 13.221472, 4.726522 ], [ 13.221566, 4.727103 ], [ 13.221802, 4.72809 ], [ 13.221819, 4.728383 ], [ 13.221913, 4.72879 ], [ 13.222043, 4.729245 ], [ 13.222156, 4.729551 ], [ 13.222417, 4.730131 ], [ 13.222529, 4.730526 ], [ 13.222766, 4.730862 ], [ 13.222831, 4.731317 ], [ 13.222967, 4.731849 ], [ 13.223031, 4.732256 ], [ 13.223179, 4.732616 ], [ 13.223248, 4.733686 ], [ 13.223182, 4.733943 ], [ 13.22305, 4.734314 ], [ 13.222361, 4.734898 ], [ 13.222345, 4.735429 ], [ 13.222143, 4.736104 ], [ 13.222199, 4.736793 ], [ 13.22244, 4.737396 ], [ 13.222741, 4.737512 ], [ 13.22357, 4.737528 ], [ 13.2243, 4.737545 ], [ 13.224658, 4.737632 ], [ 13.224785, 4.738034 ], [ 13.224283, 4.738607 ], [ 13.223881, 4.739108 ], [ 13.224095, 4.739597 ], [ 13.224522, 4.7401 ], [ 13.224679, 4.740531 ], [ 13.224435, 4.740818 ], [ 13.223976, 4.74119 ], [ 13.223531, 4.741634 ], [ 13.223201, 4.742135 ], [ 13.222885, 4.742709 ], [ 13.222669, 4.743182 ], [ 13.222295, 4.743884 ], [ 13.221879, 4.744299 ], [ 13.221621, 4.744586 ], [ 13.221333, 4.74503 ], [ 13.221318, 4.74559 ], [ 13.221302, 4.746092 ], [ 13.221616, 4.746509 ], [ 13.222044, 4.746798 ], [ 13.222644, 4.747201 ], [ 13.223172, 4.747647 ], [ 13.223887, 4.748051 ], [ 13.224358, 4.748397 ], [ 13.224787, 4.748714 ], [ 13.225102, 4.748814 ], [ 13.225144, 4.749223 ], [ 13.225136, 4.749503 ], [ 13.225121, 4.749747 ], [ 13.225042, 4.750034 ], [ 13.224891, 4.750249 ], [ 13.224719, 4.750529 ], [ 13.224496, 4.750865 ], [ 13.224402, 4.751124 ], [ 13.224295, 4.751317 ], [ 13.224093, 4.751869 ], [ 13.223935, 4.752156 ], [ 13.223862, 4.752665 ], [ 13.22351, 4.75303 ], [ 13.223317, 4.753317 ], [ 13.223065, 4.753769 ], [ 13.223156, 4.754644 ], [ 13.223262, 4.754853 ], [ 13.223412, 4.75509 ], [ 13.223569, 4.755378 ], [ 13.223761, 4.755651 ], [ 13.22381, 4.756017 ], [ 13.223252, 4.75608 ], [ 13.22298, 4.756121 ], [ 13.222835, 4.756881 ], [ 13.22302, 4.757528 ], [ 13.223433, 4.758232 ], [ 13.223761, 4.758678 ], [ 13.22416, 4.759339 ], [ 13.224516, 4.759857 ], [ 13.225015, 4.760461 ], [ 13.225628, 4.761295 ], [ 13.226371, 4.761771 ], [ 13.227028, 4.762375 ], [ 13.22747, 4.763051 ], [ 13.228011, 4.764144 ], [ 13.228281, 4.764805 ], [ 13.228408, 4.765236 ], [ 13.22888, 4.765323 ], [ 13.22788, 4.767519 ], [ 13.227134, 4.767197 ], [ 13.226418, 4.767315 ], [ 13.225582, 4.767672 ], [ 13.224568, 4.768028 ], [ 13.223851, 4.768505 ], [ 13.223074, 4.76928 ], [ 13.22206, 4.769577 ], [ 13.220927, 4.769753 ], [ 13.219615, 4.76975 ], [ 13.218244, 4.769686 ], [ 13.21741, 4.769385 ], [ 13.216397, 4.769323 ], [ 13.215264, 4.76932 ], [ 13.213834, 4.769017 ], [ 13.212107, 4.768235 ], [ 13.21038, 4.767393 ], [ 13.20901, 4.766971 ], [ 13.207697, 4.767446 ], [ 13.207221, 4.767086 ], [ 13.206033, 4.765468 ], [ 13.204547, 4.763789 ], [ 13.203294, 4.764085 ], [ 13.20204, 4.76468 ], [ 13.201323, 4.765336 ], [ 13.200008, 4.766589 ], [ 13.199172, 4.767244 ], [ 13.198156, 4.768199 ], [ 13.1972, 4.769033 ], [ 13.196125, 4.769629 ], [ 13.194932, 4.769984 ], [ 13.193024, 4.770039 ], [ 13.191472, 4.770514 ], [ 13.189981, 4.770928 ], [ 13.189442, 4.771764 ], [ 13.188903, 4.77174 ], [ 13.188256, 4.771207 ], [ 13.187761, 4.770503 ], [ 13.187247, 4.76978 ], [ 13.186124, 4.768447 ], [ 13.185153, 4.767838 ], [ 13.184221, 4.768847 ], [ 13.183345, 4.769932 ], [ 13.182887, 4.77067 ], [ 13.182288, 4.771686 ], [ 13.181246, 4.771531 ], [ 13.179759, 4.771352 ], [ 13.178569, 4.771471 ], [ 13.17738, 4.772007 ], [ 13.176071, 4.772721 ], [ 13.174584, 4.77284 ], [ 13.173156, 4.772542 ], [ 13.170658, 4.772542 ], [ 13.169765, 4.773316 ], [ 13.168992, 4.774208 ], [ 13.168576, 4.775576 ], [ 13.168457, 4.777658 ], [ 13.168933, 4.779264 ], [ 13.168933, 4.78087 ], [ 13.169706, 4.783309 ], [ 13.170776, 4.784796 ], [ 13.170399, 4.785796 ], [ 13.165661, 4.791875 ], [ 13.165006, 4.792946 ], [ 13.164233, 4.794195 ], [ 13.162449, 4.795861 ], [ 13.161616, 4.797051 ], [ 13.160902, 4.798597 ], [ 13.160485, 4.80175 ], [ 13.160783, 4.803594 ], [ 13.16114, 4.8052 ], [ 13.161854, 4.806628 ], [ 13.162567, 4.8099 ], [ 13.162449, 4.810911 ], [ 13.161973, 4.812339 ], [ 13.161318, 4.813171 ], [ 13.160485, 4.813647 ], [ 13.159296, 4.814242 ], [ 13.157749, 4.814956 ], [ 13.155905, 4.815789 ], [ 13.157214, 4.822689 ], [ 13.156262, 4.827686 ], [ 13.159355, 4.84232 ], [ 13.167683, 4.852195 ], [ 13.173156, 4.863259 ], [ 13.172701, 4.864755 ], [ 13.172225, 4.865755 ], [ 13.171749, 4.866944 ], [ 13.171416, 4.87118 ], [ 13.170179, 4.872227 ], [ 13.168704, 4.873131 ], [ 13.167324, 4.874844 ], [ 13.167704, 4.87551 ], [ 13.168037, 4.877033 ], [ 13.168173, 4.878492 ], [ 13.142516, 4.886737 ], [ 13.142396, 4.885521 ], [ 13.141872, 4.884569 ], [ 13.138541, 4.881856 ], [ 13.137494, 4.881047 ], [ 13.1354, 4.879525 ], [ 13.134829, 4.878763 ], [ 13.134474, 4.877835 ], [ 13.134154, 4.877254 ], [ 13.134067, 4.876267 ], [ 13.133949, 4.875997 ], [ 13.133951, 4.87513 ], [ 13.133863, 4.874591 ], [ 13.133656, 4.874023 ], [ 13.133359, 4.873663 ], [ 13.133181, 4.873154 ], [ 13.133033, 4.872735 ], [ 13.132886, 4.872196 ], [ 13.132619, 4.871687 ], [ 13.132114, 4.871148 ], [ 13.131429, 4.870817 ], [ 13.130953, 4.870427 ], [ 13.130417, 4.870066 ], [ 13.13, 4.869826 ], [ 13.129435, 4.869465 ], [ 13.129198, 4.869016 ], [ 13.128811, 4.868596 ], [ 13.128425, 4.868177 ], [ 13.128009, 4.867757 ], [ 13.127592, 4.867397 ], [ 13.126937, 4.867096 ], [ 13.12664, 4.866677 ], [ 13.126165, 4.866227 ], [ 13.125778, 4.865897 ], [ 13.125421, 4.865417 ], [ 13.125095, 4.864938 ], [ 13.12465, 4.864189 ], [ 13.124323, 4.86362 ], [ 13.123967, 4.863111 ], [ 13.12382, 4.862482 ], [ 13.123854, 4.860927 ], [ 13.124243, 4.86045 ], [ 13.124159, 4.858326 ], [ 13.124101, 4.857758 ], [ 13.12446, 4.85737 ], [ 13.125178, 4.856535 ], [ 13.125686, 4.855879 ], [ 13.126106, 4.855132 ], [ 13.126256, 4.854624 ], [ 13.126199, 4.853817 ], [ 13.125545, 4.853217 ], [ 13.125099, 4.852677 ], [ 13.124327, 4.851688 ], [ 13.123584, 4.850729 ], [ 13.123139, 4.85001 ], [ 13.121982, 4.847974 ] ] ] ] } },
{ "type": "Feature", "properties": { "tg_type": "FON.AIRE_PROTEGEE", "nom": "Douala Edéa", "source_id": "BBDD79C8-241A-47F1-9659-AB7340E18C53", "source": "MINFOF_WRI_ATLAS_FORESTIER_SIG_2018", "statut": "IMPORTE", "date_source": "2019-03-01", "regime_tg": "AIRE_PROTEGEE", "categorie": "aire_protegee", "desc_type": "Parc national", "cat_uicn": "II", "wdpaid": 1244.0, "statu_crea": "cree", "statu_amgt": "non_amenage", "date_prop": "2010-01-04", "date_crea": "2018-10-11", "date_amgt": null, "sup_adm_ha": 262935, "sup_sig_ha": 262366.0 }, "geometry": { "type": "MultiPolygon", "coordinates": [ [ [ [ 9.813262, 3.905457 ], [ 9.813518, 3.905868 ], [ 9.81423, 3.906674 ], [ 9.814118, 3.908083 ], [ 9.814241, 3.909109 ], [ 9.813956, 3.909807 ], [ 9.813466, 3.910752 ], [ 9.812445, 3.911697 ], [ 9.811751, 3.912807 ], [ 9.811262, 3.913998 ], [ 9.811099, 3.914367 ], [ 9.810037, 3.915805 ], [ 9.80918, 3.91675 ], [ 9.808567, 3.917449 ], [ 9.807588, 3.918681 ], [ 9.806812, 3.919462 ], [ 9.806404, 3.920325 ], [ 9.806036, 3.920448 ], [ 9.804565, 3.920819 ], [ 9.803257, 3.92082 ], [ 9.801704, 3.921233 ], [ 9.80109, 3.921151 ], [ 9.799947, 3.922178 ], [ 9.798926, 3.923411 ], [ 9.799173, 3.924725 ], [ 9.7995, 3.925463 ], [ 9.800033, 3.926489 ], [ 9.800647, 3.927802 ], [ 9.801179, 3.928377 ], [ 9.803141, 3.927964 ], [ 9.803835, 3.927471 ], [ 9.804653, 3.927306 ], [ 9.805348, 3.927305 ], [ 9.806492, 3.927591 ], [ 9.807392, 3.928124 ], [ 9.807924, 3.928411 ], [ 9.808128, 3.928493 ], [ 9.809109, 3.928492 ], [ 9.809682, 3.928492 ], [ 9.810418, 3.928573 ], [ 9.810867, 3.928819 ], [ 9.81144, 3.929147 ], [ 9.812054, 3.929639 ], [ 9.81234, 3.930049 ], [ 9.812791, 3.930788 ], [ 9.813102, 3.931441 ], [ 9.813241, 3.931731 ], [ 9.813243, 3.933209 ], [ 9.813326, 3.934482 ], [ 9.813654, 3.935919 ], [ 9.8139, 3.937027 ], [ 9.814514, 3.93756 ], [ 9.814841, 3.938011 ], [ 9.815538, 3.93916 ], [ 9.815607, 3.939363 ], [ 9.815947, 3.94035 ], [ 9.816275, 3.941089 ], [ 9.816644, 3.942238 ], [ 9.817585, 3.943017 ], [ 9.818567, 3.943714 ], [ 9.819671, 3.943918 ], [ 9.821347, 3.944081 ], [ 9.82241, 3.943957 ], [ 9.823554, 3.943956 ], [ 9.824372, 3.943955 ], [ 9.824781, 3.944447 ], [ 9.824863, 3.945022 ], [ 9.823369, 3.945353 ], [ 9.823188, 3.945393 ], [ 9.822873, 3.945514 ], [ 9.821375, 3.946681 ], [ 9.820374, 3.946897 ], [ 9.818801, 3.946934 ], [ 9.817085, 3.9469 ], [ 9.815655, 3.946758 ], [ 9.813975, 3.94676 ], [ 9.812367, 3.946797 ], [ 9.810365, 3.946907 ], [ 9.808935, 3.94698 ], [ 9.806791, 3.947305 ], [ 9.804718, 3.947666 ], [ 9.803784, 3.947587 ], [ 9.801485, 3.948904 ], [ 9.800137, 3.950178 ], [ 9.80013, 3.950184 ], [ 9.798462, 3.951575 ], [ 9.797523, 3.95252 ], [ 9.796257, 3.953712 ], [ 9.795808, 3.954287 ], [ 9.794848, 3.955289 ], [ 9.794819, 3.955523 ], [ 9.794718, 3.955425 ], [ 9.794624, 3.955523 ], [ 9.794209, 3.956462 ], [ 9.792536, 3.95783 ], [ 9.791805, 3.958645 ], [ 9.790837, 3.959408 ], [ 9.789975, 3.960276 ], [ 9.788824, 3.961065 ], [ 9.787831, 3.961776 ], [ 9.786445, 3.962697 ], [ 9.785085, 3.963302 ], [ 9.783725, 3.963908 ], [ 9.782391, 3.964408 ], [ 9.781214, 3.964725 ], [ 9.779253, 3.965095 ], [ 9.778232, 3.965227 ], [ 9.776584, 3.965334 ], [ 9.775564, 3.965466 ], [ 9.774517, 3.965467 ], [ 9.773785, 3.965389 ], [ 9.772764, 3.964812 ], [ 9.771874, 3.964602 ], [ 9.770984, 3.964209 ], [ 9.770487, 3.963763 ], [ 9.769937, 3.963527 ], [ 9.768759, 3.963134 ], [ 9.767451, 3.962557 ], [ 9.766822, 3.962111 ], [ 9.765854, 3.961192 ], [ 9.765487, 3.960588 ], [ 9.764858, 3.959774 ], [ 9.763602, 3.959145 ], [ 9.763235, 3.958252 ], [ 9.762449, 3.957307 ], [ 9.762134, 3.956781 ], [ 9.761506, 3.956072 ], [ 9.76093, 3.95539 ], [ 9.759856, 3.954024 ], [ 9.75907, 3.953289 ], [ 9.758729, 3.952554 ], [ 9.758493, 3.951924 ], [ 9.758048, 3.951399 ], [ 9.75721, 3.950742 ], [ 9.756241, 3.94964 ], [ 9.755822, 3.948563 ], [ 9.755324, 3.947486 ], [ 9.754826, 3.946856 ], [ 9.753805, 3.946226 ], [ 9.752732, 3.946227 ], [ 9.751268, 3.94636 ], [ 9.750195, 3.946072 ], [ 9.749357, 3.946099 ], [ 9.747029, 3.946232 ], [ 9.745826, 3.946128 ], [ 9.743916, 3.946183 ], [ 9.742555, 3.94642 ], [ 9.740907, 3.946527 ], [ 9.739416, 3.946738 ], [ 9.73748, 3.946766 ], [ 9.736408, 3.947214 ], [ 9.735022, 3.947636 ], [ 9.734342, 3.947925 ], [ 9.733845, 3.947873 ], [ 9.73375, 3.947553 ], [ 9.733598, 3.947302 ], [ 9.733477, 3.947397 ], [ 9.733403, 3.947302 ], [ 9.732455, 3.946683 ], [ 9.731865, 3.946565 ], [ 9.731266, 3.94705 ], [ 9.730902, 3.947815 ], [ 9.730474, 3.948375 ], [ 9.729864, 3.949043 ], [ 9.728781, 3.949269 ], [ 9.72815, 3.949948 ], [ 9.728097, 3.950691 ], [ 9.727927, 3.952327 ], [ 9.727842, 3.953209 ], [ 9.728003, 3.953866 ], [ 9.728304, 3.954274 ], [ 9.728615, 3.954985 ], [ 9.72868, 3.95577 ], [ 9.72882, 3.95634 ], [ 9.728853, 3.957029 ], [ 9.728896, 3.95746 ], [ 9.72909, 3.959128 ], [ 9.728888, 3.960301 ], [ 9.728695, 3.960775 ], [ 9.729563, 3.960968 ], [ 9.730249, 3.961021 ], [ 9.730882, 3.961322 ], [ 9.730872, 3.962107 ], [ 9.729779, 3.962324 ], [ 9.7289, 3.962141 ], [ 9.728227, 3.961664 ], [ 9.727475, 3.961172 ], [ 9.726297, 3.961305 ], [ 9.725775, 3.962094 ], [ 9.724599, 3.963343 ], [ 9.724338, 3.964066 ], [ 9.724274, 3.965806 ], [ 9.723719, 3.967942 ], [ 9.723623, 3.97011 ], [ 9.723396, 3.971621 ], [ 9.724083, 3.972671 ], [ 9.725229, 3.973327 ], [ 9.726112, 3.974279 ], [ 9.726277, 3.975855 ], [ 9.726638, 3.9773 ], [ 9.72713, 3.978942 ], [ 9.726575, 3.980092 ], [ 9.725693, 3.980979 ], [ 9.723961, 3.982229 ], [ 9.722686, 3.983281 ], [ 9.721346, 3.983972 ], [ 9.720137, 3.985155 ], [ 9.71932, 3.986043 ], [ 9.717457, 3.987128 ], [ 9.716379, 3.989199 ], [ 9.715301, 3.99048 ], [ 9.713962, 3.992485 ], [ 9.712492, 3.994293 ], [ 9.711413, 3.995213 ], [ 9.708896, 3.99607 ], [ 9.707653, 3.996268 ], [ 9.705854, 3.996302 ], [ 9.703533, 3.996731 ], [ 9.700524, 3.997259 ], [ 9.698595, 3.997885 ], [ 9.696307, 3.998774 ], [ 9.694806, 3.999655 ], [ 9.693942, 3.999945 ], [ 9.693393, 4.000497 ], [ 9.69274, 4.001601 ], [ 9.69248, 4.002862 ], [ 9.692219, 4.004413 ], [ 9.691383, 4.005202 ], [ 9.690232, 4.005466 ], [ 9.689447, 4.00523 ], [ 9.688661, 4.004521 ], [ 9.687928, 4.004049 ], [ 9.687509, 4.003681 ], [ 9.686724, 4.00334 ], [ 9.686043, 4.002973 ], [ 9.685232, 4.002685 ], [ 9.683871, 4.002265 ], [ 9.682877, 4.002108 ], [ 9.681464, 4.002031 ], [ 9.680365, 4.002216 ], [ 9.678612, 4.00248 ], [ 9.678142, 4.003111 ], [ 9.676965, 4.0039 ], [ 9.675867, 4.005215 ], [ 9.674456, 4.007029 ], [ 9.673593, 4.008422 ], [ 9.672287, 4.010105 ], [ 9.670953, 4.011446 ], [ 9.670378, 4.012471 ], [ 9.670143, 4.012813 ], [ 9.669255, 4.013918 ], [ 9.668523, 4.015363 ], [ 9.667739, 4.016809 ], [ 9.666746, 4.01794 ], [ 9.666459, 4.018912 ], [ 9.664418, 4.018914 ], [ 9.663582, 4.020728 ], [ 9.661543, 4.022227 ], [ 9.660523, 4.023726 ], [ 9.659504, 4.02462 ], [ 9.658929, 4.025382 ], [ 9.658224, 4.027564 ], [ 9.657545, 4.029535 ], [ 9.657712, 4.030525 ], [ 9.657913, 4.031716 ], [ 9.658239, 4.032509 ], [ 9.56983, 3.939714 ], [ 9.658175, 3.847503 ], [ 9.65798, 3.847504 ], [ 9.657376, 3.847588 ], [ 9.656983, 3.847799 ], [ 9.656565, 3.847799 ], [ 9.656147, 3.848088 ], [ 9.655571, 3.848299 ], [ 9.655231, 3.848536 ], [ 9.654682, 3.848852 ], [ 9.654211, 3.848904 ], [ 9.653819, 3.848957 ], [ 9.653427, 3.84922 ], [ 9.653061, 3.849299 ], [ 9.652564, 3.849615 ], [ 9.652486, 3.850036 ], [ 9.652276, 3.850115 ], [ 9.651753, 3.850194 ], [ 9.651413, 3.850431 ], [ 9.651047, 3.850615 ], [ 9.65076, 3.850799 ], [ 9.650577, 3.851088 ], [ 9.650158, 3.851088 ], [ 9.650028, 3.851404 ], [ 9.649688, 3.851693 ], [ 9.649426, 3.851693 ], [ 9.649191, 3.851641 ], [ 9.649086, 3.851825 ], [ 9.648903, 3.852035 ], [ 9.648825, 3.852351 ], [ 9.648485, 3.852798 ], [ 9.648224, 3.853061 ], [ 9.647936, 3.853297 ], [ 9.647832, 3.853639 ], [ 9.647623, 3.854007 ], [ 9.647388, 3.854323 ], [ 9.6471, 3.854612 ], [ 9.646891, 3.854901 ], [ 9.64663, 3.855243 ], [ 9.646447, 3.855558 ], [ 9.646212, 3.855795 ], [ 9.645846, 3.85611 ], [ 9.645427, 3.856505 ], [ 9.645061, 3.856847 ], [ 9.644643, 3.857136 ], [ 9.644251, 3.85732 ], [ 9.644015, 3.857452 ], [ 9.643571, 3.857479 ], [ 9.643178, 3.857689 ], [ 9.642655, 3.857873 ], [ 9.64242, 3.857768 ], [ 9.642158, 3.857874 ], [ 9.642028, 3.858032 ], [ 9.641818, 3.858084 ], [ 9.641635, 3.858242 ], [ 9.641269, 3.858505 ], [ 9.641191, 3.85861 ], [ 9.638967, 3.858717 ], [ 9.638235, 3.858796 ], [ 9.637974, 3.859138 ], [ 9.637529, 3.859664 ], [ 9.637215, 3.859874 ], [ 9.636823, 3.860243 ], [ 9.636693, 3.860558 ], [ 9.636405, 3.860926 ], [ 9.636222, 3.861005 ], [ 9.636013, 3.86111 ], [ 9.63583, 3.861347 ], [ 9.635648, 3.862372 ], [ 9.63536, 3.862609 ], [ 9.634601, 3.862635 ], [ 9.634052, 3.863004 ], [ 9.633739, 3.86324 ], [ 9.633294, 3.863425 ], [ 9.632797, 3.863583 ], [ 9.632693, 3.863898 ], [ 9.632274, 3.864161 ], [ 9.631673, 3.864162 ], [ 9.631437, 3.864556 ], [ 9.630914, 3.864583 ], [ 9.630417, 3.864846 ], [ 9.630078, 3.865109 ], [ 9.629973, 3.86524 ], [ 9.62979, 3.865661 ], [ 9.629424, 3.865976 ], [ 9.629137, 3.866371 ], [ 9.629059, 3.86687 ], [ 9.628745, 3.867343 ], [ 9.628327, 3.867659 ], [ 9.628092, 3.868132 ], [ 9.627699, 3.868343 ], [ 9.627071, 3.868343 ], [ 9.626444, 3.868212 ], [ 9.625685, 3.868213 ], [ 9.624978, 3.868134 ], [ 9.62422, 3.868187 ], [ 9.623644, 3.868083 ], [ 9.622807, 3.867873 ], [ 9.622074, 3.867847 ], [ 9.621734, 3.867716 ], [ 9.621368, 3.867454 ], [ 9.621027, 3.867112 ], [ 9.620347, 3.866824 ], [ 9.619902, 3.86664 ], [ 9.619117, 3.866799 ], [ 9.618777, 3.866694 ], [ 9.618542, 3.866352 ], [ 9.618071, 3.8663 ], [ 9.617547, 3.866195 ], [ 9.616815, 3.866065 ], [ 9.616108, 3.866065 ], [ 9.615376, 3.86575 ], [ 9.614852, 3.86512 ], [ 9.614407, 3.865094 ], [ 9.614015, 3.864726 ], [ 9.613674, 3.864227 ], [ 9.613386, 3.863834 ], [ 9.61315, 3.863387 ], [ 9.613072, 3.863045 ], [ 9.612914, 3.862599 ], [ 9.612836, 3.862179 ], [ 9.612835, 3.8616 ], [ 9.612887, 3.860707 ], [ 9.612729, 3.860024 ], [ 9.61252, 3.859367 ], [ 9.612153, 3.858684 ], [ 9.612022, 3.858238 ], [ 9.611655, 3.857975 ], [ 9.61155, 3.857292 ], [ 9.611001, 3.856977 ], [ 9.610974, 3.856189 ], [ 9.610555, 3.855427 ], [ 9.610397, 3.854902 ], [ 9.61024, 3.854324 ], [ 9.610161, 3.853667 ], [ 9.609585, 3.852932 ], [ 9.60893, 3.852039 ], [ 9.608695, 3.851513 ], [ 9.608276, 3.850936 ], [ 9.608118, 3.850436 ], [ 9.607856, 3.849648 ], [ 9.607463, 3.849097 ], [ 9.60728, 3.848387 ], [ 9.607201, 3.847652 ], [ 9.6072, 3.847205 ], [ 9.606965, 3.846706 ], [ 9.606677, 3.846338 ], [ 9.606258, 3.845866 ], [ 9.606257, 3.844841 ], [ 9.606047, 3.843895 ], [ 9.605863, 3.842844 ], [ 9.60568, 3.842266 ], [ 9.605156, 3.841505 ], [ 9.60458, 3.841505 ], [ 9.603717, 3.841453 ], [ 9.603377, 3.841348 ], [ 9.603167, 3.840613 ], [ 9.602879, 3.839956 ], [ 9.602591, 3.839142 ], [ 9.602354, 3.838169 ], [ 9.601805, 3.837355 ], [ 9.601568, 3.836068 ], [ 9.601175, 3.834807 ], [ 9.601017, 3.833835 ], [ 9.600834, 3.833073 ], [ 9.600938, 3.832442 ], [ 9.601958, 3.832047 ], [ 9.602166, 3.83118 ], [ 9.602087, 3.829761 ], [ 9.602505, 3.82913 ], [ 9.602688, 3.828316 ], [ 9.602975, 3.82758 ], [ 9.603, 3.826581 ], [ 9.602919, 3.82566 ], [ 9.523091, 3.883141 ], [ 9.457834, 3.812326 ], [ 9.572542, 3.479355 ], [ 9.835945, 3.217107 ], [ 9.905187, 3.258247 ], [ 9.905679, 3.257184 ], [ 9.906381, 3.256991 ], [ 9.906699, 3.255836 ], [ 9.907064, 3.255474 ], [ 9.907095, 3.255129 ], [ 9.907126, 3.25478 ], [ 9.907042, 3.254423 ], [ 9.907021, 3.254003 ], [ 9.907041, 3.253477 ], [ 9.90704, 3.252657 ], [ 9.907144, 3.251985 ], [ 9.907412, 3.251707 ], [ 9.907813, 3.25129 ], [ 9.908314, 3.250596 ], [ 9.909129, 3.250049 ], [ 9.909547, 3.249628 ], [ 9.910132, 3.249165 ], [ 9.91078, 3.248765 ], [ 9.911679, 3.248533 ], [ 9.91239, 3.248196 ], [ 9.913331, 3.248006 ], [ 9.91377, 3.247691 ], [ 9.914418, 3.247438 ], [ 9.91494, 3.246954 ], [ 9.915756, 3.246764 ], [ 9.916446, 3.246511 ], [ 9.917073, 3.246384 ], [ 9.917826, 3.246279 ], [ 9.918558, 3.246152 ], [ 9.919394, 3.246025 ], [ 9.920482, 3.246003 ], [ 9.920983, 3.246023 ], [ 9.921674, 3.246191 ], [ 9.922469, 3.246379 ], [ 9.92318, 3.246673 ], [ 9.923703, 3.247051 ], [ 9.924059, 3.247261 ], [ 9.924561, 3.247513 ], [ 9.925021, 3.24768 ], [ 9.925628, 3.247932 ], [ 9.926193, 3.248184 ], [ 9.926465, 3.248394 ], [ 9.926862, 3.248583 ], [ 9.927009, 3.248814 ], [ 9.927511, 3.24896 ], [ 9.927867, 3.249065 ], [ 9.92816, 3.249254 ], [ 9.928641, 3.249485 ], [ 9.929122, 3.249694 ], [ 9.929541, 3.249946 ], [ 9.930084, 3.250135 ], [ 9.930398, 3.250303 ], [ 9.930754, 3.250513 ], [ 9.93088, 3.250744 ], [ 9.931403, 3.250933 ], [ 9.931445, 3.251164 ], [ 9.931801, 3.251479 ], [ 9.932386, 3.25173 ], [ 9.9327, 3.251814 ], [ 9.933119, 3.252066 ], [ 9.933433, 3.252297 ], [ 9.933621, 3.25257 ], [ 9.934332, 3.252969 ], [ 9.934772, 3.253326 ], [ 9.93563, 3.253745 ], [ 9.93609, 3.254018 ], [ 9.936279, 3.254375 ], [ 9.936551, 3.254606 ], [ 9.936948, 3.254942 ], [ 9.937346, 3.255257 ], [ 9.937472, 3.255488 ], [ 9.937681, 3.255824 ], [ 9.937912, 3.256308 ], [ 9.938252, 3.256634 ], [ 9.938393, 3.256769 ], [ 9.938707, 3.257106 ], [ 9.939147, 3.258051 ], [ 9.939524, 3.258639 ], [ 9.939964, 3.259374 ], [ 9.940445, 3.259942 ], [ 9.940801, 3.260362 ], [ 9.941241, 3.261013 ], [ 9.942016, 3.261601 ], [ 9.942288, 3.262483 ], [ 9.942916, 3.263134 ], [ 9.943335, 3.263659 ], [ 9.94367, 3.264248 ], [ 9.943942, 3.264647 ], [ 9.944319, 3.265025 ], [ 9.944759, 3.265508 ], [ 9.945177, 3.265949 ], [ 9.945972, 3.266011 ], [ 9.946223, 3.2662 ], [ 9.947039, 3.266346 ], [ 9.94775, 3.266619 ], [ 9.948253, 3.266871 ], [ 9.948734, 3.267143 ], [ 9.949173, 3.267437 ], [ 9.949592, 3.267605 ], [ 9.949926, 3.26771 ], [ 9.950408, 3.26792 ], [ 9.950952, 3.268487 ], [ 9.951412, 3.268907 ], [ 9.952082, 3.269221 ], [ 9.952752, 3.269662 ], [ 9.953212, 3.269956 ], [ 9.953547, 3.270397 ], [ 9.953945, 3.270859 ], [ 9.954301, 3.271216 ], [ 9.954887, 3.271657 ], [ 9.955431, 3.272056 ], [ 9.955745, 3.27235 ], [ 9.956205, 3.272685 ], [ 9.956896, 3.272916 ], [ 9.957147, 3.273084 ], [ 9.957481, 3.273189 ], [ 9.957983, 3.273335 ], [ 9.958255, 3.273419 ], [ 9.958737, 3.273608 ], [ 9.959092, 3.273713 ], [ 9.959364, 3.273733 ], [ 9.959783, 3.274174 ], [ 9.960327, 3.274405 ], [ 9.960745, 3.274552 ], [ 9.96108, 3.274741 ], [ 9.961268, 3.274909 ], [ 9.961603, 3.275098 ], [ 9.961938, 3.275181 ], [ 9.962461, 3.275433 ], [ 9.962733, 3.275643 ], [ 9.963026, 3.275769 ], [ 9.963277, 3.275895 ], [ 9.963507, 3.276105 ], [ 9.96357, 3.276231 ], [ 9.963863, 3.276272 ], [ 9.964512, 3.276692 ], [ 9.964658, 3.277007 ], [ 9.965014, 3.277217 ], [ 9.965307, 3.277364 ], [ 9.965579, 3.277679 ], [ 9.965956, 3.27791 ], [ 9.966123, 3.278078 ], [ 9.966584, 3.278351 ], [ 9.966709, 3.278498 ], [ 9.967065, 3.27875 ], [ 9.96717, 3.278897 ], [ 9.967337, 3.27917 ], [ 9.967672, 3.279359 ], [ 9.968049, 3.279463 ], [ 9.9683, 3.279568 ], [ 9.968593, 3.279778 ], [ 9.968886, 3.279904 ], [ 9.969137, 3.280072 ], [ 9.969493, 3.280408 ], [ 9.969702, 3.280639 ], [ 9.969974, 3.280912 ], [ 9.970309, 3.281122 ], [ 9.970476, 3.281206 ], [ 9.970811, 3.281437 ], [ 9.970958, 3.281836 ], [ 9.97123, 3.282193 ], [ 9.971461, 3.282592 ], [ 9.971984, 3.28318 ], [ 9.972131, 3.283684 ], [ 9.972361, 3.284189 ], [ 9.972487, 3.284714 ], [ 9.972592, 3.285218 ], [ 9.972614, 3.285597 ], [ 9.972593, 3.286059 ], [ 9.972761, 3.286711 ], [ 9.972636, 3.287047 ], [ 9.972867, 3.287656 ], [ 9.972951, 3.287993 ], [ 9.972868, 3.288707 ], [ 9.973161, 3.289338 ], [ 9.973329, 3.289947 ], [ 9.973413, 3.290409 ], [ 9.973476, 3.290725 ], [ 9.97354, 3.291376 ], [ 9.973644, 3.291649 ], [ 9.973917, 3.292427 ], [ 9.973959, 3.292952 ], [ 9.974232, 3.293519 ], [ 9.974734, 3.294044 ], [ 9.975279, 3.294611 ], [ 9.975802, 3.295157 ], [ 9.976032, 3.295325 ], [ 9.976681, 3.295892 ], [ 9.977142, 3.296354 ], [ 9.977539, 3.296606 ], [ 9.97823, 3.297215 ], [ 9.978356, 3.297614 ], [ 9.979276, 3.297907 ], [ 9.97934, 3.298601 ], [ 9.979403, 3.298832 ], [ 9.979696, 3.299126 ], [ 9.979947, 3.299273 ], [ 9.980449, 3.299735 ], [ 9.980575, 3.300134 ], [ 9.980784, 3.300386 ], [ 9.981203, 3.300617 ], [ 9.981538, 3.300743 ], [ 9.981726, 3.301016 ], [ 9.982187, 3.301478 ], [ 9.982543, 3.301793 ], [ 9.982731, 3.30215 ], [ 9.982982, 3.302402 ], [ 9.983299, 3.302733 ], [ 9.98252, 3.304273 ], [ 9.981986, 3.305331 ], [ 9.981393, 3.306505 ], [ 9.980742, 3.307793 ], [ 9.980121, 3.309022 ], [ 9.979562, 3.310129 ], [ 9.979001, 3.3109 ], [ 9.978491, 3.311465 ], [ 9.978185, 3.312132 ], [ 9.977726, 3.312748 ], [ 9.977267, 3.313416 ], [ 9.97686, 3.314237 ], [ 9.97635, 3.314751 ], [ 9.975942, 3.315572 ], [ 9.975687, 3.316188 ], [ 9.975382, 3.31701 ], [ 9.975382, 3.317728 ], [ 9.975281, 3.318601 ], [ 9.97518, 3.319627 ], [ 9.975487, 3.320499 ], [ 9.975845, 3.321217 ], [ 9.976306, 3.322089 ], [ 9.976457, 3.322415 ], [ 9.976704, 3.322608 ], [ 9.97679, 3.322888 ], [ 9.977015, 3.323103 ], [ 9.977176, 3.32334 ], [ 9.977294, 3.323619 ], [ 9.977626, 3.323899 ], [ 9.977766, 3.324275 ], [ 9.977873, 3.324706 ], [ 9.978072, 3.325151 ], [ 9.978206, 3.325605 ], [ 9.97824, 3.326328 ], [ 9.978224, 3.326916 ], [ 9.978258, 3.327572 ], [ 9.978125, 3.328178 ], [ 9.977892, 3.328918 ], [ 9.977809, 3.32954 ], [ 9.977976, 3.330128 ], [ 9.977827, 3.331222 ], [ 9.977845, 3.332214 ], [ 9.978013, 3.333222 ], [ 9.978148, 3.33408 ], [ 9.978483, 3.334971 ], [ 9.978652, 3.336047 ], [ 9.978535, 3.337123 ], [ 9.978453, 3.33788 ], [ 9.978135, 3.338654 ], [ 9.977752, 3.339663 ], [ 9.977535, 3.340571 ], [ 9.977402, 3.341833 ], [ 9.977454, 3.342993 ], [ 9.977287, 3.344086 ], [ 9.977338, 3.344708 ], [ 9.977138, 3.34565 ], [ 9.976955, 3.346726 ], [ 9.976538, 3.3475 ], [ 9.976338, 3.348459 ], [ 9.976339, 3.349821 ], [ 9.976324, 3.350931 ], [ 9.976274, 3.351637 ], [ 9.976476, 3.352747 ], [ 9.976744, 3.353318 ], [ 9.977247, 3.354041 ], [ 9.97785, 3.354629 ], [ 9.978369, 3.355351 ], [ 9.978906, 3.355973 ], [ 9.979308, 3.356511 ], [ 9.97981, 3.357015 ], [ 9.980145, 3.357502 ], [ 9.980715, 3.357972 ], [ 9.981485, 3.358812 ], [ 9.982172, 3.359602 ], [ 9.982859, 3.360358 ], [ 9.98373, 3.361164 ], [ 9.984349, 3.361668 ], [ 9.984835, 3.362306 ], [ 9.985394, 3.362684 ], [ 9.985721, 3.362889 ], [ 9.98619, 3.362715 ], [ 9.986693, 3.362607 ], [ 9.987196, 3.362466 ], [ 9.987517, 3.362466 ], [ 9.987935, 3.362412 ], [ 9.988374, 3.362099 ], [ 9.988834, 3.361905 ], [ 9.989144, 3.361786 ], [ 9.98959, 3.361519 ], [ 9.989951, 3.361398 ], [ 9.989952, 3.362165 ], [ 9.990167, 3.362703 ], [ 9.990502, 3.362891 ], [ 9.990997, 3.363361 ], [ 9.991372, 3.363656 ], [ 9.991761, 3.364046 ], [ 9.992149, 3.364315 ], [ 9.992337, 3.364611 ], [ 9.992873, 3.365014 ], [ 9.993369, 3.365309 ], [ 9.993663, 3.365564 ], [ 9.994038, 3.3659 ], [ 9.994333, 3.36625 ], [ 9.994668, 3.366666 ], [ 9.99495, 3.367218 ], [ 9.994911, 3.367998 ], [ 9.994764, 3.368872 ], [ 9.994511, 3.369599 ], [ 9.994257, 3.370138 ], [ 9.994445, 3.370823 ], [ 9.994432, 3.371375 ], [ 9.994433, 3.372074 ], [ 9.994433, 3.372653 ], [ 9.994528, 3.37307 ], [ 9.994635, 3.373272 ], [ 9.994863, 3.374065 ], [ 9.994971, 3.37459 ], [ 9.995011, 3.375047 ], [ 9.995146, 3.375423 ], [ 9.995254, 3.376244 ], [ 9.995228, 3.37689 ], [ 9.99519, 3.377304 ], [ 9.995175, 3.377482 ], [ 9.995161, 3.377535 ], [ 9.995028, 3.378477 ], [ 9.994842, 3.379029 ], [ 9.994508, 3.379863 ], [ 9.994334, 3.380428 ], [ 9.993947, 3.381048 ], [ 9.993787, 3.381747 ], [ 9.993546, 3.382205 ], [ 9.993293, 3.382824 ], [ 9.993239, 3.383147 ], [ 9.992959, 3.383793 ], [ 9.992765, 3.383821 ], [ 9.992639, 3.384923 ], [ 9.992412, 3.385852 ], [ 9.992306, 3.386498 ], [ 9.992507, 3.386955 ], [ 9.992655, 3.387829 ], [ 9.992777, 3.388797 ], [ 9.992805, 3.389901 ], [ 9.992845, 3.39064 ], [ 9.992913, 3.391259 ], [ 9.993128, 3.391945 ], [ 9.993249, 3.39251 ], [ 9.993424, 3.393223 ], [ 9.993598, 3.393545 ], [ 9.993853, 3.393975 ], [ 9.994027, 3.394231 ], [ 9.994563, 3.394715 ], [ 9.99538, 3.395225 ], [ 9.995506, 3.395329 ], [ 9.995755, 3.395534 ], [ 9.996197, 3.395924 ], [ 9.996586, 3.396515 ], [ 9.997082, 3.397268 ], [ 9.997525, 3.397967 ], [ 9.997994, 3.398343 ], [ 9.998369, 3.398693 ], [ 9.998677, 3.399123 ], [ 9.998999, 3.399445 ], [ 9.999507, 3.399525 ], [ 10.000056, 3.399673 ], [ 10.000485, 3.399726 ], [ 10.000632, 3.399807 ], [ 10.001275, 3.400196 ], [ 10.001717, 3.400572 ], [ 10.002039, 3.400747 ], [ 10.002441, 3.401016 ], [ 10.003003, 3.401244 ], [ 10.003311, 3.401445 ], [ 10.003686, 3.401795 ], [ 10.004088, 3.40205 ], [ 10.00437, 3.402399 ], [ 10.005146, 3.402883 ], [ 10.005481, 3.403219 ], [ 10.006031, 3.403675 ], [ 10.006406, 3.403917 ], [ 10.006533, 3.404391 ], [ 10.006044, 3.405713 ], [ 10.005653, 3.406928 ], [ 10.004543, 3.408407 ], [ 10.003794, 3.410083 ], [ 10.003697, 3.411331 ], [ 10.003502, 3.412448 ], [ 10.003111, 3.413861 ], [ 10.002721, 3.415339 ], [ 10.001611, 3.416621 ], [ 10.001549, 3.416729 ], [ 10.001023, 3.41764 ], [ 10.000403, 3.418133 ], [ 10.0006, 3.419315 ], [ 10.000732, 3.420596 ], [ 10.000178, 3.422042 ], [ 10.000441, 3.423683 ], [ 10.000345, 3.425194 ], [ 10.000314, 3.426968 ], [ 10.00025, 3.428249 ], [ 10.000448, 3.429727 ], [ 10.000122, 3.431041 ], [ 10.000287, 3.432223 ], [ 10.000288, 3.433405 ], [ 10.000355, 3.435146 ], [ 10.000226, 3.436394 ], [ 10.000326, 3.437904 ], [ 10.001209, 3.439086 ], [ 10.002028, 3.440727 ], [ 10.003107, 3.441383 ], [ 10.003337, 3.441974 ], [ 10.00337, 3.442828 ], [ 10.002554, 3.443945 ], [ 10.00164, 3.445096 ], [ 10.000988, 3.446311 ], [ 10.000859, 3.447855 ], [ 10.001154, 3.449169 ], [ 10.001483, 3.451172 ], [ 10.001648, 3.452649 ], [ 10.001748, 3.453996 ], [ 10.001586, 3.455244 ], [ 10.001456, 3.455999 ], [ 10.00064, 3.456953 ], [ 9.999888, 3.457446 ], [ 9.999137, 3.458038 ], [ 9.998125, 3.458795 ], [ 9.99757, 3.459452 ], [ 9.996721, 3.460405 ], [ 9.996069, 3.461621 ], [ 9.996005, 3.462705 ], [ 9.995941, 3.463953 ], [ 9.995615, 3.465366 ], [ 9.995779, 3.466154 ], [ 9.99614, 3.467007 ], [ 9.996095, 3.46783 ], [ 9.996274, 3.467882 ], [ 9.996619, 3.467982 ], [ 9.996954, 3.468339 ], [ 9.997623, 3.468506 ], [ 9.998188, 3.468464 ], [ 9.99869, 3.468358 ], [ 9.99915, 3.46821 ], [ 9.999966, 3.467936 ], [ 10.001122, 3.468074 ], [ 10.001939, 3.467975 ], [ 10.002854, 3.467711 ], [ 10.003671, 3.467743 ], [ 10.00439, 3.467874 ], [ 10.005012, 3.468267 ], [ 10.005208, 3.468628 ], [ 10.00498, 3.46922 ], [ 10.004785, 3.470336 ], [ 10.004628, 3.470467 ], [ 10.004286, 3.471098 ], [ 10.004001, 3.471529 ], [ 10.003692, 3.471961 ], [ 10.003478, 3.472296 ], [ 10.003308, 3.472599 ], [ 10.00355, 3.473277 ], [ 10.003908, 3.473875 ], [ 10.004266, 3.474305 ], [ 10.004576, 3.47452 ], [ 10.004957, 3.47464 ], [ 10.005815, 3.474639 ], [ 10.006338, 3.474638 ], [ 10.00702, 3.474437 ], [ 10.007071, 3.474447 ], [ 10.007535, 3.474537 ], [ 10.00894, 3.47447 ], [ 10.01077, 3.47437 ], [ 10.011849, 3.474533 ], [ 10.012913, 3.474722 ], [ 10.01327, 3.475157 ], [ 10.013508, 3.475253 ], [ 10.014199, 3.475707 ], [ 10.0147, 3.476017 ], [ 10.015429, 3.476402 ], [ 10.015844, 3.476758 ], [ 10.016487, 3.476925 ], [ 10.01744, 3.47702 ], [ 10.018131, 3.47721 ], [ 10.018965, 3.477473 ], [ 10.019727, 3.477496 ], [ 10.02037, 3.47728 ], [ 10.020917, 3.476824 ], [ 10.021321, 3.476273 ], [ 10.021607, 3.475723 ], [ 10.021892, 3.475411 ], [ 10.022177, 3.474837 ], [ 10.022605, 3.474429 ], [ 10.022962, 3.47407 ], [ 10.02351, 3.473615 ], [ 10.023914, 3.473279 ], [ 10.024652, 3.472632 ], [ 10.025008, 3.472081 ], [ 10.025413, 3.471506 ], [ 10.025889, 3.471147 ], [ 10.026365, 3.470739 ], [ 10.026912, 3.470308 ], [ 10.027221, 3.469925 ], [ 10.027139, 3.469623 ], [ 10.027498, 3.468703 ], [ 10.027958, 3.468297 ], [ 10.028195, 3.467866 ], [ 10.028386, 3.467482 ], [ 10.028719, 3.467243 ], [ 10.02929, 3.466835 ], [ 10.029718, 3.466619 ], [ 10.03029, 3.466475 ], [ 10.031004, 3.466379 ], [ 10.03148, 3.46633 ], [ 10.032004, 3.466114 ], [ 10.032194, 3.465635 ], [ 10.03236, 3.465037 ], [ 10.032479, 3.464606 ], [ 10.032431, 3.464008 ], [ 10.032613, 3.463517 ], [ 10.032689, 3.463311 ], [ 10.033113, 3.462686 ], [ 10.033832, 3.462292 ], [ 10.035204, 3.462553 ], [ 10.035532, 3.462749 ], [ 10.036709, 3.463405 ], [ 10.037625, 3.463929 ], [ 10.038867, 3.464519 ], [ 10.039685, 3.465208 ], [ 10.040176, 3.466291 ], [ 10.04057, 3.467867 ], [ 10.040703, 3.469312 ], [ 10.040704, 3.47056 ], [ 10.040542, 3.471644 ], [ 10.04038, 3.472396 ], [ 10.040381, 3.472848 ], [ 10.040167, 3.473519 ], [ 10.039787, 3.474117 ], [ 10.03943, 3.474692 ], [ 10.039145, 3.475291 ], [ 10.038622, 3.475938 ], [ 10.038265, 3.476656 ], [ 10.037694, 3.477231 ], [ 10.037362, 3.477949 ], [ 10.036743, 3.478668 ], [ 10.036101, 3.479267 ], [ 10.035554, 3.480058 ], [ 10.035078, 3.480321 ], [ 10.034554, 3.480681 ], [ 10.034007, 3.481232 ], [ 10.033746, 3.481998 ], [ 10.03358, 3.482692 ], [ 10.033438, 3.483387 ], [ 10.033319, 3.484033 ], [ 10.033034, 3.484823 ], [ 10.032797, 3.485326 ], [ 10.032726, 3.485781 ], [ 10.032703, 3.486403 ], [ 10.032775, 3.487025 ], [ 10.033037, 3.487456 ], [ 10.033133, 3.487934 ], [ 10.032978, 3.488501 ], [ 10.03323, 3.489131 ], [ 10.032935, 3.48998 ], [ 10.032817, 3.490958 ], [ 10.032832, 3.491537 ], [ 10.032949, 3.49231 ], [ 10.033163, 3.493104 ], [ 10.03283, 3.493798 ], [ 10.032687, 3.494229 ], [ 10.032316, 3.49491 ], [ 10.032202, 3.495471 ], [ 10.03238, 3.496 ], [ 10.032285, 3.496527 ], [ 10.032143, 3.497149 ], [ 10.031953, 3.4977 ], [ 10.031692, 3.498682 ], [ 10.031621, 3.499519 ], [ 10.031487, 3.500194 ], [ 10.031717, 3.501179 ], [ 10.032045, 3.502033 ], [ 10.032339, 3.502591 ], [ 10.0327, 3.503214 ], [ 10.033024, 3.503865 ], [ 10.033675, 3.504567 ], [ 10.033771, 3.505428 ], [ 10.033772, 3.506146 ], [ 10.033559, 3.506721 ], [ 10.033345, 3.507415 ], [ 10.033036, 3.50811 ], [ 10.032656, 3.50878 ], [ 10.031965, 3.50914 ], [ 10.031441, 3.509117 ], [ 10.03087, 3.509333 ], [ 10.030275, 3.509597 ], [ 10.029799, 3.509836 ], [ 10.029347, 3.510148 ], [ 10.029014, 3.510603 ], [ 10.028609, 3.511082 ], [ 10.028276, 3.511705 ], [ 10.02811, 3.511944 ], [ 10.027768, 3.512475 ], [ 10.027682, 3.513046 ], [ 10.027492, 3.513501 ], [ 10.027255, 3.513932 ], [ 10.026779, 3.514172 ], [ 10.02604, 3.514268 ], [ 10.025421, 3.514269 ], [ 10.024825, 3.51403 ], [ 10.024158, 3.513792 ], [ 10.023848, 3.513601 ], [ 10.023276, 3.51341 ], [ 10.022728, 3.513267 ], [ 10.022324, 3.513411 ], [ 10.021967, 3.514057 ], [ 10.021565, 3.514627 ], [ 10.021642, 3.515396 ], [ 10.021628, 3.516784 ], [ 10.021771, 3.517339 ], [ 10.021891, 3.517802 ], [ 10.021892, 3.518557 ], [ 10.021795, 3.51927 ], [ 10.021697, 3.520035 ], [ 10.021688, 3.520567 ], [ 10.021308, 3.520879 ], [ 10.021069, 3.520807 ], [ 10.020713, 3.521215 ], [ 10.020141, 3.521431 ], [ 10.019736, 3.521599 ], [ 10.019451, 3.521743 ], [ 10.018975, 3.521839 ], [ 10.018474, 3.521815 ], [ 10.017593, 3.521745 ], [ 10.017284, 3.521122 ], [ 10.016544, 3.520836 ], [ 10.016091, 3.520478 ], [ 10.015519, 3.520096 ], [ 10.015002, 3.519501 ], [ 10.01428, 3.519475 ], [ 10.013374, 3.519093 ], [ 10.012612, 3.518806 ], [ 10.011992, 3.518616 ], [ 10.011158, 3.518305 ], [ 10.010539, 3.518043 ], [ 10.009943, 3.5179 ], [ 10.0093, 3.518307 ], [ 10.008753, 3.518643 ], [ 10.008253, 3.51905 ], [ 10.007401, 3.519561 ], [ 10.006801, 3.519698 ], [ 10.006253, 3.519818 ], [ 10.005777, 3.519963 ], [ 10.005253, 3.520107 ], [ 10.004848, 3.520155 ], [ 10.004491, 3.520347 ], [ 10.004039, 3.520754 ], [ 10.003539, 3.521162 ], [ 10.003206, 3.521521 ], [ 10.002897, 3.521952 ], [ 10.002517, 3.522407 ], [ 10.001859, 3.522752 ], [ 10.001469, 3.52315 ], [ 10.000898, 3.523223 ], [ 10.000183, 3.523439 ], [ 9.999469, 3.523607 ], [ 9.998898, 3.523799 ], [ 9.998279, 3.524087 ], [ 9.997755, 3.524279 ], [ 9.997207, 3.524447 ], [ 9.996326, 3.524592 ], [ 9.995564, 3.52464 ], [ 9.99473, 3.524857 ], [ 9.993778, 3.524882 ], [ 9.99323, 3.52517 ], [ 9.992659, 3.525505 ], [ 9.992039, 3.525742 ], [ 9.991761, 3.526216 ], [ 9.991409, 3.526959 ], [ 9.991431, 3.527486 ], [ 9.991538, 3.528014 ], [ 9.991378, 3.528434 ], [ 9.991786, 3.529219 ], [ 9.992118, 3.529606 ], [ 9.992451, 3.529928 ], [ 9.992644, 3.530509 ], [ 9.992945, 3.530972 ], [ 9.993331, 3.531326 ], [ 9.993663, 3.531617 ], [ 9.994047, 3.532092 ], [ 9.994124, 3.532188 ], [ 10.008539, 3.549788 ], [ 10.008535, 3.549813 ], [ 10.00916, 3.549896 ], [ 10.009871, 3.549706 ], [ 10.010477, 3.549705 ], [ 10.01121, 3.549746 ], [ 10.011733, 3.549998 ], [ 10.012047, 3.550292 ], [ 10.012278, 3.550733 ], [ 10.012613, 3.551195 ], [ 10.012885, 3.551636 ], [ 10.013137, 3.55235 ], [ 10.013233, 3.553103 ], [ 10.013579, 3.553552 ], [ 10.013627, 3.554198 ], [ 10.013599, 3.554782 ], [ 10.013447, 3.555146 ], [ 10.013029, 3.555759 ], [ 10.012686, 3.556143 ], [ 10.012401, 3.556507 ], [ 10.012153, 3.557043 ], [ 10.011849, 3.557637 ], [ 10.011755, 3.55825 ], [ 10.011736, 3.558633 ], [ 10.011431, 3.55892 ], [ 10.011012, 3.559151 ], [ 10.010708, 3.559457 ], [ 10.010442, 3.559936 ], [ 10.010175, 3.560377 ], [ 10.009966, 3.561009 ], [ 10.009643, 3.561718 ], [ 10.009453, 3.562216 ], [ 10.009149, 3.56281 ], [ 10.008978, 3.563308 ], [ 10.008845, 3.563767 ], [ 10.008631, 3.564084 ], [ 10.008715, 3.564631 ], [ 10.008821, 3.565177 ], [ 10.009135, 3.565618 ], [ 10.0097, 3.565785 ], [ 10.010244, 3.565911 ], [ 10.010704, 3.565995 ], [ 10.011018, 3.56631 ], [ 10.011017, 3.566312 ], [ 10.011173, 3.566579 ], [ 10.011212, 3.567058 ], [ 10.010983, 3.567422 ], [ 10.010774, 3.567748 ], [ 10.010355, 3.568131 ], [ 10.010108, 3.568495 ], [ 10.009823, 3.568974 ], [ 10.009614, 3.569434 ], [ 10.009309, 3.569875 ], [ 10.0091, 3.570373 ], [ 10.009005, 3.570985 ], [ 10.008815, 3.571426 ], [ 10.00874, 3.571905 ], [ 10.008721, 3.572498 ], [ 10.008779, 3.572805 ], [ 10.00883, 3.573416 ], [ 10.009081, 3.573773 ], [ 10.009371, 3.574221 ], [ 10.009848, 3.574392 ], [ 10.010362, 3.574507 ], [ 10.010896, 3.574717 ], [ 10.011392, 3.575003 ], [ 10.011868, 3.575 ], [ 10.012284, 3.575514 ], [ 10.012479, 3.575845 ], [ 10.01227, 3.576151 ], [ 10.011927, 3.576401 ], [ 10.011394, 3.57688 ], [ 10.011146, 3.576995 ], [ 10.010765, 3.577187 ], [ 10.010213, 3.577494 ], [ 10.00987, 3.577839 ], [ 10.009585, 3.578184 ], [ 10.009223, 3.578491 ], [ 10.008995, 3.578835 ], [ 10.008729, 3.579429 ], [ 10.008634, 3.58008 ], [ 10.008559, 3.580751 ], [ 10.008445, 3.581306 ], [ 10.008217, 3.581727 ], [ 10.007969, 3.582034 ], [ 10.007551, 3.582417 ], [ 10.007018, 3.582935 ], [ 10.006637, 3.583337 ], [ 10.00639, 3.58397 ], [ 10.0062, 3.584334 ], [ 10.005972, 3.584774 ], [ 10.005858, 3.585157 ], [ 10.005744, 3.585693 ], [ 10.005878, 3.586095 ], [ 10.005935, 3.58644 ], [ 10.005811, 3.586767 ], [ 10.005997, 3.58748 ], [ 10.006231, 3.587901 ], [ 10.006528, 3.588143 ], [ 10.006624, 3.58845 ], [ 10.006681, 3.588794 ], [ 10.006758, 3.58912 ], [ 10.006758, 3.589483 ], [ 10.006854, 3.589847 ], [ 10.006816, 3.590383 ], [ 10.006683, 3.590785 ], [ 10.006474, 3.591169 ], [ 10.005979, 3.591571 ], [ 10.005579, 3.591897 ], [ 10.005198, 3.592108 ], [ 10.004627, 3.592281 ], [ 10.004189, 3.592339 ], [ 10.003598, 3.592493 ], [ 10.002798, 3.592838 ], [ 10.002417, 3.592954 ], [ 10.001407, 3.59307 ], [ 10.000759, 3.593223 ], [ 10.000188, 3.593377 ], [ 9.999559, 3.593569 ], [ 9.999159, 3.593857 ], [ 9.998779, 3.594317 ], [ 9.99857, 3.595045 ], [ 9.998533, 3.595715 ], [ 9.998476, 3.596155 ], [ 9.998305, 3.596826 ], [ 9.997982, 3.597381 ], [ 9.99762, 3.597994 ], [ 9.997297, 3.598301 ], [ 9.996973, 3.598704 ], [ 9.996535, 3.59903 ], [ 9.996211, 3.599126 ], [ 9.995916, 3.59901 ], [ 9.99574, 3.599605 ], [ 9.995074, 3.600036 ], [ 9.994502, 3.600013 ], [ 9.993716, 3.599775 ], [ 9.993144, 3.599679 ], [ 9.992643, 3.599536 ], [ 9.992167, 3.599513 ], [ 9.991548, 3.599562 ], [ 9.990786, 3.599873 ], [ 9.990357, 3.599994 ], [ 9.989952, 3.599946 ], [ 9.989356, 3.599779 ], [ 9.988809, 3.599876 ], [ 9.988261, 3.60014 ], [ 9.987831, 3.600373 ], [ 9.987404, 3.600428 ], [ 9.986975, 3.60038 ], [ 9.986641, 3.599998 ], [ 9.986212, 3.599783 ], [ 9.985735, 3.59952 ], [ 9.985378, 3.599281 ], [ 9.985068, 3.599042 ], [ 9.984496, 3.598923 ], [ 9.983734, 3.598924 ], [ 9.983091, 3.598781 ], [ 9.9824, 3.598686 ], [ 9.982161, 3.598327 ], [ 9.981542, 3.598208 ], [ 9.980827, 3.598209 ], [ 9.980255, 3.598305 ], [ 9.979755, 3.598378 ], [ 9.979326, 3.598306 ], [ 9.978612, 3.598283 ], [ 9.978111, 3.598164 ], [ 9.977485, 3.597984 ], [ 9.976955, 3.598887 ], [ 9.976138, 3.59975 ], [ 9.975404, 3.600449 ], [ 9.975118, 3.601024 ], [ 9.974832, 3.601312 ], [ 9.974425, 3.602092 ], [ 9.973608, 3.602791 ], [ 9.972751, 3.603244 ], [ 9.971648, 3.603737 ], [ 9.97034, 3.603698 ], [ 9.969523, 3.603534 ], [ 9.968787, 3.603207 ], [ 9.968174, 3.603002 ], [ 9.96756, 3.602387 ], [ 9.967192, 3.601566 ], [ 9.966415, 3.600828 ], [ 9.96576, 3.600213 ], [ 9.965474, 3.599475 ], [ 9.96516, 3.599183 ], [ 9.964901, 3.598941 ], [ 9.963708, 3.599026 ], [ 9.963144, 3.599066 ], [ 9.960978, 3.599069 ], [ 9.958772, 3.599071 ], [ 9.957897, 3.599191 ], [ 9.95726, 3.599278 ], [ 9.95534, 3.599321 ], [ 9.953943, 3.599195 ], [ 9.953092, 3.599118 ], [ 9.9517, 3.599197 ], [ 9.950886, 3.599244 ], [ 9.950242, 3.599244 ], [ 9.949088, 3.599245 ], [ 9.948882, 3.5992 ], [ 9.947413, 3.598878 ], [ 9.946553, 3.597565 ], [ 9.946552, 3.595964 ], [ 9.946345, 3.594199 ], [ 9.946508, 3.593295 ], [ 9.946016, 3.591572 ], [ 9.944993, 3.590423 ], [ 9.944175, 3.58989 ], [ 9.943112, 3.589399 ], [ 9.942336, 3.589317 ], [ 9.941924, 3.589288 ], [ 9.940661, 3.589196 ], [ 9.939803, 3.589197 ], [ 9.938332, 3.589363 ], [ 9.937229, 3.589446 ], [ 9.93633, 3.589816 ], [ 9.935432, 3.590269 ], [ 9.934042, 3.59027 ], [ 9.932775, 3.58982 ], [ 9.931754, 3.58978 ], [ 9.930569, 3.589822 ], [ 9.929425, 3.589864 ], [ 9.928281, 3.589866 ], [ 9.927177, 3.589456 ], [ 9.925788, 3.58917 ], [ 9.924684, 3.589171 ], [ 9.924625, 3.589392 ], [ 9.924562, 3.589623 ], [ 9.923868, 3.589993 ], [ 9.923051, 3.590158 ], [ 9.922234, 3.590816 ], [ 9.921867, 3.591268 ], [ 9.921091, 3.591761 ], [ 9.920315, 3.591844 ], [ 9.919416, 3.591722 ], [ 9.919089, 3.591394 ], [ 9.918639, 3.591148 ], [ 9.917944, 3.590985 ], [ 9.917372, 3.590657 ], [ 9.916432, 3.590863 ], [ 9.915993, 3.591368 ], [ 9.915861, 3.59152 ], [ 9.91529, 3.592301 ], [ 9.914759, 3.592671 ], [ 9.914064, 3.592836 ], [ 9.912961, 3.592837 ], [ 9.912348, 3.593002 ], [ 9.911572, 3.593044 ], [ 9.91055, 3.593086 ], [ 9.909815, 3.593128 ], [ 9.908951, 3.593162 ], [ 9.908753, 3.59317 ], [ 9.908058, 3.593047 ], [ 9.907772, 3.59276 ], [ 9.907526, 3.592678 ], [ 9.906954, 3.592679 ], [ 9.906669, 3.593541 ], [ 9.90622, 3.594157 ], [ 9.906017, 3.59465 ], [ 9.9052, 3.595021 ], [ 9.904628, 3.595103 ], [ 9.904097, 3.595309 ], [ 9.903566, 3.595392 ], [ 9.902544, 3.595475 ], [ 9.901931, 3.595475 ], [ 9.901196, 3.595558 ], [ 9.900665, 3.595723 ], [ 9.900175, 3.596257 ], [ 9.900176, 3.597037 ], [ 9.899809, 3.597818 ], [ 9.899755, 3.597866 ], [ 9.899401, 3.598188 ], [ 9.89891, 3.598311 ], [ 9.898338, 3.598353 ], [ 9.897317, 3.598313 ], [ 9.896541, 3.598765 ], [ 9.896214, 3.599135 ], [ 9.895438, 3.599177 ], [ 9.894989, 3.59967 ], [ 9.894662, 3.599752 ], [ 9.894458, 3.599711 ], [ 9.894172, 3.599712 ], [ 9.894009, 3.600697 ], [ 9.893111, 3.601068 ], [ 9.892335, 3.601315 ], [ 9.891354, 3.60111 ], [ 9.891394, 3.600289 ], [ 9.890903, 3.599674 ], [ 9.890412, 3.599469 ], [ 9.889554, 3.599511 ], [ 9.888696, 3.599635 ], [ 9.887961, 3.599718 ], [ 9.887185, 3.599719 ], [ 9.886876, 3.599569 ], [ 9.886661, 3.599333 ], [ 9.886414, 3.598946 ], [ 9.885996, 3.598602 ], [ 9.885857, 3.598268 ], [ 9.88531, 3.597957 ], [ 9.884871, 3.597957 ], [ 9.884635, 3.597882 ], [ 9.884121, 3.597764 ], [ 9.883778, 3.59756 ], [ 9.883467, 3.597291 ], [ 9.883113, 3.597001 ], [ 9.882845, 3.596754 ], [ 9.88267, 3.596528 ], [ 9.88256, 3.596341 ], [ 9.882367, 3.596212 ], [ 9.882251, 3.595979 ], [ 9.882168, 3.595805 ], [ 9.881942, 3.595579 ], [ 9.881814, 3.595347 ], [ 9.881633, 3.595173 ], [ 9.881498, 3.594999 ], [ 9.881318, 3.59474 ], [ 9.881022, 3.59436 ], [ 9.881009, 3.594095 ], [ 9.880835, 3.593759 ], [ 9.880784, 3.593482 ], [ 9.880672, 3.593286 ], [ 9.879989, 3.593122 ], [ 9.879421, 3.593141 ], [ 9.879176, 3.593154 ], [ 9.878926, 3.593225 ], [ 9.878618, 3.593381 ], [ 9.878232, 3.593365 ], [ 9.877713, 3.593618 ], [ 9.877412, 3.593904 ], [ 9.877346, 3.594375 ], [ 9.877129, 3.595065 ], [ 9.876962, 3.595553 ], [ 9.87656, 3.596041 ], [ 9.876226, 3.596562 ], [ 9.875842, 3.596865 ], [ 9.875323, 3.597068 ], [ 9.874687, 3.597304 ], [ 9.874035, 3.597372 ], [ 9.873532, 3.597322 ], [ 9.872746, 3.597289 ], [ 9.872344, 3.597474 ], [ 9.871859, 3.597727 ], [ 9.871575, 3.598114 ], [ 9.871391, 3.59845 ], [ 9.870973, 3.598871 ], [ 9.870773, 3.599225 ], [ 9.870405, 3.599393 ], [ 9.869953, 3.599545 ], [ 9.869601, 3.599545 ], [ 9.869345, 3.599697 ], [ 9.861139, 3.580658 ], [ 9.861018, 3.580829 ], [ 9.860684, 3.581116 ], [ 9.860469, 3.581212 ], [ 9.86016, 3.581368 ], [ 9.859803, 3.581476 ], [ 9.859314, 3.581704 ], [ 9.858945, 3.581836 ], [ 9.858743, 3.581932 ], [ 9.85841, 3.582112 ], [ 9.858219, 3.582232 ], [ 9.857934, 3.582471 ], [ 9.857707, 3.582675 ], [ 9.857362, 3.582998 ], [ 9.857089, 3.583334 ], [ 9.856827, 3.583681 ], [ 9.85653, 3.584052 ], [ 9.856149, 3.584388 ], [ 9.85572, 3.584675 ], [ 9.855518, 3.584891 ], [ 9.855232, 3.585059 ], [ 9.854863, 3.585286 ], [ 9.854482, 3.585442 ], [ 9.853851, 3.585515 ], [ 9.85341, 3.585527 ], [ 9.852779, 3.58554 ], [ 9.85241, 3.58554 ], [ 9.851969, 3.585576 ], [ 9.851624, 3.585601 ], [ 9.851219, 3.585661 ], [ 9.850874, 3.585805 ], [ 9.85054, 3.585913 ], [ 9.850231, 3.586021 ], [ 9.849969, 3.586176 ], [ 9.849612, 3.586332 ], [ 9.849254, 3.58656 ], [ 9.848611, 3.586704 ], [ 9.848123, 3.586848 ], [ 9.847587, 3.586885 ], [ 9.847099, 3.586873 ], [ 9.846908, 3.586778 ], [ 9.846289, 3.586599 ], [ 9.845955, 3.586563 ], [ 9.845479, 3.58642 ], [ 9.845038, 3.586277 ], [ 9.844657, 3.586169 ], [ 9.844109, 3.586158 ], [ 9.843716, 3.586242 ], [ 9.843323, 3.586314 ], [ 9.842787, 3.586375 ], [ 9.84237, 3.586423 ], [ 9.842001, 3.586567 ], [ 9.841537, 3.586723 ], [ 9.841477, 3.586735 ], [ 9.84112, 3.586831 ], [ 9.84062, 3.586939 ], [ 9.84012, 3.587071 ], [ 9.839691, 3.587084 ], [ 9.839083, 3.587228 ], [ 9.83881, 3.587288 ], [ 9.838464, 3.587396 ], [ 9.838012, 3.587648 ], [ 9.83769, 3.587875 ], [ 9.83731, 3.588067 ], [ 9.836905, 3.588247 ], [ 9.836417, 3.588427 ], [ 9.835607, 3.588571 ], [ 9.835345, 3.588655 ], [ 9.83488, 3.588739 ], [ 9.83438, 3.58886 ], [ 9.834106, 3.589003 ], [ 9.833571, 3.589183 ], [ 9.832999, 3.589256 ], [ 9.832594, 3.589424 ], [ 9.832189, 3.589663 ], [ 9.831832, 3.589879 ], [ 9.831428, 3.590227 ], [ 9.831094, 3.590682 ], [ 9.831023, 3.591148 ], [ 9.830833, 3.591663 ], [ 9.830536, 3.592046 ], [ 9.830203, 3.592693 ], [ 9.829834, 3.592968 ], [ 9.829644, 3.593112 ], [ 9.829394, 3.593184 ], [ 9.828727, 3.593185 ], [ 9.828381, 3.593077 ], [ 9.828107, 3.592886 ], [ 9.827845, 3.592635 ], [ 9.82757, 3.592288 ], [ 9.827356, 3.592001 ], [ 9.827141, 3.591678 ], [ 9.826974, 3.591451 ], [ 9.826664, 3.591224 ], [ 9.826569, 3.591045 ], [ 9.826306, 3.590806 ], [ 9.826223, 3.590626 ], [ 9.826139, 3.590399 ], [ 9.825925, 3.590076 ], [ 9.825805, 3.589885 ], [ 9.82571, 3.589478 ], [ 9.82559, 3.589083 ], [ 9.825459, 3.588784 ], [ 9.825316, 3.588365 ], [ 9.825173, 3.588078 ], [ 9.825041, 3.587719 ], [ 9.824886, 3.587408 ], [ 9.824671, 3.587097 ], [ 9.824349, 3.586739 ], [ 9.82398, 3.586404 ], [ 9.823742, 3.586213 ], [ 9.823384, 3.585974 ], [ 9.823062, 3.585722 ], [ 9.8228, 3.585436 ], [ 9.822549, 3.585041 ], [ 9.822406, 3.584694 ], [ 9.822215, 3.584287 ], [ 9.821989, 3.583773 ], [ 9.821774, 3.583294 ], [ 9.821631, 3.582995 ], [ 9.821368, 3.582732 ], [ 9.820999, 3.582457 ], [ 9.82057, 3.58223 ], [ 9.820105, 3.581979 ], [ 9.819629, 3.581884 ], [ 9.819283, 3.581884 ], [ 9.818938, 3.581969 ], [ 9.818664, 3.582029 ], [ 9.818211, 3.582113 ], [ 9.817806, 3.582161 ], [ 9.817437, 3.582102 ], [ 9.817163, 3.582054 ], [ 9.816871, 3.581974 ], [ 9.795857, 3.602663 ], [ 9.795607, 3.60281 ], [ 9.795321, 3.602823 ], [ 9.794904, 3.602715 ], [ 9.794463, 3.602512 ], [ 9.79407, 3.602333 ], [ 9.793498, 3.602166 ], [ 9.792807, 3.601903 ], [ 9.79239, 3.601616 ], [ 9.79202, 3.601294 ], [ 9.791912, 3.601103 ], [ 9.791654, 3.600831 ], [ 9.791539, 3.600429 ], [ 9.791468, 3.600027 ], [ 9.791267, 3.599682 ], [ 9.791146, 3.59928 ], [ 9.791238, 3.59905 ], [ 9.791181, 3.59872 ], [ 9.791095, 3.598347 ], [ 9.790908, 3.598017 ], [ 9.790608, 3.59773 ], [ 9.790222, 3.597472 ], [ 9.789879, 3.597213 ], [ 9.789593, 3.596855 ], [ 9.789292, 3.59608 ], [ 9.78892, 3.595606 ], [ 9.788619, 3.595305 ], [ 9.788519, 3.595032 ], [ 9.788119, 3.594802 ], [ 9.787818, 3.594688 ], [ 9.787261, 3.594588 ], [ 9.787061, 3.594565 ], [ 9.786732, 3.594508 ], [ 9.786332, 3.594308 ], [ 9.785916, 3.593705 ], [ 9.78573, 3.593332 ], [ 9.785673, 3.592886 ], [ 9.785415, 3.59237 ], [ 9.7851, 3.591853 ], [ 9.7847, 3.591365 ], [ 9.784299, 3.590978 ], [ 9.783727, 3.590619 ], [ 9.783412, 3.590347 ], [ 9.782969, 3.590131 ], [ 9.782478, 3.590107 ], [ 9.781886, 3.589821 ], [ 9.781368, 3.58967 ], [ 9.780837, 3.589581 ], [ 9.780496, 3.589128 ], [ 9.779907, 3.588845 ], [ 9.779588, 3.588494 ], [ 9.779136, 3.588125 ], [ 9.7787, 3.587671 ], [ 9.778401, 3.587449 ], [ 9.778193, 3.587019 ], [ 9.777906, 3.586617 ], [ 9.777892, 3.58623 ], [ 9.777648, 3.585842 ], [ 9.777477, 3.58544 ], [ 9.777305, 3.585196 ], [ 9.777233, 3.584967 ], [ 9.777018, 3.584593 ], [ 9.777047, 3.58432 ], [ 9.776861, 3.583976 ], [ 9.776703, 3.583488 ], [ 9.77656, 3.5831 ], [ 9.776331, 3.58254 ], [ 9.776216, 3.582167 ], [ 9.776058, 3.581751 ], [ 9.775872, 3.581464 ], [ 9.775643, 3.581177 ], [ 9.775529, 3.581004 ], [ 9.775129, 3.580746 ], [ 9.7748, 3.580545 ], [ 9.774393, 3.58041 ], [ 9.773756, 3.580142 ], [ 9.773388, 3.580041 ], [ 9.773027, 3.579743 ], [ 9.772683, 3.579442 ], [ 9.772312, 3.579126 ], [ 9.771997, 3.578925 ], [ 9.771668, 3.578681 ], [ 9.771453, 3.578452 ], [ 9.77121, 3.578208 ], [ 9.770896, 3.577964 ], [ 9.770581, 3.577677 ], [ 9.770352, 3.577376 ], [ 9.76988, 3.57673 ], [ 9.769651, 3.576414 ], [ 9.769536, 3.575926 ], [ 9.769507, 3.575653 ], [ 9.769493, 3.575236 ], [ 9.769449, 3.574863 ], [ 9.76942, 3.574447 ], [ 9.769392, 3.574131 ], [ 9.769252, 3.573671 ], [ 9.769391, 3.573169 ], [ 9.769362, 3.572767 ], [ 9.769197, 3.572472 ], [ 9.768833, 3.572322 ], [ 9.768689, 3.571977 ], [ 9.768561, 3.571633 ], [ 9.768546, 3.57136 ], [ 9.768484, 3.570904 ], [ 9.768502, 3.570513 ], [ 9.768474, 3.570125 ], [ 9.768473, 3.569752 ], [ 9.76853, 3.569349 ], [ 9.768404, 3.569009 ], [ 9.768499, 3.56883 ], [ 9.768644, 3.568557 ], [ 9.768958, 3.568588 ], [ 9.769273, 3.568501 ], [ 9.769801, 3.5684 ], [ 9.770159, 3.568271 ], [ 9.770415, 3.567992 ], [ 9.770916, 3.567954 ], [ 9.771316, 3.567796 ], [ 9.771616, 3.567724 ], [ 9.77183, 3.567595 ], [ 9.77213, 3.567436 ], [ 9.772301, 3.56717 ], [ 9.77254, 3.567056 ], [ 9.772887, 3.566847 ], [ 9.773041, 3.566388 ], [ 9.773272, 3.56619 ], [ 9.773524, 3.565896 ], [ 9.773658, 3.565626 ], [ 9.773958, 3.565367 ], [ 9.773982, 3.564989 ], [ 9.774163, 3.564641 ], [ 9.774376, 3.564232 ], [ 9.774475, 3.563892 ], [ 9.774631, 3.563359 ], [ 9.774697, 3.563055 ], [ 9.774753, 3.562803 ], [ 9.774807, 3.562558 ], [ 9.774876, 3.562243 ], [ 9.77477, 3.561877 ], [ 9.774908, 3.561509 ], [ 9.774884, 3.561101 ], [ 9.774683, 3.560785 ], [ 9.77464, 3.560383 ], [ 9.774763, 3.560017 ], [ 9.774582, 3.559579 ], [ 9.774601, 3.559191 ], [ 9.774324, 3.558962 ], [ 9.774124, 3.558445 ], [ 9.773923, 3.558029 ], [ 9.773537, 3.557598 ], [ 9.773365, 3.557239 ], [ 9.773065, 3.556866 ], [ 9.77265, 3.556594 ], [ 9.772335, 3.556364 ], [ 9.772049, 3.556091 ], [ 9.771735, 3.555776 ], [ 9.771434, 3.55546 ], [ 9.771162, 3.555202 ], [ 9.770948, 3.555015 ], [ 9.77059, 3.554858 ], [ 9.770076, 3.554729 ], [ 9.769561, 3.554758 ], [ 9.769231, 3.554905 ], [ 9.769003, 3.555001 ], [ 9.768774, 3.555212 ], [ 9.768603, 3.555537 ], [ 9.768394, 3.556016 ], [ 9.768165, 3.556399 ], [ 9.767803, 3.556744 ], [ 9.767423, 3.557281 ], [ 9.767347, 3.557683 ], [ 9.767214, 3.558238 ], [ 9.767195, 3.558851 ], [ 9.76703, 3.559491 ], [ 9.767137, 3.560159 ], [ 9.767483, 3.560631 ], [ 9.76761, 3.561171 ], [ 9.76767, 3.561734 ], [ 9.767742, 3.562189 ], [ 9.767826, 3.562619 ], [ 9.767779, 3.563074 ], [ 9.76766, 3.563397 ], [ 9.767481, 3.563673 ], [ 9.767386, 3.56384 ], [ 9.767136, 3.564164 ], [ 9.766982, 3.564331 ], [ 9.766755, 3.564535 ], [ 9.766458, 3.564691 ], [ 9.765922, 3.564835 ], [ 9.765553, 3.564859 ], [ 9.765231, 3.564847 ], [ 9.764683, 3.56468 ], [ 9.764373, 3.564441 ], [ 9.764216, 3.564123 ], [ 9.764146, 3.56364 ], [ 9.764146, 3.563424 ], [ 9.763991, 3.563029 ], [ 9.763955, 3.562802 ], [ 9.763919, 3.562515 ], [ 9.763812, 3.562228 ], [ 9.763628, 3.561811 ], [ 9.763478, 3.561488 ], [ 9.763227, 3.561379 ], [ 9.763013, 3.561271 ], [ 9.762727, 3.561116 ], [ 9.762572, 3.560936 ], [ 9.762488, 3.560769 ], [ 9.762393, 3.56047 ], [ 9.762296, 3.560008 ], [ 9.762344, 3.55968 ], [ 9.762309, 3.559357 ], [ 9.762273, 3.55913 ], [ 9.762237, 3.558759 ], [ 9.762113, 3.558457 ], [ 9.762119, 3.558176 ], [ 9.761993, 3.557825 ], [ 9.76193, 3.557651 ], [ 9.761697, 3.557245 ], [ 9.761558, 3.556992 ], [ 9.761294, 3.556821 ], [ 9.761103, 3.556593 ], [ 9.760853, 3.556259 ], [ 9.760626, 3.556067 ], [ 9.760424, 3.555792 ], [ 9.760263, 3.555434 ], [ 9.759971, 3.555146 ], [ 9.759899, 3.554967 ], [ 9.75972, 3.554764 ], [ 9.759505, 3.554429 ], [ 9.759291, 3.554201 ], [ 9.759076, 3.553902 ], [ 9.758921, 3.553639 ], [ 9.758623, 3.553532 ], [ 9.758278, 3.553448 ], [ 9.758004, 3.553317 ], [ 9.757742, 3.553281 ], [ 9.757563, 3.553233 ], [ 9.757206, 3.553234 ], [ 9.756777, 3.553222 ], [ 9.756324, 3.553235 ], [ 9.755908, 3.553247 ], [ 9.755467, 3.553307 ], [ 9.755134, 3.553463 ], [ 9.754681, 3.553631 ], [ 9.754336, 3.553727 ], [ 9.753943, 3.553775 ], [ 9.753657, 3.553859 ], [ 9.753204, 3.553823 ], [ 9.752692, 3.553812 ], [ 9.752192, 3.553872 ], [ 9.751537, 3.55404 ], [ 9.751049, 3.55422 ], [ 9.750513, 3.554352 ], [ 9.750025, 3.554544 ], [ 9.749739, 3.554688 ], [ 9.749394, 3.55488 ], [ 9.748834, 3.555096 ], [ 9.748382, 3.555252 ], [ 9.748144, 3.555264 ], [ 9.747822, 3.555312 ], [ 9.747179, 3.555288 ], [ 9.746714, 3.555289 ], [ 9.746476, 3.555229 ], [ 9.746071, 3.55511 ], [ 9.745678, 3.555014 ], [ 9.745118, 3.555099 ], [ 9.744666, 3.555243 ], [ 9.744261, 3.555434 ], [ 9.743951, 3.55553 ], [ 9.743654, 3.555638 ], [ 9.743022, 3.555782 ], [ 9.742653, 3.555996 ], [ 9.742153, 3.556312 ], [ 9.741724, 3.556671 ], [ 9.741353, 3.55706 ], [ 9.740982, 3.557433 ], [ 9.74061, 3.557678 ], [ 9.740239, 3.557936 ], [ 9.740067, 3.558037 ], [ 9.739777, 3.558123 ], [ 9.73942, 3.558255 ], [ 9.738955, 3.558279 ], [ 9.738527, 3.558495 ], [ 9.738193, 3.558842 ], [ 9.737908, 3.559094 ], [ 9.737646, 3.559393 ], [ 9.73742, 3.55962 ], [ 9.737099, 3.559992 ], [ 9.736908, 3.560339 ], [ 9.736635, 3.560638 ], [ 9.736313, 3.561022 ], [ 9.735913, 3.561332 ], [ 9.735837, 3.561764 ], [ 9.735707, 3.562027 ], [ 9.735492, 3.562303 ], [ 9.735219, 3.562554 ], [ 9.735026, 3.562738 ], [ 9.734964, 3.563065 ], [ 9.734695, 3.5635 ], [ 9.734553, 3.563991 ], [ 9.734518, 3.564517 ], [ 9.734482, 3.564912 ], [ 9.734506, 3.565391 ], [ 9.734483, 3.565906 ], [ 9.734579, 3.566552 ], [ 9.73471, 3.567258 ], [ 9.73476, 3.567791 ], [ 9.734723, 3.568203 ], [ 9.734521, 3.568527 ], [ 9.734414, 3.568826 ], [ 9.734247, 3.569149 ], [ 9.733969, 3.569529 ], [ 9.733804, 3.569904 ], [ 9.733656, 3.570241 ], [ 9.733405, 3.570812 ], [ 9.733379, 3.571107 ], [ 9.733323, 3.571741 ], [ 9.733285, 3.572165 ], [ 9.733239, 3.572647 ], [ 9.733193, 3.573087 ], [ 9.732941, 3.573566 ], [ 9.732798, 3.573925 ], [ 9.732786, 3.574248 ], [ 9.732763, 3.574679 ], [ 9.732739, 3.575098 ], [ 9.732764, 3.575589 ], [ 9.732942, 3.575936 ], [ 9.733378, 3.576233 ], [ 9.733586, 3.576617 ], [ 9.733728, 3.576773 ], [ 9.733613, 3.57709 ], [ 9.733654, 3.577337 ], [ 9.733516, 3.577635 ], [ 9.733337, 3.577683 ], [ 9.733039, 3.577791 ], [ 9.732694, 3.577875 ], [ 9.732427, 3.577833 ], [ 9.732039, 3.577834 ], [ 9.731562, 3.577834 ], [ 9.731094, 3.577849 ], [ 9.73055, 3.577996 ], [ 9.730038, 3.578032 ], [ 9.729669, 3.578033 ], [ 9.729264, 3.578045 ], [ 9.728883, 3.578045 ], [ 9.728525, 3.578033 ], [ 9.72829, 3.577891 ], [ 9.727929, 3.577879 ], [ 9.727558, 3.577799 ], [ 9.727315, 3.577674 ], [ 9.727012, 3.577388 ], [ 9.726833, 3.577173 ], [ 9.726654, 3.576838 ], [ 9.726523, 3.576587 ], [ 9.726332, 3.576264 ], [ 9.726165, 3.575965 ], [ 9.725891, 3.575786 ], [ 9.725748, 3.575594 ], [ 9.725653, 3.575451 ], [ 9.725472, 3.575248 ], [ 9.725211, 3.575018 ], [ 9.725172, 3.574886 ], [ 9.72467, 3.574571 ], [ 9.724338, 3.574505 ], [ 9.723994, 3.574397 ], [ 9.7236, 3.574362 ], [ 9.723157, 3.574219 ], [ 9.72289, 3.573986 ], [ 9.722459, 3.573865 ], [ 9.722194, 3.5737 ], [ 9.721856, 3.573603 ], [ 9.721613, 3.573431 ], [ 9.721241, 3.57323 ], [ 9.720969, 3.573058 ], [ 9.720555, 3.573015 ], [ 9.720226, 3.573001 ], [ 9.719897, 3.572835 ], [ 9.719521, 3.572821 ], [ 9.719482, 3.572441 ], [ 9.719411, 3.571838 ], [ 9.71941, 3.571494 ], [ 9.719338, 3.570977 ], [ 9.719309, 3.570589 ], [ 9.719381, 3.570115 ], [ 9.719294, 3.569555 ], [ 9.719185, 3.569311 ], [ 9.719137, 3.569024 ], [ 9.71896, 3.568728 ], [ 9.718923, 3.568435 ], [ 9.718771, 3.568172 ], [ 9.718755, 3.567722 ], [ 9.718611, 3.567368 ], [ 9.718497, 3.567129 ], [ 9.718468, 3.566889 ], [ 9.718516, 3.566621 ], [ 9.718544, 3.56641 ], [ 9.718544, 3.566248 ], [ 9.718431, 3.566038 ], [ 9.718267, 3.565798 ], [ 9.717914, 3.565501 ], [ 9.7178, 3.565329 ], [ 9.717495, 3.565128 ], [ 9.71718, 3.564966 ], [ 9.716789, 3.564823 ], [ 9.716646, 3.564612 ], [ 9.716418, 3.564373 ], [ 9.71637, 3.564239 ], [ 9.716458, 3.564005 ], [ 9.71655, 3.563846 ], [ 9.716607, 3.563616 ], [ 9.71676, 3.563396 ], [ 9.716931, 3.56309 ], [ 9.717036, 3.562802 ], [ 9.71715, 3.562496 ], [ 9.717207, 3.562132 ], [ 9.717283, 3.561979 ], [ 9.71733, 3.561816 ], [ 9.717406, 3.561672 ], [ 9.71762, 3.561486 ], [ 9.697243, 3.55877 ], [ 9.697777, 3.562505 ], [ 9.697896, 3.562974 ], [ 9.69844, 3.563003 ], [ 9.69904, 3.563088 ], [ 9.699569, 3.563117 ], [ 9.700126, 3.563231 ], [ 9.70067, 3.563389 ], [ 9.701341, 3.563661 ], [ 9.701842, 3.564034 ], [ 9.7022, 3.564335 ], [ 9.702528, 3.564565 ], [ 9.702915, 3.56478 ], [ 9.703329, 3.565053 ], [ 9.703715, 3.565282 ], [ 9.704144, 3.565468 ], [ 9.704659, 3.565669 ], [ 9.705245, 3.565898 ], [ 9.705703, 3.56607 ], [ 9.706446, 3.566343 ], [ 9.707247, 3.566586 ], [ 9.70799, 3.566672 ], [ 9.708433, 3.566829 ], [ 9.708934, 3.567016 ], [ 9.709606, 3.567231 ], [ 9.710049, 3.56746 ], [ 9.710435, 3.567733 ], [ 9.710821, 3.568077 ], [ 9.711465, 3.568536 ], [ 9.711851, 3.568751 ], [ 9.712165, 3.568938 ], [ 9.712637, 3.569181 ], [ 9.712952, 3.569396 ], [ 9.713195, 3.569612 ], [ 9.713552, 3.569856 ], [ 9.71371, 3.570085 ], [ 9.713992, 3.570172 ], [ 9.714302, 3.570441 ], [ 9.714762, 3.570936 ], [ 9.714826, 3.571362 ], [ 9.715026, 3.571664 ], [ 9.715283, 3.57185 ], [ 9.715555, 3.572137 ], [ 9.71577, 3.572381 ], [ 9.716142, 3.572697 ], [ 9.716513, 3.573041 ], [ 9.716842, 3.573285 ], [ 9.717186, 3.5735 ], [ 9.717586, 3.573873 ], [ 9.717972, 3.574074 ], [ 9.718673, 3.574548 ], [ 9.719059, 3.574892 ], [ 9.719245, 3.575035 ], [ 9.719545, 3.575251 ], [ 9.719774, 3.575509 ], [ 9.720132, 3.575767 ], [ 9.720489, 3.576097 ], [ 9.72079, 3.576398 ], [ 9.721233, 3.576901 ], [ 9.721419, 3.577059 ], [ 9.721591, 3.577303 ], [ 9.721877, 3.577547 ], [ 9.722063, 3.577791 ], [ 9.722277, 3.578034 ], [ 9.722506, 3.57835 ], [ 9.72285, 3.578637 ], [ 9.723078, 3.578809 ], [ 9.723622, 3.579125 ], [ 9.723936, 3.579254 ], [ 9.724051, 3.579182 ], [ 9.724351, 3.579411 ], [ 9.724523, 3.579512 ], [ 9.724933, 3.579604 ], [ 9.72518, 3.579626 ], [ 9.725377, 3.579862 ], [ 9.7257, 3.580466 ], [ 9.726359, 3.581487 ], [ 9.726973, 3.58195 ], [ 9.727645, 3.58228 ], [ 9.728838, 3.582467 ], [ 9.729576, 3.582801 ], [ 9.730148, 3.583088 ], [ 9.730911, 3.583446 ], [ 9.731793, 3.584044 ], [ 9.732445, 3.584238 ], [ 9.733426, 3.584812 ], [ 9.734671, 3.585731 ], [ 9.735844, 3.586123 ], [ 9.736654, 3.586553 ], [ 9.737083, 3.586864 ], [ 9.737632, 3.587223 ], [ 9.738464, 3.587948 ], [ 9.738827, 3.58866 ], [ 9.739436, 3.58909 ], [ 9.740298, 3.589698 ], [ 9.741032, 3.590297 ], [ 9.741845, 3.590992 ], [ 9.742444, 3.591503 ], [ 9.742989, 3.591969 ], [ 9.74373, 3.592193 ], [ 9.743981, 3.592817 ], [ 9.744728, 3.593455 ], [ 9.7449, 3.593838 ], [ 9.745243, 3.594081 ], [ 9.745683, 3.594827 ], [ 9.745775, 3.594983 ], [ 9.746225, 3.595722 ], [ 9.746675, 3.596584 ], [ 9.746962, 3.597117 ], [ 9.747085, 3.597979 ], [ 9.747454, 3.598923 ], [ 9.74819, 3.599744 ], [ 9.748681, 3.6004 ], [ 9.749213, 3.601591 ], [ 9.749622, 3.602042 ], [ 9.750031, 3.602863 ], [ 9.75044, 3.603519 ], [ 9.750484, 3.603751 ], [ 9.750564, 3.604176 ], [ 9.750932, 3.604709 ], [ 9.751137, 3.605325 ], [ 9.751423, 3.605941 ], [ 9.751717, 3.606531 ], [ 9.751832, 3.606761 ], [ 9.752323, 3.607582 ], [ 9.752937, 3.608403 ], [ 9.753428, 3.609018 ], [ 9.754123, 3.609757 ], [ 9.754401, 3.610142 ], [ 9.75558, 3.611262 ], [ 9.756588, 3.612221 ], [ 9.758251, 3.613801 ], [ 9.761938, 3.616039 ], [ 9.764221, 3.617425 ], [ 9.769701, 3.621643 ], [ 9.770979, 3.622627 ], [ 9.773927, 3.623427 ], [ 9.778519, 3.624672 ], [ 9.782901, 3.624693 ], [ 9.784461, 3.6247 ], [ 9.789413, 3.627064 ], [ 9.79256, 3.628567 ], [ 9.792985, 3.628607 ], [ 9.793841, 3.628689 ], [ 9.795269, 3.628581 ], [ 9.796293, 3.62846 ], [ 9.797293, 3.628148 ], [ 9.798508, 3.627836 ], [ 9.800009, 3.628122 ], [ 9.80089, 3.628241 ], [ 9.801349, 3.628716 ], [ 9.802397, 3.628985 ], [ 9.803785, 3.629343 ], [ 9.805034, 3.629664 ], [ 9.806555, 3.630056 ], [ 9.808046, 3.630287 ], [ 9.809453, 3.630418 ], [ 9.810888, 3.630552 ], [ 9.811925, 3.630649 ], [ 9.812745, 3.630725 ], [ 9.813471, 3.630336 ], [ 9.81428, 3.629976 ], [ 9.81478, 3.629856 ], [ 9.815233, 3.629592 ], [ 9.816197, 3.629621 ], [ 9.817049, 3.629283 ], [ 9.817772, 3.628997 ], [ 9.818091, 3.62856 ], [ 9.819114, 3.627961 ], [ 9.819805, 3.627554 ], [ 9.820233, 3.62717 ], [ 9.820614, 3.626883 ], [ 9.821186, 3.626523 ], [ 9.821709, 3.626236 ], [ 9.8224, 3.6259 ], [ 9.822757, 3.625612 ], [ 9.823638, 3.62542 ], [ 9.824232, 3.625453 ], [ 9.825104, 3.625053 ], [ 9.825837, 3.624858 ], [ 9.826546, 3.624668 ], [ 9.827151, 3.624507 ], [ 9.827615, 3.624004 ], [ 9.827972, 3.623477 ], [ 9.828329, 3.622855 ], [ 9.828829, 3.622352 ], [ 9.829778, 3.621787 ], [ 9.830648, 3.620813 ], [ 9.831151, 3.620358 ], [ 9.831802, 3.619769 ], [ 9.832251, 3.619364 ], [ 9.832732, 3.618495 ], [ 9.833137, 3.618063 ], [ 9.833541, 3.617632 ], [ 9.83416, 3.617009 ], [ 9.834803, 3.616339 ], [ 9.835445, 3.615788 ], [ 9.836136, 3.615213 ], [ 9.836707, 3.614877 ], [ 9.837587, 3.614542 ], [ 9.838617, 3.613611 ], [ 9.839206, 3.613361 ], [ 9.84021, 3.612934 ], [ 9.841009, 3.612595 ], [ 9.841925, 3.612206 ], [ 9.843507, 3.611534 ], [ 9.844947, 3.610922 ], [ 9.846404, 3.610303 ], [ 9.847849, 3.60976 ], [ 9.849115, 3.609295 ], [ 9.850341, 3.608844 ], [ 9.852253, 3.608142 ], [ 9.853851, 3.607555 ], [ 9.8554, 3.606987 ], [ 9.856922, 3.606427 ], [ 9.857713, 3.605992 ], [ 9.858586, 3.606342 ], [ 9.859896, 3.606251 ], [ 9.86061, 3.606011 ], [ 9.861473, 3.605352 ], [ 9.862514, 3.604244 ], [ 9.863407, 3.603465 ], [ 9.864597, 3.602567 ], [ 9.865531, 3.601929 ], [ 9.866591, 3.601757 ], [ 9.867812, 3.601546 ], [ 9.868765, 3.601755 ], [ 9.869569, 3.602023 ], [ 9.870671, 3.602262 ], [ 9.871416, 3.60244 ], [ 9.872101, 3.602739 ], [ 9.873322, 3.603007 ], [ 9.875109, 3.603185 ], [ 9.876687, 3.603363 ], [ 9.87761, 3.603422 ], [ 9.878802, 3.6036 ], [ 9.879844, 3.603808 ], [ 9.880822, 3.604274 ], [ 9.882097, 3.604841 ], [ 9.883465, 3.605451 ], [ 9.885275, 3.606257 ], [ 9.886862, 3.606964 ], [ 9.888632, 3.607752 ], [ 9.890204, 3.607925 ], [ 9.892619, 3.60819 ], [ 9.894394, 3.608385 ], [ 9.89564, 3.608521 ], [ 9.896912, 3.608661 ], [ 9.897922, 3.608772 ], [ 9.900795, 3.609254 ], [ 9.902184, 3.6097 ], [ 9.903901, 3.610251 ], [ 9.905815, 3.610572 ], [ 9.906858, 3.610064 ], [ 9.907953, 3.61036 ], [ 9.909067, 3.61025 ], [ 9.910885, 3.61113 ], [ 9.912576, 3.611614 ], [ 9.914244, 3.612091 ], [ 9.915317, 3.612778 ], [ 9.916357, 3.613778 ], [ 9.917849, 3.614631 ], [ 9.919967, 3.616365 ], [ 9.921439, 3.61757 ], [ 9.923718, 3.618696 ], [ 9.925001, 3.618812 ], [ 9.926877, 3.619438 ], [ 9.928137, 3.620188 ], [ 9.930369, 3.620941 ], [ 9.931852, 3.621 ], [ 9.934263, 3.620836 ], [ 9.935988, 3.620719 ], [ 9.938845, 3.620906 ], [ 9.941092, 3.621126 ], [ 9.943527, 3.621364 ], [ 9.948304, 3.621831 ], [ 9.949692, 3.622246 ], [ 9.951679, 3.622841 ], [ 9.954331, 3.623635 ], [ 9.956878, 3.624398 ], [ 9.959549, 3.625296 ], [ 9.962051, 3.62631 ], [ 9.965357, 3.627326 ], [ 9.967398, 3.628462 ], [ 9.968961, 3.629058 ], [ 9.970672, 3.629711 ], [ 9.972503, 3.63041 ], [ 9.973964, 3.630781 ], [ 9.976393, 3.63132 ], [ 9.978765, 3.632134 ], [ 9.981552, 3.633798 ], [ 9.983017, 3.634662 ], [ 9.9848, 3.636864 ], [ 9.986246, 3.638446 ], [ 9.987839, 3.640188 ], [ 9.989448, 3.640752 ], [ 9.991309, 3.641056 ], [ 9.992525, 3.641961 ], [ 9.993735, 3.642862 ], [ 9.994685, 3.64357 ], [ 9.995682, 3.644124 ], [ 9.996701, 3.644135 ], [ 9.997624, 3.644552 ], [ 9.998161, 3.64506 ], [ 9.998965, 3.6456 ], [ 9.994441, 3.65807 ], [ 9.994269, 3.658007 ], [ 9.997354, 3.649505 ], [ 9.993874, 3.657342 ], [ 9.993642, 3.656955 ], [ 9.993315, 3.656504 ], [ 9.993314, 3.656052 ], [ 9.993109, 3.655437 ], [ 9.992577, 3.65474 ], [ 9.992373, 3.654329 ], [ 9.992127, 3.653673 ], [ 9.99184, 3.653304 ], [ 9.991595, 3.652893 ], [ 9.991022, 3.652607 ], [ 9.990817, 3.652237 ], [ 9.990531, 3.651991 ], [ 9.990286, 3.651663 ], [ 9.989958, 3.651417 ], [ 9.989509, 3.651295 ], [ 9.989182, 3.651007 ], [ 9.988568, 3.650721 ], [ 9.988241, 3.650352 ], [ 9.987995, 3.649777 ], [ 9.987177, 3.649244 ], [ 9.986564, 3.648711 ], [ 9.986032, 3.648301 ], [ 9.985092, 3.647892 ], [ 9.98456, 3.647482 ], [ 9.983824, 3.647154 ], [ 9.983007, 3.646663 ], [ 9.982598, 3.646294 ], [ 9.982066, 3.645966 ], [ 9.981412, 3.645556 ], [ 9.980594, 3.645146 ], [ 9.97994, 3.644613 ], [ 9.979367, 3.644203 ], [ 9.978509, 3.643917 ], [ 9.977936, 3.643466 ], [ 9.977315, 3.643342 ], [ 9.977119, 3.643303 ], [ 9.976465, 3.643016 ], [ 9.974544, 3.64269 ], [ 9.973522, 3.642486 ], [ 9.972419, 3.64224 ], [ 9.971356, 3.641913 ], [ 9.970579, 3.64175 ], [ 9.969394, 3.641628 ], [ 9.968086, 3.641342 ], [ 9.966983, 3.64122 ], [ 9.966165, 3.641057 ], [ 9.965307, 3.640852 ], [ 9.963917, 3.640156 ], [ 9.963018, 3.640157 ], [ 9.962151, 3.639949 ], [ 9.961955, 3.639859 ], [ 9.961382, 3.639132 ], [ 9.960728, 3.638558 ], [ 9.960196, 3.637984 ], [ 9.959501, 3.637656 ], [ 9.959256, 3.637287 ], [ 9.958846, 3.63659 ], [ 9.958233, 3.636098 ], [ 9.957538, 3.635688 ], [ 9.956925, 3.635319 ], [ 9.956352, 3.634663 ], [ 9.955575, 3.633966 ], [ 9.955002, 3.633556 ], [ 9.954185, 3.633351 ], [ 9.953531, 3.633147 ], [ 9.952794, 3.632368 ], [ 9.951731, 3.631917 ], [ 9.950751, 3.631713 ], [ 9.949892, 3.631385 ], [ 9.949279, 3.63114 ], [ 9.948549, 3.631018 ], [ 9.948502, 3.63101 ], [ 9.947562, 3.630854 ], [ 9.946173, 3.630445 ], [ 9.94511, 3.630405 ], [ 9.943802, 3.630037 ], [ 9.942494, 3.629751 ], [ 9.941186, 3.629342 ], [ 9.940083, 3.629015 ], [ 9.939306, 3.629015 ], [ 9.938203, 3.629017 ], [ 9.936611, 3.629962 ], [ 9.93563, 3.63021 ], [ 9.934936, 3.630416 ], [ 9.933506, 3.630622 ], [ 9.93249, 3.630744 ], [ 9.93049, 3.63045 ], [ 9.92915, 3.630392 ], [ 9.928614, 3.630362 ], [ 9.927874, 3.630521 ], [ 9.92779, 3.630488 ], [ 9.927417, 3.630341 ], [ 9.926273, 3.630096 ], [ 9.925251, 3.629646 ], [ 9.924801, 3.629277 ], [ 9.92382, 3.628867 ], [ 9.922961, 3.628581 ], [ 9.921899, 3.6285 ], [ 9.920572, 3.628501 ], [ 9.920305, 3.628501 ], [ 9.919733, 3.628543 ], [ 9.918875, 3.628585 ], [ 9.917854, 3.628709 ], [ 9.916546, 3.628669 ], [ 9.915156, 3.62826 ], [ 9.914502, 3.627932 ], [ 9.914109, 3.627637 ], [ 9.914011, 3.627563 ], [ 9.913316, 3.626907 ], [ 9.912662, 3.626374 ], [ 9.911803, 3.626006 ], [ 9.910087, 3.625884 ], [ 9.908534, 3.625886 ], [ 9.906941, 3.625887 ], [ 9.905756, 3.625971 ], [ 9.903304, 3.625973 ], [ 9.902445, 3.625646 ], [ 9.901464, 3.62499 ], [ 9.90139, 3.624942 ], [ 9.900892, 3.624621 ], [ 9.900114, 3.623595 ], [ 9.899419, 3.623021 ], [ 9.89856, 3.622283 ], [ 9.897702, 3.621914 ], [ 9.896883, 3.620519 ], [ 9.895902, 3.620397 ], [ 9.895045, 3.620329 ], [ 9.894568, 3.619597 ], [ 9.893776, 3.619304 ], [ 9.893074, 3.618659 ], [ 9.892928, 3.617923 ], [ 9.89254, 3.617385 ], [ 9.892093, 3.616607 ], [ 9.891706, 3.616159 ], [ 9.890603, 3.615412 ], [ 9.889888, 3.615084 ], [ 9.888935, 3.614905 ], [ 9.888042, 3.614757 ], [ 9.887081, 3.614892 ], [ 9.886131, 3.614864 ], [ 9.885312, 3.614626 ], [ 9.884864, 3.614496 ], [ 9.883883, 3.614292 ], [ 9.883065, 3.613964 ], [ 9.882044, 3.613678 ], [ 9.881348, 3.613145 ], [ 9.880857, 3.612529 ], [ 9.879222, 3.611874 ], [ 9.877833, 3.611547 ], [ 9.876443, 3.611548 ], [ 9.875912, 3.611713 ], [ 9.875095, 3.612042 ], [ 9.874197, 3.612372 ], [ 9.873298, 3.612865 ], [ 9.872354, 3.613203 ], [ 9.871995, 3.613314 ], [ 9.871583, 3.613442 ], [ 9.871243, 3.613547 ], [ 9.86874, 3.613691 ], [ 9.868273, 3.61402 ], [ 9.866885, 3.614514 ], [ 9.865671, 3.614972 ], [ 9.865577, 3.615007 ], [ 9.863739, 3.615707 ], [ 9.863137, 3.615783 ], [ 9.862682, 3.61597 ], [ 9.862444, 3.616068 ], [ 9.86105, 3.61642 ], [ 9.859326, 3.616855 ], [ 9.857382, 3.617345 ], [ 9.854844, 3.617985 ], [ 9.85349, 3.61842 ], [ 9.8532, 3.618632 ], [ 9.852667, 3.618684 ], [ 9.852121, 3.618859 ], [ 9.851647, 3.619167 ], [ 9.850871, 3.619537 ], [ 9.849687, 3.620729 ], [ 9.84838, 3.621469 ], [ 9.847734, 3.622311 ], [ 9.847687, 3.622373 ], [ 9.846707, 3.623277 ], [ 9.846176, 3.624099 ], [ 9.844666, 3.625373 ], [ 9.844012, 3.626072 ], [ 9.842951, 3.626812 ], [ 9.842257, 3.627798 ], [ 9.841645, 3.628742 ], [ 9.840542, 3.629565 ], [ 9.839685, 3.630017 ], [ 9.838541, 3.63088 ], [ 9.837888, 3.631414 ], [ 9.837071, 3.632154 ], [ 9.836809, 3.632281 ], [ 9.83605, 3.632648 ], [ 9.835397, 3.632977 ], [ 9.834539, 3.633306 ], [ 9.834488, 3.633319 ], [ 9.833354, 3.634086 ], [ 9.83275, 3.634182 ], [ 9.829004, 3.63478 ], [ 9.828574, 3.635036 ], [ 9.828207, 3.635406 ], [ 9.827104, 3.636023 ], [ 9.826492, 3.636598 ], [ 9.825511, 3.636886 ], [ 9.824986, 3.637042 ], [ 9.823455, 3.638216 ], [ 9.819297, 3.638646 ], [ 9.818812, 3.638986 ], [ 9.817872, 3.639439 ], [ 9.817055, 3.639973 ], [ 9.816238, 3.640261 ], [ 9.815999, 3.640366 ], [ 9.814727, 3.640919 ], [ 9.814616, 3.640917 ], [ 9.809905, 3.640801 ], [ 9.806271, 3.64061 ], [ 9.806119, 3.640602 ], [ 9.804511, 3.640518 ], [ 9.801323, 3.640767 ], [ 9.80022, 3.640522 ], [ 9.797992, 3.640724 ], [ 9.797932, 3.640729 ], [ 9.79642, 3.641223 ], [ 9.795102, 3.640489 ], [ 9.794739, 3.639715 ], [ 9.794083, 3.639424 ], [ 9.793648, 3.638537 ], [ 9.792968, 3.638071 ], [ 9.79211, 3.637641 ], [ 9.791146, 3.637574 ], [ 9.789102, 3.637535 ], [ 9.787386, 3.637536 ], [ 9.785629, 3.637784 ], [ 9.783954, 3.637621 ], [ 9.783054, 3.637212 ], [ 9.781338, 3.637213 ], [ 9.780208, 3.637177 ], [ 9.780029, 3.637149 ], [ 9.778681, 3.636353 ], [ 9.777782, 3.636108 ], [ 9.775738, 3.635986 ], [ 9.774267, 3.635905 ], [ 9.772469, 3.635702 ], [ 9.771814, 3.634717 ], [ 9.770466, 3.634349 ], [ 9.770122, 3.634218 ], [ 9.768749, 3.633693 ], [ 9.767441, 3.633202 ], [ 9.766705, 3.632751 ], [ 9.765438, 3.632259 ], [ 9.763966, 3.631685 ], [ 9.762862, 3.631317 ], [ 9.761922, 3.630538 ], [ 9.7609, 3.630251 ], [ 9.759878, 3.629924 ], [ 9.758447, 3.629391 ], [ 9.757426, 3.628981 ], [ 9.756526, 3.628243 ], [ 9.75579, 3.627833 ], [ 9.754931, 3.627341 ], [ 9.754359, 3.626849 ], [ 9.753991, 3.626562 ], [ 9.752765, 3.626029 ], [ 9.751947, 3.625291 ], [ 9.751742, 3.625004 ], [ 9.751081, 3.624543 ], [ 9.751492, 3.623527 ], [ 9.751564, 3.622742 ], [ 9.750778, 3.6221 ], [ 9.750136, 3.621315 ], [ 9.748851, 3.619958 ], [ 9.748137, 3.618673 ], [ 9.747423, 3.61746 ], [ 9.746781, 3.616175 ], [ 9.745211, 3.614604 ], [ 9.74364, 3.612963 ], [ 9.742498, 3.611678 ], [ 9.741499, 3.610179 ], [ 9.740499, 3.609037 ], [ 9.7395, 3.607966 ], [ 9.738215, 3.606467 ], [ 9.736551, 3.605352 ], [ 9.735659, 3.604011 ], [ 9.733946, 3.602298 ], [ 9.731605, 3.600984 ], [ 9.72972, 3.600014 ], [ 9.727265, 3.598929 ], [ 9.725437, 3.597844 ], [ 9.723381, 3.596759 ], [ 9.721668, 3.595959 ], [ 9.719155, 3.595045 ], [ 9.7171, 3.594417 ], [ 9.714244, 3.59396 ], [ 9.711446, 3.593389 ], [ 9.70939, 3.593047 ], [ 9.706763, 3.592533 ], [ 9.705621, 3.592361 ], [ 9.704536, 3.592133 ], [ 9.702537, 3.59179 ], [ 9.701167, 3.59179 ], [ 9.699796, 3.592076 ], [ 9.69774, 3.592361 ], [ 9.696027, 3.592647 ], [ 9.694657, 3.592932 ], [ 9.693343, 3.592647 ], [ 9.692144, 3.591904 ], [ 9.690259, 3.591219 ], [ 9.688775, 3.590762 ], [ 9.686776, 3.590134 ], [ 9.685291, 3.589791 ], [ 9.68392, 3.589449 ], [ 9.682379, 3.588764 ], [ 9.680894, 3.588021 ], [ 9.680266, 3.587679 ], [ 9.678724, 3.587336 ], [ 9.67741, 3.587336 ], [ 9.676268, 3.587621 ], [ 9.675126, 3.587907 ], [ 9.673927, 3.588192 ], [ 9.672785, 3.588535 ], [ 9.671471, 3.588764 ], [ 9.670329, 3.589163 ], [ 9.669187, 3.589392 ], [ 9.667816, 3.589106 ], [ 9.66656, 3.588878 ], [ 9.665132, 3.588992 ], [ 9.663647, 3.589278 ], [ 9.662163, 3.589791 ], [ 9.660735, 3.589963 ], [ 9.659136, 3.590248 ], [ 9.657708, 3.590248 ], [ 9.656737, 3.590134 ], [ 9.655938, 3.590077 ], [ 9.654796, 3.59002 ], [ 9.653654, 3.589791 ], [ 9.652626, 3.589392 ], [ 9.65194, 3.588706 ], [ 9.651369, 3.588192 ], [ 9.650684, 3.587907 ], [ 9.649314, 3.588307 ], [ 9.648514, 3.588764 ], [ 9.647315, 3.589506 ], [ 9.645944, 3.590305 ], [ 9.645773, 3.59042 ], [ 9.644574, 3.590648 ], [ 9.643717, 3.590819 ], [ 9.642746, 3.591562 ], [ 9.642061, 3.592875 ], [ 9.64149, 3.594417 ], [ 9.64109, 3.595731 ], [ 9.641261, 3.59693 ], [ 9.641775, 3.597672 ], [ 9.641604, 3.598129 ], [ 9.641261, 3.598415 ], [ 9.640721, 3.598911 ], [ 9.641649, 3.599866 ], [ 9.642008, 3.60055 ], [ 9.642627, 3.601263 ], [ 9.643055, 3.601787 ], [ 9.643531, 3.602596 ], [ 9.643912, 3.603595 ], [ 9.644292, 3.604262 ], [ 9.644483, 3.605118 ], [ 9.644626, 3.60626 ], [ 9.644768, 3.60726 ], [ 9.644768, 3.608354 ], [ 9.64453, 3.609068 ], [ 9.644007, 3.609782 ], [ 9.643674, 3.610543 ], [ 9.64453, 3.611019 ], [ 9.644911, 3.611638 ], [ 9.645292, 3.612447 ], [ 9.645536, 3.613214 ], [ 9.645598, 3.613688 ], [ 9.645672, 3.614255 ], [ 9.64591, 3.614874 ], [ 9.646386, 3.615493 ], [ 9.647148, 3.615969 ], [ 9.647671, 3.616635 ], [ 9.6481, 3.617491 ], [ 9.648337, 3.61811 ], [ 9.648861, 3.618729 ], [ 9.649384, 3.619109 ], [ 9.650003, 3.619681 ], [ 9.650431, 3.620299 ], [ 9.65086, 3.620965 ], [ 9.651361, 3.621943 ], [ 9.653068, 3.624879 ], [ 9.653159, 3.625036 ], [ 9.651366, 3.62942 ], [ 9.656539, 3.629653 ], [ 9.656594, 3.629655 ], [ 9.657012, 3.629674 ], [ 9.657271, 3.632768 ], [ 9.654706, 3.634575 ], [ 9.655221, 3.63741 ], [ 9.651632, 3.642828 ], [ 9.651122, 3.64618 ], [ 9.648045, 3.650565 ], [ 9.644365, 3.662715 ], [ 9.639078, 3.670941 ], [ 9.638167, 3.67388 ], [ 9.636238, 3.680097 ], [ 9.636182, 3.680276 ], [ 9.635238, 3.68332 ], [ 9.629854, 3.690801 ], [ 9.627895, 3.694666 ], [ 9.626267, 3.697877 ], [ 9.623447, 3.70344 ], [ 9.615498, 3.712728 ], [ 9.610627, 3.724496 ], [ 9.60913, 3.728114 ], [ 9.609093, 3.728203 ], [ 9.605247, 3.732846 ], [ 9.603426, 3.735812 ], [ 9.600604, 3.74041 ], [ 9.591706, 3.754906 ], [ 9.589096, 3.759157 ], [ 9.587098, 3.762128 ], [ 9.575587, 3.779243 ], [ 9.574978, 3.780149 ], [ 9.569855, 3.787767 ], [ 9.568316, 3.790054 ], [ 9.568253, 3.790148 ], [ 9.565659, 3.794005 ], [ 9.554549, 3.810523 ], [ 9.552052, 3.814236 ], [ 9.552051, 3.814237 ], [ 9.551999, 3.814314 ], [ 9.552131, 3.814547 ], [ 9.55243, 3.815076 ], [ 9.552997, 3.814776 ], [ 9.555562, 3.815456 ], [ 9.55604, 3.815289 ], [ 9.557148, 3.814894 ], [ 9.557672, 3.81463 ], [ 9.557984, 3.814478 ], [ 9.560182, 3.812971 ], [ 9.561075, 3.812358 ], [ 9.56153, 3.811971 ], [ 9.561935, 3.811181 ], [ 9.562459, 3.810534 ], [ 9.562625, 3.809864 ], [ 9.562958, 3.809361 ], [ 9.563601, 3.808379 ], [ 9.564053, 3.807876 ], [ 9.564744, 3.807038 ], [ 9.565091, 3.806679 ], [ 9.565625, 3.806128 ], [ 9.56669, 3.805353 ], [ 9.566744, 3.805313 ], [ 9.567459, 3.805121 ], [ 9.568269, 3.804762 ], [ 9.568912, 3.804594 ], [ 9.569532, 3.804354 ], [ 9.570008, 3.803971 ], [ 9.570627, 3.803276 ], [ 9.571222, 3.802653 ], [ 9.57177, 3.802198 ], [ 9.573342, 3.801359 ], [ 9.5737, 3.801223 ], [ 9.574224, 3.801024 ], [ 9.574819, 3.800616 ], [ 9.57551, 3.800161 ], [ 9.576177, 3.799874 ], [ 9.576891, 3.799275 ], [ 9.577415, 3.79882 ], [ 9.577749, 3.798293 ], [ 9.578129, 3.797838 ], [ 9.578463, 3.797407 ], [ 9.57891, 3.797018 ], [ 9.581066, 3.796032 ], [ 9.581726, 3.795801 ], [ 9.582129, 3.795546 ], [ 9.582191, 3.795517 ], [ 9.582282, 3.795449 ], [ 9.582369, 3.795393 ], [ 9.583131, 3.79489 ], [ 9.583941, 3.794459 ], [ 9.584441, 3.794052 ], [ 9.585013, 3.793477 ], [ 9.58506, 3.793356 ], [ 9.585227, 3.792926 ], [ 9.585774, 3.792064 ], [ 9.585989, 3.791466 ], [ 9.586226, 3.790819 ], [ 9.586583, 3.790053 ], [ 9.586721, 3.789679 ], [ 9.586892, 3.789215 ], [ 9.587083, 3.788521 ], [ 9.587326, 3.787767 ], [ 9.587392, 3.787563 ], [ 9.587558, 3.786917 ], [ 9.587867, 3.78627 ], [ 9.588058, 3.785504 ], [ 9.588343, 3.784858 ], [ 9.588462, 3.784044 ], [ 9.58858, 3.783302 ], [ 9.588794, 3.782392 ], [ 9.589008, 3.781674 ], [ 9.589079, 3.780932 ], [ 9.589222, 3.780477 ], [ 9.589364, 3.779902 ], [ 9.589602, 3.779424 ], [ 9.589816, 3.778849 ], [ 9.590197, 3.778394 ], [ 9.590078, 3.777939 ], [ 9.590173, 3.777317 ], [ 9.590077, 3.776766 ], [ 9.590196, 3.775953 ], [ 9.590419, 3.774735 ], [ 9.590464, 3.774636 ], [ 9.590814, 3.774372 ], [ 9.591123, 3.77375 ], [ 9.591361, 3.772984 ], [ 9.591346, 3.772713 ], [ 9.591313, 3.772098 ], [ 9.591455, 3.771595 ], [ 9.591526, 3.770877 ], [ 9.591574, 3.770399 ], [ 9.591788, 3.76968 ], [ 9.592073, 3.76913 ], [ 9.592335, 3.768483 ], [ 9.59262, 3.767717 ], [ 9.593072, 3.766664 ], [ 9.593334, 3.76628 ], [ 9.593858, 3.765706 ], [ 9.594167, 3.765179 ], [ 9.594453, 3.764365 ], [ 9.594619, 3.763671 ], [ 9.594523, 3.762594 ], [ 9.594666, 3.761875 ], [ 9.594689, 3.761086 ], [ 9.594879, 3.7602 ], [ 9.59514, 3.759099 ], [ 9.595196, 3.758761 ], [ 9.595235, 3.758524 ], [ 9.595406, 3.757995 ], [ 9.595511, 3.75709 ], [ 9.595613, 3.756964 ], [ 9.595615, 3.756944 ], [ 9.595758, 3.756106 ], [ 9.596091, 3.755101 ], [ 9.596519, 3.75376 ], [ 9.596828, 3.753353 ], [ 9.597185, 3.752539 ], [ 9.597613, 3.751916 ], [ 9.59778, 3.751437 ], [ 9.598328, 3.750934 ], [ 9.598676, 3.750697 ], [ 9.599137, 3.750383 ], [ 9.600209, 3.74988 ], [ 9.600852, 3.749401 ], [ 9.601805, 3.749113 ], [ 9.602663, 3.748706 ], [ 9.603449, 3.74837 ], [ 9.604497, 3.74789 ], [ 9.605831, 3.74765 ], [ 9.606745, 3.747561 ], [ 9.607308, 3.747506 ], [ 9.60857, 3.747122 ], [ 9.609523, 3.746666 ], [ 9.610193, 3.74649 ], [ 9.610208, 3.746486 ], [ 9.610619, 3.746378 ], [ 9.611953, 3.74597 ], [ 9.612787, 3.745707 ], [ 9.613716, 3.745323 ], [ 9.613999, 3.745138 ], [ 9.61474, 3.744652 ], [ 9.615311, 3.743814 ], [ 9.615763, 3.743024 ], [ 9.616097, 3.742712 ], [ 9.616121, 3.742673 ], [ 9.616573, 3.741946 ], [ 9.616691, 3.74106 ], [ 9.616929, 3.740079 ], [ 9.616952, 3.739241 ], [ 9.61707, 3.738403 ], [ 9.617127, 3.737455 ], [ 9.617056, 3.736844 ], [ 9.617025, 3.736678 ], [ 9.616912, 3.736055 ], [ 9.616768, 3.73505 ], [ 9.617053, 3.733793 ], [ 9.617121, 3.733368 ], [ 9.617144, 3.733223 ], [ 9.617231, 3.73268 ], [ 9.617302, 3.731782 ], [ 9.617587, 3.730633 ], [ 9.617606, 3.73054 ], [ 9.617837, 3.729412 ], [ 9.61805, 3.728263 ], [ 9.618454, 3.727043 ], [ 9.618478, 3.72697 ], [ 9.619049, 3.725929 ], [ 9.619388, 3.725161 ], [ 9.61962, 3.724636 ], [ 9.620334, 3.723486 ], [ 9.620977, 3.722409 ], [ 9.621191, 3.721655 ], [ 9.621619, 3.720469 ], [ 9.622261, 3.719607 ], [ 9.622869, 3.719036 ], [ 9.623333, 3.718601 ], [ 9.624404, 3.717847 ], [ 9.625262, 3.716948 ], [ 9.625502, 3.716734 ], [ 9.626226, 3.716086 ], [ 9.627226, 3.714936 ], [ 9.62869, 3.713427 ], [ 9.630012, 3.712529 ], [ 9.631155, 3.711738 ], [ 9.632369, 3.711055 ], [ 9.632756, 3.710814 ], [ 9.633691, 3.710229 ], [ 9.634941, 3.70933 ], [ 9.635834, 3.708611 ], [ 9.63662, 3.707965 ], [ 9.637799, 3.706994 ], [ 9.638763, 3.706383 ], [ 9.640085, 3.705413 ], [ 9.641299, 3.704802 ], [ 9.642443, 3.704298 ], [ 9.643479, 3.703615 ], [ 9.644228, 3.702645 ], [ 9.645586, 3.701639 ], [ 9.645609, 3.701605 ], [ 9.646014, 3.701028 ], [ 9.646815, 3.700333 ], [ 9.64705, 3.70013 ], [ 9.647205, 3.699947 ], [ 9.647657, 3.699412 ], [ 9.648764, 3.698406 ], [ 9.64955, 3.697974 ], [ 9.650372, 3.697507 ], [ 9.651336, 3.696321 ], [ 9.65255, 3.695387 ], [ 9.653161, 3.69482 ], [ 9.653557, 3.694397 ], [ 9.65405, 3.693591 ], [ 9.654506, 3.693006 ], [ 9.654835, 3.692585 ], [ 9.655514, 3.691794 ], [ 9.656136, 3.691235 ], [ 9.656514, 3.690896 ], [ 9.657228, 3.690142 ], [ 9.657942, 3.689387 ], [ 9.658182, 3.689183 ], [ 9.658406, 3.688992 ], [ 9.658695, 3.688592 ], [ 9.683234, 3.634424 ], [ 9.692225, 3.614577 ], [ 9.69259, 3.614786 ], [ 9.693018, 3.614858 ], [ 9.693275, 3.614915 ], [ 9.693632, 3.614972 ], [ 9.69416, 3.615086 ], [ 9.694674, 3.615172 ], [ 9.695146, 3.615286 ], [ 9.695574, 3.615343 ], [ 9.695931, 3.6154 ], [ 9.696231, 3.6154 ], [ 9.696673, 3.6155 ], [ 9.697144, 3.615543 ], [ 9.69763, 3.615714 ], [ 9.698072, 3.615814 ], [ 9.698601, 3.6159 ], [ 9.699157, 3.615971 ], [ 9.699557, 3.616014 ], [ 9.699871, 3.616128 ], [ 9.700414, 3.616214 ], [ 9.700871, 3.616314 ], [ 9.701313, 3.6164 ], [ 9.701841, 3.616485 ], [ 9.702327, 3.616485 ], [ 9.702727, 3.616485 ], [ 9.703183, 3.616457 ], [ 9.703726, 3.6165 ], [ 9.704268, 3.6165 ], [ 9.704768, 3.616485 ], [ 9.705453, 3.616514 ], [ 9.705996, 3.616514 ], [ 9.706424, 3.616514 ], [ 9.707038, 3.616514 ], [ 9.707524, 3.6165 ], [ 9.707909, 3.616485 ], [ 9.708437, 3.616457 ], [ 9.70898, 3.616442 ], [ 9.709665, 3.616471 ], [ 9.71025, 3.616514 ], [ 9.710836, 3.616599 ], [ 9.711435, 3.616728 ], [ 9.711964, 3.616856 ], [ 9.712549, 3.617099 ], [ 9.712949, 3.617328 ], [ 9.713434, 3.61767 ], [ 9.713791, 3.617899 ], [ 9.714191, 3.618156 ], [ 9.714576, 3.618327 ], [ 9.715005, 3.618527 ], [ 9.71549, 3.618712 ], [ 9.715947, 3.618927 ], [ 9.716461, 3.619084 ], [ 9.717046, 3.619312 ], [ 9.717489, 3.619569 ], [ 9.718088, 3.619869 ], [ 9.718731, 3.620197 ], [ 9.71923, 3.620497 ], [ 9.719773, 3.620797 ], [ 9.720487, 3.621097 ], [ 9.721129, 3.621482 ], [ 9.721743, 3.621768 ], [ 9.722343, 3.622082 ], [ 9.722828, 3.622396 ], [ 9.723442, 3.622653 ], [ 9.724142, 3.622953 ], [ 9.724656, 3.623195 ], [ 9.725141, 3.623424 ], [ 9.725541, 3.623624 ], [ 9.726069, 3.623809 ], [ 9.726726, 3.623909 ], [ 9.727568, 3.623966 ], [ 9.728211, 3.623909 ], [ 9.728824, 3.623881 ], [ 9.72951, 3.623809 ], [ 9.730224, 3.623766 ], [ 9.730837, 3.623738 ], [ 9.731566, 3.623695 ], [ 9.732408, 3.623624 ], [ 9.733165, 3.623624 ], [ 9.733801, 3.623551 ], [ 9.734356, 3.6236 ], [ 9.735017, 3.623582 ], [ 9.735707, 3.623562 ], [ 9.73624, 3.623467 ], [ 9.736849, 3.62339 ], [ 9.737477, 3.623295 ], [ 9.738258, 3.623276 ], [ 9.738829, 3.623352 ], [ 9.739512, 3.623388 ], [ 9.739952, 3.623409 ], [ 9.740656, 3.623429 ], [ 9.741361, 3.623543 ], [ 9.742122, 3.623543 ], [ 9.742769, 3.623657 ], [ 9.743702, 3.623733 ], [ 9.744444, 3.623771 ], [ 9.745054, 3.623809 ], [ 9.745625, 3.623866 ], [ 9.746215, 3.623866 ], [ 9.746919, 3.623962 ], [ 9.747414, 3.623981 ], [ 9.748004, 3.624076 ], [ 9.748632, 3.624247 ], [ 9.749146, 3.624285 ], [ 9.749679, 3.624323 ], [ 9.750079, 3.624361 ], [ 9.750365, 3.624456 ], [ 9.750574, 3.624495 ], [ 9.75092, 3.62467 ], [ 9.745169, 3.671194 ], [ 9.744641, 3.672079 ], [ 9.744475, 3.672558 ], [ 9.743672, 3.673057 ], [ 9.743142, 3.673588 ], [ 9.742666, 3.6739 ], [ 9.742261, 3.674355 ], [ 9.741928, 3.674858 ], [ 9.741762, 3.675815 ], [ 9.741739, 3.676533 ], [ 9.74162, 3.677467 ], [ 9.741478, 3.678257 ], [ 9.741192, 3.678856 ], [ 9.74086, 3.679574 ], [ 9.740503, 3.680532 ], [ 9.740265, 3.681274 ], [ 9.740075, 3.681824 ], [ 9.739928, 3.682272 ], [ 9.739785, 3.682943 ], [ 9.739607, 3.683637 ], [ 9.739465, 3.684379 ], [ 9.739346, 3.684918 ], [ 9.739096, 3.68556 ], [ 9.738873, 3.68621 ], [ 9.738776, 3.686988 ], [ 9.738538, 3.687479 ], [ 9.738241, 3.688221 ], [ 9.737991, 3.688724 ], [ 9.737944, 3.689287 ], [ 9.737751, 3.689837 ], [ 9.737768, 3.690771 ], [ 9.737781, 3.691394 ], [ 9.737794, 3.692267 ], [ 9.737613, 3.692674 ], [ 9.737599, 3.693104 ], [ 9.737397, 3.693918 ], [ 9.737412, 3.694599 ], [ 9.737429, 3.695415 ], [ 9.737747, 3.695965 ], [ 9.738152, 3.696252 ], [ 9.738891, 3.696526 ], [ 9.739332, 3.696849 ], [ 9.73994, 3.697196 ], [ 9.740643, 3.697458 ], [ 9.741108, 3.697721 ], [ 9.741644, 3.698068 ], [ 9.742216, 3.698307 ], [ 9.742848, 3.698581 ], [ 9.743515, 3.699 ], [ 9.744385, 3.69949 ], [ 9.745017, 3.699812 ], [ 9.745625, 3.700207 ], [ 9.746209, 3.700637 ], [ 9.746411, 3.700828 ], [ 9.746683, 3.70119 ], [ 9.746775, 3.701617 ], [ 9.746785, 3.702098 ], [ 9.746708, 3.702426 ], [ 9.74663, 3.702756 ], [ 9.74633, 3.702958 ], [ 9.745854, 3.702921 ], [ 9.745496, 3.702921 ], [ 9.744853, 3.703103 ], [ 9.74452, 3.702971 ], [ 9.743757, 3.703128 ], [ 9.743364, 3.703248 ], [ 9.742911, 3.703368 ], [ 9.742542, 3.70368 ], [ 9.742151, 3.704107 ], [ 9.742055, 3.70469 ], [ 9.741931, 3.70544 ], [ 9.741839, 3.705888 ], [ 9.741525, 3.707153 ], [ 9.741486, 3.708714 ], [ 9.741978, 3.710766 ], [ 9.742388, 3.712244 ], [ 9.742603, 3.712447 ], [ 9.742756, 3.713019 ], [ 9.742959, 3.713175 ], [ 9.743412, 3.713318 ], [ 9.743924, 3.713425 ], [ 9.744544, 3.713664 ], [ 9.744866, 3.713819 ], [ 9.745497, 3.714142 ], [ 9.746176, 3.714441 ], [ 9.746832, 3.714644 ], [ 9.747451, 3.714823 ], [ 9.748023, 3.715002 ], [ 9.748869, 3.715121 ], [ 9.749465, 3.715288 ], [ 9.749739, 3.71561 ], [ 9.750133, 3.715921 ], [ 9.75055, 3.716376 ], [ 9.750971, 3.716914 ], [ 9.751194, 3.717448 ], [ 9.751359, 3.717919 ], [ 9.751683, 3.718254 ], [ 9.751839, 3.718684 ], [ 9.752077, 3.719103 ], [ 9.752243, 3.719666 ], [ 9.752473, 3.719993 ], [ 9.752734, 3.720364 ], [ 9.752964, 3.720812 ], [ 9.753198, 3.721269 ], [ 9.753381, 3.721625 ], [ 9.753712, 3.721891 ], [ 9.754098, 3.722439 ], [ 9.754782, 3.722199 ], [ 9.755318, 3.72193 ], [ 9.755943, 3.72151 ], [ 9.756509, 3.720971 ], [ 9.756806, 3.720193 ], [ 9.757073, 3.719325 ], [ 9.757549, 3.718457 ], [ 9.758084, 3.71744 ], [ 9.75862, 3.716871 ], [ 9.759185, 3.716003 ], [ 9.759899, 3.715224 ], [ 9.760553, 3.714356 ], [ 9.761357, 3.713398 ], [ 9.76213, 3.71247 ], [ 9.763053, 3.711511 ], [ 9.763618, 3.710703 ], [ 9.764302, 3.710104 ], [ 9.764867, 3.709176 ], [ 9.765611, 3.708458 ], [ 9.766593, 3.707948 ], [ 9.767219, 3.707618 ], [ 9.767993, 3.707289 ], [ 9.768975, 3.707048 ], [ 9.770018, 3.707137 ], [ 9.771239, 3.707525 ], [ 9.772679, 3.708294 ], [ 9.773296, 3.709588 ], [ 9.774249, 3.710484 ], [ 9.775114, 3.711501 ], [ 9.776575, 3.713175 ], [ 9.777097, 3.714155 ], [ 9.77824, 3.714961 ], [ 9.77939, 3.71573 ], [ 9.780355, 3.716719 ], [ 9.780925, 3.717909 ], [ 9.780925, 3.718679 ], [ 9.780366, 3.719808 ], [ 9.779652, 3.720849 ], [ 9.778545, 3.721891 ], [ 9.77801, 3.723077 ], [ 9.777619, 3.724441 ], [ 9.777226, 3.725662 ], [ 9.777442, 3.727026 ], [ 9.777746, 3.728429 ], [ 9.778635, 3.728945 ], [ 9.779402, 3.729265 ], [ 9.780089, 3.729968 ], [ 9.781233, 3.730003 ], [ 9.782306, 3.729765 ], [ 9.783413, 3.729165 ], [ 9.784124, 3.728612 ], [ 9.78534, 3.728041 ], [ 9.786233, 3.727719 ], [ 9.787887, 3.727373 ], [ 9.788979, 3.72746 ], [ 9.79005, 3.728279 ], [ 9.79145, 3.729269 ], [ 9.792991, 3.73028 ], [ 9.793647, 3.731391 ], [ 9.794923, 3.73254 ], [ 9.79537, 3.733741 ], [ 9.79629, 3.734741 ], [ 9.797439, 3.735643 ], [ 9.799396, 3.73656 ], [ 9.800224, 3.737344 ], [ 9.801696, 3.737777 ], [ 9.803041, 3.73903 ], [ 9.803864, 3.740071 ], [ 9.804544, 3.741327 ], [ 9.804831, 3.742439 ], [ 9.80494, 3.743768 ], [ 9.804065, 3.744767 ], [ 9.803476, 3.7456 ], [ 9.802469, 3.745538 ], [ 9.80183, 3.744897 ], [ 9.801152, 3.744669 ], [ 9.80058, 3.743843 ], [ 9.799936, 3.743054 ], [ 9.798827, 3.742122 ], [ 9.798622, 3.741795 ], [ 9.798184, 3.741489 ], [ 9.797421, 3.741145 ], [ 9.796315, 3.741107 ], [ 9.795458, 3.741491 ], [ 9.79483, 3.742238 ], [ 9.794411, 3.743139 ], [ 9.794088, 3.744211 ], [ 9.793594, 3.745475 ], [ 9.793423, 3.74651 ], [ 9.793329, 3.747678 ], [ 9.792701, 3.748827 ], [ 9.791741, 3.749579 ], [ 9.791264, 3.750514 ], [ 9.790294, 3.752134 ], [ 9.790108, 3.753741 ], [ 9.790058, 3.754571 ], [ 9.790178, 3.755528 ], [ 9.790393, 3.75627 ], [ 9.790679, 3.756964 ], [ 9.791434, 3.757769 ], [ 9.792707, 3.758306 ], [ 9.793735, 3.758586 ], [ 9.79516, 3.758759 ], [ 9.796483, 3.758722 ], [ 9.79744, 3.758588 ], [ 9.798372, 3.75847 ], [ 9.799352, 3.758371 ], [ 9.800473, 3.758559 ], [ 9.801403, 3.759276 ], [ 9.801643, 3.76064 ], [ 9.801215, 3.761741 ], [ 9.800262, 3.762364 ], [ 9.799333, 3.762652 ], [ 9.798094, 3.762773 ], [ 9.79676, 3.762798 ], [ 9.795235, 3.76268 ], [ 9.794211, 3.762657 ], [ 9.792519, 3.762826 ], [ 9.7914, 3.763282 ], [ 9.790495, 3.763905 ], [ 9.789662, 3.7646 ], [ 9.788757, 3.765678 ], [ 9.788377, 3.7663 ], [ 9.788139, 3.767043 ], [ 9.787616, 3.768431 ], [ 9.787569, 3.769484 ], [ 9.787451, 3.77025 ], [ 9.787547, 3.771543 ], [ 9.787763, 3.773027 ], [ 9.787931, 3.774678 ], [ 9.788195, 3.77585 ], [ 9.788291, 3.776784 ], [ 9.78853, 3.778076 ], [ 9.788817, 3.779655 ], [ 9.789176, 3.780852 ], [ 9.789654, 3.782431 ], [ 9.789893, 3.783556 ], [ 9.790132, 3.784417 ], [ 9.790371, 3.785422 ], [ 9.790039, 3.786107 ], [ 9.789927, 3.787246 ], [ 9.790362, 3.788554 ], [ 9.790908, 3.789529 ], [ 9.79147, 3.790532 ], [ 9.791472, 3.790535 ], [ 9.79223, 3.792055 ], [ 9.792487, 3.794108 ], [ 9.793383, 3.795967 ], [ 9.793385, 3.797827 ], [ 9.794377, 3.798584 ], [ 9.794928, 3.800203 ], [ 9.795558, 3.800949 ], [ 9.796016, 3.802097 ], [ 9.796761, 3.803303 ], [ 9.79802, 3.804106 ], [ 9.800079, 3.804219 ], [ 9.802137, 3.803757 ], [ 9.80368, 3.803067 ], [ 9.804309, 3.802434 ], [ 9.805338, 3.802318 ], [ 9.806311, 3.803351 ], [ 9.807342, 3.804959 ], [ 9.807972, 3.80605 ], [ 9.808945, 3.807025 ], [ 9.809632, 3.807829 ], [ 9.811348, 3.808804 ], [ 9.81177, 3.808875 ], [ 9.812379, 3.809988 ], [ 9.812988, 3.811208 ], [ 9.813667, 3.811674 ], [ 9.814847, 3.812175 ], [ 9.815848, 3.812713 ], [ 9.816957, 3.813178 ], [ 9.818029, 3.813536 ], [ 9.819209, 3.813894 ], [ 9.820746, 3.814001 ], [ 9.823356, 3.814572 ], [ 9.824249, 3.814715 ], [ 9.825679, 3.815001 ], [ 9.826388, 3.815144 ], [ 9.827883, 3.815604 ], [ 9.827004, 3.815544 ], [ 9.825887, 3.815749 ], [ 9.825244, 3.815725 ], [ 9.824601, 3.81575 ], [ 9.823934, 3.816014 ], [ 9.823291, 3.816804 ], [ 9.822458, 3.817763 ], [ 9.821672, 3.818481 ], [ 9.820767, 3.818865 ], [ 9.819934, 3.819033 ], [ 9.818917, 3.818631 ], [ 9.817962, 3.818552 ], [ 9.817193, 3.818701 ], [ 9.816717, 3.818941 ], [ 9.815835, 3.819109 ], [ 9.81497, 3.818909 ], [ 9.814525, 3.819446 ], [ 9.814144, 3.820068 ], [ 9.813787, 3.820284 ], [ 9.813669, 3.820739 ], [ 9.813621, 3.821194 ], [ 9.813631, 3.821778 ], [ 9.814132, 3.822574 ], [ 9.814464, 3.823318 ], [ 9.814628, 3.82379 ], [ 9.814625, 3.824663 ], [ 9.814698, 3.825549 ], [ 9.814817, 3.826147 ], [ 9.815258, 3.826442 ], [ 9.815445, 3.827183 ], [ 9.815505, 3.827804 ], [ 9.815232, 3.828273 ], [ 9.813867, 3.82895 ], [ 9.812732, 3.830064 ], [ 9.81224, 3.831159 ], [ 9.811457, 3.832966 ], [ 9.810614, 3.833488 ], [ 9.809986, 3.83481 ], [ 9.809272, 3.83555 ], [ 9.807808, 3.837167 ], [ 9.80638, 3.839 ], [ 9.805345, 3.83979 ], [ 9.804417, 3.841263 ], [ 9.803596, 3.842844 ], [ 9.803562, 3.844352 ], [ 9.804063, 3.845608 ], [ 9.805101, 3.84654 ], [ 9.806281, 3.847436 ], [ 9.806354, 3.848621 ], [ 9.805783, 3.849699 ], [ 9.804997, 3.85031 ], [ 9.804033, 3.85146 ], [ 9.802569, 3.852933 ], [ 9.80182, 3.854118 ], [ 9.801213, 3.855232 ], [ 9.800535, 3.856453 ], [ 9.800035, 3.8571 ], [ 9.798857, 3.858358 ], [ 9.798357, 3.859291 ], [ 9.798108, 3.86001 ], [ 9.798144, 3.860835 ], [ 9.798396, 3.861739 ], [ 9.798396, 3.861743 ], [ 9.798201, 3.86174 ], [ 9.798143, 3.862539 ], [ 9.79834, 3.863097 ], [ 9.798537, 3.86418 ], [ 9.798865, 3.86464 ], [ 9.799487, 3.865165 ], [ 9.799879, 3.865657 ], [ 9.800174, 3.866248 ], [ 9.799586, 3.866774 ], [ 9.799848, 3.867234 ], [ 9.800339, 3.867857 ], [ 9.800536, 3.868284 ], [ 9.800869, 3.868936 ], [ 9.800718, 3.869932 ], [ 9.800585, 3.871023 ], [ 9.800358, 3.871943 ], [ 9.799882, 3.872977 ], [ 9.799349, 3.873743 ], [ 9.798778, 3.874357 ], [ 9.798225, 3.874951 ], [ 9.797616, 3.87566 ], [ 9.796911, 3.876426 ], [ 9.796188, 3.87725 ], [ 9.795545, 3.878002 ], [ 9.79516, 3.878783 ], [ 9.794721, 3.879071 ], [ 9.794054, 3.87934 ], [ 9.793273, 3.8798 ], [ 9.792473, 3.880605 ], [ 9.792035, 3.880777 ], [ 9.79133, 3.88097 ], [ 9.790777, 3.881028 ], [ 9.790186, 3.881047 ], [ 9.789366, 3.880952 ], [ 9.7891, 3.880612 ], [ 9.78847, 3.880111 ], [ 9.788145, 3.879805 ], [ 9.787859, 3.879652 ], [ 9.787336, 3.879595 ], [ 9.786753, 3.879672 ], [ 9.786353, 3.879634 ], [ 9.785857, 3.879634 ], [ 9.785343, 3.879711 ], [ 9.784885, 3.879846 ], [ 9.784543, 3.880268 ], [ 9.78441, 3.88088 ], [ 9.784266, 3.881362 ], [ 9.78443, 3.881953 ], [ 9.784735, 3.882259 ], [ 9.785269, 3.882584 ], [ 9.785746, 3.88289 ], [ 9.786204, 3.883138 ], [ 9.786509, 3.883425 ], [ 9.786795, 3.883769 ], [ 9.787025, 3.88419 ], [ 9.787444, 3.884611 ], [ 9.787997, 3.884892 ], [ 9.788246, 3.885453 ], [ 9.788723, 3.885816 ], [ 9.789028, 3.886103 ], [ 9.789638, 3.886218 ], [ 9.790305, 3.885949 ], [ 9.790991, 3.885489 ], [ 9.791315, 3.885259 ], [ 9.791623, 3.885069 ], [ 9.792072, 3.885156 ], [ 9.792267, 3.885156 ], [ 9.79224, 3.885224 ], [ 9.793214, 3.885616 ], [ 9.794543, 3.886179 ], [ 9.795157, 3.887 ], [ 9.795719, 3.887461 ], [ 9.795822, 3.888231 ], [ 9.795976, 3.889103 ], [ 9.796182, 3.890283 ], [ 9.796643, 3.89172 ], [ 9.796593, 3.892746 ], [ 9.796747, 3.893516 ], [ 9.796543, 3.894337 ], [ 9.797259, 3.894747 ], [ 9.798076, 3.894695 ], [ 9.798639, 3.894694 ], [ 9.798946, 3.895156 ], [ 9.799099, 3.895772 ], [ 9.799355, 3.896439 ], [ 9.799816, 3.8969 ], [ 9.799969, 3.897208 ], [ 9.800072, 3.898131 ], [ 9.800073, 3.898542 ], [ 9.80038, 3.899004 ], [ 9.800534, 3.899517 ], [ 9.801045, 3.899824 ], [ 9.80171, 3.90085 ], [ 9.802375, 3.901414 ], [ 9.802988, 3.901875 ], [ 9.8035, 3.90208 ], [ 9.804062, 3.902182 ], [ 9.804829, 3.903207 ], [ 9.805698, 3.903463 ], [ 9.806771, 3.903513 ], [ 9.807588, 3.903513 ], [ 9.808763, 3.903204 ], [ 9.809581, 3.903254 ], [ 9.81045, 3.903305 ], [ 9.811676, 3.903406 ], [ 9.811932, 3.903816 ], [ 9.812648, 3.904842 ], [ 9.813262, 3.905457 ] ], [ [ 9.905324, 3.258329 ], [ 9.905187, 3.258247 ], [ 9.905144, 3.258338 ], [ 9.905324, 3.258329 ] ], [ [ 9.905339, 3.258328 ], [ 9.905324, 3.258329 ], [ 9.905339, 3.258338 ], [ 9.905339, 3.258328 ] ], [ [ 9.679723, 3.585628 ], [ 9.681295, 3.585626 ], [ 9.682868, 3.586307 ], [ 9.684512, 3.586881 ], [ 9.68705, 3.58792 ], [ 9.688444, 3.588637 ], [ 9.689659, 3.589103 ], [ 9.691732, 3.589209 ], [ 9.692875, 3.588957 ], [ 9.694125, 3.588525 ], [ 9.69609, 3.588236 ], [ 9.697591, 3.588091 ], [ 9.699878, 3.588269 ], [ 9.702809, 3.58859 ], [ 9.704488, 3.588948 ], [ 9.706525, 3.589018 ], [ 9.708598, 3.589304 ], [ 9.710028, 3.589805 ], [ 9.711779, 3.59045 ], [ 9.714067, 3.591453 ], [ 9.715389, 3.592099 ], [ 9.718498, 3.592527 ], [ 9.7205, 3.592849 ], [ 9.72318, 3.593457 ], [ 9.724968, 3.594389 ], [ 9.726755, 3.595716 ], [ 9.728007, 3.596361 ], [ 9.728865, 3.596899 ], [ 9.73033, 3.597688 ], [ 9.731939, 3.598656 ], [ 9.733119, 3.599301 ], [ 9.734549, 3.599874 ], [ 9.735049, 3.600125 ], [ 9.735728, 3.600317 ], [ 9.735643, 3.598971 ], [ 9.730371, 3.592489 ], [ 9.7278, 3.586819 ], [ 9.725614, 3.585723 ], [ 9.719586, 3.5827 ], [ 9.70727, 3.582452 ], [ 9.706025, 3.581619 ], [ 9.699568, 3.577301 ], [ 9.689634, 3.571866 ], [ 9.689601, 3.571848 ], [ 9.688274, 3.571122 ], [ 9.67929, 3.567003 ], [ 9.668771, 3.568898 ], [ 9.666568, 3.570622 ], [ 9.665111, 3.570757 ], [ 9.664425, 3.570183 ], [ 9.663167, 3.569437 ], [ 9.661451, 3.569323 ], [ 9.660708, 3.569439 ], [ 9.659565, 3.569267 ], [ 9.65945, 3.568463 ], [ 9.658649, 3.568004 ], [ 9.658209, 3.567519 ], [ 9.657471, 3.567089 ], [ 9.656756, 3.566826 ], [ 9.656088, 3.56642 ], [ 9.65554, 3.565774 ], [ 9.654753, 3.56496 ], [ 9.65392, 3.565105 ], [ 9.652895, 3.565129 ], [ 9.651966, 3.564723 ], [ 9.651609, 3.56446 ], [ 9.651274, 3.56367 ], [ 9.651488, 3.562617 ], [ 9.651511, 3.561851 ], [ 9.651201, 3.561181 ], [ 9.65051, 3.56044 ], [ 9.649843, 3.560063 ], [ 9.648485, 3.560064 ], [ 9.647842, 3.560427 ], [ 9.646579, 3.5605 ], [ 9.645672, 3.560066 ], [ 9.644959, 3.55952 ], [ 9.644506, 3.558778 ], [ 9.644338, 3.557701 ], [ 9.643909, 3.556576 ], [ 9.643908, 3.555595 ], [ 9.643407, 3.554782 ], [ 9.642835, 3.554136 ], [ 9.641982, 3.553136 ], [ 9.641333, 3.55227 ], [ 9.640856, 3.551552 ], [ 9.640403, 3.550954 ], [ 9.639617, 3.550763 ], [ 9.63864, 3.550979 ], [ 9.637902, 3.551411 ], [ 9.637122, 3.551894 ], [ 9.636283, 3.552393 ], [ 9.635545, 3.553136 ], [ 9.635045, 3.553806 ], [ 9.634664, 3.5545 ], [ 9.634892, 3.554916 ], [ 9.638754, 3.558295 ], [ 9.641124, 3.560743 ], [ 9.642364, 3.561891 ], [ 9.642984, 3.56292 ], [ 9.643556, 3.563949 ], [ 9.644105, 3.564451 ], [ 9.644772, 3.565121 ], [ 9.644701, 3.565336 ], [ 9.644868, 3.566054 ], [ 9.64525, 3.566892 ], [ 9.646047, 3.567422 ], [ 9.64656, 3.567202 ], [ 9.647108, 3.567178 ], [ 9.647489, 3.567417 ], [ 9.64749, 3.568135 ], [ 9.647062, 3.569021 ], [ 9.646347, 3.569596 ], [ 9.6463, 3.570457 ], [ 9.646801, 3.571534 ], [ 9.647111, 3.572036 ], [ 9.647662, 3.572719 ], [ 9.647867, 3.573602 ], [ 9.647756, 3.574477 ], [ 9.647471, 3.575076 ], [ 9.647853, 3.576057 ], [ 9.648115, 3.576607 ], [ 9.648259, 3.577277 ], [ 9.647902, 3.577972 ], [ 9.647473, 3.578642 ], [ 9.64745, 3.579193 ], [ 9.647403, 3.580031 ], [ 9.648047, 3.580916 ], [ 9.648653, 3.581708 ], [ 9.649792, 3.582905 ], [ 9.652142, 3.583774 ], [ 9.6542, 3.583427 ], [ 9.655916, 3.583943 ], [ 9.657231, 3.584632 ], [ 9.659976, 3.584745 ], [ 9.663121, 3.584972 ], [ 9.664435, 3.584799 ], [ 9.66575, 3.584453 ], [ 9.667001, 3.583974 ], [ 9.66818, 3.584128 ], [ 9.66918, 3.584235 ], [ 9.671039, 3.584701 ], [ 9.673255, 3.585166 ], [ 9.675578, 3.585918 ], [ 9.677758, 3.585809 ], [ 9.679723, 3.585628 ] ], [ [ 9.664027, 3.546916 ], [ 9.664865, 3.547031 ], [ 9.6662, 3.547125 ], [ 9.666924, 3.547316 ], [ 9.667572, 3.547335 ], [ 9.668067, 3.547545 ], [ 9.668415, 3.547562 ], [ 9.669059, 3.547656 ], [ 9.669631, 3.54741 ], [ 9.669917, 3.547081 ], [ 9.670325, 3.546629 ], [ 9.670651, 3.5463 ], [ 9.670896, 3.546013 ], [ 9.671019, 3.545602 ], [ 9.670903, 3.545254 ], [ 9.670871, 3.545159 ], [ 9.670814, 3.544986 ], [ 9.670814, 3.544453 ], [ 9.670936, 3.543837 ], [ 9.671344, 3.543138 ], [ 9.671627, 3.542673 ], [ 9.671793, 3.542399 ], [ 9.672201, 3.541783 ], [ 9.67265, 3.541003 ], [ 9.673058, 3.540427 ], [ 9.673956, 3.539524 ], [ 9.674446, 3.538825 ], [ 9.674936, 3.538291 ], [ 9.675467, 3.537921 ], [ 9.675998, 3.537592 ], [ 9.676733, 3.537304 ], [ 9.677346, 3.537181 ], [ 9.677877, 3.536934 ], [ 9.67826, 3.536752 ], [ 9.678653, 3.536564 ], [ 9.679184, 3.536276 ], [ 9.679592, 3.535783 ], [ 9.680205, 3.535208 ], [ 9.680858, 3.534674 ], [ 9.681307, 3.534222 ], [ 9.681533, 3.534056 ], [ 9.681757, 3.533893 ], [ 9.682369, 3.533523 ], [ 9.682982, 3.532825 ], [ 9.683472, 3.532414 ], [ 9.684288, 3.531962 ], [ 9.684619, 3.531713 ], [ 9.685056, 3.531284 ], [ 9.685237, 3.531108 ], [ 9.685636, 3.530852 ], [ 9.686657, 3.530277 ], [ 9.68776, 3.52966 ], [ 9.688862, 3.528715 ], [ 9.689189, 3.52814 ], [ 9.689679, 3.527565 ], [ 9.69021, 3.527113 ], [ 9.69074, 3.526537 ], [ 9.691598, 3.526126 ], [ 9.692088, 3.525715 ], [ 9.692497, 3.525469 ], [ 9.692823, 3.525058 ], [ 9.693477, 3.524524 ], [ 9.694089, 3.524071 ], [ 9.694185, 3.523994 ], [ 9.694497, 3.523743 ], [ 9.695192, 3.523332 ], [ 9.695804, 3.522756 ], [ 9.696376, 3.52214 ], [ 9.696825, 3.521729 ], [ 9.697274, 3.5214 ], [ 9.697564, 3.521109 ], [ 9.697723, 3.520948 ], [ 9.698295, 3.52062 ], [ 9.698908, 3.520085 ], [ 9.699111, 3.519552 ], [ 9.699479, 3.518894 ], [ 9.699683, 3.518443 ], [ 9.699928, 3.518196 ], [ 9.700377, 3.517785 ], [ 9.700948, 3.517374 ], [ 9.701398, 3.516881 ], [ 9.701602, 3.516511 ], [ 9.701887, 3.516101 ], [ 9.702214, 3.515813 ], [ 9.702425, 3.515579 ], [ 9.70299, 3.51495 ], [ 9.703929, 3.514416 ], [ 9.704623, 3.513799 ], [ 9.705154, 3.513347 ], [ 9.705685, 3.512813 ], [ 9.706215, 3.512238 ], [ 9.706869, 3.511786 ], [ 9.707359, 3.511416 ], [ 9.708176, 3.510964 ], [ 9.708911, 3.510389 ], [ 9.709483, 3.510019 ], [ 9.70985, 3.509608 ], [ 9.710538, 3.508965 ], [ 9.710993, 3.508539 ], [ 9.711973, 3.507964 ], [ 9.712749, 3.507512 ], [ 9.713362, 3.50706 ], [ 9.714056, 3.506402 ], [ 9.715281, 3.505703 ], [ 9.715894, 3.505169 ], [ 9.716629, 3.504512 ], [ 9.717405, 3.503936 ], [ 9.717987, 3.503311 ], [ 9.718629, 3.502622 ], [ 9.720018, 3.501348 ], [ 9.721365, 3.500402 ], [ 9.722182, 3.499663 ], [ 9.723244, 3.499046 ], [ 9.724305, 3.498388 ], [ 9.72549, 3.497607 ], [ 9.726356, 3.496792 ], [ 9.726419, 3.496732 ], [ 9.726755, 3.496416 ], [ 9.728144, 3.495183 ], [ 9.729083, 3.494484 ], [ 9.72936, 3.494149 ], [ 9.729899, 3.493498 ], [ 9.731247, 3.492676 ], [ 9.731982, 3.492142 ], [ 9.733002, 3.490704 ], [ 9.733451, 3.49017 ], [ 9.734026, 3.4898 ], [ 9.734472, 3.489512 ], [ 9.735657, 3.488731 ], [ 9.736065, 3.488074 ], [ 9.736922, 3.487334 ], [ 9.737246, 3.486919 ], [ 9.737371, 3.486759 ], [ 9.737779, 3.486307 ], [ 9.738759, 3.485773 ], [ 9.739045, 3.485403 ], [ 9.739821, 3.484869 ], [ 9.740229, 3.484458 ], [ 9.740556, 3.483965 ], [ 9.741005, 3.483226 ], [ 9.741144, 3.482898 ], [ 9.741494, 3.482076 ], [ 9.742147, 3.481418 ], [ 9.742474, 3.480966 ], [ 9.742711, 3.480373 ], [ 9.743494, 3.480144 ], [ 9.743984, 3.47961 ], [ 9.744311, 3.479405 ], [ 9.74472, 3.479651 ], [ 9.745047, 3.479651 ], [ 9.745496, 3.479486 ], [ 9.746068, 3.479403 ], [ 9.746599, 3.479157 ], [ 9.747211, 3.478828 ], [ 9.747906, 3.478458 ], [ 9.748477, 3.478129 ], [ 9.748804, 3.477759 ], [ 9.749212, 3.47743 ], [ 9.749662, 3.477184 ], [ 9.749988, 3.476855 ], [ 9.750397, 3.476526 ], [ 9.750886, 3.476156 ], [ 9.751131, 3.475745 ], [ 9.751335, 3.475376 ], [ 9.75203, 3.475006 ], [ 9.752274, 3.474718 ], [ 9.752478, 3.474225 ], [ 9.752805, 3.473814 ], [ 9.752886, 3.473322 ], [ 9.753049, 3.472952 ], [ 9.753458, 3.472623 ], [ 9.753989, 3.472253 ], [ 9.754356, 3.472048 ], [ 9.75501, 3.471801 ], [ 9.755582, 3.471718 ], [ 9.756235, 3.471554 ], [ 9.756725, 3.471348 ], [ 9.757134, 3.471224 ], [ 9.757706, 3.471019 ], [ 9.758196, 3.470813 ], [ 9.758727, 3.470525 ], [ 9.759012, 3.470114 ], [ 9.759175, 3.469786 ], [ 9.759461, 3.469334 ], [ 9.759665, 3.468964 ], [ 9.759706, 3.468636 ], [ 9.75991, 3.468307 ], [ 9.760154, 3.467938 ], [ 9.760318, 3.467609 ], [ 9.760522, 3.46728 ], [ 9.761053, 3.467075 ], [ 9.76142, 3.46691 ], [ 9.761687, 3.466709 ], [ 9.761747, 3.466664 ], [ 9.761992, 3.466499 ], [ 9.762237, 3.466335 ], [ 9.762645, 3.466088 ], [ 9.763135, 3.465841 ], [ 9.763707, 3.465636 ], [ 9.764156, 3.46543 ], [ 9.764565, 3.465224 ], [ 9.764973, 3.46506 ], [ 9.765341, 3.464936 ], [ 9.765872, 3.464648 ], [ 9.766444, 3.464402 ], [ 9.76677, 3.463909 ], [ 9.767056, 3.463621 ], [ 9.767355, 3.463454 ], [ 9.767423, 3.463416 ], [ 9.767791, 3.463046 ], [ 9.768158, 3.462635 ], [ 9.768485, 3.462142 ], [ 9.768729, 3.46169 ], [ 9.768766, 3.461617 ], [ 9.768974, 3.461197 ], [ 9.769382, 3.460663 ], [ 9.769913, 3.460211 ], [ 9.770158, 3.459841 ], [ 9.770362, 3.459184 ], [ 9.770443, 3.458733 ], [ 9.770647, 3.458158 ], [ 9.770728, 3.457665 ], [ 9.770809, 3.457295 ], [ 9.770973, 3.456967 ], [ 9.771177, 3.456638 ], [ 9.771422, 3.456351 ], [ 9.771667, 3.456104 ], [ 9.772034, 3.455775 ], [ 9.772442, 3.455529 ], [ 9.77281, 3.4552 ], [ 9.773218, 3.455035 ], [ 9.773545, 3.454871 ], [ 9.773749, 3.454666 ], [ 9.774239, 3.45446 ], [ 9.774729, 3.454295 ], [ 9.775056, 3.454172 ], [ 9.775301, 3.453925 ], [ 9.775464, 3.453638 ], [ 9.775709, 3.453104 ], [ 9.775954, 3.452611 ], [ 9.776035, 3.452036 ], [ 9.77628, 3.451707 ], [ 9.776525, 3.451379 ], [ 9.776729, 3.451091 ], [ 9.777096, 3.450763 ], [ 9.777259, 3.450475 ], [ 9.777585, 3.449777 ], [ 9.778198, 3.449284 ], [ 9.778525, 3.449037 ], [ 9.77881, 3.448667 ], [ 9.7793, 3.448092 ], [ 9.780044, 3.447759 ], [ 9.781381, 3.441778 ], [ 9.781766, 3.441731 ], [ 9.782367, 3.441753 ], [ 9.782696, 3.441408 ], [ 9.78291, 3.441048 ], [ 9.783252, 3.440675 ], [ 9.783738, 3.440157 ], [ 9.78418, 3.439784 ], [ 9.784695, 3.439424 ], [ 9.785152, 3.43905 ], [ 9.78558, 3.438634 ], [ 9.786008, 3.438231 ], [ 9.786251, 3.437901 ], [ 9.786418, 3.437321 ], [ 9.786979, 3.436679 ], [ 9.787264, 3.436378 ], [ 9.787407, 3.436033 ], [ 9.787564, 3.435731 ], [ 9.787864, 3.435329 ], [ 9.788249, 3.434869 ], [ 9.788621, 3.434538 ], [ 9.789149, 3.434222 ], [ 9.789449, 3.433906 ], [ 9.78982, 3.433532 ], [ 9.790177, 3.433216 ], [ 9.790448, 3.432785 ], [ 9.790762, 3.432397 ], [ 9.791191, 3.431994 ], [ 9.791676, 3.431692 ], [ 9.792205, 3.43139 ], [ 9.792605, 3.431175 ], [ 9.792848, 3.43093 ], [ 9.793119, 3.430715 ], [ 9.79326, 3.430359 ], [ 9.793947, 3.429763 ], [ 9.794727, 3.428824 ], [ 9.795622, 3.427713 ], [ 9.796479, 3.426736 ], [ 9.797697, 3.425567 ], [ 9.798611, 3.42436 ], [ 9.799372, 3.423363 ], [ 9.800153, 3.422501 ], [ 9.800933, 3.421792 ], [ 9.8016, 3.42114 ], [ 9.802018, 3.420393 ], [ 9.802418, 3.419684 ], [ 9.802893, 3.418937 ], [ 9.803483, 3.418267 ], [ 9.80394, 3.417788 ], [ 9.804683, 3.417155 ], [ 9.805117, 3.41654 ], [ 9.805654, 3.416197 ], [ 9.806092, 3.415814 ], [ 9.806568, 3.415373 ], [ 9.806987, 3.414913 ], [ 9.80731, 3.414587 ], [ 9.807691, 3.414319 ], [ 9.808129, 3.413859 ], [ 9.808795, 3.41315 ], [ 9.809519, 3.412307 ], [ 9.810109, 3.411521 ], [ 9.810184, 3.411138 ], [ 9.810341, 3.410336 ], [ 9.810627, 3.410007 ], [ 9.811055, 3.409612 ], [ 9.811116, 3.409555 ], [ 9.811361, 3.409309 ], [ 9.811729, 3.408939 ], [ 9.812096, 3.408528 ], [ 9.812463, 3.408158 ], [ 9.812831, 3.40783 ], [ 9.813035, 3.407501 ], [ 9.813606, 3.406926 ], [ 9.814055, 3.406474 ], [ 9.814504, 3.40594 ], [ 9.814912, 3.405447 ], [ 9.815239, 3.404995 ], [ 9.815811, 3.404666 ], [ 9.816464, 3.403926 ], [ 9.816872, 3.403474 ], [ 9.817443, 3.402858 ], [ 9.818015, 3.402242 ], [ 9.818464, 3.401749 ], [ 9.818994, 3.401173 ], [ 9.819157, 3.400681 ], [ 9.819933, 3.400146 ], [ 9.8203, 3.399489 ], [ 9.820708, 3.399078 ], [ 9.821035, 3.398544 ], [ 9.821484, 3.398133 ], [ 9.822014, 3.397681 ], [ 9.8223, 3.39727 ], [ 9.822749, 3.396777 ], [ 9.823157, 3.396408 ], [ 9.823647, 3.396038 ], [ 9.824015, 3.39575 ], [ 9.824423, 3.395339 ], [ 9.824913, 3.394887 ], [ 9.825729, 3.393942 ], [ 9.826463, 3.393038 ], [ 9.826994, 3.392299 ], [ 9.827443, 3.391559 ], [ 9.82781, 3.390984 ], [ 9.828177, 3.390491 ], [ 9.828626, 3.390039 ], [ 9.829279, 3.389505 ], [ 9.829687, 3.388971 ], [ 9.83016, 3.388348 ], [ 9.830218, 3.388273 ], [ 9.830666, 3.387287 ], [ 9.830788, 3.386712 ], [ 9.831687, 3.386177 ], [ 9.832095, 3.385684 ], [ 9.833034, 3.385232 ], [ 9.833646, 3.384451 ], [ 9.833701, 3.384325 ], [ 9.833932, 3.383794 ], [ 9.834299, 3.383137 ], [ 9.834911, 3.382315 ], [ 9.835523, 3.381494 ], [ 9.836135, 3.381042 ], [ 9.836503, 3.380754 ], [ 9.837033, 3.380384 ], [ 9.837646, 3.379973 ], [ 9.838218, 3.379726 ], [ 9.838748, 3.379233 ], [ 9.839442, 3.378781 ], [ 9.839932, 3.378165 ], [ 9.840626, 3.377548 ], [ 9.841116, 3.376891 ], [ 9.841687, 3.37648 ], [ 9.842218, 3.375946 ], [ 9.84283, 3.375206 ], [ 9.843116, 3.374713 ], [ 9.843564, 3.37422 ], [ 9.844054, 3.373727 ], [ 9.844626, 3.373275 ], [ 9.845034, 3.372823 ], [ 9.845646, 3.372042 ], [ 9.846258, 3.37159 ], [ 9.846871, 3.371138 ], [ 9.847483, 3.370645 ], [ 9.848054, 3.369823 ], [ 9.848585, 3.369289 ], [ 9.848621, 3.369245 ], [ 9.848952, 3.368837 ], [ 9.849401, 3.368344 ], [ 9.849687, 3.367933 ], [ 9.850013, 3.367399 ], [ 9.850666, 3.366906 ], [ 9.851238, 3.366413 ], [ 9.851605, 3.365961 ], [ 9.851972, 3.365386 ], [ 9.852585, 3.364893 ], [ 9.852993, 3.364194 ], [ 9.853096, 3.363986 ], [ 9.853278, 3.363619 ], [ 9.853604, 3.363044 ], [ 9.854176, 3.362387 ], [ 9.854788, 3.36173 ], [ 9.855155, 3.360949 ], [ 9.856339, 3.360004 ], [ 9.856869, 3.359306 ], [ 9.857277, 3.35873 ], [ 9.85793, 3.357991 ], [ 9.858583, 3.356923 ], [ 9.858746, 3.356225 ], [ 9.859317, 3.355321 ], [ 9.859561, 3.354582 ], [ 9.859928, 3.353843 ], [ 9.860499, 3.353062 ], [ 9.860907, 3.352528 ], [ 9.86103, 3.351994 ], [ 9.861274, 3.351173 ], [ 9.861559, 3.350639 ], [ 9.862253, 3.350063 ], [ 9.862866, 3.34957 ], [ 9.863233, 3.349077 ], [ 9.863886, 3.348461 ], [ 9.864417, 3.34805 ], [ 9.865105, 3.347573 ], [ 9.891931, 3.320972 ], [ 9.892084, 3.320416 ], [ 9.892378, 3.320022 ], [ 9.892737, 3.319693 ], [ 9.892933, 3.319364 ], [ 9.893292, 3.318871 ], [ 9.893683, 3.318641 ], [ 9.894043, 3.318312 ], [ 9.894336, 3.317885 ], [ 9.8945, 3.317622 ], [ 9.894728, 3.317326 ], [ 9.89476, 3.317031 ], [ 9.895087, 3.316571 ], [ 9.895358, 3.316189 ], [ 9.895413, 3.316111 ], [ 9.895544, 3.315815 ], [ 9.895706, 3.315158 ], [ 9.896098, 3.314665 ], [ 9.896425, 3.314238 ], [ 9.896686, 3.313745 ], [ 9.896783, 3.313285 ], [ 9.896979, 3.312562 ], [ 9.897305, 3.311971 ], [ 9.897533, 3.311445 ], [ 9.897827, 3.310919 ], [ 9.898251, 3.310393 ], [ 9.898676, 3.309999 ], [ 9.8991, 3.309604 ], [ 9.899394, 3.309046 ], [ 9.899655, 3.308421 ], [ 9.899883, 3.307896 ], [ 9.900176, 3.307173 ], [ 9.900339, 3.306549 ], [ 9.900665, 3.306056 ], [ 9.900726, 3.305861 ], [ 9.900828, 3.30553 ], [ 9.901122, 3.305004 ], [ 9.901416, 3.304544 ], [ 9.901709, 3.304018 ], [ 9.902036, 3.303558 ], [ 9.902231, 3.303197 ], [ 9.902362, 3.302868 ], [ 9.90243, 3.302723 ], [ 9.902601, 3.30236 ], [ 9.902655, 3.302244 ], [ 9.90272, 3.301653 ], [ 9.903177, 3.301094 ], [ 9.903732, 3.299845 ], [ 9.904286, 3.298892 ], [ 9.904743, 3.298367 ], [ 9.905396, 3.297249 ], [ 9.906081, 3.296329 ], [ 9.906506, 3.295672 ], [ 9.906962, 3.295047 ], [ 9.907045, 3.294937 ], [ 9.907354, 3.294522 ], [ 9.907876, 3.29393 ], [ 9.908333, 3.293141 ], [ 9.908659, 3.292353 ], [ 9.908561, 3.291564 ], [ 9.908616, 3.290554 ], [ 9.908625, 3.290382 ], [ 9.908755, 3.2892 ], [ 9.90895, 3.28828 ], [ 9.908948, 3.287595 ], [ 9.899572, 3.28015 ], [ 9.899575, 3.280164 ], [ 9.899859, 3.281292 ], [ 9.899827, 3.282409 ], [ 9.899893, 3.283296 ], [ 9.899894, 3.284215 ], [ 9.899764, 3.284971 ], [ 9.899634, 3.285759 ], [ 9.899243, 3.286745 ], [ 9.899146, 3.287927 ], [ 9.899146, 3.288123 ], [ 9.899147, 3.288617 ], [ 9.899049, 3.289405 ], [ 9.898723, 3.290063 ], [ 9.898266, 3.291016 ], [ 9.89794, 3.291574 ], [ 9.897749, 3.2922 ], [ 9.897394, 3.292705 ], [ 9.89706, 3.293336 ], [ 9.896726, 3.293988 ], [ 9.89635, 3.294556 ], [ 9.896037, 3.295187 ], [ 9.895648, 3.295805 ], [ 9.89564, 3.295818 ], [ 9.89539, 3.296638 ], [ 9.894909, 3.297311 ], [ 9.894638, 3.297921 ], [ 9.894241, 3.298825 ], [ 9.89374, 3.299372 ], [ 9.893009, 3.300339 ], [ 9.892508, 3.301139 ], [ 9.89255, 3.301727 ], [ 9.892513, 3.30207 ], [ 9.892467, 3.302505 ], [ 9.892405, 3.303409 ], [ 9.892155, 3.304229 ], [ 9.89203, 3.30486 ], [ 9.891696, 3.305448 ], [ 9.891571, 3.306121 ], [ 9.890902, 3.30671 ], [ 9.890547, 3.307383 ], [ 9.890171, 3.307993 ], [ 9.889921, 3.308435 ], [ 9.889545, 3.308869 ], [ 9.889503, 3.308919 ], [ 9.889273, 3.309613 ], [ 9.889002, 3.310201 ], [ 9.888898, 3.310748 ], [ 9.888397, 3.311463 ], [ 9.887812, 3.312178 ], [ 9.887519, 3.312641 ], [ 9.887101, 3.313062 ], [ 9.886684, 3.313672 ], [ 9.886496, 3.314134 ], [ 9.88589, 3.314618 ], [ 9.88566, 3.315228 ], [ 9.885117, 3.31588 ], [ 9.885159, 3.316574 ], [ 9.884679, 3.317373 ], [ 9.884137, 3.318083 ], [ 9.884052, 3.318193 ], [ 9.883781, 3.318992 ], [ 9.883259, 3.319497 ], [ 9.882778, 3.320297 ], [ 9.882423, 3.32078 ], [ 9.881253, 3.322127 ], [ 9.880773, 3.323031 ], [ 9.879916, 3.323915 ], [ 9.879331, 3.324693 ], [ 9.878872, 3.325387 ], [ 9.878287, 3.325997 ], [ 9.877974, 3.326544 ], [ 9.877472, 3.327133 ], [ 9.877138, 3.327722 ], [ 9.876553, 3.328416 ], [ 9.876449, 3.328752 ], [ 9.875278, 3.329783 ], [ 9.874777, 3.330162 ], [ 9.874359, 3.330814 ], [ 9.874295, 3.330904 ], [ 9.873899, 3.331466 ], [ 9.87323, 3.331698 ], [ 9.873043, 3.33235 ], [ 9.872667, 3.333002 ], [ 9.872367, 3.333203 ], [ 9.871914, 3.333507 ], [ 9.871726, 3.333906 ], [ 9.871225, 3.334516 ], [ 9.870933, 3.334937 ], [ 9.870347, 3.3354 ], [ 9.869783, 3.335947 ], [ 9.86901, 3.336494 ], [ 9.868571, 3.336789 ], [ 9.868027, 3.337168 ], [ 9.867275, 3.337589 ], [ 9.86671, 3.337968 ], [ 9.866585, 3.338136 ], [ 9.86623, 3.33862 ], [ 9.866042, 3.338977 ], [ 9.865875, 3.33965 ], [ 9.865666, 3.340071 ], [ 9.865395, 3.34047 ], [ 9.86504, 3.34108 ], [ 9.864745, 3.341513 ], [ 9.864539, 3.341816 ], [ 9.864079, 3.342363 ], [ 9.863786, 3.342784 ], [ 9.86341, 3.34331 ], [ 9.862909, 3.344025 ], [ 9.86247, 3.344551 ], [ 9.86176, 3.345686 ], [ 9.861447, 3.346464 ], [ 9.860967, 3.347074 ], [ 9.860632, 3.347474 ], [ 9.859922, 3.34861 ], [ 9.859121, 3.349386 ], [ 9.8591, 3.349406 ], [ 9.858815, 3.349683 ], [ 9.858209, 3.350293 ], [ 9.857561, 3.350924 ], [ 9.857307, 3.351346 ], [ 9.857143, 3.351618 ], [ 9.856537, 3.352249 ], [ 9.856098, 3.35288 ], [ 9.855869, 3.353511 ], [ 9.855618, 3.353953 ], [ 9.855326, 3.354563 ], [ 9.854866, 3.355194 ], [ 9.854469, 3.355782 ], [ 9.853947, 3.356435 ], [ 9.853425, 3.357003 ], [ 9.85286, 3.357655 ], [ 9.852317, 3.358391 ], [ 9.851732, 3.358875 ], [ 9.851314, 3.359191 ], [ 9.850791, 3.359548 ], [ 9.85052, 3.359759 ], [ 9.850039, 3.360138 ], [ 9.849726, 3.360453 ], [ 9.849433, 3.360811 ], [ 9.849182, 3.36121 ], [ 9.848994, 3.361589 ], [ 9.848409, 3.362136 ], [ 9.847803, 3.362788 ], [ 9.84726, 3.363272 ], [ 9.847135, 3.363382 ], [ 9.846758, 3.363714 ], [ 9.846236, 3.36424 ], [ 9.846027, 3.364681 ], [ 9.84563, 3.36527 ], [ 9.845422, 3.365838 ], [ 9.845066, 3.366175 ], [ 9.844523, 3.366617 ], [ 9.844335, 3.367205 ], [ 9.844022, 3.367668 ], [ 9.843583, 3.368194 ], [ 9.842789, 3.368804 ], [ 9.842182, 3.369204 ], [ 9.841534, 3.369709 ], [ 9.840928, 3.370256 ], [ 9.84026, 3.370908 ], [ 9.839591, 3.371645 ], [ 9.839173, 3.372549 ], [ 9.838588, 3.372928 ], [ 9.837919, 3.373538 ], [ 9.837292, 3.37419 ], [ 9.836991, 3.374515 ], [ 9.836707, 3.374821 ], [ 9.836185, 3.375263 ], [ 9.835516, 3.376125 ], [ 9.83491, 3.376967 ], [ 9.834492, 3.37724 ], [ 9.834012, 3.37785 ], [ 9.833447, 3.378587 ], [ 9.832941, 3.379109 ], [ 9.8329, 3.379152 ], [ 9.832612, 3.379449 ], [ 9.832006, 3.380059 ], [ 9.831378, 3.380627 ], [ 9.830731, 3.381343 ], [ 9.830166, 3.381721 ], [ 9.829518, 3.382184 ], [ 9.829079, 3.382521 ], [ 9.828348, 3.383026 ], [ 9.827867, 3.383552 ], [ 9.827491, 3.384015 ], [ 9.827213, 3.384311 ], [ 9.826801, 3.384751 ], [ 9.826237, 3.385277 ], [ 9.82584, 3.385656 ], [ 9.825485, 3.385909 ], [ 9.824983, 3.386308 ], [ 9.824419, 3.387002 ], [ 9.824085, 3.387633 ], [ 9.823863, 3.387785 ], [ 9.823625, 3.387949 ], [ 9.823333, 3.388727 ], [ 9.823019, 3.389295 ], [ 9.822769, 3.389715 ], [ 9.822539, 3.390094 ], [ 9.822142, 3.390536 ], [ 9.822121, 3.390914 ], [ 9.821829, 3.391251 ], [ 9.821473, 3.391566 ], [ 9.821034, 3.392029 ], [ 9.820616, 3.392429 ], [ 9.820178, 3.392766 ], [ 9.819739, 3.393102 ], [ 9.819404, 3.393292 ], [ 9.818965, 3.393755 ], [ 9.818443, 3.394239 ], [ 9.818108, 3.394743 ], [ 9.817816, 3.39508 ], [ 9.817293, 3.395501 ], [ 9.817105, 3.395627 ], [ 9.816583, 3.396132 ], [ 9.816332, 3.3963 ], [ 9.816018, 3.396637 ], [ 9.815621, 3.397037 ], [ 9.815287, 3.39731 ], [ 9.815182, 3.397457 ], [ 9.81489, 3.39771 ], [ 9.814555, 3.398025 ], [ 9.814158, 3.398425 ], [ 9.813594, 3.398993 ], [ 9.813155, 3.399519 ], [ 9.812696, 3.400192 ], [ 9.812298, 3.400571 ], [ 9.811839, 3.401875 ], [ 9.81161, 3.402232 ], [ 9.81115, 3.402926 ], [ 9.810607, 3.403557 ], [ 9.810126, 3.404209 ], [ 9.809729, 3.404693 ], [ 9.809457, 3.404903 ], [ 9.808893, 3.405514 ], [ 9.808329, 3.405997 ], [ 9.807848, 3.40646 ], [ 9.8072, 3.406944 ], [ 9.806636, 3.407428 ], [ 9.806322, 3.407765 ], [ 9.806134, 3.40808 ], [ 9.80557, 3.408354 ], [ 9.805194, 3.408985 ], [ 9.804588, 3.409553 ], [ 9.804149, 3.410037 ], [ 9.803919, 3.410331 ], [ 9.803564, 3.410752 ], [ 9.803208, 3.411194 ], [ 9.802979, 3.411572 ], [ 9.802602, 3.41193 ], [ 9.802205, 3.412246 ], [ 9.801871, 3.412624 ], [ 9.80162, 3.413024 ], [ 9.801474, 3.413318 ], [ 9.801328, 3.413571 ], [ 9.80114, 3.413991 ], [ 9.800994, 3.414286 ], [ 9.800492, 3.414643 ], [ 9.79997, 3.415316 ], [ 9.799468, 3.416011 ], [ 9.799008, 3.416515 ], [ 9.79836, 3.416999 ], [ 9.797796, 3.417399 ], [ 9.797315, 3.417841 ], [ 9.796939, 3.418304 ], [ 9.796417, 3.418914 ], [ 9.79602, 3.41944 ], [ 9.795727, 3.420176 ], [ 9.795602, 3.420491 ], [ 9.79531, 3.420786 ], [ 9.795122, 3.42129 ], [ 9.794884, 3.421677 ], [ 9.79485, 3.421732 ], [ 9.794558, 3.422237 ], [ 9.79437, 3.422699 ], [ 9.794077, 3.423141 ], [ 9.793534, 3.423814 ], [ 9.793116, 3.424256 ], [ 9.792552, 3.424887 ], [ 9.792071, 3.425287 ], [ 9.79159, 3.425771 ], [ 9.791089, 3.426402 ], [ 9.790754, 3.426675 ], [ 9.790232, 3.426865 ], [ 9.790002, 3.427285 ], [ 9.789396, 3.427895 ], [ 9.788831, 3.4284 ], [ 9.788246, 3.428863 ], [ 9.787724, 3.429368 ], [ 9.787263, 3.429802 ], [ 9.787076, 3.429978 ], [ 9.786344, 3.430568 ], [ 9.78578, 3.431073 ], [ 9.785257, 3.431527 ], [ 9.785189, 3.431586 ], [ 9.784735, 3.432377 ], [ 9.784149, 3.432861 ], [ 9.783752, 3.433386 ], [ 9.783125, 3.434018 ], [ 9.782561, 3.434628 ], [ 9.782331, 3.435069 ], [ 9.782102, 3.435574 ], [ 9.781726, 3.436163 ], [ 9.781308, 3.436962 ], [ 9.781015, 3.43732 ], [ 9.780242, 3.43793 ], [ 9.779887, 3.438182 ], [ 9.779364, 3.438414 ], [ 9.778799, 3.438604 ], [ 9.778235, 3.438856 ], [ 9.777984, 3.439151 ], [ 9.777545, 3.439635 ], [ 9.777085, 3.439845 ], [ 9.776667, 3.440329 ], [ 9.776353, 3.440645 ], [ 9.775977, 3.441149 ], [ 9.775476, 3.441886 ], [ 9.774911, 3.44239 ], [ 9.774682, 3.442685 ], [ 9.774431, 3.443064 ], [ 9.77418, 3.443442 ], [ 9.773553, 3.444073 ], [ 9.773072, 3.444494 ], [ 9.772801, 3.444704 ], [ 9.772672, 3.444852 ], [ 9.772341, 3.44523 ], [ 9.772069, 3.445609 ], [ 9.771777, 3.446051 ], [ 9.771275, 3.446408 ], [ 9.771003, 3.446724 ], [ 9.770648, 3.447166 ], [ 9.770481, 3.44746 ], [ 9.770293, 3.447754 ], [ 9.769979, 3.448154 ], [ 9.769019, 3.449143 ], [ 9.768192, 3.449952 ], [ 9.767413, 3.450715 ], [ 9.766834, 3.451282 ], [ 9.766138, 3.451962 ], [ 9.765359, 3.452724 ], [ 9.764744, 3.452828 ], [ 9.764214, 3.453845 ], [ 9.763111, 3.454307 ], [ 9.76246, 3.455561 ], [ 9.761184, 3.456148 ], [ 9.759126, 3.457562 ], [ 9.758571, 3.45816 ], [ 9.758057, 3.458888 ], [ 9.757619, 3.459769 ], [ 9.757238, 3.46067 ], [ 9.75666, 3.461235 ], [ 9.756014, 3.461868 ], [ 9.755011, 3.462567 ], [ 9.754116, 3.463295 ], [ 9.753278, 3.463755 ], [ 9.752193, 3.464829 ], [ 9.751374, 3.465729 ], [ 9.750498, 3.466668 ], [ 9.749184, 3.46801 ], [ 9.748232, 3.469025 ], [ 9.747547, 3.469485 ], [ 9.746576, 3.470482 ], [ 9.745757, 3.471152 ], [ 9.745129, 3.471996 ], [ 9.743986, 3.473126 ], [ 9.743263, 3.473797 ], [ 9.742577, 3.474219 ], [ 9.741815, 3.474602 ], [ 9.741021, 3.475125 ], [ 9.740369, 3.475208 ], [ 9.737577, 3.477015 ], [ 9.735284, 3.478721 ], [ 9.732992, 3.481128 ], [ 9.730999, 3.483435 ], [ 9.728906, 3.485742 ], [ 9.726413, 3.487749 ], [ 9.7259, 3.487659 ], [ 9.725138, 3.487827 ], [ 9.72478, 3.487828 ], [ 9.72378, 3.488259 ], [ 9.722823, 3.488754 ], [ 9.72166, 3.489786 ], [ 9.720586, 3.490317 ], [ 9.719733, 3.491061 ], [ 9.719137, 3.49199 ], [ 9.718287, 3.492327 ], [ 9.717728, 3.492815 ], [ 9.717174, 3.493257 ], [ 9.716164, 3.493974 ], [ 9.715217, 3.494647 ], [ 9.714257, 3.495824 ], [ 9.713709, 3.49647 ], [ 9.713019, 3.497045 ], [ 9.712281, 3.497572 ], [ 9.711495, 3.498195 ], [ 9.710353, 3.498962 ], [ 9.709409, 3.499422 ], [ 9.709393, 3.499437 ], [ 9.707172, 3.501596 ], [ 9.70428, 3.503402 ], [ 9.702953, 3.504904 ], [ 9.702068, 3.505407 ], [ 9.701616, 3.505886 ], [ 9.700735, 3.506557 ], [ 9.699783, 3.507252 ], [ 9.698695, 3.508299 ], [ 9.698674, 3.508311 ], [ 9.695806, 3.509924 ], [ 9.693912, 3.511629 ], [ 9.69122, 3.514037 ], [ 9.689525, 3.515141 ], [ 9.687332, 3.517347 ], [ 9.68504, 3.519554 ], [ 9.682447, 3.520559 ], [ 9.680852, 3.522063 ], [ 9.678858, 3.523368 ], [ 9.676964, 3.525073 ], [ 9.67487, 3.526879 ], [ 9.672875, 3.527783 ], [ 9.670581, 3.528285 ], [ 9.667712, 3.531013 ], [ 9.667606, 3.531113 ], [ 9.666993, 3.531696 ], [ 9.663403, 3.534405 ], [ 9.661209, 3.535309 ], [ 9.659315, 3.536112 ], [ 9.658966, 3.53616 ], [ 9.658416, 3.53591 ], [ 9.657311, 3.535719 ], [ 9.656148, 3.535778 ], [ 9.655215, 3.536142 ], [ 9.654014, 3.536277 ], [ 9.652966, 3.536393 ], [ 9.652052, 3.536968 ], [ 9.651157, 3.537754 ], [ 9.650891, 3.538635 ], [ 9.65051, 3.539401 ], [ 9.650511, 3.540703 ], [ 9.650817, 3.541603 ], [ 9.651332, 3.542617 ], [ 9.651733, 3.543229 ], [ 9.652324, 3.54388 ], [ 9.652896, 3.544646 ], [ 9.653659, 3.545296 ], [ 9.654803, 3.545889 ], [ 9.655775, 3.546348 ], [ 9.65749, 3.54671 ], [ 9.659072, 3.546996 ], [ 9.660196, 3.546977 ], [ 9.661531, 3.547071 ], [ 9.662121, 3.547033 ], [ 9.663169, 3.546879 ], [ 9.664027, 3.546916 ] ] ], [ [ [ 9.814425, 3.906674 ], [ 9.814302, 3.906713 ], [ 9.81423, 3.906674 ], [ 9.814425, 3.906674 ] ] ] ] } }
]
}
