{
"type": "FeatureCollection",
"name": "permis_miniers_minfof2018",
"xy_coordinate_resolution": 1e-06,
"features": [
{ "type": "Feature", "properties": { "tg_type": "FON.CONCESSION", "nom": null, "source_id": "A586231B-FEF9-41AE-9521-D4AC2B0CA977", "source": "MINFOF_WRI_ATLAS_FORESTIER_SIG_2018", "statut": "IMPORTE", "date_source": "2015-11-30", "regime_tg": null, "categorie": "permis_exploitation_miniere", "desc_type": "Permis d'exploitation", "num_lic": null, "minerais": "ni_co", "date_attr": "2003-04-11", "date_expr": "2028-04-10", "sup_adm_km2": 1250.0, "sup_sig_km2": null }, "geometry": { "type": "MultiPolygon", "coordinates": [ [ [ [ 13.995384, 3.250382 ], [ 13.995218, 3.409674 ], [ 14.089438, 3.324555 ], [ 14.090188, 3.095812 ], [ 14.136049, 3.025917 ], [ 14.136687, 2.895238 ], [ 13.948607, 2.823176 ], [ 13.851498, 2.822926 ], [ 13.861387, 2.707165 ], [ 13.948385, 2.711888 ], [ 13.948469, 2.82237 ], [ 14.136549, 2.89471 ], [ 14.232602, 2.896405 ], [ 14.229325, 3.379977 ], [ 14.155826, 3.379921 ], [ 13.977024, 3.49921 ], [ 13.783944, 3.499682 ], [ 13.784194, 3.247409 ], [ 13.995384, 3.250382 ] ] ] ] } },
{ "type": "Feature", "properties": { "tg_type": "FON.CONCESSION", "nom": null, "source_id": "A9908D69-C24E-4600-8B4A-21479E575A87", "source": "MINFOF_WRI_ATLAS_FORESTIER_SIG_2018", "statut": "IMPORTE", "date_source": "2015-11-30", "regime_tg": null, "categorie": "permis_exploitation_miniere", "desc_type": "Permis d'exploitation", "num_lic": null, "minerais": "mar", "date_attr": "2005-05-31", "date_expr": "2030-05-30", "sup_adm_km2": 0.12, "sup_sig_km2": null }, "geometry": { "type": "MultiPolygon", "coordinates": [ [ [ [ 14.10936, 9.870614 ], [ 14.105749, 9.870614 ], [ 14.106582, 9.868114 ], [ 14.110193, 9.869225 ], [ 14.10936, 9.870614 ] ] ] ] } },
{ "type": "Feature", "properties": { "tg_type": "FON.CONCESSION", "nom": null, "source_id": "BEA26364-8DF4-49B5-A679-4F2C3C1E3D4B", "source": "MINFOF_WRI_ATLAS_FORESTIER_SIG_2018", "statut": "IMPORTE", "date_source": "2015-11-30", "regime_tg": null, "categorie": "permis_exploitation_miniere", "desc_type": "Permis d'exploitation", "num_lic": null, "minerais": "mar", "date_attr": "2005-05-31", "date_expr": "2030-05-30", "sup_adm_km2": 0.21, "sup_sig_km2": null }, "geometry": { "type": "MultiPolygon", "coordinates": [ [ [ [ 14.109638, 9.899505 ], [ 14.104915, 9.897283 ], [ 14.106304, 9.894227 ], [ 14.111304, 9.896727 ], [ 14.109638, 9.899505 ] ] ] ] } },
{ "type": "Feature", "properties": { "tg_type": "FON.CONCESSION", "nom": null, "source_id": "A7EECC2A-DD18-47BA-A9CD-CC5518D77A54", "source": "MINFOF_WRI_ATLAS_FORESTIER_SIG_2018", "statut": "IMPORTE", "date_source": "2015-06-19", "regime_tg": null, "categorie": "permis_exploitation_miniere", "desc_type": "Permis d'exploitation", "num_lic": null, "minerais": "dia", "date_attr": "2010-12-16", "date_expr": "1935-12-15", "sup_adm_km2": 236.25, "sup_sig_km2": null }, "geometry": { "type": "MultiPolygon", "coordinates": [ [ [ [ 15.561489, 3.378085 ], [ 15.499731, 3.316154 ], [ 15.645801, 3.149452 ], [ 15.704093, 3.212942 ], [ 15.561489, 3.378085 ] ] ] ] } },
{ "type": "Feature", "properties": { "tg_type": "FON.CONCESSION", "nom": null, "source_id": "302131FF-119A-456D-839D-2C2440474147", "source": "MINFOF_WRI_ATLAS_FORESTIER_SIG_2018", "statut": "IMPORTE", "date_source": "2015-06-19", "regime_tg": null, "categorie": "permis_recherche_miniere", "desc_type": "Permis de recherche", "num_lic": null, "minerais": "general", "date_attr": "2009-04-24", "date_expr": "2012-04-23", "sup_adm_km2": 984.7, "sup_sig_km2": null }, "geometry": { "type": "MultiPolygon", "coordinates": [ [ [ [ 12.882989, 6.392807 ], [ 13.136318, 6.437255 ], [ 13.13854, 6.554765 ], [ 13.319926, 6.554765 ], [ 13.294649, 6.730614 ], [ 13.071597, 6.635606 ], [ 12.851878, 6.580323 ], [ 12.882989, 6.392807 ] ] ] ] } },
{ "type": "Feature", "properties": { "tg_type": "FON.CONCESSION", "nom": null, "source_id": "86F86297-7BC5-4540-ACBE-FD93B89F77FB", "source": "MINFOF_WRI_ATLAS_FORESTIER_SIG_2018", "statut": "IMPORTE", "date_source": "2015-11-30", "regime_tg": null, "categorie": "permis_recherche_miniere", "desc_type": "Permis de recherche", "num_lic": null, "minerais": "fer", "date_attr": "2010-08-12", "date_expr": "2013-08-11", "sup_adm_km2": 934.42, "sup_sig_km2": null }, "geometry": { "type": "MultiPolygon", "coordinates": [ [ [ [ 13.821572, 9.115923 ], [ 14.149061, 9.452841 ], [ 14.015589, 9.610969 ], [ 13.765595, 9.264111 ], [ 13.821572, 9.115923 ] ] ] ] } },
{ "type": "Feature", "properties": { "tg_type": "FON.CONCESSION", "nom": null, "source_id": "0E3217DE-2A6D-44BE-ACFE-A082E3B71A42", "source": "MINFOF_WRI_ATLAS_FORESTIER_SIG_2018", "statut": "IMPORTE", "date_source": "2015-11-30", "regime_tg": null, "categorie": "permis_recherche_miniere", "desc_type": "Permis de recherche", "num_lic": null, "minerais": "p_preciseuse", "date_attr": "2011-10-14", "date_expr": "2013-10-13", "sup_adm_km2": 500.0, "sup_sig_km2": null }, "geometry": { "type": "MultiPolygon", "coordinates": [ [ [ [ 12.233278, 6.679777 ], [ 12.49994, 6.854793 ], [ 12.399942, 7.000639 ], [ 12.041615, 7.000639 ], [ 12.04717, 6.883962 ], [ 12.233278, 6.679777 ] ] ] ] } },
{ "type": "Feature", "properties": { "tg_type": "FON.CONCESSION", "nom": null, "source_id": "89E55491-A343-42DC-8153-6FCF5D9820A5", "source": "MINFOF_WRI_ATLAS_FORESTIER_SIG_2018", "statut": "IMPORTE", "date_source": "2015-11-30", "regime_tg": null, "categorie": "permis_recherche_miniere", "desc_type": "Permis de recherche", "num_lic": null, "minerais": "p_preciseuse", "date_attr": "2011-10-14", "date_expr": "2013-10-13", "sup_adm_km2": 376.0, "sup_sig_km2": null }, "geometry": { "type": "MultiPolygon", "coordinates": [ [ [ [ 14.149911, 6.099446 ], [ 14.149911, 5.850535 ], [ 14.41824, 5.850534 ], [ 14.41824, 6.043885 ], [ 14.427684, 6.03944 ], [ 14.422129, 6.079722 ], [ 14.473517, 6.099446 ], [ 14.149911, 6.099446 ] ] ] ] } },
{ "type": "Feature", "properties": { "tg_type": "FON.CONCESSION", "nom": null, "source_id": "AFAE5FA3-34AF-4438-9435-356DE626EDDC", "source": "MINFOF_WRI_ATLAS_FORESTIER_SIG_2018", "statut": "IMPORTE", "date_source": "2015-11-30", "regime_tg": null, "categorie": "permis_recherche_miniere", "desc_type": "Permis de recherche", "num_lic": null, "minerais": "p_preciseuse", "date_attr": "2011-11-16", "date_expr": "2013-11-15", "sup_adm_km2": 1000.0, "sup_sig_km2": null }, "geometry": { "type": "MultiPolygon", "coordinates": [ [ [ [ 14.337407, 5.158805 ], [ 14.387406, 5.196309 ], [ 14.387406, 5.367157 ], [ 14.01658, 5.400494 ], [ 14.01658, 5.308819 ], [ 14.208243, 5.158805 ], [ 14.337407, 5.158805 ] ] ] ] } },
{ "type": "Feature", "properties": { "tg_type": "FON.CONCESSION", "nom": null, "source_id": "25123B10-3130-4CCA-B68B-2D068E18FC4D", "source": "MINFOF_WRI_ATLAS_FORESTIER_SIG_2018", "statut": "IMPORTE", "date_source": "2015-11-30", "regime_tg": null, "categorie": "permis_recherche_miniere", "desc_type": "Permis de recherche", "num_lic": null, "minerais": "p_preciseuse", "date_attr": "2011-11-16", "date_expr": "2013-11-15", "sup_adm_km2": 1000.0, "sup_sig_km2": null }, "geometry": { "type": "MultiPolygon", "coordinates": [ [ [ [ 14.816565, 4.254556 ], [ 14.816565, 4.375401 ], [ 14.92573, 4.459575 ], [ 14.770177, 4.576252 ], [ 14.729344, 4.576252 ], [ 14.729344, 4.583475 ], [ 14.604069, 4.583753 ], [ 14.604069, 4.254556 ], [ 14.816565, 4.254556 ] ] ] ] } },
{ "type": "Feature", "properties": { "tg_type": "FON.CONCESSION", "nom": null, "source_id": "23B62B3F-ACCE-40C7-B384-3F32AE41D479", "source": "MINFOF_WRI_ATLAS_FORESTIER_SIG_2018", "statut": "IMPORTE", "date_source": "2015-11-30", "regime_tg": null, "categorie": "permis_recherche_miniere", "desc_type": "Permis de recherche", "num_lic": null, "minerais": "p_preciseuse", "date_attr": "2009-06-24", "date_expr": "2012-06-23", "sup_adm_km2": 1000.0, "sup_sig_km2": null }, "geometry": { "type": "MultiPolygon", "coordinates": [ [ [ [ 14.299908, 4.843221 ], [ 14.18741, 4.7296 ], [ 14.220742, 4.471799 ], [ 14.468793, 4.571808 ], [ 14.537681, 4.47291 ], [ 14.591569, 4.335119 ], [ 14.604069, 4.254556 ], [ 14.604069, 4.583753 ], [ 14.515181, 4.588753 ], [ 14.299908, 4.843221 ] ] ] ] } },
{ "type": "Feature", "properties": { "tg_type": "FON.CONCESSION", "nom": null, "source_id": "1E04D5C8-5ECB-4120-8AAC-A1CE94D6864B", "source": "MINFOF_WRI_ATLAS_FORESTIER_SIG_2018", "statut": "IMPORTE", "date_source": "2015-11-30", "regime_tg": null, "categorie": "permis_recherche_miniere", "desc_type": "Permis de recherche", "num_lic": null, "minerais": "calcaire", "date_attr": "2010-08-11", "date_expr": "2013-08-10", "sup_adm_km2": 716.0, "sup_sig_km2": null }, "geometry": { "type": "MultiPolygon", "coordinates": [ [ [ [ 9.396271, 4.570781 ], [ 9.405549, 4.323536 ], [ 9.746265, 4.258725 ], [ 9.67281, 4.430026 ], [ 9.57249, 4.445686 ], [ 9.693043, 4.360123 ], [ 9.691655, 4.319008 ], [ 9.477769, 4.386792 ], [ 9.47027, 4.518471 ], [ 9.513602, 4.521805 ], [ 9.498602, 4.485412 ], [ 9.539157, 4.468188 ], [ 9.613345, 4.56748 ], [ 9.396271, 4.570781 ] ] ] ] } },
{ "type": "Feature", "properties": { "tg_type": "FON.CONCESSION", "nom": null, "source_id": "258ED846-0E02-419B-9472-6EEEB34D75B2", "source": "MINFOF_WRI_ATLAS_FORESTIER_SIG_2018", "statut": "IMPORTE", "date_source": "2015-06-19", "regime_tg": null, "categorie": "permis_recherche_miniere", "desc_type": "Permis de recherche", "num_lic": null, "minerais": "rutile", "date_attr": "2011-12-02", "date_expr": "2013-12-01", "sup_adm_km2": 300.0, "sup_sig_km2": null }, "geometry": { "type": "MultiPolygon", "coordinates": [ [ [ [ 14.017413, 4.792106 ], [ 14.122133, 4.667094 ], [ 14.395739, 4.931007 ], [ 14.39574, 5.20881 ], [ 14.017413, 4.792106 ] ] ] ] } },
{ "type": "Feature", "properties": { "tg_type": "FON.CONCESSION", "nom": null, "source_id": "62D9C639-0BF9-4594-9F2F-490BA28EA4A6", "source": "MINFOF_WRI_ATLAS_FORESTIER_SIG_2018", "statut": "IMPORTE", "date_source": "2015-06-19", "regime_tg": null, "categorie": "permis_recherche_miniere", "desc_type": "Permis de recherche", "num_lic": null, "minerais": "general", "date_attr": "2010-09-16", "date_expr": "2013-09-15", "sup_adm_km2": 178.0, "sup_sig_km2": null }, "geometry": { "type": "MultiPolygon", "coordinates": [ [ [ [ 10.416642, 5.167141 ], [ 10.583306, 5.167141 ], [ 10.583306, 5.250482 ], [ 10.499974, 5.250482 ], [ 10.499974, 5.217145 ], [ 10.416642, 5.217146 ], [ 10.416642, 5.167141 ] ] ] ] } },
{ "type": "Feature", "properties": { "tg_type": "FON.CONCESSION", "nom": null, "source_id": "AB96A498-9FF1-480D-8623-3C74BD336DC7", "source": "MINFOF_WRI_ATLAS_FORESTIER_SIG_2018", "statut": "IMPORTE", "date_source": "2015-06-19", "regime_tg": null, "categorie": "permis_recherche_miniere", "desc_type": "Permis de recherche", "num_lic": null, "minerais": "general", "date_attr": null, "date_expr": null, "sup_adm_km2": null, "sup_sig_km2": null }, "geometry": { "type": "MultiPolygon", "coordinates": [ [ [ [ 10.800574, 4.865613 ], [ 10.624461, 4.941868 ], [ 10.443461, 4.983774 ], [ 10.363221, 4.885174 ], [ 10.465411, 4.759915 ], [ 10.630638, 4.627036 ], [ 10.800574, 4.865613 ] ] ] ] } },
{ "type": "Feature", "properties": { "tg_type": "FON.CONCESSION", "nom": null, "source_id": "699CAE1E-CE2A-4261-A758-128CA3AC2661", "source": "MINFOF_WRI_ATLAS_FORESTIER_SIG_2018", "statut": "IMPORTE", "date_source": "2015-11-30", "regime_tg": null, "categorie": "permis_recherche_miniere", "desc_type": "Permis de recherche", "num_lic": null, "minerais": "p_preciseuse", "date_attr": "2010-09-06", "date_expr": "2012-09-05", "sup_adm_km2": null, "sup_sig_km2": null }, "geometry": { "type": "MultiPolygon", "coordinates": [ [ [ [ 12.141613, 7.000639 ], [ 12.324943, 7.000639 ], [ 12.799935, 7.265385 ], [ 12.862712, 7.367338 ], [ 12.751603, 7.402342 ], [ 12.141613, 7.000639 ] ] ] ] } },
{ "type": "Feature", "properties": { "tg_type": "FON.CONCESSION", "nom": null, "source_id": "8B97C36A-0D3D-4319-A16E-8B7B2A6D07F2", "source": "MINFOF_WRI_ATLAS_FORESTIER_SIG_2018", "statut": "IMPORTE", "date_source": "2015-11-30", "regime_tg": null, "categorie": "permis_recherche_miniere", "desc_type": "Permis de recherche", "num_lic": null, "minerais": "p_preciseuse", "date_attr": "2009-11-09", "date_expr": "2012-11-08", "sup_adm_km2": 779.0, "sup_sig_km2": null }, "geometry": { "type": "MultiPolygon", "coordinates": [ [ [ [ 15.651549, 1.939067 ], [ 15.751825, 1.920732 ], [ 16.037653, 1.764884 ], [ 16.023209, 1.718213 ], [ 16.032653, 1.610148 ], [ 16.134873, 1.725158 ], [ 16.040431, 2.000461 ], [ 15.651549, 1.939067 ] ] ] ] } },
{ "type": "Feature", "properties": { "tg_type": "FON.CONCESSION", "nom": null, "source_id": "78549399-733F-43E9-956C-ABEE9128F552", "source": "MINFOF_WRI_ATLAS_FORESTIER_SIG_2018", "statut": "IMPORTE", "date_source": "2015-11-30", "regime_tg": null, "categorie": "permis_recherche_miniere", "desc_type": "Permis de recherche", "num_lic": null, "minerais": "p_preciseuse", "date_attr": "2009-11-16", "date_expr": "2012-11-15", "sup_adm_km2": 980.7, "sup_sig_km2": null }, "geometry": { "type": "MultiPolygon", "coordinates": [ [ [ [ 14.449905, 4.991012 ], [ 14.679346, 4.991012 ], [ 14.694345, 5.109801 ], [ 14.664707, 5.200475 ], [ 14.528237, 5.282705 ], [ 14.575459, 5.383825 ], [ 14.449905, 5.383826 ], [ 14.449905, 4.991012 ] ] ] ] } },
{ "type": "Feature", "properties": { "tg_type": "FON.CONCESSION", "nom": null, "source_id": "9C8EB6EC-65FF-4D06-929B-4E2C179E1ADF", "source": "MINFOF_WRI_ATLAS_FORESTIER_SIG_2018", "statut": "IMPORTE", "date_source": "2015-11-30", "regime_tg": null, "categorie": "permis_recherche_miniere", "desc_type": "Permis de recherche", "num_lic": null, "minerais": "fer", "date_attr": null, "date_expr": null, "sup_adm_km2": null, "sup_sig_km2": null }, "geometry": { "type": "MultiPolygon", "coordinates": [ [ [ [ 10.301422, 3.031696 ], [ 10.365561, 3.029947 ], [ 10.368032, 3.073061 ], [ 10.408031, 3.074728 ], [ 10.472752, 3.117787 ], [ 10.601361, 3.084728 ], [ 10.614972, 3.021945 ], [ 10.786997, 3.031751 ], [ 10.670915, 3.266856 ], [ 10.551445, 3.165653 ], [ 10.358004, 3.170459 ], [ 10.301811, 3.116092 ], [ 10.301422, 3.031696 ] ] ] ] } },
{ "type": "Feature", "properties": { "tg_type": "FON.CONCESSION", "nom": null, "source_id": "BE4C7D8B-222E-4D52-B9CA-BC817B1435F2", "source": "MINFOF_WRI_ATLAS_FORESTIER_SIG_2018", "statut": "IMPORTE", "date_source": "2015-06-19", "regime_tg": null, "categorie": "permis_recherche_miniere", "desc_type": "Permis de recherche", "num_lic": null, "minerais": "general", "date_attr": "2010-10-13", "date_expr": null, "sup_adm_km2": null, "sup_sig_km2": null }, "geometry": { "type": "MultiPolygon", "coordinates": [ [ [ [ 14.999894, 3.16529 ], [ 14.999894, 2.882209 ], [ 14.877952, 2.891376 ], [ 14.873786, 3.077227 ], [ 14.812398, 3.07306 ], [ 14.912396, 2.313351 ], [ 15.807102, 2.447446 ], [ 15.807102, 2.547456 ], [ 15.699882, 2.602044 ], [ 15.583217, 2.600238 ], [ 15.566551, 2.664133 ], [ 15.416553, 2.666911 ], [ 15.413887, 2.804257 ], [ 15.582884, 2.804257 ], [ 15.582884, 2.756253 ], [ 15.696882, 2.762253 ], [ 15.702882, 2.810257 ], [ 15.866545, 2.800256 ], [ 15.866545, 2.750252 ], [ 15.999876, 2.750252 ], [ 15.998876, 2.661244 ], [ 16.058875, 2.655243 ], [ 16.05914, 2.716618 ], [ 16.052875, 2.822258 ], [ 15.956877, 3.000275 ], [ 15.749881, 3.000275 ], [ 15.749881, 2.900266 ], [ 15.499885, 2.833593 ], [ 15.499885, 2.850261 ], [ 15.199891, 2.850261 ], [ 15.199891, 3.000275 ], [ 15.133781, 3.009998 ], [ 15.074337, 3.070837 ], [ 15.083226, 3.166957 ], [ 14.999894, 3.16529 ] ] ] ] } },
{ "type": "Feature", "properties": { "tg_type": "FON.CONCESSION", "nom": null, "source_id": "48AA5F92-B334-42D8-8A56-0032D891EE39", "source": "MINFOF_WRI_ATLAS_FORESTIER_SIG_2018", "statut": "IMPORTE", "date_source": "2015-11-30", "regime_tg": null, "categorie": "permis_recherche_miniere", "desc_type": "Permis de recherche", "num_lic": null, "minerais": "ni_co", "date_attr": "2009-01-19", "date_expr": "2012-01-18", "sup_adm_km2": 1000.0, "sup_sig_km2": null }, "geometry": { "type": "MultiPolygon", "coordinates": [ [ [ [ 14.306298, 7.000082 ], [ 14.305187, 6.778118 ], [ 14.669069, 6.772284 ], [ 14.670181, 6.999804 ], [ 14.306298, 7.000082 ] ] ] ] } },
{ "type": "Feature", "properties": { "tg_type": "FON.CONCESSION", "nom": null, "source_id": "96F94711-7794-4DB4-9C83-5379253E4272", "source": "MINFOF_WRI_ATLAS_FORESTIER_SIG_2018", "statut": "IMPORTE", "date_source": "2015-06-19", "regime_tg": null, "categorie": "permis_recherche_miniere", "desc_type": "Permis de recherche", "num_lic": null, "minerais": "general", "date_attr": "2011-02-15", "date_expr": "2013-02-14", "sup_adm_km2": 296.45, "sup_sig_km2": null }, "geometry": { "type": "MultiPolygon", "coordinates": [ [ [ [ 14.362962, 4.530693 ], [ 14.319907, 4.425961 ], [ 14.235742, 4.426517 ], [ 14.262408, 4.346232 ], [ 14.38685, 4.27567 ], [ 14.505182, 4.365678 ], [ 14.504071, 4.522636 ], [ 14.470182, 4.57153 ], [ 14.362962, 4.530693 ] ] ] ] } },
{ "type": "Feature", "properties": { "tg_type": "FON.CONCESSION", "nom": null, "source_id": "BA4DFD63-332A-4D6F-89C7-C8C50B62AB73", "source": "MINFOF_WRI_ATLAS_FORESTIER_SIG_2018", "statut": "IMPORTE", "date_source": "2015-11-30", "regime_tg": null, "categorie": "permis_recherche_miniere", "desc_type": "Permis de recherche", "num_lic": null, "minerais": "ni_co", "date_attr": "2010-07-28", "date_expr": "2013-07-27", "sup_adm_km2": 1000.0, "sup_sig_km2": null }, "geometry": { "type": "MultiPolygon", "coordinates": [ [ [ [ 14.231254, 8.801426 ], [ 14.424908, 8.578 ], [ 14.42597, 8.670658 ], [ 14.557904, 8.755052 ], [ 14.580812, 8.957264 ], [ 14.3092, 8.963962 ], [ 14.231254, 8.801426 ] ] ] ] } },
{ "type": "Feature", "properties": { "tg_type": "FON.CONCESSION", "nom": null, "source_id": "A4A07877-5EED-41FE-9334-E7556B8D11F3", "source": "MINFOF_WRI_ATLAS_FORESTIER_SIG_2018", "statut": "IMPORTE", "date_source": "2015-11-30", "regime_tg": null, "categorie": "permis_recherche_miniere", "desc_type": "Permis de recherche", "num_lic": null, "minerais": "ni_co", "date_attr": "2010-08-03", "date_expr": "2013-08-02", "sup_adm_km2": 983.3, "sup_sig_km2": null }, "geometry": { "type": "MultiPolygon", "coordinates": [ [ [ [ 13.783805, 3.500321 ], [ 14.126577, 3.500321 ], [ 14.12491, 3.73562 ], [ 13.783527, 3.733676 ], [ 13.783805, 3.500321 ] ] ] ] } },
{ "type": "Feature", "properties": { "tg_type": "FON.CONCESSION", "nom": null, "source_id": "1BC82726-AEDE-47BC-A14B-86C51D212EE7", "source": "MINFOF_WRI_ATLAS_FORESTIER_SIG_2018", "statut": "IMPORTE", "date_source": "2015-11-30", "regime_tg": null, "categorie": "permis_recherche_miniere", "desc_type": "Permis de recherche", "num_lic": null, "minerais": "or", "date_attr": "2010-08-03", "date_expr": "2013-08-02", "sup_adm_km2": 1000.0, "sup_sig_km2": null }, "geometry": { "type": "MultiPolygon", "coordinates": [ [ [ [ 14.999895, 3.713396 ], [ 14.999894, 3.350307 ], [ 15.083226, 3.350307 ], [ 15.247946, 3.468929 ], [ 15.247946, 3.713396 ], [ 14.999895, 3.713396 ] ] ] ] } },
{ "type": "Feature", "properties": { "tg_type": "FON.CONCESSION", "nom": null, "source_id": "62040A55-5797-4D65-89F9-6CE03AF41DD4", "source": "MINFOF_WRI_ATLAS_FORESTIER_SIG_2018", "statut": "IMPORTE", "date_source": "2015-11-30", "regime_tg": null, "categorie": "permis_recherche_miniere", "desc_type": "Permis de recherche", "num_lic": null, "minerais": "calcaire", "date_attr": "2009-09-29", "date_expr": "2011-09-28", "sup_adm_km2": 500.0, "sup_sig_km2": null }, "geometry": { "type": "MultiPolygon", "coordinates": [ [ [ [ 13.192982, 2.870542 ], [ 13.197982, 2.831927 ], [ 13.197982, 2.750253 ], [ 13.499921, 2.750253 ], [ 13.499921, 2.916935 ], [ 13.411034, 2.916935 ], [ 13.192982, 2.870542 ] ] ] ] } },
{ "type": "Feature", "properties": { "tg_type": "FON.CONCESSION", "nom": null, "source_id": "80A4FD33-E651-40E2-908C-34FDFF185B66", "source": "MINFOF_WRI_ATLAS_FORESTIER_SIG_2018", "statut": "IMPORTE", "date_source": "2015-11-30", "regime_tg": null, "categorie": "permis_recherche_miniere", "desc_type": "Permis de recherche", "num_lic": null, "minerais": "p_preciseuse", "date_attr": "2010-07-07", "date_expr": "2013-07-06", "sup_adm_km2": 991.0, "sup_sig_km2": null }, "geometry": { "type": "MultiPolygon", "coordinates": [ [ [ [ 14.799898, 3.266966 ], [ 14.799898, 3.083616 ], [ 14.88323, 3.083616 ], [ 14.88323, 2.883598 ], [ 14.999894, 2.883598 ], [ 14.999894, 3.166957 ], [ 15.083226, 3.166957 ], [ 15.083226, 3.350307 ], [ 14.949895, 3.350307 ], [ 14.949895, 3.266966 ], [ 14.799898, 3.266966 ] ] ] ] } },
{ "type": "Feature", "properties": { "tg_type": "FON.CONCESSION", "nom": null, "source_id": "A45463B1-DFFE-42C3-B074-D25AA220D90F", "source": "MINFOF_WRI_ATLAS_FORESTIER_SIG_2018", "statut": "IMPORTE", "date_source": "2015-11-30", "regime_tg": null, "categorie": "permis_recherche_miniere", "desc_type": "Permis de recherche", "num_lic": null, "minerais": "p_preciseuse", "date_attr": "2010-07-07", "date_expr": "2013-07-06", "sup_adm_km2": 980.0, "sup_sig_km2": null }, "geometry": { "type": "MultiPolygon", "coordinates": [ [ [ [ 15.416553, 2.800257 ], [ 15.416553, 2.666911 ], [ 15.583217, 2.666911 ], [ 15.583217, 2.600238 ], [ 15.733214, 2.600238 ], [ 15.733214, 2.650243 ], [ 15.999876, 2.650243 ], [ 15.999876, 2.750252 ], [ 15.866545, 2.750252 ], [ 15.866545, 2.800256 ], [ 15.699882, 2.800257 ], [ 15.699882, 2.750252 ], [ 15.583217, 2.750252 ], [ 15.583217, 2.800257 ], [ 15.416553, 2.800257 ] ] ] ] } },
{ "type": "Feature", "properties": { "tg_type": "FON.CONCESSION", "nom": null, "source_id": "9A707306-4074-463E-8D9D-A7FA4218A179", "source": "MINFOF_WRI_ATLAS_FORESTIER_SIG_2018", "statut": "IMPORTE", "date_source": "2015-11-30", "regime_tg": null, "categorie": "permis_recherche_miniere", "desc_type": "Permis de recherche", "num_lic": null, "minerais": "p_preciseuse", "date_attr": "2010-07-07", "date_expr": "2013-07-06", "sup_adm_km2": 964.2, "sup_sig_km2": null }, "geometry": { "type": "MultiPolygon", "coordinates": [ [ [ [ 14.349906, 2.450225 ], [ 14.349906, 2.300211 ], [ 14.449904, 2.300211 ], [ 14.449904, 2.200202 ], [ 14.699899, 2.200202 ], [ 14.699899, 2.350216 ], [ 14.6499, 2.350216 ], [ 14.6499, 2.50023 ], [ 14.499903, 2.50023 ], [ 14.499903, 2.451614 ], [ 14.349906, 2.450225 ] ] ] ] } },
{ "type": "Feature", "properties": { "tg_type": "FON.CONCESSION", "nom": null, "source_id": "62282AAD-BBEA-4208-A2F9-249A246D4867", "source": "MINFOF_WRI_ATLAS_FORESTIER_SIG_2018", "statut": "IMPORTE", "date_source": "2015-11-30", "regime_tg": null, "categorie": "permis_recherche_miniere", "desc_type": "Permis de recherche", "num_lic": null, "minerais": "p_preciseuse", "date_attr": "2010-08-24", "date_expr": "2013-08-23", "sup_adm_km2": 942.2, "sup_sig_km2": null }, "geometry": { "type": "MultiPolygon", "coordinates": [ [ [ [ 14.706038, 3.108257 ], [ 14.79582, 3.085419 ], [ 14.795784, 3.269466 ], [ 14.945645, 3.270658 ], [ 14.945634, 3.464667 ], [ 14.781746, 3.467576 ], [ 14.597513, 3.314537 ], [ 14.706038, 3.108257 ] ] ] ] } },
{ "type": "Feature", "properties": { "tg_type": "FON.CONCESSION", "nom": null, "source_id": "0DA5F856-8350-415F-B229-3654FCB9586B", "source": "MINFOF_WRI_ATLAS_FORESTIER_SIG_2018", "statut": "IMPORTE", "date_source": "2015-06-19", "regime_tg": null, "categorie": "permis_recherche_miniere", "desc_type": "Permis de recherche", "num_lic": null, "minerais": "bauxite", "date_attr": null, "date_expr": null, "sup_adm_km2": null, "sup_sig_km2": null }, "geometry": { "type": "MultiPolygon", "coordinates": [ [ [ [ 10.338033, 5.682743 ], [ 10.150813, 5.490226 ], [ 10.15998, 5.355214 ], [ 10.112759, 5.268817 ], [ 10.221368, 5.268817 ], [ 10.268311, 5.316043 ], [ 10.315533, 5.316043 ], [ 10.311922, 5.417997 ], [ 10.399976, 5.41883 ], [ 10.364699, 5.500505 ], [ 10.338033, 5.682743 ] ] ] ] } },
{ "type": "Feature", "properties": { "tg_type": "FON.CONCESSION", "nom": null, "source_id": "6258F773-3EE9-4660-BCCE-5E2D3DE521B0", "source": "MINFOF_WRI_ATLAS_FORESTIER_SIG_2018", "statut": "IMPORTE", "date_source": "2015-11-30", "regime_tg": null, "categorie": "permis_recherche_miniere", "desc_type": "Permis de recherche", "num_lic": null, "minerais": "ni_co", "date_attr": "2010-12-15", "date_expr": "2012-12-14", "sup_adm_km2": 864.0, "sup_sig_km2": null }, "geometry": { "type": "MultiPolygon", "coordinates": [ [ [ [ 14.564346, 2.834149 ], [ 14.838508, 2.842483 ], [ 14.812398, 3.07306 ], [ 14.564069, 3.14251 ], [ 14.564346, 2.834149 ] ] ] ] } },
{ "type": "Feature", "properties": { "tg_type": "FON.CONCESSION", "nom": null, "source_id": "90265718-9516-4538-AE28-DCF7514C0AEC", "source": "MINFOF_WRI_ATLAS_FORESTIER_SIG_2018", "statut": "IMPORTE", "date_source": "2015-11-30", "regime_tg": null, "categorie": "permis_recherche_miniere", "desc_type": "Permis de recherche", "num_lic": null, "minerais": "p_preciseuse", "date_attr": "2010-07-06", "date_expr": "2012-07-05", "sup_adm_km2": null, "sup_sig_km2": null }, "geometry": { "type": "MultiPolygon", "coordinates": [ [ [ [ 13.904082, 5.611624 ], [ 13.883249, 5.467167 ], [ 13.911026, 5.428274 ], [ 14.329074, 5.711633 ], [ 14.391573, 5.783862 ], [ 14.377685, 5.850535 ], [ 14.341574, 5.850535 ], [ 14.020746, 5.721356 ], [ 13.904082, 5.611624 ] ] ] ] } },
{ "type": "Feature", "properties": { "tg_type": "FON.CONCESSION", "nom": null, "source_id": "792C57E8-E3E5-456A-9C75-2E0577BA81CD", "source": "MINFOF_WRI_ATLAS_FORESTIER_SIG_2018", "statut": "IMPORTE", "date_source": "2015-06-19", "regime_tg": null, "categorie": "permis_recherche_miniere", "desc_type": "Permis de recherche", "num_lic": null, "minerais": "general", "date_attr": "2011-07-18", "date_expr": "2013-07-17", "sup_adm_km2": 241.6, "sup_sig_km2": null }, "geometry": { "type": "MultiPolygon", "coordinates": [ [ [ [ 12.073332, 3.037782 ], [ 12.049165, 3.027497 ], [ 12.07139, 2.99111 ], [ 12.101113, 2.962782 ], [ 12.093053, 2.92389 ], [ 12.119723, 2.907496 ], [ 12.136666, 2.856388 ], [ 12.178054, 2.836115 ], [ 12.195001, 2.844442 ], [ 12.271944, 2.796941 ], [ 12.329996, 2.795557 ], [ 12.223336, 2.88944 ], [ 12.207218, 2.927498 ], [ 12.159168, 2.956942 ], [ 12.180274, 2.966665 ], [ 12.16333, 2.991669 ], [ 12.139169, 2.981947 ], [ 12.073332, 3.037782 ] ] ] ] } },
{ "type": "Feature", "properties": { "tg_type": "FON.CONCESSION", "nom": null, "source_id": "37F39135-DF6A-420B-B623-1B3518E9BED2", "source": "MINFOF_WRI_ATLAS_FORESTIER_SIG_2018", "statut": "IMPORTE", "date_source": "2015-06-19", "regime_tg": null, "categorie": "permis_recherche_miniere", "desc_type": "Permis de recherche", "num_lic": null, "minerais": "general", "date_attr": "2010-07-06", "date_expr": "2012-07-05", "sup_adm_km2": 490.97, "sup_sig_km2": null }, "geometry": { "type": "MultiPolygon", "coordinates": [ [ [ [ 10.463745, 2.970504 ], [ 10.44412, 2.978571 ], [ 10.391138, 2.944332 ], [ 10.358032, 2.942493 ], [ 10.40442, 2.865819 ], [ 10.471641, 2.85304 ], [ 10.548584, 2.925729 ], [ 10.493307, 2.98972 ], [ 10.505087, 3.032691 ], [ 10.575968, 3.026118 ], [ 10.606479, 3.061122 ], [ 10.601361, 3.084728 ], [ 10.574286, 3.091688 ], [ 10.523912, 3.077106 ], [ 10.486792, 3.037131 ], [ 10.479654, 2.981452 ], [ 10.463745, 2.970504 ] ] ] ] } },
{ "type": "Feature", "properties": { "tg_type": "FON.CONCESSION", "nom": null, "source_id": "D411579A-AE9F-40A5-A258-E0D566DECB3F", "source": "MINFOF_WRI_ATLAS_FORESTIER_SIG_2018", "statut": "IMPORTE", "date_source": "2015-06-19", "regime_tg": null, "categorie": "permis_recherche_miniere", "desc_type": "Permis de recherche", "num_lic": null, "minerais": "bauxite", "date_attr": "2010-07-13", "date_expr": "2013-07-12", "sup_adm_km2": 1000.0, "sup_sig_km2": null }, "geometry": { "type": "MultiPolygon", "coordinates": [ [ [ [ 10.166647, 5.717191 ], [ 10.166647, 5.4505 ], [ 10.216646, 5.4505 ], [ 10.216646, 5.500505 ], [ 10.458308, 5.500505 ], [ 10.458308, 5.717191 ], [ 10.166647, 5.717191 ] ] ] ] } },
{ "type": "Feature", "properties": { "tg_type": "FON.CONCESSION", "nom": null, "source_id": "07CC6D51-993E-44BD-A0F4-665D7F3201F3", "source": "MINFOF_WRI_ATLAS_FORESTIER_SIG_2018", "statut": "IMPORTE", "date_source": "2015-06-19", "regime_tg": null, "categorie": "permis_recherche_miniere", "desc_type": "Permis de recherche", "num_lic": null, "minerais": "bauxite", "date_attr": "2010-08-12", "date_expr": "2013-08-11", "sup_adm_km2": 1000.0, "sup_sig_km2": null }, "geometry": { "type": "MultiPolygon", "coordinates": [ [ [ [ 10.224979, 5.500505 ], [ 10.224979, 5.217146 ], [ 10.499974, 5.217145 ], [ 10.499974, 5.500505 ], [ 10.224979, 5.500505 ] ] ] ] } },
{ "type": "Feature", "properties": { "tg_type": "FON.CONCESSION", "nom": null, "source_id": "02506B2D-822C-4517-9946-870B2F19DE08", "source": "MINFOF_WRI_ATLAS_FORESTIER_SIG_2018", "statut": "IMPORTE", "date_source": "2015-06-19", "regime_tg": null, "categorie": "permis_recherche_miniere", "desc_type": "Permis de recherche", "num_lic": null, "minerais": "bauxite", "date_attr": "2011-05-17", "date_expr": "2013-05-16", "sup_adm_km2": 1000.0, "sup_sig_km2": null }, "geometry": { "type": "MultiPolygon", "coordinates": [ [ [ [ 10.004427, 5.718858 ], [ 9.927206, 5.509672 ], [ 9.936373, 5.391606 ], [ 10.154425, 5.355214 ], [ 10.168035, 5.705245 ], [ 10.004427, 5.718858 ] ] ] ] } },
{ "type": "Feature", "properties": { "tg_type": "FON.CONCESSION", "nom": null, "source_id": "65625808-BD63-4665-9AB4-03E28D66ADDD", "source": "MINFOF_WRI_ATLAS_FORESTIER_SIG_2018", "statut": "IMPORTE", "date_source": "2015-06-19", "regime_tg": null, "categorie": "permis_recherche_miniere", "desc_type": "Permis de recherche", "num_lic": null, "minerais": "bauxite", "date_attr": "2009-09-09", "date_expr": "2012-09-08", "sup_adm_km2": 428.0, "sup_sig_km2": null }, "geometry": { "type": "MultiPolygon", "coordinates": [ [ [ [ 9.849985, 5.391606 ], [ 9.936373, 5.391606 ], [ 9.927206, 5.509672 ], [ 10.004427, 5.718858 ], [ 9.849985, 5.717191 ], [ 9.849985, 5.391606 ] ] ] ] } },
{ "type": "Feature", "properties": { "tg_type": "FON.CONCESSION", "nom": null, "source_id": "07544301-73CF-4CC6-85F3-B17773FB94FC", "source": "MINFOF_WRI_ATLAS_FORESTIER_SIG_2018", "statut": "IMPORTE", "date_source": "2015-11-30", "regime_tg": null, "categorie": "permis_recherche_miniere", "desc_type": "Permis de recherche", "num_lic": null, "minerais": "fer", "date_attr": "2010-07-08", "date_expr": "2013-07-07", "sup_adm_km2": 240.0, "sup_sig_km2": null }, "geometry": { "type": "MultiPolygon", "coordinates": [ [ [ [ 10.098592, 2.725251 ], [ 10.237478, 2.71275 ], [ 10.313866, 2.733585 ], [ 10.397198, 2.821093 ], [ 10.366643, 2.82526 ], [ 10.316644, 2.775256 ], [ 10.129147, 2.828038 ], [ 10.098592, 2.725251 ] ] ] ] } },
{ "type": "Feature", "properties": { "tg_type": "FON.CONCESSION", "nom": null, "source_id": "AC5B0D49-FCC8-4D76-9144-B175F3340F54", "source": "MINFOF_WRI_ATLAS_FORESTIER_SIG_2018", "statut": "IMPORTE", "date_source": "2015-11-30", "regime_tg": null, "categorie": "permis_recherche_miniere", "desc_type": "Permis de recherche", "num_lic": null, "minerais": "ni_co", "date_attr": "2008-05-09", "date_expr": "2011-05-08", "sup_adm_km2": 829.0, "sup_sig_km2": null }, "geometry": { "type": "MultiPolygon", "coordinates": [ [ [ [ 14.433238, 3.300303 ], [ 14.546291, 3.400312 ], [ 14.595735, 3.316971 ], [ 14.77851, 3.466984 ], [ 14.741566, 3.629499 ], [ 14.499903, 3.629499 ], [ 14.433238, 3.300303 ] ] ] ] } },
{ "type": "Feature", "properties": { "tg_type": "FON.CONCESSION", "nom": null, "source_id": "DF51013C-526D-417B-92A1-D76E29433205", "source": "MINFOF_WRI_ATLAS_FORESTIER_SIG_2018", "statut": "IMPORTE", "date_source": "2015-06-19", "regime_tg": null, "categorie": "permis_recherche_miniere", "desc_type": "Permis de recherche", "num_lic": null, "minerais": "rutile", "date_attr": "2009-05-08", "date_expr": "2012-05-07", "sup_adm_km2": 1000.0, "sup_sig_km2": null }, "geometry": { "type": "MultiPolygon", "coordinates": [ [ [ [ 12.145779, 4.562919 ], [ 12.234666, 4.25039 ], [ 12.416607, 4.437907 ], [ 12.433274, 4.597644 ], [ 12.249944, 4.680985 ], [ 12.145779, 4.562919 ] ] ] ] } },
{ "type": "Feature", "properties": { "tg_type": "FON.CONCESSION", "nom": null, "source_id": "CEB5E7EE-8D78-4BA3-87F7-C42514314A0A", "source": "MINFOF_WRI_ATLAS_FORESTIER_SIG_2018", "statut": "IMPORTE", "date_source": "2015-11-30", "regime_tg": null, "categorie": "permis_recherche_miniere", "desc_type": "Permis de recherche", "num_lic": null, "minerais": "fer", "date_attr": "2010-09-20", "date_expr": "2013-09-19", "sup_adm_km2": 1000.0, "sup_sig_km2": null }, "geometry": { "type": "MultiPolygon", "coordinates": [ [ [ [ 14.029636, 2.499155 ], [ 14.149657, 2.49574 ], [ 14.164337, 2.178261 ], [ 14.350167, 2.192574 ], [ 14.347347, 2.503319 ], [ 14.023895, 2.62413 ], [ 14.029636, 2.499155 ] ] ] ] } },
{ "type": "Feature", "properties": { "tg_type": "FON.CONCESSION", "nom": null, "source_id": "A9A1F661-DD43-48CD-ADA2-11A511C38087", "source": "MINFOF_WRI_ATLAS_FORESTIER_SIG_2018", "statut": "IMPORTE", "date_source": "2015-11-30", "regime_tg": null, "categorie": "permis_recherche_miniere", "desc_type": "Permis de recherche", "num_lic": null, "minerais": "fer", "date_attr": "2010-09-20", "date_expr": "2013-09-19", "sup_adm_km2": 1000.0, "sup_sig_km2": null }, "geometry": { "type": "MultiPolygon", "coordinates": [ [ [ [ 13.789152, 2.350427 ], [ 13.999912, 2.350216 ], [ 13.999912, 2.183534 ], [ 14.164337, 2.178261 ], [ 14.149657, 2.49574 ], [ 13.788805, 2.50023 ], [ 13.789152, 2.350427 ] ] ] ] } },
{ "type": "Feature", "properties": { "tg_type": "FON.CONCESSION", "nom": null, "source_id": "BECE29AF-FF9A-4986-8F82-12724BCFACFB", "source": "MINFOF_WRI_ATLAS_FORESTIER_SIG_2018", "statut": "IMPORTE", "date_source": "2015-11-30", "regime_tg": null, "categorie": "permis_recherche_miniere", "desc_type": "Permis de recherche", "num_lic": null, "minerais": "fer", "date_attr": "2010-09-20", "date_expr": "2013-09-19", "sup_adm_km2": 999.2, "sup_sig_km2": null }, "geometry": { "type": "MultiPolygon", "coordinates": [ [ [ [ 13.1257, 2.292155 ], [ 13.273797, 2.280932 ], [ 13.315224, 2.229533 ], [ 13.328004, 2.17315 ], [ 13.492976, 2.169644 ], [ 13.492977, 2.453003 ], [ 13.121386, 2.439424 ], [ 13.1257, 2.292155 ] ] ] ] } },
{ "type": "Feature", "properties": { "tg_type": "FON.CONCESSION", "nom": null, "source_id": "150FBB9E-B782-4B80-A40D-8515E835C5D1", "source": "MINFOF_WRI_ATLAS_FORESTIER_SIG_2018", "statut": "IMPORTE", "date_source": "2015-06-19", "regime_tg": null, "categorie": "permis_recherche_miniere", "desc_type": "Permis de recherche", "num_lic": null, "minerais": "rutile", "date_attr": "2009-05-08", "date_expr": "2012-05-07", "sup_adm_km2": 560.0, "sup_sig_km2": null }, "geometry": { "type": "MultiPolygon", "coordinates": [ [ [ [ 12.066613, 3.847576 ], [ 12.099946, 3.550326 ], [ 12.24161, 3.562828 ], [ 12.233277, 3.88369 ], [ 12.091613, 3.88369 ], [ 12.066613, 3.847576 ] ] ] ] } },
{ "type": "Feature", "properties": { "tg_type": "FON.CONCESSION", "nom": null, "source_id": "F5839E3D-4450-4E2E-B19A-60723A1ADA0D", "source": "MINFOF_WRI_ATLAS_FORESTIER_SIG_2018", "statut": "IMPORTE", "date_source": "2015-11-30", "regime_tg": null, "categorie": "permis_recherche_miniere", "desc_type": "Permis de recherche", "num_lic": null, "minerais": "calcaire", "date_attr": "2010-07-27", "date_expr": "2013-07-26", "sup_adm_km2": 731.44, "sup_sig_km2": null }, "geometry": { "type": "MultiPolygon", "coordinates": [ [ [ [ 12.99993, 2.898878 ], [ 12.99993, 2.666912 ], [ 13.397712, 2.666599 ], [ 13.399511, 2.751048 ], [ 13.197843, 2.75042 ], [ 13.180757, 2.898656 ], [ 12.99993, 2.898878 ] ] ] ] } },
{ "type": "Feature", "properties": { "tg_type": "FON.CONCESSION", "nom": null, "source_id": "05DA7810-0BCF-48A7-A46D-1947BE233CE0", "source": "MINFOF_WRI_ATLAS_FORESTIER_SIG_2018", "statut": "IMPORTE", "date_source": "2015-06-19", "regime_tg": null, "categorie": "permis_recherche_miniere", "desc_type": "Permis de recherche", "num_lic": null, "minerais": "general", "date_attr": "2010-08-06", "date_expr": "2012-08-05", "sup_adm_km2": null, "sup_sig_km2": null }, "geometry": { "type": "MultiPolygon", "coordinates": [ [ [ [ 14.433238, 2.966939 ], [ 14.566569, 2.966939 ], [ 14.564069, 3.14251 ], [ 14.695178, 3.116953 ], [ 14.546291, 3.400312 ], [ 14.433238, 3.300303 ], [ 14.433238, 2.966939 ] ] ] ] } },
{ "type": "Feature", "properties": { "tg_type": "FON.CONCESSION", "nom": null, "source_id": "90812D01-2AB7-488E-A3C7-5DE24F028C7F", "source": "MINFOF_WRI_ATLAS_FORESTIER_SIG_2018", "statut": "IMPORTE", "date_source": "2015-11-30", "regime_tg": null, "categorie": "permis_recherche_miniere", "desc_type": "Permis de recherche", "num_lic": null, "minerais": "ni_co", "date_attr": "2011-05-13", "date_expr": "2013-05-12", "sup_adm_km2": 991.5, "sup_sig_km2": null }, "geometry": { "type": "MultiPolygon", "coordinates": [ [ [ [ 15.651549, 1.939067 ], [ 16.033209, 2.002406 ], [ 16.074319, 2.126584 ], [ 16.076263, 2.189645 ], [ 15.684882, 2.168254 ], [ 15.651549, 1.939067 ] ] ] ] } },
{ "type": "Feature", "properties": { "tg_type": "FON.CONCESSION", "nom": null, "source_id": "E61001DC-53EB-485C-800C-8C6A477DD668", "source": "MINFOF_WRI_ATLAS_FORESTIER_SIG_2018", "statut": "IMPORTE", "date_source": "2015-11-30", "regime_tg": null, "categorie": "permis_recherche_miniere", "desc_type": "Permis de recherche", "num_lic": null, "minerais": "or", "date_attr": null, "date_expr": null, "sup_adm_km2": null, "sup_sig_km2": null }, "geometry": { "type": "MultiPolygon", "coordinates": [ [ [ [ 14.12741, 3.448094 ], [ 14.406849, 3.436704 ], [ 14.401572, 3.73562 ], [ 14.124077, 3.696728 ], [ 14.12741, 3.448094 ] ] ] ] } },
{ "type": "Feature", "properties": { "tg_type": "FON.CONCESSION", "nom": null, "source_id": "71F43E4D-FA2E-4D81-BA84-C2D5772AFB0A", "source": "MINFOF_WRI_ATLAS_FORESTIER_SIG_2018", "statut": "IMPORTE", "date_source": "2015-11-30", "regime_tg": null, "categorie": "permis_recherche_miniere", "desc_type": "Permis de recherche", "num_lic": null, "minerais": "or", "date_attr": "2011-05-13", "date_expr": "2013-05-12", "sup_adm_km2": 997.3, "sup_sig_km2": null }, "geometry": { "type": "MultiPolygon", "coordinates": [ [ [ [ 15.077115, 3.21974 ], [ 15.074337, 3.070837 ], [ 15.505441, 3.209738 ], [ 15.507108, 3.276689 ], [ 15.254334, 3.475318 ], [ 15.077393, 3.350307 ], [ 15.077115, 3.21974 ] ] ] ] } },
{ "type": "Feature", "properties": { "tg_type": "FON.CONCESSION", "nom": null, "source_id": "2886AE77-4E6D-4705-B875-52387E86EC66", "source": "MINFOF_WRI_ATLAS_FORESTIER_SIG_2018", "statut": "IMPORTE", "date_source": "2015-11-30", "regime_tg": null, "categorie": "permis_recherche_miniere", "desc_type": "Permis de recherche", "num_lic": null, "minerais": "p_preciseuse", "date_attr": "2010-07-09", "date_expr": "2012-07-08", "sup_adm_km2": 1000.0, "sup_sig_km2": null }, "geometry": { "type": "MultiPolygon", "coordinates": [ [ [ [ 15.141558, 2.333547 ], [ 15.170724, 2.179367 ], [ 15.305444, 2.03352 ], [ 15.399887, 2.016852 ], [ 15.46933, 2.27882 ], [ 15.141558, 2.333547 ] ] ] ] } },
{ "type": "Feature", "properties": { "tg_type": "FON.CONCESSION", "nom": null, "source_id": "B436E386-CBED-41BE-A53A-CD8E58E63C57", "source": "MINFOF_WRI_ATLAS_FORESTIER_SIG_2018", "statut": "IMPORTE", "date_source": "2015-06-19", "regime_tg": null, "categorie": "permis_recherche_miniere", "desc_type": "Permis de recherche", "num_lic": null, "minerais": "rutile", "date_attr": null, "date_expr": null, "sup_adm_km2": null, "sup_sig_km2": null }, "geometry": { "type": "MultiPolygon", "coordinates": [ [ [ [ 12.258554, 4.179828 ], [ 12.348831, 4.440685 ], [ 12.451329, 4.616813 ], [ 12.264943, 4.696264 ], [ 12.145779, 4.562919 ], [ 12.258554, 4.179828 ] ] ] ] } },
{ "type": "Feature", "properties": { "tg_type": "FON.CONCESSION", "nom": null, "source_id": "5A44F1C7-3A81-4812-86A5-597E954960A0", "source": "MINFOF_WRI_ATLAS_FORESTIER_SIG_2018", "statut": "IMPORTE", "date_source": "2015-11-30", "regime_tg": null, "categorie": "permis_recherche_miniere", "desc_type": "Permis de recherche", "num_lic": null, "minerais": "mar", "date_attr": "2011-09-30", "date_expr": "2013-09-29", "sup_adm_km2": 1000.0, "sup_sig_km2": null }, "geometry": { "type": "MultiPolygon", "coordinates": [ [ [ [ 14.205469, 10.008681 ], [ 14.461021, 10.008681 ], [ 14.461021, 10.418717 ], [ 14.179359, 10.204532 ], [ 14.205469, 10.008681 ] ] ] ] } },
{ "type": "Feature", "properties": { "tg_type": "FON.CONCESSION", "nom": null, "source_id": "79F0BE56-04A1-45DA-AD4A-92664653306F", "source": "MINFOF_WRI_ATLAS_FORESTIER_SIG_2018", "statut": "IMPORTE", "date_source": "2015-11-30", "regime_tg": null, "categorie": "permis_recherche_miniere", "desc_type": "Permis de recherche", "num_lic": null, "minerais": "mar", "date_attr": "2011-09-30", "date_expr": "2013-09-29", "sup_adm_km2": 1000.0, "sup_sig_km2": null }, "geometry": { "type": "MultiPolygon", "coordinates": [ [ [ [ 11.036909, 2.570514 ], [ 11.473845, 2.692748 ], [ 11.334959, 2.772477 ], [ 11.303571, 2.68997 ], [ 11.182184, 2.742752 ], [ 11.201906, 2.829983 ], [ 11.172184, 2.846373 ], [ 11.036909, 2.570514 ] ] ] ] } },
{ "type": "Feature", "properties": { "tg_type": "FON.CONCESSION", "nom": null, "source_id": "2FE8A80D-BBB6-49EC-B33C-12622092DEA5", "source": "MINFOF_WRI_ATLAS_FORESTIER_SIG_2018", "statut": "IMPORTE", "date_source": "2015-11-30", "regime_tg": null, "categorie": "permis_recherche_miniere", "desc_type": "Permis de recherche", "num_lic": null, "minerais": "mar", "date_attr": "2011-09-30", "date_expr": "2013-09-29", "sup_adm_km2": 1000.0, "sup_sig_km2": null }, "geometry": { "type": "MultiPolygon", "coordinates": [ [ [ [ 13.511035, 8.921087 ], [ 13.315483, 8.846914 ], [ 13.412704, 8.550777 ], [ 13.6352, 8.515773 ], [ 13.511035, 8.921087 ] ] ] ] } },
{ "type": "Feature", "properties": { "tg_type": "FON.CONCESSION", "nom": null, "source_id": "DEF3D72A-6385-4931-AA25-64731DC226D7", "source": "MINFOF_WRI_ATLAS_FORESTIER_SIG_2018", "statut": "IMPORTE", "date_source": "2015-11-30", "regime_tg": null, "categorie": "permis_recherche_miniere", "desc_type": "Permis de recherche", "num_lic": null, "minerais": "or", "date_attr": "2010-07-09", "date_expr": "2012-07-08", "sup_adm_km2": 907.0, "sup_sig_km2": null }, "geometry": { "type": "MultiPolygon", "coordinates": [ [ [ [ 14.318242, 6.419475 ], [ 14.391574, 6.379471 ], [ 14.512127, 6.39225 ], [ 14.611014, 6.311687 ], [ 14.707124, 6.367247 ], [ 14.777678, 6.313354 ], [ 14.812678, 6.367247 ], [ 14.7999, 6.40225 ], [ 14.892399, 6.591156 ], [ 14.72379, 6.519206 ], [ 14.436018, 6.517261 ], [ 14.318242, 6.419475 ] ] ] ] } },
{ "type": "Feature", "properties": { "tg_type": "FON.CONCESSION", "nom": null, "source_id": "01466DBF-F7FE-43F9-BC96-8274E11FFF3E", "source": "MINFOF_WRI_ATLAS_FORESTIER_SIG_2018", "statut": "IMPORTE", "date_source": "2015-11-30", "regime_tg": null, "categorie": "permis_recherche_miniere", "desc_type": "Permis de recherche", "num_lic": null, "minerais": "calcaire", "date_attr": "2008-08-25", "date_expr": "2011-08-24", "sup_adm_km2": 230.4, "sup_sig_km2": null }, "geometry": { "type": "MultiPolygon", "coordinates": [ [ [ [ 9.477769, 4.386792 ], [ 9.691655, 4.319008 ], [ 9.693043, 4.360123 ], [ 9.498602, 4.485412 ], [ 9.513602, 4.521805 ], [ 9.47027, 4.518471 ], [ 9.477769, 4.386792 ] ] ] ] } },
{ "type": "Feature", "properties": { "tg_type": "FON.CONCESSION", "nom": null, "source_id": "8F9EA4CB-8571-434C-974B-BCDBEC335109", "source": "MINFOF_WRI_ATLAS_FORESTIER_SIG_2018", "statut": "IMPORTE", "date_source": "2015-11-30", "regime_tg": null, "categorie": "permis_recherche_miniere", "desc_type": "Permis de recherche", "num_lic": null, "minerais": "or", "date_attr": "2010-09-06", "date_expr": "2012-09-05", "sup_adm_km2": null, "sup_sig_km2": null }, "geometry": { "type": "MultiPolygon", "coordinates": [ [ [ [ 13.633253, 5.922764 ], [ 14.024913, 6.037496 ], [ 14.247132, 6.322799 ], [ 14.098246, 6.382249 ], [ 13.798251, 6.108891 ], [ 13.638809, 6.066943 ], [ 13.633253, 5.922764 ] ] ] ] } },
{ "type": "Feature", "properties": { "tg_type": "FON.CONCESSION", "nom": null, "source_id": "9DD34731-E7F1-45D3-A6AD-E5D44BC7FEB0", "source": "MINFOF_WRI_ATLAS_FORESTIER_SIG_2018", "statut": "IMPORTE", "date_source": "2015-11-30", "regime_tg": null, "categorie": "permis_recherche_miniere", "desc_type": "Permis de recherche", "num_lic": null, "minerais": "p_preciseuse", "date_attr": "2011-05-25", "date_expr": "2013-05-24", "sup_adm_km2": 402.0, "sup_sig_km2": null }, "geometry": { "type": "MultiPolygon", "coordinates": [ [ [ [ 13.244212, 8.481001 ], [ 13.180852, 8.38112 ], [ 13.181007, 8.347768 ], [ 13.272035, 8.283325 ], [ 13.449448, 8.352801 ], [ 13.494165, 8.336295 ], [ 13.551605, 8.284247 ], [ 13.590276, 8.427824 ], [ 13.590077, 8.482404 ], [ 13.244212, 8.481001 ] ] ] ] } },
{ "type": "Feature", "properties": { "tg_type": "FON.CONCESSION", "nom": null, "source_id": "E331BAEA-D696-4292-9FE7-537C3B279ACA", "source": "MINFOF_WRI_ATLAS_FORESTIER_SIG_2018", "statut": "IMPORTE", "date_source": "2015-11-30", "regime_tg": null, "categorie": "permis_recherche_miniere", "desc_type": "Permis de recherche", "num_lic": null, "minerais": "ur", "date_attr": "2011-05-25", "date_expr": "2013-05-24", "sup_adm_km2": 152.0, "sup_sig_km2": null }, "geometry": { "type": "MultiPolygon", "coordinates": [ [ [ [ 10.7542, 3.287114 ], [ 10.763945, 3.25183 ], [ 10.942285, 3.360003 ], [ 11.01066, 3.359864 ], [ 11.030547, 3.405029 ], [ 11.113316, 3.404851 ], [ 11.113371, 3.430165 ], [ 11.046795, 3.43031 ], [ 10.897318, 3.369134 ], [ 10.7542, 3.287114 ] ] ] ] } },
{ "type": "Feature", "properties": { "tg_type": "FON.CONCESSION", "nom": null, "source_id": "347D2DD8-B5F6-431E-B84B-C0AD5958D9A3", "source": "MINFOF_WRI_ATLAS_FORESTIER_SIG_2018", "statut": "IMPORTE", "date_source": "2015-11-30", "regime_tg": null, "categorie": "permis_recherche_miniere", "desc_type": "Permis de recherche", "num_lic": null, "minerais": "p_preciseuse", "date_attr": "2010-07-08", "date_expr": "2013-07-07", "sup_adm_km2": 846.4, "sup_sig_km2": null }, "geometry": { "type": "MultiPolygon", "coordinates": [ [ [ [ 15.343777, 1.911842 ], [ 15.483496, 1.992127 ], [ 15.650716, 1.933511 ], [ 15.684882, 2.168254 ], [ 15.46933, 2.27882 ], [ 15.399887, 2.016852 ], [ 15.349332, 1.953512 ], [ 15.343777, 1.911842 ] ] ] ] } },
{ "type": "Feature", "properties": { "tg_type": "FON.CONCESSION", "nom": null, "source_id": "B76AF06F-2AB3-4AC3-B89E-3035EE3873D6", "source": "MINFOF_WRI_ATLAS_FORESTIER_SIG_2018", "statut": "IMPORTE", "date_source": "2015-11-30", "regime_tg": null, "categorie": "permis_recherche_miniere", "desc_type": "Permis de recherche", "num_lic": null, "minerais": "ur", "date_attr": "2010-11-10", "date_expr": "2012-11-09", "sup_adm_km2": 404.0, "sup_sig_km2": null }, "geometry": { "type": "MultiPolygon", "coordinates": [ [ [ [ 13.068337, 8.146019 ], [ 13.07382, 8.228804 ], [ 13.442703, 8.228804 ], [ 13.442703, 8.284086 ], [ 13.182152, 8.284086 ], [ 13.182152, 8.47577 ], [ 13.036321, 8.47577 ], [ 13.036321, 8.324646 ], [ 12.909379, 8.321868 ], [ 12.910212, 8.25075 ], [ 13.020293, 8.213691 ], [ 13.020293, 8.146019 ], [ 13.068337, 8.146019 ] ] ] ] } },
{ "type": "Feature", "properties": { "tg_type": "FON.CONCESSION", "nom": null, "source_id": "55B11580-0FF0-4B40-BEB6-BA68BB239185", "source": "MINFOF_WRI_ATLAS_FORESTIER_SIG_2018", "statut": "IMPORTE", "date_source": "2015-11-30", "regime_tg": null, "categorie": "permis_recherche_miniere", "desc_type": "Permis de recherche", "num_lic": null, "minerais": "ur", "date_attr": null, "date_expr": null, "sup_adm_km2": null, "sup_sig_km2": null }, "geometry": { "type": "MultiPolygon", "coordinates": [ [ [ [ 13.036321, 8.324646 ], [ 13.036321, 8.47577 ], [ 13.066598, 8.486882 ], [ 13.066598, 8.561889 ], [ 12.909379, 8.561889 ], [ 12.909379, 8.321868 ], [ 13.036321, 8.324646 ] ] ] ] } },
{ "type": "Feature", "properties": { "tg_type": "FON.CONCESSION", "nom": null, "source_id": "BE6802AC-4633-40D8-9E44-02C53BFD0CD1", "source": "MINFOF_WRI_ATLAS_FORESTIER_SIG_2018", "statut": "IMPORTE", "date_source": "2015-11-30", "regime_tg": null, "categorie": "permis_recherche_miniere", "desc_type": "Permis de recherche", "num_lic": null, "minerais": "p_preciseuse", "date_attr": "2010-11-08", "date_expr": "2013-11-07", "sup_adm_km2": 500.0, "sup_sig_km2": null }, "geometry": { "type": "MultiPolygon", "coordinates": [ [ [ [ 14.190635, 8.353536 ], [ 14.083247, 8.39704 ], [ 13.966583, 8.145185 ], [ 13.783252, 8.034064 ], [ 13.883251, 8.017396 ], [ 14.149913, 8.267417 ], [ 14.190635, 8.353536 ] ] ] ] } },
{ "type": "Feature", "properties": { "tg_type": "FON.CONCESSION", "nom": null, "source_id": "10AA599B-988D-4752-9E92-E8A765CC2B67", "source": "MINFOF_WRI_ATLAS_FORESTIER_SIG_2018", "statut": "IMPORTE", "date_source": "2015-06-19", "regime_tg": null, "categorie": "permis_recherche_miniere", "desc_type": "Permis de recherche", "num_lic": null, "minerais": "general", "date_attr": "2008-08-16", "date_expr": "2011-08-15", "sup_adm_km2": 992.3, "sup_sig_km2": null }, "geometry": { "type": "MultiPolygon", "coordinates": [ [ [ [ 9.959983, 4.944343 ], [ 9.919151, 4.899617 ], [ 9.941373, 4.82711 ], [ 9.919151, 4.809886 ], [ 9.885818, 4.869614 ], [ 9.788875, 4.814887 ], [ 9.726376, 4.685986 ], [ 9.719432, 4.626258 ], [ 9.930262, 4.502914 ], [ 9.979983, 4.601534 ], [ 9.96415, 4.601534 ], [ 10.028593, 4.744325 ], [ 10.018871, 4.931842 ], [ 9.959983, 4.944343 ] ] ] ] } },
{ "type": "Feature", "properties": { "tg_type": "FON.CONCESSION", "nom": null, "source_id": "EAFB9264-449E-424F-8070-5F7AD729870F", "source": "MINFOF_WRI_ATLAS_FORESTIER_SIG_2018", "statut": "IMPORTE", "date_source": "2015-06-19", "regime_tg": null, "categorie": "permis_recherche_miniere", "desc_type": "Permis de recherche", "num_lic": null, "minerais": "general", "date_attr": "2008-08-16", "date_expr": "2011-08-15", "sup_adm_km2": 1000.0, "sup_sig_km2": null }, "geometry": { "type": "MultiPolygon", "coordinates": [ [ [ [ 9.719432, 4.626258 ], [ 9.645544, 4.545696 ], [ 9.613045, 4.567364 ], [ 9.601934, 4.550696 ], [ 9.539157, 4.468188 ], [ 9.57249, 4.445686 ], [ 9.837485, 4.403183 ], [ 9.922484, 4.312063 ], [ 9.97415, 4.237334 ], [ 9.973872, 4.165661 ], [ 10.013593, 4.22011 ], [ 10.03026, 4.22011 ], [ 9.995816, 4.387348 ], [ 9.930262, 4.502914 ], [ 9.719432, 4.626258 ] ] ] ] } },
{ "type": "Feature", "properties": { "tg_type": "FON.CONCESSION", "nom": null, "source_id": "95EEF7C3-C602-4A93-B981-35333A5C3EE8", "source": "MINFOF_WRI_ATLAS_FORESTIER_SIG_2018", "statut": "IMPORTE", "date_source": "2015-11-30", "regime_tg": null, "categorie": "permis_recherche_miniere", "desc_type": "Permis de recherche", "num_lic": null, "minerais": "or", "date_attr": "2010-08-03", "date_expr": "2013-08-02", "sup_adm_km2": 1000.0, "sup_sig_km2": null }, "geometry": { "type": "MultiPolygon", "coordinates": [ [ [ [ 14.01658, 5.467167 ], [ 14.449905, 5.467166 ], [ 14.449906, 5.800252 ], [ 14.01658, 5.467167 ] ] ] ] } },
{ "type": "Feature", "properties": { "tg_type": "FON.CONCESSION", "nom": null, "source_id": "BBFE3AF4-3DBE-4E5D-9B2C-112729D7E21B", "source": "MINFOF_WRI_ATLAS_FORESTIER_SIG_2018", "statut": "IMPORTE", "date_source": "2015-06-19", "regime_tg": null, "categorie": "permis_recherche_miniere", "desc_type": "Permis de recherche", "num_lic": null, "minerais": "rutile", "date_attr": "2008-09-05", "date_expr": "2011-09-04", "sup_adm_km2": 1000.0, "sup_sig_km2": null }, "geometry": { "type": "MultiPolygon", "coordinates": [ [ [ [ 11.999948, 4.557641 ], [ 12.081335, 4.494857 ], [ 12.264666, 4.687375 ], [ 12.43494, 4.690986 ], [ 12.666603, 4.904061 ], [ 12.639659, 5.000459 ], [ 12.399941, 4.790162 ], [ 12.225777, 4.781828 ], [ 11.999948, 4.557641 ] ] ] ] } },
{ "type": "Feature", "properties": { "tg_type": "FON.CONCESSION", "nom": null, "source_id": "A475904F-0E29-471D-ADA7-C8CB009CE9B8", "source": "MINFOF_WRI_ATLAS_FORESTIER_SIG_2018", "statut": "IMPORTE", "date_source": "2015-06-19", "regime_tg": null, "categorie": "permis_recherche_miniere", "desc_type": "Permis de recherche", "num_lic": null, "minerais": "rutile", "date_attr": "2009-01-27", "date_expr": "2011-01-26", "sup_adm_km2": 460.44, "sup_sig_km2": null }, "geometry": { "type": "MultiPolygon", "coordinates": [ [ [ [ 12.247166, 3.782292 ], [ 12.247166, 3.733676 ], [ 12.355497, 3.733676 ], [ 12.355497, 3.79896 ], [ 12.490217, 3.79896 ], [ 12.490217, 3.875356 ], [ 12.57216, 3.875356 ], [ 12.57216, 3.907303 ], [ 12.656881, 3.925361 ], [ 12.73049, 4.000367 ], [ 12.666603, 4.000367 ], [ 12.529105, 3.947585 ], [ 12.529105, 3.925361 ], [ 12.438829, 3.925361 ], [ 12.438829, 3.880912 ], [ 12.287443, 3.880912 ], [ 12.287443, 3.782292 ], [ 12.247166, 3.782292 ] ] ] ] } },
{ "type": "Feature", "properties": { "tg_type": "FON.CONCESSION", "nom": null, "source_id": "07969F6B-E56E-44B1-84E4-4F2B9A448778", "source": "MINFOF_WRI_ATLAS_FORESTIER_SIG_2018", "statut": "IMPORTE", "date_source": "2015-11-30", "regime_tg": null, "categorie": "permis_recherche_miniere", "desc_type": "Permis de recherche", "num_lic": null, "minerais": "p_preciseuse", "date_attr": "2010-08-03", "date_expr": "2013-08-02", "sup_adm_km2": 1000.0, "sup_sig_km2": null }, "geometry": { "type": "MultiPolygon", "coordinates": [ [ [ [ 14.396572, 3.864521 ], [ 14.735177, 3.87091 ], [ 14.734622, 4.025091 ], [ 14.599902, 4.020368 ], [ 14.579902, 4.050371 ], [ 14.647679, 4.163159 ], [ 14.402961, 4.160103 ], [ 14.396572, 3.864521 ] ] ] ] } },
{ "type": "Feature", "properties": { "tg_type": "FON.CONCESSION", "nom": null, "source_id": "6CB5DAD4-5F32-49EC-8C15-9C3722B4FC7F", "source": "MINFOF_WRI_ATLAS_FORESTIER_SIG_2018", "statut": "IMPORTE", "date_source": "2015-06-19", "regime_tg": null, "categorie": "permis_recherche_miniere", "desc_type": "Permis de recherche", "num_lic": null, "minerais": "general", "date_attr": "2011-03-09", "date_expr": "2013-03-08", "sup_adm_km2": 1000.0, "sup_sig_km2": null }, "geometry": { "type": "MultiPolygon", "coordinates": [ [ [ [ 9.31805, 5.784975 ], [ 9.329717, 5.643018 ], [ 9.58749, 5.537452 ], [ 9.706377, 5.592735 ], [ 9.70971, 5.738026 ], [ 9.384993, 5.847758 ], [ 9.31805, 5.784975 ] ] ] ] } },
{ "type": "Feature", "properties": { "tg_type": "FON.CONCESSION", "nom": null, "source_id": "9BD1CF66-49D2-4CE6-B09E-99AD68C30C07", "source": "MINFOF_WRI_ATLAS_FORESTIER_SIG_2018", "statut": "IMPORTE", "date_source": "2015-06-19", "regime_tg": null, "categorie": "permis_recherche_miniere", "desc_type": "Permis de recherche", "num_lic": null, "minerais": "general", "date_attr": "2011-03-09", "date_expr": "2013-03-08", "sup_adm_km2": 1000.0, "sup_sig_km2": null }, "geometry": { "type": "MultiPolygon", "coordinates": [ [ [ [ 8.842503, 5.672742 ], [ 8.946112, 5.720802 ], [ 9.070277, 5.620793 ], [ 9.20833, 5.689411 ], [ 9.186941, 5.942211 ], [ 8.943057, 5.91332 ], [ 8.842503, 5.672742 ] ] ] ] } },
{ "type": "Feature", "properties": { "tg_type": "FON.CONCESSION", "nom": null, "source_id": "55500D86-E9FB-450D-A0F7-35DB66A8DA61", "source": "MINFOF_WRI_ATLAS_FORESTIER_SIG_2018", "statut": "IMPORTE", "date_source": "2015-11-30", "regime_tg": null, "categorie": "permis_recherche_miniere", "desc_type": "Permis de recherche", "num_lic": null, "minerais": "ur", "date_attr": "2011-12-08", "date_expr": "2013-12-07", "sup_adm_km2": 1000.0, "sup_sig_km2": null }, "geometry": { "type": "MultiPolygon", "coordinates": [ [ [ [ 13.753533, 10.148138 ], [ 13.515203, 10.148139 ], [ 13.515203, 9.795886 ], [ 13.75131, 9.797552 ], [ 13.753533, 10.148138 ] ] ] ] } },
{ "type": "Feature", "properties": { "tg_type": "FON.CONCESSION", "nom": null, "source_id": "2DCC0B82-4D16-4354-A283-9A315D316D7F", "source": "MINFOF_WRI_ATLAS_FORESTIER_SIG_2018", "statut": "IMPORTE", "date_source": "2015-11-30", "regime_tg": null, "categorie": "permis_recherche_miniere", "desc_type": "Permis de recherche", "num_lic": null, "minerais": "ur", "date_attr": "2011-12-08", "date_expr": "2013-12-07", "sup_adm_km2": 1000.0, "sup_sig_km2": null }, "geometry": { "type": "MultiPolygon", "coordinates": [ [ [ [ 13.834086, 9.672819 ], [ 13.831587, 10.001459 ], [ 14.196581, 10.001459 ], [ 14.197414, 10.096745 ], [ 13.751588, 10.096745 ], [ 13.748254, 9.620593 ], [ 14.017694, 9.621981 ], [ 13.981306, 9.672819 ], [ 13.834086, 9.672819 ] ] ] ] } },
{ "type": "Feature", "properties": { "tg_type": "FON.CONCESSION", "nom": null, "source_id": "79891526-DE0D-4344-8EA7-AE0E1A1A693C", "source": "MINFOF_WRI_ATLAS_FORESTIER_SIG_2018", "statut": "IMPORTE", "date_source": "2015-11-30", "regime_tg": null, "categorie": "permis_recherche_miniere", "desc_type": "Permis de recherche", "num_lic": null, "minerais": "or", "date_attr": "2010-01-20", "date_expr": "2013-01-19", "sup_adm_km2": 1000.0, "sup_sig_km2": null }, "geometry": { "type": "MultiPolygon", "coordinates": [ [ [ [ 14.395739, 4.931007 ], [ 14.299908, 4.843221 ], [ 14.515181, 4.588753 ], [ 14.514626, 4.991012 ], [ 14.449905, 5.383826 ], [ 14.387406, 5.367157 ], [ 14.395739, 4.931007 ] ] ] ] } },
{ "type": "Feature", "properties": { "tg_type": "FON.CONCESSION", "nom": null, "source_id": "E64B39D7-E5D1-413A-8610-8E2E2FE92BC1", "source": "MINFOF_WRI_ATLAS_FORESTIER_SIG_2018", "statut": "IMPORTE", "date_source": "2015-11-30", "regime_tg": null, "categorie": "permis_recherche_miniere", "desc_type": "Permis de recherche", "num_lic": null, "minerais": "cuivre", "date_attr": "2009-01-19", "date_expr": "2012-01-18", "sup_adm_km2": 1000.0, "sup_sig_km2": null }, "geometry": { "type": "MultiPolygon", "coordinates": [ [ [ [ 13.271596, 9.789497 ], [ 13.12632, 9.525307 ], [ 13.125765, 9.358626 ], [ 13.568257, 9.359459 ], [ 13.568257, 9.476691 ], [ 13.313262, 9.47558 ], [ 13.311595, 9.790052 ], [ 13.271596, 9.789497 ] ] ] ] } },
{ "type": "Feature", "properties": { "tg_type": "FON.CONCESSION", "nom": null, "source_id": "9BFB2433-0742-4EAD-B371-6AA93237E5CD", "source": "MINFOF_WRI_ATLAS_FORESTIER_SIG_2018", "statut": "IMPORTE", "date_source": "2015-06-19", "regime_tg": null, "categorie": "permis_recherche_miniere", "desc_type": "Permis de recherche", "num_lic": null, "minerais": "dia", "date_attr": "2010-08-12", "date_expr": "2012-08-11", "sup_adm_km2": 1000.0, "sup_sig_km2": null }, "geometry": { "type": "MultiPolygon", "coordinates": [ [ [ [ 16.079319, 2.192701 ], [ 16.065431, 2.65191 ], [ 15.73127, 2.65191 ], [ 15.73127, 2.630797 ], [ 15.740436, 2.59746 ], [ 15.807102, 2.547456 ], [ 15.807102, 2.447446 ], [ 15.992376, 2.29271 ], [ 16.079319, 2.192701 ] ] ] ] } },
{ "type": "Feature", "properties": { "tg_type": "FON.CONCESSION", "nom": null, "source_id": "E4837C40-BD00-44FF-A08B-0DABFF9AECB2", "source": "MINFOF_WRI_ATLAS_FORESTIER_SIG_2018", "statut": "IMPORTE", "date_source": "2015-11-30", "regime_tg": null, "categorie": "permis_recherche_miniere", "desc_type": "Permis de recherche", "num_lic": null, "minerais": "fer", "date_attr": "2011-09-14", "date_expr": "2013-09-13", "sup_adm_km2": 9783.0, "sup_sig_km2": null }, "geometry": { "type": "MultiPolygon", "coordinates": [ [ [ [ 9.85423, 2.690367 ], [ 9.82073, 2.568789 ], [ 9.82188, 2.349164 ], [ 10.055834, 2.345044 ], [ 10.063984, 2.683 ], [ 9.85423, 2.690367 ] ] ] ] } },
{ "type": "Feature", "properties": { "tg_type": "FON.CONCESSION", "nom": null, "source_id": "33750244-B97F-4E8A-B562-904E117A3E4C", "source": "MINFOF_WRI_ATLAS_FORESTIER_SIG_2018", "statut": "IMPORTE", "date_source": "2015-06-19", "regime_tg": null, "categorie": "permis_recherche_miniere", "desc_type": "Permis de recherche", "num_lic": null, "minerais": "general", "date_attr": "2011-11-16", "date_expr": "2013-11-15", "sup_adm_km2": 1000.0, "sup_sig_km2": null }, "geometry": { "type": "MultiPolygon", "coordinates": [ [ [ [ 13.54992, 2.750253 ], [ 13.399923, 2.750253 ], [ 13.399923, 2.600239 ], [ 13.449922, 2.600239 ], [ 13.449922, 2.550234 ], [ 13.499921, 2.550234 ], [ 13.499921, 2.50023 ], [ 13.399923, 2.50023 ], [ 13.399923, 2.450225 ], [ 13.599919, 2.450225 ], [ 13.599919, 2.550234 ], [ 13.799916, 2.550234 ], [ 13.799916, 2.650243 ], [ 13.599919, 2.650244 ], [ 13.599919, 2.700248 ], [ 13.54992, 2.700248 ], [ 13.54992, 2.750253 ] ] ] ] } },
{ "type": "Feature", "properties": { "tg_type": "FON.CONCESSION", "nom": null, "source_id": "30F57CE7-B56C-4055-BDA3-E3B70B736C8E", "source": "MINFOF_WRI_ATLAS_FORESTIER_SIG_2018", "statut": "IMPORTE", "date_source": "2015-06-19", "regime_tg": null, "categorie": "permis_recherche_miniere", "desc_type": "Permis de recherche", "num_lic": null, "minerais": "general", "date_attr": "2009-02-24", "date_expr": "2012-02-23", "sup_adm_km2": 1000.0, "sup_sig_km2": null }, "geometry": { "type": "MultiPolygon", "coordinates": [ [ [ [ 14.449904, 2.900266 ], [ 14.266574, 2.900266 ], [ 14.248797, 2.875264 ], [ 14.249908, 2.850262 ], [ 14.299907, 2.850262 ], [ 14.299907, 2.550234 ], [ 14.549902, 2.550234 ], [ 14.549902, 2.600239 ], [ 14.449904, 2.600239 ], [ 14.449904, 2.900266 ] ] ] ] } },
{ "type": "Feature", "properties": { "tg_type": "FON.CONCESSION", "nom": null, "source_id": "36973C21-45DF-49AD-AE24-848BFABF0513", "source": "MINFOF_WRI_ATLAS_FORESTIER_SIG_2018", "statut": "IMPORTE", "date_source": "2015-06-19", "regime_tg": null, "categorie": "permis_recherche_miniere", "desc_type": "Permis de recherche", "num_lic": null, "minerais": "general", "date_attr": "2011-11-16", "date_expr": "2013-11-15", "sup_adm_km2": 363.0, "sup_sig_km2": null }, "geometry": { "type": "MultiPolygon", "coordinates": [ [ [ [ 11.863006, 3.402257 ], [ 12.098001, 3.334751 ], [ 12.163556, 3.474764 ], [ 12.09439, 3.497544 ], [ 11.878283, 3.45754 ], [ 11.863006, 3.402257 ] ] ] ] } },
{ "type": "Feature", "properties": { "tg_type": "FON.CONCESSION", "nom": null, "source_id": "60BB730B-EEB4-45BD-BAE0-BF19E7202B92", "source": "MINFOF_WRI_ATLAS_FORESTIER_SIG_2018", "statut": "IMPORTE", "date_source": "2015-06-19", "regime_tg": null, "categorie": "permis_recherche_miniere", "desc_type": "Permis de recherche", "num_lic": null, "minerais": "general", "date_attr": "2009-02-24", "date_expr": "2012-02-23", "sup_adm_km2": 1000.0, "sup_sig_km2": null }, "geometry": { "type": "MultiPolygon", "coordinates": [ [ [ [ 15.399887, 3.050279 ], [ 15.399887, 3.000275 ], [ 15.199891, 3.000275 ], [ 15.199891, 2.850261 ], [ 15.499885, 2.850261 ], [ 15.499885, 2.833593 ], [ 15.749881, 2.900266 ], [ 15.749881, 3.000275 ], [ 15.666549, 3.000275 ], [ 15.642938, 3.050279 ], [ 15.399887, 3.050279 ] ] ] ] } },
{ "type": "Feature", "properties": { "tg_type": "FON.CONCESSION", "nom": null, "source_id": "EB111E17-BC9A-4D47-B608-D5F5B735B316", "source": "MINFOF_WRI_ATLAS_FORESTIER_SIG_2018", "statut": "IMPORTE", "date_source": "2015-06-19", "regime_tg": null, "categorie": "permis_recherche_miniere", "desc_type": "Permis de recherche", "num_lic": null, "minerais": "general", "date_attr": "2011-11-16", "date_expr": "2013-11-15", "sup_adm_km2": 1000.0, "sup_sig_km2": null }, "geometry": { "type": "MultiPolygon", "coordinates": [ [ [ [ 11.435791, 2.592739 ], [ 11.989948, 2.524399 ], [ 12.059391, 2.663023 ], [ 11.49579, 2.727195 ], [ 11.435791, 2.592739 ] ] ] ] } },
{ "type": "Feature", "properties": { "tg_type": "FON.CONCESSION", "nom": null, "source_id": "4FEE3DB1-FB50-4397-A8ED-A57B7EDFFF27", "source": "MINFOF_WRI_ATLAS_FORESTIER_SIG_2018", "statut": "IMPORTE", "date_source": "2015-11-30", "regime_tg": null, "categorie": "permis_recherche_miniere", "desc_type": "Permis de recherche", "num_lic": null, "minerais": "fer", "date_attr": "2011-08-23", "date_expr": "2014-08-22", "sup_adm_km2": 1000.0, "sup_sig_km2": null }, "geometry": { "type": "MultiPolygon", "coordinates": [ [ [ [ 12.564702, 2.496766 ], [ 12.513272, 2.433002 ], [ 12.603377, 2.422426 ], [ 12.630857, 2.416332 ], [ 12.75549, 2.457448 ], [ 12.808544, 2.54829 ], [ 12.647714, 2.599684 ], [ 12.645525, 2.56854 ], [ 12.709833, 2.533403 ], [ 12.70254, 2.522796 ], [ 12.731047, 2.505559 ], [ 12.725081, 2.48567 ], [ 12.636244, 2.461141 ], [ 12.564702, 2.496766 ] ] ] ] } },
{ "type": "Feature", "properties": { "tg_type": "FON.CONCESSION", "nom": null, "source_id": "F0B82F2E-397B-45FF-A45A-B9022899E7FF", "source": "MINFOF_WRI_ATLAS_FORESTIER_SIG_2018", "statut": "IMPORTE", "date_source": "2015-11-30", "regime_tg": null, "categorie": "permis_recherche_miniere", "desc_type": "Permis de recherche", "num_lic": null, "minerais": "ur", "date_attr": "2010-11-10", "date_expr": "2012-11-09", "sup_adm_km2": 91.0, "sup_sig_km2": null }, "geometry": { "type": "MultiPolygon", "coordinates": [ [ [ [ 13.240903, 8.568322 ], [ 13.241297, 8.486506 ], [ 13.24383, 8.48088 ], [ 13.589728, 8.482123 ], [ 13.593783, 8.568153 ], [ 13.240903, 8.568322 ] ] ] ] } },
{ "type": "Feature", "properties": { "tg_type": "FON.CONCESSION", "nom": null, "source_id": "CB19179A-12A8-4390-A935-9ACBF1023136", "source": "MINFOF_WRI_ATLAS_FORESTIER_SIG_2018", "statut": "IMPORTE", "date_source": "2015-11-30", "regime_tg": null, "categorie": "permis_recherche_miniere", "desc_type": "Permis de recherche", "num_lic": null, "minerais": "mar", "date_attr": "2011-01-25", "date_expr": "2011-01-24", "sup_adm_km2": 2.0, "sup_sig_km2": null }, "geometry": { "type": "MultiPolygon", "coordinates": [ [ [ [ 13.810995, 6.492099 ], [ 13.813626, 6.492105 ], [ 13.817097, 6.488676 ], [ 13.826614, 6.510296 ], [ 13.824095, 6.512569 ], [ 13.811591, 6.496125 ], [ 13.810995, 6.492099 ] ] ] ] } },
{ "type": "Feature", "properties": { "tg_type": "FON.CONCESSION", "nom": null, "source_id": "29620F52-801E-43E0-B2A3-9C392B4F82CC", "source": "MINFOF_WRI_ATLAS_FORESTIER_SIG_2018", "statut": "IMPORTE", "date_source": "2015-06-19", "regime_tg": null, "categorie": "permis_recherche_miniere", "desc_type": "Permis de recherche", "num_lic": null, "minerais": "bauxite", "date_attr": "2011-06-04", "date_expr": "2014-06-03", "sup_adm_km2": 1000.0, "sup_sig_km2": null }, "geometry": { "type": "MultiPolygon", "coordinates": [ [ [ [ 10.15094, 5.223397 ], [ 10.152604, 5.105884 ], [ 10.587518, 5.105888 ], [ 10.587522, 5.223403 ], [ 10.15094, 5.223397 ] ] ] ] } },
{ "type": "Feature", "properties": { "tg_type": "FON.CONCESSION", "nom": null, "source_id": "9DA14CB8-0D10-42D3-81D7-59620A742E4D", "source": "MINFOF_WRI_ATLAS_FORESTIER_SIG_2018", "statut": "IMPORTE", "date_source": "2015-11-30", "regime_tg": null, "categorie": "permis_recherche_miniere", "desc_type": "Permis de recherche", "num_lic": null, "minerais": "or", "date_attr": "2011-07-20", "date_expr": "2014-07-19", "sup_adm_km2": 500.0, "sup_sig_km2": null }, "geometry": { "type": "MultiPolygon", "coordinates": [ [ [ [ 14.149998, 5.849996 ], [ 14.341663, 5.85 ], [ 14.150003, 6.098888 ], [ 14.067169, 6.075722 ], [ 14.024996, 6.036944 ], [ 14.149998, 5.849996 ] ] ] ] } },
{ "type": "Feature", "properties": { "tg_type": "FON.CONCESSION", "nom": null, "source_id": "D90D0BE2-E806-4D89-9CE3-15931AD4E175", "source": "MINFOF_WRI_ATLAS_FORESTIER_SIG_2018", "statut": "IMPORTE", "date_source": "2015-06-19", "regime_tg": null, "categorie": "permis_recherche_miniere", "desc_type": "Permis de recherche", "num_lic": null, "minerais": "general", "date_attr": "2010-03-19", "date_expr": null, "sup_adm_km2": null, "sup_sig_km2": null }, "geometry": { "type": "MultiPolygon", "coordinates": [ [ [ [ 10.316946, 5.039998 ], [ 10.586392, 5.040002 ], [ 10.586392, 5.172222 ], [ 10.503607, 5.172225 ], [ 10.503609, 5.404723 ], [ 10.31694, 5.404723 ], [ 10.316946, 5.039998 ] ] ] ] } },
{ "type": "Feature", "properties": { "tg_type": "FON.CONCESSION", "nom": null, "source_id": "859DB59B-EA29-4328-AABB-B7F3E6056F9D", "source": "MINFOF_WRI_ATLAS_FORESTIER_SIG_2018", "statut": "IMPORTE", "date_source": "2015-06-19", "regime_tg": null, "categorie": "permis_recherche_miniere", "desc_type": "Permis de recherche", "num_lic": null, "minerais": "general", "date_attr": "2011-11-16", "date_expr": "2014-11-15", "sup_adm_km2": 467.0, "sup_sig_km2": null }, "geometry": { "type": "MultiPolygon", "coordinates": [ [ [ [ 14.483998, 4.167718 ], [ 14.61778, 4.169532 ], [ 14.591663, 4.334718 ], [ 14.537775, 4.472502 ], [ 14.493996, 4.536919 ], [ 14.494195, 4.497694 ], [ 14.460834, 4.497553 ], [ 14.461053, 4.432057 ], [ 14.427696, 4.432086 ], [ 14.427496, 4.374669 ], [ 14.474974, 4.374496 ], [ 14.483998, 4.167718 ] ] ] ] } },
{ "type": "Feature", "properties": { "tg_type": "FON.CONCESSION", "nom": null, "source_id": "B83C6234-2CE3-48CB-B9A9-3642EA1BC231", "source": "MINFOF_WRI_ATLAS_FORESTIER_SIG_2018", "statut": "IMPORTE", "date_source": "2015-11-30", "regime_tg": null, "categorie": "permis_recherche_miniere", "desc_type": "Permis de recherche", "num_lic": null, "minerais": "fer", "date_attr": "2011-11-16", "date_expr": "2013-11-15", "sup_adm_km2": 1000.0, "sup_sig_km2": null }, "geometry": { "type": "MultiPolygon", "coordinates": [ [ [ [ 12.269997, 3.350556 ], [ 12.814165, 3.169718 ], [ 12.894446, 3.288059 ], [ 12.31306, 3.463892 ], [ 12.269997, 3.350556 ] ] ] ] } },
{ "type": "Feature", "properties": { "tg_type": "FON.CONCESSION", "nom": null, "source_id": "9AC8972B-CC71-4EC0-A55A-715092F6B378", "source": "MINFOF_WRI_ATLAS_FORESTIER_SIG_2018", "statut": "IMPORTE", "date_source": "2015-06-19", "regime_tg": null, "categorie": "permis_recherche_miniere", "desc_type": "Permis de recherche", "num_lic": null, "minerais": "general", "date_attr": "2011-06-22", "date_expr": "2014-06-21", "sup_adm_km2": 808.9, "sup_sig_km2": null }, "geometry": { "type": "MultiPolygon", "coordinates": [ [ [ [ 12.358608, 2.773887 ], [ 12.258053, 2.628057 ], [ 12.478059, 2.652502 ], [ 12.997218, 2.656666 ], [ 12.997781, 2.779162 ], [ 12.877226, 2.767776 ], [ 12.876385, 2.719442 ], [ 12.495, 2.710274 ], [ 12.492224, 2.76167 ], [ 12.358608, 2.773887 ] ] ] ] } },
{ "type": "Feature", "properties": { "tg_type": "FON.CONCESSION", "nom": null, "source_id": "97DFF2B9-0FD4-444E-8F56-182855168412", "source": "MINFOF_WRI_ATLAS_FORESTIER_SIG_2018", "statut": "IMPORTE", "date_source": "2015-11-30", "regime_tg": null, "categorie": "permis_recherche_miniere", "desc_type": "Permis de recherche", "num_lic": null, "minerais": "fer", "date_attr": "2011-09-26", "date_expr": "2014-09-25", "sup_adm_km2": 794.0, "sup_sig_km2": null }, "geometry": { "type": "MultiPolygon", "coordinates": [ [ [ [ 12.471583, 2.628501 ], [ 12.235749, 2.612446 ], [ 12.286198, 2.693275 ], [ 12.121388, 2.831113 ], [ 12.012643, 2.514998 ], [ 12.320442, 2.555886 ], [ 12.353474, 2.489223 ], [ 12.471583, 2.628501 ] ] ] ] } },
{ "type": "Feature", "properties": { "tg_type": "FON.CONCESSION", "nom": null, "source_id": "EAC7E924-319E-4D4C-A641-E749CD958C22", "source": "MINFOF_WRI_ATLAS_FORESTIER_SIG_2018", "statut": "IMPORTE", "date_source": "2015-06-19", "regime_tg": null, "categorie": "permis_recherche_miniere", "desc_type": "Permis de recherche", "num_lic": null, "minerais": "dia", "date_attr": "2011-08-11", "date_expr": "2014-08-10", "sup_adm_km2": 430.0, "sup_sig_km2": null }, "geometry": { "type": "MultiPolygon", "coordinates": [ [ [ [ 15.749998, 2.916053 ], [ 15.752115, 2.823969 ], [ 15.956085, 2.800643 ], [ 15.958276, 2.784476 ], [ 16.01092, 2.784468 ], [ 16.068615, 2.799306 ], [ 16.083334, 2.821553 ], [ 16.063169, 2.912968 ], [ 15.749998, 2.916053 ] ] ] ] } },
{ "type": "Feature", "properties": { "tg_type": "FON.CONCESSION", "nom": null, "source_id": "2D8C09D7-7B37-453C-BE13-4FB1DF1CC27C", "source": "MINFOF_WRI_ATLAS_FORESTIER_SIG_2018", "statut": "IMPORTE", "date_source": "2015-11-30", "regime_tg": null, "categorie": "permis_recherche_miniere", "desc_type": "Permis de recherche", "num_lic": null, "minerais": "ni_co", "date_attr": "2011-08-19", "date_expr": "2014-08-18", "sup_adm_km2": 722.8, "sup_sig_km2": null }, "geometry": { "type": "MultiPolygon", "coordinates": [ [ [ [ 14.155831, 3.379723 ], [ 14.229444, 3.379721 ], [ 14.230552, 3.202498 ], [ 14.432781, 3.209171 ], [ 14.40694, 3.436387 ], [ 14.127496, 3.447777 ], [ 14.126665, 3.499999 ], [ 13.977221, 3.498888 ], [ 14.155831, 3.379723 ] ] ] ] } },
{ "type": "Feature", "properties": { "tg_type": "FON.CONCESSION", "nom": null, "source_id": "8A832F28-A2E4-412A-8892-54B432140580", "source": "MINFOF_WRI_ATLAS_FORESTIER_SIG_2018", "statut": "IMPORTE", "date_source": "2015-11-30", "regime_tg": null, "categorie": "permis_recherche_miniere", "desc_type": "Permis de recherche", "num_lic": null, "minerais": "fer", "date_attr": "2011-07-18", "date_expr": "2013-07-17", "sup_adm_km2": 242.5, "sup_sig_km2": null }, "geometry": { "type": "MultiPolygon", "coordinates": [ [ [ [ 12.610003, 2.652503 ], [ 12.608609, 2.620276 ], [ 12.660559, 2.597775 ], [ 12.775834, 2.559446 ], [ 12.832503, 2.574442 ], [ 12.863333, 2.560554 ], [ 12.823893, 2.487222 ], [ 12.772499, 2.398613 ], [ 12.754996, 2.345003 ], [ 12.780554, 2.329721 ], [ 12.828333, 2.386671 ], [ 12.858335, 2.455274 ], [ 12.841389, 2.462226 ], [ 12.887502, 2.551671 ], [ 12.879721, 2.582225 ], [ 12.852503, 2.601671 ], [ 12.80389, 2.611116 ], [ 12.751668, 2.598059 ], [ 12.673613, 2.62528 ], [ 12.665275, 2.652221 ], [ 12.610003, 2.652503 ] ] ] ] } },
{ "type": "Feature", "properties": { "tg_type": "FON.CONCESSION", "nom": null, "source_id": "470910E4-5DEB-4438-ABC1-FD5DE8227629", "source": "MINFOF_WRI_ATLAS_FORESTIER_SIG_2018", "statut": "IMPORTE", "date_source": "2015-11-30", "regime_tg": null, "categorie": "permis_recherche_miniere", "desc_type": "Permis de recherche", "num_lic": null, "minerais": "mar", "date_attr": "2011-01-25", "date_expr": "2013-01-24", "sup_adm_km2": 6.0, "sup_sig_km2": null }, "geometry": { "type": "MultiPolygon", "coordinates": [ [ [ [ 11.609924, 3.530336 ], [ 11.60898, 3.52065 ], [ 11.638357, 3.505384 ], [ 11.644439, 3.506108 ], [ 11.64479, 3.506152 ], [ 11.644438, 3.505611 ], [ 11.644482, 3.505412 ], [ 11.644183, 3.504717 ], [ 11.644065, 3.504103 ], [ 11.643729, 3.503119 ], [ 11.643529, 3.502414 ], [ 11.643274, 3.501222 ], [ 11.642946, 3.499551 ], [ 11.642944, 3.498882 ], [ 11.642122, 3.497899 ], [ 11.641869, 3.497204 ], [ 11.641615, 3.496446 ], [ 11.641847, 3.495948 ], [ 11.641908, 3.495333 ], [ 11.642574, 3.495277 ], [ 11.643662, 3.495238 ], [ 11.647052, 3.495003 ], [ 11.64763, 3.496031 ], [ 11.648191, 3.49706 ], [ 11.649021, 3.497997 ], [ 11.649438, 3.499252 ], [ 11.6541, 3.516265 ], [ 11.649609, 3.515031 ], [ 11.642714, 3.516406 ], [ 11.642158, 3.517113 ], [ 11.639056, 3.520384 ], [ 11.638141, 3.521336 ], [ 11.636965, 3.52199 ], [ 11.635624, 3.521894 ], [ 11.632934, 3.521703 ], [ 11.630762, 3.523336 ], [ 11.629459, 3.523683 ], [ 11.61836, 3.526688 ], [ 11.617722, 3.52687 ], [ 11.615628, 3.52769 ], [ 11.613113, 3.528673 ], [ 11.611516, 3.53034 ], [ 11.609924, 3.530336 ] ] ] ] } },
{ "type": "Feature", "properties": { "tg_type": "FON.CONCESSION", "nom": null, "source_id": "DB3E044C-7834-45DF-9CB9-6522ECFA62EF", "source": "MINFOF_WRI_ATLAS_FORESTIER_SIG_2018", "statut": "IMPORTE", "date_source": "2015-11-30", "regime_tg": null, "categorie": "permis_recherche_miniere", "desc_type": "Permis de recherche", "num_lic": null, "minerais": "fer", "date_attr": "2011-08-19", "date_expr": "2011-08-18", "sup_adm_km2": 1000.0, "sup_sig_km2": null }, "geometry": { "type": "MultiPolygon", "coordinates": [ [ [ [ 10.512503, 6.699723 ], [ 10.734446, 6.701946 ], [ 10.895277, 6.761946 ], [ 10.79772, 6.836919 ], [ 10.83297, 6.930474 ], [ 10.76547, 6.951942 ], [ 10.593615, 7.070556 ], [ 10.512503, 6.699723 ] ] ] ] } },
{ "type": "Feature", "properties": { "tg_type": "FON.CONCESSION", "nom": null, "source_id": "80DEA2F3-554B-4D06-8663-B1AF112FD402", "source": "MINFOF_WRI_ATLAS_FORESTIER_SIG_2018", "statut": "IMPORTE", "date_source": "2015-06-19", "regime_tg": null, "categorie": "permis_recherche_miniere", "desc_type": "Permis de recherche", "num_lic": null, "minerais": "rutile", "date_attr": "2011-11-22", "date_expr": "2014-11-21", "sup_adm_km2": 800.0, "sup_sig_km2": null }, "geometry": { "type": "MultiPolygon", "coordinates": [ [ [ [ 12.446331, 4.149583 ], [ 12.211447, 4.045449 ], [ 12.091667, 3.883331 ], [ 12.066668, 3.883335 ], [ 12.243109, 3.791335 ], [ 12.287498, 3.781942 ], [ 12.287502, 3.880552 ], [ 12.438889, 3.880555 ], [ 12.446331, 4.149583 ] ] ] ] } },
{ "type": "Feature", "properties": { "tg_type": "FON.CONCESSION", "nom": null, "source_id": "596FFD05-86E0-48FC-8225-6240FAA197E3", "source": "MINFOF_WRI_ATLAS_FORESTIER_SIG_2018", "statut": "IMPORTE", "date_source": "2015-11-30", "regime_tg": null, "categorie": "permis_recherche_miniere", "desc_type": "Permis de recherche", "num_lic": null, "minerais": "or", "date_attr": "2010-03-19", "date_expr": "2013-03-18", "sup_adm_km2": 999.4, "sup_sig_km2": null }, "geometry": { "type": "MultiPolygon", "coordinates": [ [ [ [ 11.297218, 2.185003 ], [ 11.351668, 2.199164 ], [ 11.364997, 2.29083 ], [ 11.42444, 2.307226 ], [ 11.963885, 2.334171 ], [ 11.96861, 2.438614 ], [ 11.297221, 2.411388 ], [ 11.297218, 2.185003 ] ] ] ] } },
{ "type": "Feature", "properties": { "tg_type": "FON.CONCESSION", "nom": null, "source_id": "0C9B0F80-20D0-4F93-B432-FBCAC22BDA14", "source": "MINFOF_WRI_ATLAS_FORESTIER_SIG_2018", "statut": "IMPORTE", "date_source": "2015-06-19", "regime_tg": null, "categorie": "permis_recherche_miniere", "desc_type": "Permis de recherche", "num_lic": null, "minerais": "general", "date_attr": "2011-10-20", "date_expr": "2014-10-19", "sup_adm_km2": 990.0, "sup_sig_km2": null }, "geometry": { "type": "MultiPolygon", "coordinates": [ [ [ [ 11.000002, 2.499998 ], [ 11.000002, 2.183333 ], [ 11.283332, 2.183334 ], [ 11.283334, 2.400003 ], [ 11.161108, 2.500003 ], [ 11.000002, 2.499998 ] ] ] ] } },
{ "type": "Feature", "properties": { "tg_type": "FON.CONCESSION", "nom": null, "source_id": "09199135-4862-47D1-B348-4D8C61AE235D", "source": "MINFOF_WRI_ATLAS_FORESTIER_SIG_2018", "statut": "IMPORTE", "date_source": "2015-06-19", "regime_tg": null, "categorie": "permis_recherche_miniere", "desc_type": "Permis de recherche", "num_lic": null, "minerais": "rutile", "date_attr": "2011-06-03", "date_expr": "2014-06-02", "sup_adm_km2": 1000.0, "sup_sig_km2": null }, "geometry": { "type": "MultiPolygon", "coordinates": [ [ [ [ 12.446331, 4.149583 ], [ 12.438889, 3.925004 ], [ 12.529168, 3.924996 ], [ 12.529165, 3.947222 ], [ 12.666664, 4.000004 ], [ 12.708946, 3.999084 ], [ 12.61303, 4.237639 ], [ 12.446331, 4.149583 ] ] ] ] } },
{ "type": "Feature", "properties": { "tg_type": "FON.CONCESSION", "nom": null, "source_id": "DAA70DCC-7C30-465D-8552-3A6F49C6ABD0", "source": "MINFOF_WRI_ATLAS_FORESTIER_SIG_2018", "statut": "IMPORTE", "date_source": "2015-11-30", "regime_tg": null, "categorie": "permis_recherche_miniere", "desc_type": "Permis de recherche", "num_lic": null, "minerais": "p_preciseuse", "date_attr": "2011-12-08", "date_expr": "2014-12-07", "sup_adm_km2": 1000.0, "sup_sig_km2": null }, "geometry": { "type": "MultiPolygon", "coordinates": [ [ [ [ 13.670304, 5.056505 ], [ 13.695913, 4.927142 ], [ 13.993614, 4.952081 ], [ 14.208334, 5.158335 ], [ 14.016662, 5.308336 ], [ 14.016669, 5.36675 ], [ 13.987029, 5.351832 ], [ 13.991671, 5.025996 ], [ 13.670304, 5.056505 ] ] ] ] } },
{ "type": "Feature", "properties": { "tg_type": "FON.CONCESSION", "nom": null, "source_id": "B481CAE2-7E3B-4CE7-8289-A28963C845B1", "source": "MINFOF_WRI_ATLAS_FORESTIER_SIG_2018", "statut": "IMPORTE", "date_source": "2015-11-30", "regime_tg": null, "categorie": "permis_recherche_miniere", "desc_type": "Permis de recherche", "num_lic": null, "minerais": "or", "date_attr": "2011-06-03", "date_expr": "2014-06-02", "sup_adm_km2": 500.0, "sup_sig_km2": null }, "geometry": { "type": "MultiPolygon", "coordinates": [ [ [ [ 14.478698, 4.239254 ], [ 14.475167, 4.342472 ], [ 14.313664, 4.342496 ], [ 14.324719, 4.425558 ], [ 14.36306, 4.530275 ], [ 14.157612, 4.444971 ], [ 14.228444, 4.294587 ], [ 14.478698, 4.239254 ] ] ] ] } },
{ "type": "Feature", "properties": { "tg_type": "FON.CONCESSION", "nom": null, "source_id": "D4A12CD9-96C6-4C55-B1DB-587E7BA05CEB", "source": "MINFOF_WRI_ATLAS_FORESTIER_SIG_2018", "statut": "IMPORTE", "date_source": "2015-11-30", "regime_tg": null, "categorie": "permis_recherche_miniere", "desc_type": "Permis de recherche", "num_lic": null, "minerais": "or", "date_attr": "2011-05-13", "date_expr": "2014-05-12", "sup_adm_km2": 1000.0, "sup_sig_km2": null }, "geometry": { "type": "MultiPolygon", "coordinates": [ [ [ [ 14.101668, 9.230004 ], [ 14.309164, 8.963055 ], [ 14.581108, 8.95639 ], [ 14.331389, 9.216666 ], [ 14.283609, 9.346667 ], [ 14.101668, 9.230004 ] ] ] ] } },
{ "type": "Feature", "properties": { "tg_type": "FON.CONCESSION", "nom": null, "source_id": "A19EE110-E60E-43C0-81A7-216B60297A83", "source": "MINFOF_WRI_ATLAS_FORESTIER_SIG_2018", "statut": "IMPORTE", "date_source": "2015-11-30", "regime_tg": null, "categorie": "permis_recherche_miniere", "desc_type": "Permis de recherche", "num_lic": null, "minerais": "or", "date_attr": "2011-11-16", "date_expr": "2014-11-15", "sup_adm_km2": 998.0, "sup_sig_km2": null }, "geometry": { "type": "MultiPolygon", "coordinates": [ [ [ [ 14.187501, 4.72917 ], [ 13.948721, 4.489386 ], [ 14.084468, 4.20228 ], [ 14.228444, 4.294587 ], [ 14.157612, 4.444971 ], [ 14.220836, 4.471392 ], [ 14.187501, 4.72917 ] ] ] ] } },
{ "type": "Feature", "properties": { "tg_type": "FON.CONCESSION", "nom": null, "source_id": "359CBB70-A4DB-42B1-8769-ACD4FD0565CE", "source": "MINFOF_WRI_ATLAS_FORESTIER_SIG_2018", "statut": "IMPORTE", "date_source": "2015-11-30", "regime_tg": null, "categorie": "permis_recherche_miniere", "desc_type": "Permis de recherche", "num_lic": null, "minerais": "ur", "date_attr": "2011-07-05", "date_expr": "2014-07-04", "sup_adm_km2": 468.0, "sup_sig_km2": null }, "geometry": { "type": "MultiPolygon", "coordinates": [ [ [ [ 14.666665, 2.500004 ], [ 14.669641, 2.355614 ], [ 14.699998, 2.350003 ], [ 14.708331, 2.283337 ], [ 14.866665, 2.299998 ], [ 14.833334, 2.516664 ], [ 14.666665, 2.500004 ] ] ] ] } },
{ "type": "Feature", "properties": { "tg_type": "FON.CONCESSION", "nom": null, "source_id": "3A003815-9420-4AA9-885C-556901C94976", "source": "MINFOF_WRI_ATLAS_FORESTIER_SIG_2018", "statut": "IMPORTE", "date_source": "2015-11-30", "regime_tg": null, "categorie": "permis_recherche_miniere", "desc_type": "Permis de recherche", "num_lic": null, "minerais": "or", "date_attr": "2011-05-23", "date_expr": "2014-05-22", "sup_adm_km2": 453.0, "sup_sig_km2": null }, "geometry": { "type": "MultiPolygon", "coordinates": [ [ [ [ 13.86389, 5.397219 ], [ 13.691671, 5.289166 ], [ 13.738893, 5.232221 ], [ 14.016669, 5.366669 ], [ 14.016669, 5.4 ], [ 14.077777, 5.46667 ], [ 14.011114, 5.463887 ], [ 14.072224, 5.509165 ], [ 14.052504, 5.523607 ], [ 13.91111, 5.426114 ], [ 13.853613, 5.495833 ], [ 13.86389, 5.397219 ] ] ] ] } },
{ "type": "Feature", "properties": { "tg_type": "FON.CONCESSION", "nom": null, "source_id": "83CF4680-5EE8-4458-9E28-CC376257DF2C", "source": "MINFOF_WRI_ATLAS_FORESTIER_SIG_2018", "statut": "IMPORTE", "date_source": "2015-11-30", "regime_tg": null, "categorie": "permis_recherche_miniere", "desc_type": "Permis de recherche", "num_lic": null, "minerais": "fer", "date_attr": "2010-10-28", "date_expr": "2013-10-27", "sup_adm_km2": 1000.0, "sup_sig_km2": null }, "geometry": { "type": "MultiPolygon", "coordinates": [ [ [ [ 10.453615, 2.446112 ], [ 10.599164, 2.360836 ], [ 10.689999, 2.341393 ], [ 10.936947, 2.506666 ], [ 10.951668, 2.533336 ], [ 10.815557, 2.670557 ], [ 10.453615, 2.446112 ] ] ] ] } },
{ "type": "Feature", "properties": { "tg_type": "FON.CONCESSION", "nom": null, "source_id": "291314FF-FCCE-4D34-A1FB-A12A1B827BAE", "source": "MINFOF_WRI_ATLAS_FORESTIER_SIG_2018", "statut": "IMPORTE", "date_source": "2015-11-30", "regime_tg": null, "categorie": "permis_recherche_miniere", "desc_type": "Permis de recherche", "num_lic": null, "minerais": "fer", "date_attr": "2011-08-03", "date_expr": "2014-08-02", "sup_adm_km2": 745.0, "sup_sig_km2": null }, "geometry": { "type": "MultiPolygon", "coordinates": [ [ [ [ 10.872498, 6.445559 ], [ 11.091944, 6.453891 ], [ 11.088497, 6.67417 ], [ 11.063167, 6.710004 ], [ 10.993442, 6.686471 ], [ 10.945833, 6.68639 ], [ 10.91578, 6.70883 ], [ 10.895277, 6.761946 ], [ 10.734446, 6.701946 ], [ 10.857224, 6.634446 ], [ 10.872498, 6.445559 ] ] ] ] } },
{ "type": "Feature", "properties": { "tg_type": "FON.CONCESSION", "nom": null, "source_id": "D2F74D0F-67F3-4B72-83C9-8984C16C3B7C", "source": "MINFOF_WRI_ATLAS_FORESTIER_SIG_2018", "statut": "IMPORTE", "date_source": "2015-11-30", "regime_tg": null, "categorie": "permis_recherche_miniere", "desc_type": "Permis de recherche", "num_lic": null, "minerais": "or", "date_attr": "2011-11-22", "date_expr": "2014-11-21", "sup_adm_km2": 450.0, "sup_sig_km2": null }, "geometry": { "type": "MultiPolygon", "coordinates": [ [ [ [ 13.69186, 5.289365 ], [ 13.864079, 5.397274 ], [ 13.85383, 5.395943 ], [ 13.784831, 5.546635 ], [ 13.614385, 5.32114 ], [ 13.597948, 5.21964 ], [ 13.69186, 5.289365 ] ] ] ] } },
{ "type": "Feature", "properties": { "tg_type": "FON.CONCESSION", "nom": null, "source_id": "2392F529-E517-4A42-ABFF-F96317D26AC0", "source": "MINFOF_WRI_ATLAS_FORESTIER_SIG_2018", "statut": "IMPORTE", "date_source": "2015-11-30", "regime_tg": null, "categorie": "permis_recherche_miniere", "desc_type": "Permis de recherche", "num_lic": null, "minerais": "p_preciseuse", "date_attr": "2011-12-30", "date_expr": "2013-12-29", "sup_adm_km2": 592.0, "sup_sig_km2": null }, "geometry": { "type": "MultiPolygon", "coordinates": [ [ [ [ 15.254447, 3.474996 ], [ 15.50722, 3.276392 ], [ 15.40667, 3.451113 ], [ 15.492501, 3.451109 ], [ 15.247219, 3.713338 ], [ 15.254447, 3.474996 ] ] ] ] } },
{ "type": "Feature", "properties": { "tg_type": "FON.CONCESSION", "nom": null, "source_id": "05F34517-4792-4A78-B334-76BADE29BB3A", "source": "MINFOF_WRI_ATLAS_FORESTIER_SIG_2018", "statut": "IMPORTE", "date_source": "2015-06-19", "regime_tg": null, "categorie": "permis_recherche_miniere", "desc_type": "Permis de recherche", "num_lic": null, "minerais": "general", "date_attr": "2011-11-20", "date_expr": "2014-10-19", "sup_adm_km2": 1000.0, "sup_sig_km2": null }, "geometry": { "type": "MultiPolygon", "coordinates": [ [ [ [ 14.57128, 8.374052 ], [ 14.76294, 8.676831 ], [ 14.585001, 8.778698 ], [ 14.303693, 8.377777 ], [ 14.57128, 8.374052 ] ] ] ] } },
{ "type": "Feature", "properties": { "tg_type": "FON.CONCESSION", "nom": null, "source_id": "1E77E4DE-E386-44F4-BC19-6F8A357C1626", "source": "MINFOF_WRI_ATLAS_FORESTIER_SIG_2018", "statut": "IMPORTE", "date_source": "2015-11-30", "regime_tg": null, "categorie": "permis_recherche_miniere", "desc_type": "Permis de recherche", "num_lic": null, "minerais": "or", "date_attr": "2011-07-05", "date_expr": "2014-07-04", "sup_adm_km2": 490.0, "sup_sig_km2": null }, "geometry": { "type": "MultiPolygon", "coordinates": [ [ [ [ 13.958561, 8.691881 ], [ 13.856996, 8.505835 ], [ 14.108053, 8.532222 ], [ 14.162756, 8.706457 ], [ 13.958561, 8.691881 ] ] ] ] } },
{ "type": "Feature", "properties": { "tg_type": "FON.CONCESSION", "nom": null, "source_id": "9AAB81AC-9523-439A-843A-A9B6F8BBA559", "source": "MINFOF_WRI_ATLAS_FORESTIER_SIG_2018", "statut": "IMPORTE", "date_source": "2015-06-19", "regime_tg": null, "categorie": "permis_recherche_miniere", "desc_type": "Permis de recherche", "num_lic": null, "minerais": "rutile", "date_attr": "2011-12-02", "date_expr": "2014-12-01", "sup_adm_km2": 1000.0, "sup_sig_km2": null }, "geometry": { "type": "MultiPolygon", "coordinates": [ [ [ [ 12.355558, 3.733333 ], [ 12.247222, 3.733334 ], [ 12.241663, 3.5625 ], [ 12.099998, 3.55 ], [ 11.883914, 3.541142 ], [ 11.878334, 3.457219 ], [ 12.094443, 3.497225 ], [ 12.163615, 3.474442 ], [ 12.269997, 3.350556 ], [ 12.31306, 3.463892 ], [ 12.367858, 3.446975 ], [ 12.355558, 3.733333 ] ] ] ] } },
{ "type": "Feature", "properties": { "tg_type": "FON.CONCESSION", "nom": null, "source_id": "2DD499BC-A750-4936-A340-DF71E6F1E9DA", "source": "MINFOF_WRI_ATLAS_FORESTIER_SIG_2018", "statut": "IMPORTE", "date_source": "2015-11-30", "regime_tg": null, "categorie": "permis_recherche_miniere", "desc_type": "Permis de recherche", "num_lic": null, "minerais": "or", "date_attr": "2010-10-15", "date_expr": "2013-10-14", "sup_adm_km2": 1000.0, "sup_sig_km2": null }, "geometry": { "type": "MultiPolygon", "coordinates": [ [ [ [ 13.880996, 5.478003 ], [ 13.936003, 6.003004 ], [ 13.883999, 5.972999 ], [ 13.608997, 5.672002 ], [ 13.880996, 5.478003 ] ] ] ] } },
{ "type": "Feature", "properties": { "tg_type": "FON.CONCESSION", "nom": null, "source_id": "AA115605-D2E1-4495-B694-96B457B675BA", "source": "MINFOF_WRI_ATLAS_FORESTIER_SIG_2018", "statut": "IMPORTE", "date_source": "2015-11-30", "regime_tg": null, "categorie": "permis_recherche_miniere", "desc_type": "Permis de recherche", "num_lic": null, "minerais": "fer", "date_attr": "2010-10-15", "date_expr": "2013-10-14", "sup_adm_km2": 1000.0, "sup_sig_km2": null }, "geometry": { "type": "MultiPolygon", "coordinates": [ [ [ [ 10.19444, 3.337502 ], [ 10.541116, 3.379442 ], [ 10.624997, 3.529171 ], [ 10.495832, 3.529163 ], [ 10.495834, 3.705554 ], [ 10.349999, 3.705554 ], [ 10.337219, 3.561387 ], [ 10.19444, 3.337502 ] ] ] ] } },
{ "type": "Feature", "properties": { "tg_type": "FON.CONCESSION", "nom": null, "source_id": "D831E0BE-ECDF-4CE2-ACD5-B8E80F370EC2", "source": "MINFOF_WRI_ATLAS_FORESTIER_SIG_2018", "statut": "IMPORTE", "date_source": "2015-11-30", "regime_tg": null, "categorie": "permis_recherche_miniere", "desc_type": "Permis de recherche", "num_lic": null, "minerais": "fer", "date_attr": "2011-08-23", "date_expr": null, "sup_adm_km2": null, "sup_sig_km2": null }, "geometry": { "type": "MultiPolygon", "coordinates": [ [ [ [ 10.377472, 2.785587 ], [ 10.313893, 2.733337 ], [ 10.145558, 2.640054 ], [ 10.226142, 2.493194 ], [ 10.453615, 2.446112 ], [ 10.553497, 2.734388 ], [ 10.377472, 2.785587 ] ] ] ] } },
{ "type": "Feature", "properties": { "tg_type": "FON.CONCESSION", "nom": null, "source_id": "7A0C9007-27BB-42DF-BC05-1D19BBF15951", "source": "MINFOF_WRI_ATLAS_FORESTIER_SIG_2018", "statut": "IMPORTE", "date_source": "2015-06-19", "regime_tg": null, "categorie": "permis_recherche_miniere", "desc_type": "Permis de recherche", "num_lic": null, "minerais": "rutile", "date_attr": "2011-06-03", "date_expr": "2014-06-02", "sup_adm_km2": 1000.0, "sup_sig_km2": null }, "geometry": { "type": "MultiPolygon", "coordinates": [ [ [ [ 10.03122, 3.665081 ], [ 10.028502, 3.353358 ], [ 10.204918, 3.353363 ], [ 10.337027, 3.578445 ], [ 10.345336, 3.67008 ], [ 10.03122, 3.665081 ] ] ] ] } },
{ "type": "Feature", "properties": { "tg_type": "FON.CONCESSION", "nom": null, "source_id": "24DED21B-1EE2-4905-9464-2C86959EDA94", "source": "MINFOF_WRI_ATLAS_FORESTIER_SIG_2018", "statut": "IMPORTE", "date_source": "2015-06-19", "regime_tg": null, "categorie": "permis_recherche_miniere", "desc_type": "Permis de recherche", "num_lic": null, "minerais": "bauxite", "date_attr": "2011-06-04", "date_expr": "2014-06-03", "sup_adm_km2": 1000.0, "sup_sig_km2": null }, "geometry": { "type": "MultiPolygon", "coordinates": [ [ [ [ 10.676148, 5.802825 ], [ 10.676148, 5.549659 ], [ 10.88584, 5.54966 ], [ 10.885842, 5.802825 ], [ 10.676148, 5.802825 ] ] ] ] } },
{ "type": "Feature", "properties": { "tg_type": "FON.CONCESSION", "nom": null, "source_id": "224E9718-FB7C-43EB-B2AD-9A5B5C515BE2", "source": "MINFOF_WRI_ATLAS_FORESTIER_SIG_2018", "statut": "IMPORTE", "date_source": "2015-11-30", "regime_tg": null, "categorie": "permis_recherche_miniere", "desc_type": "Permis de recherche", "num_lic": null, "minerais": "p_preciseuse", "date_attr": "2011-09-26", "date_expr": "2014-09-25", "sup_adm_km2": 500.0, "sup_sig_km2": null }, "geometry": { "type": "MultiPolygon", "coordinates": [ [ [ [ 13.999154, 4.390808 ], [ 14.093327, 4.390928 ], [ 14.183348, 4.481491 ], [ 14.183247, 4.571949 ], [ 14.092992, 4.660488 ], [ 13.998784, 4.66036 ], [ 13.999154, 4.390808 ] ] ] ] } },
{ "type": "Feature", "properties": { "tg_type": "FON.CONCESSION", "nom": null, "source_id": "98356CF6-FF3F-4264-B8C0-A5E345724E53", "source": "MINFOF_WRI_ATLAS_FORESTIER_SIG_2018", "statut": "IMPORTE", "date_source": "2015-11-30", "regime_tg": null, "categorie": "permis_recherche_miniere", "desc_type": "Permis de recherche", "num_lic": null, "minerais": "or", "date_attr": "2011-10-26", "date_expr": "2014-10-25", "sup_adm_km2": 419.34, "sup_sig_km2": null }, "geometry": { "type": "MultiPolygon", "coordinates": [ [ [ [ 14.425776, 6.00125 ], [ 14.42808, 5.842885 ], [ 14.455497, 5.841113 ], [ 14.45614, 5.734642 ], [ 14.628308, 5.70186 ], [ 14.606837, 5.916503 ], [ 14.51964, 5.883335 ], [ 14.425776, 6.00125 ] ] ] ] } },
{ "type": "Feature", "properties": { "tg_type": "FON.CONCESSION", "nom": null, "source_id": "72CA36D0-C778-4BA6-8EB3-06ACA1099DAC", "source": "MINFOF_WRI_ATLAS_FORESTIER_SIG_2018", "statut": "IMPORTE", "date_source": "2015-11-30", "regime_tg": null, "categorie": "permis_recherche_miniere", "desc_type": "Permis de recherche", "num_lic": null, "minerais": "or", "date_attr": "2011-11-16", "date_expr": "2014-11-15", "sup_adm_km2": 428.97, "sup_sig_km2": null }, "geometry": { "type": "MultiPolygon", "coordinates": [ [ [ [ 14.45614, 5.734642 ], [ 14.457695, 5.469196 ], [ 14.59133, 5.581304 ], [ 14.588748, 5.580587 ], [ 14.625219, 5.703089 ], [ 14.45614, 5.734642 ] ] ] ] } },
{ "type": "Feature", "properties": { "tg_type": "FON.CONCESSION", "nom": null, "source_id": "F547DF1D-DDEA-4B84-ACE6-D3E4AE96838D", "source": "MINFOF_WRI_ATLAS_FORESTIER_SIG_2018", "statut": "IMPORTE", "date_source": "2015-06-19", "regime_tg": null, "categorie": "permis_recherche_miniere", "desc_type": "Permis de recherche", "num_lic": null, "minerais": "general", "date_attr": "2011-10-20", "date_expr": "2014-10-19", "sup_adm_km2": 1000.0, "sup_sig_km2": null }, "geometry": { "type": "MultiPolygon", "coordinates": [ [ [ [ 13.801775, 8.340056 ], [ 13.981468, 8.364805 ], [ 13.966669, 8.503691 ], [ 13.849639, 8.502503 ], [ 13.946278, 8.683337 ], [ 13.659251, 8.690719 ], [ 13.638944, 8.503695 ], [ 13.722223, 8.503697 ], [ 13.801775, 8.340056 ] ] ] ] } },
{ "type": "Feature", "properties": { "tg_type": "FON.CONCESSION", "nom": null, "source_id": "AF906FE5-97E9-4F1E-8EBC-8B078C97113B", "source": "MINFOF_WRI_ATLAS_FORESTIER_SIG_2018", "statut": "IMPORTE", "date_source": "2015-11-30", "regime_tg": null, "categorie": "permis_recherche_miniere", "desc_type": "Permis de recherche", "num_lic": null, "minerais": "or", "date_attr": "2010-10-27", "date_expr": "2013-10-26", "sup_adm_km2": 992.47, "sup_sig_km2": null }, "geometry": { "type": "MultiPolygon", "coordinates": [ [ [ [ 13.543497, 5.068504 ], [ 13.991671, 5.025996 ], [ 13.985167, 5.181472 ], [ 13.987029, 5.351832 ], [ 13.738892, 5.232393 ], [ 13.543497, 5.068504 ] ] ] ] } },
{ "type": "Feature", "properties": { "tg_type": "FON.CONCESSION", "nom": null, "source_id": "003A7E9C-6189-4D44-A995-7E19ACBC2EB5", "source": "MINFOF_WRI_ATLAS_FORESTIER_SIG_2018", "statut": "IMPORTE", "date_source": "2015-11-30", "regime_tg": null, "categorie": "permis_recherche_miniere", "desc_type": "Permis de recherche", "num_lic": null, "minerais": "fer", "date_attr": "2011-09-26", "date_expr": "2014-09-25", "sup_adm_km2": 718.0, "sup_sig_km2": null }, "geometry": { "type": "MultiPolygon", "coordinates": [ [ [ [ 12.327776, 2.498 ], [ 12.381114, 2.275302 ], [ 12.716663, 2.26811 ], [ 12.789054, 2.464834 ], [ 12.513806, 2.370525 ], [ 12.327776, 2.498 ] ] ] ] } },
{ "type": "Feature", "properties": { "tg_type": "FON.CONCESSION", "nom": null, "source_id": "F4BCA2F5-BC74-4390-98F6-8ABB72A9BC80", "source": "MINFOF_WRI_ATLAS_FORESTIER_SIG_2018", "statut": "IMPORTE", "date_source": "2015-06-19", "regime_tg": null, "categorie": "permis_recherche_miniere", "desc_type": "Permis de recherche", "num_lic": null, "minerais": "general", "date_attr": "2011-06-20", "date_expr": "2014-06-19", "sup_adm_km2": 761.9, "sup_sig_km2": null }, "geometry": { "type": "MultiPolygon", "coordinates": [ [ [ [ 14.320557, 8.467504 ], [ 14.409724, 8.531388 ], [ 14.420836, 8.585836 ], [ 14.297773, 8.719166 ], [ 14.108053, 8.532222 ], [ 14.105554, 8.418331 ], [ 14.190837, 8.359998 ], [ 14.320557, 8.467504 ] ] ] ] } },
{ "type": "Feature", "properties": { "tg_type": "FON.CONCESSION", "nom": null, "source_id": "1FBFC2F5-5B7A-442C-B7EB-CE911A18209D", "source": "MINFOF_WRI_ATLAS_FORESTIER_SIG_2018", "statut": "IMPORTE", "date_source": "2015-11-30", "regime_tg": null, "categorie": "permis_recherche_miniere", "desc_type": "Permis de recherche", "num_lic": null, "minerais": "or", "date_attr": "2010-12-16", "date_expr": "2013-12-15", "sup_adm_km2": 950.0, "sup_sig_km2": null }, "geometry": { "type": "MultiPolygon", "coordinates": [ [ [ [ 14.318332, 6.418889 ], [ 14.294165, 6.100001 ], [ 14.479726, 6.115726 ], [ 14.556274, 6.190722 ], [ 14.744449, 6.261949 ], [ 14.777777, 6.311112 ], [ 14.707226, 6.366665 ], [ 14.611115, 6.311114 ], [ 14.512222, 6.391665 ], [ 14.391668, 6.378891 ], [ 14.318332, 6.418889 ] ] ] ] } },
{ "type": "Feature", "properties": { "tg_type": "FON.CONCESSION", "nom": null, "source_id": "F56F86D4-5A0B-4659-BD1B-8D85011ABCFC", "source": "MINFOF_WRI_ATLAS_FORESTIER_SIG_2018", "statut": "IMPORTE", "date_source": "2015-06-19", "regime_tg": null, "categorie": "permis_recherche_miniere", "desc_type": "Permis de recherche", "num_lic": null, "minerais": "rutile", "date_attr": "2011-09-26", "date_expr": null, "sup_adm_km2": null, "sup_sig_km2": null }, "geometry": { "type": "MultiPolygon", "coordinates": [ [ [ [ 13.821666, 9.114998 ], [ 13.99889, 9.007781 ], [ 14.163054, 9.150003 ], [ 14.101668, 9.230004 ], [ 14.283609, 9.346667 ], [ 14.149165, 9.451941 ], [ 13.821666, 9.114998 ] ] ] ] } },
{ "type": "Feature", "properties": { "tg_type": "FON.CONCESSION", "nom": null, "source_id": "E154C895-9520-475C-A179-0D421910E124", "source": "MINFOF_WRI_ATLAS_FORESTIER_SIG_2018", "statut": "IMPORTE", "date_source": "2015-11-30", "regime_tg": null, "categorie": "permis_recherche_miniere", "desc_type": "Permis de recherche", "num_lic": null, "minerais": "p_preciseuse", "date_attr": "2011-10-20", "date_expr": "2014-10-19", "sup_adm_km2": 1000.0, "sup_sig_km2": null }, "geometry": { "type": "MultiPolygon", "coordinates": [ [ [ [ 11.654998, 6.471392 ], [ 11.809724, 6.463611 ], [ 11.912498, 6.988053 ], [ 11.785836, 6.989163 ], [ 11.722501, 6.856107 ], [ 11.654998, 6.471392 ] ] ] ] } },
{ "type": "Feature", "properties": { "tg_type": "FON.CONCESSION", "nom": null, "source_id": "E4AE40DF-280C-468E-A991-0140E568BBF9", "source": "MINFOF_WRI_ATLAS_FORESTIER_SIG_2018", "statut": "IMPORTE", "date_source": "2015-11-30", "regime_tg": null, "categorie": "permis_recherche_miniere", "desc_type": "Permis de recherche", "num_lic": null, "minerais": "or", "date_attr": "2011-12-05", "date_expr": "2014-12-04", "sup_adm_km2": 474.0, "sup_sig_km2": null }, "geometry": { "type": "MultiPolygon", "coordinates": [ [ [ [ 13.592329, 5.90972 ], [ 13.608997, 5.672002 ], [ 13.911472, 6.004032 ], [ 13.592329, 5.90972 ] ] ] ] } },
{ "type": "Feature", "properties": { "tg_type": "FON.CONCESSION", "nom": null, "source_id": "4D55F028-4E24-4E93-B63D-46B10A78083D", "source": "MINFOF_WRI_ATLAS_FORESTIER_SIG_2018", "statut": "IMPORTE", "date_source": "2015-11-30", "regime_tg": null, "categorie": "permis_recherche_miniere", "desc_type": "Permis de recherche", "num_lic": null, "minerais": "p_preciseuse", "date_attr": "2011-07-11", "date_expr": "2014-07-10", "sup_adm_km2": 500.0, "sup_sig_km2": null }, "geometry": { "type": "MultiPolygon", "coordinates": [ [ [ [ 11.185004, 6.396948 ], [ 11.158892, 6.349996 ], [ 11.182223, 6.248888 ], [ 11.292776, 6.280552 ], [ 11.336665, 6.321945 ], [ 11.4625, 6.351949 ], [ 11.492501, 6.387504 ], [ 11.537504, 6.390276 ], [ 11.570273, 6.454169 ], [ 11.60667, 6.458611 ], [ 11.59444, 6.556111 ], [ 11.56917, 6.555274 ], [ 11.51667, 6.501667 ], [ 11.494167, 6.504725 ], [ 11.446389, 6.402503 ], [ 11.32, 6.379164 ], [ 11.185004, 6.396948 ] ] ] ] } },
{ "type": "Feature", "properties": { "tg_type": "FON.CONCESSION", "nom": null, "source_id": "28672511-2A71-4B1D-AD92-47C9EEA391A0", "source": "MINFOF_WRI_ATLAS_FORESTIER_SIG_2018", "statut": "IMPORTE", "date_source": "2015-06-19", "regime_tg": null, "categorie": "permis_recherche_miniere", "desc_type": "Permis de recherche", "num_lic": null, "minerais": "rutile", "date_attr": "2011-07-05", "date_expr": "2014-07-04", "sup_adm_km2": 493.0, "sup_sig_km2": null }, "geometry": { "type": "MultiPolygon", "coordinates": [ [ [ [ 11.76218, 3.916545 ], [ 11.70749, 3.792983 ], [ 11.606307, 3.545782 ], [ 11.705956, 3.509356 ], [ 11.786684, 3.725916 ], [ 11.836779, 3.896741 ], [ 11.76218, 3.916545 ] ] ] ] } },
{ "type": "Feature", "properties": { "tg_type": "FON.CONCESSION", "nom": null, "source_id": "D2686338-6C3B-4B78-AA6D-6E5ACD01D1F7", "source": "MINFOF_WRI_ATLAS_FORESTIER_SIG_2018", "statut": "IMPORTE", "date_source": "2015-11-30", "regime_tg": null, "categorie": "permis_recherche_miniere", "desc_type": "Permis de recherche", "num_lic": null, "minerais": "fer", "date_attr": "2010-10-28", "date_expr": "2013-10-27", "sup_adm_km2": 1000.0, "sup_sig_km2": null }, "geometry": { "type": "MultiPolygon", "coordinates": [ [ [ [ 9.987502, 2.176665 ], [ 10.231947, 2.178329 ], [ 10.386388, 2.345834 ], [ 10.526949, 2.402221 ], [ 10.454165, 2.446663 ], [ 10.321668, 2.441944 ], [ 10.123888, 2.260004 ], [ 10.055835, 2.344723 ], [ 9.821948, 2.348888 ], [ 9.987502, 2.176665 ] ] ] ] } },
{ "type": "Feature", "properties": { "tg_type": "FON.CONCESSION", "nom": null, "source_id": "2FA6D680-72B7-428A-8CA2-96CE7B22FB15", "source": "MINFOF_WRI_ATLAS_FORESTIER_SIG_2018", "statut": "IMPORTE", "date_source": "2015-11-30", "regime_tg": null, "categorie": "permis_recherche_miniere", "desc_type": "Permis de recherche", "num_lic": null, "minerais": "fer", "date_attr": "2011-07-22", "date_expr": "2014-07-21", "sup_adm_km2": 900.0, "sup_sig_km2": null }, "geometry": { "type": "MultiPolygon", "coordinates": [ [ [ [ 11.297221, 2.411388 ], [ 11.676611, 2.422557 ], [ 11.724747, 2.556107 ], [ 11.435838, 2.592503 ], [ 11.163391, 2.505225 ], [ 11.297221, 2.411388 ] ] ] ] } },
{ "type": "Feature", "properties": { "tg_type": "FON.CONCESSION", "nom": null, "source_id": "5BCE6CE0-4618-469F-9D63-80D84DA37835", "source": "MINFOF_WRI_ATLAS_FORESTIER_SIG_2018", "statut": "IMPORTE", "date_source": "2015-11-30", "regime_tg": null, "categorie": "permis_recherche_miniere", "desc_type": "Permis de recherche", "num_lic": null, "minerais": "or", "date_attr": "2011-12-05", "date_expr": "2014-12-04", "sup_adm_km2": 471.0, "sup_sig_km2": null }, "geometry": { "type": "MultiPolygon", "coordinates": [ [ [ [ 14.078003, 5.46667 ], [ 14.016669, 5.4 ], [ 14.387504, 5.366665 ], [ 14.45111, 5.383913 ], [ 14.569558, 5.497113 ], [ 14.449997, 5.466665 ], [ 14.078003, 5.46667 ] ] ] ] } },
{ "type": "Feature", "properties": { "tg_type": "FON.CONCESSION", "nom": null, "source_id": "B90C0D30-EB48-4A13-9A6F-19283C2EE207", "source": "MINFOF_WRI_ATLAS_FORESTIER_SIG_2018", "statut": "IMPORTE", "date_source": "2015-11-30", "regime_tg": null, "categorie": "permis_recherche_miniere", "desc_type": "Permis de recherche", "num_lic": null, "minerais": "or", "date_attr": "2011-07-05", "date_expr": "2014-07-04", "sup_adm_km2": 470.3, "sup_sig_km2": null }, "geometry": { "type": "MultiPolygon", "coordinates": [ [ [ [ 15.158859, 3.819976 ], [ 15.061996, 3.989997 ], [ 14.891052, 3.990553 ], [ 14.887184, 3.816636 ], [ 15.158859, 3.819976 ] ] ] ] } },
{ "type": "Feature", "properties": { "tg_type": "FON.CONCESSION", "nom": null, "source_id": "752CA76B-8383-4573-B058-2F8CB4339415", "source": "MINFOF_WRI_ATLAS_FORESTIER_SIG_2018", "statut": "IMPORTE", "date_source": "2015-11-30", "regime_tg": null, "categorie": "permis_recherche_miniere", "desc_type": "Permis de recherche", "num_lic": null, "minerais": "fer", "date_attr": "2011-05-13", "date_expr": "2014-05-12", "sup_adm_km2": 1000.0, "sup_sig_km2": null }, "geometry": { "type": "MultiPolygon", "coordinates": [ [ [ [ 10.510278, 6.469449 ], [ 10.872498, 6.445559 ], [ 10.857224, 6.634446 ], [ 10.734446, 6.701946 ], [ 10.512503, 6.699723 ], [ 10.510278, 6.469449 ] ] ] ] } },
{ "type": "Feature", "properties": { "tg_type": "FON.CONCESSION", "nom": null, "source_id": "8F9E3CDC-74DF-4619-8B8D-6C3E889F7EAB", "source": "MINFOF_WRI_ATLAS_FORESTIER_SIG_2018", "statut": "IMPORTE", "date_source": "2015-06-19", "regime_tg": null, "categorie": "permis_recherche_miniere", "desc_type": "Permis de recherche", "num_lic": null, "minerais": "rutile", "date_attr": "2011-11-28", "date_expr": "2014-11-27", "sup_adm_km2": 1000.0, "sup_sig_km2": null }, "geometry": { "type": "MultiPolygon", "coordinates": [ [ [ [ 11.120502, 4.258948 ], [ 11.232388, 4.157664 ], [ 11.318004, 4.186857 ], [ 11.473192, 4.128499 ], [ 11.565196, 4.323306 ], [ 11.493997, 4.407997 ], [ 11.3795, 4.462472 ], [ 11.338196, 4.439111 ], [ 11.453887, 4.304613 ], [ 11.375693, 4.292026 ], [ 11.102807, 4.298921 ], [ 11.120502, 4.258948 ] ] ] ] } },
{ "type": "Feature", "properties": { "tg_type": "FON.CONCESSION", "nom": null, "source_id": "86E031DF-EE8C-4F6B-939E-D4DE3704CED7", "source": "MINFOF_WRI_ATLAS_FORESTIER_SIG_2018", "statut": "IMPORTE", "date_source": "2015-11-30", "regime_tg": null, "categorie": "permis_recherche_miniere", "desc_type": "Permis de recherche", "num_lic": null, "minerais": "fer", "date_attr": "2011-08-23", "date_expr": "2014-08-22", "sup_adm_km2": 1000.0, "sup_sig_km2": null }, "geometry": { "type": "MultiPolygon", "coordinates": [ [ [ [ 10.573053, 2.832775 ], [ 10.775531, 2.820662 ], [ 11.022303, 3.115722 ], [ 10.913753, 3.15883 ], [ 10.787025, 3.031475 ], [ 10.615003, 3.021663 ], [ 10.506865, 3.034005 ], [ 10.493335, 2.989442 ], [ 10.548615, 2.925471 ], [ 10.471666, 2.852779 ], [ 10.573053, 2.832775 ] ] ] ] } },
{ "type": "Feature", "properties": { "tg_type": "FON.CONCESSION", "nom": null, "source_id": "FBF8E9DD-0C32-4904-A8EF-59CE85E38F96", "source": "MINFOF_WRI_ATLAS_FORESTIER_SIG_2018", "statut": "IMPORTE", "date_source": "2015-06-19", "regime_tg": null, "categorie": "permis_recherche_miniere", "desc_type": "Permis de recherche", "num_lic": null, "minerais": "general", "date_attr": "2010-11-08", "date_expr": "2013-11-07", "sup_adm_km2": 985.6, "sup_sig_km2": null }, "geometry": { "type": "MultiPolygon", "coordinates": [ [ [ [ 9.136114, 5.035165 ], [ 9.240724, 5.010167 ], [ 9.33333, 5.004608 ], [ 9.393499, 5.066669 ], [ 9.324998, 5.225997 ], [ 9.340726, 5.374059 ], [ 9.158334, 5.433334 ], [ 9.129607, 5.420359 ], [ 9.114807, 5.392671 ], [ 9.162942, 5.314806 ], [ 9.136114, 5.035165 ] ] ] ] } },
{ "type": "Feature", "properties": { "tg_type": "FON.CONCESSION", "nom": null, "source_id": "1979F5B2-165C-49AB-A9F1-61D7AA85D887", "source": "MINFOF_WRI_ATLAS_FORESTIER_SIG_2018", "statut": "IMPORTE", "date_source": "2015-06-19", "regime_tg": null, "categorie": "permis_recherche_miniere", "desc_type": "Permis de recherche", "num_lic": null, "minerais": "general", "date_attr": "2011-10-20", "date_expr": "2014-10-19", "sup_adm_km2": 997.0, "sup_sig_km2": null }, "geometry": { "type": "MultiPolygon", "coordinates": [ [ [ [ 12.000002, 2.499998 ], [ 12.000001, 2.29417 ], [ 12.371385, 2.285 ], [ 12.313056, 2.547222 ], [ 12.000002, 2.499998 ] ] ] ] } },
{ "type": "Feature", "properties": { "tg_type": "FON.CONCESSION", "nom": null, "source_id": "5AB193E5-D08B-49C5-8D90-D77EE7C89F75", "source": "MINFOF_WRI_ATLAS_FORESTIER_SIG_2018", "statut": "IMPORTE", "date_source": "2015-06-19", "regime_tg": null, "categorie": "permis_recherche_miniere", "desc_type": "Permis de recherche", "num_lic": null, "minerais": "general", "date_attr": "2011-10-20", "date_expr": "2014-10-19", "sup_adm_km2": 1000.0, "sup_sig_km2": null }, "geometry": { "type": "MultiPolygon", "coordinates": [ [ [ [ 13.600665, 8.00378 ], [ 13.753693, 8.004614 ], [ 13.768334, 8.098141 ], [ 13.907389, 8.131475 ], [ 13.999997, 8.252778 ], [ 14.000004, 8.364807 ], [ 13.796191, 8.333862 ], [ 13.796196, 8.191671 ], [ 13.644946, 8.207053 ], [ 13.600665, 8.00378 ] ] ] ] } },
{ "type": "Feature", "properties": { "tg_type": "FON.CONCESSION", "nom": null, "source_id": "6DB89EBC-0225-4F17-BCA0-F1A47650267B", "source": "MINFOF_WRI_ATLAS_FORESTIER_SIG_2018", "statut": "IMPORTE", "date_source": "2015-11-30", "regime_tg": null, "categorie": "permis_recherche_miniere", "desc_type": "Permis de recherche", "num_lic": null, "minerais": "fer", "date_attr": "2010-10-28", "date_expr": "2013-10-27", "sup_adm_km2": 1000.0, "sup_sig_km2": null }, "geometry": { "type": "MultiPolygon", "coordinates": [ [ [ [ 10.095825, 3.987712 ], [ 10.21692, 3.915019 ], [ 10.551744, 4.225454 ], [ 10.418, 4.375625 ], [ 10.095825, 3.987712 ] ] ] ] } },
{ "type": "Feature", "properties": { "tg_type": "FON.CONCESSION", "nom": null, "source_id": "A2C19A34-2D3A-4A9E-9D28-190505660A4F", "source": "MINFOF_WRI_ATLAS_FORESTIER_SIG_2018", "statut": "IMPORTE", "date_source": "2015-11-30", "regime_tg": null, "categorie": "permis_recherche_miniere", "desc_type": "Permis de recherche", "num_lic": null, "minerais": "fer", "date_attr": "2011-09-26", "date_expr": "2014-09-25", "sup_adm_km2": 935.0, "sup_sig_km2": null }, "geometry": { "type": "MultiPolygon", "coordinates": [ [ [ [ 14.987779, 2.033891 ], [ 15.159166, 2.048331 ], [ 15.084442, 2.41833 ], [ 14.990834, 2.421942 ], [ 14.987779, 2.033891 ] ] ] ] } },
{ "type": "Feature", "properties": { "tg_type": "FON.CONCESSION", "nom": null, "source_id": "A7A2C275-682B-40E8-93A8-769B463E00FE", "source": "MINFOF_WRI_ATLAS_FORESTIER_SIG_2018", "statut": "IMPORTE", "date_source": "2015-06-19", "regime_tg": null, "categorie": "permis_recherche_miniere", "desc_type": "Permis de recherche", "num_lic": null, "minerais": "general", "date_attr": "2011-07-04", "date_expr": null, "sup_adm_km2": 8087.0, "sup_sig_km2": null }, "geometry": { "type": "MultiPolygon", "coordinates": [ [ [ [ 13.594446, 8.483336 ], [ 13.594448, 8.280281 ], [ 13.442503, 8.280277 ], [ 13.442503, 8.081665 ], [ 13.585835, 8.08167 ], [ 13.58303, 8.123357 ], [ 13.626224, 8.126498 ], [ 13.644946, 8.207053 ], [ 13.774107, 8.193052 ], [ 13.792581, 8.3385 ], [ 13.707503, 8.483338 ], [ 13.594446, 8.483336 ] ] ] ] } },
{ "type": "Feature", "properties": { "tg_type": "FON.CONCESSION", "nom": null, "source_id": "62195559-1070-4D80-A18D-5007B265299D", "source": "MINFOF_WRI_ATLAS_FORESTIER_SIG_2018", "statut": "IMPORTE", "date_source": "2015-11-30", "regime_tg": null, "categorie": "permis_recherche_miniere", "desc_type": "Permis de recherche", "num_lic": null, "minerais": "fer", "date_attr": "2011-05-30", "date_expr": "2014-05-29", "sup_adm_km2": 1000.0, "sup_sig_km2": null }, "geometry": { "type": "MultiPolygon", "coordinates": [ [ [ [ 9.895004, 6.548611 ], [ 10.082778, 6.439444 ], [ 10.2875, 6.508607 ], [ 10.336391, 6.680555 ], [ 9.966947, 6.704718 ], [ 9.895004, 6.548611 ] ] ] ] } },
{ "type": "Feature", "properties": { "tg_type": "FON.CONCESSION", "nom": null, "source_id": "02A15DBD-31A6-4096-9C5C-69FD6C2D79BE", "source": "MINFOF_WRI_ATLAS_FORESTIER_SIG_2018", "statut": "IMPORTE", "date_source": "2015-11-30", "regime_tg": null, "categorie": "permis_recherche_miniere", "desc_type": "Permis de recherche", "num_lic": null, "minerais": "p_preciseuse", "date_attr": "2011-12-08", "date_expr": "2014-12-07", "sup_adm_km2": 1000.0, "sup_sig_km2": null }, "geometry": { "type": "MultiPolygon", "coordinates": [ [ [ [ 13.730914, 4.799863 ], [ 14.017504, 4.791671 ], [ 14.349527, 5.156171 ], [ 14.208334, 5.158335 ], [ 13.993614, 4.952081 ], [ 13.72431, 4.92186 ], [ 13.730914, 4.799863 ] ] ] ] } },
{ "type": "Feature", "properties": { "tg_type": "FON.CONCESSION", "nom": null, "source_id": "DFC3DBD7-1DA3-4B1A-AA32-C8AB82B59200", "source": "MINFOF_WRI_ATLAS_FORESTIER_SIG_2018", "statut": "IMPORTE", "date_source": "2015-06-19", "regime_tg": null, "categorie": "permis_recherche_miniere", "desc_type": "Permis de recherche", "num_lic": null, "minerais": "rutile", "date_attr": "2011-11-28", "date_expr": "2014-11-27", "sup_adm_km2": 1000.0, "sup_sig_km2": null }, "geometry": { "type": "MultiPolygon", "coordinates": [ [ [ [ 11.038804, 5.007468 ], [ 11.047503, 4.887052 ], [ 10.981386, 4.865281 ], [ 10.986888, 4.770277 ], [ 11.283611, 4.756699 ], [ 11.331611, 4.818357 ], [ 11.379194, 4.962941 ], [ 11.378113, 5.008113 ], [ 11.038804, 5.007468 ] ] ] ] } },
{ "type": "Feature", "properties": { "tg_type": "FON.CONCESSION", "nom": null, "source_id": "CB3D6BDC-C061-4E4A-87A6-80D26EF59B06", "source": "MINFOF_WRI_ATLAS_FORESTIER_SIG_2018", "statut": "IMPORTE", "date_source": "2015-11-30", "regime_tg": null, "categorie": "permis_recherche_miniere", "desc_type": "Permis de recherche", "num_lic": null, "minerais": "fer", "date_attr": "2010-11-10", "date_expr": "2013-11-09", "sup_adm_km2": 695.3, "sup_sig_km2": null }, "geometry": { "type": "MultiPolygon", "coordinates": [ [ [ [ 11.160829, 3.111947 ], [ 11.46156, 3.173336 ], [ 11.318886, 3.44528 ], [ 11.113362, 3.430165 ], [ 11.162496, 3.234444 ], [ 11.160829, 3.111947 ] ] ] ] } },
{ "type": "Feature", "properties": { "tg_type": "FON.CONCESSION", "nom": null, "source_id": "44CF44AE-BE0F-4A37-949C-0B77DE4AEE0B", "source": "MINFOF_WRI_ATLAS_FORESTIER_SIG_2018", "statut": "IMPORTE", "date_source": "2015-11-30", "regime_tg": null, "categorie": "permis_recherche_miniere", "desc_type": "Permis de recherche", "num_lic": null, "minerais": "fer", "date_attr": "2011-11-16", "date_expr": "2014-11-15", "sup_adm_km2": 417.8, "sup_sig_km2": null }, "geometry": { "type": "MultiPolygon", "coordinates": [ [ [ [ 11.823915, 2.920498 ], [ 11.727334, 2.70061 ], [ 11.889169, 2.681557 ], [ 11.952109, 2.918613 ], [ 11.823915, 2.920498 ] ] ] ] } },
{ "type": "Feature", "properties": { "tg_type": "FON.CONCESSION", "nom": null, "source_id": "8DA4BD3C-9EE0-4EC0-8912-BA7A377FBA31", "source": "MINFOF_WRI_ATLAS_FORESTIER_SIG_2018", "statut": "IMPORTE", "date_source": "2015-11-30", "regime_tg": null, "categorie": "permis_recherche_miniere", "desc_type": "Permis de recherche", "num_lic": null, "minerais": "fer", "date_attr": "2011-10-26", "date_expr": "2014-10-25", "sup_adm_km2": 540.99, "sup_sig_km2": null }, "geometry": { "type": "MultiPolygon", "coordinates": [ [ [ [ 11.952109, 2.918613 ], [ 11.889169, 2.681557 ], [ 12.059446, 2.662776 ], [ 12.121388, 2.831113 ], [ 12.086085, 2.925218 ], [ 11.952109, 2.918613 ] ] ] ] } },
{ "type": "Feature", "properties": { "tg_type": "FON.CONCESSION", "nom": null, "source_id": "4723E88D-BA2F-49C7-9105-62AF33B96DB4", "source": "MINFOF_WRI_ATLAS_FORESTIER_SIG_2018", "statut": "IMPORTE", "date_source": "2015-06-19", "regime_tg": null, "categorie": "permis_recherche_miniere", "desc_type": "Permis de recherche", "num_lic": null, "minerais": "dia", "date_attr": "2011-10-26", "date_expr": "2014-10-25", "sup_adm_km2": 190.7, "sup_sig_km2": null }, "geometry": { "type": "MultiPolygon", "coordinates": [ [ [ [ 16.083996, 2.20653 ], [ 16.133359, 2.20472 ], [ 16.13942, 2.181306 ], [ 16.189277, 2.215585 ], [ 16.155414, 2.249613 ], [ 16.171583, 2.273498 ], [ 16.076226, 2.465139 ], [ 16.083996, 2.20653 ] ] ] ] } },
{ "type": "Feature", "properties": { "tg_type": "FON.CONCESSION", "nom": null, "source_id": "3BFB6C13-6C79-428E-A3AD-ACB86186B7CF", "source": "MINFOF_WRI_ATLAS_FORESTIER_SIG_2018", "statut": "IMPORTE", "date_source": "2015-06-19", "regime_tg": null, "categorie": "permis_recherche_miniere", "desc_type": "Permis de recherche", "num_lic": null, "minerais": "general", "date_attr": "2010-09-19", "date_expr": "2013-09-18", "sup_adm_km2": 981.0, "sup_sig_km2": null }, "geometry": { "type": "MultiPolygon", "coordinates": [ [ [ [ 13.066942, 6.636389 ], [ 13.20694, 6.694448 ], [ 13.206942, 7.063059 ], [ 12.843052, 7.063055 ], [ 12.815002, 6.973613 ], [ 12.998057, 6.973612 ], [ 12.998057, 6.872782 ], [ 13.102503, 6.86639 ], [ 13.066942, 6.636389 ] ] ] ] } },
{ "type": "Feature", "properties": { "tg_type": "FON.CONCESSION", "nom": null, "source_id": "E70CB35E-B4F2-4F47-8715-F6830E8F23E1", "source": "MINFOF_WRI_ATLAS_FORESTIER_SIG_2018", "statut": "IMPORTE", "date_source": "2015-11-30", "regime_tg": null, "categorie": "permis_recherche_miniere", "desc_type": "Permis de recherche", "num_lic": null, "minerais": "or", "date_attr": "2011-07-22", "date_expr": "2014-07-21", "sup_adm_km2": 600.0, "sup_sig_km2": null }, "geometry": { "type": "MultiPolygon", "coordinates": [ [ [ [ 13.904164, 5.611114 ], [ 14.020832, 5.72083 ], [ 14.020836, 5.850003 ], [ 14.067164, 6.036946 ], [ 13.936003, 6.002669 ], [ 13.904164, 5.611114 ] ] ] ] } },
{ "type": "Feature", "properties": { "tg_type": "FON.CONCESSION", "nom": null, "source_id": "44B59910-2475-485E-89C5-242FDFC5E5CA", "source": "MINFOF_WRI_ATLAS_FORESTIER_SIG_2018", "statut": "IMPORTE", "date_source": "2015-11-30", "regime_tg": null, "categorie": "permis_recherche_miniere", "desc_type": "Permis de recherche", "num_lic": null, "minerais": "ur", "date_attr": "2010-05-26", "date_expr": "2012-05-25", "sup_adm_km2": 651.5, "sup_sig_km2": null }, "geometry": { "type": "MultiPolygon", "coordinates": [ [ [ [ 13.924721, 9.897781 ], [ 13.923337, 10.0 ], [ 13.833329, 10.000555 ], [ 13.833335, 9.70583 ], [ 13.923891, 9.688058 ], [ 14.018332, 9.730005 ], [ 14.12861, 9.819999 ], [ 14.165831, 9.903892 ], [ 14.128053, 9.95889 ], [ 14.08167, 9.898337 ], [ 13.951944, 9.811115 ], [ 13.924721, 9.897781 ] ], [ [ 14.111304, 9.896727 ], [ 14.106304, 9.894227 ], [ 14.104915, 9.897283 ], [ 14.109638, 9.899505 ], [ 14.111304, 9.896727 ] ], [ [ 14.110193, 9.869225 ], [ 14.106582, 9.868114 ], [ 14.105749, 9.870614 ], [ 14.10936, 9.870614 ], [ 14.110193, 9.869225 ] ] ] ] } },
{ "type": "Feature", "properties": { "tg_type": "FON.CONCESSION", "nom": null, "source_id": "95F4F25B-21A0-4E99-B8AD-15826717C905", "source": "MINFOF_WRI_ATLAS_FORESTIER_SIG_2018", "statut": "IMPORTE", "date_source": "2015-11-30", "regime_tg": null, "categorie": "permis_recherche_miniere", "desc_type": "Permis de recherche", "num_lic": null, "minerais": "fer", "date_attr": "2010-07-06", "date_expr": "2012-07-05", "sup_adm_km2": 783.4, "sup_sig_km2": null }, "geometry": { "type": "MultiPolygon", "coordinates": [ [ [ [ 13.66657, 2.499903 ], [ 13.666575, 2.169346 ], [ 13.999906, 2.173042 ], [ 13.999905, 2.333234 ], [ 13.788798, 2.333239 ], [ 13.788794, 2.499905 ], [ 13.66657, 2.499903 ] ] ] ] } },
{ "type": "Feature", "properties": { "tg_type": "FON.CONCESSION", "nom": null, "source_id": "ADC6E033-0936-4F1D-809A-4BE46D7F9F1B", "source": "MINFOF_WRI_ATLAS_FORESTIER_SIG_2018", "statut": "IMPORTE", "date_source": "2015-06-19", "regime_tg": null, "categorie": "permis_recherche_miniere", "desc_type": "Permis de recherche", "num_lic": null, "minerais": "general", "date_attr": "2010-09-16", "date_expr": "2013-09-15", "sup_adm_km2": 1000.0, "sup_sig_km2": null }, "geometry": { "type": "MultiPolygon", "coordinates": [ [ [ [ 10.010031, 3.094401 ], [ 10.301811, 3.116092 ], [ 10.575166, 3.384504 ], [ 10.19444, 3.337502 ], [ 10.010031, 3.094401 ] ] ] ] } },
{ "type": "Feature", "properties": { "tg_type": "FON.CONCESSION", "nom": null, "source_id": "9EA86941-3C55-46DA-8394-C6BDA5CB0E15", "source": "MINFOF_WRI_ATLAS_FORESTIER_SIG_2018", "statut": "IMPORTE", "date_source": "2015-11-30", "regime_tg": null, "categorie": "permis_recherche_miniere", "desc_type": "Permis de recherche", "num_lic": null, "minerais": "p_preciseuse", "date_attr": "2010-07-19", "date_expr": "2013-07-18", "sup_adm_km2": null, "sup_sig_km2": null }, "geometry": { "type": "MultiPolygon", "coordinates": [ [ [ [ 15.133888, 3.009725 ], [ 15.390001, 3.01472 ], [ 15.386946, 3.079171 ], [ 15.625276, 3.081663 ], [ 15.555275, 3.208608 ], [ 15.074445, 3.070554 ], [ 15.133888, 3.009725 ] ] ] ] } },
{ "type": "Feature", "properties": { "tg_type": "FON.CONCESSION", "nom": null, "source_id": "BC712AC6-6D84-4A5C-B94E-B259048AEFF5", "source": "MINFOF_WRI_ATLAS_FORESTIER_SIG_2018", "statut": "IMPORTE", "date_source": "2015-11-30", "regime_tg": null, "categorie": "permis_recherche_miniere", "desc_type": "Permis de recherche", "num_lic": null, "minerais": "fer", "date_attr": "2010-01-27", "date_expr": "2013-01-26", "sup_adm_km2": null, "sup_sig_km2": null }, "geometry": { "type": "MultiPolygon", "coordinates": [ [ [ [ 10.349976, 3.80035 ], [ 10.349976, 3.705897 ], [ 10.495807, 3.705897 ], [ 10.495807, 3.529491 ], [ 10.624972, 3.529491 ], [ 10.680621, 3.704468 ], [ 10.799918, 3.660515 ], [ 10.799969, 3.846187 ], [ 10.624972, 3.846187 ], [ 10.624972, 3.80035 ], [ 10.349976, 3.80035 ] ] ] ] } },
{ "type": "Feature", "properties": { "tg_type": "FON.CONCESSION", "nom": null, "source_id": "64C5353F-09D2-4C68-B3A2-CD0509244C42", "source": "MINFOF_WRI_ATLAS_FORESTIER_SIG_2018", "statut": "IMPORTE", "date_source": "2015-11-30", "regime_tg": null, "categorie": "permis_recherche_miniere", "desc_type": "Permis de recherche", "num_lic": null, "minerais": "fer", "date_attr": "2010-07-13", "date_expr": "2012-07-12", "sup_adm_km2": null, "sup_sig_km2": null }, "geometry": { "type": "MultiPolygon", "coordinates": [ [ [ [ 10.551926, 3.165652 ], [ 10.769062, 3.349791 ], [ 10.873093, 3.633546 ], [ 10.680621, 3.704468 ], [ 10.581068, 3.389909 ], [ 10.35849, 3.170447 ], [ 10.551926, 3.165652 ] ] ] ] } },
{ "type": "Feature", "properties": { "tg_type": "FON.CONCESSION", "nom": null, "source_id": "4B161ED4-E841-4701-B0C1-BE6571F48CC1", "source": "MINFOF_WRI_ATLAS_FORESTIER_SIG_2018", "statut": "IMPORTE", "date_source": "2015-06-19", "regime_tg": null, "categorie": "permis_recherche_miniere", "desc_type": "Permis de recherche", "num_lic": null, "minerais": "dia", "date_attr": "2011-04-25", "date_expr": null, "sup_adm_km2": 25042011.0, "sup_sig_km2": null }, "geometry": { "type": "MultiPolygon", "coordinates": [ [ [ [ 15.422447, 3.441526 ], [ 15.490665, 3.326999 ], [ 15.658444, 3.134754 ], [ 15.667972, 3.016475 ], [ 15.914697, 3.017751 ], [ 15.852558, 3.099723 ], [ 15.799137, 3.082695 ], [ 15.713948, 3.181415 ], [ 15.54428, 3.380752 ], [ 15.487357, 3.443775 ], [ 15.422447, 3.441526 ] ] ] ] } },
{ "type": "Feature", "properties": { "tg_type": "FON.CONCESSION", "nom": null, "source_id": "7B448EF5-67C1-43BE-B8EE-D34E6D2F3075", "source": "MINFOF_WRI_ATLAS_FORESTIER_SIG_2018", "statut": "IMPORTE", "date_source": "2015-06-19", "regime_tg": null, "categorie": "permis_recherche_miniere", "desc_type": "Permis de recherche", "num_lic": null, "minerais": "general", "date_attr": null, "date_expr": null, "sup_adm_km2": null, "sup_sig_km2": null }, "geometry": { "type": "MultiPolygon", "coordinates": [ [ [ [ 14.118552, 7.166574 ], [ 13.833251, 7.16732 ], [ 13.83325, 6.667275 ], [ 14.416574, 6.667275 ], [ 14.118552, 7.166574 ] ] ] ] } },
{ "type": "Feature", "properties": { "tg_type": "FON.CONCESSION", "nom": null, "source_id": "2ED133CF-B2D8-4BDE-B0E0-605EBA5ABF5B", "source": "MINFOF_WRI_ATLAS_FORESTIER_SIG_2018", "statut": "IMPORTE", "date_source": "2016-03-29", "regime_tg": null, "categorie": "permis_recherche_miniere", "desc_type": "Permis de recherche", "num_lic": null, "minerais": null, "date_attr": null, "date_expr": null, "sup_adm_km2": null, "sup_sig_km2": null }, "geometry": { "type": "MultiPolygon", "coordinates": [ [ [ [ 11.69914, 6.72306 ], [ 11.7225, 6.85611 ], [ 11.77325, 6.96273 ], [ 11.65655, 6.96885 ], [ 11.62156, 6.80372 ], [ 11.57712, 6.68655 ], [ 11.577153, 6.686458 ], [ 11.579136, 6.68098 ], [ 11.655, 6.47139 ], [ 11.69914, 6.72306 ] ] ] ] } },
{ "type": "Feature", "properties": { "tg_type": "FON.CONCESSION", "nom": null, "source_id": "EE1394F1-A4CA-46E7-BCAB-ACB208054AAC", "source": "MINFOF_WRI_ATLAS_FORESTIER_SIG_2018", "statut": "IMPORTE", "date_source": "2016-03-29", "regime_tg": null, "categorie": "permis_recherche_miniere", "desc_type": "Permis de recherche", "num_lic": null, "minerais": null, "date_attr": null, "date_expr": null, "sup_adm_km2": null, "sup_sig_km2": null }, "geometry": { "type": "MultiPolygon", "coordinates": [ [ [ [ 11.567974, 6.555812 ], [ 11.593102, 6.555984 ], [ 11.579136, 6.68098 ], [ 11.578372, 6.68782 ], [ 11.577153, 6.686458 ], [ 11.395122, 6.48299 ], [ 11.227888, 6.509406 ], [ 11.212404, 6.396246 ], [ 11.319244, 6.380692 ], [ 11.445905, 6.405454 ], [ 11.491688, 6.505027 ], [ 11.518094, 6.50144 ], [ 11.567974, 6.555812 ] ] ] ] } },
{ "type": "Feature", "properties": { "tg_type": "FON.CONCESSION", "nom": null, "source_id": "DA88BBB0-E528-40C8-92EA-3660CF3E216D", "source": "MINFOF_WRI_ATLAS_FORESTIER_SIG_2018", "statut": "IMPORTE", "date_source": "2016-03-29", "regime_tg": null, "categorie": "permis_recherche_miniere", "desc_type": "Permis de recherche", "num_lic": null, "minerais": null, "date_attr": null, "date_expr": null, "sup_adm_km2": null, "sup_sig_km2": null }, "geometry": { "type": "MultiPolygon", "coordinates": [ [ [ [ 11.655, 6.47139 ], [ 11.80972, 6.46361 ], [ 11.86068, 6.72375 ], [ 11.69914, 6.72306 ], [ 11.655, 6.47139 ] ] ] ] } }
]
}
