arrondissement_id,arrondissement_nom,departement,region,superficie_km2,pop_2025_estimee,densite_2025_hab_km2,foret_arboree_ha,part_foret_arboree_pct,savane_prairie_arbustes_ha,cultures_ha,part_cultures_pct,bati_ha,eau_permanente_ha,zones_humides_mangroves_ha,cultures_ha_par_habitant,foret_ha_par_habitant,ufa_ha,foret_communale_ha,foret_communautaire_ha,aire_protegee_ha,part_aire_protegee_pct,permis_recherche_miniere_ha,permis_exploitation_miniere_ha,nb_ufa,nb_forets_communautaires,nb_aires_protegees,nb_permis_miniers,sources,millesimes
9386221B79807514363005,Ngaoundal,Djerem,Adamaoua,3710.87,79713,21.5,219383.0,59.12,147467.8,1020.0,0.27,538.6,1482.2,1178.5,0.0128,2.7522,0.0,37509.6,0.0,23374.3,6.3,62034.5,0.0,0,0,1,2,WORLDPOP_R2025A_CN_100M;ESA_WORLDCOVER_2021_V200;MINFOF_WRI_ATLAS_FORESTIER_SIG_2018;GEOBOUNDARIES_CMR_ADM3_9469f09,pop=2025 (estimation modélisée) ; occupation du sol=2021 ; atlas forestier=2015-2019
9386221B19712168109098,Tabati,Djerem,Adamaoua,9600.67,142774,14.9,625649.4,65.17,307748.0,5555.3,0.58,1101.1,11736.2,7913.1,0.0389,4.3821,0.0,49.3,0.0,70423.1,7.34,124711.4,0.0,0,0,1,3,WORLDPOP_R2025A_CN_100M;ESA_WORLDCOVER_2021_V200;MINFOF_WRI_ATLAS_FORESTIER_SIG_2018;GEOBOUNDARIES_CMR_ADM3_9469f09,pop=2025 (estimation modélisée) ; occupation du sol=2021 ; atlas forestier=2015-2019
9386221B56423298576810,Galim-Tignère,Faro - Et - Déo,Adamaoua,1806.95,33242,18.4,104338.2,57.74,71314.5,4805.2,2.66,207.0,0.3,0.0,0.1446,3.1387,0.0,0.0,0.0,45088.0,24.95,55908.1,0.0,0,0,1,2,WORLDPOP_R2025A_CN_100M;ESA_WORLDCOVER_2021_V200;MINFOF_WRI_ATLAS_FORESTIER_SIG_2018;GEOBOUNDARIES_CMR_ADM3_9469f09,pop=2025 (estimation modélisée) ; occupation du sol=2021 ; atlas forestier=2015-2019
9386221B83688438968911,Kontcha,Faro - Et - Déo,Adamaoua,393.39,4859,12.4,6518.7,16.57,29929.9,2414.5,6.14,62.4,10.8,0.0,0.4969,1.3416,0.0,0.0,3010.8,208.6,0.53,0.0,0.0,0,1,1,0,WORLDPOP_R2025A_CN_100M;ESA_WORLDCOVER_2021_V200;MINFOF_WRI_ATLAS_FORESTIER_SIG_2018;GEOBOUNDARIES_CMR_ADM3_9469f09,pop=2025 (estimation modélisée) ; occupation du sol=2021 ; atlas forestier=2015-2019
9386221B75894342225273,Mayo-Baléo,Faro - Et - Déo,Adamaoua,3579.57,19852,5.5,243567.6,68.04,107167.5,6499.0,1.82,247.7,11.5,0.3,0.3274,12.2692,0.0,0.0,10.6,52098.6,14.55,0.0,0.0,0,1,2,0,WORLDPOP_R2025A_CN_100M;ESA_WORLDCOVER_2021_V200;MINFOF_WRI_ATLAS_FORESTIER_SIG_2018;GEOBOUNDARIES_CMR_ADM3_9469f09,pop=2025 (estimation modélisée) ; occupation du sol=2021 ; atlas forestier=2015-2019
9386221B72186674772599,Tignère,Faro - Et - Déo,Adamaoua,4872.09,76837,15.8,219645.5,45.08,254534.2,12222.4,2.51,494.0,112.8,20.8,0.1591,2.8586,0.0,0.0,0.0,0.0,0.0,71613.9,0.0,0,0,0,2,WORLDPOP_R2025A_CN_100M;ESA_WORLDCOVER_2021_V200;MINFOF_WRI_ATLAS_FORESTIER_SIG_2018;GEOBOUNDARIES_CMR_ADM3_9469f09,pop=2025 (estimation modélisée) ; occupation du sol=2021 ; atlas forestier=2015-2019
9386221B49690610034766,Bankim,Mayo-Banyo,Adamaoua,2442.41,109236,44.7,102602.0,42.01,117884.5,2821.1,1.16,756.1,12992.8,6954.8,0.0258,0.9393,24.0,0.0,132.1,0.0,0.0,66413.6,0.0,1,1,0,2,WORLDPOP_R2025A_CN_100M;ESA_WORLDCOVER_2021_V200;MINFOF_WRI_ATLAS_FORESTIER_SIG_2018;GEOBOUNDARIES_CMR_ADM3_9469f09,pop=2025 (estimation modélisée) ; occupation du sol=2021 ; atlas forestier=2015-2019
9386221B95759817871556,Banyo,Mayo-Banyo,Adamaoua,5066.49,173570,34.3,280788.1,55.42,207992.7,16176.7,3.19,916.1,352.0,13.8,0.0932,1.6177,0.0,0.0,96.8,24247.3,4.79,154296.7,0.0,0,1,1,6,WORLDPOP_R2025A_CN_100M;ESA_WORLDCOVER_2021_V200;MINFOF_WRI_ATLAS_FORESTIER_SIG_2018;GEOBOUNDARIES_CMR_ADM3_9469f09,pop=2025 (estimation modélisée) ; occupation du sol=2021 ; atlas forestier=2015-2019
9386221B6377751179039,Mayo-Darlé,Mayo-Banyo,Adamaoua,965.98,45183,46.8,53715.5,55.61,38691.1,3944.3,4.08,207.0,9.2,0.9,0.0873,1.1888,0.0,0.0,0.0,0.0,0.0,51059.2,0.0,0,0,0,5,WORLDPOP_R2025A_CN_100M;ESA_WORLDCOVER_2021_V200;MINFOF_WRI_ATLAS_FORESTIER_SIG_2018;GEOBOUNDARIES_CMR_ADM3_9469f09,pop=2025 (estimation modélisée) ; occupation du sol=2021 ; atlas forestier=2015-2019
9386221B24523978405317,Dir,Mbéré,Adamaoua,4911.46,32013,6.5,328904.7,66.96,161679.9,266.7,0.05,266.3,8.1,18.3,0.0083,10.2741,0.0,82.9,0.0,0.0,0.0,65848.6,0.0,0,0,0,3,WORLDPOP_R2025A_CN_100M;ESA_WORLDCOVER_2021_V200;MINFOF_WRI_ATLAS_FORESTIER_SIG_2018;GEOBOUNDARIES_CMR_ADM3_9469f09,pop=2025 (estimation modélisée) ; occupation du sol=2021 ; atlas forestier=2015-2019
9386221B43590333993773,Djohong,Mbéré,Adamaoua,2470.52,28457,11.5,144357.4,58.43,100733.7,1634.6,0.66,234.4,61.9,3.9,0.0574,5.0728,0.0,0.0,0.0,63249.4,25.6,27183.7,0.0,0,0,1,1,WORLDPOP_R2025A_CN_100M;ESA_WORLDCOVER_2021_V200;MINFOF_WRI_ATLAS_FORESTIER_SIG_2018;GEOBOUNDARIES_CMR_ADM3_9469f09,pop=2025 (estimation modélisée) ; occupation du sol=2021 ; atlas forestier=2015-2019
9386221B62336518359995,Meiganga,Mbéré,Adamaoua,6761.1,225763,33.4,510921.4,75.57,160146.2,2918.4,0.43,1511.3,301.6,14.7,0.0129,2.2631,0.0,0.0,0.0,0.0,0.0,387284.7,0.0,0,0,0,8,WORLDPOP_R2025A_CN_100M;ESA_WORLDCOVER_2021_V200;MINFOF_WRI_ATLAS_FORESTIER_SIG_2018;GEOBOUNDARIES_CMR_ADM3_9469f09,pop=2025 (estimation modélisée) ; occupation du sol=2021 ; atlas forestier=2015-2019
9386221B20856421798014,Ngaoui,Mbéré,Adamaoua,266.59,14988,56.2,11928.0,44.74,14141.4,449.9,1.69,139.1,0.0,0.0,0.03,0.7958,0.0,0.0,0.0,0.0,0.0,0.0,0.0,0,0,0,0,WORLDPOP_R2025A_CN_100M;ESA_WORLDCOVER_2021_V200;MINFOF_WRI_ATLAS_FORESTIER_SIG_2018;GEOBOUNDARIES_CMR_ADM3_9469f09,pop=2025 (estimation modélisée) ; occupation du sol=2021 ; atlas forestier=2015-2019
9386221B86555112377323,Bélel,Vina,Adamaoua,2029.97,33861,16.7,95563.2,47.08,101170.2,5827.1,2.87,345.5,21.7,64.4,0.1721,2.8222,0.0,0.0,0.0,61.4,0.03,69445.9,0.0,0,0,1,2,WORLDPOP_R2025A_CN_100M;ESA_WORLDCOVER_2021_V200;MINFOF_WRI_ATLAS_FORESTIER_SIG_2018;GEOBOUNDARIES_CMR_ADM3_9469f09,pop=2025 (estimation modélisée) ; occupation du sol=2021 ; atlas forestier=2015-2019
9386221B45425107612408,Martap,Vina,Adamaoua,4627.77,44771,9.7,215870.2,46.65,239018.1,7022.7,1.52,255.3,134.3,333.2,0.1569,4.8217,0.0,13907.1,0.0,0.0,0.0,73227.5,0.0,0,0,0,1,WORLDPOP_R2025A_CN_100M;ESA_WORLDCOVER_2021_V200;MINFOF_WRI_ATLAS_FORESTIER_SIG_2018;GEOBOUNDARIES_CMR_ADM3_9469f09,pop=2025 (estimation modélisée) ; occupation du sol=2021 ; atlas forestier=2015-2019
9386221B22617176648961,Mbé,Vina,Adamaoua,1716.95,25234,14.7,108735.7,63.33,52351.3,10141.5,5.91,367.4,9.7,1.5,0.4019,4.3091,0.0,992.1,0.0,0.0,0.0,0.0,0.0,0,0,0,0,WORLDPOP_R2025A_CN_100M;ESA_WORLDCOVER_2021_V200;MINFOF_WRI_ATLAS_FORESTIER_SIG_2018;GEOBOUNDARIES_CMR_ADM3_9469f09,pop=2025 (estimation modélisée) ; occupation du sol=2021 ; atlas forestier=2015-2019
9386221B27808303815769,Ngan'ha,Vina,Adamaoua,2077.82,46010,22.1,52052.2,25.05,135961.3,19057.7,9.17,459.6,42.0,166.3,0.4142,1.1313,0.0,19305.9,0.0,0.0,0.0,0.0,0.0,0,0,0,0,WORLDPOP_R2025A_CN_100M;ESA_WORLDCOVER_2021_V200;MINFOF_WRI_ATLAS_FORESTIER_SIG_2018;GEOBOUNDARIES_CMR_ADM3_9469f09,pop=2025 (estimation modélisée) ; occupation du sol=2021 ; atlas forestier=2015-2019
9386221B41429831054042,Ngaoundéré I,Vina,Adamaoua,323.79,155334,479.7,4702.2,14.52,22759.9,3050.4,9.42,1757.2,30.9,44.5,0.0196,0.0303,0.0,0.0,0.0,0.0,0.0,0.0,0.0,0,0,0,0,WORLDPOP_R2025A_CN_100M;ESA_WORLDCOVER_2021_V200;MINFOF_WRI_ATLAS_FORESTIER_SIG_2018;GEOBOUNDARIES_CMR_ADM3_9469f09,pop=2025 (estimation modélisée) ; occupation du sol=2021 ; atlas forestier=2015-2019
9386221B60959306764795,Ngaoundéré II,Vina,Adamaoua,257.14,167222,650.3,1755.9,6.83,18291.7,3475.2,13.52,1660.2,43.1,455.3,0.0208,0.0105,0.0,0.0,0.0,0.0,0.0,0.0,0.0,0,0,0,0,WORLDPOP_R2025A_CN_100M;ESA_WORLDCOVER_2021_V200;MINFOF_WRI_ATLAS_FORESTIER_SIG_2018;GEOBOUNDARIES_CMR_ADM3_9469f09,pop=2025 (estimation modélisée) ; occupation du sol=2021 ; atlas forestier=2015-2019
9386221B16773551692395,Ngaoundéré III,Vina,Adamaoua,237.59,32413,136.4,2412.2,10.15,15680.4,4889.7,20.58,488.8,1.1,276.2,0.1509,0.0744,0.0,233.2,0.0,0.0,0.0,0.0,0.0,0,0,0,0,WORLDPOP_R2025A_CN_100M;ESA_WORLDCOVER_2021_V200;MINFOF_WRI_ATLAS_FORESTIER_SIG_2018;GEOBOUNDARIES_CMR_ADM3_9469f09,pop=2025 (estimation modélisée) ; occupation du sol=2021 ; atlas forestier=2015-2019
9386221B63558016528388,Nyambaka,Vina,Adamaoua,5875.02,53733,9.1,241152.8,41.05,327385.3,17447.9,2.97,547.6,118.3,760.6,0.3247,4.488,0.0,119102.9,0.0,0.0,0.0,170121.2,0.0,0,0,0,1,WORLDPOP_R2025A_CN_100M;ESA_WORLDCOVER_2021_V200;MINFOF_WRI_ATLAS_FORESTIER_SIG_2018;GEOBOUNDARIES_CMR_ADM3_9469f09,pop=2025 (estimation modélisée) ; occupation du sol=2021 ; atlas forestier=2015-2019
9386221B56027412894684,Yaoundé I, Mfoundi,Centre,56.18,232906,4145.8,1669.2,29.71,783.0,0.8,0.01,3131.2,0.0,0.1,0.0,0.0072,0.0,0.0,0.0,0.0,0.0,0.0,0.0,0,0,0,0,WORLDPOP_R2025A_CN_100M;ESA_WORLDCOVER_2021_V200;MINFOF_WRI_ATLAS_FORESTIER_SIG_2018;GEOBOUNDARIES_CMR_ADM3_9469f09,pop=2025 (estimation modélisée) ; occupation du sol=2021 ; atlas forestier=2015-2019
9386221B66762903352612,Yaoundé II, Mfoundi,Centre,22.96,114915,5005.9,1027.4,44.75,311.4,0.0,0.0,948.7,0.0,0.0,0.0,0.0089,0.0,0.0,0.0,0.0,0.0,0.0,0.0,0,0,0,0,WORLDPOP_R2025A_CN_100M;ESA_WORLDCOVER_2021_V200;MINFOF_WRI_ATLAS_FORESTIER_SIG_2018;GEOBOUNDARIES_CMR_ADM3_9469f09,pop=2025 (estimation modélisée) ; occupation du sol=2021 ; atlas forestier=2015-2019
9386221B385560552798,Yaoundé III, Mfoundi,Centre,68.16,712407,10452.1,3247.8,47.65,1095.2,0.1,0.0,2431.8,2.7,0.1,0.0,0.0046,0.0,0.0,0.0,0.0,0.0,0.0,0.0,0,0,0,0,WORLDPOP_R2025A_CN_100M;ESA_WORLDCOVER_2021_V200;MINFOF_WRI_ATLAS_FORESTIER_SIG_2018;GEOBOUNDARIES_CMR_ADM3_9469f09,pop=2025 (estimation modélisée) ; occupation du sol=2021 ; atlas forestier=2015-2019
9386221B61842396914424,Yaoundé IV, Mfoundi,Centre,58.8,1275970,21700.5,1089.7,18.53,598.0,0.3,0.0,4140.5,0.5,0.0,0.0,0.0009,0.0,0.0,0.0,0.0,0.0,0.0,0.0,0,0,0,0,WORLDPOP_R2025A_CN_100M;ESA_WORLDCOVER_2021_V200;MINFOF_WRI_ATLAS_FORESTIER_SIG_2018;GEOBOUNDARIES_CMR_ADM3_9469f09,pop=2025 (estimation modélisée) ; occupation du sol=2021 ; atlas forestier=2015-2019
9386221B47531248617039,Yaoundé V, Mfoundi,Centre,25.85,256615,9926.6,329.5,12.75,122.5,0.0,0.0,2129.6,0.0,0.0,0.0,0.0013,0.0,0.0,0.0,0.0,0.0,0.0,0.0,0,0,0,0,WORLDPOP_R2025A_CN_100M;ESA_WORLDCOVER_2021_V200;MINFOF_WRI_ATLAS_FORESTIER_SIG_2018;GEOBOUNDARIES_CMR_ADM3_9469f09,pop=2025 (estimation modélisée) ; occupation du sol=2021 ; atlas forestier=2015-2019
9386221B408891228510,Yaoundé VI, Mfoundi,Centre,22.16,592945,26763.0,289.4,13.06,84.4,0.0,0.0,1832.9,1.0,0.0,0.0,0.0005,0.0,0.0,0.0,0.0,0.0,0.0,0.0,0,0,0,0,WORLDPOP_R2025A_CN_100M;ESA_WORLDCOVER_2021_V200;MINFOF_WRI_ATLAS_FORESTIER_SIG_2018;GEOBOUNDARIES_CMR_ADM3_9469f09,pop=2025 (estimation modélisée) ; occupation du sol=2021 ; atlas forestier=2015-2019
9386221B18291950390240,Yaoundé VII, Mfoundi,Centre,35.31,143986,4078.0,1540.5,43.63,421.9,0.0,0.0,1511.7,36.2,0.0,0.0,0.0107,0.0,0.0,0.0,0.0,0.0,0.0,0.0,0,0,0,0,WORLDPOP_R2025A_CN_100M;ESA_WORLDCOVER_2021_V200;MINFOF_WRI_ATLAS_FORESTIER_SIG_2018;GEOBOUNDARIES_CMR_ADM3_9469f09,pop=2025 (estimation modélisée) ; occupation du sol=2021 ; atlas forestier=2015-2019
9386221B78288221055850,Bibey,Haute - Sanaga,Centre,1236.99,8070,6.5,111608.4,90.23,10933.4,0.6,0.0,84.2,1071.8,0.4,0.0001,13.83,64671.3,0.0,13181.4,0.0,0.0,886.7,0.0,5,4,0,1,WORLDPOP_R2025A_CN_100M;ESA_WORLDCOVER_2021_V200;MINFOF_WRI_ATLAS_FORESTIER_SIG_2018;GEOBOUNDARIES_CMR_ADM3_9469f09,pop=2025 (estimation modélisée) ; occupation du sol=2021 ; atlas forestier=2015-2019
9386221B12871175619007,Lembe Yezoum,Haute - Sanaga,Centre,1018.15,10493,10.3,91909.1,90.27,9722.7,87.9,0.09,89.9,0.0,0.0,0.0084,8.7591,0.0,0.0,19101.8,0.0,0.0,17027.9,0.0,0,7,0,2,WORLDPOP_R2025A_CN_100M;ESA_WORLDCOVER_2021_V200;MINFOF_WRI_ATLAS_FORESTIER_SIG_2018;GEOBOUNDARIES_CMR_ADM3_9469f09,pop=2025 (estimation modélisée) ; occupation du sol=2021 ; atlas forestier=2015-2019
9386221B58725943813912,Mbandjock,Haute - Sanaga,Centre,936.19,39821,42.5,55350.2,59.12,34974.9,435.5,0.47,354.8,2238.9,29.9,0.0109,1.39,0.0,0.0,15.4,0.0,0.0,15.2,0.0,0,1,0,1,WORLDPOP_R2025A_CN_100M;ESA_WORLDCOVER_2021_V200;MINFOF_WRI_ATLAS_FORESTIER_SIG_2018;GEOBOUNDARIES_CMR_ADM3_9469f09,pop=2025 (estimation modélisée) ; occupation du sol=2021 ; atlas forestier=2015-2019
9386221B72803640031739,Minta,Haute - Sanaga,Centre,2063.1,21674,10.5,179005.7,86.77,26508.4,0.8,0.0,249.8,533.4,8.3,0.0,8.259,0.0,42160.6,27552.0,11200.9,5.43,0.0,0.0,0,11,1,0,WORLDPOP_R2025A_CN_100M;ESA_WORLDCOVER_2021_V200;MINFOF_WRI_ATLAS_FORESTIER_SIG_2018;GEOBOUNDARIES_CMR_ADM3_9469f09,pop=2025 (estimation modélisée) ; occupation du sol=2021 ; atlas forestier=2015-2019
9386221B30079152631265,Nanga-Eboko,Haute - Sanaga,Centre,5396.81,63399,11.7,468094.1,86.74,66527.1,151.3,0.03,524.7,4354.9,21.3,0.0024,7.3833,49031.6,19710.7,42263.4,0.0,0.0,136404.4,0.0,3,13,0,3,WORLDPOP_R2025A_CN_100M;ESA_WORLDCOVER_2021_V200;MINFOF_WRI_ATLAS_FORESTIER_SIG_2018;GEOBOUNDARIES_CMR_ADM3_9469f09,pop=2025 (estimation modélisée) ; occupation du sol=2021 ; atlas forestier=2015-2019
9386221B5549911640036,Nkoteng,Haute - Sanaga,Centre,762.51,39957,52.4,41143.9,53.96,31295.0,2375.6,3.12,530.2,862.0,5.1,0.0595,1.0297,0.0,0.0,3117.7,0.0,0.0,38436.9,0.0,0,2,0,3,WORLDPOP_R2025A_CN_100M;ESA_WORLDCOVER_2021_V200;MINFOF_WRI_ATLAS_FORESTIER_SIG_2018;GEOBOUNDARIES_CMR_ADM3_9469f09,pop=2025 (estimation modélisée) ; occupation du sol=2021 ; atlas forestier=2015-2019
9386221B29439611167518,Nsem,Haute - Sanaga,Centre,320.44,9331,29.1,27819.3,86.82,3527.6,2.3,0.01,88.9,605.0,0.0,0.0002,2.9814,0.0,649.3,3.9,0.0,0.0,0.0,0.0,0,1,0,0,WORLDPOP_R2025A_CN_100M;ESA_WORLDCOVER_2021_V200;MINFOF_WRI_ATLAS_FORESTIER_SIG_2018;GEOBOUNDARIES_CMR_ADM3_9469f09,pop=2025 (estimation modélisée) ; occupation du sol=2021 ; atlas forestier=2015-2019
9386221B67921036823798,Batchenga,Lékié,Centre,233.74,8421,36.0,12419.1,53.13,10471.3,3.4,0.01,232.1,213.1,0.6,0.0004,1.4748,0.0,0.0,6.8,0.0,0.0,0.0,0.0,0,1,0,0,WORLDPOP_R2025A_CN_100M;ESA_WORLDCOVER_2021_V200;MINFOF_WRI_ATLAS_FORESTIER_SIG_2018;GEOBOUNDARIES_CMR_ADM3_9469f09,pop=2025 (estimation modélisée) ; occupation du sol=2021 ; atlas forestier=2015-2019
9386221B8445615710789,Ebebda,Lékié,Centre,217.87,18388,84.4,19698.5,90.41,1170.6,0.5,0.0,292.9,616.2,3.1,0.0,1.0713,0.0,0.0,0.0,0.0,0.0,4005.9,0.0,0,0,0,1,WORLDPOP_R2025A_CN_100M;ESA_WORLDCOVER_2021_V200;MINFOF_WRI_ATLAS_FORESTIER_SIG_2018;GEOBOUNDARIES_CMR_ADM3_9469f09,pop=2025 (estimation modélisée) ; occupation du sol=2021 ; atlas forestier=2015-2019
9386221B4228377683115,Elig-Mfomo,Lékié,Centre,203.16,16372,80.6,19300.6,95.0,643.3,0.0,0.0,371.4,0.0,0.0,0.0,1.1789,0.0,0.0,0.0,0.0,0.0,11188.8,0.0,0,0,0,1,WORLDPOP_R2025A_CN_100M;ESA_WORLDCOVER_2021_V200;MINFOF_WRI_ATLAS_FORESTIER_SIG_2018;GEOBOUNDARIES_CMR_ADM3_9469f09,pop=2025 (estimation modélisée) ; occupation du sol=2021 ; atlas forestier=2015-2019
9386221B99356149209388,Evodoula,Lékié,Centre,184.09,12215,66.4,17765.0,96.5,354.2,0.0,0.0,288.5,0.0,0.0,0.0,1.4544,0.0,0.0,0.0,0.0,0.0,32.9,0.0,0,0,0,1,WORLDPOP_R2025A_CN_100M;ESA_WORLDCOVER_2021_V200;MINFOF_WRI_ATLAS_FORESTIER_SIG_2018;GEOBOUNDARIES_CMR_ADM3_9469f09,pop=2025 (estimation modélisée) ; occupation du sol=2021 ; atlas forestier=2015-2019
9386221B69382232714258,Lobo,Lékié,Centre,302.43,9679,32.0,29351.2,97.05,643.0,0.0,0.0,202.8,0.0,0.0,0.0,3.0325,0.0,0.0,0.0,0.0,0.0,0.0,0.0,0,0,0,0,WORLDPOP_R2025A_CN_100M;ESA_WORLDCOVER_2021_V200;MINFOF_WRI_ATLAS_FORESTIER_SIG_2018;GEOBOUNDARIES_CMR_ADM3_9469f09,pop=2025 (estimation modélisée) ; occupation du sol=2021 ; atlas forestier=2015-2019
9386221B5949331525630,Monatélé,Lékié,Centre,415.89,33048,79.5,36692.0,88.22,2611.8,4.2,0.01,699.7,1538.4,15.9,0.0001,1.1103,0.0,6.1,0.0,0.0,0.0,27055.3,0.0,0,0,0,1,WORLDPOP_R2025A_CN_100M;ESA_WORLDCOVER_2021_V200;MINFOF_WRI_ATLAS_FORESTIER_SIG_2018;GEOBOUNDARIES_CMR_ADM3_9469f09,pop=2025 (estimation modélisée) ; occupation du sol=2021 ; atlas forestier=2015-2019
9386221B43764539734094,Obala,Lékié,Centre,400.6,63332,158.1,32661.7,81.53,5751.2,0.1,0.0,1620.4,0.1,0.0,0.0,0.5157,0.0,0.0,0.0,0.0,0.0,6646.0,0.0,0,0,0,1,WORLDPOP_R2025A_CN_100M;ESA_WORLDCOVER_2021_V200;MINFOF_WRI_ATLAS_FORESTIER_SIG_2018;GEOBOUNDARIES_CMR_ADM3_9469f09,pop=2025 (estimation modélisée) ; occupation du sol=2021 ; atlas forestier=2015-2019
9386221B26371273513281,Okala,Lékié,Centre,577.96,48806,84.4,53727.9,92.96,2866.0,3.2,0.01,1140.8,28.4,0.1,0.0001,1.1008,0.0,0.0,0.0,0.0,0.0,0.0,0.0,0,0,0,0,WORLDPOP_R2025A_CN_100M;ESA_WORLDCOVER_2021_V200;MINFOF_WRI_ATLAS_FORESTIER_SIG_2018;GEOBOUNDARIES_CMR_ADM3_9469f09,pop=2025 (estimation modélisée) ; occupation du sol=2021 ; atlas forestier=2015-2019
9386221B53456133696336,Sa'a,Lékié,Centre,500.7,39251,78.4,44888.1,89.65,3546.1,0.1,0.0,798.9,833.0,1.9,0.0,1.1436,0.0,0.0,4868.6,0.0,0.0,29945.1,0.0,0,1,0,1,WORLDPOP_R2025A_CN_100M;ESA_WORLDCOVER_2021_V200;MINFOF_WRI_ATLAS_FORESTIER_SIG_2018;GEOBOUNDARIES_CMR_ADM3_9469f09,pop=2025 (estimation modélisée) ; occupation du sol=2021 ; atlas forestier=2015-2019
9386221B67742438381032,Bafia,Mbam - Et - Inoubou,Centre,238.94,107467,449.8,16001.7,66.97,6694.0,9.8,0.04,930.8,247.7,1.0,0.0001,0.1489,0.0,0.0,0.0,0.0,0.0,7008.6,0.0,0,0,0,1,WORLDPOP_R2025A_CN_100M;ESA_WORLDCOVER_2021_V200;MINFOF_WRI_ATLAS_FORESTIER_SIG_2018;GEOBOUNDARIES_CMR_ADM3_9469f09,pop=2025 (estimation modélisée) ; occupation du sol=2021 ; atlas forestier=2015-2019
9386221B25127746311543,Bokito,Mbam - Et - Inoubou,Centre,1509.24,72235,47.9,75468.3,50.0,72780.0,101.6,0.07,557.3,1943.9,26.1,0.0014,1.0448,0.0,34818.7,2413.6,0.0,0.0,3593.6,0.0,0,1,0,1,WORLDPOP_R2025A_CN_100M;ESA_WORLDCOVER_2021_V200;MINFOF_WRI_ATLAS_FORESTIER_SIG_2018;GEOBOUNDARIES_CMR_ADM3_9469f09,pop=2025 (estimation modélisée) ; occupation du sol=2021 ; atlas forestier=2015-2019
9386221B29514066115612,Deuk,Mbam - Et - Inoubou,Centre,1447.37,20149,13.9,126435.9,87.36,16529.8,9.8,0.01,184.9,1549.0,3.6,0.0005,6.275,11436.6,0.0,61161.2,0.0,0.0,59129.1,0.0,1,16,0,1,WORLDPOP_R2025A_CN_100M;ESA_WORLDCOVER_2021_V200;MINFOF_WRI_ATLAS_FORESTIER_SIG_2018;GEOBOUNDARIES_CMR_ADM3_9469f09,pop=2025 (estimation modélisée) ; occupation du sol=2021 ; atlas forestier=2015-2019
9386221B32510517972277,Kiiki,Mbam - Et - Inoubou,Centre,227.83,28798,126.4,15136.7,66.44,7485.1,18.4,0.08,141.0,0.0,0.0,0.0006,0.5256,0.0,0.0,0.0,0.0,0.0,456.7,0.0,0,0,0,1,WORLDPOP_R2025A_CN_100M;ESA_WORLDCOVER_2021_V200;MINFOF_WRI_ATLAS_FORESTIER_SIG_2018;GEOBOUNDARIES_CMR_ADM3_9469f09,pop=2025 (estimation modélisée) ; occupation du sol=2021 ; atlas forestier=2015-2019
9386221B75309730271740,Kon-Yambetta,Mbam - Et - Inoubou,Centre,349.51,15680,44.9,25333.4,72.48,9145.9,12.7,0.04,158.3,280.2,0.3,0.0008,1.6157,0.0,0.0,148.8,0.0,0.0,26791.9,0.0,0,6,0,1,WORLDPOP_R2025A_CN_100M;ESA_WORLDCOVER_2021_V200;MINFOF_WRI_ATLAS_FORESTIER_SIG_2018;GEOBOUNDARIES_CMR_ADM3_9469f09,pop=2025 (estimation modélisée) ; occupation du sol=2021 ; atlas forestier=2015-2019
9386221B61437409238039,Makenene,Mbam - Et - Inoubou,Centre,703.33,21502,30.6,60469.5,85.98,9452.2,25.7,0.04,364.3,8.8,1.7,0.0012,2.8123,22.8,27149.0,11995.1,0.0,0.0,34631.8,0.0,1,5,0,1,WORLDPOP_R2025A_CN_100M;ESA_WORLDCOVER_2021_V200;MINFOF_WRI_ATLAS_FORESTIER_SIG_2018;GEOBOUNDARIES_CMR_ADM3_9469f09,pop=2025 (estimation modélisée) ; occupation du sol=2021 ; atlas forestier=2015-2019
9386221B20872293533927,Ndikiniméki,Mbam - Et - Inoubou,Centre,1825.05,24230,13.3,176491.3,96.71,5643.1,3.7,0.0,349.0,9.9,4.4,0.0002,7.284,55791.9,12742.3,15945.0,7031.7,3.85,37768.1,0.0,1,7,1,1,WORLDPOP_R2025A_CN_100M;ESA_WORLDCOVER_2021_V200;MINFOF_WRI_ATLAS_FORESTIER_SIG_2018;GEOBOUNDARIES_CMR_ADM3_9469f09,pop=2025 (estimation modélisée) ; occupation du sol=2021 ; atlas forestier=2015-2019
9386221B93171671675952,Nitoukou,Mbam - Et - Inoubou,Centre,170.92,6738,39.4,14062.5,82.28,2928.6,1.8,0.01,98.2,0.0,0.0,0.0003,2.087,0.0,0.0,4.7,0.0,0.0,0.0,0.0,0,1,0,0,WORLDPOP_R2025A_CN_100M;ESA_WORLDCOVER_2021_V200;MINFOF_WRI_ATLAS_FORESTIER_SIG_2018;GEOBOUNDARIES_CMR_ADM3_9469f09,pop=2025 (estimation modélisée) ; occupation du sol=2021 ; atlas forestier=2015-2019
9386221B77875599033444,Ombessa,Mbam - Et - Inoubou,Centre,359.32,71554,199.1,18501.5,51.49,15836.5,85.2,0.24,511.9,959.5,5.9,0.0012,0.2586,0.0,0.0,0.2,0.0,0.0,0.0,0.0,0,1,0,0,WORLDPOP_R2025A_CN_100M;ESA_WORLDCOVER_2021_V200;MINFOF_WRI_ATLAS_FORESTIER_SIG_2018;GEOBOUNDARIES_CMR_ADM3_9469f09,pop=2025 (estimation modélisée) ; occupation du sol=2021 ; atlas forestier=2015-2019
9386221B55468648796943,Mbangassina,Mbam - Et - Kim,Centre,484.58,34759,71.7,37954.6,78.32,8658.1,31.2,0.06,420.2,1371.4,9.9,0.0009,1.0919,0.0,0.0,493.9,0.0,0.0,0.0,0.0,0,2,0,0,WORLDPOP_R2025A_CN_100M;ESA_WORLDCOVER_2021_V200;MINFOF_WRI_ATLAS_FORESTIER_SIG_2018;GEOBOUNDARIES_CMR_ADM3_9469f09,pop=2025 (estimation modélisée) ; occupation du sol=2021 ; atlas forestier=2015-2019
9386221B4287274397308,Ngambé-Tikar,Mbam - Et - Kim,Centre,6901.49,25330,3.7,467239.3,67.7,220153.0,453.4,0.07,267.6,1922.3,30.5,0.0179,18.4461,165060.8,0.0,89905.4,0.0,0.0,0.0,0.0,3,22,0,0,WORLDPOP_R2025A_CN_100M;ESA_WORLDCOVER_2021_V200;MINFOF_WRI_ATLAS_FORESTIER_SIG_2018;GEOBOUNDARIES_CMR_ADM3_9469f09,pop=2025 (estimation modélisée) ; occupation du sol=2021 ; atlas forestier=2015-2019
9386221B86637045345596,Ngoro,Mbam - Et - Kim,Centre,1990.88,56300,28.3,156276.0,78.5,41628.3,46.8,0.02,499.2,589.1,7.5,0.0008,2.7758,240.0,0.0,16136.8,0.0,0.0,6556.2,0.0,1,8,0,1,WORLDPOP_R2025A_CN_100M;ESA_WORLDCOVER_2021_V200;MINFOF_WRI_ATLAS_FORESTIER_SIG_2018;GEOBOUNDARIES_CMR_ADM3_9469f09,pop=2025 (estimation modélisée) ; occupation du sol=2021 ; atlas forestier=2015-2019
9386221B82954047932439,Ntui,Mbam - Et - Kim,Centre,993.68,57367,57.7,70325.5,70.77,27368.0,35.9,0.04,604.9,1012.8,4.6,0.0006,1.2259,0.0,0.0,15526.5,0.0,0.0,0.0,0.0,0,4,0,0,WORLDPOP_R2025A_CN_100M;ESA_WORLDCOVER_2021_V200;MINFOF_WRI_ATLAS_FORESTIER_SIG_2018;GEOBOUNDARIES_CMR_ADM3_9469f09,pop=2025 (estimation modélisée) ; occupation du sol=2021 ; atlas forestier=2015-2019
9386221B59641412270036,Yoko,Mbam - Et - Kim,Centre,15689.6,27237,1.7,1259788.6,80.3,307297.6,75.6,0.0,518.9,1038.6,70.3,0.0028,46.2528,279601.7,29636.4,44493.5,354073.6,22.57,0.0,0.0,9,12,2,0,WORLDPOP_R2025A_CN_100M;ESA_WORLDCOVER_2021_V200;MINFOF_WRI_ATLAS_FORESTIER_SIG_2018;GEOBOUNDARIES_CMR_ADM3_9469f09,pop=2025 (estimation modélisée) ; occupation du sol=2021 ; atlas forestier=2015-2019
9386221B36296170087254,Afanloum,Méfou - Et - Afamba,Centre,252.93,1693,6.7,24536.3,97.01,731.2,0.2,0.0,24.9,0.0,0.0,0.0001,14.4928,0.0,0.0,2721.0,0.0,0.0,0.0,0.0,0,2,0,0,WORLDPOP_R2025A_CN_100M;ESA_WORLDCOVER_2021_V200;MINFOF_WRI_ATLAS_FORESTIER_SIG_2018;GEOBOUNDARIES_CMR_ADM3_9469f09,pop=2025 (estimation modélisée) ; occupation du sol=2021 ; atlas forestier=2015-2019
9386221B17144458864430,Awaé,Méfou - Et - Afamba,Centre,532.19,13496,25.4,48278.0,90.71,4569.1,51.2,0.1,317.2,0.0,0.0,0.0038,3.5772,0.0,0.0,6921.1,0.0,0.0,1739.7,0.0,0,5,0,1,WORLDPOP_R2025A_CN_100M;ESA_WORLDCOVER_2021_V200;MINFOF_WRI_ATLAS_FORESTIER_SIG_2018;GEOBOUNDARIES_CMR_ADM3_9469f09,pop=2025 (estimation modélisée) ; occupation du sol=2021 ; atlas forestier=2015-2019
9386221B13087768970477,Edzendouan,Méfou - Et - Afamba,Centre,403.5,4847,12.0,32717.1,81.08,7562.0,0.8,0.0,70.1,0.0,0.1,0.0002,6.75,0.0,0.0,0.0,0.0,0.0,0.0,0.0,0,0,0,0,WORLDPOP_R2025A_CN_100M;ESA_WORLDCOVER_2021_V200;MINFOF_WRI_ATLAS_FORESTIER_SIG_2018;GEOBOUNDARIES_CMR_ADM3_9469f09,pop=2025 (estimation modélisée) ; occupation du sol=2021 ; atlas forestier=2015-2019
9386221B89727534765120,Esse,Méfou - Et - Afamba,Centre,838.9,11125,13.3,74838.1,89.21,8767.3,0.8,0.0,272.5,0.0,0.0,0.0001,6.727,0.0,0.0,8949.3,0.0,0.0,0.0,0.0,0,5,0,0,WORLDPOP_R2025A_CN_100M;ESA_WORLDCOVER_2021_V200;MINFOF_WRI_ATLAS_FORESTIER_SIG_2018;GEOBOUNDARIES_CMR_ADM3_9469f09,pop=2025 (estimation modélisée) ; occupation du sol=2021 ; atlas forestier=2015-2019
9386221B43080782869533,Mfou,Méfou - Et - Afamba,Centre,499.93,96078,192.2,42070.8,84.15,6596.2,0.1,0.0,1285.8,6.2,4.5,0.0,0.4379,0.0,0.0,94.4,1099.9,2.2,14136.3,0.0,0,1,1,1,WORLDPOP_R2025A_CN_100M;ESA_WORLDCOVER_2021_V200;MINFOF_WRI_ATLAS_FORESTIER_SIG_2018;GEOBOUNDARIES_CMR_ADM3_9469f09,pop=2025 (estimation modélisée) ; occupation du sol=2021 ; atlas forestier=2015-2019
9386221B53910864133927,Nkolafamba,Méfou - Et - Afamba,Centre,329.47,477655,1449.8,28094.6,85.27,2152.5,0.1,0.0,2677.4,0.0,0.0,0.0,0.0588,0.0,0.0,0.0,0.0,0.0,15258.0,0.0,0,0,0,1,WORLDPOP_R2025A_CN_100M;ESA_WORLDCOVER_2021_V200;MINFOF_WRI_ATLAS_FORESTIER_SIG_2018;GEOBOUNDARIES_CMR_ADM3_9469f09,pop=2025 (estimation modélisée) ; occupation du sol=2021 ; atlas forestier=2015-2019
9386221B73833622274128,Olanguina,Méfou - Et - Afamba,Centre,230.05,3005,13.1,21550.9,93.68,1390.3,4.1,0.02,59.4,0.0,0.0,0.0014,7.1717,0.0,0.0,0.0,0.0,0.0,0.0,0.0,0,0,0,0,WORLDPOP_R2025A_CN_100M;ESA_WORLDCOVER_2021_V200;MINFOF_WRI_ATLAS_FORESTIER_SIG_2018;GEOBOUNDARIES_CMR_ADM3_9469f09,pop=2025 (estimation modélisée) ; occupation du sol=2021 ; atlas forestier=2015-2019
9386221B87256972137423,Soa,Méfou - Et - Afamba,Centre,272.25,107886,396.3,19391.1,71.23,5227.2,0.9,0.0,2564.5,0.3,0.0,0.0,0.1797,0.0,0.0,0.0,0.0,0.0,0.0,0.0,0,0,0,0,WORLDPOP_R2025A_CN_100M;ESA_WORLDCOVER_2021_V200;MINFOF_WRI_ATLAS_FORESTIER_SIG_2018;GEOBOUNDARIES_CMR_ADM3_9469f09,pop=2025 (estimation modélisée) ; occupation du sol=2021 ; atlas forestier=2015-2019
9386221B59360466717937,Akono,Méfou - Et - Akono,Centre,182.75,13954,76.4,17557.5,96.08,466.5,0.1,0.0,203.3,22.5,0.1,0.0,1.2582,0.0,0.6,0.0,0.0,0.0,1060.0,0.0,0,0,0,1,WORLDPOP_R2025A_CN_100M;ESA_WORLDCOVER_2021_V200;MINFOF_WRI_ATLAS_FORESTIER_SIG_2018;GEOBOUNDARIES_CMR_ADM3_9469f09,pop=2025 (estimation modélisée) ; occupation du sol=2021 ; atlas forestier=2015-2019
9386221B89274956330401,Bikok,Méfou - Et - Akono,Centre,458.42,40344,88.0,43505.8,94.9,1892.1,0.3,0.0,351.3,53.1,0.0,0.0,1.0784,0.0,0.0,0.0,0.0,0.0,270.3,0.0,0,0,0,1,WORLDPOP_R2025A_CN_100M;ESA_WORLDCOVER_2021_V200;MINFOF_WRI_ATLAS_FORESTIER_SIG_2018;GEOBOUNDARIES_CMR_ADM3_9469f09,pop=2025 (estimation modélisée) ; occupation du sol=2021 ; atlas forestier=2015-2019
9386221B74669662055671,Mbankomo,Méfou - Et - Akono,Centre,445.05,197817,444.5,40220.6,90.37,2871.0,0.9,0.0,1368.8,0.0,0.0,0.0,0.2033,0.0,0.0,0.0,0.0,0.0,0.0,0.0,0,0,0,0,WORLDPOP_R2025A_CN_100M;ESA_WORLDCOVER_2021_V200;MINFOF_WRI_ATLAS_FORESTIER_SIG_2018;GEOBOUNDARIES_CMR_ADM3_9469f09,pop=2025 (estimation modélisée) ; occupation du sol=2021 ; atlas forestier=2015-2019
9386221B17458890045458,Ngoumou,Méfou - Et - Akono,Centre,250.03,19379,77.5,24076.9,96.29,647.4,0.0,0.0,278.6,0.0,0.0,0.0,1.2424,0.0,0.0,0.0,0.0,0.0,0.0,0.0,0,0,0,0,WORLDPOP_R2025A_CN_100M;ESA_WORLDCOVER_2021_V200;MINFOF_WRI_ATLAS_FORESTIER_SIG_2018;GEOBOUNDARIES_CMR_ADM3_9469f09,pop=2025 (estimation modélisée) ; occupation du sol=2021 ; atlas forestier=2015-2019
9386221B27280428492001,Biyouha,Nyong - Et - Kéllé,Centre,203.74,3938,19.3,20321.2,99.74,28.5,0.0,0.0,24.3,0.0,0.0,0.0,5.1603,0.0,60.6,0.0,0.0,0.0,17761.9,0.0,0,0,0,1,WORLDPOP_R2025A_CN_100M;ESA_WORLDCOVER_2021_V200;MINFOF_WRI_ATLAS_FORESTIER_SIG_2018;GEOBOUNDARIES_CMR_ADM3_9469f09,pop=2025 (estimation modélisée) ; occupation du sol=2021 ; atlas forestier=2015-2019
9386221B94928335677765,Bondjock,Nyong - Et - Kéllé,Centre,283.96,8890,31.3,27871.5,98.15,450.2,0.0,0.0,73.7,0.0,0.0,0.0,3.1352,0.0,13.7,8362.0,0.0,0.0,0.0,0.0,0,2,0,0,WORLDPOP_R2025A_CN_100M;ESA_WORLDCOVER_2021_V200;MINFOF_WRI_ATLAS_FORESTIER_SIG_2018;GEOBOUNDARIES_CMR_ADM3_9469f09,pop=2025 (estimation modélisée) ; occupation du sol=2021 ; atlas forestier=2015-2019
9386221B14010727305862,Bot-Makak,Nyong - Et - Kéllé,Centre,467.88,27769,59.4,45482.5,97.21,463.1,0.2,0.0,207.4,578.4,2.2,0.0,1.6379,0.0,0.0,316.2,0.0,0.0,0.0,0.0,0,1,0,0,WORLDPOP_R2025A_CN_100M;ESA_WORLDCOVER_2021_V200;MINFOF_WRI_ATLAS_FORESTIER_SIG_2018;GEOBOUNDARIES_CMR_ADM3_9469f09,pop=2025 (estimation modélisée) ; occupation du sol=2021 ; atlas forestier=2015-2019
9386221B71477109713261,Dibang,Nyong - Et - Kéllé,Centre,467.08,17798,38.1,46241.5,99.0,145.3,1.4,0.0,132.0,157.4,0.3,0.0001,2.5981,0.0,9659.4,9.0,0.0,0.0,1731.7,0.0,0,1,0,1,WORLDPOP_R2025A_CN_100M;ESA_WORLDCOVER_2021_V200;MINFOF_WRI_ATLAS_FORESTIER_SIG_2018;GEOBOUNDARIES_CMR_ADM3_9469f09,pop=2025 (estimation modélisée) ; occupation du sol=2021 ; atlas forestier=2015-2019
9386221B85452461544268,Makak,Nyong - Et - Kéllé,Centre,1002.91,38609,38.5,98365.9,98.08,1339.6,0.0,0.0,330.1,131.5,0.1,0.0,2.5477,18706.7,45871.1,1849.2,0.0,0.0,3642.0,0.0,1,4,0,2,WORLDPOP_R2025A_CN_100M;ESA_WORLDCOVER_2021_V200;MINFOF_WRI_ATLAS_FORESTIER_SIG_2018;GEOBOUNDARIES_CMR_ADM3_9469f09,pop=2025 (estimation modélisée) ; occupation du sol=2021 ; atlas forestier=2015-2019
9386221B1245925446026,Matomb,Nyong - Et - Kéllé,Centre,593.31,22994,38.8,57059.3,96.17,1897.4,0.0,0.0,314.9,0.0,0.0,0.0,2.4815,0.0,165.7,13.7,0.0,0.0,0.0,0.0,0,1,0,0,WORLDPOP_R2025A_CN_100M;ESA_WORLDCOVER_2021_V200;MINFOF_WRI_ATLAS_FORESTIER_SIG_2018;GEOBOUNDARIES_CMR_ADM3_9469f09,pop=2025 (estimation modélisée) ; occupation du sol=2021 ; atlas forestier=2015-2019
9386221B95176650211537,Messondo,Nyong - Et - Kéllé,Centre,1944.07,28899,14.9,193557.4,99.56,421.8,0.0,0.0,158.1,70.7,9.1,0.0,6.6977,47551.5,15512.1,17862.3,0.0,0.0,188902.7,0.0,2,9,0,5,WORLDPOP_R2025A_CN_100M;ESA_WORLDCOVER_2021_V200;MINFOF_WRI_ATLAS_FORESTIER_SIG_2018;GEOBOUNDARIES_CMR_ADM3_9469f09,pop=2025 (estimation modélisée) ; occupation du sol=2021 ; atlas forestier=2015-2019
9386221B76190049410209,Ngog-Mapubi,Nyong - Et - Kéllé,Centre,271.34,16282,60.0,26498.7,97.66,361.1,0.0,0.0,228.0,0.0,0.1,0.0,1.6275,0.0,4466.0,0.0,0.0,0.0,0.0,0.0,0,0,0,0,WORLDPOP_R2025A_CN_100M;ESA_WORLDCOVER_2021_V200;MINFOF_WRI_ATLAS_FORESTIER_SIG_2018;GEOBOUNDARIES_CMR_ADM3_9469f09,pop=2025 (estimation modélisée) ; occupation du sol=2021 ; atlas forestier=2015-2019
9386221B67839957602205,Nguibassal,Nyong - Et - Kéllé,Centre,279.07,11656,41.8,27001.0,96.75,423.9,0.6,0.0,67.4,398.7,2.3,0.0001,2.3165,0.0,0.0,0.0,0.0,0.0,0.0,0.0,0,0,0,0,WORLDPOP_R2025A_CN_100M;ESA_WORLDCOVER_2021_V200;MINFOF_WRI_ATLAS_FORESTIER_SIG_2018;GEOBOUNDARIES_CMR_ADM3_9469f09,pop=2025 (estimation modélisée) ; occupation du sol=2021 ; atlas forestier=2015-2019
9386221B95873935234935,Éséka,Nyong - Et - Kéllé,Centre,840.05,37482,44.6,82865.9,98.64,626.2,0.4,0.0,406.9,21.6,2.4,0.0,2.2108,13747.0,658.2,11882.1,0.0,0.0,36739.0,0.0,2,4,0,2,WORLDPOP_R2025A_CN_100M;ESA_WORLDCOVER_2021_V200;MINFOF_WRI_ATLAS_FORESTIER_SIG_2018;GEOBOUNDARIES_CMR_ADM3_9469f09,pop=2025 (estimation modélisée) ; occupation du sol=2021 ; atlas forestier=2015-2019
9386221B37954164953849,Akonolinga,Nyong - Et - Mfoumou,Centre,2848.1,98878,34.7,256631.8,90.11,22378.8,2.3,0.0,688.8,10.6,5095.3,0.0,2.5954,1401.5,9.3,612.9,0.0,0.0,140927.0,0.0,1,2,0,5,WORLDPOP_R2025A_CN_100M;ESA_WORLDCOVER_2021_V200;MINFOF_WRI_ATLAS_FORESTIER_SIG_2018;GEOBOUNDARIES_CMR_ADM3_9469f09,pop=2025 (estimation modélisée) ; occupation du sol=2021 ; atlas forestier=2015-2019
9386221B58704710272868,Ayos,Nyong - Et - Mfoumou,Centre,1649.58,49564,30.0,150838.5,91.44,10802.1,0.5,0.0,393.0,3.2,2919.3,0.0,3.0433,0.0,0.0,5105.8,0.0,0.0,105945.7,0.0,0,2,0,3,WORLDPOP_R2025A_CN_100M;ESA_WORLDCOVER_2021_V200;MINFOF_WRI_ATLAS_FORESTIER_SIG_2018;GEOBOUNDARIES_CMR_ADM3_9469f09,pop=2025 (estimation modélisée) ; occupation du sol=2021 ; atlas forestier=2015-2019
9386221B91105582314493,Endom,Nyong - Et - Mfoumou,Centre,836.15,29452,35.2,80060.6,95.75,3277.4,0.0,0.0,233.0,3.2,40.1,0.0,2.7183,0.0,0.0,9375.9,0.0,0.0,53280.3,0.0,0,3,0,3,WORLDPOP_R2025A_CN_100M;ESA_WORLDCOVER_2021_V200;MINFOF_WRI_ATLAS_FORESTIER_SIG_2018;GEOBOUNDARIES_CMR_ADM3_9469f09,pop=2025 (estimation modélisée) ; occupation du sol=2021 ; atlas forestier=2015-2019
9386221B86425664382828,Kobdombo,Nyong - Et - Mfoumou,Centre,286.01,11908,41.6,23719.4,82.93,2221.0,0.0,0.0,117.7,2.1,2540.6,0.0,1.9919,0.0,0.0,0.0,0.0,0.0,12075.5,0.0,0,0,0,2,WORLDPOP_R2025A_CN_100M;ESA_WORLDCOVER_2021_V200;MINFOF_WRI_ATLAS_FORESTIER_SIG_2018;GEOBOUNDARIES_CMR_ADM3_9469f09,pop=2025 (estimation modélisée) ; occupation du sol=2021 ; atlas forestier=2015-2019
9386221B66792817741098,Mengang,Nyong - Et - Mfoumou,Centre,511.3,13083,25.6,45862.9,89.7,4375.4,3.3,0.01,134.1,12.1,741.5,0.0003,3.5055,0.0,37.4,927.4,0.0,0.0,25346.2,0.0,0,2,0,2,WORLDPOP_R2025A_CN_100M;ESA_WORLDCOVER_2021_V200;MINFOF_WRI_ATLAS_FORESTIER_SIG_2018;GEOBOUNDARIES_CMR_ADM3_9469f09,pop=2025 (estimation modélisée) ; occupation du sol=2021 ; atlas forestier=2015-2019
9386221B18243073945100,Akoéman,Nyong - Et - So'o,Centre,663.95,7650,11.5,65653.4,98.88,626.7,0.0,0.0,114.8,0.0,0.0,0.0,8.5821,0.0,0.0,4262.6,0.0,0.0,1220.3,0.0,0,4,0,1,WORLDPOP_R2025A_CN_100M;ESA_WORLDCOVER_2021_V200;MINFOF_WRI_ATLAS_FORESTIER_SIG_2018;GEOBOUNDARIES_CMR_ADM3_9469f09,pop=2025 (estimation modélisée) ; occupation du sol=2021 ; atlas forestier=2015-2019
9386221B39879304680772,Dzeng,Nyong - Et - So'o,Centre,763.17,13456,17.6,71317.7,93.45,4665.9,0.1,0.0,144.5,40.8,136.4,0.0,5.3001,0.0,20793.4,434.7,0.0,0.0,14546.0,0.0,0,3,0,2,WORLDPOP_R2025A_CN_100M;ESA_WORLDCOVER_2021_V200;MINFOF_WRI_ATLAS_FORESTIER_SIG_2018;GEOBOUNDARIES_CMR_ADM3_9469f09,pop=2025 (estimation modélisée) ; occupation du sol=2021 ; atlas forestier=2015-2019
9386221B58745723770454,Mbalmayo,Nyong - Et - So'o,Centre,494.3,69181,140.0,44494.6,90.01,3855.1,0.1,0.0,974.3,46.1,7.6,0.0,0.6432,0.0,0.0,13877.8,0.0,0.0,1583.6,0.0,0,4,0,2,WORLDPOP_R2025A_CN_100M;ESA_WORLDCOVER_2021_V200;MINFOF_WRI_ATLAS_FORESTIER_SIG_2018;GEOBOUNDARIES_CMR_ADM3_9469f09,pop=2025 (estimation modélisée) ; occupation du sol=2021 ; atlas forestier=2015-2019
9386221B93294394992231,Mengueme,Nyong - Et - So'o,Centre,532.19,11737,22.1,52319.2,98.31,692.9,0.0,0.0,166.9,20.0,0.3,0.0,4.4576,0.0,0.0,0.0,0.0,0.0,33716.2,0.0,0,0,0,1,WORLDPOP_R2025A_CN_100M;ESA_WORLDCOVER_2021_V200;MINFOF_WRI_ATLAS_FORESTIER_SIG_2018;GEOBOUNDARIES_CMR_ADM3_9469f09,pop=2025 (estimation modélisée) ; occupation du sol=2021 ; atlas forestier=2015-2019
9386221B50506655196067,Ngomedzap,Nyong - Et - So'o,Centre,660.31,21009,31.8,64606.5,97.84,962.2,0.0,0.0,386.8,36.1,0.0,0.0,3.0752,0.0,13649.5,0.0,0.0,0.0,53201.6,0.0,0,0,0,2,WORLDPOP_R2025A_CN_100M;ESA_WORLDCOVER_2021_V200;MINFOF_WRI_ATLAS_FORESTIER_SIG_2018;GEOBOUNDARIES_CMR_ADM3_9469f09,pop=2025 (estimation modélisée) ; occupation du sol=2021 ; atlas forestier=2015-2019
9386221B18747608346686,Nkol-Métet,Nyong - Et - So'o,Centre,475.63,14681,30.9,44206.8,92.94,3101.1,0.1,0.0,238.5,9.8,3.4,0.0,3.0112,0.0,0.0,12139.4,0.0,0.0,2240.9,0.0,0,4,0,4,WORLDPOP_R2025A_CN_100M;ESA_WORLDCOVER_2021_V200;MINFOF_WRI_ATLAS_FORESTIER_SIG_2018;GEOBOUNDARIES_CMR_ADM3_9469f09,pop=2025 (estimation modélisée) ; occupation du sol=2021 ; atlas forestier=2015-2019
9386221B12783546794801,Gari-Gombo,Boumba - Et - Ngoko,Est,3453.13,21044,6.1,342406.6,99.15,2704.1,0.1,0.0,213.4,0.0,0.0,0.0,16.271,167611.8,34675.6,49367.3,0.0,0.0,145068.6,0.0,6,14,0,4,WORLDPOP_R2025A_CN_100M;ESA_WORLDCOVER_2021_V200;MINFOF_WRI_ATLAS_FORESTIER_SIG_2018;GEOBOUNDARIES_CMR_ADM3_9469f09,pop=2025 (estimation modélisée) ; occupation du sol=2021 ; atlas forestier=2015-2019
9386221B64770974028815,Mouloundou,Boumba - Et - Ngoko,Est,9951.09,37539,3.8,987374.2,99.25,1143.6,0.0,0.0,196.6,6120.6,4.0,0.0,26.3026,442927.4,43124.4,53751.5,316207.5,31.78,651899.4,0.0,7,13,3,10,WORLDPOP_R2025A_CN_100M;ESA_WORLDCOVER_2021_V200;MINFOF_WRI_ATLAS_FORESTIER_SIG_2018;GEOBOUNDARIES_CMR_ADM3_9469f09,pop=2025 (estimation modélisée) ; occupation du sol=2021 ; atlas forestier=2015-2019
9386221B27515073075422,Salapoumbé,Boumba - Et - Ngoko,Est,5501.94,26647,4.8,548427.9,99.64,745.1,0.5,0.0,191.2,1014.3,0.3,0.0,20.5812,216229.7,21797.7,36954.4,223575.7,40.64,462626.1,0.0,8,11,3,6,WORLDPOP_R2025A_CN_100M;ESA_WORLDCOVER_2021_V200;MINFOF_WRI_ATLAS_FORESTIER_SIG_2018;GEOBOUNDARIES_CMR_ADM3_9469f09,pop=2025 (estimation modélisée) ; occupation du sol=2021 ; atlas forestier=2015-2019
9386221B14880096394558,Yokadouma,Boumba - Et - Ngoko,Est,12847.39,107199,8.3,1280591.2,99.68,2808.8,0.0,0.0,842.4,518.5,0.0,0.0,11.9459,837981.2,21360.0,129730.0,45187.6,3.52,1047602.1,23363.8,22,34,2,17,WORLDPOP_R2025A_CN_100M;ESA_WORLDCOVER_2021_V200;MINFOF_WRI_ATLAS_FORESTIER_SIG_2018;GEOBOUNDARIES_CMR_ADM3_9469f09,pop=2025 (estimation modélisée) ; occupation du sol=2021 ; atlas forestier=2015-2019
9386221B11002664391100,Abong-Mbang,Haut - Nyong,Est,1695.98,50457,29.8,163180.6,96.22,5856.0,0.3,0.0,543.1,1.8,10.9,0.0,3.2341,28789.1,52498.6,21947.0,0.0,0.0,0.0,0.0,6,9,0,0,WORLDPOP_R2025A_CN_100M;ESA_WORLDCOVER_2021_V200;MINFOF_WRI_ATLAS_FORESTIER_SIG_2018;GEOBOUNDARIES_CMR_ADM3_9469f09,pop=2025 (estimation modélisée) ; occupation du sol=2021 ; atlas forestier=2015-2019
9386221B48792868038204,Angossas,Haut - Nyong,Est,404.83,23646,58.4,37449.1,92.51,2755.3,0.0,0.0,226.7,4.3,47.1,0.0,1.5837,0.0,0.0,9622.5,0.0,0.0,0.0,0.0,0,2,0,0,WORLDPOP_R2025A_CN_100M;ESA_WORLDCOVER_2021_V200;MINFOF_WRI_ATLAS_FORESTIER_SIG_2018;GEOBOUNDARIES_CMR_ADM3_9469f09,pop=2025 (estimation modélisée) ; occupation du sol=2021 ; atlas forestier=2015-2019
9386221B52133051917416,Atok,Haut - Nyong,Est,889.67,22156,24.9,84015.3,94.43,3606.7,0.0,0.0,193.9,9.7,1141.3,0.0,3.792,28854.9,192.0,5508.9,0.0,0.0,5688.5,0.0,1,3,0,1,WORLDPOP_R2025A_CN_100M;ESA_WORLDCOVER_2021_V200;MINFOF_WRI_ATLAS_FORESTIER_SIG_2018;GEOBOUNDARIES_CMR_ADM3_9469f09,pop=2025 (estimation modélisée) ; occupation du sol=2021 ; atlas forestier=2015-2019
9386221B37271729797840,Dimako,Haut - Nyong,Est,721.41,23801,33.0,64797.6,89.82,7137.9,2.3,0.0,198.6,2.5,0.0,0.0001,2.7225,957.3,16008.3,36216.8,0.0,0.0,0.0,0.0,2,17,0,0,WORLDPOP_R2025A_CN_100M;ESA_WORLDCOVER_2021_V200;MINFOF_WRI_ATLAS_FORESTIER_SIG_2018;GEOBOUNDARIES_CMR_ADM3_9469f09,pop=2025 (estimation modélisée) ; occupation du sol=2021 ; atlas forestier=2015-2019
9386221B18324110453831,Doumaintang,Haut - Nyong,Est,1910.97,24380,12.8,182356.3,95.43,8478.4,0.6,0.0,244.6,0.1,4.4,0.0,7.4797,37349.6,49006.7,26533.9,0.0,0.0,0.0,0.0,2,13,0,0,WORLDPOP_R2025A_CN_100M;ESA_WORLDCOVER_2021_V200;MINFOF_WRI_ATLAS_FORESTIER_SIG_2018;GEOBOUNDARIES_CMR_ADM3_9469f09,pop=2025 (estimation modélisée) ; occupation du sol=2021 ; atlas forestier=2015-2019
9386221B37966220698587,Doumé,Haut - Nyong,Est,1203.4,24444,20.3,115623.8,96.08,4510.5,0.1,0.0,203.2,0.8,3.2,0.0,4.7302,18283.2,53250.4,29446.3,0.0,0.0,0.0,0.0,2,16,0,0,WORLDPOP_R2025A_CN_100M;ESA_WORLDCOVER_2021_V200;MINFOF_WRI_ATLAS_FORESTIER_SIG_2018;GEOBOUNDARIES_CMR_ADM3_9469f09,pop=2025 (estimation modélisée) ; occupation du sol=2021 ; atlas forestier=2015-2019
9386221B58945663298382,Lomié,Haut - Nyong,Est,7313.12,33902,4.6,729547.5,99.76,821.6,0.0,0.0,263.6,644.2,0.7,0.0,21.5193,238790.7,68494.4,79717.3,318564.5,43.56,91032.8,79940.6,14,31,1,6,WORLDPOP_R2025A_CN_100M;ESA_WORLDCOVER_2021_V200;MINFOF_WRI_ATLAS_FORESTIER_SIG_2018;GEOBOUNDARIES_CMR_ADM3_9469f09,pop=2025 (estimation modélisée) ; occupation du sol=2021 ; atlas forestier=2015-2019
9386221B43096066125495,Mboma,Haut - Nyong,Est,194.83,14260,73.2,17518.4,89.92,1844.2,0.0,0.0,120.4,0.0,0.0,0.0,1.2285,0.0,0.0,0.0,0.0,0.0,0.0,0.0,0,0,0,0,WORLDPOP_R2025A_CN_100M;ESA_WORLDCOVER_2021_V200;MINFOF_WRI_ATLAS_FORESTIER_SIG_2018;GEOBOUNDARIES_CMR_ADM3_9469f09,pop=2025 (estimation modélisée) ; occupation du sol=2021 ; atlas forestier=2015-2019
9386221B82613512248769,Messaména,Haut - Nyong,Est,3103.05,41442,13.4,307529.5,99.1,2153.9,0.0,0.0,303.4,65.2,2.6,0.0,7.4207,117664.4,17570.8,41077.2,6803.1,2.19,2917.2,0.0,5,22,1,1,WORLDPOP_R2025A_CN_100M;ESA_WORLDCOVER_2021_V200;MINFOF_WRI_ATLAS_FORESTIER_SIG_2018;GEOBOUNDARIES_CMR_ADM3_9469f09,pop=2025 (estimation modélisée) ; occupation du sol=2021 ; atlas forestier=2015-2019
9386221B68314986466248,Messock,Haut - Nyong,Est,2638.14,9270,3.5,263213.2,99.77,189.0,0.0,0.0,88.7,318.9,0.0,0.0,28.3941,190961.3,11749.8,32650.7,0.0,0.0,35407.2,56684.3,9,17,0,5,WORLDPOP_R2025A_CN_100M;ESA_WORLDCOVER_2021_V200;MINFOF_WRI_ATLAS_FORESTIER_SIG_2018;GEOBOUNDARIES_CMR_ADM3_9469f09,pop=2025 (estimation modélisée) ; occupation du sol=2021 ; atlas forestier=2015-2019
9386221B73164883386561,Mindourou,Haut - Nyong,Est,5338.67,11217,2.1,532754.8,99.79,950.0,0.0,0.0,156.8,0.7,0.0,0.0,47.4953,482373.8,37.3,17585.7,14747.7,2.76,192295.6,15007.3,17,9,1,5,WORLDPOP_R2025A_CN_100M;ESA_WORLDCOVER_2021_V200;MINFOF_WRI_ATLAS_FORESTIER_SIG_2018;GEOBOUNDARIES_CMR_ADM3_9469f09,pop=2025 (estimation modélisée) ; occupation du sol=2021 ; atlas forestier=2015-2019
9386221B65663858061851,Ngoyla,Haut - Nyong,Est,7817.16,7796,1.0,778469.5,99.58,417.0,0.0,0.0,102.4,2648.7,1.3,0.0,99.855,328795.8,35825.2,44342.5,336588.3,43.06,427934.5,12903.8,10,22,2,7,WORLDPOP_R2025A_CN_100M;ESA_WORLDCOVER_2021_V200;MINFOF_WRI_ATLAS_FORESTIER_SIG_2018;GEOBOUNDARIES_CMR_ADM3_9469f09,pop=2025 (estimation modélisée) ; occupation du sol=2021 ; atlas forestier=2015-2019
9386221B10676195344752,Nguelemendouka,Haut - Nyong,Est,1057.87,34755,32.9,93724.1,88.6,11848.0,0.1,0.0,205.3,0.2,9.5,0.0,2.6967,0.0,23208.9,8097.7,0.0,0.0,0.0,0.0,0,3,0,0,WORLDPOP_R2025A_CN_100M;ESA_WORLDCOVER_2021_V200;MINFOF_WRI_ATLAS_FORESTIER_SIG_2018;GEOBOUNDARIES_CMR_ADM3_9469f09,pop=2025 (estimation modélisée) ; occupation du sol=2021 ; atlas forestier=2015-2019
9386221B27682953548851,Somalomo,Haut - Nyong,Est,1762.77,6825,3.9,175811.0,99.74,345.0,0.0,0.0,38.8,74.7,0.1,0.0,25.7599,34332.8,21795.9,1544.1,104067.8,59.04,33932.1,0.0,4,1,1,1,WORLDPOP_R2025A_CN_100M;ESA_WORLDCOVER_2021_V200;MINFOF_WRI_ATLAS_FORESTIER_SIG_2018;GEOBOUNDARIES_CMR_ADM3_9469f09,pop=2025 (estimation modélisée) ; occupation du sol=2021 ; atlas forestier=2015-2019
9386221B69502983306293,Batouri,Kadeï,Est,3710.26,137169,37.0,270301.4,72.85,98850.5,15.2,0.0,1030.2,664.1,0.1,0.0001,1.9706,14567.9,14510.6,34271.3,0.0,0.0,351729.0,0.0,1,12,0,7,WORLDPOP_R2025A_CN_100M;ESA_WORLDCOVER_2021_V200;MINFOF_WRI_ATLAS_FORESTIER_SIG_2018;GEOBOUNDARIES_CMR_ADM3_9469f09,pop=2025 (estimation modélisée) ; occupation du sol=2021 ; atlas forestier=2015-2019
9386221B45326950687577,Kentzou,Kadeï,Est,1014.03,38491,38.0,51872.9,51.16,48784.0,1.4,0.0,416.4,322.6,0.1,0.0,1.3477,0.0,0.0,0.0,0.0,0.0,8044.2,0.0,0,0,0,1,WORLDPOP_R2025A_CN_100M;ESA_WORLDCOVER_2021_V200;MINFOF_WRI_ATLAS_FORESTIER_SIG_2018;GEOBOUNDARIES_CMR_ADM3_9469f09,pop=2025 (estimation modélisée) ; occupation du sol=2021 ; atlas forestier=2015-2019
9386221B55011074826496,Kétté,Kadeï,Est,1943.03,47131,24.3,105205.8,54.15,88450.1,3.4,0.0,475.4,108.9,0.0,0.0001,2.2322,0.0,8.5,0.0,0.0,0.0,97303.4,0.0,0,0,0,5,WORLDPOP_R2025A_CN_100M;ESA_WORLDCOVER_2021_V200;MINFOF_WRI_ATLAS_FORESTIER_SIG_2018;GEOBOUNDARIES_CMR_ADM3_9469f09,pop=2025 (estimation modélisée) ; occupation du sol=2021 ; atlas forestier=2015-2019
9386221B33572677015820,Mbang,Kadeï,Est,5324.53,32328,6.1,528877.5,99.33,3039.0,0.4,0.0,242.4,306.9,0.7,0.0,16.3597,422442.1,29345.3,35797.7,0.0,0.0,89998.6,0.0,14,23,0,7,WORLDPOP_R2025A_CN_100M;ESA_WORLDCOVER_2021_V200;MINFOF_WRI_ATLAS_FORESTIER_SIG_2018;GEOBOUNDARIES_CMR_ADM3_9469f09,pop=2025 (estimation modélisée) ; occupation du sol=2021 ; atlas forestier=2015-2019
9386221B22697281755042,Ndélélé,Kadeï,Est,1983.56,33470,16.9,190390.9,95.98,6774.7,0.2,0.0,229.8,954.0,0.1,0.0,5.6884,106797.5,10994.9,6969.7,0.0,0.0,51806.2,0.0,3,4,0,4,WORLDPOP_R2025A_CN_100M;ESA_WORLDCOVER_2021_V200;MINFOF_WRI_ATLAS_FORESTIER_SIG_2018;GEOBOUNDARIES_CMR_ADM3_9469f09,pop=2025 (estimation modélisée) ; occupation du sol=2021 ; atlas forestier=2015-2019
9386221B37676907577094,Nguélébok,Kadeï,Est,1488.53,11965,8.0,134914.7,90.64,13837.2,0.1,0.0,92.7,5.8,0.0,0.0,11.2758,70210.6,19924.8,25163.0,0.0,0.0,18931.8,0.0,6,13,0,1,WORLDPOP_R2025A_CN_100M;ESA_WORLDCOVER_2021_V200;MINFOF_WRI_ATLAS_FORESTIER_SIG_2018;GEOBOUNDARIES_CMR_ADM3_9469f09,pop=2025 (estimation modélisée) ; occupation du sol=2021 ; atlas forestier=2015-2019
9386221B21402585210419,Ouli,Kadeï,Est,659.08,7465,11.3,47462.9,72.01,18191.8,6.2,0.01,84.8,109.5,0.0,0.0008,6.3581,0.0,0.0,0.0,0.0,0.0,64263.1,0.0,0,0,0,2,WORLDPOP_R2025A_CN_100M;ESA_WORLDCOVER_2021_V200;MINFOF_WRI_ATLAS_FORESTIER_SIG_2018;GEOBOUNDARIES_CMR_ADM3_9469f09,pop=2025 (estimation modélisée) ; occupation du sol=2021 ; atlas forestier=2015-2019
9386221B51081556140896,Bertoua I,Lom - Et - Djerem,Est,167.56,98547,588.1,8691.8,51.87,6930.3,7.6,0.05,1117.7,0.1,1.6,0.0001,0.0882,0.0,0.0,4959.9,0.0,0.0,0.0,0.0,0,8,0,0,WORLDPOP_R2025A_CN_100M;ESA_WORLDCOVER_2021_V200;MINFOF_WRI_ATLAS_FORESTIER_SIG_2018;GEOBOUNDARIES_CMR_ADM3_9469f09,pop=2025 (estimation modélisée) ; occupation du sol=2021 ; atlas forestier=2015-2019
9386221B8023957088863,Bertoua II,Lom - Et - Djerem,Est,91.14,117133,1285.2,3760.8,41.27,4099.5,6.2,0.07,1240.2,1.3,0.0,0.0001,0.0321,0.0,0.0,45.4,0.0,0.0,0.0,0.0,0,1,0,0,WORLDPOP_R2025A_CN_100M;ESA_WORLDCOVER_2021_V200;MINFOF_WRI_ATLAS_FORESTIER_SIG_2018;GEOBOUNDARIES_CMR_ADM3_9469f09,pop=2025 (estimation modélisée) ; occupation du sol=2021 ; atlas forestier=2015-2019
9386221B49844150240276,Bélabo,Lom - Et - Djerem,Est,6641.19,41774,6.3,608437.5,91.61,37548.6,11.3,0.0,551.9,15525.1,507.2,0.0003,14.565,224844.9,1.3,114269.8,58891.2,8.87,65697.5,0.0,4,38,1,4,WORLDPOP_R2025A_CN_100M;ESA_WORLDCOVER_2021_V200;MINFOF_WRI_ATLAS_FORESTIER_SIG_2018;GEOBOUNDARIES_CMR_ADM3_9469f09,pop=2025 (estimation modélisée) ; occupation du sol=2021 ; atlas forestier=2015-2019
9386221B82666420307712,Bétaré-Oya,Lom - Et - Djerem,Est,11754.3,58987,5.0,766386.4,65.2,395754.4,89.0,0.01,901.9,9461.1,904.2,0.0015,12.9925,0.0,25319.4,159893.1,88205.9,7.5,686488.1,0.0,1,38,2,18,WORLDPOP_R2025A_CN_100M;ESA_WORLDCOVER_2021_V200;MINFOF_WRI_ATLAS_FORESTIER_SIG_2018;GEOBOUNDARIES_CMR_ADM3_9469f09,pop=2025 (estimation modélisée) ; occupation du sol=2021 ; atlas forestier=2015-2019
9386221B16651803685150,Diang,Lom - Et - Djerem,Est,826.46,11694,14.1,70049.2,84.76,12373.0,14.4,0.02,203.8,0.0,0.0,0.0012,5.9902,0.0,23.1,36177.5,100.8,0.12,0.0,0.0,0,16,1,0,WORLDPOP_R2025A_CN_100M;ESA_WORLDCOVER_2021_V200;MINFOF_WRI_ATLAS_FORESTIER_SIG_2018;GEOBOUNDARIES_CMR_ADM3_9469f09,pop=2025 (estimation modélisée) ; occupation du sol=2021 ; atlas forestier=2015-2019
9386221B24384451871957,Garoua-Boulaï,Lom - Et - Djerem,Est,2221.27,72169,32.5,154337.5,69.48,66356.7,71.7,0.03,1261.4,68.8,3.9,0.001,2.1386,0.0,0.0,27.5,0.0,0.0,184431.5,0.0,0,1,0,9,WORLDPOP_R2025A_CN_100M;ESA_WORLDCOVER_2021_V200;MINFOF_WRI_ATLAS_FORESTIER_SIG_2018;GEOBOUNDARIES_CMR_ADM3_9469f09,pop=2025 (estimation modélisée) ; occupation du sol=2021 ; atlas forestier=2015-2019
9386221B80147153922778,Mandjou,Lom - Et - Djerem,Est,2643.16,41284,15.6,197687.8,74.8,66055.3,14.5,0.01,519.0,14.3,0.2,0.0004,4.7885,24038.5,62008.9,40562.9,0.0,0.0,107418.5,0.0,2,13,0,5,WORLDPOP_R2025A_CN_100M;ESA_WORLDCOVER_2021_V200;MINFOF_WRI_ATLAS_FORESTIER_SIG_2018;GEOBOUNDARIES_CMR_ADM3_9469f09,pop=2025 (estimation modélisée) ; occupation du sol=2021 ; atlas forestier=2015-2019
9386221B78668613240419,Ngoura,Lom - Et - Djerem,Est,1719.04,17459,10.2,104867.1,61.01,66610.5,8.6,0.01,246.1,60.0,0.6,0.0005,6.0065,0.0,70960.0,36.4,0.0,0.0,160848.1,0.0,0,1,0,9,WORLDPOP_R2025A_CN_100M;ESA_WORLDCOVER_2021_V200;MINFOF_WRI_ATLAS_FORESTIER_SIG_2018;GEOBOUNDARIES_CMR_ADM3_9469f09,pop=2025 (estimation modélisée) ; occupation du sol=2021 ; atlas forestier=2015-2019
9386221B75511298847900,Bogo,Diamaré,Extrême - Nord,1016.46,122812,120.8,451.6,0.44,60551.9,39519.1,38.88,467.9,90.7,387.8,0.3218,0.0037,0.0,0.0,8308.8,0.0,0.0,0.0,0.0,0,3,0,0,WORLDPOP_R2025A_CN_100M;ESA_WORLDCOVER_2021_V200;MINFOF_WRI_ATLAS_FORESTIER_SIG_2018;GEOBOUNDARIES_CMR_ADM3_9469f09,pop=2025 (estimation modélisée) ; occupation du sol=2021 ; atlas forestier=2015-2019
9386221B64959093504079,Dargala,Diamaré,Extrême - Nord,388.75,51673,132.9,115.3,0.3,16632.5,21813.6,56.11,140.2,3.0,21.6,0.4221,0.0022,0.0,0.0,200.5,0.0,0.0,0.0,0.0,0,1,0,0,WORLDPOP_R2025A_CN_100M;ESA_WORLDCOVER_2021_V200;MINFOF_WRI_ATLAS_FORESTIER_SIG_2018;GEOBOUNDARIES_CMR_ADM3_9469f09,pop=2025 (estimation modélisée) ; occupation du sol=2021 ; atlas forestier=2015-2019
9386221B49150604315401,Gazawa,Diamaré,Extrême - Nord,188.7,42196,223.6,239.9,1.27,10384.2,7892.0,41.82,220.5,42.9,0.0,0.187,0.0057,0.0,0.0,263.1,0.0,0.0,0.0,0.0,0,1,0,0,WORLDPOP_R2025A_CN_100M;ESA_WORLDCOVER_2021_V200;MINFOF_WRI_ATLAS_FORESTIER_SIG_2018;GEOBOUNDARIES_CMR_ADM3_9469f09,pop=2025 (estimation modélisée) ; occupation du sol=2021 ; atlas forestier=2015-2019
9386221B37888289163945,Maroua I,Diamaré,Extrême - Nord,367.62,309066,840.7,875.7,2.38,14799.5,18729.2,50.95,1798.3,43.9,14.1,0.0606,0.0028,0.0,0.0,0.0,0.0,0.0,0.0,0.0,0,0,0,0,WORLDPOP_R2025A_CN_100M;ESA_WORLDCOVER_2021_V200;MINFOF_WRI_ATLAS_FORESTIER_SIG_2018;GEOBOUNDARIES_CMR_ADM3_9469f09,pop=2025 (estimation modélisée) ; occupation du sol=2021 ; atlas forestier=2015-2019
9386221B39841753878206,Maroua II,Diamaré,Extrême - Nord,42.82,151019,3526.9,225.0,5.25,3078.2,148.6,3.47,789.6,0.0,0.3,0.001,0.0015,0.0,0.0,0.0,0.0,0.0,0.0,0.0,0,0,0,0,WORLDPOP_R2025A_CN_100M;ESA_WORLDCOVER_2021_V200;MINFOF_WRI_ATLAS_FORESTIER_SIG_2018;GEOBOUNDARIES_CMR_ADM3_9469f09,pop=2025 (estimation modélisée) ; occupation du sol=2021 ; atlas forestier=2015-2019
9386221B63234157800272,Maroua III,Diamaré,Extrême - Nord,726.43,226417,311.7,544.5,0.75,40059.8,30671.9,42.22,1150.9,45.0,34.7,0.1355,0.0024,0.0,0.0,2749.1,0.0,0.0,0.0,0.0,0,1,0,0,WORLDPOP_R2025A_CN_100M;ESA_WORLDCOVER_2021_V200;MINFOF_WRI_ATLAS_FORESTIER_SIG_2018;GEOBOUNDARIES_CMR_ADM3_9469f09,pop=2025 (estimation modélisée) ; occupation du sol=2021 ; atlas forestier=2015-2019
9386221B35606887625558,Meri,Diamaré,Extrême - Nord,647.82,142770,220.4,2558.3,3.95,46258.6,15342.5,23.68,425.4,9.6,0.1,0.1075,0.0179,0.0,0.0,119.6,0.0,0.0,0.0,0.0,0,1,0,0,WORLDPOP_R2025A_CN_100M;ESA_WORLDCOVER_2021_V200;MINFOF_WRI_ATLAS_FORESTIER_SIG_2018;GEOBOUNDARIES_CMR_ADM3_9469f09,pop=2025 (estimation modélisée) ; occupation du sol=2021 ; atlas forestier=2015-2019
9386221B68680045868620,Ndoukoula,Diamaré,Extrême - Nord,502.37,43371,86.3,367.4,0.73,28299.8,21061.1,41.92,169.6,144.3,31.5,0.4856,0.0085,0.0,0.0,4073.5,0.0,0.0,0.0,0.0,0,1,0,0,WORLDPOP_R2025A_CN_100M;ESA_WORLDCOVER_2021_V200;MINFOF_WRI_ATLAS_FORESTIER_SIG_2018;GEOBOUNDARIES_CMR_ADM3_9469f09,pop=2025 (estimation modélisée) ; occupation du sol=2021 ; atlas forestier=2015-2019
9386221B72848385976679,Pétté,Diamaré,Extrême - Nord,880.14,46540,52.9,3347.2,3.8,60358.8,24069.4,27.35,126.9,0.0,108.5,0.5172,0.0719,0.0,0.0,11240.9,0.0,0.0,0.0,0.0,0,3,0,0,WORLDPOP_R2025A_CN_100M;ESA_WORLDCOVER_2021_V200;MINFOF_WRI_ATLAS_FORESTIER_SIG_2018;GEOBOUNDARIES_CMR_ADM3_9469f09,pop=2025 (estimation modélisée) ; occupation du sol=2021 ; atlas forestier=2015-2019
9386221B63686862212730,Blangoua,Logone - Et - Chari,Extrême - Nord,220.85,32863,148.8,1807.8,8.19,17571.3,3.0,0.01,235.8,716.0,1686.4,0.0001,0.055,0.0,0.0,0.0,0.0,0.0,0.0,0.0,0,0,0,0,WORLDPOP_R2025A_CN_100M;ESA_WORLDCOVER_2021_V200;MINFOF_WRI_ATLAS_FORESTIER_SIG_2018;GEOBOUNDARIES_CMR_ADM3_9469f09,pop=2025 (estimation modélisée) ; occupation du sol=2021 ; atlas forestier=2015-2019
9386221B58524800443339,Darak,Logone - Et - Chari,Extrême - Nord,1876.75,27484,14.6,1274.4,0.68,15806.2,465.2,0.25,206.2,43595.2,126292.0,0.0169,0.0464,0.0,0.0,0.0,0.0,0.0,0.0,0.0,0,0,0,0,WORLDPOP_R2025A_CN_100M;ESA_WORLDCOVER_2021_V200;MINFOF_WRI_ATLAS_FORESTIER_SIG_2018;GEOBOUNDARIES_CMR_ADM3_9469f09,pop=2025 (estimation modélisée) ; occupation du sol=2021 ; atlas forestier=2015-2019
9386221B46316017991506,Fotokol,Logone - Et - Chari,Extrême - Nord,363.01,54528,150.2,16.4,0.05,33935.8,309.4,0.85,334.5,53.7,1289.5,0.0057,0.0003,0.0,0.0,0.0,0.0,0.0,0.0,0.0,0,0,0,0,WORLDPOP_R2025A_CN_100M;ESA_WORLDCOVER_2021_V200;MINFOF_WRI_ATLAS_FORESTIER_SIG_2018;GEOBOUNDARIES_CMR_ADM3_9469f09,pop=2025 (estimation modélisée) ; occupation du sol=2021 ; atlas forestier=2015-2019
9386221B32586311123071,Goulfey,Logone - Et - Chari,Extrême - Nord,1638.81,104848,64.0,1421.9,0.87,143132.7,8215.9,5.01,581.8,1790.8,3131.2,0.0784,0.0136,0.0,0.0,0.0,4478.0,2.73,0.0,0.0,0,0,1,0,WORLDPOP_R2025A_CN_100M;ESA_WORLDCOVER_2021_V200;MINFOF_WRI_ATLAS_FORESTIER_SIG_2018;GEOBOUNDARIES_CMR_ADM3_9469f09,pop=2025 (estimation modélisée) ; occupation du sol=2021 ; atlas forestier=2015-2019
9386221B39773642764490,Hilé - Alifa,Logone - Et - Chari,Extrême - Nord,272.17,27169,99.8,359.8,1.32,25661.6,54.2,0.2,217.6,29.4,793.9,0.002,0.0132,0.0,0.0,0.0,0.0,0.0,0.0,0.0,0,0,0,0,WORLDPOP_R2025A_CN_100M;ESA_WORLDCOVER_2021_V200;MINFOF_WRI_ATLAS_FORESTIER_SIG_2018;GEOBOUNDARIES_CMR_ADM3_9469f09,pop=2025 (estimation modélisée) ; occupation du sol=2021 ; atlas forestier=2015-2019
9386221B62355710838031,Kousséri,Logone - Et - Chari,Extrême - Nord,143.2,309491,2161.3,304.4,2.13,9721.7,2024.2,14.14,1511.8,419.9,251.2,0.0065,0.001,0.0,0.0,0.0,2171.0,15.16,0.0,0.0,0,0,1,0,WORLDPOP_R2025A_CN_100M;ESA_WORLDCOVER_2021_V200;MINFOF_WRI_ATLAS_FORESTIER_SIG_2018;GEOBOUNDARIES_CMR_ADM3_9469f09,pop=2025 (estimation modélisée) ; occupation du sol=2021 ; atlas forestier=2015-2019
9386221B75151477977368,Logone-Birni,Logone - Et - Chari,Extrême - Nord,2807.22,89640,31.9,840.8,0.3,116534.0,48303.0,17.21,528.7,937.6,113493.9,0.5389,0.0094,0.0,0.0,5970.3,34.8,0.01,0.0,0.0,0,2,1,0,WORLDPOP_R2025A_CN_100M;ESA_WORLDCOVER_2021_V200;MINFOF_WRI_ATLAS_FORESTIER_SIG_2018;GEOBOUNDARIES_CMR_ADM3_9469f09,pop=2025 (estimation modélisée) ; occupation du sol=2021 ; atlas forestier=2015-2019
9386221B23103159398534,Makary,Logone - Et - Chari,Extrême - Nord,1175.64,131724,112.0,400.1,0.34,103377.5,6209.4,5.28,730.3,286.1,4308.1,0.0471,0.003,0.0,0.0,0.0,0.0,0.0,0.0,0.0,0,0,0,0,WORLDPOP_R2025A_CN_100M;ESA_WORLDCOVER_2021_V200;MINFOF_WRI_ATLAS_FORESTIER_SIG_2018;GEOBOUNDARIES_CMR_ADM3_9469f09,pop=2025 (estimation modélisée) ; occupation du sol=2021 ; atlas forestier=2015-2019
9386221B67115727666707,Waza,Logone - Et - Chari,Extrême - Nord,2479.17,22573,9.1,3750.8,1.51,163168.0,28216.2,11.38,232.6,1.4,52533.4,1.25,0.1662,0.0,0.0,0.1,140235.6,56.57,0.0,0.0,0,1,1,0,WORLDPOP_R2025A_CN_100M;ESA_WORLDCOVER_2021_V200;MINFOF_WRI_ATLAS_FORESTIER_SIG_2018;GEOBOUNDARIES_CMR_ADM3_9469f09,pop=2025 (estimation modélisée) ; occupation du sol=2021 ; atlas forestier=2015-2019
9386221B59068819347143,Zina,Logone - Et - Chari,Extrême - Nord,1105.08,36389,32.9,245.0,0.22,35322.1,16347.4,14.79,148.6,785.4,57648.2,0.4492,0.0067,0.0,0.0,0.0,0.0,0.0,0.0,0.0,0,0,0,0,WORLDPOP_R2025A_CN_100M;ESA_WORLDCOVER_2021_V200;MINFOF_WRI_ATLAS_FORESTIER_SIG_2018;GEOBOUNDARIES_CMR_ADM3_9469f09,pop=2025 (estimation modélisée) ; occupation du sol=2021 ; atlas forestier=2015-2019
9386221B19870181654988,Datchéka,Mayo-Danay,Extrême - Nord,119.87,29113,242.9,16.1,0.13,2172.2,9790.7,81.68,7.2,0.0,0.6,0.3363,0.0006,0.0,0.0,0.0,0.0,0.0,0.0,0.0,0,0,0,0,WORLDPOP_R2025A_CN_100M;ESA_WORLDCOVER_2021_V200;MINFOF_WRI_ATLAS_FORESTIER_SIG_2018;GEOBOUNDARIES_CMR_ADM3_9469f09,pop=2025 (estimation modélisée) ; occupation du sol=2021 ; atlas forestier=2015-2019
9386221B55243571105857,Gobo,Mayo-Danay,Extrême - Nord,600.16,63165,105.2,63.5,0.11,34753.3,23177.9,38.62,75.9,868.5,1023.5,0.3669,0.001,0.0,0.0,953.4,0.0,0.0,0.0,0.0,0,1,0,0,WORLDPOP_R2025A_CN_100M;ESA_WORLDCOVER_2021_V200;MINFOF_WRI_ATLAS_FORESTIER_SIG_2018;GEOBOUNDARIES_CMR_ADM3_9469f09,pop=2025 (estimation modélisée) ; occupation du sol=2021 ; atlas forestier=2015-2019
9386221B6258875435792,Guémé,Mayo-Danay,Extrême - Nord,496.04,96433,194.4,339.4,0.68,30447.6,16500.7,33.26,157.6,403.7,1712.0,0.1711,0.0035,0.0,0.0,7729.9,0.0,0.0,0.0,0.0,0,4,0,0,WORLDPOP_R2025A_CN_100M;ESA_WORLDCOVER_2021_V200;MINFOF_WRI_ATLAS_FORESTIER_SIG_2018;GEOBOUNDARIES_CMR_ADM3_9469f09,pop=2025 (estimation modélisée) ; occupation du sol=2021 ; atlas forestier=2015-2019
9386221B37656642959733,Guéré,Mayo-Danay,Extrême - Nord,266.24,46189,173.5,80.6,0.3,16612.9,9613.7,36.11,26.2,142.3,145.7,0.2081,0.0017,0.0,0.0,3895.1,0.0,0.0,0.0,0.0,0,1,0,0,WORLDPOP_R2025A_CN_100M;ESA_WORLDCOVER_2021_V200;MINFOF_WRI_ATLAS_FORESTIER_SIG_2018;GEOBOUNDARIES_CMR_ADM3_9469f09,pop=2025 (estimation modélisée) ; occupation du sol=2021 ; atlas forestier=2015-2019
9386221B32858528046602,Kai-Kai,Mayo-Danay,Extrême - Nord,810.14,95940,118.4,1067.5,1.32,49296.6,20385.7,25.16,208.6,600.1,9421.9,0.2125,0.0111,0.0,0.0,16998.1,0.0,0.0,0.0,0.0,0,6,0,0,WORLDPOP_R2025A_CN_100M;ESA_WORLDCOVER_2021_V200;MINFOF_WRI_ATLAS_FORESTIER_SIG_2018;GEOBOUNDARIES_CMR_ADM3_9469f09,pop=2025 (estimation modélisée) ; occupation du sol=2021 ; atlas forestier=2015-2019
9386221B8700999624976,Kalfou,Mayo-Danay,Extrême - Nord,720.77,50008,69.4,349.4,0.48,49066.3,22111.5,30.68,42.4,1.5,504.8,0.4422,0.007,0.0,0.0,0.0,0.0,0.0,0.0,0.0,0,0,0,0,WORLDPOP_R2025A_CN_100M;ESA_WORLDCOVER_2021_V200;MINFOF_WRI_ATLAS_FORESTIER_SIG_2018;GEOBOUNDARIES_CMR_ADM3_9469f09,pop=2025 (estimation modélisée) ; occupation du sol=2021 ; atlas forestier=2015-2019
9386221B62771652118747,Kar-Hay,Mayo-Danay,Extrême - Nord,286.66,84380,294.4,146.4,0.51,5257.4,23169.2,80.83,79.2,0.1,5.6,0.2746,0.0017,0.0,0.0,0.0,0.0,0.0,0.0,0.0,0,0,0,0,WORLDPOP_R2025A_CN_100M;ESA_WORLDCOVER_2021_V200;MINFOF_WRI_ATLAS_FORESTIER_SIG_2018;GEOBOUNDARIES_CMR_ADM3_9469f09,pop=2025 (estimation modélisée) ; occupation du sol=2021 ; atlas forestier=2015-2019
9386221B80738734605470,Maga,Mayo-Danay,Extrême - Nord,1058.54,166348,157.1,816.8,0.77,31869.2,38391.4,36.27,855.4,9278.4,24551.8,0.2308,0.0049,0.0,0.0,0.0,0.0,0.0,0.0,0.0,0,0,0,0,WORLDPOP_R2025A_CN_100M;ESA_WORLDCOVER_2021_V200;MINFOF_WRI_ATLAS_FORESTIER_SIG_2018;GEOBOUNDARIES_CMR_ADM3_9469f09,pop=2025 (estimation modélisée) ; occupation du sol=2021 ; atlas forestier=2015-2019
9386221B48086632722257,Tchatibali,Mayo-Danay,Extrême - Nord,96.72,13386,138.4,10.2,0.11,2200.3,7458.0,77.1,1.7,0.0,0.4,0.5571,0.0008,0.0,0.0,0.0,0.0,0.0,0.0,0.0,0,0,0,0,WORLDPOP_R2025A_CN_100M;ESA_WORLDCOVER_2021_V200;MINFOF_WRI_ATLAS_FORESTIER_SIG_2018;GEOBOUNDARIES_CMR_ADM3_9469f09,pop=2025 (estimation modélisée) ; occupation du sol=2021 ; atlas forestier=2015-2019
9386221B6590721428979,Wina,Mayo-Danay,Extrême - Nord,95.99,24527,255.5,24.2,0.25,2994.8,6529.1,68.02,13.6,0.0,35.3,0.2662,0.001,0.0,0.0,0.0,0.0,0.0,0.0,0.0,0,0,0,0,WORLDPOP_R2025A_CN_100M;ESA_WORLDCOVER_2021_V200;MINFOF_WRI_ATLAS_FORESTIER_SIG_2018;GEOBOUNDARIES_CMR_ADM3_9469f09,pop=2025 (estimation modélisée) ; occupation du sol=2021 ; atlas forestier=2015-2019
9386221B77038757135535,Yagoua,Mayo-Danay,Extrême - Nord,760.06,231720,304.9,536.2,0.71,39318.6,30432.1,40.04,621.0,1780.6,3230.9,0.1313,0.0023,0.0,0.0,0.0,0.0,0.0,0.0,0.0,0,0,0,0,WORLDPOP_R2025A_CN_100M;ESA_WORLDCOVER_2021_V200;MINFOF_WRI_ATLAS_FORESTIER_SIG_2018;GEOBOUNDARIES_CMR_ADM3_9469f09,pop=2025 (estimation modélisée) ; occupation du sol=2021 ; atlas forestier=2015-2019
9386221B74984703788986,Dziguilao,Mayo-Kani,Extrême - Nord,327.11,63892,195.3,63.9,0.2,7137.2,25462.5,77.84,31.6,0.5,0.8,0.3985,0.001,0.0,0.0,0.0,0.0,0.0,0.0,0.0,0,0,0,0,WORLDPOP_R2025A_CN_100M;ESA_WORLDCOVER_2021_V200;MINFOF_WRI_ATLAS_FORESTIER_SIG_2018;GEOBOUNDARIES_CMR_ADM3_9469f09,pop=2025 (estimation modélisée) ; occupation du sol=2021 ; atlas forestier=2015-2019
9386221B96404990454766,Guidiguis,Mayo-Kani,Extrême - Nord,385.35,85694,222.4,70.1,0.18,11075.1,27149.2,70.45,190.1,0.0,3.2,0.3168,0.0008,0.0,0.0,0.0,10725.5,27.83,0.0,0.0,0,0,1,0,WORLDPOP_R2025A_CN_100M;ESA_WORLDCOVER_2021_V200;MINFOF_WRI_ATLAS_FORESTIER_SIG_2018;GEOBOUNDARIES_CMR_ADM3_9469f09,pop=2025 (estimation modélisée) ; occupation du sol=2021 ; atlas forestier=2015-2019
9386221B95656062401724,Kaélé,Mayo-Kani,Extrême - Nord,1316.31,253000,192.2,939.0,0.71,85870.7,43690.7,33.19,896.4,0.9,0.8,0.1727,0.0037,0.0,0.0,74.9,3448.4,2.62,81877.9,0.0,0,1,1,1,WORLDPOP_R2025A_CN_100M;ESA_WORLDCOVER_2021_V200;MINFOF_WRI_ATLAS_FORESTIER_SIG_2018;GEOBOUNDARIES_CMR_ADM3_9469f09,pop=2025 (estimation modélisée) ; occupation du sol=2021 ; atlas forestier=2015-2019
9386221B5072173387856,Mindif,Mayo-Kani,Extrême - Nord,995.21,84296,84.7,414.5,0.42,65160.9,33361.4,33.52,292.2,0.3,1.5,0.3958,0.0049,0.0,0.0,4372.0,0.0,0.0,12703.5,0.0,0,7,0,1,WORLDPOP_R2025A_CN_100M;ESA_WORLDCOVER_2021_V200;MINFOF_WRI_ATLAS_FORESTIER_SIG_2018;GEOBOUNDARIES_CMR_ADM3_9469f09,pop=2025 (estimation modélisée) ; occupation du sol=2021 ; atlas forestier=2015-2019
9386221B62243000391182,Moulvoudaye,Mayo-Kani,Extrême - Nord,1139.67,128696,112.9,316.5,0.28,57343.3,55372.0,48.59,130.6,0.0,794.6,0.4303,0.0025,0.0,0.0,12928.7,0.0,0.0,0.0,0.0,0,5,0,0,WORLDPOP_R2025A_CN_100M;ESA_WORLDCOVER_2021_V200;MINFOF_WRI_ATLAS_FORESTIER_SIG_2018;GEOBOUNDARIES_CMR_ADM3_9469f09,pop=2025 (estimation modélisée) ; occupation du sol=2021 ; atlas forestier=2015-2019
9386221B19787450988767,Moutourwa,Mayo-Kani,Extrême - Nord,545.16,46400,85.1,273.7,0.5,23667.7,30242.4,55.47,254.9,0.2,0.3,0.6518,0.0059,0.0,0.0,0.0,0.0,0.0,4565.7,0.0,0,0,0,2,WORLDPOP_R2025A_CN_100M;ESA_WORLDCOVER_2021_V200;MINFOF_WRI_ATLAS_FORESTIER_SIG_2018;GEOBOUNDARIES_CMR_ADM3_9469f09,pop=2025 (estimation modélisée) ; occupation du sol=2021 ; atlas forestier=2015-2019
9386221B93722401530066,Touloum,Mayo-Kani,Extrême - Nord,288.57,65553,227.2,105.1,0.36,7086.2,21118.4,73.18,32.1,0.2,510.4,0.3222,0.0016,0.0,0.0,0.0,0.0,0.0,0.0,0.0,0,0,0,0,WORLDPOP_R2025A_CN_100M;ESA_WORLDCOVER_2021_V200;MINFOF_WRI_ATLAS_FORESTIER_SIG_2018;GEOBOUNDARIES_CMR_ADM3_9469f09,pop=2025 (estimation modélisée) ; occupation du sol=2021 ; atlas forestier=2015-2019
9386221B97708588482854,Kolofata,Mayo-Sava,Extrême - Nord,631.05,108932,172.6,444.6,0.7,30051.8,31717.9,50.26,483.9,203.5,3.3,0.2912,0.0041,0.0,0.0,1982.9,0.0,0.0,0.0,0.0,0,1,0,0,WORLDPOP_R2025A_CN_100M;ESA_WORLDCOVER_2021_V200;MINFOF_WRI_ATLAS_FORESTIER_SIG_2018;GEOBOUNDARIES_CMR_ADM3_9469f09,pop=2025 (estimation modélisée) ; occupation du sol=2021 ; atlas forestier=2015-2019
9386221B10315738090869,Mora,Mayo-Sava,Extrême - Nord,1690.24,324210,191.8,2221.5,1.31,112015.1,52846.8,31.27,1225.0,12.0,424.4,0.163,0.0069,0.0,0.0,0.0,471.1,0.28,0.0,0.0,0,0,1,0,WORLDPOP_R2025A_CN_100M;ESA_WORLDCOVER_2021_V200;MINFOF_WRI_ATLAS_FORESTIER_SIG_2018;GEOBOUNDARIES_CMR_ADM3_9469f09,pop=2025 (estimation modélisée) ; occupation du sol=2021 ; atlas forestier=2015-2019
9386221B16078017148885,Tokombéré,Mayo-Sava,Extrême - Nord,309.65,94895,306.5,1698.7,5.49,18370.3,10551.4,34.08,259.5,13.4,0.0,0.1112,0.0179,0.0,0.0,4911.3,0.0,0.0,0.0,0.0,0,1,0,0,WORLDPOP_R2025A_CN_100M;ESA_WORLDCOVER_2021_V200;MINFOF_WRI_ATLAS_FORESTIER_SIG_2018;GEOBOUNDARIES_CMR_ADM3_9469f09,pop=2025 (estimation modélisée) ; occupation du sol=2021 ; atlas forestier=2015-2019
9386221B55088340014824,Bourha,Mayo-Tsanaga,Extrême - Nord,689.76,127551,184.9,4751.8,6.89,41701.2,21870.6,31.71,578.4,37.5,1.1,0.1715,0.0373,0.0,0.0,0.0,0.0,0.0,7137.3,0.0,0,0,0,1,WORLDPOP_R2025A_CN_100M;ESA_WORLDCOVER_2021_V200;MINFOF_WRI_ATLAS_FORESTIER_SIG_2018;GEOBOUNDARIES_CMR_ADM3_9469f09,pop=2025 (estimation modélisée) ; occupation du sol=2021 ; atlas forestier=2015-2019
9386221B17595337609897,Hina,Mayo-Tsanaga,Extrême - Nord,474.45,72780,153.4,2349.6,4.95,37442.9,7316.0,15.42,288.0,0.2,0.0,0.1005,0.0323,0.0,0.0,0.0,0.0,0.0,0.0,0.0,0,0,0,0,WORLDPOP_R2025A_CN_100M;ESA_WORLDCOVER_2021_V200;MINFOF_WRI_ATLAS_FORESTIER_SIG_2018;GEOBOUNDARIES_CMR_ADM3_9469f09,pop=2025 (estimation modélisée) ; occupation du sol=2021 ; atlas forestier=2015-2019
9386221B39531153128231,Koza,Mayo-Tsanaga,Extrême - Nord,356.25,155456,436.4,1113.0,3.12,22781.7,11281.6,31.67,303.0,75.0,0.0,0.0726,0.0072,0.0,0.0,70.9,862.3,2.42,0.0,0.0,0,1,1,0,WORLDPOP_R2025A_CN_100M;ESA_WORLDCOVER_2021_V200;MINFOF_WRI_ATLAS_FORESTIER_SIG_2018;GEOBOUNDARIES_CMR_ADM3_9469f09,pop=2025 (estimation modélisée) ; occupation du sol=2021 ; atlas forestier=2015-2019
9386221B8963081327305,Mogodé,Mayo-Tsanaga,Extrême - Nord,562.31,145876,259.4,1131.1,2.01,37172.3,17565.4,31.24,348.9,0.0,0.3,0.1204,0.0078,0.0,0.0,0.0,0.0,0.0,0.0,0.0,0,0,0,0,WORLDPOP_R2025A_CN_100M;ESA_WORLDCOVER_2021_V200;MINFOF_WRI_ATLAS_FORESTIER_SIG_2018;GEOBOUNDARIES_CMR_ADM3_9469f09,pop=2025 (estimation modélisée) ; occupation du sol=2021 ; atlas forestier=2015-2019
9386221B6080891067496,Mokolo,Mayo-Tsanaga,Extrême - Nord,1783.69,688119,385.8,3246.2,1.82,121791.9,51172.6,28.69,1711.2,234.2,7.7,0.0744,0.0047,0.0,0.0,689.4,0.0,0.0,0.0,0.0,0,1,0,0,WORLDPOP_R2025A_CN_100M;ESA_WORLDCOVER_2021_V200;MINFOF_WRI_ATLAS_FORESTIER_SIG_2018;GEOBOUNDARIES_CMR_ADM3_9469f09,pop=2025 (estimation modélisée) ; occupation du sol=2021 ; atlas forestier=2015-2019
9386221B20564328998936,Mozogo,Mayo-Tsanaga,Extrême - Nord,271.84,40756,149.9,1766.8,6.5,20046.9,5075.5,18.67,142.1,99.7,0.0,0.1245,0.0434,0.0,0.0,0.0,862.6,3.17,0.0,0.0,0,0,1,0,WORLDPOP_R2025A_CN_100M;ESA_WORLDCOVER_2021_V200;MINFOF_WRI_ATLAS_FORESTIER_SIG_2018;GEOBOUNDARIES_CMR_ADM3_9469f09,pop=2025 (estimation modélisée) ; occupation du sol=2021 ; atlas forestier=2015-2019
9386221B78963061859533,Soulèdé-Roua,Mayo-Tsanaga,Extrême - Nord,240.11,80344,334.6,691.2,2.88,18989.2,4151.7,17.29,126.3,23.3,0.0,0.0517,0.0086,0.0,0.0,577.2,0.0,0.0,0.0,0.0,0,1,0,0,WORLDPOP_R2025A_CN_100M;ESA_WORLDCOVER_2021_V200;MINFOF_WRI_ATLAS_FORESTIER_SIG_2018;GEOBOUNDARIES_CMR_ADM3_9469f09,pop=2025 (estimation modélisée) ; occupation du sol=2021 ; atlas forestier=2015-2019
9386221B30051434650044,Baré,Moungo,Littoral,237.06,27712,116.9,22179.9,93.56,1294.1,6.0,0.03,219.4,5.6,0.0,0.0002,0.8004,0.0,0.0,2419.9,0.0,0.0,2202.7,0.0,0,1,0,1,WORLDPOP_R2025A_CN_100M;ESA_WORLDCOVER_2021_V200;MINFOF_WRI_ATLAS_FORESTIER_SIG_2018;GEOBOUNDARIES_CMR_ADM3_9469f09,pop=2025 (estimation modélisée) ; occupation du sol=2021 ; atlas forestier=2015-2019
9386221B30894039862111,Bonaléa,Moungo,Littoral,561.83,22434,39.9,51189.7,91.11,4743.3,34.4,0.06,195.2,6.0,13.4,0.0015,2.2818,0.0,0.0,4996.1,0.0,0.0,27298.7,0.0,0,1,0,3,WORLDPOP_R2025A_CN_100M;ESA_WORLDCOVER_2021_V200;MINFOF_WRI_ATLAS_FORESTIER_SIG_2018;GEOBOUNDARIES_CMR_ADM3_9469f09,pop=2025 (estimation modélisée) ; occupation du sol=2021 ; atlas forestier=2015-2019
9386221B75550401149106,Dibombari,Moungo,Littoral,428.29,110464,257.9,34638.3,80.88,5079.6,170.6,0.4,929.8,514.2,1454.4,0.0015,0.3136,0.0,0.0,0.0,0.0,0.0,0.0,0.0,0,0,0,0,WORLDPOP_R2025A_CN_100M;ESA_WORLDCOVER_2021_V200;MINFOF_WRI_ATLAS_FORESTIER_SIG_2018;GEOBOUNDARIES_CMR_ADM3_9469f09,pop=2025 (estimation modélisée) ; occupation du sol=2021 ; atlas forestier=2015-2019
9386221B35328439826691,Ebone,Moungo,Littoral,393.96,26958,68.4,38625.5,98.04,546.5,0.1,0.0,224.2,0.0,0.0,0.0,1.4328,2439.9,0.0,0.0,0.0,0.0,22340.9,0.0,1,0,0,1,WORLDPOP_R2025A_CN_100M;ESA_WORLDCOVER_2021_V200;MINFOF_WRI_ATLAS_FORESTIER_SIG_2018;GEOBOUNDARIES_CMR_ADM3_9469f09,pop=2025 (estimation modélisée) ; occupation du sol=2021 ; atlas forestier=2015-2019
9386221B16283257097983,Loum,Moungo,Littoral,283.29,61184,216.0,27188.8,95.97,632.6,4.2,0.01,503.4,0.0,0.1,0.0001,0.4444,278.5,0.0,0.0,0.0,0.0,22191.8,0.0,1,0,0,1,WORLDPOP_R2025A_CN_100M;ESA_WORLDCOVER_2021_V200;MINFOF_WRI_ATLAS_FORESTIER_SIG_2018;GEOBOUNDARIES_CMR_ADM3_9469f09,pop=2025 (estimation modélisée) ; occupation du sol=2021 ; atlas forestier=2015-2019
9386221B10867948981136,Manjo,Moungo,Littoral,333.16,55315,166.0,31314.2,93.99,1527.2,1.1,0.0,472.4,0.0,0.0,0.0,0.5661,6301.2,0.0,0.0,0.0,0.0,11027.7,0.0,1,0,0,1,WORLDPOP_R2025A_CN_100M;ESA_WORLDCOVER_2021_V200;MINFOF_WRI_ATLAS_FORESTIER_SIG_2018;GEOBOUNDARIES_CMR_ADM3_9469f09,pop=2025 (estimation modélisée) ; occupation du sol=2021 ; atlas forestier=2015-2019
9386221B75611895729261,Mbanga,Moungo,Littoral,451.68,67820,150.1,40963.2,90.69,3281.2,221.9,0.49,566.5,43.6,71.7,0.0033,0.604,0.0,0.0,113.5,0.0,0.0,39780.5,0.0,0,1,0,3,WORLDPOP_R2025A_CN_100M;ESA_WORLDCOVER_2021_V200;MINFOF_WRI_ATLAS_FORESTIER_SIG_2018;GEOBOUNDARIES_CMR_ADM3_9469f09,pop=2025 (estimation modélisée) ; occupation du sol=2021 ; atlas forestier=2015-2019
9386221B80647528880621,Mombo,Moungo,Littoral,117.29,9130,77.8,10104.9,86.15,1457.9,23.3,0.2,87.0,20.7,26.6,0.0026,1.1068,0.0,0.0,0.0,0.0,0.0,7072.0,0.0,0,0,0,3,WORLDPOP_R2025A_CN_100M;ESA_WORLDCOVER_2021_V200;MINFOF_WRI_ATLAS_FORESTIER_SIG_2018;GEOBOUNDARIES_CMR_ADM3_9469f09,pop=2025 (estimation modélisée) ; occupation du sol=2021 ; atlas forestier=2015-2019
9386221B94264369685837,Mélong,Moungo,Littoral,589.75,106822,181.1,46407.1,78.69,11309.0,437.8,0.74,802.4,5.9,5.7,0.0041,0.4344,0.0,0.0,0.0,13.9,0.02,0.0,0.0,0,0,1,0,WORLDPOP_R2025A_CN_100M;ESA_WORLDCOVER_2021_V200;MINFOF_WRI_ATLAS_FORESTIER_SIG_2018;GEOBOUNDARIES_CMR_ADM3_9469f09,pop=2025 (estimation modélisée) ; occupation du sol=2021 ; atlas forestier=2015-2019
9386221B96447253023617,Nkongsamba I,Moungo,Littoral,150.48,13099,87.0,14784.2,98.24,158.1,0.0,0.0,103.2,0.0,0.0,0.0,1.1287,0.0,0.0,223.0,0.0,0.0,6110.2,0.0,0,1,0,1,WORLDPOP_R2025A_CN_100M;ESA_WORLDCOVER_2021_V200;MINFOF_WRI_ATLAS_FORESTIER_SIG_2018;GEOBOUNDARIES_CMR_ADM3_9469f09,pop=2025 (estimation modélisée) ; occupation du sol=2021 ; atlas forestier=2015-2019
9386221B60241356719243,Nkongsamba II,Moungo,Littoral,25.4,47797,1881.9,1649.2,64.93,571.8,1.9,0.07,316.2,0.0,0.0,0.0,0.0345,0.0,0.0,0.0,0.0,0.0,0.0,0.0,0,0,0,0,WORLDPOP_R2025A_CN_100M;ESA_WORLDCOVER_2021_V200;MINFOF_WRI_ATLAS_FORESTIER_SIG_2018;GEOBOUNDARIES_CMR_ADM3_9469f09,pop=2025 (estimation modélisée) ; occupation du sol=2021 ; atlas forestier=2015-2019
9386221B619753199247,Nkongsamba III,Moungo,Littoral,48.55,57227,1178.7,3567.8,73.49,868.8,0.7,0.01,417.0,0.0,0.0,0.0,0.0623,0.0,0.0,0.0,0.0,0.0,0.0,0.0,0,0,0,0,WORLDPOP_R2025A_CN_100M;ESA_WORLDCOVER_2021_V200;MINFOF_WRI_ATLAS_FORESTIER_SIG_2018;GEOBOUNDARIES_CMR_ADM3_9469f09,pop=2025 (estimation modélisée) ; occupation du sol=2021 ; atlas forestier=2015-2019
9386221B67580120120564,Penja,Moungo,Littoral,261.93,40024,152.8,24724.7,94.4,1016.2,23.6,0.09,397.4,0.0,14.4,0.0006,0.6177,0.0,0.0,0.0,0.0,0.0,16103.4,0.0,0,0,0,2,WORLDPOP_R2025A_CN_100M;ESA_WORLDCOVER_2021_V200;MINFOF_WRI_ATLAS_FORESTIER_SIG_2018;GEOBOUNDARIES_CMR_ADM3_9469f09,pop=2025 (estimation modélisée) ; occupation du sol=2021 ; atlas forestier=2015-2019
9386221B75922798345656,Ndobian,Nkam,Littoral,505.45,9602,19.0,50162.8,99.24,259.4,0.3,0.0,116.9,2.7,0.2,0.0,5.2242,4097.0,23.7,2610.6,0.0,0.0,7724.7,0.0,1,1,0,3,WORLDPOP_R2025A_CN_100M;ESA_WORLDCOVER_2021_V200;MINFOF_WRI_ATLAS_FORESTIER_SIG_2018;GEOBOUNDARIES_CMR_ADM3_9469f09,pop=2025 (estimation modélisée) ; occupation du sol=2021 ; atlas forestier=2015-2019
9386221B1059457996109,Nkondjock,Nkam,Littoral,966.82,16495,17.1,95422.5,98.7,905.7,3.8,0.0,278.4,51.2,2.1,0.0002,5.7849,1028.5,22971.9,3.3,0.0,0.0,486.9,0.0,1,1,0,1,WORLDPOP_R2025A_CN_100M;ESA_WORLDCOVER_2021_V200;MINFOF_WRI_ATLAS_FORESTIER_SIG_2018;GEOBOUNDARIES_CMR_ADM3_9469f09,pop=2025 (estimation modélisée) ; occupation du sol=2021 ; atlas forestier=2015-2019
9386221B93246025819017,Yabassi,Nkam,Littoral,3031.46,37802,12.5,292643.1,96.53,8004.3,23.1,0.01,403.2,868.5,1148.8,0.0006,7.7415,29072.5,33563.6,7334.5,23401.4,7.72,88358.3,0.0,2,2,1,2,WORLDPOP_R2025A_CN_100M;ESA_WORLDCOVER_2021_V200;MINFOF_WRI_ATLAS_FORESTIER_SIG_2018;GEOBOUNDARIES_CMR_ADM3_9469f09,pop=2025 (estimation modélisée) ; occupation du sol=2021 ; atlas forestier=2015-2019
9386221B6787106821282,Yingui,Nkam,Littoral,1657.83,3064,1.8,165498.4,99.83,159.5,0.2,0.0,33.8,62.8,17.0,0.0001,54.0138,33402.6,13512.9,13468.8,93167.3,56.2,27760.1,0.0,2,4,1,1,WORLDPOP_R2025A_CN_100M;ESA_WORLDCOVER_2021_V200;MINFOF_WRI_ATLAS_FORESTIER_SIG_2018;GEOBOUNDARIES_CMR_ADM3_9469f09,pop=2025 (estimation modélisée) ; occupation du sol=2021 ; atlas forestier=2015-2019
9386221B8043626447015,Dibamba,Sanaga - Maritime,Littoral,845.7,21312,25.2,82461.6,97.51,1361.3,1.3,0.0,285.7,334.1,59.2,0.0001,3.8693,31787.2,22.0,2788.7,629.7,0.74,23803.7,0.0,1,2,1,1,WORLDPOP_R2025A_CN_100M;ESA_WORLDCOVER_2021_V200;MINFOF_WRI_ATLAS_FORESTIER_SIG_2018;GEOBOUNDARIES_CMR_ADM3_9469f09,pop=2025 (estimation modélisée) ; occupation du sol=2021 ; atlas forestier=2015-2019
9386221B56269474384543,Dizangué,Sanaga - Maritime,Littoral,952.7,17658,18.5,61092.8,64.13,3320.8,20.5,0.02,274.2,6774.3,23763.8,0.0012,3.4598,0.0,0.0,0.0,29572.8,31.04,0.0,0.0,0,0,2,0,WORLDPOP_R2025A_CN_100M;ESA_WORLDCOVER_2021_V200;MINFOF_WRI_ATLAS_FORESTIER_SIG_2018;GEOBOUNDARIES_CMR_ADM3_9469f09,pop=2025 (estimation modélisée) ; occupation du sol=2021 ; atlas forestier=2015-2019
9386221B96736670924353,Massok,Sanaga - Maritime,Littoral,576.2,15457,26.8,56305.1,97.72,106.5,8.0,0.01,140.9,901.8,0.8,0.0005,3.6427,0.0,0.0,9798.5,0.0,0.0,1035.1,0.0,0,2,0,1,WORLDPOP_R2025A_CN_100M;ESA_WORLDCOVER_2021_V200;MINFOF_WRI_ATLAS_FORESTIER_SIG_2018;GEOBOUNDARIES_CMR_ADM3_9469f09,pop=2025 (estimation modélisée) ; occupation du sol=2021 ; atlas forestier=2015-2019
9386221B92648663236889,Mouanko,Sanaga - Maritime,Littoral,1280.99,11239,8.8,100797.4,78.69,1530.5,41.6,0.03,123.4,9433.8,16075.0,0.0037,8.9685,0.0,0.0,0.0,68268.4,53.29,3212.5,0.0,0,0,1,1,WORLDPOP_R2025A_CN_100M;ESA_WORLDCOVER_2021_V200;MINFOF_WRI_ATLAS_FORESTIER_SIG_2018;GEOBOUNDARIES_CMR_ADM3_9469f09,pop=2025 (estimation modélisée) ; occupation du sol=2021 ; atlas forestier=2015-2019
9386221B96867606026862,Ndom,Sanaga - Maritime,Littoral,670.12,19775,29.5,64159.3,95.74,2638.8,0.2,0.0,211.4,0.0,0.0,0.0,3.2445,0.0,3085.6,12.4,0.0,0.0,0.0,0.0,0,2,0,0,WORLDPOP_R2025A_CN_100M;ESA_WORLDCOVER_2021_V200;MINFOF_WRI_ATLAS_FORESTIER_SIG_2018;GEOBOUNDARIES_CMR_ADM3_9469f09,pop=2025 (estimation modélisée) ; occupation du sol=2021 ; atlas forestier=2015-2019
9386221B12377496581345,Ngambé,Sanaga - Maritime,Littoral,937.33,8893,9.5,93430.9,99.68,210.4,0.0,0.0,92.5,0.0,0.0,0.0,10.5061,0.0,16395.9,5783.7,17171.0,18.32,13935.4,0.0,0,4,1,1,WORLDPOP_R2025A_CN_100M;ESA_WORLDCOVER_2021_V200;MINFOF_WRI_ATLAS_FORESTIER_SIG_2018;GEOBOUNDARIES_CMR_ADM3_9469f09,pop=2025 (estimation modélisée) ; occupation du sol=2021 ; atlas forestier=2015-2019
9386221B40010227149023,Ngwei,Sanaga - Maritime,Littoral,876.17,14891,17.0,85882.8,98.02,408.1,0.5,0.0,117.6,988.7,6.4,0.0,5.7674,4031.6,24120.6,6124.7,0.0,0.0,26600.2,0.0,2,3,0,3,WORLDPOP_R2025A_CN_100M;ESA_WORLDCOVER_2021_V200;MINFOF_WRI_ATLAS_FORESTIER_SIG_2018;GEOBOUNDARIES_CMR_ADM3_9469f09,pop=2025 (estimation modélisée) ; occupation du sol=2021 ; atlas forestier=2015-2019
9386221B28277455363944,Nyanon,Sanaga - Maritime,Littoral,520.83,19521,37.5,47182.3,90.59,3208.0,2.5,0.0,162.0,1418.0,6.7,0.0001,2.417,0.0,56.7,2699.3,0.0,0.0,0.0,0.0,0,2,0,0,WORLDPOP_R2025A_CN_100M;ESA_WORLDCOVER_2021_V200;MINFOF_WRI_ATLAS_FORESTIER_SIG_2018;GEOBOUNDARIES_CMR_ADM3_9469f09,pop=2025 (estimation modélisée) ; occupation du sol=2021 ; atlas forestier=2015-2019
9386221B99754301414299,Pouma,Sanaga - Maritime,Littoral,704.21,27413,38.9,69124.1,98.16,364.5,0.4,0.0,333.5,489.4,0.2,0.0,2.5216,0.0,27874.3,551.8,0.0,0.0,7134.0,0.0,0,2,0,1,WORLDPOP_R2025A_CN_100M;ESA_WORLDCOVER_2021_V200;MINFOF_WRI_ATLAS_FORESTIER_SIG_2018;GEOBOUNDARIES_CMR_ADM3_9469f09,pop=2025 (estimation modélisée) ; occupation du sol=2021 ; atlas forestier=2015-2019
9386221B54279120074144,Édéa I,Sanaga - Maritime,Littoral,1007.31,88824,88.2,95714.3,95.02,2293.5,2.8,0.0,840.7,1429.2,308.6,0.0,1.0776,10.4,584.0,0.0,37065.2,36.8,27593.5,0.0,2,0,1,1,WORLDPOP_R2025A_CN_100M;ESA_WORLDCOVER_2021_V200;MINFOF_WRI_ATLAS_FORESTIER_SIG_2018;GEOBOUNDARIES_CMR_ADM3_9469f09,pop=2025 (estimation modélisée) ; occupation du sol=2021 ; atlas forestier=2015-2019
9386221B90884324129928,Édéa II,Sanaga - Maritime,Littoral,780.8,29511,37.8,75050.7,96.12,407.7,3.3,0.0,320.5,1997.6,11.7,0.0001,2.5431,43535.5,0.0,5209.2,311.6,0.4,33032.6,0.0,1,2,2,1,WORLDPOP_R2025A_CN_100M;ESA_WORLDCOVER_2021_V200;MINFOF_WRI_ATLAS_FORESTIER_SIG_2018;GEOBOUNDARIES_CMR_ADM3_9469f09,pop=2025 (estimation modélisée) ; occupation du sol=2021 ; atlas forestier=2015-2019
9386221B53666537605784,Douala I,Wouril,Littoral,32.06,302265,9428.2,155.5,4.85,114.4,15.3,0.48,1864.6,696.0,330.1,0.0001,0.0005,0.0,0.0,0.0,66.5,2.07,0.0,0.0,0,0,1,0,WORLDPOP_R2025A_CN_100M;ESA_WORLDCOVER_2021_V200;MINFOF_WRI_ATLAS_FORESTIER_SIG_2018;GEOBOUNDARIES_CMR_ADM3_9469f09,pop=2025 (estimation modélisée) ; occupation du sol=2021 ; atlas forestier=2015-2019
9386221B25211619894918,Douala II,Wouril,Littoral,16.12,208428,12927.4,98.8,6.13,253.1,10.1,0.63,1113.2,51.9,73.9,0.0,0.0005,0.0,0.0,0.0,0.0,0.0,0.0,0.0,0,0,0,0,WORLDPOP_R2025A_CN_100M;ESA_WORLDCOVER_2021_V200;MINFOF_WRI_ATLAS_FORESTIER_SIG_2018;GEOBOUNDARIES_CMR_ADM3_9469f09,pop=2025 (estimation modélisée) ; occupation du sol=2021 ; atlas forestier=2015-2019
9386221B90089366081240,Douala III,Wouril,Littoral,167.4,1282931,7663.7,5297.4,31.64,2384.8,30.2,0.18,7959.9,593.0,327.9,0.0,0.0041,0.0,0.0,0.0,123.6,0.74,0.0,0.0,0,0,1,0,WORLDPOP_R2025A_CN_100M;ESA_WORLDCOVER_2021_V200;MINFOF_WRI_ATLAS_FORESTIER_SIG_2018;GEOBOUNDARIES_CMR_ADM3_9469f09,pop=2025 (estimation modélisée) ; occupation du sol=2021 ; atlas forestier=2015-2019
9386221B2109018232138,Douala IV,Wouril,Littoral,204.0,513808,2518.6,6054.7,29.68,956.6,49.3,0.24,3213.1,2612.0,7467.0,0.0001,0.0118,0.0,0.0,0.0,0.6,0.0,0.0,0.0,0,0,1,0,WORLDPOP_R2025A_CN_100M;ESA_WORLDCOVER_2021_V200;MINFOF_WRI_ATLAS_FORESTIER_SIG_2018;GEOBOUNDARIES_CMR_ADM3_9469f09,pop=2025 (estimation modélisée) ; occupation du sol=2021 ; atlas forestier=2015-2019
9386221B75147253795582,Douala V,Wouril,Littoral,160.81,887108,5516.7,9488.9,59.01,1639.2,23.9,0.15,4549.7,215.2,123.5,0.0,0.0107,0.0,0.0,0.0,0.0,0.0,0.0,0.0,0,0,0,0,WORLDPOP_R2025A_CN_100M;ESA_WORLDCOVER_2021_V200;MINFOF_WRI_ATLAS_FORESTIER_SIG_2018;GEOBOUNDARIES_CMR_ADM3_9469f09,pop=2025 (estimation modélisée) ; occupation du sol=2021 ; atlas forestier=2015-2019
9386221B83686298967433,Douala VI,Wouril,Littoral,390.49,35411,90.7,5230.2,13.39,305.0,17.2,0.04,271.0,5968.4,27235.3,0.0005,0.1477,0.0,0.0,2699.1,19353.2,49.56,0.0,0.0,0,1,1,0,WORLDPOP_R2025A_CN_100M;ESA_WORLDCOVER_2021_V200;MINFOF_WRI_ATLAS_FORESTIER_SIG_2018;GEOBOUNDARIES_CMR_ADM3_9469f09,pop=2025 (estimation modélisée) ; occupation du sol=2021 ; atlas forestier=2015-2019
9386221B52857545604026,Baschéo,Bénoue,Nord,1049.32,45587,43.4,5492.1,5.23,72878.1,26333.5,25.1,162.1,0.1,27.0,0.5777,0.1205,0.0,0.0,945.7,0.0,0.0,16384.2,0.0,0,1,0,2,WORLDPOP_R2025A_CN_100M;ESA_WORLDCOVER_2021_V200;MINFOF_WRI_ATLAS_FORESTIER_SIG_2018;GEOBOUNDARIES_CMR_ADM3_9469f09,pop=2025 (estimation modélisée) ; occupation du sol=2021 ; atlas forestier=2015-2019
9386221B93864141471804,Bibemi,Bénoue,Nord,2566.1,195619,76.2,6477.3,2.52,162019.1,81979.9,31.95,718.0,3520.5,1625.2,0.4191,0.0331,0.0,0.0,0.0,0.0,0.0,150932.8,0.0,0,0,0,4,WORLDPOP_R2025A_CN_100M;ESA_WORLDCOVER_2021_V200;MINFOF_WRI_ATLAS_FORESTIER_SIG_2018;GEOBOUNDARIES_CMR_ADM3_9469f09,pop=2025 (estimation modélisée) ; occupation du sol=2021 ; atlas forestier=2015-2019
9386221B46085147008796,Dembo,Bénoue,Nord,602.59,39919,66.2,1135.2,1.88,46425.3,12586.9,20.89,96.5,0.0,0.1,0.3153,0.0284,0.0,0.0,0.0,0.0,0.0,15752.2,0.0,0,0,0,1,WORLDPOP_R2025A_CN_100M;ESA_WORLDCOVER_2021_V200;MINFOF_WRI_ATLAS_FORESTIER_SIG_2018;GEOBOUNDARIES_CMR_ADM3_9469f09,pop=2025 (estimation modélisée) ; occupation du sol=2021 ; atlas forestier=2015-2019
9386221B7054821525392,Gachiga,Bénoue,Nord,565.04,44197,78.2,1237.8,2.19,35235.2,19767.4,34.98,229.4,1.4,32.9,0.4473,0.028,0.0,0.0,10415.4,0.0,0.0,44036.2,0.0,0,5,0,1,WORLDPOP_R2025A_CN_100M;ESA_WORLDCOVER_2021_V200;MINFOF_WRI_ATLAS_FORESTIER_SIG_2018;GEOBOUNDARIES_CMR_ADM3_9469f09,pop=2025 (estimation modélisée) ; occupation du sol=2021 ; atlas forestier=2015-2019
9386221B20253498547252,Garoua I,Bénoue,Nord,89.79,329397,3668.6,755.3,8.41,2720.7,3520.4,39.21,1727.8,62.4,137.4,0.0107,0.0023,0.0,0.0,0.0,0.0,0.0,1996.0,0.0,0,0,0,1,WORLDPOP_R2025A_CN_100M;ESA_WORLDCOVER_2021_V200;MINFOF_WRI_ATLAS_FORESTIER_SIG_2018;GEOBOUNDARIES_CMR_ADM3_9469f09,pop=2025 (estimation modélisée) ; occupation du sol=2021 ; atlas forestier=2015-2019
9386221B68625330517672,Garoua II,Bénoue,Nord,74.39,355253,4775.4,287.6,3.87,3089.0,1947.4,26.18,1968.9,75.2,29.4,0.0055,0.0008,0.0,0.0,0.0,0.0,0.0,2057.8,0.0,0,0,0,1,WORLDPOP_R2025A_CN_100M;ESA_WORLDCOVER_2021_V200;MINFOF_WRI_ATLAS_FORESTIER_SIG_2018;GEOBOUNDARIES_CMR_ADM3_9469f09,pop=2025 (estimation modélisée) ; occupation du sol=2021 ; atlas forestier=2015-2019
9386221B8479962630576,Garoua III,Bénoue,Nord,260.56,68331,262.2,1316.1,5.05,12416.6,11379.9,43.67,297.9,384.5,221.6,0.1665,0.0193,0.0,0.0,0.0,0.0,0.0,0.0,0.0,0,0,0,0,WORLDPOP_R2025A_CN_100M;ESA_WORLDCOVER_2021_V200;MINFOF_WRI_ATLAS_FORESTIER_SIG_2018;GEOBOUNDARIES_CMR_ADM3_9469f09,pop=2025 (estimation modélisée) ; occupation du sol=2021 ; atlas forestier=2015-2019
9386221B73292182549514,Lagdo,Bénoue,Nord,2231.72,178313,79.9,9061.6,4.06,109609.9,87382.5,39.15,859.1,13572.4,2581.4,0.4901,0.0508,0.0,0.0,0.0,0.0,0.0,98634.3,0.0,0,0,0,5,WORLDPOP_R2025A_CN_100M;ESA_WORLDCOVER_2021_V200;MINFOF_WRI_ATLAS_FORESTIER_SIG_2018;GEOBOUNDARIES_CMR_ADM3_9469f09,pop=2025 (estimation modélisée) ; occupation du sol=2021 ; atlas forestier=2015-2019
9386221B72066933414683,Mayo-Hourna,Bénoue,Nord,957.27,69532,72.6,1312.6,1.37,44424.8,48166.7,50.32,231.2,777.7,645.0,0.6927,0.0189,0.0,0.0,4989.5,0.0,0.0,11699.9,0.0,0,4,0,1,WORLDPOP_R2025A_CN_100M;ESA_WORLDCOVER_2021_V200;MINFOF_WRI_ATLAS_FORESTIER_SIG_2018;GEOBOUNDARIES_CMR_ADM3_9469f09,pop=2025 (estimation modélisée) ; occupation du sol=2021 ; atlas forestier=2015-2019
9386221B55259405982197,Ngong,Bénoue,Nord,2634.04,168526,64.0,27900.9,10.59,147025.4,87055.4,33.05,841.3,235.5,287.4,0.5166,0.1656,0.0,0.0,0.0,0.0,0.0,12169.4,0.0,0,0,0,1,WORLDPOP_R2025A_CN_100M;ESA_WORLDCOVER_2021_V200;MINFOF_WRI_ATLAS_FORESTIER_SIG_2018;GEOBOUNDARIES_CMR_ADM3_9469f09,pop=2025 (estimation modélisée) ; occupation du sol=2021 ; atlas forestier=2015-2019
9386221B57757990262555,Pitoa,Bénoue,Nord,1538.62,208711,135.6,3532.5,2.3,83563.8,64867.4,42.16,1049.8,176.4,412.6,0.3108,0.0169,0.0,0.0,2740.6,0.0,0.0,24348.5,0.0,0,2,0,1,WORLDPOP_R2025A_CN_100M;ESA_WORLDCOVER_2021_V200;MINFOF_WRI_ATLAS_FORESTIER_SIG_2018;GEOBOUNDARIES_CMR_ADM3_9469f09,pop=2025 (estimation modélisée) ; occupation du sol=2021 ; atlas forestier=2015-2019
9386221B50142475459144,Touroua,Bénoue,Nord,1098.76,64700,58.9,7250.0,6.6,45000.7,53498.5,48.69,330.4,1587.6,1510.1,0.8269,0.1121,0.0,0.0,0.0,0.0,0.0,0.0,0.0,0,0,0,0,WORLDPOP_R2025A_CN_100M;ESA_WORLDCOVER_2021_V200;MINFOF_WRI_ATLAS_FORESTIER_SIG_2018;GEOBOUNDARIES_CMR_ADM3_9469f09,pop=2025 (estimation modélisée) ; occupation du sol=2021 ; atlas forestier=2015-2019
9386221B817394517114,Béka,Faro,Nord,1655.71,64823,39.2,36987.1,22.34,87920.2,35225.3,21.27,202.8,1223.0,1562.3,0.5434,0.5706,0.0,0.0,0.0,148.5,0.09,0.0,0.0,0,0,1,0,WORLDPOP_R2025A_CN_100M;ESA_WORLDCOVER_2021_V200;MINFOF_WRI_ATLAS_FORESTIER_SIG_2018;GEOBOUNDARIES_CMR_ADM3_9469f09,pop=2025 (estimation modélisée) ; occupation du sol=2021 ; atlas forestier=2015-2019
9386221B87764224122808,Poli,Faro,Nord,10048.28,77918,7.8,220015.3,21.9,741579.7,39337.5,3.91,231.8,1070.9,605.2,0.5049,2.8237,0.0,0.0,1143.8,334057.6,33.25,189934.5,0.0,0,1,1,5,WORLDPOP_R2025A_CN_100M;ESA_WORLDCOVER_2021_V200;MINFOF_WRI_ATLAS_FORESTIER_SIG_2018;GEOBOUNDARIES_CMR_ADM3_9469f09,pop=2025 (estimation modélisée) ; occupation du sol=2021 ; atlas forestier=2015-2019
9386221B44986910492464,Madingring,Mayo - Rey,Nord,3079.62,59331,19.3,139251.0,45.22,127107.8,41191.0,13.38,304.8,0.2,3.8,0.6943,2.347,0.0,0.0,0.0,0.1,0.0,0.0,0.0,0,0,1,0,WORLDPOP_R2025A_CN_100M;ESA_WORLDCOVER_2021_V200;MINFOF_WRI_ATLAS_FORESTIER_SIG_2018;GEOBOUNDARIES_CMR_ADM3_9469f09,pop=2025 (estimation modélisée) ; occupation du sol=2021 ; atlas forestier=2015-2019
9386221B32496835290273,Rey-Bouba,Mayo - Rey,Nord,8821.74,247078,28.0,67383.8,7.64,638026.6,142201.8,16.12,560.0,22884.2,10656.4,0.5755,0.2727,0.0,0.0,0.0,211297.4,23.95,409146.8,0.0,0,0,2,7,WORLDPOP_R2025A_CN_100M;ESA_WORLDCOVER_2021_V200;MINFOF_WRI_ATLAS_FORESTIER_SIG_2018;GEOBOUNDARIES_CMR_ADM3_9469f09,pop=2025 (estimation modélisée) ; occupation du sol=2021 ; atlas forestier=2015-2019
9386221B53888650456668,Tcholliré,Mayo - Rey,Nord,14612.8,197240,13.5,512747.8,35.09,867977.4,78425.3,5.37,1199.5,337.7,136.0,0.3976,2.5996,0.0,53.8,0.0,198340.6,13.57,404685.2,0.0,0,0,3,10,WORLDPOP_R2025A_CN_100M;ESA_WORLDCOVER_2021_V200;MINFOF_WRI_ATLAS_FORESTIER_SIG_2018;GEOBOUNDARIES_CMR_ADM3_9469f09,pop=2025 (estimation modélisée) ; occupation du sol=2021 ; atlas forestier=2015-2019
9386221B49027895017551,Touboro,Mayo - Rey,Nord,10062.26,269289,26.8,448277.8,44.55,412351.6,142767.2,14.19,1855.5,447.8,89.2,0.5302,1.6647,0.0,0.0,0.0,10755.0,1.07,0.0,0.0,0,0,1,0,WORLDPOP_R2025A_CN_100M;ESA_WORLDCOVER_2021_V200;MINFOF_WRI_ATLAS_FORESTIER_SIG_2018;GEOBOUNDARIES_CMR_ADM3_9469f09,pop=2025 (estimation modélisée) ; occupation du sol=2021 ; atlas forestier=2015-2019
9386221B74492421948677,Figuil,Mayo-Louti,Nord,866.84,177439,204.7,750.5,0.87,61491.3,22967.2,26.5,631.7,159.1,458.1,0.1294,0.0042,0.0,0.0,0.0,0.0,0.0,53151.0,30.7,0,0,0,5,WORLDPOP_R2025A_CN_100M;ESA_WORLDCOVER_2021_V200;MINFOF_WRI_ATLAS_FORESTIER_SIG_2018;GEOBOUNDARIES_CMR_ADM3_9469f09,pop=2025 (estimation modélisée) ; occupation du sol=2021 ; atlas forestier=2015-2019
9386221B94640622657798,Guider,Mayo-Louti,Nord,1945.66,448822,230.7,6333.0,3.25,104490.2,80670.2,41.46,1647.5,272.2,593.8,0.1797,0.0141,0.0,0.0,0.0,0.0,0.0,106047.5,0.0,0,0,0,3,WORLDPOP_R2025A_CN_100M;ESA_WORLDCOVER_2021_V200;MINFOF_WRI_ATLAS_FORESTIER_SIG_2018;GEOBOUNDARIES_CMR_ADM3_9469f09,pop=2025 (estimation modélisée) ; occupation du sol=2021 ; atlas forestier=2015-2019
9386221B4855998486519,Mayo-Oulo,Mayo-Louti,Nord,1394.85,243316,174.4,15382.9,11.03,92804.2,30547.9,21.9,657.5,21.4,7.4,0.1255,0.0632,0.0,0.0,0.0,0.0,0.0,84263.2,0.0,0,0,0,3,WORLDPOP_R2025A_CN_100M;ESA_WORLDCOVER_2021_V200;MINFOF_WRI_ATLAS_FORESTIER_SIG_2018;GEOBOUNDARIES_CMR_ADM3_9469f09,pop=2025 (estimation modélisée) ; occupation du sol=2021 ; atlas forestier=2015-2019
9386221B10584910060209,Belo,Boyo,Nord - Ouest,251.06,61127,243.5,15609.1,62.17,7189.9,1802.4,7.18,398.9,105.2,0.2,0.0295,0.2554,0.0,0.0,2127.3,675.0,2.69,0.0,0.0,0,4,1,0,WORLDPOP_R2025A_CN_100M;ESA_WORLDCOVER_2021_V200;MINFOF_WRI_ATLAS_FORESTIER_SIG_2018;GEOBOUNDARIES_CMR_ADM3_9469f09,pop=2025 (estimation modélisée) ; occupation du sol=2021 ; atlas forestier=2015-2019
9386221B27912146401862,Fonfuka,Boyo,Nord - Ouest,706.98,34078,48.2,21013.9,29.72,48315.2,1251.0,1.77,105.2,2.3,0.1,0.0367,0.6166,0.0,0.0,27.3,5130.4,7.26,1774.1,0.0,0,1,1,1,WORLDPOP_R2025A_CN_100M;ESA_WORLDCOVER_2021_V200;MINFOF_WRI_ATLAS_FORESTIER_SIG_2018;GEOBOUNDARIES_CMR_ADM3_9469f09,pop=2025 (estimation modélisée) ; occupation du sol=2021 ; atlas forestier=2015-2019
9386221B41960338837393,Fundong,Boyo,Nord - Ouest,412.16,49736,120.7,22658.2,54.97,16317.8,1835.2,4.45,404.8,0.0,0.0,0.0369,0.4556,0.0,0.0,1919.8,0.0,0.0,0.0,0.0,0,5,0,0,WORLDPOP_R2025A_CN_100M;ESA_WORLDCOVER_2021_V200;MINFOF_WRI_ATLAS_FORESTIER_SIG_2018;GEOBOUNDARIES_CMR_ADM3_9469f09,pop=2025 (estimation modélisée) ; occupation du sol=2021 ; atlas forestier=2015-2019
9386221B38813643560197,Njinikom,Boyo,Nord - Ouest,280.84,32985,117.5,21142.4,75.28,6360.4,333.8,1.19,225.7,8.8,0.6,0.0101,0.641,0.0,0.0,1071.0,0.0,0.0,0.0,0.0,0,4,0,0,WORLDPOP_R2025A_CN_100M;ESA_WORLDCOVER_2021_V200;MINFOF_WRI_ATLAS_FORESTIER_SIG_2018;GEOBOUNDARIES_CMR_ADM3_9469f09,pop=2025 (estimation modélisée) ; occupation du sol=2021 ; atlas forestier=2015-2019
9386221B24367359264110,Elak,Bui,Nord - Ouest,315.32,85078,269.8,15630.8,49.57,10077.6,5198.4,16.49,514.5,109.8,0.4,0.0611,0.1837,0.0,0.0,4267.4,331.2,1.05,0.0,0.0,0,6,1,0,WORLDPOP_R2025A_CN_100M;ESA_WORLDCOVER_2021_V200;MINFOF_WRI_ATLAS_FORESTIER_SIG_2018;GEOBOUNDARIES_CMR_ADM3_9469f09,pop=2025 (estimation modélisée) ; occupation du sol=2021 ; atlas forestier=2015-2019
9386221B49407975684578,Jakiri,Bui,Nord - Ouest,404.33,105161,260.1,13218.0,32.69,21666.7,4774.8,11.81,764.5,0.6,4.9,0.0454,0.1257,0.0,0.0,0.0,0.0,0.0,0.0,0.0,0,0,0,0,WORLDPOP_R2025A_CN_100M;ESA_WORLDCOVER_2021_V200;MINFOF_WRI_ATLAS_FORESTIER_SIG_2018;GEOBOUNDARIES_CMR_ADM3_9469f09,pop=2025 (estimation modélisée) ; occupation du sol=2021 ; atlas forestier=2015-2019
9386221B47273112743331,Kumbo,Bui,Nord - Ouest,227.06,137402,605.1,8201.8,36.12,9459.7,3823.5,16.84,1220.7,0.0,0.0,0.0278,0.0597,0.0,0.0,0.0,0.0,0.0,0.0,0.0,0,0,0,0,WORLDPOP_R2025A_CN_100M;ESA_WORLDCOVER_2021_V200;MINFOF_WRI_ATLAS_FORESTIER_SIG_2018;GEOBOUNDARIES_CMR_ADM3_9469f09,pop=2025 (estimation modélisée) ; occupation du sol=2021 ; atlas forestier=2015-2019
9386221B83227007130233,Mbiame,Bui,Nord - Ouest,693.72,44492,64.1,39413.0,56.81,27053.2,2740.6,3.95,152.6,1.3,0.9,0.0616,0.8858,0.0,0.0,0.0,0.0,0.0,0.0,0.0,0,0,0,0,WORLDPOP_R2025A_CN_100M;ESA_WORLDCOVER_2021_V200;MINFOF_WRI_ATLAS_FORESTIER_SIG_2018;GEOBOUNDARIES_CMR_ADM3_9469f09,pop=2025 (estimation modélisée) ; occupation du sol=2021 ; atlas forestier=2015-2019
9386221B8269091336277,Nkor,Bui,Nord - Ouest,310.65,39602,127.5,10744.6,34.59,16432.6,3703.8,11.92,184.1,0.0,0.0,0.0935,0.2713,0.0,0.0,0.0,0.0,0.0,466.4,0.0,0,0,0,1,WORLDPOP_R2025A_CN_100M;ESA_WORLDCOVER_2021_V200;MINFOF_WRI_ATLAS_FORESTIER_SIG_2018;GEOBOUNDARIES_CMR_ADM3_9469f09,pop=2025 (estimation modélisée) ; occupation du sol=2021 ; atlas forestier=2015-2019
9386221B54304647872910,Nkum,Bui,Nord - Ouest,260.31,62903,241.6,9633.9,37.01,11022.4,5008.5,19.24,363.5,1.9,0.6,0.0796,0.1532,0.0,0.0,0.0,0.0,0.0,0.0,0.0,0,0,0,0,WORLDPOP_R2025A_CN_100M;ESA_WORLDCOVER_2021_V200;MINFOF_WRI_ATLAS_FORESTIER_SIG_2018;GEOBOUNDARIES_CMR_ADM3_9469f09,pop=2025 (estimation modélisée) ; occupation du sol=2021 ; atlas forestier=2015-2019
9386221B4723313213024,Ako,Donga - Mantung,Nord - Ouest,1100.68,24618,22.4,99798.6,90.67,9774.7,97.4,0.09,164.6,194.7,3.8,0.004,4.0539,46214.5,0.0,0.0,0.0,0.0,96499.6,0.0,1,0,0,3,WORLDPOP_R2025A_CN_100M;ESA_WORLDCOVER_2021_V200;MINFOF_WRI_ATLAS_FORESTIER_SIG_2018;GEOBOUNDARIES_CMR_ADM3_9469f09,pop=2025 (estimation modélisée) ; occupation du sol=2021 ; atlas forestier=2015-2019
9386221B66919178729406,Misaje,Donga - Mantung,Nord - Ouest,814.9,33617,41.3,36709.6,45.05,43502.5,1124.7,1.38,152.0,0.0,0.0,0.0335,1.092,8.8,0.0,0.0,4949.0,6.07,52472.1,0.0,1,0,1,2,WORLDPOP_R2025A_CN_100M;ESA_WORLDCOVER_2021_V200;MINFOF_WRI_ATLAS_FORESTIER_SIG_2018;GEOBOUNDARIES_CMR_ADM3_9469f09,pop=2025 (estimation modélisée) ; occupation du sol=2021 ; atlas forestier=2015-2019
9386221B34101725844769,Ndu,Donga - Mantung,Nord - Ouest,480.27,138705,288.8,18149.5,37.79,20328.2,8683.3,18.08,862.9,1.0,0.4,0.0626,0.1308,0.0,0.0,0.0,0.0,0.0,12718.2,0.0,0,0,0,2,WORLDPOP_R2025A_CN_100M;ESA_WORLDCOVER_2021_V200;MINFOF_WRI_ATLAS_FORESTIER_SIG_2018;GEOBOUNDARIES_CMR_ADM3_9469f09,pop=2025 (estimation modélisée) ; occupation du sol=2021 ; atlas forestier=2015-2019
9386221B99383594947631,Nkambe,Donga - Mantung,Nord - Ouest,469.92,108590,231.1,11559.5,24.6,26920.8,7762.1,16.52,748.4,0.0,0.4,0.0715,0.1065,0.0,0.0,0.0,0.0,0.0,44547.2,0.0,0,0,0,2,WORLDPOP_R2025A_CN_100M;ESA_WORLDCOVER_2021_V200;MINFOF_WRI_ATLAS_FORESTIER_SIG_2018;GEOBOUNDARIES_CMR_ADM3_9469f09,pop=2025 (estimation modélisée) ; occupation du sol=2021 ; atlas forestier=2015-2019
9386221B79899623199002,Nwa,Donga - Mantung,Nord - Ouest,1444.18,97749,67.7,74604.6,51.66,66330.2,2879.9,1.99,402.6,70.3,86.8,0.0295,0.7632,121.8,0.0,0.0,0.0,0.0,76946.3,0.0,1,0,0,3,WORLDPOP_R2025A_CN_100M;ESA_WORLDCOVER_2021_V200;MINFOF_WRI_ATLAS_FORESTIER_SIG_2018;GEOBOUNDARIES_CMR_ADM3_9469f09,pop=2025 (estimation modélisée) ; occupation du sol=2021 ; atlas forestier=2015-2019
9386221B71813555449952,Benakuma,Menchum,Nord - Ouest,956.5,53915,56.4,77764.8,81.3,17604.7,1.0,0.0,66.7,186.9,1.3,0.0,1.4424,0.0,0.0,0.0,0.0,0.0,401.6,0.0,0,0,0,1,WORLDPOP_R2025A_CN_100M;ESA_WORLDCOVER_2021_V200;MINFOF_WRI_ATLAS_FORESTIER_SIG_2018;GEOBOUNDARIES_CMR_ADM3_9469f09,pop=2025 (estimation modélisée) ; occupation du sol=2021 ; atlas forestier=2015-2019
9386221B70320783365301,Furu-Awa,Menchum,Nord - Ouest,1186.12,9099,7.7,86710.5,73.11,31438.4,39.1,0.03,28.3,256.1,64.0,0.0043,9.5297,0.0,0.0,0.0,41565.4,35.04,8885.4,0.0,0,0,1,1,WORLDPOP_R2025A_CN_100M;ESA_WORLDCOVER_2021_V200;MINFOF_WRI_ATLAS_FORESTIER_SIG_2018;GEOBOUNDARIES_CMR_ADM3_9469f09,pop=2025 (estimation modélisée) ; occupation du sol=2021 ; atlas forestier=2015-2019
9386221B20951962555395,Wum,Menchum,Nord - Ouest,301.15,65206,216.5,14260.1,47.35,15259.1,235.6,0.78,284.6,69.2,0.9,0.0036,0.2187,0.0,0.0,0.0,0.0,0.0,2071.8,0.0,0,0,0,1,WORLDPOP_R2025A_CN_100M;ESA_WORLDCOVER_2021_V200;MINFOF_WRI_ATLAS_FORESTIER_SIG_2018;GEOBOUNDARIES_CMR_ADM3_9469f09,pop=2025 (estimation modélisée) ; occupation du sol=2021 ; atlas forestier=2015-2019
9386221B16560289387491,Zhoa,Menchum,Nord - Ouest,2098.07,83768,39.9,142143.6,67.75,65640.8,892.5,0.43,324.6,483.8,127.2,0.0107,1.6969,0.0,0.0,0.0,47372.5,22.58,89044.9,0.0,0,0,1,1,WORLDPOP_R2025A_CN_100M;ESA_WORLDCOVER_2021_V200;MINFOF_WRI_ATLAS_FORESTIER_SIG_2018;GEOBOUNDARIES_CMR_ADM3_9469f09,pop=2025 (estimation modélisée) ; occupation du sol=2021 ; atlas forestier=2015-2019
9386221B4734208437172,Bafut,Mezam,Nord - Ouest,486.09,61893,127.3,31734.7,65.28,16234.2,98.9,0.2,492.4,37.6,0.2,0.0016,0.5127,0.0,0.0,0.0,0.0,0.0,0.0,0.0,0,0,0,0,WORLDPOP_R2025A_CN_100M;ESA_WORLDCOVER_2021_V200;MINFOF_WRI_ATLAS_FORESTIER_SIG_2018;GEOBOUNDARIES_CMR_ADM3_9469f09,pop=2025 (estimation modélisée) ; occupation du sol=2021 ; atlas forestier=2015-2019
9386221B7414256229789,Bali,Mezam,Nord - Ouest,111.31,30350,272.7,4207.0,37.79,6269.4,271.9,2.44,381.5,0.0,0.0,0.009,0.1386,0.0,0.0,0.0,0.0,0.0,0.0,0.0,0,0,0,0,WORLDPOP_R2025A_CN_100M;ESA_WORLDCOVER_2021_V200;MINFOF_WRI_ATLAS_FORESTIER_SIG_2018;GEOBOUNDARIES_CMR_ADM3_9469f09,pop=2025 (estimation modélisée) ; occupation du sol=2021 ; atlas forestier=2015-2019
9386221B54476981941176,Bamenda I,Mezam,Nord - Ouest,87.46,59881,684.6,3454.7,39.5,3651.2,925.4,10.58,711.2,0.0,0.0,0.0155,0.0577,0.0,0.0,0.0,0.0,0.0,0.0,0.0,0,0,0,0,WORLDPOP_R2025A_CN_100M;ESA_WORLDCOVER_2021_V200;MINFOF_WRI_ATLAS_FORESTIER_SIG_2018;GEOBOUNDARIES_CMR_ADM3_9469f09,pop=2025 (estimation modélisée) ; occupation du sol=2021 ; atlas forestier=2015-2019
9386221B22071899137589,Bamenda II,Mezam,Nord - Ouest,172.61,179098,1037.6,5508.0,31.91,9298.2,516.9,2.99,1909.1,20.4,0.0,0.0029,0.0308,0.0,0.0,0.0,0.0,0.0,0.0,0.0,0,0,0,0,WORLDPOP_R2025A_CN_100M;ESA_WORLDCOVER_2021_V200;MINFOF_WRI_ATLAS_FORESTIER_SIG_2018;GEOBOUNDARIES_CMR_ADM3_9469f09,pop=2025 (estimation modélisée) ; occupation du sol=2021 ; atlas forestier=2015-2019
9386221B66993756052315,Bamenda III,Mezam,Nord - Ouest,69.62,176483,2534.9,1828.3,26.26,2463.0,782.7,11.24,1881.6,0.6,0.1,0.0044,0.0104,0.0,0.0,0.0,0.0,0.0,0.0,0.0,0,0,0,0,WORLDPOP_R2025A_CN_100M;ESA_WORLDCOVER_2021_V200;MINFOF_WRI_ATLAS_FORESTIER_SIG_2018;GEOBOUNDARIES_CMR_ADM3_9469f09,pop=2025 (estimation modélisée) ; occupation du sol=2021 ; atlas forestier=2015-2019
9386221B73734183269269,Santa,Mezam,Nord - Ouest,532.95,115031,215.8,16041.2,30.1,27607.2,8371.8,15.71,1252.4,16.6,0.0,0.0728,0.1395,0.0,0.0,17.7,0.0,0.0,267.9,0.0,0,1,0,3,WORLDPOP_R2025A_CN_100M;ESA_WORLDCOVER_2021_V200;MINFOF_WRI_ATLAS_FORESTIER_SIG_2018;GEOBOUNDARIES_CMR_ADM3_9469f09,pop=2025 (estimation modélisée) ; occupation du sol=2021 ; atlas forestier=2015-2019
9386221B66292272127124,Tubah,Mezam,Nord - Ouest,388.89,100380,258.1,16875.3,43.39,17971.5,2971.6,7.64,1040.6,16.5,11.1,0.0296,0.1681,0.0,0.0,0.0,0.0,0.0,0.0,0.0,0,0,0,0,WORLDPOP_R2025A_CN_100M;ESA_WORLDCOVER_2021_V200;MINFOF_WRI_ATLAS_FORESTIER_SIG_2018;GEOBOUNDARIES_CMR_ADM3_9469f09,pop=2025 (estimation modélisée) ; occupation du sol=2021 ; atlas forestier=2015-2019
9386221B56926695389051,Andek,Momo,Nord - Ouest,221.55,20856,94.1,15644.2,70.62,6429.4,6.1,0.03,74.3,0.1,0.0,0.0003,0.7501,0.0,0.0,1381.5,0.0,0.0,0.0,0.0,0,1,0,0,WORLDPOP_R2025A_CN_100M;ESA_WORLDCOVER_2021_V200;MINFOF_WRI_ATLAS_FORESTIER_SIG_2018;GEOBOUNDARIES_CMR_ADM3_9469f09,pop=2025 (estimation modélisée) ; occupation du sol=2021 ; atlas forestier=2015-2019
9386221B97595327714942,Batibo,Momo,Nord - Ouest,347.75,85031,244.5,26352.7,75.78,7626.3,262.1,0.75,534.7,0.0,0.0,0.0031,0.3099,0.0,0.0,0.0,0.0,0.0,0.0,0.0,0,0,0,0,WORLDPOP_R2025A_CN_100M;ESA_WORLDCOVER_2021_V200;MINFOF_WRI_ATLAS_FORESTIER_SIG_2018;GEOBOUNDARIES_CMR_ADM3_9469f09,pop=2025 (estimation modélisée) ; occupation du sol=2021 ; atlas forestier=2015-2019
9386221B24752046114571,Mbengwi,Momo,Nord - Ouest,468.36,78913,168.5,21507.9,45.92,24667.3,182.5,0.39,477.4,0.1,0.0,0.0023,0.2726,0.0,0.0,666.5,0.0,0.0,0.0,0.0,0,1,0,0,WORLDPOP_R2025A_CN_100M;ESA_WORLDCOVER_2021_V200;MINFOF_WRI_ATLAS_FORESTIER_SIG_2018;GEOBOUNDARIES_CMR_ADM3_9469f09,pop=2025 (estimation modélisée) ; occupation du sol=2021 ; atlas forestier=2015-2019
9386221B63165166777879,Nijkwa,Momo,Nord - Ouest,313.88,18710,59.6,21771.4,69.36,9519.0,23.0,0.07,74.5,0.0,0.0,0.0012,1.1636,0.0,0.0,0.0,350.4,1.12,0.0,0.0,0,0,1,0,WORLDPOP_R2025A_CN_100M;ESA_WORLDCOVER_2021_V200;MINFOF_WRI_ATLAS_FORESTIER_SIG_2018;GEOBOUNDARIES_CMR_ADM3_9469f09,pop=2025 (estimation modélisée) ; occupation du sol=2021 ; atlas forestier=2015-2019
9386221B90023713674660,Widikum-Boffé,Momo,Nord - Ouest,440.6,27075,61.4,40490.1,91.9,3404.9,0.4,0.0,162.4,0.9,0.0,0.0,1.4955,126.7,0.0,0.0,750.9,1.7,0.0,0.0,1,0,1,0,WORLDPOP_R2025A_CN_100M;ESA_WORLDCOVER_2021_V200;MINFOF_WRI_ATLAS_FORESTIER_SIG_2018;GEOBOUNDARIES_CMR_ADM3_9469f09,pop=2025 (estimation modélisée) ; occupation du sol=2021 ; atlas forestier=2015-2019
9386221B1232759127079,Babessi,Ngo-Ketunjia,Nord - Ouest,372.59,81952,220.0,9979.8,26.78,19511.7,6077.5,16.31,621.5,28.8,1035.6,0.0742,0.1218,0.0,0.0,52.8,0.0,0.0,0.0,0.0,0,1,0,0,WORLDPOP_R2025A_CN_100M;ESA_WORLDCOVER_2021_V200;MINFOF_WRI_ATLAS_FORESTIER_SIG_2018;GEOBOUNDARIES_CMR_ADM3_9469f09,pop=2025 (estimation modélisée) ; occupation du sol=2021 ; atlas forestier=2015-2019
9386221B73412311901092,Balikumbat,Ngo-Ketunjia,Nord - Ouest,337.18,57008,169.1,9805.2,29.08,18748.1,2961.4,8.78,287.3,758.6,1153.0,0.0519,0.172,0.0,0.0,0.0,0.0,0.0,0.0,0.0,0,0,0,0,WORLDPOP_R2025A_CN_100M;ESA_WORLDCOVER_2021_V200;MINFOF_WRI_ATLAS_FORESTIER_SIG_2018;GEOBOUNDARIES_CMR_ADM3_9469f09,pop=2025 (estimation modélisée) ; occupation du sol=2021 ; atlas forestier=2015-2019
9386221B52857634221291,Ndop,Ngo-Ketunjia,Nord - Ouest,352.56,111118,315.2,6467.5,18.34,13897.9,6122.9,17.37,982.9,3948.0,3813.0,0.0551,0.0582,0.0,0.0,0.0,0.0,0.0,0.0,0.0,0,0,0,0,WORLDPOP_R2025A_CN_100M;ESA_WORLDCOVER_2021_V200;MINFOF_WRI_ATLAS_FORESTIER_SIG_2018;GEOBOUNDARIES_CMR_ADM3_9469f09,pop=2025 (estimation modélisée) ; occupation du sol=2021 ; atlas forestier=2015-2019
9386221B15408498931793,Babadjou,Bamboutos,Ouest,196.78,66144,336.1,8943.8,45.45,5124.0,4568.3,23.22,1040.6,0.0,0.0,0.0691,0.1352,0.0,0.0,0.0,0.0,0.0,12548.6,0.0,0,0,0,2,WORLDPOP_R2025A_CN_100M;ESA_WORLDCOVER_2021_V200;MINFOF_WRI_ATLAS_FORESTIER_SIG_2018;GEOBOUNDARIES_CMR_ADM3_9469f09,pop=2025 (estimation modélisée) ; occupation du sol=2021 ; atlas forestier=2015-2019
9386221B66622647198337,Batcham,Bamboutos,Ouest,210.54,130030,617.6,11586.0,55.03,2642.3,4913.1,23.34,1911.4,0.0,0.0,0.0378,0.0891,0.0,0.0,0.0,0.0,0.0,20664.9,0.0,0,0,0,3,WORLDPOP_R2025A_CN_100M;ESA_WORLDCOVER_2021_V200;MINFOF_WRI_ATLAS_FORESTIER_SIG_2018;GEOBOUNDARIES_CMR_ADM3_9469f09,pop=2025 (estimation modélisée) ; occupation du sol=2021 ; atlas forestier=2015-2019
9386221B76047173440366,Galim,Bamboutos,Ouest,504.47,51888,102.9,8612.6,17.07,25036.1,9119.0,18.08,553.5,6171.8,915.7,0.1757,0.166,0.0,0.0,0.0,0.0,0.0,16046.2,0.0,0,0,0,2,WORLDPOP_R2025A_CN_100M;ESA_WORLDCOVER_2021_V200;MINFOF_WRI_ATLAS_FORESTIER_SIG_2018;GEOBOUNDARIES_CMR_ADM3_9469f09,pop=2025 (estimation modélisée) ; occupation du sol=2021 ; atlas forestier=2015-2019
9386221B73831476099133,Mbouda,Bamboutos,Ouest,260.81,104587,401.0,9784.5,37.52,9574.1,5019.6,19.25,1667.2,11.6,5.6,0.048,0.0936,0.0,0.0,0.0,0.0,0.0,23705.9,0.0,0,0,0,2,WORLDPOP_R2025A_CN_100M;ESA_WORLDCOVER_2021_V200;MINFOF_WRI_ATLAS_FORESTIER_SIG_2018;GEOBOUNDARIES_CMR_ADM3_9469f09,pop=2025 (estimation modélisée) ; occupation du sol=2021 ; atlas forestier=2015-2019
9386221B6452785602175,Bafang,Haut-Nkam,Ouest,106.92,31559,295.2,8678.7,81.17,1420.8,14.1,0.13,574.9,0.0,0.0,0.0004,0.275,0.0,0.0,0.0,0.0,0.0,5097.5,0.0,0,0,0,1,WORLDPOP_R2025A_CN_100M;ESA_WORLDCOVER_2021_V200;MINFOF_WRI_ATLAS_FORESTIER_SIG_2018;GEOBOUNDARIES_CMR_ADM3_9469f09,pop=2025 (estimation modélisée) ; occupation du sol=2021 ; atlas forestier=2015-2019
9386221B23383906860590,Bakou,Haut-Nkam,Ouest,176.76,6172,34.9,17227.6,97.47,327.9,0.0,0.0,97.0,21.9,0.0,0.0,2.7913,0.0,0.0,13.5,0.0,0.0,0.0,0.0,0,1,0,0,WORLDPOP_R2025A_CN_100M;ESA_WORLDCOVER_2021_V200;MINFOF_WRI_ATLAS_FORESTIER_SIG_2018;GEOBOUNDARIES_CMR_ADM3_9469f09,pop=2025 (estimation modélisée) ; occupation du sol=2021 ; atlas forestier=2015-2019
9386221B50086624665316,Bana,Haut-Nkam,Ouest,114.26,18410,161.1,9051.8,79.22,2048.6,39.9,0.35,284.4,0.0,0.0,0.0022,0.4917,0.0,0.0,0.0,0.0,0.0,8849.6,0.0,0,0,0,2,WORLDPOP_R2025A_CN_100M;ESA_WORLDCOVER_2021_V200;MINFOF_WRI_ATLAS_FORESTIER_SIG_2018;GEOBOUNDARIES_CMR_ADM3_9469f09,pop=2025 (estimation modélisée) ; occupation du sol=2021 ; atlas forestier=2015-2019
9386221B27766107417226,Bandja,Haut-Nkam,Ouest,213.46,49038,229.7,16383.0,76.75,4083.2,291.2,1.36,586.6,0.0,0.0,0.0059,0.3341,0.0,0.0,0.0,0.0,0.0,17467.3,0.0,0,0,0,4,WORLDPOP_R2025A_CN_100M;ESA_WORLDCOVER_2021_V200;MINFOF_WRI_ATLAS_FORESTIER_SIG_2018;GEOBOUNDARIES_CMR_ADM3_9469f09,pop=2025 (estimation modélisée) ; occupation du sol=2021 ; atlas forestier=2015-2019
9386221B4140050568988,Banka,Haut-Nkam,Ouest,120.83,24409,202.0,9962.5,82.45,1653.5,34.5,0.29,431.3,0.0,0.0,0.0014,0.4081,0.0,0.0,0.0,0.0,0.0,9239.2,0.0,0,0,0,1,WORLDPOP_R2025A_CN_100M;ESA_WORLDCOVER_2021_V200;MINFOF_WRI_ATLAS_FORESTIER_SIG_2018;GEOBOUNDARIES_CMR_ADM3_9469f09,pop=2025 (estimation modélisée) ; occupation du sol=2021 ; atlas forestier=2015-2019
9386221B59470473521882,Banwa,Haut-Nkam,Ouest,107.69,7830,72.7,10547.4,97.95,104.2,0.1,0.0,111.8,4.6,0.0,0.0,1.347,0.0,0.0,0.0,0.0,0.0,0.0,0.0,0,0,0,0,WORLDPOP_R2025A_CN_100M;ESA_WORLDCOVER_2021_V200;MINFOF_WRI_ATLAS_FORESTIER_SIG_2018;GEOBOUNDARIES_CMR_ADM3_9469f09,pop=2025 (estimation modélisée) ; occupation du sol=2021 ; atlas forestier=2015-2019
9386221B2927160517789,Kékem,Haut-Nkam,Ouest,129.08,20237,156.8,11871.7,91.97,630.1,10.9,0.08,385.6,3.4,0.0,0.0005,0.5866,0.0,0.0,0.0,0.0,0.0,0.0,0.0,0,0,0,0,WORLDPOP_R2025A_CN_100M;ESA_WORLDCOVER_2021_V200;MINFOF_WRI_ATLAS_FORESTIER_SIG_2018;GEOBOUNDARIES_CMR_ADM3_9469f09,pop=2025 (estimation modélisée) ; occupation du sol=2021 ; atlas forestier=2015-2019
9386221B13052337540758,Baham,Hauts-Plateaux,Ouest,76.03,25173,331.1,4470.3,58.8,1031.0,1073.8,14.12,1026.2,0.0,0.0,0.0427,0.1776,0.0,0.0,0.0,0.0,0.0,7602.7,0.0,0,0,0,2,WORLDPOP_R2025A_CN_100M;ESA_WORLDCOVER_2021_V200;MINFOF_WRI_ATLAS_FORESTIER_SIG_2018;GEOBOUNDARIES_CMR_ADM3_9469f09,pop=2025 (estimation modélisée) ; occupation du sol=2021 ; atlas forestier=2015-2019
9386221B16898911948989,Bamendjou,Hauts-Plateaux,Ouest,129.49,40486,312.7,7199.6,55.6,1981.4,2817.0,21.76,949.3,0.0,0.0,0.0696,0.1778,0.0,0.0,0.0,0.0,0.0,12948.7,0.0,0,0,0,3,WORLDPOP_R2025A_CN_100M;ESA_WORLDCOVER_2021_V200;MINFOF_WRI_ATLAS_FORESTIER_SIG_2018;GEOBOUNDARIES_CMR_ADM3_9469f09,pop=2025 (estimation modélisée) ; occupation du sol=2021 ; atlas forestier=2015-2019
9386221B64905947036525,Bangou,Hauts-Plateaux,Ouest,155.84,29737,190.8,8154.6,52.33,5289.6,1364.8,8.76,771.2,0.0,0.0,0.0459,0.2742,0.0,0.0,0.0,0.0,0.0,15584.2,0.0,0,0,0,4,WORLDPOP_R2025A_CN_100M;ESA_WORLDCOVER_2021_V200;MINFOF_WRI_ATLAS_FORESTIER_SIG_2018;GEOBOUNDARIES_CMR_ADM3_9469f09,pop=2025 (estimation modélisée) ; occupation du sol=2021 ; atlas forestier=2015-2019
9386221B62047908599091,Batié,Hauts-Plateaux,Ouest,72.33,15786,218.2,4096.0,56.63,2549.0,214.2,2.96,371.3,0.0,0.0,0.0136,0.2595,0.0,0.0,0.0,0.0,0.0,7233.0,0.0,0,0,0,3,WORLDPOP_R2025A_CN_100M;ESA_WORLDCOVER_2021_V200;MINFOF_WRI_ATLAS_FORESTIER_SIG_2018;GEOBOUNDARIES_CMR_ADM3_9469f09,pop=2025 (estimation modélisée) ; occupation du sol=2021 ; atlas forestier=2015-2019
9386221B5277654027539,Bayangam,Koung-Khi,Ouest,77.95,14189,182.0,4351.4,55.82,1902.1,934.3,11.99,606.1,0.0,0.0,0.0658,0.3067,0.0,0.0,0.0,0.0,0.0,7713.7,0.0,0,0,0,4,WORLDPOP_R2025A_CN_100M;ESA_WORLDCOVER_2021_V200;MINFOF_WRI_ATLAS_FORESTIER_SIG_2018;GEOBOUNDARIES_CMR_ADM3_9469f09,pop=2025 (estimation modélisée) ; occupation du sol=2021 ; atlas forestier=2015-2019
9386221B51714275611940,Demding,Koung-Khi,Ouest,122.3,7789,63.7,5477.9,44.79,5214.2,1157.8,9.47,340.7,33.7,0.0,0.1486,0.7033,0.0,0.0,0.0,0.0,0.0,4688.4,0.0,0,0,0,2,WORLDPOP_R2025A_CN_100M;ESA_WORLDCOVER_2021_V200;MINFOF_WRI_ATLAS_FORESTIER_SIG_2018;GEOBOUNDARIES_CMR_ADM3_9469f09,pop=2025 (estimation modélisée) ; occupation du sol=2021 ; atlas forestier=2015-2019
9386221B26431625132712,Pete-Bandjoun,Koung-Khi,Ouest,143.75,35898,249.7,5916.7,41.16,3414.0,3373.7,23.47,1644.7,10.2,0.3,0.094,0.1648,0.0,0.0,0.0,0.0,0.0,13452.0,0.0,0,0,0,3,WORLDPOP_R2025A_CN_100M;ESA_WORLDCOVER_2021_V200;MINFOF_WRI_ATLAS_FORESTIER_SIG_2018;GEOBOUNDARIES_CMR_ADM3_9469f09,pop=2025 (estimation modélisée) ; occupation du sol=2021 ; atlas forestier=2015-2019
9386221B80338140747406,Bafoussam I,Mifi,Ouest,140.95,102948,730.4,3622.9,25.7,6549.3,2154.3,15.28,1726.8,27.8,0.0,0.0209,0.0352,0.0,0.0,0.0,0.0,0.0,5575.3,0.0,0,0,0,1,WORLDPOP_R2025A_CN_100M;ESA_WORLDCOVER_2021_V200;MINFOF_WRI_ATLAS_FORESTIER_SIG_2018;GEOBOUNDARIES_CMR_ADM3_9469f09,pop=2025 (estimation modélisée) ; occupation du sol=2021 ; atlas forestier=2015-2019
9386221B96388488143337,Bafoussam II,Mifi,Ouest,178.46,164432,921.4,5195.5,29.11,7750.3,3379.1,18.93,1501.4,17.0,0.2,0.0206,0.0316,0.0,0.0,0.0,0.0,0.0,11807.2,0.0,0,0,0,3,WORLDPOP_R2025A_CN_100M;ESA_WORLDCOVER_2021_V200;MINFOF_WRI_ATLAS_FORESTIER_SIG_2018;GEOBOUNDARIES_CMR_ADM3_9469f09,pop=2025 (estimation modélisée) ; occupation du sol=2021 ; atlas forestier=2015-2019
9386221B85177558697600,Bafoussam III,Mifi,Ouest,90.57,127633,1409.3,3836.2,42.36,1504.8,2290.5,25.29,1410.7,0.0,0.1,0.0179,0.0301,0.0,0.0,0.0,0.0,0.0,9056.8,0.0,0,0,0,3,WORLDPOP_R2025A_CN_100M;ESA_WORLDCOVER_2021_V200;MINFOF_WRI_ATLAS_FORESTIER_SIG_2018;GEOBOUNDARIES_CMR_ADM3_9469f09,pop=2025 (estimation modélisée) ; occupation du sol=2021 ; atlas forestier=2015-2019
9386221B56259764543168,Dschang,Ménoua,Ouest,221.14,98909,447.3,12973.8,58.67,7040.1,323.3,1.46,1762.9,8.3,1.2,0.0033,0.1312,0.0,0.0,0.0,0.0,0.0,18762.0,0.0,0,0,0,1,WORLDPOP_R2025A_CN_100M;ESA_WORLDCOVER_2021_V200;MINFOF_WRI_ATLAS_FORESTIER_SIG_2018;GEOBOUNDARIES_CMR_ADM3_9469f09,pop=2025 (estimation modélisée) ; occupation du sol=2021 ; atlas forestier=2015-2019
9386221B74025270926471,Fokoué,Ménoua,Ouest,169.07,17439,103.1,9177.1,54.28,7239.6,187.6,1.11,302.0,0.2,0.0,0.0108,0.5262,0.0,0.0,0.0,875.1,5.18,6672.2,0.0,0,0,1,3,WORLDPOP_R2025A_CN_100M;ESA_WORLDCOVER_2021_V200;MINFOF_WRI_ATLAS_FORESTIER_SIG_2018;GEOBOUNDARIES_CMR_ADM3_9469f09,pop=2025 (estimation modélisée) ; occupation du sol=2021 ; atlas forestier=2015-2019
9386221B6439132868909,Fongo-Tongo,Ménoua,Ouest,151.5,33110,218.6,5651.8,37.31,5939.8,3085.4,20.37,472.1,0.0,0.0,0.0932,0.1707,0.0,0.0,0.0,0.0,0.0,15149.5,0.0,0,0,0,2,WORLDPOP_R2025A_CN_100M;ESA_WORLDCOVER_2021_V200;MINFOF_WRI_ATLAS_FORESTIER_SIG_2018;GEOBOUNDARIES_CMR_ADM3_9469f09,pop=2025 (estimation modélisée) ; occupation du sol=2021 ; atlas forestier=2015-2019
9386221B77491959623204,Nkong-Zem,Ménoua,Ouest,210.73,87040,413.0,7573.4,35.94,6549.1,4800.5,22.78,2149.4,0.0,0.0,0.0552,0.087,0.0,0.0,0.0,0.0,0.0,20883.0,0.0,0,0,0,3,WORLDPOP_R2025A_CN_100M;ESA_WORLDCOVER_2021_V200;MINFOF_WRI_ATLAS_FORESTIER_SIG_2018;GEOBOUNDARIES_CMR_ADM3_9469f09,pop=2025 (estimation modélisée) ; occupation du sol=2021 ; atlas forestier=2015-2019
9386221B82158937470673,Penka-Michel,Ménoua,Ouest,269.98,95506,353.7,12872.1,47.68,7643.4,4956.8,18.36,1521.0,0.6,1.4,0.0519,0.1348,0.0,0.0,0.0,0.0,0.0,26920.7,0.0,0,0,0,4,WORLDPOP_R2025A_CN_100M;ESA_WORLDCOVER_2021_V200;MINFOF_WRI_ATLAS_FORESTIER_SIG_2018;GEOBOUNDARIES_CMR_ADM3_9469f09,pop=2025 (estimation modélisée) ; occupation du sol=2021 ; atlas forestier=2015-2019
9386221B8295787720899,Santchou,Ménoua,Ouest,362.53,32203,88.8,30031.5,82.84,5448.3,231.8,0.64,528.7,4.1,4.4,0.0072,0.9326,0.0,0.0,0.0,6091.1,16.8,1384.0,0.0,0,0,1,2,WORLDPOP_R2025A_CN_100M;ESA_WORLDCOVER_2021_V200;MINFOF_WRI_ATLAS_FORESTIER_SIG_2018;GEOBOUNDARIES_CMR_ADM3_9469f09,pop=2025 (estimation modélisée) ; occupation du sol=2021 ; atlas forestier=2015-2019
9386221B81292069967457,Bangangté,Nde,Ouest,828.74,83556,100.8,41561.3,50.15,36292.6,2778.1,3.35,2016.5,171.0,0.2,0.0332,0.4974,0.0,0.0,0.0,0.0,0.0,32814.6,0.0,0,0,0,4,WORLDPOP_R2025A_CN_100M;ESA_WORLDCOVER_2021_V200;MINFOF_WRI_ATLAS_FORESTIER_SIG_2018;GEOBOUNDARIES_CMR_ADM3_9469f09,pop=2025 (estimation modélisée) ; occupation du sol=2021 ; atlas forestier=2015-2019
9386221B42608226924665,Bassamba,Nde,Ouest,11.37,3144,276.6,810.8,71.33,211.6,15.7,1.38,98.0,0.0,0.0,0.005,0.2579,0.0,0.0,0.0,0.0,0.0,963.2,0.0,0,0,0,1,WORLDPOP_R2025A_CN_100M;ESA_WORLDCOVER_2021_V200;MINFOF_WRI_ATLAS_FORESTIER_SIG_2018;GEOBOUNDARIES_CMR_ADM3_9469f09,pop=2025 (estimation modélisée) ; occupation du sol=2021 ; atlas forestier=2015-2019
9386221B33389441443912,Bazou,Nde,Ouest,221.42,22861,103.2,18159.6,82.01,3323.4,164.9,0.74,490.3,0.0,0.0,0.0072,0.7943,0.0,0.0,0.0,0.0,0.0,15331.7,0.0,0,0,0,3,WORLDPOP_R2025A_CN_100M;ESA_WORLDCOVER_2021_V200;MINFOF_WRI_ATLAS_FORESTIER_SIG_2018;GEOBOUNDARIES_CMR_ADM3_9469f09,pop=2025 (estimation modélisée) ; occupation du sol=2021 ; atlas forestier=2015-2019
9386221B97546443963729,Tonga,Nde,Ouest,532.91,14338,26.9,48565.6,91.13,4384.6,35.9,0.07,293.4,1.2,0.0,0.0025,3.3872,324.5,249.9,0.0,0.0,0.0,24069.6,0.0,1,0,0,2,WORLDPOP_R2025A_CN_100M;ESA_WORLDCOVER_2021_V200;MINFOF_WRI_ATLAS_FORESTIER_SIG_2018;GEOBOUNDARIES_CMR_ADM3_9469f09,pop=2025 (estimation modélisée) ; occupation du sol=2021 ; atlas forestier=2015-2019
9386221B70820426842243,Bangourain,Noun,Ouest,394.63,32126,81.4,12917.2,32.73,17550.1,3723.7,9.44,455.9,2725.6,2054.7,0.1159,0.4021,0.0,0.0,0.0,0.0,0.0,1166.3,0.0,0,0,0,1,WORLDPOP_R2025A_CN_100M;ESA_WORLDCOVER_2021_V200;MINFOF_WRI_ATLAS_FORESTIER_SIG_2018;GEOBOUNDARIES_CMR_ADM3_9469f09,pop=2025 (estimation modélisée) ; occupation du sol=2021 ; atlas forestier=2015-2019
9386221B83477091865567,Foumban,Noun,Ouest,560.23,148561,265.2,23941.1,42.73,29224.5,1118.8,2.0,1690.5,0.8,0.1,0.0075,0.1612,0.0,0.0,297.3,0.0,0.0,22385.6,0.0,0,1,0,1,WORLDPOP_R2025A_CN_100M;ESA_WORLDCOVER_2021_V200;MINFOF_WRI_ATLAS_FORESTIER_SIG_2018;GEOBOUNDARIES_CMR_ADM3_9469f09,pop=2025 (estimation modélisée) ; occupation du sol=2021 ; atlas forestier=2015-2019
9386221B60612307829975,Foumbot,Noun,Ouest,759.55,100489,132.3,27083.5,35.66,43068.5,4357.4,5.74,1241.8,142.7,22.0,0.0434,0.2695,0.0,0.0,0.0,0.0,0.0,3055.8,0.0,0,0,0,3,WORLDPOP_R2025A_CN_100M;ESA_WORLDCOVER_2021_V200;MINFOF_WRI_ATLAS_FORESTIER_SIG_2018;GEOBOUNDARIES_CMR_ADM3_9469f09,pop=2025 (estimation modélisée) ; occupation du sol=2021 ; atlas forestier=2015-2019
9386221B13524115596139,Kouoptamo,Noun,Ouest,312.43,43170,138.2,9881.6,31.63,12396.3,5107.7,16.35,502.6,3010.2,319.6,0.1183,0.2289,0.0,0.0,0.0,0.0,0.0,11.5,0.0,0,0,0,1,WORLDPOP_R2025A_CN_100M;ESA_WORLDCOVER_2021_V200;MINFOF_WRI_ATLAS_FORESTIER_SIG_2018;GEOBOUNDARIES_CMR_ADM3_9469f09,pop=2025 (estimation modélisée) ; occupation du sol=2021 ; atlas forestier=2015-2019
9386221B44672958443925,Koutaba,Noun,Ouest,451.07,64262,142.5,15334.9,34.0,24413.7,4246.5,9.41,1034.5,26.0,33.9,0.0661,0.2386,0.0,0.0,0.0,0.0,0.0,34683.1,0.0,0,0,0,1,WORLDPOP_R2025A_CN_100M;ESA_WORLDCOVER_2021_V200;MINFOF_WRI_ATLAS_FORESTIER_SIG_2018;GEOBOUNDARIES_CMR_ADM3_9469f09,pop=2025 (estimation modélisée) ; occupation du sol=2021 ; atlas forestier=2015-2019
9386221B82819198957904,Magba,Noun,Ouest,1174.2,33059,28.2,60383.5,51.43,49564.8,710.6,0.61,494.1,4557.1,1645.3,0.0215,1.8265,0.0,0.0,0.0,0.0,0.0,158.6,0.0,0,0,0,1,WORLDPOP_R2025A_CN_100M;ESA_WORLDCOVER_2021_V200;MINFOF_WRI_ATLAS_FORESTIER_SIG_2018;GEOBOUNDARIES_CMR_ADM3_9469f09,pop=2025 (estimation modélisée) ; occupation du sol=2021 ; atlas forestier=2015-2019
9386221B10065718607092,Malentouen,Noun,Ouest,1084.38,64393,59.4,68179.1,62.87,38792.3,238.5,0.22,731.1,483.6,0.4,0.0037,1.0588,11.9,0.0,3003.7,0.0,0.0,0.0,0.0,1,2,0,0,WORLDPOP_R2025A_CN_100M;ESA_WORLDCOVER_2021_V200;MINFOF_WRI_ATLAS_FORESTIER_SIG_2018;GEOBOUNDARIES_CMR_ADM3_9469f09,pop=2025 (estimation modélisée) ; occupation du sol=2021 ; atlas forestier=2015-2019
9386221B71016859337528,Massangam,Noun,Ouest,2208.66,40440,18.3,142999.9,64.75,75830.7,793.9,0.36,554.7,673.9,2.0,0.0196,3.5361,4.5,0.0,0.2,0.0,0.0,3807.8,0.0,1,3,0,1,WORLDPOP_R2025A_CN_100M;ESA_WORLDCOVER_2021_V200;MINFOF_WRI_ATLAS_FORESTIER_SIG_2018;GEOBOUNDARIES_CMR_ADM3_9469f09,pop=2025 (estimation modélisée) ; occupation du sol=2021 ; atlas forestier=2015-2019
9386221B74476845624573,Njimom,Noun,Ouest,700.59,29804,42.5,43200.6,61.66,26164.3,259.8,0.37,389.8,18.6,0.2,0.0087,1.4495,0.0,0.0,0.0,0.0,0.0,0.0,0.0,0,0,0,0,WORLDPOP_R2025A_CN_100M;ESA_WORLDCOVER_2021_V200;MINFOF_WRI_ATLAS_FORESTIER_SIG_2018;GEOBOUNDARIES_CMR_ADM3_9469f09,pop=2025 (estimation modélisée) ; occupation du sol=2021 ; atlas forestier=2015-2019
9386221B82965334197463,Bengbis,Dja - Et - Lobo,Sud,2254.32,15593,6.9,221298.5,98.17,2408.0,0.0,0.0,148.7,376.6,8.1,0.0,14.1922,23.8,29700.0,4974.1,82158.6,36.44,71804.0,0.0,1,1,1,2,WORLDPOP_R2025A_CN_100M;ESA_WORLDCOVER_2021_V200;MINFOF_WRI_ATLAS_FORESTIER_SIG_2018;GEOBOUNDARIES_CMR_ADM3_9469f09,pop=2025 (estimation modélisée) ; occupation du sol=2021 ; atlas forestier=2015-2019
9386221B65701761886859,Djoum,Dja - Et - Lobo,Sud,5441.67,19411,3.6,542194.6,99.64,1181.8,0.0,0.0,457.1,273.5,1.4,0.0,27.9323,345567.3,14982.0,19397.3,36307.0,6.67,179755.1,0.0,11,9,2,7,WORLDPOP_R2025A_CN_100M;ESA_WORLDCOVER_2021_V200;MINFOF_WRI_ATLAS_FORESTIER_SIG_2018;GEOBOUNDARIES_CMR_ADM3_9469f09,pop=2025 (estimation modélisée) ; occupation du sol=2021 ; atlas forestier=2015-2019
9386221B24523767599714,Meyomessala,Dja - Et - Lobo,Sud,2118.93,49990,23.6,203789.4,96.17,6780.0,1.7,0.0,676.0,123.5,1.5,0.0,4.0766,0.0,10833.1,4000.8,9.7,0.0,8503.2,0.0,0,1,1,1,WORLDPOP_R2025A_CN_100M;ESA_WORLDCOVER_2021_V200;MINFOF_WRI_ATLAS_FORESTIER_SIG_2018;GEOBOUNDARIES_CMR_ADM3_9469f09,pop=2025 (estimation modélisée) ; occupation du sol=2021 ; atlas forestier=2015-2019
9386221B24588986307138,Meyomessi,Dja - Et - Lobo,Sud,1240.6,7788,6.3,123120.6,99.25,703.3,0.0,0.0,227.7,0.0,0.0,0.0,15.809,54592.6,10333.6,12437.0,0.0,0.0,76344.0,0.0,4,6,0,5,WORLDPOP_R2025A_CN_100M;ESA_WORLDCOVER_2021_V200;MINFOF_WRI_ATLAS_FORESTIER_SIG_2018;GEOBOUNDARIES_CMR_ADM3_9469f09,pop=2025 (estimation modélisée) ; occupation du sol=2021 ; atlas forestier=2015-2019
9386221B12973403420020,Mintom,Dja - Et - Lobo,Sud,4062.97,4681,1.2,404815.3,99.63,366.5,0.0,0.0,191.1,900.5,0.1,0.0,86.4805,272152.8,41615.8,70392.9,54.4,0.01,227206.5,0.0,6,16,1,5,WORLDPOP_R2025A_CN_100M;ESA_WORLDCOVER_2021_V200;MINFOF_WRI_ATLAS_FORESTIER_SIG_2018;GEOBOUNDARIES_CMR_ADM3_9469f09,pop=2025 (estimation modélisée) ; occupation du sol=2021 ; atlas forestier=2015-2019
9386221B35442876083106,Oveng,Dja - Et - Lobo,Sud,1781.6,3614,2.0,177893.2,99.85,204.9,0.0,0.0,62.0,0.3,0.0,0.0,49.2234,67449.3,14582.8,25069.2,38910.9,21.84,126940.5,0.0,4,7,2,6,WORLDPOP_R2025A_CN_100M;ESA_WORLDCOVER_2021_V200;MINFOF_WRI_ATLAS_FORESTIER_SIG_2018;GEOBOUNDARIES_CMR_ADM3_9469f09,pop=2025 (estimation modélisée) ; occupation du sol=2021 ; atlas forestier=2015-2019
9386221B66316183416370,Sangmélima,Dja - Et - Lobo,Sud,1935.62,86990,44.9,187684.5,96.96,4608.4,0.1,0.0,1239.4,0.4,0.4,0.0,2.1575,14870.4,9983.5,21755.6,0.0,0.0,82639.2,0.0,1,8,0,4,WORLDPOP_R2025A_CN_100M;ESA_WORLDCOVER_2021_V200;MINFOF_WRI_ATLAS_FORESTIER_SIG_2018;GEOBOUNDARIES_CMR_ADM3_9469f09,pop=2025 (estimation modélisée) ; occupation du sol=2021 ; atlas forestier=2015-2019
9386221B29116122691859,Zoétélé,Dja - Et - Lobo,Sud,1086.58,38078,35.0,103318.5,95.09,4814.6,0.0,0.0,522.3,0.5,0.3,0.0,2.7133,0.0,0.0,7918.3,0.0,0.0,15452.4,0.0,0,7,0,2,WORLDPOP_R2025A_CN_100M;ESA_WORLDCOVER_2021_V200;MINFOF_WRI_ATLAS_FORESTIER_SIG_2018;GEOBOUNDARIES_CMR_ADM3_9469f09,pop=2025 (estimation modélisée) ; occupation du sol=2021 ; atlas forestier=2015-2019
9386221B30772177913824,Biwong-Bané,Mvila,Sud,458.41,12682,27.7,45112.0,98.41,563.0,0.0,0.0,162.3,2.7,0.7,0.0,3.5572,2212.9,19426.5,0.0,0.0,0.0,5512.4,0.0,1,0,0,2,WORLDPOP_R2025A_CN_100M;ESA_WORLDCOVER_2021_V200;MINFOF_WRI_ATLAS_FORESTIER_SIG_2018;GEOBOUNDARIES_CMR_ADM3_9469f09,pop=2025 (estimation modélisée) ; occupation du sol=2021 ; atlas forestier=2015-2019
9386221B98938135077748,Biwong-Bulu,Mvila,Sud,977.65,8607,8.8,97279.9,99.5,344.8,0.0,0.0,138.8,0.0,0.0,0.0,11.3024,23504.5,14275.9,20680.2,0.0,0.0,21251.3,0.0,2,6,0,2,WORLDPOP_R2025A_CN_100M;ESA_WORLDCOVER_2021_V200;MINFOF_WRI_ATLAS_FORESTIER_SIG_2018;GEOBOUNDARIES_CMR_ADM3_9469f09,pop=2025 (estimation modélisée) ; occupation du sol=2021 ; atlas forestier=2015-2019
9386221B7073519614207,Ebolowa I,Mvila,Sud,734.72,26300,35.8,72340.2,98.46,786.8,0.0,0.0,343.1,0.0,0.0,0.0,2.7506,7722.9,11603.6,166.2,0.0,0.0,25521.3,0.0,2,2,0,2,WORLDPOP_R2025A_CN_100M;ESA_WORLDCOVER_2021_V200;MINFOF_WRI_ATLAS_FORESTIER_SIG_2018;GEOBOUNDARIES_CMR_ADM3_9469f09,pop=2025 (estimation modélisée) ; occupation du sol=2021 ; atlas forestier=2015-2019
9386221B20641552566497,Ebolowa II,Mvila,Sud,1994.87,106685,53.5,196742.5,98.62,1527.6,0.0,0.0,1211.5,8.5,0.0,0.0,1.8441,75205.1,17095.2,6375.3,0.5,0.0,107181.0,0.0,4,2,1,5,WORLDPOP_R2025A_CN_100M;ESA_WORLDCOVER_2021_V200;MINFOF_WRI_ATLAS_FORESTIER_SIG_2018;GEOBOUNDARIES_CMR_ADM3_9469f09,pop=2025 (estimation modélisée) ; occupation du sol=2021 ; atlas forestier=2015-2019
9386221B7423024064033,Efoulan,Mvila,Sud,856.42,11419,13.3,85091.9,99.36,416.9,0.0,0.0,130.2,0.0,0.0,0.0,7.4518,16519.8,5524.6,14431.8,0.0,0.0,49556.3,0.0,2,4,0,3,WORLDPOP_R2025A_CN_100M;ESA_WORLDCOVER_2021_V200;MINFOF_WRI_ATLAS_FORESTIER_SIG_2018;GEOBOUNDARIES_CMR_ADM3_9469f09,pop=2025 (estimation modélisée) ; occupation du sol=2021 ; atlas forestier=2015-2019
9386221B58609331064519,Mengong,Mvila,Sud,886.38,19749,22.3,87182.4,98.36,1100.6,0.0,0.0,338.3,0.0,0.0,0.0,4.4145,243.2,10618.9,641.3,0.0,0.0,0.0,0.0,1,1,0,0,WORLDPOP_R2025A_CN_100M;ESA_WORLDCOVER_2021_V200;MINFOF_WRI_ATLAS_FORESTIER_SIG_2018;GEOBOUNDARIES_CMR_ADM3_9469f09,pop=2025 (estimation modélisée) ; occupation du sol=2021 ; atlas forestier=2015-2019
9386221B49119882002663,Mvangan,Mvila,Sud,2078.97,13347,6.4,206902.5,99.52,788.2,0.0,0.0,200.7,3.6,0.0,0.0,15.5018,68507.6,33688.4,23201.4,19088.0,9.18,146407.8,0.0,7,7,1,7,WORLDPOP_R2025A_CN_100M;ESA_WORLDCOVER_2021_V200;MINFOF_WRI_ATLAS_FORESTIER_SIG_2018;GEOBOUNDARIES_CMR_ADM3_9469f09,pop=2025 (estimation modélisée) ; occupation du sol=2021 ; atlas forestier=2015-2019
9386221B77960191185995,Ngoulémakong,Mvila,Sud,690.35,15234,22.1,68027.4,98.54,803.3,0.0,0.0,199.4,0.0,0.0,0.0,4.4655,0.0,4849.5,7317.1,0.0,0.0,3.0,0.0,0,2,0,1,WORLDPOP_R2025A_CN_100M;ESA_WORLDCOVER_2021_V200;MINFOF_WRI_ATLAS_FORESTIER_SIG_2018;GEOBOUNDARIES_CMR_ADM3_9469f09,pop=2025 (estimation modélisée) ; occupation du sol=2021 ; atlas forestier=2015-2019
9386221B54980510946318,Akom II,Océan,Sud,1931.33,9695,5.0,192951.4,99.91,86.9,0.0,0.0,92.5,0.0,0.0,0.0,19.9022,29005.3,32108.9,27381.5,48125.1,24.92,104675.6,0.0,2,10,1,4,WORLDPOP_R2025A_CN_100M;ESA_WORLDCOVER_2021_V200;MINFOF_WRI_ATLAS_FORESTIER_SIG_2018;GEOBOUNDARIES_CMR_ADM3_9469f09,pop=2025 (estimation modélisée) ; occupation du sol=2021 ; atlas forestier=2015-2019
9386221B8422217320711,Bipindi,Océan,Sud,1319.63,14216,10.8,131750.8,99.84,73.8,0.0,0.0,117.0,13.4,0.7,0.0,9.2678,41026.4,33788.1,26441.3,0.0,0.0,100817.7,0.0,6,10,0,6,WORLDPOP_R2025A_CN_100M;ESA_WORLDCOVER_2021_V200;MINFOF_WRI_ATLAS_FORESTIER_SIG_2018;GEOBOUNDARIES_CMR_ADM3_9469f09,pop=2025 (estimation modélisée) ; occupation du sol=2021 ; atlas forestier=2015-2019
9386221B29602702798924,Campo,Océan,Sud,2755.74,9431,3.4,272842.1,99.01,1016.4,3.3,0.0,68.0,798.1,683.2,0.0003,28.9303,84922.2,903.7,5132.0,140144.6,50.86,196544.5,0.0,2,4,2,3,WORLDPOP_R2025A_CN_100M;ESA_WORLDCOVER_2021_V200;MINFOF_WRI_ATLAS_FORESTIER_SIG_2018;GEOBOUNDARIES_CMR_ADM3_9469f09,pop=2025 (estimation modélisée) ; occupation du sol=2021 ; atlas forestier=2015-2019
9386221B54038015059464,Kribi I,Océan,Sud,203.17,25249,124.3,18577.5,91.44,993.0,1.8,0.01,406.8,99.1,5.6,0.0001,0.7358,0.0,0.0,2729.4,0.0,0.0,3985.8,0.0,0,1,0,1,WORLDPOP_R2025A_CN_100M;ESA_WORLDCOVER_2021_V200;MINFOF_WRI_ATLAS_FORESTIER_SIG_2018;GEOBOUNDARIES_CMR_ADM3_9469f09,pop=2025 (estimation modélisée) ; occupation du sol=2021 ; atlas forestier=2015-2019
9386221B97848366185586,Kribi II,Océan,Sud,104.47,74218,710.4,8816.5,84.39,756.7,0.1,0.0,806.2,29.1,10.4,0.0,0.1188,1572.4,0.0,20.0,0.0,0.0,94.8,0.0,1,1,0,1,WORLDPOP_R2025A_CN_100M;ESA_WORLDCOVER_2021_V200;MINFOF_WRI_ATLAS_FORESTIER_SIG_2018;GEOBOUNDARIES_CMR_ADM3_9469f09,pop=2025 (estimation modélisée) ; occupation du sol=2021 ; atlas forestier=2015-2019
9386221B89412400808700,Lokoundjé,Océan,Sud,2291.19,23119,10.1,223967.3,97.75,2620.8,1.9,0.0,351.4,1170.2,895.3,0.0001,9.6876,68808.0,0.0,15374.5,598.4,0.26,105956.5,0.0,3,5,1,4,WORLDPOP_R2025A_CN_100M;ESA_WORLDCOVER_2021_V200;MINFOF_WRI_ATLAS_FORESTIER_SIG_2018;GEOBOUNDARIES_CMR_ADM3_9469f09,pop=2025 (estimation modélisée) ; occupation du sol=2021 ; atlas forestier=2015-2019
9386221B71446441287733,Lolodorf,Océan,Sud,964.0,17780,18.4,95961.0,99.54,217.1,0.0,0.0,209.9,2.2,0.0,0.0,5.3971,22485.8,19955.6,3862.7,0.0,0.0,66933.5,0.0,3,5,0,4,WORLDPOP_R2025A_CN_100M;ESA_WORLDCOVER_2021_V200;MINFOF_WRI_ATLAS_FORESTIER_SIG_2018;GEOBOUNDARIES_CMR_ADM3_9469f09,pop=2025 (estimation modélisée) ; occupation du sol=2021 ; atlas forestier=2015-2019
9386221B95710180016300,Mvengue,Océan,Sud,819.1,23166,28.3,80716.1,98.54,851.6,0.0,0.0,285.3,10.1,0.0,0.0,3.4842,3497.5,37799.3,0.0,0.0,0.0,9632.3,0.0,1,0,0,3,WORLDPOP_R2025A_CN_100M;ESA_WORLDCOVER_2021_V200;MINFOF_WRI_ATLAS_FORESTIER_SIG_2018;GEOBOUNDARIES_CMR_ADM3_9469f09,pop=2025 (estimation modélisée) ; occupation du sol=2021 ; atlas forestier=2015-2019
9386221B82405604372605,Niété,Océan,Sud,1000.64,12471,12.5,98908.4,98.85,829.3,0.3,0.0,323.9,0.1,0.4,0.0,7.9311,13015.4,9177.6,0.0,12856.3,12.85,36594.6,0.0,2,0,1,3,WORLDPOP_R2025A_CN_100M;ESA_WORLDCOVER_2021_V200;MINFOF_WRI_ATLAS_FORESTIER_SIG_2018;GEOBOUNDARIES_CMR_ADM3_9469f09,pop=2025 (estimation modélisée) ; occupation du sol=2021 ; atlas forestier=2015-2019
9386221B33515010482661,Ambam,Vallée - Du - Ntem,Sud,2452.41,34798,14.2,242911.3,99.05,1311.8,0.0,0.0,631.0,303.0,1.3,0.0,6.9806,83367.8,45908.8,5943.8,4.6,0.0,170603.0,0.0,5,4,1,4,WORLDPOP_R2025A_CN_100M;ESA_WORLDCOVER_2021_V200;MINFOF_WRI_ATLAS_FORESTIER_SIG_2018;GEOBOUNDARIES_CMR_ADM3_9469f09,pop=2025 (estimation modélisée) ; occupation du sol=2021 ; atlas forestier=2015-2019
9386221B29176402500611,Kyé-Ossi,Vallée - Du - Ntem,Sud,268.39,23821,88.8,25812.2,96.18,575.4,0.0,0.0,398.1,40.8,0.0,0.0,1.0836,73.3,0.0,0.0,0.0,0.0,20645.9,0.0,1,0,0,2,WORLDPOP_R2025A_CN_100M;ESA_WORLDCOVER_2021_V200;MINFOF_WRI_ATLAS_FORESTIER_SIG_2018;GEOBOUNDARIES_CMR_ADM3_9469f09,pop=2025 (estimation modélisée) ; occupation du sol=2021 ; atlas forestier=2015-2019
9386221B80778369836459,Ma'an,Vallée - Du - Ntem,Sud,3987.07,17891,4.5,395595.9,99.22,1057.6,0.0,0.0,298.4,656.6,2.2,0.0,22.1114,226571.2,0.0,46142.1,57024.3,14.3,145227.9,0.0,6,18,1,4,WORLDPOP_R2025A_CN_100M;ESA_WORLDCOVER_2021_V200;MINFOF_WRI_ATLAS_FORESTIER_SIG_2018;GEOBOUNDARIES_CMR_ADM3_9469f09,pop=2025 (estimation modélisée) ; occupation du sol=2021 ; atlas forestier=2015-2019
9386221B63067369284542,Olamzé,Vallée - Du - Ntem,Sud,477.1,7557,15.8,46996.3,98.5,276.4,0.0,0.0,133.0,213.5,0.0,0.0,6.2189,15604.5,0.0,2584.7,0.0,0.0,22505.5,0.0,3,2,0,1,WORLDPOP_R2025A_CN_100M;ESA_WORLDCOVER_2021_V200;MINFOF_WRI_ATLAS_FORESTIER_SIG_2018;GEOBOUNDARIES_CMR_ADM3_9469f09,pop=2025 (estimation modélisée) ; occupation du sol=2021 ; atlas forestier=2015-2019
9386221B49194032263505,Buea,Fako,Sud - Ouest,534.22,273251,511.5,38181.7,71.47,12142.7,75.8,0.14,2272.0,14.5,1.7,0.0003,0.1397,0.0,0.0,7187.0,15749.6,29.48,0.0,0.0,0,3,1,0,WORLDPOP_R2025A_CN_100M;ESA_WORLDCOVER_2021_V200;MINFOF_WRI_ATLAS_FORESTIER_SIG_2018;GEOBOUNDARIES_CMR_ADM3_9469f09,pop=2025 (estimation modélisée) ; occupation du sol=2021 ; atlas forestier=2015-2019
9386221B44003243479598,Idenau,Fako,Sud - Ouest,305.43,10730,35.1,26566.6,86.98,3437.3,7.9,0.03,92.9,65.0,178.1,0.0007,2.4759,0.0,0.0,262.7,19649.3,64.33,0.0,0.0,0,1,1,0,WORLDPOP_R2025A_CN_100M;ESA_WORLDCOVER_2021_V200;MINFOF_WRI_ATLAS_FORESTIER_SIG_2018;GEOBOUNDARIES_CMR_ADM3_9469f09,pop=2025 (estimation modélisée) ; occupation du sol=2021 ; atlas forestier=2015-2019
9386221B95365842181004,Limbé I,Fako,Sud - Ouest,79.9,133460,1670.4,6894.5,86.29,150.2,0.2,0.0,927.7,0.3,4.8,0.0,0.0517,0.0,0.0,2273.6,0.0,0.0,0.0,0.0,0,1,0,0,WORLDPOP_R2025A_CN_100M;ESA_WORLDCOVER_2021_V200;MINFOF_WRI_ATLAS_FORESTIER_SIG_2018;GEOBOUNDARIES_CMR_ADM3_9469f09,pop=2025 (estimation modélisée) ; occupation du sol=2021 ; atlas forestier=2015-2019
9386221B69899038770717,Limbé II,Fako,Sud - Ouest,58.36,123484,2116.0,4707.4,80.67,173.1,0.2,0.0,893.1,38.1,11.3,0.0,0.0381,0.0,0.0,287.7,0.0,0.0,0.0,0.0,0,1,0,0,WORLDPOP_R2025A_CN_100M;ESA_WORLDCOVER_2021_V200;MINFOF_WRI_ATLAS_FORESTIER_SIG_2018;GEOBOUNDARIES_CMR_ADM3_9469f09,pop=2025 (estimation modélisée) ; occupation du sol=2021 ; atlas forestier=2015-2019
9386221B28684632711326,Limbé III,Fako,Sud - Ouest,112.49,19799,176.0,4402.8,39.14,75.3,0.3,0.0,136.7,1176.6,5450.5,0.0,0.2224,0.0,0.0,1653.5,0.0,0.0,0.0,0.0,0,1,0,0,WORLDPOP_R2025A_CN_100M;ESA_WORLDCOVER_2021_V200;MINFOF_WRI_ATLAS_FORESTIER_SIG_2018;GEOBOUNDARIES_CMR_ADM3_9469f09,pop=2025 (estimation modélisée) ; occupation du sol=2021 ; atlas forestier=2015-2019
9386221B29102509952712,Muyuka,Fako,Sud - Ouest,476.34,105652,221.8,43642.7,91.62,3120.7,81.8,0.17,676.3,25.8,68.8,0.0008,0.4131,0.0,0.0,0.0,3611.8,7.58,4173.7,0.0,0,0,1,1,WORLDPOP_R2025A_CN_100M;ESA_WORLDCOVER_2021_V200;MINFOF_WRI_ATLAS_FORESTIER_SIG_2018;GEOBOUNDARIES_CMR_ADM3_9469f09,pop=2025 (estimation modélisée) ; occupation du sol=2021 ; atlas forestier=2015-2019
9386221B76747018247940,Tiko,Fako,Sud - Ouest,468.73,152570,325.5,20327.3,43.37,6787.2,93.7,0.2,1022.1,3437.3,15201.4,0.0006,0.1332,0.0,0.0,3.3,0.0,0.0,0.0,0.0,0,1,0,0,WORLDPOP_R2025A_CN_100M;ESA_WORLDCOVER_2021_V200;MINFOF_WRI_ATLAS_FORESTIER_SIG_2018;GEOBOUNDARIES_CMR_ADM3_9469f09,pop=2025 (estimation modélisée) ; occupation du sol=2021 ; atlas forestier=2015-2019
9386221B28277166506413,Bangem,Kupé Manenguba,Sud - Ouest,572.48,43726,76.4,54080.6,94.47,2847.7,61.7,0.11,225.0,33.2,0.0,0.0014,1.2368,5025.8,0.0,1282.8,19819.0,34.62,0.0,0.0,1,2,2,0,WORLDPOP_R2025A_CN_100M;ESA_WORLDCOVER_2021_V200;MINFOF_WRI_ATLAS_FORESTIER_SIG_2018;GEOBOUNDARIES_CMR_ADM3_9469f09,pop=2025 (estimation modélisée) ; occupation du sol=2021 ; atlas forestier=2015-2019
9386221B66377305480257,Nguti,Kupé Manenguba,Sud - Ouest,1850.56,37473,20.2,183875.7,99.36,949.3,0.1,0.0,198.1,23.6,0.1,0.0,4.9069,15618.9,12269.0,10375.9,53899.5,29.13,22994.6,0.0,1,4,3,1,WORLDPOP_R2025A_CN_100M;ESA_WORLDCOVER_2021_V200;MINFOF_WRI_ATLAS_FORESTIER_SIG_2018;GEOBOUNDARIES_CMR_ADM3_9469f09,pop=2025 (estimation modélisée) ; occupation du sol=2021 ; atlas forestier=2015-2019
9386221B13548901554044,Tombel,Kupé Manenguba,Sud - Ouest,1029.34,91760,89.1,101684.6,98.79,602.7,0.1,0.0,586.2,27.0,4.9,0.0,1.1082,3475.0,0.0,5086.4,10288.1,9.99,0.0,0.0,1,1,1,0,WORLDPOP_R2025A_CN_100M;ESA_WORLDCOVER_2021_V200;MINFOF_WRI_ATLAS_FORESTIER_SIG_2018;GEOBOUNDARIES_CMR_ADM3_9469f09,pop=2025 (estimation modélisée) ; occupation du sol=2021 ; atlas forestier=2015-2019
9386221B80027112705333,Alou,Lebialem,Sud - Ouest,152.78,45401,297.2,13369.4,87.5,1536.2,218.8,1.43,153.9,0.0,0.0,0.0048,0.2945,171.9,0.0,0.0,1530.5,10.02,14758.7,0.0,1,0,1,2,WORLDPOP_R2025A_CN_100M;ESA_WORLDCOVER_2021_V200;MINFOF_WRI_ATLAS_FORESTIER_SIG_2018;GEOBOUNDARIES_CMR_ADM3_9469f09,pop=2025 (estimation modélisée) ; occupation du sol=2021 ; atlas forestier=2015-2019
9386221B13423567851264,Menji,Lebialem,Sud - Ouest,236.66,46211,195.3,22820.4,96.43,752.1,5.0,0.02,85.6,0.0,0.0,0.0001,0.4938,0.0,0.0,0.0,0.0,0.0,11724.5,0.0,0,0,0,2,WORLDPOP_R2025A_CN_100M;ESA_WORLDCOVER_2021_V200;MINFOF_WRI_ATLAS_FORESTIER_SIG_2018;GEOBOUNDARIES_CMR_ADM3_9469f09,pop=2025 (estimation modélisée) ; occupation du sol=2021 ; atlas forestier=2015-2019
9386221B41994982310047,Wabane,Lebialem,Sud - Ouest,252.29,44182,175.1,21097.1,83.62,3262.2,687.1,2.72,182.4,0.0,0.0,0.0156,0.4775,154.3,0.0,0.0,6567.9,26.03,22848.4,0.0,1,0,1,2,WORLDPOP_R2025A_CN_100M;ESA_WORLDCOVER_2021_V200;MINFOF_WRI_ATLAS_FORESTIER_SIG_2018;GEOBOUNDARIES_CMR_ADM3_9469f09,pop=2025 (estimation modélisée) ; occupation du sol=2021 ; atlas forestier=2015-2019
9386221B97417747097064,Akwaya,Manyu,Sud - Ouest,3681.48,67042,18.2,348532.5,94.67,19089.2,42.7,0.01,124.8,88.2,40.5,0.0006,5.1987,34857.2,0.0,4610.9,63548.6,17.26,12003.2,0.0,3,1,2,2,WORLDPOP_R2025A_CN_100M;ESA_WORLDCOVER_2021_V200;MINFOF_WRI_ATLAS_FORESTIER_SIG_2018;GEOBOUNDARIES_CMR_ADM3_9469f09,pop=2025 (estimation modélisée) ; occupation du sol=2021 ; atlas forestier=2015-2019
9386221B10114916038051,Eyumodjock,Manyu,Sud - Ouest,1372.58,23409,17.1,136614.1,99.53,202.4,0.2,0.0,145.2,136.7,39.9,0.0,5.836,75203.7,0.0,3.4,7474.2,5.45,44459.0,0.0,3,1,1,2,WORLDPOP_R2025A_CN_100M;ESA_WORLDCOVER_2021_V200;MINFOF_WRI_ATLAS_FORESTIER_SIG_2018;GEOBOUNDARIES_CMR_ADM3_9469f09,pop=2025 (estimation modélisée) ; occupation du sol=2021 ; atlas forestier=2015-2019
9386221B39826113805854,Mamfe,Manyu,Sud - Ouest,3199.42,187229,58.5,317247.6,99.16,1359.7,0.6,0.0,943.4,121.4,26.7,0.0,1.6944,136897.5,28508.8,11142.2,581.4,0.18,127074.0,0.0,6,5,2,3,WORLDPOP_R2025A_CN_100M;ESA_WORLDCOVER_2021_V200;MINFOF_WRI_ATLAS_FORESTIER_SIG_2018;GEOBOUNDARIES_CMR_ADM3_9469f09,pop=2025 (estimation modélisée) ; occupation du sol=2021 ; atlas forestier=2015-2019
9386221B4961932619134,Tinto,Manyu,Sud - Ouest,1217.44,43914,36.1,121170.2,99.53,362.2,0.1,0.0,178.9,5.4,2.4,0.0,2.7593,47488.4,0.0,9132.5,11187.8,9.19,43658.1,0.0,1,4,1,2,WORLDPOP_R2025A_CN_100M;ESA_WORLDCOVER_2021_V200;MINFOF_WRI_ATLAS_FORESTIER_SIG_2018;GEOBOUNDARIES_CMR_ADM3_9469f09,pop=2025 (estimation modélisée) ; occupation du sol=2021 ; atlas forestier=2015-2019
9386221B73476553425751,Konye,Meme,Sud - Ouest,977.03,78457,80.3,96753.1,99.03,363.6,0.0,0.0,435.1,141.9,0.4,0.0,1.2332,90.7,0.0,5929.9,0.0,0.0,9566.8,0.0,1,2,0,1,WORLDPOP_R2025A_CN_100M;ESA_WORLDCOVER_2021_V200;MINFOF_WRI_ATLAS_FORESTIER_SIG_2018;GEOBOUNDARIES_CMR_ADM3_9469f09,pop=2025 (estimation modélisée) ; occupation du sol=2021 ; atlas forestier=2015-2019
9386221B63553235506864,Kumba I,Meme,Sud - Ouest,431.1,172177,399.4,41249.3,95.68,843.0,10.7,0.02,843.2,137.7,1.8,0.0001,0.2396,0.0,0.0,0.0,0.0,0.0,892.2,0.0,0,0,0,1,WORLDPOP_R2025A_CN_100M;ESA_WORLDCOVER_2021_V200;MINFOF_WRI_ATLAS_FORESTIER_SIG_2018;GEOBOUNDARIES_CMR_ADM3_9469f09,pop=2025 (estimation modélisée) ; occupation du sol=2021 ; atlas forestier=2015-2019
9386221B50258802774894,Kumba II,Meme,Sud - Ouest,229.89,150422,654.3,21031.2,91.48,778.2,0.0,0.0,825.1,328.8,1.5,0.0,0.1398,0.0,0.0,0.0,0.0,0.0,0.0,0.0,0,0,0,0,WORLDPOP_R2025A_CN_100M;ESA_WORLDCOVER_2021_V200;MINFOF_WRI_ATLAS_FORESTIER_SIG_2018;GEOBOUNDARIES_CMR_ADM3_9469f09,pop=2025 (estimation modélisée) ; occupation du sol=2021 ; atlas forestier=2015-2019
9386221B31915824394647,Kumba III,Meme,Sud - Ouest,408.29,124693,305.4,38351.4,93.93,1535.0,67.4,0.17,762.4,41.1,58.6,0.0005,0.3076,0.0,0.0,0.0,0.0,0.0,22877.8,0.0,0,0,0,2,WORLDPOP_R2025A_CN_100M;ESA_WORLDCOVER_2021_V200;MINFOF_WRI_ATLAS_FORESTIER_SIG_2018;GEOBOUNDARIES_CMR_ADM3_9469f09,pop=2025 (estimation modélisée) ; occupation du sol=2021 ; atlas forestier=2015-2019
9386221B77010589979362,Mbonge,Meme,Sud - Ouest,802.75,69937,87.1,75474.5,94.02,4293.1,2.1,0.0,337.0,7.0,2.6,0.0,1.0792,206.3,0.0,0.0,19162.5,23.87,0.0,0.0,1,0,1,0,WORLDPOP_R2025A_CN_100M;ESA_WORLDCOVER_2021_V200;MINFOF_WRI_ATLAS_FORESTIER_SIG_2018;GEOBOUNDARIES_CMR_ADM3_9469f09,pop=2025 (estimation modélisée) ; occupation du sol=2021 ; atlas forestier=2015-2019
9386221B49652047441621,Bamusso,Ndian,Sud - Ouest,658.15,27871,42.3,41066.0,62.4,1086.7,0.4,0.0,139.6,1063.9,22441.7,0.0,1.4734,16559.0,0.0,0.0,24037.6,36.52,0.0,0.0,1,0,1,0,WORLDPOP_R2025A_CN_100M;ESA_WORLDCOVER_2021_V200;MINFOF_WRI_ATLAS_FORESTIER_SIG_2018;GEOBOUNDARIES_CMR_ADM3_9469f09,pop=2025 (estimation modélisée) ; occupation du sol=2021 ; atlas forestier=2015-2019
9386221B75104218027540,Dikome-Balue,Ndian,Sud - Ouest,404.73,10351,25.6,40342.6,99.68,84.0,0.0,0.0,45.0,0.9,0.0,0.0,3.8975,0.0,0.0,0.0,9052.4,22.37,0.0,0.0,0,0,1,0,WORLDPOP_R2025A_CN_100M;ESA_WORLDCOVER_2021_V200;MINFOF_WRI_ATLAS_FORESTIER_SIG_2018;GEOBOUNDARIES_CMR_ADM3_9469f09,pop=2025 (estimation modélisée) ; occupation du sol=2021 ; atlas forestier=2015-2019
9386221B7911071193470,Ekondo-Titi,Ndian,Sud - Ouest,695.96,66508,95.6,56422.2,81.07,649.9,0.9,0.0,301.2,475.5,11741.2,0.0,0.8484,0.0,0.0,0.0,17085.1,24.55,0.0,0.0,0,0,1,0,WORLDPOP_R2025A_CN_100M;ESA_WORLDCOVER_2021_V200;MINFOF_WRI_ATLAS_FORESTIER_SIG_2018;GEOBOUNDARIES_CMR_ADM3_9469f09,pop=2025 (estimation modélisée) ; occupation du sol=2021 ; atlas forestier=2015-2019
9386221B9418579396637,Idabato,Ndian,Sud - Ouest,120.06,10724,89.3,104.7,0.87,17.4,0.1,0.0,59.5,1159.6,10626.8,0.0,0.0098,0.0,0.0,0.0,11988.9,99.86,0.0,0.0,0,0,1,0,WORLDPOP_R2025A_CN_100M;ESA_WORLDCOVER_2021_V200;MINFOF_WRI_ATLAS_FORESTIER_SIG_2018;GEOBOUNDARIES_CMR_ADM3_9469f09,pop=2025 (estimation modélisée) ; occupation du sol=2021 ; atlas forestier=2015-2019
9386221B67102516877537,Isanguele,Ndian,Sud - Ouest,332.11,11784,35.5,14611.8,44.0,1089.3,0.2,0.0,46.2,1683.5,15773.4,0.0,1.24,0.0,0.0,0.0,18333.9,55.2,0.0,0.0,0,0,1,0,WORLDPOP_R2025A_CN_100M;ESA_WORLDCOVER_2021_V200;MINFOF_WRI_ATLAS_FORESTIER_SIG_2018;GEOBOUNDARIES_CMR_ADM3_9469f09,pop=2025 (estimation modélisée) ; occupation du sol=2021 ; atlas forestier=2015-2019
9386221B80502497294933,Kombo-Abedimo,Ndian,Sud - Ouest,248.44,1991,8.0,50.3,0.2,3.7,0.0,0.0,2.5,2126.2,22660.7,0.0,0.0253,0.0,0.0,0.0,24817.8,99.89,0.0,0.0,0,0,1,0,WORLDPOP_R2025A_CN_100M;ESA_WORLDCOVER_2021_V200;MINFOF_WRI_ATLAS_FORESTIER_SIG_2018;GEOBOUNDARIES_CMR_ADM3_9469f09,pop=2025 (estimation modélisée) ; occupation du sol=2021 ; atlas forestier=2015-2019
9386221B54934718963778,Kombo-Itindi,Ndian,Sud - Ouest,375.51,2586,6.9,381.8,1.02,18.4,0.4,0.0,10.5,1728.0,35409.6,0.0002,0.1476,0.0,0.0,0.0,37551.3,100.0,0.0,0.0,0,0,1,0,WORLDPOP_R2025A_CN_100M;ESA_WORLDCOVER_2021_V200;MINFOF_WRI_ATLAS_FORESTIER_SIG_2018;GEOBOUNDARIES_CMR_ADM3_9469f09,pop=2025 (estimation modélisée) ; occupation du sol=2021 ; atlas forestier=2015-2019
9386221B15912043956147,Mudemba,Ndian,Sud - Ouest,1857.02,36235,19.5,183162.7,98.63,933.5,5.4,0.0,138.9,417.4,1024.1,0.0001,5.0549,887.5,24004.2,2576.1,86673.2,46.67,0.0,0.0,1,1,3,0,WORLDPOP_R2025A_CN_100M;ESA_WORLDCOVER_2021_V200;MINFOF_WRI_ATLAS_FORESTIER_SIG_2018;GEOBOUNDARIES_CMR_ADM3_9469f09,pop=2025 (estimation modélisée) ; occupation du sol=2021 ; atlas forestier=2015-2019
9386221B52052898364822,Toko,Ndian,Sud - Ouest,1492.21,15242,10.2,148999.6,99.85,166.8,0.1,0.0,42.8,10.2,0.5,0.0,9.7756,28.9,10497.6,4927.3,69024.2,46.26,41964.7,0.0,2,1,2,1,WORLDPOP_R2025A_CN_100M;ESA_WORLDCOVER_2021_V200;MINFOF_WRI_ATLAS_FORESTIER_SIG_2018;GEOBOUNDARIES_CMR_ADM3_9469f09,pop=2025 (estimation modélisée) ; occupation du sol=2021 ; atlas forestier=2015-2019
