etablissement_id,nb_sources,sources,dans_osm,dans_healthsites,dans_maina2019,osm_source_id,healthsites_source_id,maina_source_id,nom_osm,nom_healthsites,nom_maina,tg_type_osm,tg_type_healthsites,tg_type_maina,methode_osm_healthsites,distance_m_maina,similarite_nom_maina,position_source,lon,lat
RAPP_000001,3,OSM;HEALTHSITES;MAINA2019,True,True,True,node/1067306173,node/1067306173,SSA_MFL/ligne_7118,Hopital district de Pitoa,Hopital district de Pitoa,Pitoa Hôpital de District,SOC.SANTE.HOPITAL,SOC.SANTE.HOPITAL,SOC.SANTE.HOPITAL,id_osm,326.5,100.0,OSM,13.507862,9.388693
RAPP_000002,3,OSM;HEALTHSITES;MAINA2019,True,True,True,node/13793795188,node/13793795188,SSA_MFL/ligne_7510,Ambam District Hospital,Ambam District Hospital,Ambam Hôpital de District,SOC.SANTE.HOPITAL,SOC.SANTE.HOPITAL,SOC.SANTE.HOPITAL,id_osm,227.2,100.0,OSM,11.264167,2.376131
RAPP_000003,3,OSM;HEALTHSITES;MAINA2019,True,True,True,node/2274142847,node/2274142847,SSA_MFL/ligne_7390,Ndu Hospital,Ndu Hospital,Nduh Hôpital de District,SOC.SANTE.HOPITAL,SOC.SANTE.HOPITAL,SOC.SANTE.HOPITAL,id_osm,257.0,85.7,OSM,10.804635,6.425871
RAPP_000004,3,OSM;HEALTHSITES;MAINA2019,True,True,True,node/6976300785,node/6976300785,SSA_MFL/ligne_7881,District Hospital Kumba,District Hospital Kumba,Kumba Hôpital de District,SOC.SANTE.HOPITAL,SOC.SANTE.HOPITAL,SOC.SANTE.HOPITAL,id_osm,23.2,100.0,OSM,9.427659,4.644454
RAPP_000005,3,OSM;HEALTHSITES;MAINA2019,True,True,True,node/7150573780,node/7150573780,SSA_MFL/ligne_5939,District De Santé De Nkolbisson,District De Santé De Nkolbisson,Nkolbisson Centre de Santé Integre,SOC.SANTE.CLINIQUE,SOC.SANTE.CLINIQUE,SOC.SANTE.CENTRE,id_osm,393.0,100.0,OSM,11.445825,3.876422
RAPP_000006,3,OSM;HEALTHSITES;MAINA2019,True,True,True,node/7340390931,node/7340390931,SSA_MFL/ligne_5682,Centre de santé intégré de Emvane Sso,Centre de santé intégré de Emvane Sso,Emyane Sso Centre de Santé Integre,SOC.SANTE.CENTRE,SOC.SANTE.CENTRE,SOC.SANTE.CENTRE,id_osm,397.9,90.0,OSM,12.581299,3.670563
RAPP_000007,3,OSM;HEALTHSITES;MAINA2019,True,True,True,node/7340425537,node/7340425537,SSA_MFL/ligne_5634,Centre de santé intégré de Djoudjoua,Centre de santé intégré de Djoudjoua,Djoudjoua Centre de Santé Integre,SOC.SANTE.CENTRE,SOC.SANTE.CENTRE,SOC.SANTE.CENTRE,id_osm,447.5,100.0,OSM,12.013242,3.687752
RAPP_000008,3,OSM;HEALTHSITES;MAINA2019,True,True,True,node/7341036553,node/7341036553,SSA_MFL/ligne_6118,Centre de santé intégré de Zalom,Centre de santé intégré de Zalom,Zalom Centre de Santé Integre,SOC.SANTE.CENTRE,SOC.SANTE.CENTRE,SOC.SANTE.CENTRE,id_osm,257.8,100.0,OSM,12.092324,3.603144
RAPP_000009,3,OSM;HEALTHSITES;MAINA2019,True,True,True,node/7934962489,node/7934962489,SSA_MFL/ligne_7602,Centre medical d'arrondissement de kribi 2,Centre medical d'arrondissement de kribi 2,Kribi 2 Centre Medical d’Arrondissement,SOC.SANTE.CENTRE,SOC.SANTE.CENTRE,SOC.SANTE.CENTRE,id_osm,328.8,100.0,OSM,9.920103,2.954187
RAPP_000010,3,OSM;HEALTHSITES;MAINA2019,True,True,True,node/8653732039,node/8653732039,SSA_MFL/ligne_7843,Hôpital du District d'Eyumodjock,Hôpital du District d'Eyumodjock,Eyumodjock Hôpital de District,SOC.SANTE.HOPITAL,SOC.SANTE.HOPITAL,SOC.SANTE.HOPITAL,id_osm,26.1,100.0,OSM,8.981305,5.769658
RAPP_000011,3,OSM;HEALTHSITES;MAINA2019,True,True,True,way/1414220121,way/1414220121,SSA_MFL/ligne_5553,Centre de santé d'Abem,Centre de santé d'Abem,Abem Centre de Santé Integre,SOC.SANTE.CENTRE,SOC.SANTE.CENTRE,SOC.SANTE.CENTRE,id_osm,243.0,100.0,OSM,12.301537,3.70163
RAPP_000012,3,OSM;HEALTHSITES;MAINA2019,True,True,True,way/246651026,way/246651026,SSA_MFL/ligne_7932,Hôpital de Mundemba,,Mundemba Hôpital de District,SOC.SANTE.HOPITAL,SOC.SANTE.HOPITAL,SOC.SANTE.HOPITAL,id_osm,467.9,100.0,OSM,8.90924,4.965127
RAPP_000013,3,OSM;HEALTHSITES;MAINA2019,True,True,True,way/299608800,way/299608800,SSA_MFL/ligne_6671,Clinique Le Berceau,Clinique Le Berceau,Berceau Centre de Santé Integre,SOC.SANTE.CLINIQUE,SOC.SANTE.CLINIQUE,SOC.SANTE.CENTRE,id_osm,130.0,100.0,OSM,9.701099,4.057442
RAPP_000014,3,OSM;HEALTHSITES;MAINA2019,True,True,True,way/299831196,way/299831196,SSA_MFL/ligne_6682,Hôpital de Bonamoussadi,Hôpital de Bonamoussadi,Bonamoussadi Ad Lucem Hôpital de District,SOC.SANTE.HOPITAL,SOC.SANTE.HOPITAL,SOC.SANTE.HOPITAL,id_osm,28.7,86.4,OSM,9.725284,4.083342
RAPP_000015,3,OSM;HEALTHSITES;MAINA2019,True,True,True,way/311264726,way/311264726,SSA_MFL/ligne_7888,Limbe Health District,Limbe Health District,Limbe PCC Public Centre de Santé,SOC.SANTE.CLINIQUE,SOC.SANTE.CLINIQUE,SOC.SANTE.CENTRE,id_osm,424.8,85.7,OSM,9.209315,4.006486
RAPP_000016,3,OSM;HEALTHSITES;MAINA2019,True,True,True,way/313798044,way/313798044,SSA_MFL/ligne_7896,Mamfe District Hospital,Mamfe District Hospital,Mamfe Hôpital de District,SOC.SANTE.HOPITAL,SOC.SANTE.HOPITAL,SOC.SANTE.HOPITAL,id_osm,412.4,100.0,OSM,9.311096,5.730914
RAPP_000017,3,OSM;HEALTHSITES;MAINA2019,True,True,True,way/317206196,way/317206196,SSA_MFL/ligne_8015,Hôpital Régional de Bafoussam,Hôpital Régional de Bafoussam,Bafoussam Hôpital Regional,SOC.SANTE.HOPITAL,SOC.SANTE.HOPITAL,SOC.SANTE.HOPITAL,id_osm,399.1,100.0,OSM,10.407982,5.489903
RAPP_000018,3,OSM;HEALTHSITES;MAINA2019,True,True,True,way/354337482,way/354337482,SSA_MFL/ligne_6116,Hopital de district de Yoko,Hopital de district de Yoko,Yoko Hôpital de District,SOC.SANTE.HOPITAL,SOC.SANTE.HOPITAL,SOC.SANTE.HOPITAL,id_osm,340.4,100.0,OSM,12.318157,5.541303
RAPP_000019,3,OSM;HEALTHSITES;MAINA2019,True,True,True,way/385565926,way/385565926,SSA_MFL/ligne_8137,Centre de Santé Intégré de Batoukop,Centre de Santé Intégré de Batoukop,Batoukop Centre de Santé Integre,SOC.SANTE.CENTRE,SOC.SANTE.CENTRE,SOC.SANTE.CENTRE,id_osm,495.7,100.0,OSM,10.484294,5.481682
RAPP_000020,3,OSM;HEALTHSITES;MAINA2019,True,True,True,way/442010014,way/442010014,SSA_MFL/ligne_7914,Mbonge hospital,Mbonge hospital,Mbonge Hôpital de District,SOC.SANTE.HOPITAL,SOC.SANTE.HOPITAL,SOC.SANTE.HOPITAL,id_osm,251.2,100.0,OSM,9.103244,4.535391
RAPP_000021,3,OSM;HEALTHSITES;MAINA2019,True,True,True,way/477835850,way/477835850,SSA_MFL/ligne_6382,Hôpital de Doukoula,Hôpital de Doukoula,Doukoula Hôpital de District,SOC.SANTE.HOPITAL,SOC.SANTE.HOPITAL,SOC.SANTE.HOPITAL,id_osm,406.1,100.0,OSM,14.974117,10.116388
RAPP_000022,3,OSM;HEALTHSITES;MAINA2019,True,True,True,way/533783280,way/533783280,SSA_MFL/ligne_6110,Hôpital Général De Yaoundé,Hôpital Général De Yaoundé,Yaounde General Hôpital,SOC.SANTE.HOPITAL,SOC.SANTE.HOPITAL,SOC.SANTE.HOPITAL,id_osm,38.2,100.0,OSM,11.541125,3.906807
RAPP_000023,3,OSM;HEALTHSITES;MAINA2019,True,True,True,way/556587012,way/556587012,SSA_MFL/ligne_7229,Bangolan Baptist Health Center,Bangolan Baptist Health Center,Bangolan Baptist Centre de Santé Integre,SOC.SANTE.CENTRE,SOC.SANTE.CENTRE,SOC.SANTE.CENTRE,id_osm,58.8,100.0,OSM,10.634272,5.931754
RAPP_000024,3,OSM;HEALTHSITES;MAINA2019,True,True,True,way/580245116,way/580245116,SSA_MFL/ligne_5567,Hôpital de district d'Akonolinga,Hôpital de district d'Akonolinga,Akonolinga Hôpital de District,SOC.SANTE.HOPITAL,SOC.SANTE.HOPITAL,SOC.SANTE.HOPITAL,id_osm,375.4,100.0,OSM,12.252999,3.779617
RAPP_000025,2,OSM;HEALTHSITES,True,True,False,node/10013409318,node/10013409318,,ZION REFERENCE MEDICAL CLINIC,ZION REFERENCE MEDICAL CLINIC,,SOC.SANTE.HOPITAL,SOC.SANTE.HOPITAL,,id_osm,,,OSM,11.568749,3.876742
RAPP_000026,2,OSM;HEALTHSITES,True,True,False,node/10013418817,node/10013418817,,REFERENCE CLINIC MIMBOMAN,REFERENCE CLINIC MIMBOMAN,,SOC.SANTE.HOPITAL,SOC.SANTE.HOPITAL,,id_osm,,,OSM,11.569149,3.876106
RAPP_000027,2,OSM;HEALTHSITES,True,True,False,node/10127841817,node/10127841817,,,,,SOC.SANTE.HOPITAL,SOC.SANTE.HOPITAL,,id_osm,,,OSM,10.374221,5.686641
RAPP_000028,2,OSM;HEALTHSITES,True,True,False,node/1013434376,node/1013434376,,Central Medical de Nkol Poblo,Central Medical de Nkol Poblo,,SOC.SANTE.HOPITAL,SOC.SANTE.HOPITAL,,id_osm,,,OSM,11.209715,4.076516
RAPP_000029,2,OSM;HEALTHSITES,True,True,False,node/10231598995,node/10231598995,,,,,SOC.SANTE.CLINIQUE,SOC.SANTE.CLINIQUE,,id_osm,,,OSM,11.463333,3.801733
RAPP_000030,2,OSM;HEALTHSITES,True,True,False,node/10231599001,node/10231599001,,,,,SOC.SANTE.HOPITAL,SOC.SANTE.HOPITAL,,id_osm,,,OSM,11.464134,3.804508
RAPP_000031,2,OSM;HEALTHSITES,True,True,False,node/10249499610,node/10249499610,,Clinique de Charité,Clinique de Charité,,SOC.SANTE.CLINIQUE,SOC.SANTE.CLINIQUE,,id_osm,,,OSM,9.449067,4.639058
RAPP_000032,2,OSM;HEALTHSITES,True,True,False,node/10249499611,node/10249499611,,Pharmacie Rapido Fiango,Pharmacie Rapido Fiango,,SOC.SANTE.PHARMACIE,SOC.SANTE.PHARMACIE,,id_osm,,,OSM,9.448743,4.639063
RAPP_000033,2,OSM;HEALTHSITES,True,True,False,node/1049493788,node/1049493788,,,,,SOC.SANTE.PHARMACIE,SOC.SANTE.PHARMACIE,,id_osm,,,OSM,13.678325,9.492007
RAPP_000034,2,OSM;HEALTHSITES,True,True,False,node/1049493897,node/1049493897,,Centre de Sante Integre de Babanguel I,Centre de Sante Integre de Babanguel I,,SOC.SANTE.HOPITAL,SOC.SANTE.HOPITAL,,id_osm,,,OSM,13.712419,9.604072
RAPP_000035,2,OSM;HEALTHSITES,True,True,False,node/1050198424,node/1050198424,,Centre de Sante integre de langui Social,Centre de Sante integre de langui Social,,SOC.SANTE.HOPITAL,SOC.SANTE.HOPITAL,,id_osm,,,OSM,13.602383,9.334163
RAPP_000036,2,OSM;HEALTHSITES,True,True,False,node/10591290105,node/10591290105,,General Hospital 3 Corners,General Hospital 3 Corners,,SOC.SANTE.HOPITAL,SOC.SANTE.HOPITAL,,id_osm,,,OSM,9.472614,4.636387
RAPP_000037,2,OSM;HEALTHSITES,True,True,False,node/1067272364,node/1067272364,,Centre de sante et formation Ave Maria de Leboudi I,Centre de sante et formation Ave Maria de Leboudi I,,SOC.SANTE.CENTRE,SOC.SANTE.CENTRE,,id_osm,,,OSM,11.445818,3.921473
RAPP_000038,2,OSM;HEALTHSITES,True,True,False,node/1067289748,node/1067289748,,Centre de Sante Integre de Ntuissong,Centre de Sante Integre de Ntuissong,,SOC.SANTE.CENTRE,SOC.SANTE.CENTRE,,id_osm,,,OSM,11.322482,4.014714
RAPP_000039,2,OSM;HEALTHSITES,True,True,False,node/1067289899,node/1067289899,,Pharmacie de l'Hôpital de District d'Okola,Pharmacie de l'Hôpital de District d'Okola,,SOC.SANTE.PHARMACIE,SOC.SANTE.PHARMACIE,,id_osm,,,OSM,11.382813,4.026694
RAPP_000040,2,OSM;HEALTHSITES,True,True,False,node/1067289952,node/1067289952,,La Morque d'Okola,La Morque d'Okola,,SOC.SANTE.HOPITAL,SOC.SANTE.HOPITAL,,id_osm,,,OSM,11.382758,4.027067
RAPP_000041,2,OSM;HEALTHSITES,True,True,False,node/1067306203,node/1067306203,,Guerriseur Traditionnel,Guerriseur Traditionnel,,SOC.SANTE.HOPITAL,SOC.SANTE.HOPITAL,,id_osm,,,OSM,13.502377,9.382193
RAPP_000042,2,OSM;HEALTHSITES,True,True,False,node/1067306208,node/1067306208,,,,,SOC.SANTE.PHARMACIE,SOC.SANTE.PHARMACIE,,id_osm,,,OSM,13.501963,9.386387
RAPP_000043,2,OSM;HEALTHSITES,True,True,False,node/1067306381,node/1067306381,,Hopital Moustapha de Pitoa Bounguel,Hopital Moustapha de Pitoa Bounguel,,SOC.SANTE.HOPITAL,SOC.SANTE.HOPITAL,,id_osm,,,OSM,13.498759,9.383958
RAPP_000044,2,OSM;HEALTHSITES,True,True,False,node/1068916218,node/1068916218,,,,,SOC.SANTE.PHARMACIE,SOC.SANTE.PHARMACIE,,id_osm,,,OSM,10.437002,5.986664
RAPP_000045,2,OSM;HEALTHSITES,True,True,False,node/1069053734,node/1069053734,,Ndop District Hospital,Ndop District Hospital,,SOC.SANTE.HOPITAL,SOC.SANTE.HOPITAL,,id_osm,,,OSM,10.444681,6.000873
RAPP_000046,2,OSM;HEALTHSITES,True,True,False,node/1069081719,node/1069081719,,Bamunka Rural Health Centre,Bamunka Rural Health Centre,,SOC.SANTE.HOPITAL,SOC.SANTE.HOPITAL,,id_osm,,,OSM,10.487538,5.974174
RAPP_000047,2,OSM;HEALTHSITES,True,True,False,node/1069146913,node/1069146913,,Faith pharmacy,Faith pharmacy,,SOC.SANTE.PHARMACIE,SOC.SANTE.PHARMACIE,,id_osm,,,OSM,10.43466,5.987485
RAPP_000048,2,OSM;HEALTHSITES,True,True,False,node/1069146931,node/1069146931,,Bamunka Health Centre,Bamunka Health Centre,,SOC.SANTE.HOPITAL,SOC.SANTE.HOPITAL,,id_osm,,,OSM,10.432695,5.985637
RAPP_000049,2,OSM;HEALTHSITES,True,True,False,node/1069147032,node/1069147032,,,,,SOC.SANTE.PHARMACIE,SOC.SANTE.PHARMACIE,,id_osm,,,OSM,10.441488,5.996285
RAPP_000050,2,OSM;HEALTHSITES,True,True,False,node/10721223659,node/10721223659,,Hopital de District de Foumban,Hopital de District de Foumban,,SOC.SANTE.CLINIQUE,SOC.SANTE.CLINIQUE,,id_osm,,,OSM,10.87842,5.730661
RAPP_000051,2,OSM;HEALTHSITES,True,True,False,node/10753137105,node/10753137105,,CMA de Mvog-Ada,CMA de Mvog-Ada,,SOC.SANTE.HOPITAL,SOC.SANTE.HOPITAL,,id_osm,,,OSM,11.527385,3.863764
RAPP_000052,2,OSM;HEALTHSITES,True,True,False,node/10767139105,node/10767139105,,,,,SOC.SANTE.HOPITAL,SOC.SANTE.HOPITAL,,id_osm,,,OSM,11.475565,3.815836
RAPP_000053,2,OSM;HEALTHSITES,True,True,False,node/11186457937,node/11186457937,,Hôpital de district de Lomié,Hôpital de district de Lomié,,SOC.SANTE.HOPITAL,SOC.SANTE.HOPITAL,,id_osm,,,OSM,13.622856,3.166691
RAPP_000054,2,OSM;HEALTHSITES,True,True,False,node/11186457941,node/11186457941,,Hôpital Privé catholique de Lomié,Hôpital Privé catholique de Lomié,,SOC.SANTE.HOPITAL,SOC.SANTE.HOPITAL,,id_osm,,,OSM,13.618284,3.161186
RAPP_000055,2,OSM;HEALTHSITES,True,True,False,node/11186458337,node/11186458337,,District de santé de Lomié,District de santé de Lomié,,SOC.SANTE.HOPITAL,SOC.SANTE.HOPITAL,,id_osm,,,OSM,13.62293,3.165616
RAPP_000056,2,OSM;HEALTHSITES,True,True,False,node/11307654470,node/11307654470,,Hôpital à construire karam,Hôpital à construire karam,,SOC.SANTE.HOPITAL,SOC.SANTE.HOPITAL,,id_osm,,,OSM,15.621145,10.006123
RAPP_000057,2,OSM;HEALTHSITES,True,True,False,node/11331079169,node/11331079169,,KOMBONE integrated health Centre,KOMBONE integrated health Centre,,SOC.SANTE.HOPITAL,SOC.SANTE.HOPITAL,,id_osm,,,OSM,9.32925,4.602714
RAPP_000058,2,OSM;HEALTHSITES,True,True,False,node/11331180170,node/11331180170,,AAH MOBILE CLINIC SITE,AAH MOBILE CLINIC SITE,,SOC.SANTE.HOPITAL,SOC.SANTE.HOPITAL,,id_osm,,,OSM,9.385827,4.610523
RAPP_000059,2,OSM;HEALTHSITES,True,True,False,node/11331189269,node/11331189269,,mortuary,mortuary,,SOC.SANTE.HOPITAL,SOC.SANTE.HOPITAL,,id_osm,,,OSM,9.41893,4.624593
RAPP_000060,2,OSM;HEALTHSITES,True,True,False,node/11332785669,node/11332785669,,CMA NGUTI,CMA NGUTI,,SOC.SANTE.HOPITAL,SOC.SANTE.HOPITAL,,id_osm,,,OSM,9.42306,5.329413
RAPP_000061,2,OSM;HEALTHSITES,True,True,False,node/11332816069,node/11332816069,,EYANG INTERGRATED HEALTH CENTRE,EYANG INTERGRATED HEALTH CENTRE,,SOC.SANTE.HOPITAL,SOC.SANTE.HOPITAL,,id_osm,,,OSM,9.481055,5.435513
RAPP_000062,2,OSM;HEALTHSITES,True,True,False,node/11335541670,node/11335541670,,MBAKWA SUPE INTERGRATED HC,MBAKWA SUPE INTERGRATED HC,,SOC.SANTE.HOPITAL,SOC.SANTE.HOPITAL,,id_osm,,,OSM,9.419257,5.01015
RAPP_000063,2,OSM;HEALTHSITES,True,True,False,node/11335551669,node/11335551669,,WONE INTERGRATED HC,WONE INTERGRATED HC,,SOC.SANTE.HOPITAL,SOC.SANTE.HOPITAL,,id_osm,,,OSM,9.395705,5.060827
RAPP_000064,2,OSM;HEALTHSITES,True,True,False,node/11338053469,node/11338053469,,AAH MOBILE CLINIC SITE MBOKA,AAH MOBILE CLINIC SITE MBOKA,,SOC.SANTE.HOPITAL,SOC.SANTE.HOPITAL,,id_osm,,,OSM,9.424118,5.294372
RAPP_000065,2,OSM;HEALTHSITES,True,True,False,node/11338187769,node/11338187769,,KURUME INTERGRATED HC,KURUME INTERGRATED HC,,SOC.SANTE.HOPITAL,SOC.SANTE.HOPITAL,,id_osm,,,OSM,9.47268,4.900532
RAPP_000066,2,OSM;HEALTHSITES,True,True,False,node/11340927769,node/11340927769,,IKILIWINDI INTERGRATED HC,IKILIWINDI INTERGRATED HC,,SOC.SANTE.HOPITAL,SOC.SANTE.HOPITAL,,id_osm,,,OSM,9.488053,4.72608
RAPP_000067,2,OSM;HEALTHSITES,True,True,False,node/11370228469,node/11370228469,,Ebonji Integrated Health Centre,Ebonji Integrated Health Centre,,SOC.SANTE.HOPITAL,SOC.SANTE.HOPITAL,,id_osm,,,OSM,9.606382,4.720425
RAPP_000068,2,OSM;HEALTHSITES,True,True,False,node/11372839970,node/11372839970,,INTERGRATED HEALTH CENTER NKIKOH,INTERGRATED HEALTH CENTER NKIKOH,,SOC.SANTE.HOPITAL,SOC.SANTE.HOPITAL,,id_osm,,,OSM,9.802798,5.086828
RAPP_000069,2,OSM;HEALTHSITES,True,True,False,node/11377174969,node/11377174969,,INTERGRATED HEALTH CENTER NKACK,INTERGRATED HEALTH CENTER NKACK,,SOC.SANTE.HOPITAL,SOC.SANTE.HOPITAL,,id_osm,,,OSM,9.779678,5.037107
RAPP_000070,2,OSM;HEALTHSITES,True,True,False,node/11377239069,node/11377239069,,INTERGRATED HEALTH CENTER MBOUASSOUM,INTERGRATED HEALTH CENTER MBOUASSOUM,,SOC.SANTE.HOPITAL,SOC.SANTE.HOPITAL,,id_osm,,,OSM,9.816644,5.126837
RAPP_000071,2,OSM;HEALTHSITES,True,True,False,node/11384443588,node/11384443588,,Pharmacie Messamendongo,Pharmacie Messamendongo,,SOC.SANTE.PHARMACIE,SOC.SANTE.PHARMACIE,,id_osm,,,OSM,11.522528,3.79662
RAPP_000072,2,OSM;HEALTHSITES,True,True,False,node/11384443823,node/11384443823,,Cabinet Médical Ebana Mballa,Cabinet Médical Ebana Mballa,,,,,id_osm,,,OSM,11.521014,3.805834
RAPP_000073,2,OSM;HEALTHSITES,True,True,False,node/11386372004,node/11386372004,,Centre de Santé Ange Raphaël,Centre de Santé Ange Raphaël,,SOC.SANTE.CENTRE,SOC.SANTE.CENTRE,,id_osm,,,OSM,11.457271,3.795004
RAPP_000074,2,OSM;HEALTHSITES,True,True,False,node/11400083237,node/11400083237,,Laboratoire Moderne de Référence,Laboratoire Moderne de Référence,,,,,id_osm,,,OSM,11.499105,3.870785
RAPP_000075,2,OSM;HEALTHSITES,True,True,False,node/11400117870,node/11400117870,,Ceraso Azem,Ceraso Azem,,SOC.SANTE.HOPITAL,SOC.SANTE.HOPITAL,,id_osm,,,OSM,11.499439,3.870615
RAPP_000076,2,OSM;HEALTHSITES,True,True,False,node/11411616571,node/11411616571,,Cabinet De Soins,Cabinet De Soins,,SOC.SANTE.HOPITAL,SOC.SANTE.HOPITAL,,id_osm,,,OSM,11.502793,3.852874
RAPP_000077,2,OSM;HEALTHSITES,True,True,False,node/11422765650,node/11422765650,,Pharmacie Élite,Pharmacie Élite,,SOC.SANTE.PHARMACIE,SOC.SANTE.PHARMACIE,,id_osm,,,OSM,11.489318,3.863988
RAPP_000078,2,OSM;HEALTHSITES,True,True,False,node/11422827648,node/11422827648,,Full bright,Full bright,,SOC.SANTE.CLINIQUE,SOC.SANTE.CLINIQUE,,id_osm,,,OSM,11.490346,3.863779
RAPP_000079,2,OSM;HEALTHSITES,True,True,False,node/11445895572,node/11445895572,,mina hosp,mina hosp,,SOC.SANTE.HOPITAL,SOC.SANTE.HOPITAL,,id_osm,,,OSM,13.344611,9.307273
RAPP_000080,2,OSM;HEALTHSITES,True,True,False,node/11455033582,node/11455033582,,Pharmacie Marijova,Pharmacie Marijova,,SOC.SANTE.PHARMACIE,SOC.SANTE.PHARMACIE,,id_osm,,,OSM,11.48164,3.870309
RAPP_000081,2,OSM;HEALTHSITES,True,True,False,node/11455140751,node/11455140751,,Centre National d'Optometrie,Centre National d'Optometrie,,,,,id_osm,,,OSM,11.454838,3.872481
RAPP_000082,2,OSM;HEALTHSITES,True,True,False,node/11457489769,node/11457489769,,Hôpital de district de Lomié,Hôpital de district de Lomié,,SOC.SANTE.HOPITAL,SOC.SANTE.HOPITAL,,id_osm,,,OSM,13.623232,3.16515
RAPP_000083,2,OSM;HEALTHSITES,True,True,False,node/11457489870,node/11457489870,,Hope Clinic of Nomedjoh,Hope Clinic of Nomedjoh,,SOC.SANTE.CLINIQUE,SOC.SANTE.CLINIQUE,,id_osm,,,OSM,13.590883,3.338797
RAPP_000084,2,OSM;HEALTHSITES,True,True,False,node/11459806721,node/11459806721,,La Vertu,La Vertu,,SOC.SANTE.CLINIQUE,SOC.SANTE.CLINIQUE,,id_osm,,,OSM,11.574121,3.862243
RAPP_000085,2,OSM;HEALTHSITES,True,True,False,node/11465187234,node/11465187234,,Denver,Denver,,SOC.SANTE.CLINIQUE,SOC.SANTE.CLINIQUE,,id_osm,,,OSM,11.163438,2.912399
RAPP_000086,2,OSM;HEALTHSITES,True,True,False,node/11465264308,node/11465264308,,Cabinet De Soins Les Béatitudes,Cabinet De Soins Les Béatitudes,,SOC.SANTE.HOPITAL,SOC.SANTE.HOPITAL,,id_osm,,,OSM,11.164932,2.913753
RAPP_000087,2,OSM;HEALTHSITES,True,True,False,node/11465294988,node/11465294988,,Laboratoire BETHSAÏDA,Laboratoire BETHSAÏDA,,SOC.SANTE.LABORATOIRE,SOC.SANTE.LABORATOIRE,,id_osm,,,OSM,11.167812,2.913359
RAPP_000088,2,OSM;HEALTHSITES,True,True,False,node/11465403716,node/11465403716,,Pharmacie La Destinée,Pharmacie La Destinée,,SOC.SANTE.PHARMACIE,SOC.SANTE.PHARMACIE,,id_osm,,,OSM,11.166784,2.914639
RAPP_000089,2,OSM;HEALTHSITES,True,True,False,node/11465692645,node/11465692645,,Clinique Les Saints Archanges,Clinique Les Saints Archanges,,SOC.SANTE.CLINIQUE,SOC.SANTE.CLINIQUE,,id_osm,,,OSM,11.169161,2.918098
RAPP_000090,2,OSM;HEALTHSITES,True,True,False,node/11465795316,node/11465795316,,Centre Médical De Secteur,Centre Médical De Secteur,,SOC.SANTE.CENTRE,SOC.SANTE.CENTRE,,id_osm,,,OSM,11.171009,2.923535
RAPP_000091,2,OSM;HEALTHSITES,True,True,False,node/11468761875,node/11468761875,,Centre De Santé Soins Et Préventif D’Ebolowa,Centre De Santé Soins Et Préventif D’Ebolowa,,SOC.SANTE.CENTRE,SOC.SANTE.CENTRE,,id_osm,,,OSM,11.162291,2.935787
RAPP_000092,2,OSM;HEALTHSITES,True,True,False,node/11468780578,node/11468780578,,Santé Sans Prix,Santé Sans Prix,,SOC.SANTE.CLINIQUE,SOC.SANTE.CLINIQUE,,id_osm,,,OSM,11.168905,2.937482
RAPP_000093,2,OSM;HEALTHSITES,True,True,False,node/11468926099,node/11468926099,,Centre De Santé De L’Espoir,Centre De Santé De L’Espoir,,SOC.SANTE.CENTRE,SOC.SANTE.CENTRE,,id_osm,,,OSM,11.164019,2.94202
RAPP_000094,2,OSM;HEALTHSITES,True,True,False,node/11469182832,node/11469182832,,Centre Médical Ebolowa Camprevent,Centre Médical Ebolowa Camprevent,,SOC.SANTE.CENTRE,SOC.SANTE.CENTRE,,id_osm,,,OSM,11.152159,2.929078
RAPP_000095,2,OSM;HEALTHSITES,True,True,False,node/11469184795,node/11469184795,,Cabinet Médical Lion KING Sarl,Cabinet Médical Lion KING Sarl,,SOC.SANTE.CLINIQUE,SOC.SANTE.CLINIQUE,,id_osm,,,OSM,11.151649,2.929971
RAPP_000096,2,OSM;HEALTHSITES,True,True,False,node/11469899853,node/11469899853,,Hospital central d'Enongal,Hospital central d'Enongal,,SOC.SANTE.HOPITAL,SOC.SANTE.HOPITAL,,id_osm,,,OSM,11.150361,2.919351
RAPP_000097,2,OSM;HEALTHSITES,True,True,False,node/11469909515,node/11469909515,,Siège Le Bon Samaritain,Siège Le Bon Samaritain,,SOC.SANTE.CLINIQUE,SOC.SANTE.CLINIQUE,,id_osm,,,OSM,11.161814,2.92556
RAPP_000098,2,OSM;HEALTHSITES,True,True,False,node/11469909518,node/11469909518,,Centre De Santé L’Emmergence,Centre De Santé L’Emmergence,,SOC.SANTE.CENTRE,SOC.SANTE.CENTRE,,id_osm,,,OSM,11.162174,2.925686
RAPP_000099,2,OSM;HEALTHSITES,True,True,False,node/11469982126,node/11469982126,,St John Medical Center,St John Medical Center,,SOC.SANTE.CLINIQUE,SOC.SANTE.CLINIQUE,,id_osm,,,OSM,11.159924,2.921901
RAPP_000100,2,OSM;HEALTHSITES,True,True,False,node/11470001866,node/11470001866,,Centre Médical Le Bon Berger,Centre Médical Le Bon Berger,,SOC.SANTE.CENTRE,SOC.SANTE.CENTRE,,id_osm,,,OSM,11.163444,2.921139
RAPP_000101,2,OSM;HEALTHSITES,True,True,False,node/11472652734,node/11472652734,,Pharmacie Equaser,Pharmacie Equaser,,SOC.SANTE.PHARMACIE,SOC.SANTE.PHARMACIE,,id_osm,,,OSM,11.149987,2.922901
RAPP_000102,2,OSM;HEALTHSITES,True,True,False,node/11472741050,node/11472741050,,Dispensaire Catholique Saint Anne Et Joachim D’Abang,Dispensaire Catholique Saint Anne Et Joachim D’Abang,,SOC.SANTE.CENTRE,SOC.SANTE.CENTRE,,id_osm,,,OSM,11.134046,2.934934
RAPP_000103,2,OSM;HEALTHSITES,True,True,False,node/11472743719,node/11472743719,,,,,SOC.SANTE.PHARMACIE,SOC.SANTE.PHARMACIE,,id_osm,,,OSM,11.150778,2.9022
RAPP_000104,2,OSM;HEALTHSITES,True,True,False,node/11473068741,node/11473068741,,Cabinet Dentaire,Cabinet Dentaire,,,,,id_osm,,,OSM,11.145508,2.920039
RAPP_000105,2,OSM;HEALTHSITES,True,True,False,node/11475896190,node/11475896190,,Infirmerie,Infirmerie,,SOC.SANTE.CLINIQUE,SOC.SANTE.CLINIQUE,,id_osm,,,OSM,11.165592,2.917572
RAPP_000106,2,OSM;HEALTHSITES,True,True,False,node/11480777375,node/11480777375,,Laboratoire Simama,Laboratoire Simama,,SOC.SANTE.LABORATOIRE,SOC.SANTE.LABORATOIRE,,id_osm,,,OSM,11.154672,2.917391
RAPP_000107,2,OSM;HEALTHSITES,True,True,False,node/11482261166,node/11482261166,,Pharmacie Tabita,Pharmacie Tabita,,SOC.SANTE.PHARMACIE,SOC.SANTE.PHARMACIE,,id_osm,,,OSM,11.514712,3.527526
RAPP_000108,2,OSM;HEALTHSITES,True,True,False,node/11483020370,node/11483020370,,Cabinet De Soins Père Et Fils,Cabinet De Soins Père Et Fils,,SOC.SANTE.CLINIQUE,SOC.SANTE.CLINIQUE,,id_osm,,,OSM,11.500935,3.852226
RAPP_000109,2,OSM;HEALTHSITES,True,True,False,node/11536877769,node/11536877769,,Bethel,Bethel,,SOC.SANTE.CLINIQUE,SOC.SANTE.CLINIQUE,,id_osm,,,OSM,13.381058,9.320198
RAPP_000110,2,OSM;HEALTHSITES,True,True,False,node/11603854627,node/11603854627,,Pro Pharmacie,Pro Pharmacie,,SOC.SANTE.PHARMACIE,SOC.SANTE.PHARMACIE,,id_osm,,,OSM,11.497118,3.851146
RAPP_000111,2,OSM;HEALTHSITES,True,True,False,node/11610669769,node/11610669769,,CSI de Mayel Poli,CSI de Mayel Poli,,SOC.SANTE.HOPITAL,SOC.SANTE.HOPITAL,,id_osm,,,OSM,13.859507,9.882934
RAPP_000112,2,OSM;HEALTHSITES,True,True,False,node/11628075542,node/11628075542,,,,,SOC.SANTE.PHARMACIE,SOC.SANTE.PHARMACIE,,id_osm,,,OSM,11.501743,3.516417
RAPP_000113,2,OSM;HEALTHSITES,True,True,False,node/11745911053,node/11745911053,,Centre Médical Miséricorde Divine,Centre Médical Miséricorde Divine,,SOC.SANTE.CENTRE,SOC.SANTE.CENTRE,,id_osm,,,OSM,11.503648,3.862746
RAPP_000114,2,OSM;HEALTHSITES,True,True,False,node/11752410128,node/11752410128,,Atelier ethnbotanique Pr Noumi,Atelier ethnbotanique Pr Noumi,,SOC.SANTE.CLINIQUE,SOC.SANTE.CLINIQUE,,id_osm,,,OSM,11.503107,3.862802
RAPP_000115,2,OSM;HEALTHSITES,True,True,False,node/11752425291,node/11752425291,,Pharmacie du carrefour EMIA,Pharmacie du carrefour EMIA,,SOC.SANTE.PHARMACIE,SOC.SANTE.PHARMACIE,,id_osm,,,OSM,11.501762,3.862643
RAPP_000116,2,OSM;HEALTHSITES,True,True,False,node/11752565785,node/11752565785,,Pharmacie de l université,Pharmacie de l université,,SOC.SANTE.PHARMACIE,SOC.SANTE.PHARMACIE,,id_osm,,,OSM,11.504721,3.859032
RAPP_000117,2,OSM;HEALTHSITES,True,True,False,node/11752581123,node/11752581123,,Camdiagnostic,Camdiagnostic,,SOC.SANTE.LABORATOIRE,SOC.SANTE.LABORATOIRE,,id_osm,,,OSM,11.504995,3.860079
RAPP_000118,2,OSM;HEALTHSITES,True,True,False,node/11752639395,node/11752639395,,Hôpital central,Hôpital central,,SOC.SANTE.HOPITAL,SOC.SANTE.HOPITAL,,id_osm,,,OSM,11.94978,3.885856
RAPP_000119,2,OSM;HEALTHSITES,True,True,False,node/11760661134,node/11760661134,,Planet Optic,Planet Optic,,,,,id_osm,,,OSM,11.519195,3.868609
RAPP_000120,2,OSM;HEALTHSITES,True,True,False,node/11930608146,node/11930608146,,,,,SOC.SANTE.PHARMACIE,SOC.SANTE.PHARMACIE,,id_osm,,,OSM,13.717962,7.144967
RAPP_000121,2,OSM;HEALTHSITES,True,True,False,node/11932894614,node/11932894614,,Pharmacie Saint Bernadette,Pharmacie Saint Bernadette,,SOC.SANTE.PHARMACIE,SOC.SANTE.PHARMACIE,,id_osm,,,OSM,11.499024,3.852842
RAPP_000122,2,OSM;HEALTHSITES,True,True,False,node/11933010810,node/11933010810,,Hcnps,Hcnps,,SOC.SANTE.HOPITAL,SOC.SANTE.HOPITAL,,id_osm,,,OSM,11.531745,3.816172
RAPP_000123,2,OSM;HEALTHSITES,True,True,False,node/11933108947,node/11933108947,,Hôpital de la caisse,Hôpital de la caisse,,SOC.SANTE.HOPITAL,SOC.SANTE.HOPITAL,,id_osm,,,OSM,12.304498,4.921971
RAPP_000124,2,OSM;HEALTHSITES,True,True,False,node/11971945868,node/11971945868,,,,,SOC.SANTE.HOPITAL,SOC.SANTE.HOPITAL,,id_osm,,,OSM,9.562446,4.510011
RAPP_000125,2,OSM;HEALTHSITES,True,True,False,node/11975417209,node/11975417209,,,,,SOC.SANTE.HOPITAL,SOC.SANTE.HOPITAL,,id_osm,,,OSM,11.52572,3.914156
RAPP_000126,2,OSM;HEALTHSITES,True,True,False,node/11975512021,node/11975512021,,ASPCA Cabinet Soin,ASPCA Cabinet Soin,,SOC.SANTE.HOPITAL,SOC.SANTE.HOPITAL,,id_osm,,,OSM,11.515993,3.94369
RAPP_000127,2,OSM;HEALTHSITES,True,True,False,node/12019758169,node/12019758169,,Grande Cœur Pharmacie,Grande Cœur Pharmacie,,SOC.SANTE.PHARMACIE,SOC.SANTE.PHARMACIE,,id_osm,,,OSM,9.758848,4.066905
RAPP_000128,2,OSM;HEALTHSITES,True,True,False,node/1217636098,node/1217636098,,Pharmacie Joss,Pharmacie Joss,,SOC.SANTE.PHARMACIE,SOC.SANTE.PHARMACIE,,id_osm,,,OSM,9.687051,4.042138
RAPP_000129,2,OSM;HEALTHSITES,True,True,False,node/12237672014,node/12237672014,,Centre de santé joie de vivre,Centre de santé joie de vivre,,SOC.SANTE.CENTRE,SOC.SANTE.CENTRE,,id_osm,,,OSM,11.584456,3.946767
RAPP_000130,2,OSM;HEALTHSITES,True,True,False,node/12441687901,node/12441687901,,Centre Médico-Chirurgical Queen Mary,Centre Médico-Chirurgical Queen Mary,,SOC.SANTE.CLINIQUE,SOC.SANTE.CLINIQUE,,id_osm,,,OSM,11.495475,3.840974
RAPP_000131,2,OSM;HEALTHSITES,True,True,False,node/12441688003,node/12441688003,,Pharmacie d'Ahala,Pharmacie d'Ahala,,SOC.SANTE.PHARMACIE,SOC.SANTE.PHARMACIE,,id_osm,,,OSM,11.489944,3.794662
RAPP_000132,2,OSM;HEALTHSITES,True,True,False,node/12610139701,node/12610139701,,CENTRE DE SANTE LUMEN-CHRISTI,CENTRE DE SANTE LUMEN-CHRISTI,,SOC.SANTE.HOPITAL,SOC.SANTE.HOPITAL,,id_osm,,,OSM,15.225758,2.049736
RAPP_000133,2,OSM;HEALTHSITES,True,True,False,node/12624455730,node/12624455730,,LAROSBI CLINIC LABORATRY,LAROSBI CLINIC LABORATRY,,SOC.SANTE.CLINIQUE,SOC.SANTE.CLINIQUE,,id_osm,,,OSM,9.214181,4.022392
RAPP_000134,2,OSM;HEALTHSITES,True,True,False,node/12643422675,node/12643422675,,Pharmacie Nsam,Pharmacie Nsam,,SOC.SANTE.PHARMACIE,SOC.SANTE.PHARMACIE,,id_osm,,,OSM,11.507669,3.825109
RAPP_000135,2,OSM;HEALTHSITES,True,True,False,node/12718321519,node/12718321519,,Pharmacie de la Lekie,Pharmacie de la Lekie,,SOC.SANTE.PHARMACIE,SOC.SANTE.PHARMACIE,,id_osm,,,OSM,11.528671,4.167103
RAPP_000136,2,OSM;HEALTHSITES,True,True,False,node/12728114386,node/12728114386,,Hôpital de district de Mbadjock,Hôpital de district de Mbadjock,,SOC.SANTE.HOPITAL,SOC.SANTE.HOPITAL,,id_osm,,,OSM,11.906425,4.450139
RAPP_000137,2,OSM;HEALTHSITES,True,True,False,node/12728148485,node/12728148485,,Hôpital de District de Mbandjock,Hôpital de District de Mbandjock,,SOC.SANTE.HOPITAL,SOC.SANTE.HOPITAL,,id_osm,,,OSM,11.906448,4.45034
RAPP_000138,2,OSM;HEALTHSITES,True,True,False,node/12737638244,node/12737638244,,Pharmacie de Yassa,Pharmacie de Yassa,,SOC.SANTE.PHARMACIE,SOC.SANTE.PHARMACIE,,id_osm,,,OSM,9.802719,3.999622
RAPP_000139,2,OSM;HEALTHSITES,True,True,False,node/12739450869,node/12739450869,,La Concorde,La Concorde,,SOC.SANTE.PHARMACIE,SOC.SANTE.PHARMACIE,,id_osm,,,OSM,9.738054,4.083973
RAPP_000140,2,OSM;HEALTHSITES,True,True,False,node/12750491972,node/12750491972,,Pharmacie Royale,Pharmacie Royale,,SOC.SANTE.PHARMACIE,SOC.SANTE.PHARMACIE,,id_osm,,,OSM,9.70398,4.027269
RAPP_000141,2,OSM;HEALTHSITES,True,True,False,node/12750499644,node/12750499644,,Polyclinique Idimed,Polyclinique Idimed,,SOC.SANTE.CLINIQUE,SOC.SANTE.CLINIQUE,,id_osm,,,OSM,9.703867,4.027705
RAPP_000142,2,OSM;HEALTHSITES,True,True,False,node/12825693870,node/12825693870,,Pharmacie les Pétales,Pharmacie les Pétales,,SOC.SANTE.PHARMACIE,SOC.SANTE.PHARMACIE,,id_osm,,,OSM,11.515641,3.869265
RAPP_000143,2,OSM;HEALTHSITES,True,True,False,node/12867093227,node/12867093227,,Pharmacie de Sion,Pharmacie de Sion,,SOC.SANTE.PHARMACIE,SOC.SANTE.PHARMACIE,,id_osm,,,OSM,11.517364,3.865266
RAPP_000144,2,OSM;HEALTHSITES,True,True,False,node/12889045001,node/12889045001,,Serenity Medical Center,Serenity Medical Center,,SOC.SANTE.CLINIQUE,SOC.SANTE.CLINIQUE,,id_osm,,,OSM,11.489183,3.82311
RAPP_000145,2,OSM;HEALTHSITES,True,True,False,node/12912733201,node/12912733201,,CSI de Lainde massa,CSI de Lainde massa,,SOC.SANTE.HOPITAL,SOC.SANTE.HOPITAL,,id_osm,,,OSM,13.469454,9.091482
RAPP_000146,2,OSM;HEALTHSITES,True,True,False,node/12915153101,node/12915153101,,CSI DE MAYO DOUMSSI,CSI DE MAYO DOUMSSI,,SOC.SANTE.HOPITAL,SOC.SANTE.HOPITAL,,id_osm,,,OSM,13.241054,9.589098
RAPP_000147,2,OSM;HEALTHSITES,True,True,False,node/12923218801,node/12923218801,,CSI DE KOBOSSI,CSI DE KOBOSSI,,SOC.SANTE.HOPITAL,SOC.SANTE.HOPITAL,,id_osm,,,OSM,13.307626,9.982888
RAPP_000148,2,OSM;HEALTHSITES,True,True,False,node/12923511886,node/12923511886,,Pharmacie des Sept Collines,Pharmacie des Sept Collines,,SOC.SANTE.PHARMACIE,SOC.SANTE.PHARMACIE,,id_osm,,,OSM,11.496049,3.867131
RAPP_000149,2,OSM;HEALTHSITES,True,True,False,node/12926455902,node/12926455902,,CSI de Mbang,CSI de Mbang,,SOC.SANTE.HOPITAL,SOC.SANTE.HOPITAL,,id_osm,,,OSM,13.301854,9.900089
RAPP_000150,2,OSM;HEALTHSITES,True,True,False,node/12932086402,node/12932086402,,CSI DE ZONE RECARSEMENT,CSI DE ZONE RECARSEMENT,,SOC.SANTE.HOPITAL,SOC.SANTE.HOPITAL,,id_osm,,,OSM,13.777471,9.086679
RAPP_000151,2,OSM;HEALTHSITES,True,True,False,node/12932492301,node/12932492301,,,,,SOC.SANTE.HOPITAL,SOC.SANTE.HOPITAL,,id_osm,,,OSM,13.777508,9.086462
RAPP_000152,2,OSM;HEALTHSITES,True,True,False,node/13059458386,node/13059458386,,Pharmacie de Logbaba,Pharmacie de Logbaba,,SOC.SANTE.PHARMACIE,SOC.SANTE.PHARMACIE,,id_osm,,,OSM,9.766724,4.032243
RAPP_000153,2,OSM;HEALTHSITES,True,True,False,node/13206776830,node/13206776830,,Pharmacie de Logpom,Pharmacie de Logpom,,SOC.SANTE.PHARMACIE,SOC.SANTE.PHARMACIE,,id_osm,,,OSM,9.7705,4.08279
RAPP_000154,2,OSM;HEALTHSITES,True,True,False,node/13226555311,node/13226555311,,,,,SOC.SANTE.HOPITAL,SOC.SANTE.HOPITAL,,id_osm,,,OSM,11.562673,3.873726
RAPP_000155,2,OSM;HEALTHSITES,True,True,False,node/13272036230,node/13272036230,,centre de santé intégré de koulou,centre de santé intégré de koulou,,SOC.SANTE.CENTRE,SOC.SANTE.CENTRE,,id_osm,,,OSM,11.62304,4.076394
RAPP_000156,2,OSM;HEALTHSITES,True,True,False,node/13272036231,node/13272036231,,cabinet de soins,cabinet de soins,,SOC.SANTE.CLINIQUE,SOC.SANTE.CLINIQUE,,id_osm,,,OSM,11.558783,4.045707
RAPP_000157,2,OSM;HEALTHSITES,True,True,False,node/13272036232,node/13272036232,,centre de santé sainte marie de nkamoetou i,centre de santé sainte marie de nkamoetou i,,SOC.SANTE.CENTRE,SOC.SANTE.CENTRE,,id_osm,,,OSM,11.55073,4.056457
RAPP_000158,2,OSM;HEALTHSITES,True,True,False,node/13272036233,node/13272036233,,centre de santé univers,centre de santé univers,,SOC.SANTE.CENTRE,SOC.SANTE.CENTRE,,id_osm,,,OSM,11.551292,4.056984
RAPP_000159,2,OSM;HEALTHSITES,True,True,False,node/13272036234,node/13272036234,,centre de santé intégrée de ngali 2,centre de santé intégrée de ngali 2,,SOC.SANTE.CENTRE,SOC.SANTE.CENTRE,,id_osm,,,OSM,11.58398,4.05365
RAPP_000160,2,OSM;HEALTHSITES,True,True,False,node/13272036235,node/13272036235,,centre de santé mére suzanne plus,centre de santé mére suzanne plus,,SOC.SANTE.CENTRE,SOC.SANTE.CENTRE,,id_osm,,,OSM,11.558426,4.044378
RAPP_000161,2,OSM;HEALTHSITES,True,True,False,node/13272044775,node/13272044775,,cente de santé,cente de santé,,SOC.SANTE.CLINIQUE,SOC.SANTE.CLINIQUE,,id_osm,,,OSM,11.555879,3.990578
RAPP_000162,2,OSM;HEALTHSITES,True,True,False,node/13272044776,node/13272044776,,st john healthy centre,st john healthy centre,,SOC.SANTE.CLINIQUE,SOC.SANTE.CLINIQUE,,id_osm,,,OSM,11.548072,3.975225
RAPP_000163,2,OSM;HEALTHSITES,True,True,False,node/13272044777,node/13272044777,,centre de santé monique,centre de santé monique,,SOC.SANTE.CENTRE,SOC.SANTE.CENTRE,,id_osm,,,OSM,11.51718,3.993911
RAPP_000164,2,OSM;HEALTHSITES,True,True,False,node/13272044778,node/13272044778,,centre médical sainte héléne,centre médical sainte héléne,,SOC.SANTE.CENTRE,SOC.SANTE.CENTRE,,id_osm,,,OSM,11.543894,3.967869
RAPP_000165,2,OSM;HEALTHSITES,True,True,False,node/13272044780,node/13272044780,,centre de santé miséricorde divine,centre de santé miséricorde divine,,SOC.SANTE.CENTRE,SOC.SANTE.CENTRE,,id_osm,,,OSM,11.543011,3.963013
RAPP_000166,2,OSM;HEALTHSITES,True,True,False,node/13272044781,node/13272044781,,centre de santé intégré d'ebang i,centre de santé intégré d'ebang i,,SOC.SANTE.CENTRE,SOC.SANTE.CENTRE,,id_osm,,,OSM,11.558239,4.005596
RAPP_000167,2,OSM;HEALTHSITES,True,True,False,node/13272044782,node/13272044782,,centre de santé el shama d'akak,centre de santé el shama d'akak,,SOC.SANTE.CENTRE,SOC.SANTE.CENTRE,,id_osm,,,OSM,11.555974,3.987827
RAPP_000168,2,OSM;HEALTHSITES,True,True,False,node/13272044783,node/13272044783,,centre de santé sylvain,centre de santé sylvain,,SOC.SANTE.CENTRE,SOC.SANTE.CENTRE,,id_osm,,,OSM,11.505844,3.974095
RAPP_000169,2,OSM;HEALTHSITES,True,True,False,node/13272044784,node/13272044784,,centre de santé la grace,centre de santé la grace,,SOC.SANTE.CENTRE,SOC.SANTE.CENTRE,,id_osm,,,OSM,11.551018,3.975285
RAPP_000170,2,OSM;HEALTHSITES,True,True,False,node/13272044785,node/13272044785,,centre de santé,centre de santé,,SOC.SANTE.CENTRE,SOC.SANTE.CENTRE,,id_osm,,,OSM,11.557677,3.993655
RAPP_000171,2,OSM;HEALTHSITES,True,True,False,node/13272044786,node/13272044786,,centre de santé ubuntu,centre de santé ubuntu,,SOC.SANTE.CENTRE,SOC.SANTE.CENTRE,,id_osm,,,OSM,11.541628,3.986692
RAPP_000172,2,OSM;HEALTHSITES,True,True,False,node/13272044788,node/13272044788,,centre de santé la foi,centre de santé la foi,,SOC.SANTE.CENTRE,SOC.SANTE.CENTRE,,id_osm,,,OSM,11.518638,3.974272
RAPP_000173,2,OSM;HEALTHSITES,True,True,False,node/13272044789,node/13272044789,,centre de santé la référence,centre de santé la référence,,SOC.SANTE.CENTRE,SOC.SANTE.CENTRE,,id_osm,,,OSM,11.525958,3.98617
RAPP_000174,2,OSM;HEALTHSITES,True,True,False,node/13272044790,node/13272044790,,centre de soin betta health,centre de soin betta health,,SOC.SANTE.CLINIQUE,SOC.SANTE.CLINIQUE,,id_osm,,,OSM,11.542221,3.965635
RAPP_000175,2,OSM;HEALTHSITES,True,True,False,node/13272044791,node/13272044791,,cente de santé mére et enfants,cente de santé mére et enfants,,SOC.SANTE.CLINIQUE,SOC.SANTE.CLINIQUE,,id_osm,,,OSM,11.538176,3.976281
RAPP_000176,2,OSM;HEALTHSITES,True,True,False,node/13272044792,node/13272044792,,centre de santé et vie,centre de santé et vie,,SOC.SANTE.CENTRE,SOC.SANTE.CENTRE,,id_osm,,,OSM,11.543453,3.975075
RAPP_000177,2,OSM;HEALTHSITES,True,True,False,node/13272044793,node/13272044793,,centre de santé la gréce divine,centre de santé la gréce divine,,SOC.SANTE.CENTRE,SOC.SANTE.CENTRE,,id_osm,,,OSM,11.554782,3.985434
RAPP_000178,2,OSM;HEALTHSITES,True,True,False,node/13272044794,node/13272044794,,centre de santé la trinite,centre de santé la trinite,,SOC.SANTE.CENTRE,SOC.SANTE.CENTRE,,id_osm,,,OSM,11.514153,3.994406
RAPP_000179,2,OSM;HEALTHSITES,True,True,False,node/13272044795,node/13272044795,,clinique saint françois,clinique saint françois,,SOC.SANTE.CLINIQUE,SOC.SANTE.CLINIQUE,,id_osm,,,OSM,11.542207,3.975227
RAPP_000180,2,OSM;HEALTHSITES,True,True,False,node/13272044798,node/13272044798,,centre de santé les mains d'ange,centre de santé les mains d'ange,,SOC.SANTE.CENTRE,SOC.SANTE.CENTRE,,id_osm,,,OSM,11.5531,4.003112
RAPP_000181,2,OSM;HEALTHSITES,True,True,False,node/13272044799,node/13272044799,,centre de santé intégré,centre de santé intégré,,SOC.SANTE.CENTRE,SOC.SANTE.CENTRE,,id_osm,,,OSM,11.558422,4.006101
RAPP_000182,2,OSM;HEALTHSITES,True,True,False,node/13272044800,node/13272044800,,centre de santé saint joseph d'akak,centre de santé saint joseph d'akak,,SOC.SANTE.CENTRE,SOC.SANTE.CENTRE,,id_osm,,,OSM,11.561763,3.988953
RAPP_000183,2,OSM;HEALTHSITES,True,True,False,node/13272056301,node/13272056301,,centre de santé dynamique verte,centre de santé dynamique verte,,SOC.SANTE.CENTRE,SOC.SANTE.CENTRE,,id_osm,,,OSM,11.519616,3.973279
RAPP_000184,2,OSM;HEALTHSITES,True,True,False,node/13272056302,node/13272056302,,Pharmacie de Nkozoa,Pharmacie de Nkozoa,,SOC.SANTE.PHARMACIE,SOC.SANTE.PHARMACIE,,id_osm,,,OSM,11.540743,3.965396
RAPP_000185,2,OSM;HEALTHSITES,True,True,False,node/13272056304,node/13272056304,,centre de santé gabriel,centre de santé gabriel,,SOC.SANTE.CENTRE,SOC.SANTE.CENTRE,,id_osm,,,OSM,11.549839,3.979564
RAPP_000186,2,OSM;HEALTHSITES,True,True,False,node/13272111974,node/13272111974,,centre de santé la providence de meyos,centre de santé la providence de meyos,,SOC.SANTE.CENTRE,SOC.SANTE.CENTRE,,id_osm,,,OSM,11.55713,4.016561
RAPP_000187,2,OSM;HEALTHSITES,True,True,False,node/13272111975,node/13272111975,,centre de santé sainte mére thérésa,centre de santé sainte mére thérésa,,SOC.SANTE.CENTRE,SOC.SANTE.CENTRE,,id_osm,,,OSM,11.546575,4.019375
RAPP_000188,2,OSM;HEALTHSITES,True,True,False,node/13272319561,node/13272319561,,centre de santé polyvalent,centre de santé polyvalent,,SOC.SANTE.CENTRE,SOC.SANTE.CENTRE,,id_osm,,,OSM,11.582985,3.947794
RAPP_000189,2,OSM;HEALTHSITES,True,True,False,node/13272319562,node/13272319562,,clinique catholique sainte marie de soa,clinique catholique sainte marie de soa,,SOC.SANTE.CLINIQUE,SOC.SANTE.CLINIQUE,,id_osm,,,OSM,11.594045,3.976887
RAPP_000190,2,OSM;HEALTHSITES,True,True,False,node/13272319563,node/13272319563,,centre de santé christophe,centre de santé christophe,,SOC.SANTE.CENTRE,SOC.SANTE.CENTRE,,id_osm,,,OSM,11.592527,3.980623
RAPP_000191,2,OSM;HEALTHSITES,True,True,False,node/13272319564,node/13272319564,,zos clinic,zos clinic,,SOC.SANTE.CLINIQUE,SOC.SANTE.CLINIQUE,,id_osm,,,OSM,11.592609,3.981552
RAPP_000192,2,OSM;HEALTHSITES,True,True,False,node/13272319565,node/13272319565,,cabinet vétérinaire univet sarl,cabinet vétérinaire univet sarl,,SOC.SANTE.CLINIQUE,SOC.SANTE.CLINIQUE,,id_osm,,,OSM,11.58173,3.937669
RAPP_000193,2,OSM;HEALTHSITES,True,True,False,node/13272319567,node/13272319567,,centre médical saint robert,centre médical saint robert,,SOC.SANTE.CENTRE,SOC.SANTE.CENTRE,,id_osm,,,OSM,11.578889,3.942664
RAPP_000194,2,OSM;HEALTHSITES,True,True,False,node/13272319568,node/13272319568,,centre de santé le rocher,centre de santé le rocher,,SOC.SANTE.CENTRE,SOC.SANTE.CENTRE,,id_osm,,,OSM,11.594906,3.981536
RAPP_000195,2,OSM;HEALTHSITES,True,True,False,node/13272319569,node/13272319569,,ministère de la santé publique,ministère de la santé publique,,SOC.SANTE.CLINIQUE,SOC.SANTE.CLINIQUE,,id_osm,,,OSM,11.592693,3.973946
RAPP_000196,2,OSM;HEALTHSITES,True,True,False,node/13272319570,node/13272319570,,centre de santé,centre de santé,,SOC.SANTE.CENTRE,SOC.SANTE.CENTRE,,id_osm,,,OSM,11.587506,3.985726
RAPP_000197,2,OSM;HEALTHSITES,True,True,False,node/13272319571,node/13272319571,,fondation médicale saint raphael,fondation médicale saint raphael,,SOC.SANTE.CLINIQUE,SOC.SANTE.CLINIQUE,,id_osm,,,OSM,11.603839,3.97784
RAPP_000198,2,OSM;HEALTHSITES,True,True,False,node/13272319572,node/13272319572,,centre de sante coeur d'ange,centre de sante coeur d'ange,,SOC.SANTE.CENTRE,SOC.SANTE.CENTRE,,id_osm,,,OSM,11.601599,3.983045
RAPP_000199,2,OSM;HEALTHSITES,True,True,False,node/13272319573,node/13272319573,,centre médical care first,centre médical care first,,SOC.SANTE.CENTRE,SOC.SANTE.CENTRE,,id_osm,,,OSM,11.5809,3.940394
RAPP_000200,2,OSM;HEALTHSITES,True,True,False,node/13272319575,node/13272319575,,cabinet de suivi médical imee bernadette,cabinet de suivi médical imee bernadette,,SOC.SANTE.CLINIQUE,SOC.SANTE.CLINIQUE,,id_osm,,,OSM,11.594607,3.970509
RAPP_000201,2,OSM;HEALTHSITES,True,True,False,node/13272319576,node/13272319576,,centre médical de la camnafaw de soa,centre médical de la camnafaw de soa,,SOC.SANTE.CENTRE,SOC.SANTE.CENTRE,,id_osm,,,OSM,11.591996,3.973399
RAPP_000202,2,OSM;HEALTHSITES,True,True,False,node/13272319577,node/13272319577,,centre de santé,centre de santé,,SOC.SANTE.CENTRE,SOC.SANTE.CENTRE,,id_osm,,,OSM,11.578114,3.957867
RAPP_000203,2,OSM;HEALTHSITES,True,True,False,node/13272319578,node/13272319578,,centre de santé joie de vivre,centre de santé joie de vivre,,SOC.SANTE.CENTRE,SOC.SANTE.CENTRE,,id_osm,,,OSM,11.584594,3.947172
RAPP_000204,2,OSM;HEALTHSITES,True,True,False,node/13272319579,node/13272319579,,,,,SOC.SANTE.PHARMACIE,SOC.SANTE.PHARMACIE,,id_osm,,,OSM,11.59372,3.967265
RAPP_000205,2,OSM;HEALTHSITES,True,True,False,node/13272319580,node/13272319580,,centre de santé fortune divine,centre de santé fortune divine,,SOC.SANTE.CENTRE,SOC.SANTE.CENTRE,,id_osm,,,OSM,11.580241,3.932167
RAPP_000206,2,OSM;HEALTHSITES,True,True,False,node/13272319581,node/13272319581,,centre de santé michelle gracia,centre de santé michelle gracia,,SOC.SANTE.CENTRE,SOC.SANTE.CENTRE,,id_osm,,,OSM,11.593976,3.967205
RAPP_000207,2,OSM;HEALTHSITES,True,True,False,node/13272319583,node/13272319583,,hopital des soeurs,hopital des soeurs,,SOC.SANTE.HOPITAL,SOC.SANTE.HOPITAL,,id_osm,,,OSM,11.594207,3.97664
RAPP_000208,2,OSM;HEALTHSITES,True,True,False,node/13272319584,node/13272319584,,centre de santé les bénédictins de st jacques,centre de santé les bénédictins de st jacques,,SOC.SANTE.CENTRE,SOC.SANTE.CENTRE,,id_osm,,,OSM,11.582617,3.953518
RAPP_000209,2,OSM;HEALTHSITES,True,True,False,node/13272319585,node/13272319585,,clinique la santé les 3 phoenix,clinique la santé les 3 phoenix,,SOC.SANTE.CLINIQUE,SOC.SANTE.CLINIQUE,,id_osm,,,OSM,11.583129,3.944598
RAPP_000210,2,OSM;HEALTHSITES,True,True,False,node/13272319586,node/13272319586,,hopital de discrit de soa,hopital de discrit de soa,,SOC.SANTE.HOPITAL,SOC.SANTE.HOPITAL,,id_osm,,,OSM,11.59245,3.973933
RAPP_000211,2,OSM;HEALTHSITES,True,True,False,node/13272319588,node/13272319588,,pharmacie jireh,pharmacie jireh,,SOC.SANTE.PHARMACIE,SOC.SANTE.PHARMACIE,,id_osm,,,OSM,11.593383,3.967391
RAPP_000212,2,OSM;HEALTHSITES,True,True,False,node/13272319589,node/13272319589,,clinique la fortune divine,clinique la fortune divine,,SOC.SANTE.CLINIQUE,SOC.SANTE.CLINIQUE,,id_osm,,,OSM,11.580214,3.942535
RAPP_000213,2,OSM;HEALTHSITES,True,True,False,node/13272319590,node/13272319590,,centre de santé,centre de santé,,SOC.SANTE.CENTRE,SOC.SANTE.CENTRE,,id_osm,,,OSM,11.595186,3.981413
RAPP_000214,2,OSM;HEALTHSITES,True,True,False,node/13272319591,node/13272319591,,centre de santé,centre de santé,,SOC.SANTE.CENTRE,SOC.SANTE.CENTRE,,id_osm,,,OSM,11.584313,3.959835
RAPP_000215,2,OSM;HEALTHSITES,True,True,False,node/13272319592,node/13272319592,,hopital de district de soa,hopital de district de soa,,SOC.SANTE.HOPITAL,SOC.SANTE.HOPITAL,,id_osm,,,OSM,11.59343,3.984069
RAPP_000216,2,OSM;HEALTHSITES,True,True,False,node/13272319593,node/13272319593,,sos santé,sos santé,,SOC.SANTE.CLINIQUE,SOC.SANTE.CLINIQUE,,id_osm,,,OSM,11.576582,3.946089
RAPP_000217,2,OSM;HEALTHSITES,True,True,False,node/13272319595,node/13272319595,,centre de santé catholique d'okoa,centre de santé catholique d'okoa,,SOC.SANTE.CENTRE,SOC.SANTE.CENTRE,,id_osm,,,OSM,11.600639,3.99195
RAPP_000218,2,OSM;HEALTHSITES,True,True,False,node/13272319596,node/13272319596,,clinique zos,clinique zos,,SOC.SANTE.CLINIQUE,SOC.SANTE.CLINIQUE,,id_osm,,,OSM,11.59286,3.981782
RAPP_000219,2,OSM;HEALTHSITES,True,True,False,node/13272319597,node/13272319597,,centre de santé intégré el rapha,centre de santé intégré el rapha,,SOC.SANTE.CENTRE,SOC.SANTE.CENTRE,,id_osm,,,OSM,11.593445,3.969763
RAPP_000220,2,OSM;HEALTHSITES,True,True,False,node/13272319598,node/13272319598,,centre de santé les experts de soa +,centre de santé les experts de soa +,,SOC.SANTE.CENTRE,SOC.SANTE.CENTRE,,id_osm,,,OSM,11.592051,3.977429
RAPP_000221,2,OSM;HEALTHSITES,True,True,False,node/13272319599,node/13272319599,,centre de santé le cénacle,centre de santé le cénacle,,SOC.SANTE.CENTRE,SOC.SANTE.CENTRE,,id_osm,,,OSM,11.583698,3.953686
RAPP_000222,2,OSM;HEALTHSITES,True,True,False,node/13276294271,node/13276294271,,cabinet de soins la trinité,cabinet de soins la trinité,,SOC.SANTE.CLINIQUE,SOC.SANTE.CLINIQUE,,id_osm,,,OSM,11.577282,3.883184
RAPP_000223,2,OSM;HEALTHSITES,True,True,False,node/13276294272,node/13276294272,,fondation médicale saint clair,fondation médicale saint clair,,SOC.SANTE.CLINIQUE,SOC.SANTE.CLINIQUE,,id_osm,,,OSM,11.589567,3.880332
RAPP_000224,2,OSM;HEALTHSITES,True,True,False,node/13276294273,node/13276294273,,centre de santé saint mary bliss,centre de santé saint mary bliss,,SOC.SANTE.CENTRE,SOC.SANTE.CENTRE,,id_osm,,,OSM,11.602115,3.898169
RAPP_000225,2,OSM;HEALTHSITES,True,True,False,node/13276294274,node/13276294274,,centre de santé la protection,centre de santé la protection,,SOC.SANTE.CENTRE,SOC.SANTE.CENTRE,,id_osm,,,OSM,11.606865,3.89328
RAPP_000226,2,OSM;HEALTHSITES,True,True,False,node/13276294276,node/13276294276,,laboratoire d'analyse médicale,laboratoire d'analyse médicale,,SOC.SANTE.CLINIQUE,SOC.SANTE.CLINIQUE,,id_osm,,,OSM,11.57342,3.897343
RAPP_000227,2,OSM;HEALTHSITES,True,True,False,node/13276294277,node/13276294277,,centre médical la gréce divine,centre médical la gréce divine,,SOC.SANTE.CENTRE,SOC.SANTE.CENTRE,,id_osm,,,OSM,11.586711,3.876912
RAPP_000228,2,OSM;HEALTHSITES,True,True,False,node/13276294278,node/13276294278,,centre de santé sainte nathanaelle,centre de santé sainte nathanaelle,,SOC.SANTE.CENTRE,SOC.SANTE.CENTRE,,id_osm,,,OSM,11.598229,3.90387
RAPP_000229,2,OSM;HEALTHSITES,True,True,False,node/13276294279,node/13276294279,,centre de santé les merveilles de fovu,centre de santé les merveilles de fovu,,SOC.SANTE.CENTRE,SOC.SANTE.CENTRE,,id_osm,,,OSM,11.598135,3.880221
RAPP_000230,2,OSM;HEALTHSITES,True,True,False,node/13276294281,node/13276294281,,cabinet médical le samaritain,cabinet médical le samaritain,,SOC.SANTE.CLINIQUE,SOC.SANTE.CLINIQUE,,id_osm,,,OSM,11.597325,3.905909
RAPP_000231,2,OSM;HEALTHSITES,True,True,False,node/13276294282,node/13276294282,,centre de sante,centre de sante,,SOC.SANTE.CENTRE,SOC.SANTE.CENTRE,,id_osm,,,OSM,11.586756,3.875657
RAPP_000232,2,OSM;HEALTHSITES,True,True,False,node/13276294283,node/13276294283,,centre de santé la gréce,centre de santé la gréce,,SOC.SANTE.CENTRE,SOC.SANTE.CENTRE,,id_osm,,,OSM,11.576548,3.867616
RAPP_000233,2,OSM;HEALTHSITES,True,True,False,node/13276294284,node/13276294284,,centre de sante de mbansang i soa,centre de sante de mbansang i soa,,SOC.SANTE.CENTRE,SOC.SANTE.CENTRE,,id_osm,,,OSM,11.604606,3.893791
RAPP_000234,2,OSM;HEALTHSITES,True,True,False,node/13276294285,node/13276294285,,centre e de sa te godwill,centre e de sa te godwill,,SOC.SANTE.CLINIQUE,SOC.SANTE.CLINIQUE,,id_osm,,,OSM,11.618462,3.893114
RAPP_000235,2,OSM;HEALTHSITES,True,True,False,node/13276294286,node/13276294286,,centre de santé les merveilles de dieu,centre de santé les merveilles de dieu,,SOC.SANTE.CENTRE,SOC.SANTE.CENTRE,,id_osm,,,OSM,11.590417,3.88605
RAPP_000236,2,OSM;HEALTHSITES,True,True,False,node/13276294287,node/13276294287,,cabinet de soins sainte rita,cabinet de soins sainte rita,,SOC.SANTE.CLINIQUE,SOC.SANTE.CLINIQUE,,id_osm,,,OSM,11.587389,3.875916
RAPP_000237,2,OSM;HEALTHSITES,True,True,False,node/13276294288,node/13276294288,,centre de santé du bien étre,centre de santé du bien étre,,SOC.SANTE.CENTRE,SOC.SANTE.CENTRE,,id_osm,,,OSM,11.59724,3.877136
RAPP_000238,2,OSM;HEALTHSITES,True,True,False,node/13276294289,node/13276294289,,clinique médicale pierre julien,clinique médicale pierre julien,,SOC.SANTE.CLINIQUE,SOC.SANTE.CLINIQUE,,id_osm,,,OSM,11.600577,3.90242
RAPP_000239,2,OSM;HEALTHSITES,True,True,False,node/13276294290,node/13276294290,,centre de santé la référence,centre de santé la référence,,SOC.SANTE.CENTRE,SOC.SANTE.CENTRE,,id_osm,,,OSM,11.604297,3.893307
RAPP_000240,2,OSM;HEALTHSITES,True,True,False,node/13276294292,node/13276294292,,centre de santé,centre de santé,,SOC.SANTE.CENTRE,SOC.SANTE.CENTRE,,id_osm,,,OSM,11.575796,3.895335
RAPP_000241,2,OSM;HEALTHSITES,True,True,False,node/13276294293,node/13276294293,,cabinet de soins saint josué,cabinet de soins saint josué,,SOC.SANTE.CLINIQUE,SOC.SANTE.CLINIQUE,,id_osm,,,OSM,11.58619,3.873152
RAPP_000242,2,OSM;HEALTHSITES,True,True,False,node/13276294294,node/13276294294,,Centre de Santé Saint-Gédéon,centre de santé saint gédéon,,SOC.SANTE.CENTRE,SOC.SANTE.CENTRE,,id_osm,,,OSM,11.572139,3.877598
RAPP_000243,2,OSM;HEALTHSITES,True,True,False,node/13276294295,node/13276294295,,,,,SOC.SANTE.CLINIQUE,SOC.SANTE.CLINIQUE,,id_osm,,,OSM,11.597961,3.879465
RAPP_000244,2,OSM;HEALTHSITES,True,True,False,node/13289585709,node/13289585709,,Nyasoso Presbyterian Hospital,Nyasoso Presbyterian Hospital,,SOC.SANTE.HOPITAL,SOC.SANTE.HOPITAL,,id_osm,,,OSM,9.680056,4.830331
RAPP_000245,2,OSM;HEALTHSITES,True,True,False,node/13301683020,node/13301683020,,laboratoire d'analyse medicales de l'ecxellence,laboratoire d'analyse medicales de l'ecxellence,,,,,id_osm,,,OSM,11.486565,3.849554
RAPP_000246,2,OSM;HEALTHSITES,True,True,False,node/13311222570,node/13311222570,,Pharmacie Sipen,Pharmacie Sipen,,SOC.SANTE.PHARMACIE,SOC.SANTE.PHARMACIE,,id_osm,,,OSM,9.725343,4.032622
RAPP_000247,2,OSM;HEALTHSITES,True,True,False,node/13311229538,node/13311229538,,Pharmacie Shell,Pharmacie Shell,,SOC.SANTE.PHARMACIE,SOC.SANTE.PHARMACIE,,id_osm,,,OSM,9.742199,4.008786
RAPP_000248,2,OSM;HEALTHSITES,True,True,False,node/13339390408,node/13339390408,,Pharmacie Get Better,Pharmacie Get Better,,SOC.SANTE.PHARMACIE,SOC.SANTE.PHARMACIE,,id_osm,,,OSM,11.480823,3.852481
RAPP_000249,2,OSM;HEALTHSITES,True,True,False,node/13354177241,node/13354177241,,Priorité Santé,Priorité Santé,,SOC.SANTE.PHARMACIE,SOC.SANTE.PHARMACIE,,id_osm,,,OSM,11.556819,3.883547
RAPP_000250,2,OSM;HEALTHSITES,True,True,False,node/1340257742,node/1340257742,,Mezam Clinic,Mezam Clinic,,,,,id_osm,,,OSM,10.14517,5.948886
RAPP_000251,2,OSM;HEALTHSITES,True,True,False,node/13514275244,node/13514275244,,Centre de Santé Intégré de Mfou,Centre de Santé Intégré de Mfou,,SOC.SANTE.HOPITAL,SOC.SANTE.HOPITAL,,id_osm,,,OSM,11.642066,3.720338
RAPP_000252,2,OSM;HEALTHSITES,True,True,False,node/13582776685,node/13582776685,,Pharmacie du 20 mai,Pharmacie du 20 mai,,SOC.SANTE.PHARMACIE,SOC.SANTE.PHARMACIE,,id_osm,,,OSM,11.516992,3.864968
RAPP_000253,2,OSM;HEALTHSITES,True,True,False,node/13587293490,node/13587293490,,Sainte Thérèse,Sainte Thérèse,,SOC.SANTE.CLINIQUE,SOC.SANTE.CLINIQUE,,id_osm,,,OSM,13.614552,4.535666
RAPP_000254,2,OSM;HEALTHSITES,True,True,False,node/13594983902,node/13594983902,,,,,SOC.SANTE.HOPITAL,SOC.SANTE.HOPITAL,,id_osm,,,OSM,14.899795,12.389611
RAPP_000255,2,OSM;HEALTHSITES,True,True,False,node/13594984301,node/13594984301,,,,,SOC.SANTE.HOPITAL,SOC.SANTE.HOPITAL,,id_osm,,,OSM,14.89976,12.389295
RAPP_000256,2,OSM;HEALTHSITES,True,True,False,node/13660754902,node/13660754902,,,,,SOC.SANTE.HOPITAL,SOC.SANTE.HOPITAL,,id_osm,,,OSM,10.47186,6.528761
RAPP_000257,2,OSM;HEALTHSITES,True,True,False,node/13660755701,node/13660755701,,,,,SOC.SANTE.HOPITAL,SOC.SANTE.HOPITAL,,id_osm,,,OSM,10.502882,6.705978
RAPP_000258,2,OSM;HEALTHSITES,True,True,False,node/13681170624,node/13681170624,,Parapharmacie PM Beauty Cmr,Parapharmacie PM Beauty Cmr,,SOC.SANTE.PHARMACIE,SOC.SANTE.PHARMACIE,,id_osm,,,OSM,11.486795,3.83913
RAPP_000259,2,OSM;HEALTHSITES,True,True,False,node/13755425664,node/13755425664,,School's Hospital,School's Hospital,,SOC.SANTE.HOPITAL,SOC.SANTE.HOPITAL,,id_osm,,,OSM,10.25639,6.011674
RAPP_000260,2,OSM;HEALTHSITES,True,True,False,node/13760089522,node/13760089522,,Pharmacie De La Charité,Pharmacie De La Charité,,SOC.SANTE.PHARMACIE,SOC.SANTE.PHARMACIE,,id_osm,,,OSM,9.715468,4.042304
RAPP_000261,2,OSM;HEALTHSITES,True,True,False,node/13775416138,node/13775416138,,Laboratoire Bethanie deluxe,Laboratoire Bethanie deluxe,,SOC.SANTE.LABORATOIRE,SOC.SANTE.LABORATOIRE,,id_osm,,,OSM,11.496559,3.865497
RAPP_000262,2,OSM;HEALTHSITES,True,True,False,node/13785238982,node/13785238982,,Clinic Saint Luc,Clinic Saint Luc,,SOC.SANTE.CLINIQUE,SOC.SANTE.CLINIQUE,,id_osm,,,OSM,11.509669,3.815478
RAPP_000263,2,OSM;HEALTHSITES,True,True,False,node/13793811213,node/13793811213,,Centre de Sante Integre Urbain d'Ambam,Centre de Sante Integre Urbain d'Ambam,,SOC.SANTE.HOPITAL,SOC.SANTE.HOPITAL,,id_osm,,,OSM,11.266725,2.401721
RAPP_000264,2,OSM;HEALTHSITES,True,True,False,node/13800789605,node/13800789605,,,,,SOC.SANTE.PHARMACIE,SOC.SANTE.PHARMACIE,,id_osm,,,OSM,11.504867,3.854715
RAPP_000265,2,OSM;HEALTHSITES,True,True,False,node/13800956323,node/13800956323,,,,,SOC.SANTE.PHARMACIE,SOC.SANTE.PHARMACIE,,id_osm,,,OSM,11.501822,3.853331
RAPP_000266,2,OSM;HEALTHSITES,True,True,False,node/13801405081,node/13801405081,,Les Promoteurs De La Bonne Santé,Les Promoteurs De La Bonne Santé,,SOC.SANTE.CLINIQUE,SOC.SANTE.CLINIQUE,,id_osm,,,OSM,11.500312,3.850676
RAPP_000267,2,OSM;HEALTHSITES,True,True,False,node/13802283149,node/13802283149,,,,,SOC.SANTE.PHARMACIE,SOC.SANTE.PHARMACIE,,id_osm,,,OSM,11.502657,3.852837
RAPP_000268,2,OSM;HEALTHSITES,True,True,False,node/13806355075,node/13806355075,,,,,,,,id_osm,,,OSM,11.503053,3.855486
RAPP_000269,2,OSM;HEALTHSITES,True,True,False,node/13874580142,node/13874580142,,,,,SOC.SANTE.HOPITAL,SOC.SANTE.HOPITAL,,id_osm,,,OSM,11.517012,3.594365
RAPP_000270,2,OSM;HEALTHSITES,True,True,False,node/13881868875,node/13881868875,,Cabinet De Soins BUCCODENTAIRE,Cabinet De Soins BUCCODENTAIRE,,SOC.SANTE.CLINIQUE,SOC.SANTE.CLINIQUE,,id_osm,,,OSM,11.529584,3.808917
RAPP_000271,2,OSM;HEALTHSITES,True,True,False,node/13907756863,node/13907756863,,Centre de Santé Intégré de Salapoumbé,Centre de Santé Intégré de Salapoumbé,,SOC.SANTE.HOPITAL,SOC.SANTE.HOPITAL,,id_osm,,,OSM,15.388477,2.60082
RAPP_000272,2,OSM;HEALTHSITES,True,True,False,node/13943215801,node/13943215801,,Clinique Necker,Clinique Necker,,SOC.SANTE.CLINIQUE,SOC.SANTE.CLINIQUE,,id_osm,,,OSM,9.744892,4.092182
RAPP_000273,2,OSM;HEALTHSITES,True,True,False,node/14097033001,node/14097033001,,Centre Médical d'Arrondissement de DIBI,Centre Médical d'Arrondissement de DIBI,,SOC.SANTE.HOPITAL,SOC.SANTE.HOPITAL,,id_osm,,,OSM,13.718725,7.14727
RAPP_000274,2,OSM;HEALTHSITES,True,True,False,node/14143309403,node/14143309403,,Cabinet Dentaire de la Vallée Bastos,Cabinet Dentaire de la Vallée Bastos,,,,,id_osm,,,OSM,11.518417,3.892679
RAPP_000275,2,OSM;HEALTHSITES,True,True,False,node/1987382968,node/1987382968,,Pharmacie Olezoa,Pharmacie Olezoa,,SOC.SANTE.PHARMACIE,SOC.SANTE.PHARMACIE,,id_osm,,,OSM,11.514813,3.846497
RAPP_000276,2,OSM;HEALTHSITES,True,True,False,node/1993222656,node/1993222656,,Pharmacie du Centre,Pharmacie du Centre,,SOC.SANTE.PHARMACIE,SOC.SANTE.PHARMACIE,,id_osm,,,OSM,11.517955,3.871013
RAPP_000277,2,OSM;HEALTHSITES,True,True,False,node/2017553690,node/2017553690,,SWEET LIFE,SWEET LIFE,,SOC.SANTE.PHARMACIE,SOC.SANTE.PHARMACIE,,id_osm,,,OSM,11.493295,3.850381
RAPP_000278,2,OSM;HEALTHSITES,True,True,False,node/2018349391,node/2018349391,,Pharmacie de Nkomo,Pharmacie de Nkomo,,SOC.SANTE.PHARMACIE,SOC.SANTE.PHARMACIE,,id_osm,,,OSM,11.550225,3.841662
RAPP_000279,2,OSM;HEALTHSITES,True,True,False,node/2033098470,node/2033098470,,Pharmacie Tsinga,Pharmacie Tsinga,,SOC.SANTE.PHARMACIE,SOC.SANTE.PHARMACIE,,id_osm,,,OSM,11.502769,3.881878
RAPP_000280,2,OSM;HEALTHSITES,True,True,False,node/2033671113,node/2033671113,,Mami Macta,Mami Macta,,SOC.SANTE.PHARMACIE,SOC.SANTE.PHARMACIE,,id_osm,,,OSM,11.534616,3.871287
RAPP_000281,2,OSM;HEALTHSITES,True,True,False,node/2033780266,node/2033780266,,Pharmacy de l'Université,Pharmacy de l'Université,,SOC.SANTE.PHARMACIE,SOC.SANTE.PHARMACIE,,id_osm,,,OSM,11.504573,3.859476
RAPP_000282,2,OSM;HEALTHSITES,True,True,False,node/2033791377,node/2033791377,,Pharmacie de la Moisson,Pharmacie de la Moisson,,SOC.SANTE.PHARMACIE,SOC.SANTE.PHARMACIE,,id_osm,,,OSM,11.521167,3.860435
RAPP_000283,2,OSM;HEALTHSITES,True,True,False,node/2034139428,node/2034139428,,Pharmacie Mvog-Atangana Mballa,Pharmacie Mvog-Atangana Mballa,,SOC.SANTE.PHARMACIE,SOC.SANTE.PHARMACIE,,id_osm,,,OSM,11.519294,3.848852
RAPP_000284,2,OSM;HEALTHSITES,True,True,False,node/2040363224,node/2040363224,,Pharmacie de l'Aéroport,Pharmacie de l'Aéroport,,SOC.SANTE.PHARMACIE,SOC.SANTE.PHARMACIE,,id_osm,,,OSM,11.516707,3.825365
RAPP_000285,2,OSM;HEALTHSITES,True,True,False,node/2044656924,node/2044656924,,Pharmacie Moto George,Pharmacie Moto George,,SOC.SANTE.PHARMACIE,SOC.SANTE.PHARMACIE,,id_osm,,,OSM,11.517993,3.889256
RAPP_000286,2,OSM;HEALTHSITES,True,True,False,node/2154302291,node/2154302291,,Centre de santé de Mefindi,Centre de santé de Mefindi,,SOC.SANTE.CENTRE,SOC.SANTE.CENTRE,,id_osm,,,OSM,11.979126,3.535583
RAPP_000287,2,OSM;HEALTHSITES,True,True,False,node/2163440851,node/2163440851,,Maternity,Maternity,,SOC.SANTE.CLINIQUE,SOC.SANTE.CLINIQUE,,id_osm,,,OSM,9.302815,4.141727
RAPP_000288,2,OSM;HEALTHSITES,True,True,False,node/2263245273,node/2263245273,,Cabinet de soins CINSOL,Cabinet de soins CINSOL,,,,,id_osm,,,OSM,11.48589,3.832401
RAPP_000289,2,OSM;HEALTHSITES,True,True,False,node/2276045788,node/2276045788,,Pharmacie Isis,Pharmacie Isis,,SOC.SANTE.PHARMACIE,SOC.SANTE.PHARMACIE,,id_osm,,,OSM,11.548322,3.864252
RAPP_000290,2,OSM;HEALTHSITES,True,True,False,node/2276189766,node/2276189766,,La Référence de Ngousso,La Référence de Ngousso,,SOC.SANTE.PHARMACIE,SOC.SANTE.PHARMACIE,,id_osm,,,OSM,11.54917,3.894345
RAPP_000291,2,OSM;HEALTHSITES,True,True,False,node/2276189774,node/2276189774,,Pharmacie du Stade,Pharmacie du Stade,,SOC.SANTE.PHARMACIE,SOC.SANTE.PHARMACIE,,id_osm,,,OSM,11.545239,3.889116
RAPP_000292,2,OSM;HEALTHSITES,True,True,False,node/2278895824,node/2278895824,,,,,SOC.SANTE.PHARMACIE,SOC.SANTE.PHARMACIE,,id_osm,,,OSM,11.49891,3.852855
RAPP_000293,2,OSM;HEALTHSITES,True,True,False,node/2284209683,node/2284209683,,Camp Yeyap 2,Camp Yeyap 2,,SOC.SANTE.HOPITAL,SOC.SANTE.HOPITAL,,id_osm,,,OSM,11.502893,3.869839
RAPP_000294,2,OSM;HEALTHSITES,True,True,False,node/2318362169,node/2318362169,,Pharmacie du centre,Pharmacie du centre,,SOC.SANTE.PHARMACIE,SOC.SANTE.PHARMACIE,,id_osm,,,OSM,13.395127,9.306455
RAPP_000295,2,OSM;HEALTHSITES,True,True,False,node/2344205652,node/2344205652,,Hôpital de Tchomso,Hôpital de Tchomso,,SOC.SANTE.HOPITAL,SOC.SANTE.HOPITAL,,id_osm,,,OSM,10.313892,5.307177
RAPP_000296,2,OSM;HEALTHSITES,True,True,False,node/2352021450,node/2352021450,,Pharmacie de Djamboutou,Pharmacie de Djamboutou,,SOC.SANTE.PHARMACIE,SOC.SANTE.PHARMACIE,,id_osm,,,OSM,13.396756,9.304232
RAPP_000297,2,OSM;HEALTHSITES,True,True,False,node/2352021451,node/2352021451,,Pharmacie de Garoua,Pharmacie de Garoua,,SOC.SANTE.PHARMACIE,SOC.SANTE.PHARMACIE,,id_osm,,,OSM,13.396467,9.307257
RAPP_000298,2,OSM;HEALTHSITES,True,True,False,node/2353391716,node/2353391716,,Pharmacie Populaire,Pharmacie Populaire,,SOC.SANTE.PHARMACIE,SOC.SANTE.PHARMACIE,,id_osm,,,OSM,13.40437,9.316836
RAPP_000299,2,OSM;HEALTHSITES,True,True,False,node/2353471794,node/2353471794,,Pharmacie de l'Amitié,Pharmacie de l'Amitié,,SOC.SANTE.PHARMACIE,SOC.SANTE.PHARMACIE,,id_osm,,,OSM,13.396491,9.303054
RAPP_000300,2,OSM;HEALTHSITES,True,True,False,node/2353500536,node/2353500536,,Pharmacie de l'Etoile,Pharmacie de l'Etoile,,SOC.SANTE.PHARMACIE,SOC.SANTE.PHARMACIE,,id_osm,,,OSM,13.388962,9.29665
RAPP_000301,2,OSM;HEALTHSITES,True,True,False,node/2456192020,node/2456192020,,Catholic Health Center,Catholic Health Center,,SOC.SANTE.CENTRE,SOC.SANTE.CENTRE,,id_osm,,,OSM,9.2285,4.055944
RAPP_000302,2,OSM;HEALTHSITES,True,True,False,node/2456192090,node/2456192090,,Moliwe Health Area,Moliwe Health Area,,SOC.SANTE.HOPITAL,SOC.SANTE.HOPITAL,,id_osm,,,OSM,9.227846,4.057217
RAPP_000303,2,OSM;HEALTHSITES,True,True,False,node/2456192101,node/2456192101,,Open Door Medical Clinic,Open Door Medical Clinic,,SOC.SANTE.CLINIQUE,SOC.SANTE.CLINIQUE,,id_osm,,,OSM,9.113293,4.017097
RAPP_000304,2,OSM;HEALTHSITES,True,True,False,node/2456192135,node/2456192135,,Saint Luke Medical Foundation,Saint Luke Medical Foundation,,SOC.SANTE.CLINIQUE,SOC.SANTE.CLINIQUE,,id_osm,,,OSM,9.209806,4.022722
RAPP_000305,2,OSM;HEALTHSITES,True,True,False,node/2521654761,node/2521654761,,Clinique La Life,Clinique La Life,,SOC.SANTE.HOPITAL,SOC.SANTE.HOPITAL,,id_osm,,,OSM,10.389764,5.178359
RAPP_000306,2,OSM;HEALTHSITES,True,True,False,node/2558754859,node/2558754859,,Caninet Dentaire Malcom X,Caninet Dentaire Malcom X,,,,,id_osm,,,OSM,11.521272,3.860307
RAPP_000307,2,OSM;HEALTHSITES,True,True,False,node/2569506791,node/2569506791,,Presbyterian Health Services,Presbyterian Health Services,,SOC.SANTE.HOPITAL,SOC.SANTE.HOPITAL,,id_osm,,,OSM,9.396936,5.219261
RAPP_000308,2,OSM;HEALTHSITES,True,True,False,node/2739375256,node/2739375256,,,,,,,,id_osm,,,OSM,11.252112,4.60684
RAPP_000309,2,OSM;HEALTHSITES,True,True,False,node/2997531365,node/2997531365,,Pharmacie Jireh,Pharmacie Jireh,,SOC.SANTE.PHARMACIE,SOC.SANTE.PHARMACIE,,id_osm,,,OSM,11.593688,3.967267
RAPP_000310,2,OSM;HEALTHSITES,True,True,False,node/3021902094,node/3021902094,,Nouvelle Pharmacie du Bénin,Nouvelle Pharmacie du Bénin,,SOC.SANTE.PHARMACIE,SOC.SANTE.PHARMACIE,,id_osm,,,OSM,10.413009,5.480877
RAPP_000311,2,OSM;HEALTHSITES,True,True,False,node/3116264554,node/3116264554,,Pharmacie Adama,Pharmacie Adama,,SOC.SANTE.PHARMACIE,SOC.SANTE.PHARMACIE,,id_osm,,,OSM,13.575159,7.321013
RAPP_000312,2,OSM;HEALTHSITES,True,True,False,node/3255758362,node/3255758362,,Cabinet Dentaire,Cabinet Dentaire,,,,,id_osm,,,OSM,9.704638,4.053654
RAPP_000313,2,OSM;HEALTHSITES,True,True,False,node/3255758363,node/3255758363,,Cabinet Medical,Cabinet Medical,,,,,id_osm,,,OSM,9.697387,4.04766
RAPP_000314,2,OSM;HEALTHSITES,True,True,False,node/3255758364,node/3255758364,,Cabinet Médical,Cabinet Médical,,,,,id_osm,,,OSM,9.701018,4.047909
RAPP_000315,2,OSM;HEALTHSITES,True,True,False,node/3255758365,node/3255758365,,Cabinet Médical,Cabinet Médical,,,,,id_osm,,,OSM,9.699116,4.053573
RAPP_000316,2,OSM;HEALTHSITES,True,True,False,node/3255758366,node/3255758366,,Cabinet Médical,Cabinet Médical,,,,,id_osm,,,OSM,9.700304,4.053582
RAPP_000317,2,OSM;HEALTHSITES,True,True,False,node/3255758367,node/3255758367,,Cabinet Médical,Cabinet Médical,,,,,id_osm,,,OSM,9.701489,4.054259
RAPP_000318,2,OSM;HEALTHSITES,True,True,False,node/3255758369,node/3255758369,,Cabinet de Soins Médicaux,Cabinet de Soins Médicaux,,,,,id_osm,,,OSM,9.718681,4.037415
RAPP_000319,2,OSM;HEALTHSITES,True,True,False,node/3255758371,node/3255758371,,Centre Medical,Centre Medical,,SOC.SANTE.CENTRE,SOC.SANTE.CENTRE,,id_osm,,,OSM,9.701983,4.040219
RAPP_000320,2,OSM;HEALTHSITES,True,True,False,node/3255758372,node/3255758372,,Centre Medico-Social Cité SIC,Centre Medico-Social Cité SIC,,SOC.SANTE.CLINIQUE,SOC.SANTE.CLINIQUE,,id_osm,,,OSM,9.731091,4.052335
RAPP_000321,2,OSM;HEALTHSITES,True,True,False,node/3255758373,node/3255758373,,Centre Médical d'Arrondissement de Bépanda,Centre Médical d'Arrondissement de Bépanda,,SOC.SANTE.CENTRE,SOC.SANTE.CENTRE,,id_osm,,,OSM,9.727401,4.059441
RAPP_000322,2,OSM;HEALTHSITES,True,True,False,node/3255758374,node/3255758374,,Centre Médical de la Gendarmerie de Mboppi,Centre Médical de la Gendarmerie de Mboppi,,SOC.SANTE.CENTRE,SOC.SANTE.CENTRE,,id_osm,,,OSM,9.716221,4.043357
RAPP_000323,2,OSM;HEALTHSITES,True,True,False,node/3255758375,node/3255758375,,Centre Médical,Centre Médical,,SOC.SANTE.CENTRE,SOC.SANTE.CENTRE,,id_osm,,,OSM,9.706009,4.016827
RAPP_000324,2,OSM;HEALTHSITES,True,True,False,node/3255758376,node/3255758376,,Centre Médical,Centre Médical,,SOC.SANTE.CENTRE,SOC.SANTE.CENTRE,,id_osm,,,OSM,9.704877,4.018561
RAPP_000325,2,OSM;HEALTHSITES,True,True,False,node/3255758377,node/3255758377,,Centre Médical,Centre Médical,,SOC.SANTE.CENTRE,SOC.SANTE.CENTRE,,id_osm,,,OSM,9.713117,4.039198
RAPP_000326,2,OSM;HEALTHSITES,True,True,False,node/3255758379,node/3255758379,,Centre Médical,Centre Médical,,SOC.SANTE.CENTRE,SOC.SANTE.CENTRE,,id_osm,,,OSM,9.669358,4.0726
RAPP_000327,2,OSM;HEALTHSITES,True,True,False,node/3255758380,node/3255758380,,Centre Médical,Centre Médical,,SOC.SANTE.CENTRE,SOC.SANTE.CENTRE,,id_osm,,,OSM,9.666147,4.077349
RAPP_000328,2,OSM;HEALTHSITES,True,True,False,node/3255758381,node/3255758381,,Centre Médical,Centre Médical,,SOC.SANTE.CENTRE,SOC.SANTE.CENTRE,,id_osm,,,OSM,9.669914,4.089595
RAPP_000329,2,OSM;HEALTHSITES,True,True,False,node/3255758383,node/3255758383,,Centre de Santé,Centre de Santé,,SOC.SANTE.CENTRE,SOC.SANTE.CENTRE,,id_osm,,,OSM,9.679892,4.075306
RAPP_000330,2,OSM;HEALTHSITES,True,True,False,node/3255758384,node/3255758384,,Centre de Santé Catholique Deo Gratias Douala-Boko,Centre de Santé Catholique Deo Gratias Douala-Boko,,SOC.SANTE.CENTRE,SOC.SANTE.CENTRE,,id_osm,,,OSM,9.773681,3.990473
RAPP_000331,2,OSM;HEALTHSITES,True,True,False,node/3255758385,node/3255758385,,Centre de Santé Cité SIC,Centre de Santé Cité SIC,,SOC.SANTE.CENTRE,SOC.SANTE.CENTRE,,id_osm,,,OSM,9.73101,4.051434
RAPP_000332,2,OSM;HEALTHSITES,True,True,False,node/3255758386,node/3255758386,,Centre de Santé Intégré Bonago,Centre de Santé Intégré Bonago,,SOC.SANTE.CENTRE,SOC.SANTE.CENTRE,,id_osm,,,OSM,9.683527,4.038429
RAPP_000333,2,OSM;HEALTHSITES,True,True,False,node/3255758387,node/3255758387,,Centre de Santé La Persévérance,Centre de Santé La Persévérance,,SOC.SANTE.CENTRE,SOC.SANTE.CENTRE,,id_osm,,,OSM,9.767805,3.979155
RAPP_000334,2,OSM;HEALTHSITES,True,True,False,node/3255758388,node/3255758388,,Centre de Santé La Pitié,Centre de Santé La Pitié,,SOC.SANTE.CENTRE,SOC.SANTE.CENTRE,,id_osm,,,OSM,9.668899,4.070226
RAPP_000335,2,OSM;HEALTHSITES,True,True,False,node/3255758389,node/3255758389,,Centre de Santé et Maternité Sainte Thérèse,Centre de Santé et Maternité Sainte Thérèse,,SOC.SANTE.CENTRE,SOC.SANTE.CENTRE,,id_osm,,,OSM,9.774138,4.056206
RAPP_000336,2,OSM;HEALTHSITES,True,True,False,node/3255758390,node/3255758390,,Centre de Santé les Glycines,Centre de Santé les Glycines,,SOC.SANTE.CENTRE,SOC.SANTE.CENTRE,,id_osm,,,OSM,9.7118,4.030621
RAPP_000337,2,OSM;HEALTHSITES,True,True,False,node/3255758391,node/3255758391,,Centre de Santé,Centre de Santé,,SOC.SANTE.CENTRE,SOC.SANTE.CENTRE,,id_osm,,,OSM,9.706642,4.029975
RAPP_000338,2,OSM;HEALTHSITES,True,True,False,node/3255758392,node/3255758392,,Centre de Santé,Centre de Santé,,SOC.SANTE.CENTRE,SOC.SANTE.CENTRE,,id_osm,,,OSM,9.699435,4.03017
RAPP_000339,2,OSM;HEALTHSITES,True,True,False,node/3255758393,node/3255758393,,Centre de Santé,Centre de Santé,,SOC.SANTE.CENTRE,SOC.SANTE.CENTRE,,id_osm,,,OSM,9.71385,4.04473
RAPP_000340,2,OSM;HEALTHSITES,True,True,False,node/3255758394,node/3255758394,,Centre de Santé,Centre de Santé,,SOC.SANTE.CENTRE,SOC.SANTE.CENTRE,,id_osm,,,OSM,9.679592,4.076835
RAPP_000341,2,OSM;HEALTHSITES,True,True,False,node/3255758396,node/3255758396,,Centre de Santé,Centre de Santé,,SOC.SANTE.CENTRE,SOC.SANTE.CENTRE,,id_osm,,,OSM,9.658542,4.08007
RAPP_000342,2,OSM;HEALTHSITES,True,True,False,node/3255758397,node/3255758397,,Centre de Santé,Centre de Santé,,SOC.SANTE.CENTRE,SOC.SANTE.CENTRE,,id_osm,,,OSM,9.653931,4.086391
RAPP_000343,2,OSM;HEALTHSITES,True,True,False,node/3255758398,node/3255758398,,Centre de Santé,Centre de Santé,,SOC.SANTE.CENTRE,SOC.SANTE.CENTRE,,id_osm,,,OSM,9.665964,4.087095
RAPP_000344,2,OSM;HEALTHSITES,True,True,False,node/3255758399,node/3255758399,,Chinecam,Chinecam,,SOC.SANTE.CLINIQUE,SOC.SANTE.CLINIQUE,,id_osm,,,OSM,9.709171,4.033563
RAPP_000345,2,OSM;HEALTHSITES,True,True,False,node/3255758400,node/3255758400,,Clinique Arc-en-ciel,Clinique Arc-en-ciel,,SOC.SANTE.CLINIQUE,SOC.SANTE.CLINIQUE,,id_osm,,,OSM,9.767039,4.089419
RAPP_000346,2,OSM;HEALTHSITES,True,True,False,node/3255758401,node/3255758401,,Clinique Louis Pasteur,Clinique Louis Pasteur,,SOC.SANTE.CLINIQUE,SOC.SANTE.CLINIQUE,,id_osm,,,OSM,9.762157,4.055157
RAPP_000347,2,OSM;HEALTHSITES,True,True,False,node/3255758402,node/3255758402,,Clinique Médicale,Clinique Médicale,,SOC.SANTE.CLINIQUE,SOC.SANTE.CLINIQUE,,id_osm,,,OSM,9.70384,4.025489
RAPP_000348,2,OSM;HEALTHSITES,True,True,False,node/3255758403,node/3255758403,,Clinique Saint Thomas,Clinique Saint Thomas,,SOC.SANTE.CLINIQUE,SOC.SANTE.CLINIQUE,,id_osm,,,OSM,9.673309,4.073695
RAPP_000349,2,OSM;HEALTHSITES,True,True,False,node/3255758404,node/3255758404,,Clinique de Tchoumba Julienne,Clinique de Tchoumba Julienne,,SOC.SANTE.CLINIQUE,SOC.SANTE.CLINIQUE,,id_osm,,,OSM,9.669377,4.0965
RAPP_000350,2,OSM;HEALTHSITES,True,True,False,node/3255758405,node/3255758405,,Clinique de l'Aéroport,Clinique de l'Aéroport,,SOC.SANTE.CLINIQUE,SOC.SANTE.CLINIQUE,,id_osm,,,OSM,9.705127,4.020032
RAPP_000351,2,OSM;HEALTHSITES,True,True,False,node/3255758408,node/3255758408,,Clinique des Rameaux,Clinique des Rameaux,,SOC.SANTE.CLINIQUE,SOC.SANTE.CLINIQUE,,id_osm,,,OSM,9.664843,4.087406
RAPP_000352,2,OSM;HEALTHSITES,True,True,False,node/3255758409,node/3255758409,,Clinique l'Oliveraie,Clinique l'Oliveraie,,SOC.SANTE.CLINIQUE,SOC.SANTE.CLINIQUE,,id_osm,,,OSM,9.703814,4.058903
RAPP_000353,2,OSM;HEALTHSITES,True,True,False,node/3255758410,node/3255758410,,Clinique,Clinique,,SOC.SANTE.CLINIQUE,SOC.SANTE.CLINIQUE,,id_osm,,,OSM,9.703645,4.021747
RAPP_000354,2,OSM;HEALTHSITES,True,True,False,node/3255758411,node/3255758411,,Clinique,Clinique,,SOC.SANTE.CLINIQUE,SOC.SANTE.CLINIQUE,,id_osm,,,OSM,9.698535,4.046852
RAPP_000355,2,OSM;HEALTHSITES,True,True,False,node/3255758412,node/3255758412,,Clinique,Clinique,,SOC.SANTE.CLINIQUE,SOC.SANTE.CLINIQUE,,id_osm,,,OSM,9.654848,4.086906
RAPP_000356,2,OSM;HEALTHSITES,True,True,False,node/3255758413,node/3255758413,,Fondation Medicale Ad Lucem,Fondation Medicale Ad Lucem,,SOC.SANTE.CLINIQUE,SOC.SANTE.CLINIQUE,,id_osm,,,OSM,9.668048,4.089322
RAPP_000357,2,OSM;HEALTHSITES,True,True,False,node/3255758414,node/3255758414,,Fondation Médicale,Fondation Médicale,,SOC.SANTE.CLINIQUE,SOC.SANTE.CLINIQUE,,id_osm,,,OSM,9.700023,4.051865
RAPP_000358,2,OSM;HEALTHSITES,True,True,False,node/3255758415,node/3255758415,,Hôpital Ad Lucem de Bali,Hôpital Ad Lucem de Bali,,SOC.SANTE.HOPITAL,SOC.SANTE.HOPITAL,,id_osm,,,OSM,9.699478,4.036171
RAPP_000359,2,OSM;HEALTHSITES,True,True,False,node/3255758418,node/3255758418,,Hôpital Protestant Cité SIC,Hôpital Protestant Cité SIC,,SOC.SANTE.HOPITAL,SOC.SANTE.HOPITAL,,id_osm,,,OSM,9.727638,4.048712
RAPP_000360,2,OSM;HEALTHSITES,True,True,False,node/3255758427,node/3255758427,,Polyclinique Bonanjo,Polyclinique Bonanjo,,SOC.SANTE.CLINIQUE,SOC.SANTE.CLINIQUE,,id_osm,,,OSM,9.687569,4.039066
RAPP_000361,2,OSM;HEALTHSITES,True,True,False,node/3255758428,node/3255758428,,Polyclinique Idimed,Polyclinique Idimed,,SOC.SANTE.CLINIQUE,SOC.SANTE.CLINIQUE,,id_osm,,,OSM,9.703779,4.027813
RAPP_000362,2,OSM;HEALTHSITES,True,True,False,node/3255758429,node/3255758429,,Polyclinique Soppo Priso,Polyclinique Soppo Priso,,SOC.SANTE.CLINIQUE,SOC.SANTE.CLINIQUE,,id_osm,,,OSM,9.695359,4.029152
RAPP_000363,2,OSM;HEALTHSITES,True,True,False,node/3255758430,node/3255758430,,Presbyterian Health Center,Presbyterian Health Center,,SOC.SANTE.CENTRE,SOC.SANTE.CENTRE,,id_osm,,,OSM,9.721609,4.070011
RAPP_000364,2,OSM;HEALTHSITES,True,True,False,node/3255758433,node/3255758433,,Apostolic Church of Cameroon Medical Institutions,Apostolic Church of Cameroon Medical Institutions,,SOC.SANTE.CLINIQUE,SOC.SANTE.CLINIQUE,,id_osm,,,OSM,9.729864,4.008108
RAPP_000365,2,OSM;HEALTHSITES,True,True,False,node/3255758434,node/3255758434,,Apostolic Church of Cameroon Medical Institutions,Apostolic Church of Cameroon Medical Institutions,,SOC.SANTE.CLINIQUE,SOC.SANTE.CLINIQUE,,id_osm,,,OSM,9.728914,4.008256
RAPP_000366,2,OSM;HEALTHSITES,True,True,False,node/3424944543,node/3424944543,,Centre Médical la Solidarité,Centre Médical la Solidarité,,SOC.SANTE.CENTRE,SOC.SANTE.CENTRE,,id_osm,,,OSM,9.746831,4.015458
RAPP_000367,2,OSM;HEALTHSITES,True,True,False,node/3426459414,node/3426459414,,Centre de sante Medjoh,Centre de sante Medjoh,,SOC.SANTE.CENTRE,SOC.SANTE.CENTRE,,id_osm,,,OSM,13.462785,3.465064
RAPP_000368,2,OSM;HEALTHSITES,True,True,False,node/3426459415,node/3426459415,,Centre de sante integre Djaposten (Village Tonkla),Centre de sante integre Djaposten (Village Tonkla),,SOC.SANTE.CENTRE,SOC.SANTE.CENTRE,,id_osm,,,OSM,13.526488,3.426821
RAPP_000369,2,OSM;HEALTHSITES,True,True,False,node/3536372509,node/3536372509,,,,,,,,id_osm,,,OSM,11.269714,3.546246
RAPP_000370,2,OSM;HEALTHSITES,True,True,False,node/3536372510,node/3536372510,,,,,,,,id_osm,,,OSM,11.356915,3.589135
RAPP_000371,2,OSM;HEALTHSITES,True,True,False,node/3536372511,node/3536372511,,,,,,,,id_osm,,,OSM,11.246922,3.602827
RAPP_000372,2,OSM;HEALTHSITES,True,True,False,node/3536372512,node/3536372512,,,,,,,,id_osm,,,OSM,11.327357,3.640868
RAPP_000373,2,OSM;HEALTHSITES,True,True,False,node/3536372513,node/3536372513,,,,,,,,id_osm,,,OSM,11.327859,3.683252
RAPP_000374,2,OSM;HEALTHSITES,True,True,False,node/3536372514,node/3536372514,,,,,,,,id_osm,,,OSM,11.303123,3.68431
RAPP_000375,2,OSM;HEALTHSITES,True,True,False,node/3536372515,node/3536372515,,,,,,,,id_osm,,,OSM,11.284218,3.698054
RAPP_000376,2,OSM;HEALTHSITES,True,True,False,node/3604579339,node/3604579339,,,,,,,,id_osm,,,OSM,11.523756,3.871687
RAPP_000377,2,OSM;HEALTHSITES,True,True,False,node/3604582974,node/3604582974,,Laboratoire d'analyses médicales bio-diagnostica,Laboratoire d'analyses médicales bio-diagnostica,,SOC.SANTE.LABORATOIRE,SOC.SANTE.LABORATOIRE,,id_osm,,,OSM,11.520972,3.867366
RAPP_000378,2,OSM;HEALTHSITES,True,True,False,node/3604839579,node/3604839579,,Saint Martin,Saint Martin,,SOC.SANTE.PHARMACIE,SOC.SANTE.PHARMACIE,,id_osm,,,OSM,11.518195,3.864739
RAPP_000379,2,OSM;HEALTHSITES,True,True,False,node/3615210616,node/3615210616,,Laboratoire d'analyse médicale Owonto de Mokolo,Laboratoire d'analyse médicale Owonto de Mokolo,,SOC.SANTE.LABORATOIRE,SOC.SANTE.LABORATOIRE,,id_osm,,,OSM,11.496082,3.87667
RAPP_000380,2,OSM;HEALTHSITES,True,True,False,node/3615214649,node/3615214649,,Pharmacie Lyonnaise,Pharmacie Lyonnaise,,SOC.SANTE.PHARMACIE,SOC.SANTE.PHARMACIE,,id_osm,,,OSM,11.497012,3.876071
RAPP_000381,2,OSM;HEALTHSITES,True,True,False,node/3623012693,node/3623012693,,Centre de santé mission catholique de Nkoabang,Centre de santé mission catholique de Nkoabang,,SOC.SANTE.CENTRE,SOC.SANTE.CENTRE,,id_osm,,,OSM,11.591588,3.863224
RAPP_000382,2,OSM;HEALTHSITES,True,True,False,node/3678512661,node/3678512661,,Centre de santé de Madagascar,Centre de santé de Madagascar,,SOC.SANTE.CENTRE,SOC.SANTE.CENTRE,,id_osm,,,OSM,11.493729,3.880755
RAPP_000383,2,OSM;HEALTHSITES,True,True,False,node/3684296931,node/3684296931,,Amazing Pharmacy,Amazing Pharmacy,,SOC.SANTE.PHARMACIE,SOC.SANTE.PHARMACIE,,id_osm,,,OSM,9.288147,4.156216
RAPP_000384,2,OSM;HEALTHSITES,True,True,False,node/3684296934,node/3684296934,,Manyemen Hospital,Manyemen Hospital,,SOC.SANTE.HOPITAL,SOC.SANTE.HOPITAL,,id_osm,,,OSM,9.240011,4.15767
RAPP_000385,2,OSM;HEALTHSITES,True,True,False,node/3684296935,node/3684296935,,,,,SOC.SANTE.CLINIQUE,SOC.SANTE.CLINIQUE,,id_osm,,,OSM,9.281759,4.15834
RAPP_000386,2,OSM;HEALTHSITES,True,True,False,node/3684296937,node/3684296937,,Doctor Danbaba,Doctor Danbaba,,SOC.SANTE.CLINIQUE,SOC.SANTE.CLINIQUE,,id_osm,,,OSM,9.301834,4.154044
RAPP_000387,2,OSM;HEALTHSITES,True,True,False,node/3684296939,node/3684296939,,Good Sheperd Clinic,Good Sheperd Clinic,,SOC.SANTE.CLINIQUE,SOC.SANTE.CLINIQUE,,id_osm,,,OSM,9.294362,4.154241
RAPP_000388,2,OSM;HEALTHSITES,True,True,False,node/3684296940,node/3684296940,,Grosmelf Lab,Grosmelf Lab,,SOC.SANTE.PHARMACIE,SOC.SANTE.PHARMACIE,,id_osm,,,OSM,9.289645,4.1548
RAPP_000389,2,OSM;HEALTHSITES,True,True,False,node/3684296942,node/3684296942,,Health Centre,Health Centre,,SOC.SANTE.CENTRE,SOC.SANTE.CENTRE,,id_osm,,,OSM,9.28465,4.157042
RAPP_000390,2,OSM;HEALTHSITES,True,True,False,node/3684296943,node/3684296943,,Health District,Health District,,SOC.SANTE.HOPITAL,SOC.SANTE.HOPITAL,,id_osm,,,OSM,9.237476,4.163118
RAPP_000391,2,OSM;HEALTHSITES,True,True,False,node/3684296948,node/3684296948,,Kahwa Sumbele Medical Center,Kahwa Sumbele Medical Center,,SOC.SANTE.CLINIQUE,SOC.SANTE.CLINIQUE,,id_osm,,,OSM,9.300537,4.155453
RAPP_000392,2,OSM;HEALTHSITES,True,True,False,node/3684296956,node/3684296956,,Pharmacy Enamen,Pharmacy Enamen,,SOC.SANTE.PHARMACIE,SOC.SANTE.PHARMACIE,,id_osm,,,OSM,9.282511,4.159356
RAPP_000393,2,OSM;HEALTHSITES,True,True,False,node/3684296957,node/3684296957,,,,,SOC.SANTE.PHARMACIE,SOC.SANTE.PHARMACIE,,id_osm,,,OSM,9.291134,4.15502
RAPP_000394,2,OSM;HEALTHSITES,True,True,False,node/3684296959,node/3684296959,,Presbyterian Church Health Service Dispensary,Presbyterian Church Health Service Dispensary,,SOC.SANTE.CLINIQUE,SOC.SANTE.CLINIQUE,,id_osm,,,OSM,9.232686,4.16007
RAPP_000395,2,OSM;HEALTHSITES,True,True,False,node/3684296961,node/3684296961,,Restoration Health Centre,Restoration Health Centre,,SOC.SANTE.CENTRE,SOC.SANTE.CENTRE,,id_osm,,,OSM,9.291447,4.152429
RAPP_000396,2,OSM;HEALTHSITES,True,True,False,node/3684296962,node/3684296962,,Royal Pharmacy,Royal Pharmacy,,SOC.SANTE.PHARMACIE,SOC.SANTE.PHARMACIE,,id_osm,,,OSM,9.252612,4.15359
RAPP_000397,2,OSM;HEALTHSITES,True,True,False,node/3684296964,node/3684296964,,Salvation Pharmacy,Salvation Pharmacy,,SOC.SANTE.PHARMACIE,SOC.SANTE.PHARMACIE,,id_osm,,,OSM,9.260317,4.154423
RAPP_000398,2,OSM;HEALTHSITES,True,True,False,node/3684296965,node/3684296965,,Seven Day Health Center,Seven Day Health Center,,SOC.SANTE.CENTRE,SOC.SANTE.CENTRE,,id_osm,,,OSM,9.259406,4.154068
RAPP_000399,2,OSM;HEALTHSITES,True,True,False,node/3684296970,node/3684296970,,Winner's Pharmacy,Winner's Pharmacy,,SOC.SANTE.PHARMACIE,SOC.SANTE.PHARMACIE,,id_osm,,,OSM,9.257407,4.153987
RAPP_000400,2,OSM;HEALTHSITES,True,True,False,node/3698438713,node/3698438713,,Biaka Junction,Biaka Junction,,SOC.SANTE.HOPITAL,SOC.SANTE.HOPITAL,,id_osm,,,OSM,9.27466,4.158968
RAPP_000401,2,OSM;HEALTHSITES,True,True,False,node/3750523172,node/3750523172,,Centre de Santé de Fondjomekwet,Centre de Santé de Fondjomekwet,,SOC.SANTE.CENTRE,SOC.SANTE.CENTRE,,id_osm,,,OSM,10.167447,5.28624
RAPP_000402,2,OSM;HEALTHSITES,True,True,False,node/3779854152,node/3779854152,,,,,SOC.SANTE.CLINIQUE,SOC.SANTE.CLINIQUE,,id_osm,,,OSM,13.701261,4.578007
RAPP_000403,2,OSM;HEALTHSITES,True,True,False,node/3810629796,node/3810629796,,Hopital de District de Kouoptamo,Hopital de District de Kouoptamo,,SOC.SANTE.HOPITAL,SOC.SANTE.HOPITAL,,id_osm,,,OSM,10.612283,5.654412
RAPP_000404,2,OSM;HEALTHSITES,True,True,False,node/4052965487,node/4052965487,,,,,SOC.SANTE.PHARMACIE,SOC.SANTE.PHARMACIE,,id_osm,,,OSM,9.699655,4.026892
RAPP_000405,2,OSM;HEALTHSITES,True,True,False,node/4172532289,node/4172532289,,Pharmacie Ketchy Madagascar,Pharmacie Ketchy Madagascar,,SOC.SANTE.PHARMACIE,SOC.SANTE.PHARMACIE,,id_osm,,,OSM,11.49266,3.882822
RAPP_000406,2,OSM;HEALTHSITES,True,True,False,node/419588091,node/419588091,,Centre Médico Social français,Centre Médico Social français,,SOC.SANTE.HOPITAL,SOC.SANTE.HOPITAL,,id_osm,,,OSM,11.517583,3.857006
RAPP_000407,2,OSM;HEALTHSITES,True,True,False,node/4231971491,node/4231971491,,Mpouma,Mpouma,,SOC.SANTE.CLINIQUE,SOC.SANTE.CLINIQUE,,id_osm,,,OSM,10.130016,3.788275
RAPP_000408,2,OSM;HEALTHSITES,True,True,False,node/4262441358,node/4262441358,,Pharmacie Biyem-assi Dr Tchachou Joseph,Pharmacie Biyem-assi Dr Tchachou Joseph,,SOC.SANTE.PHARMACIE,SOC.SANTE.PHARMACIE,,id_osm,,,OSM,11.484966,3.837295
RAPP_000409,2,OSM;HEALTHSITES,True,True,False,node/4333925410,node/4333925410,,Fondation Médicale Sarah Eboumbou,Fondation Médicale Sarah Eboumbou,,SOC.SANTE.CLINIQUE,SOC.SANTE.CLINIQUE,,id_osm,,,OSM,9.740094,4.08598
RAPP_000410,2,OSM;HEALTHSITES,True,True,False,node/4338178607,node/4338178607,,,Pharmacie,,SOC.SANTE.PHARMACIE,SOC.SANTE.PHARMACIE,,id_osm,,,OSM,9.703072,4.05172
RAPP_000411,2,OSM;HEALTHSITES,True,True,False,node/4340980389,node/4340980389,,Pharmacie de la Rive,Pharmacie de la Rive,,SOC.SANTE.PHARMACIE,SOC.SANTE.PHARMACIE,,id_osm,,,OSM,9.712603,4.067813
RAPP_000412,2,OSM;HEALTHSITES,True,True,False,node/4347378590,node/4347378590,,Centre de santé Oyoma-Bang,Centre de santé Oyoma-Bang,,SOC.SANTE.CENTRE,SOC.SANTE.CENTRE,,id_osm,,,OSM,11.4652,3.876037
RAPP_000413,2,OSM;HEALTHSITES,True,True,False,node/4352928191,node/4352928191,,,,,SOC.SANTE.PHARMACIE,SOC.SANTE.PHARMACIE,,id_osm,,,OSM,9.486624,4.748399
RAPP_000414,2,OSM;HEALTHSITES,True,True,False,node/4355986394,node/4355986394,,Pharmacie Lamarine,Pharmacie Lamarine,,SOC.SANTE.PHARMACIE,SOC.SANTE.PHARMACIE,,id_osm,,,OSM,9.706006,4.06349
RAPP_000415,2,OSM;HEALTHSITES,True,True,False,node/4357384849,node/4357384849,,Centre de santé Intégré de Mebou,Centre de santé Intégré de Mebou,,SOC.SANTE.CENTRE,SOC.SANTE.CENTRE,,id_osm,,,OSM,10.1468,5.473531
RAPP_000416,2,OSM;HEALTHSITES,True,True,False,node/4358961191,node/4358961191,,Integrated Health Center,Integrated Health Center,,SOC.SANTE.CENTRE,SOC.SANTE.CENTRE,,id_osm,,,OSM,9.461037,4.819745
RAPP_000417,2,OSM;HEALTHSITES,True,True,False,node/4361807957,node/4361807957,,pharmacie de la fidelite,pharmacie de la fidelite,,SOC.SANTE.PHARMACIE,SOC.SANTE.PHARMACIE,,id_osm,,,OSM,11.505091,3.872269
RAPP_000418,2,OSM;HEALTHSITES,True,True,False,node/4362565208,node/4362565208,,CABINET DES SOINS LES DELICES,CABINET DES SOINS LES DELICES,,SOC.SANTE.CLINIQUE,SOC.SANTE.CLINIQUE,,id_osm,,,OSM,11.493565,3.859709
RAPP_000419,2,OSM;HEALTHSITES,True,True,False,node/4377493299,node/4377493299,,Pharmacie Provinciale,Pharmacie Provinciale,,SOC.SANTE.PHARMACIE,SOC.SANTE.PHARMACIE,,id_osm,,,OSM,11.515944,3.879509
RAPP_000420,2,OSM;HEALTHSITES,True,True,False,node/4382447689,node/4382447689,,Pharmacie la patience,Pharmacie la patience,,SOC.SANTE.PHARMACIE,SOC.SANTE.PHARMACIE,,id_osm,,,OSM,9.74717,4.081124
RAPP_000421,2,OSM;HEALTHSITES,True,True,False,node/4386655701,node/4386655701,,Pharmacie notre dame des victoire,Pharmacie notre dame des victoire,,SOC.SANTE.PHARMACIE,SOC.SANTE.PHARMACIE,,id_osm,,,OSM,9.765056,4.086982
RAPP_000422,2,OSM;HEALTHSITES,True,True,False,node/4389097656,node/4389097656,,Centre de District de Bangais,Centre de District de Bangais,,SOC.SANTE.CLINIQUE,SOC.SANTE.CLINIQUE,,id_osm,,,OSM,9.765033,4.094788
RAPP_000423,2,OSM;HEALTHSITES,True,True,False,node/4391709365,node/4391709365,,Programme d'accès aux services de la santé de la reproduction - ACMS,Programme d'accès aux services de la santé de la reproduction - ACMS,,,,,id_osm,,,OSM,13.588304,7.312814
RAPP_000424,2,OSM;HEALTHSITES,True,True,False,node/4393873409,node/4393873409,,Pharmacie KD,Pharmacie KD,,SOC.SANTE.PHARMACIE,SOC.SANTE.PHARMACIE,,id_osm,,,OSM,9.709129,4.066853
RAPP_000425,2,OSM;HEALTHSITES,True,True,False,node/4395316590,node/4395316590,,Refugies Camp,Refugies Camp,,SOC.SANTE.HOPITAL,SOC.SANTE.HOPITAL,,id_osm,,,OSM,14.586186,12.305083
RAPP_000426,2,OSM;HEALTHSITES,True,True,False,node/4395367790,node/4395367790,,"Refugies Camp, Afade","Refugies Camp, Afade",,SOC.SANTE.HOPITAL,SOC.SANTE.HOPITAL,,id_osm,,,OSM,14.642665,12.240101
RAPP_000427,2,OSM;HEALTHSITES,True,True,False,node/4402478172,node/4402478172,,Deido Pharmacy,Deido Pharmacy,,SOC.SANTE.PHARMACIE,SOC.SANTE.PHARMACIE,,id_osm,,,OSM,9.713034,4.060822
RAPP_000428,2,OSM;HEALTHSITES,True,True,False,node/4402478176,node/4402478176,,Pharmacie La Coupole,Pharmacie La Coupole,,SOC.SANTE.PHARMACIE,SOC.SANTE.PHARMACIE,,id_osm,,,OSM,9.71441,4.063639
RAPP_000429,2,OSM;HEALTHSITES,True,True,False,node/4402711544,node/4402711544,,Pharmacie Lilias,Pharmacie Lilias,,SOC.SANTE.PHARMACIE,SOC.SANTE.PHARMACIE,,id_osm,,,OSM,9.726141,4.069833
RAPP_000430,2,OSM;HEALTHSITES,True,True,False,node/4402748924,node/4402748924,,Pharmacie de Palmier,Pharmacie de Palmier,,SOC.SANTE.PHARMACIE,SOC.SANTE.PHARMACIE,,id_osm,,,OSM,9.686681,4.044713
RAPP_000431,2,OSM;HEALTHSITES,True,True,False,node/4404298342,node/4404298342,,Hôpital Protestant de Mbouo,Hôpital Protestant de Mbouo,,SOC.SANTE.HOPITAL,SOC.SANTE.HOPITAL,,id_osm,,,OSM,10.419003,5.434712
RAPP_000432,2,OSM;HEALTHSITES,True,True,False,node/4409603501,node/4409603501,,Pinpoh pharmaciy,Pinpoh pharmaciy,,SOC.SANTE.PHARMACIE,SOC.SANTE.PHARMACIE,,id_osm,,,OSM,10.401045,5.84259
RAPP_000433,2,OSM;HEALTHSITES,True,True,False,node/4411348267,node/4411348267,,Integrated Health Center,Integrated Health Center,,SOC.SANTE.CENTRE,SOC.SANTE.CENTRE,,id_osm,,,OSM,10.445214,5.860478
RAPP_000434,2,OSM;HEALTHSITES,True,True,False,node/4413360075,node/4413360075,,,,,SOC.SANTE.PHARMACIE,SOC.SANTE.PHARMACIE,,id_osm,,,OSM,9.776374,4.051281
RAPP_000435,2,OSM;HEALTHSITES,True,True,False,node/4413468071,node/4413468071,,Pharmacy de Ndog-passi axe-lourd,Pharmacy de Ndog-passi axe-lourd,,SOC.SANTE.PHARMACIE,SOC.SANTE.PHARMACIE,,id_osm,,,OSM,9.75499,4.004861
RAPP_000436,2,OSM;HEALTHSITES,True,True,False,node/4413468087,node/4413468087,,People's pharmacy PK 8,People's pharmacy PK 8,,SOC.SANTE.PHARMACIE,SOC.SANTE.PHARMACIE,,id_osm,,,OSM,9.759486,4.047254
RAPP_000437,2,OSM;HEALTHSITES,True,True,False,node/4413468293,node/4413468293,,Dispensaire Pouis Pasteur Annexe PK 9,Dispensaire Pouis Pasteur Annexe PK 9,,SOC.SANTE.CENTRE,SOC.SANTE.CENTRE,,id_osm,,,OSM,9.765321,4.047131
RAPP_000438,2,OSM;HEALTHSITES,True,True,False,node/4414657921,node/4414657921,,Pharmacie la Vita,Pharmacie la Vita,,SOC.SANTE.PHARMACIE,SOC.SANTE.PHARMACIE,,id_osm,,,OSM,9.762708,4.036123
RAPP_000439,2,OSM;HEALTHSITES,True,True,False,node/4414699603,node/4414699603,,Pharmacie Les Merveilles,Pharmacie Les Merveilles,,SOC.SANTE.PHARMACIE,SOC.SANTE.PHARMACIE,,id_osm,,,OSM,9.745328,4.041466
RAPP_000440,2,OSM;HEALTHSITES,True,True,False,node/4415137600,node/4415137600,,Pharmacy la Vita Nyalla,Pharmacy la Vita Nyalla,,SOC.SANTE.PHARMACIE,SOC.SANTE.PHARMACIE,,id_osm,,,OSM,9.783502,4.03371
RAPP_000441,2,OSM;HEALTHSITES,True,True,False,node/4418786088,node/4418786088,,Pharmacy ESSEC,Pharmacy ESSEC,,SOC.SANTE.PHARMACIE,SOC.SANTE.PHARMACIE,,id_osm,,,OSM,9.735907,4.053298
RAPP_000442,2,OSM;HEALTHSITES,True,True,False,node/4418786090,node/4418786090,,Clinique de l'Université,Clinique de l'Université,,SOC.SANTE.CLINIQUE,SOC.SANTE.CLINIQUE,,id_osm,,,OSM,9.733007,4.054864
RAPP_000443,2,OSM;HEALTHSITES,True,True,False,node/4418786102,node/4418786102,,Djakoume Phamacy,Djakoume Phamacy,,SOC.SANTE.PHARMACIE,SOC.SANTE.PHARMACIE,,id_osm,,,OSM,9.727822,4.058505
RAPP_000444,2,OSM;HEALTHSITES,True,True,False,node/4419001712,node/4419001712,,Pharmacy Gabriel,Pharmacy Gabriel,,SOC.SANTE.PHARMACIE,SOC.SANTE.PHARMACIE,,id_osm,,,OSM,9.724818,4.059796
RAPP_000445,2,OSM;HEALTHSITES,True,True,False,node/4419001723,node/4419001723,,Pharmacy Sante pour tous,Pharmacy Sante pour tous,,SOC.SANTE.PHARMACIE,SOC.SANTE.PHARMACIE,,id_osm,,,OSM,9.719411,4.052048
RAPP_000446,2,OSM;HEALTHSITES,True,True,False,node/4441904289,node/4441904289,,Cardiologie,Cardiologie,,SOC.SANTE.CLINIQUE,SOC.SANTE.CLINIQUE,,id_osm,,,OSM,14.354375,10.611953
RAPP_000447,2,OSM;HEALTHSITES,True,True,False,node/4442370288,node/4442370288,,Pharmacie de Grace,Pharmacie de Grace,,SOC.SANTE.PHARMACIE,SOC.SANTE.PHARMACIE,,id_osm,,,OSM,9.668508,4.072538
RAPP_000448,2,OSM;HEALTHSITES,True,True,False,node/4444144982,node/4444144982,,Cabinet medical chinois,Cabinet medical chinois,,,,,id_osm,,,OSM,9.663568,4.071937
RAPP_000449,2,OSM;HEALTHSITES,True,True,False,node/4444155063,node/4444155063,,Centre Medical Islamique de L'union Koumba Bonaberi,Centre Medical Islamique de L'union Koumba Bonaberi,,SOC.SANTE.CENTRE,SOC.SANTE.CENTRE,,id_osm,,,OSM,9.669798,4.071048
RAPP_000450,2,OSM;HEALTHSITES,True,True,False,node/4446073961,node/4446073961,,Centre de Sante le Compassion de Boko,Centre de Sante le Compassion de Boko,,SOC.SANTE.CENTRE,SOC.SANTE.CENTRE,,id_osm,,,OSM,9.763231,3.994822
RAPP_000451,2,OSM;HEALTHSITES,True,True,False,node/4447581354,node/4447581354,,Pharmacie du Boulevard,Pharmacie du Boulevard,,SOC.SANTE.PHARMACIE,SOC.SANTE.PHARMACIE,,id_osm,,,OSM,9.793809,4.022975
RAPP_000452,2,OSM;HEALTHSITES,True,True,False,node/4447581363,node/4447581363,,louxia pharmacie,louxia pharmacie,,SOC.SANTE.PHARMACIE,SOC.SANTE.PHARMACIE,,id_osm,,,OSM,9.789534,4.03104
RAPP_000453,2,OSM;HEALTHSITES,True,True,False,node/4447691233,node/4447691233,,Centre de Sante de Yassa,Centre de Sante de Yassa,,SOC.SANTE.CENTRE,SOC.SANTE.CENTRE,,id_osm,,,OSM,9.804715,4.00182
RAPP_000454,2,OSM;HEALTHSITES,True,True,False,node/4450608871,node/4450608871,,Pharmacie de la Mvila,Pharmacie de la Mvila,,SOC.SANTE.PHARMACIE,SOC.SANTE.PHARMACIE,,id_osm,,,OSM,11.151622,2.919083
RAPP_000455,2,OSM;HEALTHSITES,True,True,False,node/4451085220,node/4451085220,,,,,SOC.SANTE.PHARMACIE,SOC.SANTE.PHARMACIE,,id_osm,,,OSM,10.258933,5.626572
RAPP_000456,2,OSM;HEALTHSITES,True,True,False,node/4455269240,node/4455269240,,,,,SOC.SANTE.PHARMACIE,SOC.SANTE.PHARMACIE,,id_osm,,,OSM,10.897465,5.730071
RAPP_000457,2,OSM;HEALTHSITES,True,True,False,node/4455269250,node/4455269250,,,,,SOC.SANTE.PHARMACIE,SOC.SANTE.PHARMACIE,,id_osm,,,OSM,10.900308,5.731069
RAPP_000458,2,OSM;HEALTHSITES,True,True,False,node/4455404450,node/4455404450,,Pharmacie la Générale,Pharmacie la Générale,,SOC.SANTE.PHARMACIE,SOC.SANTE.PHARMACIE,,id_osm,,,OSM,13.681873,4.574638
RAPP_000459,2,OSM;HEALTHSITES,True,True,False,node/4455405630,node/4455405630,,Pharmacie Mokolo,Pharmacie Mokolo,,SOC.SANTE.PHARMACIE,SOC.SANTE.PHARMACIE,,id_osm,,,OSM,13.684137,4.579299
RAPP_000460,2,OSM;HEALTHSITES,True,True,False,node/4456079169,node/4456079169,,,Pharmacie,,SOC.SANTE.PHARMACIE,SOC.SANTE.PHARMACIE,,id_osm,,,OSM,13.678046,4.575053
RAPP_000461,2,OSM;HEALTHSITES,True,True,False,node/4462243439,node/4462243439,,Fako Atlantic Pharmacy,Fako Atlantic Pharmacy,,SOC.SANTE.PHARMACIE,SOC.SANTE.PHARMACIE,,id_osm,,,OSM,9.207633,4.011091
RAPP_000462,2,OSM;HEALTHSITES,True,True,False,node/4464016533,node/4464016533,,Pharmacie PK8,Pharmacie PK8,,SOC.SANTE.PHARMACIE,SOC.SANTE.PHARMACIE,,id_osm,,,OSM,9.75364,4.046269
RAPP_000463,2,OSM;HEALTHSITES,True,True,False,node/4464702477,node/4464702477,,Makarios eye,Makarios eye,,SOC.SANTE.CLINIQUE,SOC.SANTE.CLINIQUE,,id_osm,,,OSM,9.206528,4.015141
RAPP_000464,2,OSM;HEALTHSITES,True,True,False,node/4464702478,node/4464702478,,Taf pharmacy,Taf pharmacy,,SOC.SANTE.PHARMACIE,SOC.SANTE.PHARMACIE,,id_osm,,,OSM,9.206522,4.015203
RAPP_000465,2,OSM;HEALTHSITES,True,True,False,node/4465138988,node/4465138988,,CERAD,CERAD,,,,,id_osm,,,OSM,9.714319,4.063148
RAPP_000466,2,OSM;HEALTHSITES,True,True,False,node/4466327247,node/4466327247,,Limbe Pharmacy,Limbe Pharmacy,,SOC.SANTE.PHARMACIE,SOC.SANTE.PHARMACIE,,id_osm,,,OSM,9.20815,4.019402
RAPP_000467,2,OSM;HEALTHSITES,True,True,False,node/4468113303,node/4468113303,,Fondation médicale Zaina,Fondation médicale Zaina,,SOC.SANTE.CLINIQUE,SOC.SANTE.CLINIQUE,,id_osm,,,OSM,9.651068,4.083939
RAPP_000468,2,OSM;HEALTHSITES,True,True,False,node/4470305284,node/4470305284,,Pharmacie de la liberté,Pharmacie de la liberté,,SOC.SANTE.PHARMACIE,SOC.SANTE.PHARMACIE,,id_osm,,,OSM,11.579977,3.852737
RAPP_000469,2,OSM;HEALTHSITES,True,True,False,node/4470330023,node/4470330023,,Pharmacie de l'Unité,Pharmacie de l'Unité,,SOC.SANTE.PHARMACIE,SOC.SANTE.PHARMACIE,,id_osm,,,OSM,11.52169,3.858839
RAPP_000470,2,OSM;HEALTHSITES,True,True,False,node/4470403349,node/4470403349,,Pharmacie Ste Madeleine,Pharmacie Ste Madeleine,,SOC.SANTE.PHARMACIE,SOC.SANTE.PHARMACIE,,id_osm,,,OSM,11.585794,3.861853
RAPP_000471,2,OSM;HEALTHSITES,True,True,False,node/4470403360,node/4470403360,,Centre de Santé sainte marie mère de dieu,Centre de Santé sainte marie mère de dieu,,SOC.SANTE.CENTRE,SOC.SANTE.CENTRE,,id_osm,,,OSM,11.593556,3.860039
RAPP_000472,2,OSM;HEALTHSITES,True,True,False,node/4475378856,node/4475378856,,Pharmacie Makepe,Pharmacie Makepe,,SOC.SANTE.PHARMACIE,SOC.SANTE.PHARMACIE,,id_osm,,,OSM,9.755264,4.084838
RAPP_000473,2,OSM;HEALTHSITES,True,True,False,node/4511233090,node/4511233090,,Centre Médical de Bessengué,Centre Médical de Bessengué,,SOC.SANTE.CENTRE,SOC.SANTE.CENTRE,,id_osm,,,OSM,9.710821,4.058556
RAPP_000474,2,OSM;HEALTHSITES,True,True,False,node/4515863681,node/4515863681,,,Pharmacie,,SOC.SANTE.PHARMACIE,SOC.SANTE.PHARMACIE,,id_osm,,,OSM,9.658149,4.094018
RAPP_000475,2,OSM;HEALTHSITES,True,True,False,node/4523351572,node/4523351572,,Pharmacie du Centre,Pharmacie du Centre,,SOC.SANTE.PHARMACIE,SOC.SANTE.PHARMACIE,,id_osm,,,OSM,9.694126,4.047591
RAPP_000476,2,OSM;HEALTHSITES,True,True,False,node/4523355882,node/4523355882,,Pharmacie Nouvelle,Pharmacie Nouvelle,,SOC.SANTE.PHARMACIE,SOC.SANTE.PHARMACIE,,id_osm,,,OSM,9.694475,4.048309
RAPP_000477,2,OSM;HEALTHSITES,True,True,False,node/4523809419,node/4523809419,,Phamacie de l'Amour,Phamacie de l'Amour,,SOC.SANTE.PHARMACIE,SOC.SANTE.PHARMACIE,,id_osm,,,OSM,9.651004,4.095773
RAPP_000478,2,OSM;HEALTHSITES,True,True,False,node/4524631890,node/4524631890,,Polyclinique de Poitiers,Polyclinique de Poitiers,,SOC.SANTE.CLINIQUE,SOC.SANTE.CLINIQUE,,id_osm,,,OSM,9.699248,4.046465
RAPP_000479,2,OSM;HEALTHSITES,True,True,False,node/4525298987,node/4525298987,,Pharmacie de Côte,Pharmacie de Côte,,SOC.SANTE.PHARMACIE,SOC.SANTE.PHARMACIE,,id_osm,,,OSM,9.693454,4.040447
RAPP_000480,2,OSM;HEALTHSITES,True,True,False,node/4529280338,node/4529280338,,,,,SOC.SANTE.PHARMACIE,SOC.SANTE.PHARMACIE,,id_osm,,,OSM,10.129821,3.800095
RAPP_000481,2,OSM;HEALTHSITES,True,True,False,node/4534873636,node/4534873636,,Pharmacie du Centre,Pharmacie du Centre,,SOC.SANTE.PHARMACIE,SOC.SANTE.PHARMACIE,,id_osm,,,OSM,10.055477,5.444414
RAPP_000482,2,OSM;HEALTHSITES,True,True,False,node/4543647557,node/4543647557,,Pharmacie de la Jouvence,Pharmacie de la Jouvence,,SOC.SANTE.PHARMACIE,SOC.SANTE.PHARMACIE,,id_osm,,,OSM,9.698209,4.050769
RAPP_000483,2,OSM;HEALTHSITES,True,True,False,node/4555768238,node/4555768238,,MINDILI,MINDILI,,SOC.SANTE.PHARMACIE,SOC.SANTE.PHARMACIE,,id_osm,,,OSM,11.53644,3.824584
RAPP_000484,2,OSM;HEALTHSITES,True,True,False,node/4591076490,node/4591076490,,,Pharmacie,,SOC.SANTE.PHARMACIE,SOC.SANTE.PHARMACIE,,id_osm,,,OSM,9.734473,4.720987
RAPP_000485,2,OSM;HEALTHSITES,True,True,False,node/4591469995,node/4591469995,,"Centre de santé père,mère et enfant (loum)","Centre de santé père,mère et enfant (loum)",,SOC.SANTE.CENTRE,SOC.SANTE.CENTRE,,id_osm,,,OSM,9.726121,4.722815
RAPP_000486,2,OSM;HEALTHSITES,True,True,False,node/4591981089,node/4591981089,,Pharmacie la Colombe,Pharmacie la Colombe,,SOC.SANTE.PHARMACIE,SOC.SANTE.PHARMACIE,,id_osm,,,OSM,11.535776,3.884954
RAPP_000487,2,OSM;HEALTHSITES,True,True,False,node/4722286702,node/4722286702,,centre médical Dikolo,centre médical Dikolo,,SOC.SANTE.CENTRE,SOC.SANTE.CENTRE,,id_osm,,,OSM,9.676605,4.08416
RAPP_000488,2,OSM;HEALTHSITES,True,True,False,node/4725674089,node/4725674089,,St Louis Clinic,St Louis Clinic,,SOC.SANTE.CLINIQUE,SOC.SANTE.CLINIQUE,,id_osm,,,OSM,10.179441,5.981171
RAPP_000489,2,OSM;HEALTHSITES,True,True,False,node/4740242725,node/4740242725,,Africa Pharmacy,Africa Pharmacy,,SOC.SANTE.PHARMACIE,SOC.SANTE.PHARMACIE,,id_osm,,,OSM,9.647463,4.09451
RAPP_000490,2,OSM;HEALTHSITES,True,True,False,node/4762059526,node/4762059526,,Plg,Plg,,SOC.SANTE.HOPITAL,SOC.SANTE.HOPITAL,,id_osm,,,OSM,14.323368,10.58783
RAPP_000491,2,OSM;HEALTHSITES,True,True,False,node/4780959821,node/4780959821,,Doctor Azang,Doctor Azang,,,,,id_osm,,,OSM,10.135345,5.983642
RAPP_000492,2,OSM;HEALTHSITES,True,True,False,node/4803623522,node/4803623522,,Clinique du gros chêne,Clinique du gros chêne,,SOC.SANTE.CLINIQUE,SOC.SANTE.CLINIQUE,,id_osm,,,OSM,9.699792,4.050295
RAPP_000493,2,OSM;HEALTHSITES,True,True,False,node/4883735221,node/4883735221,,Fondation médico-chirurgicale Maria Rosa Nsisim,Fondation médico-chirurgicale Maria Rosa Nsisim,,SOC.SANTE.HOPITAL,SOC.SANTE.HOPITAL,,id_osm,,,OSM,11.502291,3.81213
RAPP_000494,2,OSM;HEALTHSITES,True,True,False,node/4956850721,node/4956850721,,Saint-luc,Saint-luc,,,,,id_osm,,,OSM,11.551177,3.899045
RAPP_000495,2,OSM;HEALTHSITES,True,True,False,node/4979030622,node/4979030622,,Pharmacie De L'espoir,Pharmacie De L'espoir,,SOC.SANTE.PHARMACIE,SOC.SANTE.PHARMACIE,,id_osm,,,OSM,10.520805,5.142159
RAPP_000496,2,OSM;HEALTHSITES,True,True,False,node/5014762220,node/5014762220,,Centre médical de la Police,Centre médical de la Police,,SOC.SANTE.CENTRE,SOC.SANTE.CENTRE,,id_osm,,,OSM,13.578891,7.31877
RAPP_000497,2,OSM;HEALTHSITES,True,True,False,node/5112556307,node/5112556307,,Pharmacie Bleue,Pharmacie Bleue,,SOC.SANTE.PHARMACIE,SOC.SANTE.PHARMACIE,,id_osm,,,OSM,11.542265,3.907677
RAPP_000498,2,OSM;HEALTHSITES,True,True,False,node/5112556308,node/5112556308,,Phamacie Bayard,Phamacie Bayard,,SOC.SANTE.PHARMACIE,SOC.SANTE.PHARMACIE,,id_osm,,,OSM,11.546169,3.902416
RAPP_000499,2,OSM;HEALTHSITES,True,True,False,node/5126030895,node/5126030895,,Pharmacie Oxygène,Pharmacie Oxygène,,SOC.SANTE.PHARMACIE,SOC.SANTE.PHARMACIE,,id_osm,,,OSM,13.584925,7.325664
RAPP_000500,2,OSM;HEALTHSITES,True,True,False,node/5161969332,node/5161969332,,Centre de Santé Intégré Moïse & Elisabeth,Centre de Santé Intégré Moïse & Elisabeth,,SOC.SANTE.CENTRE,SOC.SANTE.CENTRE,,id_osm,,,OSM,11.521815,3.821188
RAPP_000501,2,OSM;HEALTHSITES,True,True,False,node/5161979851,node/5161979851,,Centre de Santé Intégré Sainte Marie,Centre de Santé Intégré Sainte Marie,,SOC.SANTE.CENTRE,SOC.SANTE.CENTRE,,id_osm,,,OSM,11.523876,3.81786
RAPP_000502,2,OSM;HEALTHSITES,True,True,False,node/5162037367,node/5162037367,,,,,SOC.SANTE.PHARMACIE,SOC.SANTE.PHARMACIE,,id_osm,,,OSM,13.587868,7.318892
RAPP_000503,2,OSM;HEALTHSITES,True,True,False,node/5177699233,node/5177699233,,Pharmacie 2000,Pharmacie 2000,,SOC.SANTE.PHARMACIE,SOC.SANTE.PHARMACIE,,id_osm,,,OSM,11.507921,3.885717
RAPP_000504,2,OSM;HEALTHSITES,True,True,False,node/5178318476,node/5178318476,,Plateforme de Diagnostic Médical de Douala,Plateforme de Diagnostic Médical de Douala,,SOC.SANTE.CLINIQUE,SOC.SANTE.CLINIQUE,,id_osm,,,OSM,9.726614,4.08256
RAPP_000505,2,OSM;HEALTHSITES,True,True,False,node/5303143122,node/5303143122,,Pharmacie Vimli,Pharmacie Vimli,,SOC.SANTE.PHARMACIE,SOC.SANTE.PHARMACIE,,id_osm,,,OSM,11.505347,3.520824
RAPP_000506,2,OSM;HEALTHSITES,True,True,False,node/5310402832,node/5310402832,,Cabinet Dentaire Effila Ebe,Cabinet Dentaire Effila Ebe,,,,,id_osm,,,OSM,11.518267,3.880567
RAPP_000507,2,OSM;HEALTHSITES,True,True,False,node/5348083228,node/5348083228,,Hope Clinic,Hope Clinic,,SOC.SANTE.CLINIQUE,SOC.SANTE.CLINIQUE,,id_osm,,,OSM,11.547772,3.878854
RAPP_000508,2,OSM;HEALTHSITES,True,True,False,node/5479521721,node/5479521721,,Complexe Medico Chirurgical,Complexe Medico Chirurgical,,SOC.SANTE.CLINIQUE,SOC.SANTE.CLINIQUE,,id_osm,,,OSM,11.63796,3.724886
RAPP_000509,2,OSM;HEALTHSITES,True,True,False,node/5555207930,node/5555207930,,,,,SOC.SANTE.PHARMACIE,SOC.SANTE.PHARMACIE,,id_osm,,,OSM,11.492837,3.871887
RAPP_000510,2,OSM;HEALTHSITES,True,True,False,node/5584771150,node/5584771150,,Pharmacie Ambre,Pharmacie Ambre,,SOC.SANTE.PHARMACIE,SOC.SANTE.PHARMACIE,,id_osm,,,OSM,10.129412,3.798498
RAPP_000511,2,OSM;HEALTHSITES,True,True,False,node/5596176330,node/5596176330,,Clinique de l'espoir,Clinique de l'espoir,,SOC.SANTE.CLINIQUE,SOC.SANTE.CLINIQUE,,id_osm,,,OSM,11.486667,3.845849
RAPP_000512,2,OSM;HEALTHSITES,True,True,False,node/5596576514,node/5596576514,,Pharmacie Al Cnar,Pharmacie Al Cnar,,SOC.SANTE.PHARMACIE,SOC.SANTE.PHARMACIE,,id_osm,,,OSM,15.028376,12.111604
RAPP_000513,2,OSM;HEALTHSITES,True,True,False,node/5671968923,node/5671968923,,Prestige Pharmacy,Prestige Pharmacy,,SOC.SANTE.PHARMACIE,SOC.SANTE.PHARMACIE,,id_osm,,,OSM,9.441044,4.634407
RAPP_000514,2,OSM;HEALTHSITES,True,True,False,node/5692876637,node/5692876637,,,,,SOC.SANTE.PHARMACIE,SOC.SANTE.PHARMACIE,,id_osm,,,OSM,11.520461,3.927277
RAPP_000515,2,OSM;HEALTHSITES,True,True,False,node/5695789322,node/5695789322,,GT labo,GT labo,,SOC.SANTE.HOPITAL,SOC.SANTE.HOPITAL,,id_osm,,,OSM,11.499271,3.863629
RAPP_000516,2,OSM;HEALTHSITES,True,True,False,node/5702082026,node/5702082026,,Pharmacie Populaire,Pharmacie Populaire,,SOC.SANTE.PHARMACIE,SOC.SANTE.PHARMACIE,,id_osm,,,OSM,11.540057,3.873666
RAPP_000517,2,OSM;HEALTHSITES,True,True,False,node/5714563884,node/5714563884,,Pharlacie du campus,Pharlacie du campus,,SOC.SANTE.PHARMACIE,SOC.SANTE.PHARMACIE,,id_osm,,,OSM,13.547933,7.411488
RAPP_000518,2,OSM;HEALTHSITES,True,True,False,node/5759180822,node/5759180822,,Wisdom Pharmacy,Wisdom Pharmacy,,SOC.SANTE.PHARMACIE,SOC.SANTE.PHARMACIE,,id_osm,,,OSM,9.442595,4.63016
RAPP_000519,2,OSM;HEALTHSITES,True,True,False,node/5774855582,node/5774855582,,Maman Diana,Maman Diana,,,,,id_osm,,,OSM,11.471123,3.827416
RAPP_000520,2,OSM;HEALTHSITES,True,True,False,node/5774855595,node/5774855595,,Renfort plus,Renfort plus,,,,,id_osm,,,OSM,11.473386,3.821052
RAPP_000521,2,OSM;HEALTHSITES,True,True,False,node/5774855596,node/5774855596,,Jproso plus,Jproso plus,,,,,id_osm,,,OSM,11.471849,3.822318
RAPP_000522,2,OSM;HEALTHSITES,True,True,False,node/5775378356,node/5775378356,,Feel Better,Feel Better,,,,,id_osm,,,OSM,11.45794,3.839587
RAPP_000523,2,OSM;HEALTHSITES,True,True,False,node/5775378357,node/5775378357,,La patience,La patience,,,,,id_osm,,,OSM,11.46,3.839182
RAPP_000524,2,OSM;HEALTHSITES,True,True,False,node/5776914152,node/5776914152,,Laboratoire Lumen Christ,Laboratoire Lumen Christ,,,,,id_osm,,,OSM,11.497551,3.864022
RAPP_000525,2,OSM;HEALTHSITES,True,True,False,node/5776915796,node/5776915796,,LM St Mary medical,LM St Mary medical,,SOC.SANTE.CLINIQUE,SOC.SANTE.CLINIQUE,,id_osm,,,OSM,11.504169,3.862894
RAPP_000526,2,OSM;HEALTHSITES,True,True,False,node/5776915806,node/5776915806,,Pavillon Ngantaha,Pavillon Ngantaha,,SOC.SANTE.CLINIQUE,SOC.SANTE.CLINIQUE,,id_osm,,,OSM,11.503883,3.865061
RAPP_000527,2,OSM;HEALTHSITES,True,True,False,node/5776960932,node/5776960932,,Pharmacie EMIA,Pharmacie EMIA,,SOC.SANTE.PHARMACIE,SOC.SANTE.PHARMACIE,,id_osm,,,OSM,11.501731,3.862683
RAPP_000528,2,OSM;HEALTHSITES,True,True,False,node/5776961120,node/5776961120,,Pharmacie Mandela,Pharmacie Mandela,,SOC.SANTE.PHARMACIE,SOC.SANTE.PHARMACIE,,id_osm,,,OSM,11.497255,3.864119
RAPP_000529,2,OSM;HEALTHSITES,True,True,False,node/5777057800,node/5777057800,,Pharmacie MESSA,Pharmacie MESSA,,SOC.SANTE.PHARMACIE,SOC.SANTE.PHARMACIE,,id_osm,,,OSM,11.504311,3.872231
RAPP_000530,2,OSM;HEALTHSITES,True,True,False,node/5777057853,node/5777057853,,Pharmacie la Providence,Pharmacie la Providence,,SOC.SANTE.PHARMACIE,SOC.SANTE.PHARMACIE,,id_osm,,,OSM,11.503176,3.873353
RAPP_000531,2,OSM;HEALTHSITES,True,True,False,node/5777072966,node/5777072966,,Laboratoire de Santé Hygiène Mobile,Laboratoire de Santé Hygiène Mobile,,,,,id_osm,,,OSM,11.50859,3.870122
RAPP_000532,2,OSM;HEALTHSITES,True,True,False,node/5777072967,node/5777072967,,Centre de Vaccinations Internationales de Yaounde,Centre de Vaccinations Internationales de Yaounde,,SOC.SANTE.CLINIQUE,SOC.SANTE.CLINIQUE,,id_osm,,,OSM,11.508231,3.870274
RAPP_000533,2,OSM;HEALTHSITES,True,True,False,node/5777138819,node/5777138819,,,,,SOC.SANTE.PHARMACIE,SOC.SANTE.PHARMACIE,,id_osm,,,OSM,11.491709,3.856051
RAPP_000534,2,OSM;HEALTHSITES,True,True,False,node/5807235206,node/5807235206,,Pharmarcie de la cité des palmiers,Pharmarcie de la cité des palmiers,,SOC.SANTE.PHARMACIE,SOC.SANTE.PHARMACIE,,id_osm,,,OSM,9.761663,4.052833
RAPP_000535,2,OSM;HEALTHSITES,True,True,False,node/5812896019,node/5812896019,,Centre médical des capucines,Centre médical des capucines,,SOC.SANTE.CENTRE,SOC.SANTE.CENTRE,,id_osm,,,OSM,9.702485,4.021788
RAPP_000536,2,OSM;HEALTHSITES,True,True,False,node/5824969054,node/5824969054,,Polyclinique du palais,Polyclinique du palais,,SOC.SANTE.CLINIQUE,SOC.SANTE.CLINIQUE,,id_osm,,,OSM,11.503659,3.894189
RAPP_000537,2,OSM;HEALTHSITES,True,True,False,node/5864861885,node/5864861885,,Centre Hospitalier Pédiatrique et Gynécologique Nina,Centre Hospitalier Pédiatrique et Gynécologique Nina,,SOC.SANTE.CLINIQUE,SOC.SANTE.CLINIQUE,,id_osm,,,OSM,11.474865,3.817227
RAPP_000538,2,OSM;HEALTHSITES,True,True,False,node/5916282862,node/5916282862,,Centre de medecine traditionnelle chiniose,Centre de medecine traditionnelle chiniose,,SOC.SANTE.CLINIQUE,SOC.SANTE.CLINIQUE,,id_osm,,,OSM,13.582111,7.356818
RAPP_000539,2,OSM;HEALTHSITES,True,True,False,node/5916282863,node/5916282863,,La relève,La relève,,SOC.SANTE.CLINIQUE,SOC.SANTE.CLINIQUE,,id_osm,,,OSM,13.590578,7.34544
RAPP_000540,2,OSM;HEALTHSITES,True,True,False,node/5916283728,node/5916283728,,CSI de Boumdjere,CSI de Boumdjere,,SOC.SANTE.CENTRE,SOC.SANTE.CENTRE,,id_osm,,,OSM,13.586865,7.315207
RAPP_000541,2,OSM;HEALTHSITES,True,True,False,node/5916339675,node/5916339675,,Clinique islamique de l'Adamaoua,Clinique islamique de l'Adamaoua,,SOC.SANTE.CLINIQUE,SOC.SANTE.CLINIQUE,,id_osm,,,OSM,13.573571,7.32984
RAPP_000542,2,OSM;HEALTHSITES,True,True,False,node/5916339677,node/5916339677,,Soins Traditionnels Chinois,Soins Traditionnels Chinois,,SOC.SANTE.CLINIQUE,SOC.SANTE.CLINIQUE,,id_osm,,,OSM,13.587299,7.33248
RAPP_000543,2,OSM;HEALTHSITES,True,True,False,node/5916339678,node/5916339678,,Cabinet Medical La Patience,Cabinet Medical La Patience,,SOC.SANTE.CLINIQUE,SOC.SANTE.CLINIQUE,,id_osm,,,OSM,13.583269,7.318274
RAPP_000544,2,OSM;HEALTHSITES,True,True,False,node/5916339679,node/5916339679,,Centre De Sante Integre Prive De Burkina,Centre De Sante Integre Prive De Burkina,,SOC.SANTE.CENTRE,SOC.SANTE.CENTRE,,id_osm,,,OSM,13.600126,7.307362
RAPP_000545,2,OSM;HEALTHSITES,True,True,False,node/5916339680,node/5916339680,,Los Marie Baudon,Los Marie Baudon,,SOC.SANTE.CLINIQUE,SOC.SANTE.CLINIQUE,,id_osm,,,OSM,13.606015,7.326974
RAPP_000546,2,OSM;HEALTHSITES,True,True,False,node/5916339681,node/5916339681,,Lakempa,Lakempa,,SOC.SANTE.CLINIQUE,SOC.SANTE.CLINIQUE,,id_osm,,,OSM,13.599394,7.328608
RAPP_000547,2,OSM;HEALTHSITES,True,True,False,node/5916339682,node/5916339682,,Malam Aoaudou Tapare,Malam Aoaudou Tapare,,SOC.SANTE.CLINIQUE,SOC.SANTE.CLINIQUE,,id_osm,,,OSM,13.597359,7.323915
RAPP_000548,2,OSM;HEALTHSITES,True,True,False,node/5916339683,node/5916339683,,Sare Dama,Sare Dama,,SOC.SANTE.CLINIQUE,SOC.SANTE.CLINIQUE,,id_osm,,,OSM,13.579133,7.293583
RAPP_000549,2,OSM;HEALTHSITES,True,True,False,node/5916339684,node/5916339684,,Oganisation Internationale Pour La Sante En Afrique ?uvre De Bamyanga,Oganisation Internationale Pour La Sante En Afrique ?uvre De Bamyanga,,SOC.SANTE.CLINIQUE,SOC.SANTE.CLINIQUE,,id_osm,,,OSM,13.572508,7.295382
RAPP_000550,2,OSM;HEALTHSITES,True,True,False,node/5916343585,node/5916343585,,Centre de Sante Integre Catholique De Bamyanga Marza,Centre de Sante Integre Catholique De Bamyanga Marza,,SOC.SANTE.CENTRE,SOC.SANTE.CENTRE,,id_osm,,,OSM,13.57384,7.288252
RAPP_000551,2,OSM;HEALTHSITES,True,True,False,node/5916343586,node/5916343586,,Centre de Sante Yves Plumet De Marza,Centre de Sante Yves Plumet De Marza,,SOC.SANTE.CENTRE,SOC.SANTE.CENTRE,,id_osm,,,OSM,13.583555,7.272087
RAPP_000552,2,OSM;HEALTHSITES,True,True,False,node/5916343587,node/5916343587,,Centre de Medecine Traditiouinelle Chinouiise,Centre de Medecine Traditiouinelle Chinouiise,,SOC.SANTE.CLINIQUE,SOC.SANTE.CLINIQUE,,id_osm,,,OSM,13.575802,7.294954
RAPP_000553,2,OSM;HEALTHSITES,True,True,False,node/5916343588,node/5916343588,,Centre de Sante Privee Islamique Lamido Hayatou,Centre de Sante Privee Islamique Lamido Hayatou,,SOC.SANTE.CENTRE,SOC.SANTE.CENTRE,,id_osm,,,OSM,13.5881,7.3215
RAPP_000554,2,OSM;HEALTHSITES,True,True,False,node/5916343589,node/5916343589,,Pharmacopee Adama,Pharmacopee Adama,,SOC.SANTE.CLINIQUE,SOC.SANTE.CLINIQUE,,id_osm,,,OSM,13.590852,7.321217
RAPP_000555,2,OSM;HEALTHSITES,True,True,False,node/5916343590,node/5916343590,,Cabinet Des Soins Le Bien Etre,Cabinet Des Soins Le Bien Etre,,SOC.SANTE.CLINIQUE,SOC.SANTE.CLINIQUE,,id_osm,,,OSM,13.589829,7.323818
RAPP_000556,2,OSM;HEALTHSITES,True,True,False,node/5924509985,node/5924509985,,Hallelujah Clinic,Hallelujah Clinic,,SOC.SANTE.CLINIQUE,SOC.SANTE.CLINIQUE,,id_osm,,,OSM,9.655011,4.090652
RAPP_000557,2,OSM;HEALTHSITES,True,True,False,node/5934597090,node/5934597090,,,,,,,,id_osm,,,OSM,13.580874,7.319569
RAPP_000558,2,OSM;HEALTHSITES,True,True,False,node/5940279339,node/5940279339,,Pharmacie de L'esperance,Pharmacie de L'esperance,,SOC.SANTE.PHARMACIE,SOC.SANTE.PHARMACIE,,id_osm,,,OSM,13.579041,7.321132
RAPP_000559,2,OSM;HEALTHSITES,True,True,False,node/5940279340,node/5940279340,,Pharmacie de la Gare,Pharmacie de la Gare,,SOC.SANTE.PHARMACIE,SOC.SANTE.PHARMACIE,,id_osm,,,OSM,13.587113,7.333106
RAPP_000560,2,OSM;HEALTHSITES,True,True,False,node/5940279341,node/5940279341,,Pharmacie le Saare,Pharmacie le Saare,,SOC.SANTE.PHARMACIE,SOC.SANTE.PHARMACIE,,id_osm,,,OSM,13.58325,7.32685
RAPP_000561,2,OSM;HEALTHSITES,True,True,False,node/5940279342,node/5940279342,,Pharmacie Oxygene,Pharmacie Oxygene,,SOC.SANTE.PHARMACIE,SOC.SANTE.PHARMACIE,,id_osm,,,OSM,13.585692,7.326409
RAPP_000562,2,OSM;HEALTHSITES,True,True,False,node/5940279344,node/5940279344,,Pharmacie de Beka-hossere,Pharmacie de Beka-hossere,,SOC.SANTE.PHARMACIE,SOC.SANTE.PHARMACIE,,id_osm,,,OSM,13.550603,7.311846
RAPP_000563,2,OSM;HEALTHSITES,True,True,False,node/5940279345,node/5940279345,,Pharmacie de L'enttente,Pharmacie de L'enttente,,SOC.SANTE.PHARMACIE,SOC.SANTE.PHARMACIE,,id_osm,,,OSM,13.585131,7.319073
RAPP_000564,2,OSM;HEALTHSITES,True,True,False,node/5940279346,node/5940279346,,Pharmacie de La Vina,Pharmacie de La Vina,,SOC.SANTE.PHARMACIE,SOC.SANTE.PHARMACIE,,id_osm,,,OSM,13.582648,7.32154
RAPP_000565,2,OSM;HEALTHSITES,True,True,False,node/5940279347,node/5940279347,,Pharmacie Coop Univers,Pharmacie Coop Univers,,SOC.SANTE.PHARMACIE,SOC.SANTE.PHARMACIE,,id_osm,,,OSM,13.574304,7.294014
RAPP_000566,2,OSM;HEALTHSITES,True,True,False,node/5940279348,node/5940279348,,Pharmacie Awal,Pharmacie Awal,,SOC.SANTE.PHARMACIE,SOC.SANTE.PHARMACIE,,id_osm,,,OSM,13.589912,7.319191
RAPP_000567,2,OSM;HEALTHSITES,True,True,False,node/5940279349,node/5940279349,,Pharmacie Garou,Pharmacie Garou,,SOC.SANTE.PHARMACIE,SOC.SANTE.PHARMACIE,,id_osm,,,OSM,13.587892,7.319126
RAPP_000568,2,OSM;HEALTHSITES,True,True,False,node/5940279350,node/5940279350,,Pharmacie Ngaha Clovis,Pharmacie Ngaha Clovis,,SOC.SANTE.PHARMACIE,SOC.SANTE.PHARMACIE,,id_osm,,,OSM,13.592744,7.319797
RAPP_000569,2,OSM;HEALTHSITES,True,True,False,node/6004672985,node/6004672985,,Saint Ange,Saint Ange,,,,,id_osm,,,OSM,9.69817,4.024357
RAPP_000570,2,OSM;HEALTHSITES,True,True,False,node/6021352188,node/6021352188,,Afamba,Afamba,,SOC.SANTE.PHARMACIE,SOC.SANTE.PHARMACIE,,id_osm,,,OSM,11.535106,4.166391
RAPP_000571,2,OSM;HEALTHSITES,True,True,False,node/6112301285,node/6112301285,,Pharmacie Saint Thomas,Pharmacie Saint Thomas,,SOC.SANTE.PHARMACIE,SOC.SANTE.PHARMACIE,,id_osm,,,OSM,11.534275,4.165156
RAPP_000572,2,OSM;HEALTHSITES,True,True,False,node/6121576885,node/6121576885,,Pharmacie de Bonamoussadi,Pharmacie de Bonamoussadi,,SOC.SANTE.PHARMACIE,SOC.SANTE.PHARMACIE,,id_osm,,,OSM,9.735659,4.086826
RAPP_000573,2,OSM;HEALTHSITES,True,True,False,node/6127533986,node/6127533986,,Pharmacie de Bonamoussadi,Pharmacie de Bonamoussadi,,SOC.SANTE.PHARMACIE,SOC.SANTE.PHARMACIE,,id_osm,,,OSM,9.737371,4.091903
RAPP_000574,2,OSM;HEALTHSITES,True,True,False,node/6212293885,node/6212293885,,centre medical pour les maldies du ventre,centre medical pour les maldies du ventre,,SOC.SANTE.CENTRE,SOC.SANTE.CENTRE,,id_osm,,,OSM,9.753858,4.086235
RAPP_000575,2,OSM;HEALTHSITES,True,True,False,node/6283070985,node/6283070985,,Pharmacie Bethesda,Pharmacie Bethesda,,SOC.SANTE.PHARMACIE,SOC.SANTE.PHARMACIE,,id_osm,,,OSM,11.48858,3.832313
RAPP_000576,2,OSM;HEALTHSITES,True,True,False,node/6308090915,node/6308090915,,Croix Rouge Camerounaise,Croix Rouge Camerounaise,,SOC.SANTE.HOPITAL,SOC.SANTE.HOPITAL,,id_osm,,,OSM,11.512704,3.86893
RAPP_000577,2,OSM;HEALTHSITES,True,True,False,node/6310400744,node/6310400744,,Pharmacie Française,Pharmacie Française,,SOC.SANTE.PHARMACIE,SOC.SANTE.PHARMACIE,,id_osm,,,OSM,11.519731,3.863649
RAPP_000578,2,OSM;HEALTHSITES,True,True,False,node/6310433854,node/6310433854,,Pharmacie de l'Intendance,Pharmacie de l'Intendance,,SOC.SANTE.PHARMACIE,SOC.SANTE.PHARMACIE,,id_osm,,,OSM,11.520365,3.866298
RAPP_000579,2,OSM;HEALTHSITES,True,True,False,node/6310583438,node/6310583438,,Pharmacie du bien-être,Pharmacie du bien-être,,SOC.SANTE.PHARMACIE,SOC.SANTE.PHARMACIE,,id_osm,,,OSM,11.524135,3.87467
RAPP_000580,2,OSM;HEALTHSITES,True,True,False,node/6310583440,node/6310583440,,Cabinet Médical,Cabinet Médical,,,,,id_osm,,,OSM,11.522853,3.874004
RAPP_000581,2,OSM;HEALTHSITES,True,True,False,node/6310583599,node/6310583599,,Le Mfoundi,Le Mfoundi,,SOC.SANTE.PHARMACIE,SOC.SANTE.PHARMACIE,,id_osm,,,OSM,11.523793,3.871277
RAPP_000582,2,OSM;HEALTHSITES,True,True,False,node/6310687640,node/6310687640,,Dispensaire Mvog-Ada,Dispensaire Mvog-Ada,,SOC.SANTE.CENTRE,SOC.SANTE.CENTRE,,id_osm,,,OSM,11.527193,3.86365
RAPP_000583,2,OSM;HEALTHSITES,True,True,False,node/6310687641,node/6310687641,,Pharmacie Vallée,Pharmacie Vallée,,SOC.SANTE.PHARMACIE,SOC.SANTE.PHARMACIE,,id_osm,,,OSM,11.524108,3.864343
RAPP_000584,2,OSM;HEALTHSITES,True,True,False,node/6311082085,node/6311082085,,La Grande Pharmacie des Lumiéres,La Grande Pharmacie des Lumiéres,,SOC.SANTE.PHARMACIE,SOC.SANTE.PHARMACIE,,id_osm,,,OSM,11.518553,3.884941
RAPP_000585,2,OSM;HEALTHSITES,True,True,False,node/6314455450,node/6314455450,,Centre Médical de l'Hippodrome,Centre Médical de l'Hippodrome,,SOC.SANTE.CENTRE,SOC.SANTE.CENTRE,,id_osm,,,OSM,11.52051,3.870237
RAPP_000586,2,OSM;HEALTHSITES,True,True,False,node/6315935387,node/6315935387,,Cabinet Médical,Cabinet Médical,,,,,id_osm,,,OSM,11.525023,3.877307
RAPP_000587,2,OSM;HEALTHSITES,True,True,False,node/6315935395,node/6315935395,,Clinique Sainte-Maithe,Clinique Sainte-Maithe,,SOC.SANTE.CLINIQUE,SOC.SANTE.CLINIQUE,,id_osm,,,OSM,11.526408,3.880128
RAPP_000588,2,OSM;HEALTHSITES,True,True,False,node/6316023391,node/6316023391,,Cabinet Dentaire,Cabinet Dentaire,,,,,id_osm,,,OSM,11.524452,3.87919
RAPP_000589,2,OSM;HEALTHSITES,True,True,False,node/6316081603,node/6316081603,,Centre de Santé,Centre de Santé,,SOC.SANTE.CENTRE,SOC.SANTE.CENTRE,,id_osm,,,OSM,11.509168,3.875463
RAPP_000590,2,OSM;HEALTHSITES,True,True,False,node/6316081608,node/6316081608,,Dentiste,Dentiste,,,,,id_osm,,,OSM,11.503486,3.876618
RAPP_000591,2,OSM;HEALTHSITES,True,True,False,node/6316081610,node/6316081610,,Pharmacie du Verset,Pharmacie du Verset,,SOC.SANTE.PHARMACIE,SOC.SANTE.PHARMACIE,,id_osm,,,OSM,11.506565,3.876725
RAPP_000592,2,OSM;HEALTHSITES,True,True,False,node/6316081662,node/6316081662,,Pharmacie des Congrès,Pharmacie des Congrès,,SOC.SANTE.PHARMACIE,SOC.SANTE.PHARMACIE,,id_osm,,,OSM,11.50271,3.886973
RAPP_000593,2,OSM;HEALTHSITES,True,True,False,node/6337677572,node/6337677572,,Clinique vétérinaire,Clinique vétérinaire,,SOC.SANTE.CLINIQUE,SOC.SANTE.CLINIQUE,,id_osm,,,OSM,11.509005,3.900605
RAPP_000594,2,OSM;HEALTHSITES,True,True,False,node/6337690369,node/6337690369,,Fondation médicale Ad Lucem au Cameroun,Fondation médicale Ad Lucem au Cameroun,,,,,id_osm,,,OSM,11.509086,3.892664
RAPP_000595,2,OSM;HEALTHSITES,True,True,False,node/6337722735,node/6337722735,,Alhysca,Alhysca,,SOC.SANTE.CLINIQUE,SOC.SANTE.CLINIQUE,,id_osm,,,OSM,11.512234,3.896538
RAPP_000596,2,OSM;HEALTHSITES,True,True,False,node/6337722778,node/6337722778,,INNEL,INNEL,,,,,id_osm,,,OSM,11.513344,3.89499
RAPP_000597,2,OSM;HEALTHSITES,True,True,False,node/6337736395,node/6337736395,,Laboratoire Meka,Laboratoire Meka,,SOC.SANTE.LABORATOIRE,SOC.SANTE.LABORATOIRE,,id_osm,,,OSM,11.509124,3.893213
RAPP_000598,2,OSM;HEALTHSITES,True,True,False,node/6337753916,node/6337753916,,Pharmacie Bastos,Pharmacie Bastos,,SOC.SANTE.PHARMACIE,SOC.SANTE.PHARMACIE,,id_osm,,,OSM,11.512027,3.892094
RAPP_000599,2,OSM;HEALTHSITES,True,True,False,node/6337753957,node/6337753957,,Cabinet,Cabinet,,,,,id_osm,,,OSM,11.512593,3.892264
RAPP_000600,2,OSM;HEALTHSITES,True,True,False,node/6337757203,node/6337757203,,Dispensaire de l'ONU,Dispensaire de l'ONU,,SOC.SANTE.CENTRE,SOC.SANTE.CENTRE,,id_osm,,,OSM,11.506174,3.891917
RAPP_000601,2,OSM;HEALTHSITES,True,True,False,node/6337766791,node/6337766791,,Centre medical Élisabeth,Centre medical Élisabeth,,SOC.SANTE.CENTRE,SOC.SANTE.CENTRE,,id_osm,,,OSM,11.517244,3.892568
RAPP_000602,2,OSM;HEALTHSITES,True,True,False,node/6337768109,node/6337768109,,Cabinet Dr Tokam,Cabinet Dr Tokam,,,,,id_osm,,,OSM,11.518588,3.892773
RAPP_000603,2,OSM;HEALTHSITES,True,True,False,node/6337769557,node/6337769557,,Wellstar medical center,Wellstar medical center,,,,,id_osm,,,OSM,11.520712,3.892858
RAPP_000604,2,OSM;HEALTHSITES,True,True,False,node/6337770013,node/6337770013,,Centre de santé catholique de,Centre de santé catholique de,,SOC.SANTE.CENTRE,SOC.SANTE.CENTRE,,id_osm,,,OSM,11.517045,3.888917
RAPP_000605,2,OSM;HEALTHSITES,True,True,False,node/6337778043,node/6337778043,,Émeraude Optique,Émeraude Optique,,SOC.SANTE.CLINIQUE,SOC.SANTE.CLINIQUE,,id_osm,,,OSM,11.516027,3.882086
RAPP_000606,2,OSM;HEALTHSITES,True,True,False,node/6337778044,node/6337778044,,Cabinet Médical du Centre,Cabinet Médical du Centre,,SOC.SANTE.CLINIQUE,SOC.SANTE.CLINIQUE,,id_osm,,,OSM,11.515922,3.882667
RAPP_000607,2,OSM;HEALTHSITES,True,True,False,node/6352362785,node/6352362785,,Phamarcie de la Gare,Phamarcie de la Gare,,SOC.SANTE.PHARMACIE,SOC.SANTE.PHARMACIE,,id_osm,,,OSM,10.05008,5.440249
RAPP_000608,2,OSM;HEALTHSITES,True,True,False,node/6352362786,node/6352362786,,Phamarcie du Marché,Phamarcie du Marché,,SOC.SANTE.PHARMACIE,SOC.SANTE.PHARMACIE,,id_osm,,,OSM,10.053594,5.442671
RAPP_000609,2,OSM;HEALTHSITES,True,True,False,node/6352362787,node/6352362787,,Grande pharmacie Lah,Grande pharmacie Lah,,SOC.SANTE.PHARMACIE,SOC.SANTE.PHARMACIE,,id_osm,,,OSM,10.056168,5.44627
RAPP_000610,2,OSM;HEALTHSITES,True,True,False,node/6352362788,node/6352362788,,Phamarcie de la Menoua,Phamarcie de la Menoua,,SOC.SANTE.PHARMACIE,SOC.SANTE.PHARMACIE,,id_osm,,,OSM,10.060019,5.447843
RAPP_000611,2,OSM;HEALTHSITES,True,True,False,node/6352362789,node/6352362789,,Phamarcie de l'Unité,Phamarcie de l'Unité,,SOC.SANTE.PHARMACIE,SOC.SANTE.PHARMACIE,,id_osm,,,OSM,10.069269,5.458281
RAPP_000612,2,OSM;HEALTHSITES,True,True,False,node/6352362790,node/6352362790,,Phamarcie Départementale,Phamarcie Départementale,,SOC.SANTE.PHARMACIE,SOC.SANTE.PHARMACIE,,id_osm,,,OSM,10.067443,5.452106
RAPP_000613,2,OSM;HEALTHSITES,True,True,False,node/6478250887,node/6478250887,,HDT TBRO,HDT TBRO,,SOC.SANTE.HOPITAL,SOC.SANTE.HOPITAL,,id_osm,,,OSM,15.356387,7.770611
RAPP_000614,2,OSM;HEALTHSITES,True,True,False,node/6478250894,node/6478250894,,CSI PRIVEE,CSI PRIVEE,,SOC.SANTE.CENTRE,SOC.SANTE.CENTRE,,id_osm,,,OSM,15.352648,7.76604
RAPP_000615,2,OSM;HEALTHSITES,True,True,False,node/6478251426,node/6478251426,,CSI DE MBAILAINDE (PNDP),CSI DE MBAILAINDE (PNDP),,SOC.SANTE.HOPITAL,SOC.SANTE.HOPITAL,,id_osm,,,OSM,15.444063,7.794948
RAPP_000616,2,OSM;HEALTHSITES,True,True,False,node/6480579122,node/6480579122,,Centre médical Bethel,Centre médical Bethel,,SOC.SANTE.CENTRE,SOC.SANTE.CENTRE,,id_osm,,,OSM,13.411574,9.324165
RAPP_000617,2,OSM;HEALTHSITES,True,True,False,node/6547725185,node/6547725185,,Clinique Chrisma,Clinique Chrisma,,SOC.SANTE.CLINIQUE,SOC.SANTE.CLINIQUE,,id_osm,,,OSM,9.733265,4.013893
RAPP_000618,2,OSM;HEALTHSITES,True,True,False,node/6555260790,node/6555260790,,Pharamacie de Bertoua,Pharamacie de Bertoua,,SOC.SANTE.PHARMACIE,SOC.SANTE.PHARMACIE,,id_osm,,,OSM,13.682734,4.575674
RAPP_000619,2,OSM;HEALTHSITES,True,True,False,node/6555260791,node/6555260791,,Pharmacie Galien,Pharmacie Galien,,SOC.SANTE.PHARMACIE,SOC.SANTE.PHARMACIE,,id_osm,,,OSM,13.686422,4.577489
RAPP_000620,2,OSM;HEALTHSITES,True,True,False,node/6555283687,node/6555283687,,Pharmacie la générale,Pharmacie la générale,,SOC.SANTE.PHARMACIE,SOC.SANTE.PHARMACIE,,id_osm,,,OSM,13.680943,4.575198
RAPP_000621,2,OSM;HEALTHSITES,True,True,False,node/6581096786,node/6581096786,,Stade,Stade,,SOC.SANTE.CLINIQUE,SOC.SANTE.CLINIQUE,,id_osm,,,OSM,10.533536,5.142126
RAPP_000622,2,OSM;HEALTHSITES,True,True,False,node/6633200985,node/6633200985,,Pharmacie de Douala,Pharmacie de Douala,,SOC.SANTE.PHARMACIE,SOC.SANTE.PHARMACIE,,id_osm,,,OSM,9.699222,4.045859
RAPP_000623,2,OSM;HEALTHSITES,True,True,False,node/6641237786,node/6641237786,,Pharmacie de la trinite,Pharmacie de la trinite,,SOC.SANTE.PHARMACIE,SOC.SANTE.PHARMACIE,,id_osm,,,OSM,9.700579,4.054311
RAPP_000624,2,OSM;HEALTHSITES,True,True,False,node/6654436350,node/6654436350,,Centre de santé d'Akonolinga Urbain,Centre de santé d'Akonolinga Urbain,,SOC.SANTE.CENTRE,SOC.SANTE.CENTRE,,id_osm,,,OSM,12.252496,3.779892
RAPP_000625,2,OSM;HEALTHSITES,True,True,False,node/6654436351,node/6654436351,,Centre de santé Sainte Mission Catholique,Centre de santé Sainte Mission Catholique,,SOC.SANTE.CENTRE,SOC.SANTE.CENTRE,,id_osm,,,OSM,12.257227,3.778987
RAPP_000626,2,OSM;HEALTHSITES,True,True,False,node/6654829896,node/6654829896,,Centre de santé Freeman,Centre de santé Freeman,,SOC.SANTE.CENTRE,SOC.SANTE.CENTRE,,id_osm,,,OSM,12.248561,3.788588
RAPP_000627,2,OSM;HEALTHSITES,True,True,False,node/6661236265,node/6661236265,,laboratoire danalyse,laboratoire danalyse,,SOC.SANTE.LABORATOIRE,SOC.SANTE.LABORATOIRE,,id_osm,,,OSM,11.50867,3.89402
RAPP_000628,2,OSM;HEALTHSITES,True,True,False,node/6681130985,node/6681130985,,Pharmacie Carrefour Z,Pharmacie Carrefour Z,,SOC.SANTE.PHARMACIE,SOC.SANTE.PHARMACIE,,id_osm,,,OSM,9.749566,4.054597
RAPP_000629,2,OSM;HEALTHSITES,True,True,False,node/6684209185,node/6684209185,,Sotownek,Sotownek,,SOC.SANTE.PHARMACIE,SOC.SANTE.PHARMACIE,,id_osm,,,OSM,11.485411,3.869086
RAPP_000630,2,OSM;HEALTHSITES,True,True,False,node/6690847286,node/6690847286,,Clinique du Sahel,Clinique du Sahel,,SOC.SANTE.CLINIQUE,SOC.SANTE.CLINIQUE,,id_osm,,,OSM,14.293777,10.590621
RAPP_000631,2,OSM;HEALTHSITES,True,True,False,node/6698692790,node/6698692790,,Holy Mary Health Care Foundation,Holy Mary Health Care Foundation,,SOC.SANTE.CLINIQUE,SOC.SANTE.CLINIQUE,,id_osm,,,OSM,9.199077,4.03177
RAPP_000632,2,OSM;HEALTHSITES,True,True,False,node/6727115085,node/6727115085,,Pharmacie Saint Uriel,Pharmacie Saint Uriel,,SOC.SANTE.PHARMACIE,SOC.SANTE.PHARMACIE,,id_osm,,,OSM,11.53993,3.831293
RAPP_000633,2,OSM;HEALTHSITES,True,True,False,node/6731310753,node/6731310753,,Cabinet Dentaire,Cabinet Dentaire,,,,,id_osm,,,OSM,13.394063,9.308088
RAPP_000634,2,OSM;HEALTHSITES,True,True,False,node/6731310754,node/6731310754,,Dja Mbonga Inoua Optique Sarl,Dja Mbonga Inoua Optique Sarl,,,,,id_osm,,,OSM,13.396093,9.306652
RAPP_000635,2,OSM;HEALTHSITES,True,True,False,node/6731310755,node/6731310755,,Centre Afro Asiatique,Centre Afro Asiatique,,,,,id_osm,,,OSM,13.354283,9.30759
RAPP_000636,2,OSM;HEALTHSITES,True,True,False,node/6731343723,node/6731343723,,Centre De Santé Integré De Wouro Mal Hamadou,Centre De Santé Integré De Wouro Mal Hamadou,,SOC.SANTE.CENTRE,SOC.SANTE.CENTRE,,id_osm,,,OSM,13.365388,9.356526
RAPP_000637,2,OSM;HEALTHSITES,True,True,False,node/6731343724,node/6731343724,,Centre De Santé Intègre De Djamboutou,Centre De Santé Intègre De Djamboutou,,SOC.SANTE.CENTRE,SOC.SANTE.CENTRE,,id_osm,,,OSM,13.345393,9.316016
RAPP_000638,2,OSM;HEALTHSITES,True,True,False,node/6731343725,node/6731343725,,Centre Medico Social Sarepta,Centre Medico Social Sarepta,,SOC.SANTE.CLINIQUE,SOC.SANTE.CLINIQUE,,id_osm,,,OSM,13.374598,9.314975
RAPP_000639,2,OSM;HEALTHSITES,True,True,False,node/6731343726,node/6731343726,,Cabinet Dentaire Et Ophtalmologie,Cabinet Dentaire Et Ophtalmologie,,,,,id_osm,,,OSM,13.376002,9.304329
RAPP_000640,2,OSM;HEALTHSITES,True,True,False,node/6731343727,node/6731343727,,Centre De Santé De Garoua 1,Centre De Santé De Garoua 1,,SOC.SANTE.CENTRE,SOC.SANTE.CENTRE,,id_osm,,,OSM,13.389624,9.304953
RAPP_000641,2,OSM;HEALTHSITES,True,True,False,node/6731343729,node/6731343729,,Centre De Santé Intégré De Souari,Centre De Santé Intégré De Souari,,SOC.SANTE.CENTRE,SOC.SANTE.CENTRE,,id_osm,,,OSM,13.392495,9.291762
RAPP_000642,2,OSM;HEALTHSITES,True,True,False,node/6731343730,node/6731343730,,Centre De Santé Integre Barmare,Centre De Santé Integre Barmare,,SOC.SANTE.CENTRE,SOC.SANTE.CENTRE,,id_osm,,,OSM,13.398298,9.29635
RAPP_000643,2,OSM;HEALTHSITES,True,True,False,node/6731344791,node/6731344791,,Centre De Santé Islamique Albiri,Centre De Santé Islamique Albiri,,SOC.SANTE.CENTRE,SOC.SANTE.CENTRE,,id_osm,,,OSM,13.356012,9.316713
RAPP_000644,2,OSM;HEALTHSITES,True,True,False,node/6731344792,node/6731344792,,Centre De Rehabilitation Des Deficients Visuel,Centre De Rehabilitation Des Deficients Visuel,,SOC.SANTE.CLINIQUE,SOC.SANTE.CLINIQUE,,id_osm,,,OSM,13.388272,9.307354
RAPP_000645,2,OSM;HEALTHSITES,True,True,False,node/6731344793,node/6731344793,,Centre De Santé Intégre De Kollere,Centre De Santé Intégre De Kollere,,SOC.SANTE.CENTRE,SOC.SANTE.CENTRE,,id_osm,,,OSM,13.388427,9.303472
RAPP_000646,2,OSM;HEALTHSITES,True,True,False,node/6731429428,node/6731429428,,Hôpital de la Caisse,Hôpital de la Caisse,,SOC.SANTE.HOPITAL,SOC.SANTE.HOPITAL,,id_osm,,,OSM,13.39166,9.303145
RAPP_000647,2,OSM;HEALTHSITES,True,True,False,node/6731571945,node/6731571945,,Pharmacie Jade,Pharmacie Jade,,SOC.SANTE.PHARMACIE,SOC.SANTE.PHARMACIE,,id_osm,,,OSM,13.389195,9.296746
RAPP_000648,2,OSM;HEALTHSITES,True,True,False,node/6731571946,node/6731571946,,,,,SOC.SANTE.PHARMACIE,SOC.SANTE.PHARMACIE,,id_osm,,,OSM,13.390422,9.299641
RAPP_000649,2,OSM;HEALTHSITES,True,True,False,node/6731571947,node/6731571947,,Pharmacie Mere D'enfants Ni,Pharmacie Mere D'enfants Ni,,SOC.SANTE.PHARMACIE,SOC.SANTE.PHARMACIE,,id_osm,,,OSM,13.392528,9.303753
RAPP_000650,2,OSM;HEALTHSITES,True,True,False,node/6731571948,node/6731571948,,Pharmacie Veterinaire Cema Vs Sarl,Pharmacie Veterinaire Cema Vs Sarl,,SOC.SANTE.PHARMACIE,SOC.SANTE.PHARMACIE,,id_osm,,,OSM,13.395364,9.306668
RAPP_000651,2,OSM;HEALTHSITES,True,True,False,node/6731571949,node/6731571949,,Sodiprovet Sarl Pharmacie Veterinaire,Sodiprovet Sarl Pharmacie Veterinaire,,SOC.SANTE.PHARMACIE,SOC.SANTE.PHARMACIE,,id_osm,,,OSM,13.395963,9.305809
RAPP_000652,2,OSM;HEALTHSITES,True,True,False,node/6731571950,node/6731571950,,Pharmacie Du Lamidat Dr Souleymanou Saly,Pharmacie Du Lamidat Dr Souleymanou Saly,,SOC.SANTE.PHARMACIE,SOC.SANTE.PHARMACIE,,id_osm,,,OSM,13.398234,9.305926
RAPP_000653,2,OSM;HEALTHSITES,True,True,False,node/6731571955,node/6731571955,,Md Vet Distribution Des Medicament Veterinaire,Md Vet Distribution Des Medicament Veterinaire,,SOC.SANTE.PHARMACIE,SOC.SANTE.PHARMACIE,,id_osm,,,OSM,13.396402,9.302712
RAPP_000654,2,OSM;HEALTHSITES,True,True,False,node/6731571956,node/6731571956,,Pharmacie De La Persévérance,Pharmacie De La Persévérance,,SOC.SANTE.PHARMACIE,SOC.SANTE.PHARMACIE,,id_osm,,,OSM,13.399593,9.297834
RAPP_000655,2,OSM;HEALTHSITES,True,True,False,node/6745200087,node/6745200087,,Hôpital Catholique de Djunang,Hôpital Catholique de Djunang,,SOC.SANTE.HOPITAL,SOC.SANTE.HOPITAL,,id_osm,,,OSM,10.388639,5.444468
RAPP_000656,2,OSM;HEALTHSITES,True,True,False,node/6751879190,node/6751879190,,Clinique du Sahel,Clinique du Sahel,,SOC.SANTE.CLINIQUE,SOC.SANTE.CLINIQUE,,id_osm,,,OSM,14.296221,10.590576
RAPP_000657,2,OSM;HEALTHSITES,True,True,False,node/6769633843,node/6769633843,,Malam Dala Dala Guérisseur,Malam Dala Dala Guérisseur,,SOC.SANTE.CLINIQUE,SOC.SANTE.CLINIQUE,,id_osm,,,OSM,13.416391,9.352014
RAPP_000658,2,OSM;HEALTHSITES,True,True,False,node/6769633844,node/6769633844,,Centre De Santé Integre De Ngalbidje,Centre De Santé Integre De Ngalbidje,,SOC.SANTE.CENTRE,SOC.SANTE.CENTRE,,id_osm,,,OSM,13.393528,9.348413
RAPP_000659,2,OSM;HEALTHSITES,True,True,False,node/6769633845,node/6769633845,,Centre De Santé Intégré De Poumpoumré,Centre De Santé Intégré De Poumpoumré,,SOC.SANTE.CENTRE,SOC.SANTE.CENTRE,,id_osm,,,OSM,13.41086,9.333322
RAPP_000660,2,OSM;HEALTHSITES,True,True,False,node/6769633846,node/6769633846,,Clinique La Vision,Clinique La Vision,,SOC.SANTE.CLINIQUE,SOC.SANTE.CLINIQUE,,id_osm,,,OSM,13.39265,9.328396
RAPP_000661,2,OSM;HEALTHSITES,True,True,False,node/6769633847,node/6769633847,,Centre De Santé Integre De Roumde Adja,Centre De Santé Integre De Roumde Adja,,SOC.SANTE.CENTRE,SOC.SANTE.CENTRE,,id_osm,,,OSM,13.393665,9.32799
RAPP_000662,2,OSM;HEALTHSITES,True,True,False,node/6769633848,node/6769633848,,Cabinet Vétérinaire De La Benoue,Cabinet Vétérinaire De La Benoue,,SOC.SANTE.CLINIQUE,SOC.SANTE.CLINIQUE,,id_osm,,,OSM,13.406038,9.319181
RAPP_000663,2,OSM;HEALTHSITES,True,True,False,node/6769633849,node/6769633849,,Cabinet De Soins Solidarite,Cabinet De Soins Solidarite,,SOC.SANTE.CLINIQUE,SOC.SANTE.CLINIQUE,,id_osm,,,OSM,13.406707,9.315348
RAPP_000664,2,OSM;HEALTHSITES,True,True,False,node/6769633850,node/6769633850,,Centre De Santé Integre De Foulbere,Centre De Santé Integre De Foulbere,,SOC.SANTE.CENTRE,SOC.SANTE.CENTRE,,id_osm,,,OSM,13.402668,9.307748
RAPP_000665,2,OSM;HEALTHSITES,True,True,False,node/6769633851,node/6769633851,,Centre De Santé Integre De Kotta Liddire,Centre De Santé Integre De Kotta Liddire,,SOC.SANTE.CENTRE,SOC.SANTE.CENTRE,,id_osm,,,OSM,13.404617,9.302874
RAPP_000666,2,OSM;HEALTHSITES,True,True,False,node/6769694063,node/6769694063,,Centre De Santé Intégré De Takasko,Centre De Santé Intégré De Takasko,,SOC.SANTE.HOPITAL,SOC.SANTE.HOPITAL,,id_osm,,,OSM,13.422061,9.352753
RAPP_000667,2,OSM;HEALTHSITES,True,True,False,node/6769694064,node/6769694064,,Centre Médical D'arrondissement De Lainde,Centre Médical D'arrondissement De Lainde,,SOC.SANTE.HOPITAL,SOC.SANTE.HOPITAL,,id_osm,,,OSM,13.41472,9.347511
RAPP_000668,2,OSM;HEALTHSITES,True,True,False,node/6769694065,node/6769694065,,Cabinet De Soins Le Bien Être,Cabinet De Soins Le Bien Être,,,,,id_osm,,,OSM,13.404085,9.337745
RAPP_000669,2,OSM;HEALTHSITES,True,True,False,node/6769717425,node/6769717425,,Centre Médical Jésus Sauve Et Guéri,Centre Médical Jésus Sauve Et Guéri,,SOC.SANTE.CENTRE,SOC.SANTE.CENTRE,,id_osm,,,OSM,13.410365,9.32857
RAPP_000670,2,OSM;HEALTHSITES,True,True,False,node/6769738329,node/6769738329,,Fondation Médicale Adluchem Pharmacie Centrale Entenne De Garoua,Fondation Médicale Adluchem Pharmacie Centrale Entenne De Garoua,,SOC.SANTE.PHARMACIE,SOC.SANTE.PHARMACIE,,id_osm,,,OSM,13.405922,9.334738
RAPP_000671,2,OSM;HEALTHSITES,True,True,False,node/6769738330,node/6769738330,,Pharmacie De La Grande Mosquée,Pharmacie De La Grande Mosquée,,SOC.SANTE.PHARMACIE,SOC.SANTE.PHARMACIE,,id_osm,,,OSM,13.411214,9.330017
RAPP_000672,2,OSM;HEALTHSITES,True,True,False,node/6769738331,node/6769738331,,Pharmacie Provinciale,Pharmacie Provinciale,,SOC.SANTE.PHARMACIE,SOC.SANTE.PHARMACIE,,id_osm,,,OSM,13.40576,9.318888
RAPP_000673,2,OSM;HEALTHSITES,True,True,False,node/6769738332,node/6769738332,,Pharmacie Populaire,Pharmacie Populaire,,SOC.SANTE.PHARMACIE,SOC.SANTE.PHARMACIE,,id_osm,,,OSM,13.400814,9.312283
RAPP_000674,2,OSM;HEALTHSITES,True,True,False,node/6769738333,node/6769738333,,Pharmacie Barka,Pharmacie Barka,,SOC.SANTE.PHARMACIE,SOC.SANTE.PHARMACIE,,id_osm,,,OSM,13.39908,9.307176
RAPP_000675,2,OSM;HEALTHSITES,True,True,False,node/6769738334,node/6769738334,,Pharmacie Du Grand Marché,Pharmacie Du Grand Marché,,SOC.SANTE.PHARMACIE,SOC.SANTE.PHARMACIE,,id_osm,,,OSM,13.399507,9.307887
RAPP_000676,2,OSM;HEALTHSITES,True,True,False,node/6769738335,node/6769738335,,Pharmacie Assalam,Pharmacie Assalam,,SOC.SANTE.PHARMACIE,SOC.SANTE.PHARMACIE,,id_osm,,,OSM,13.402497,9.30756
RAPP_000677,2,OSM;HEALTHSITES,True,True,False,node/6828370688,node/6828370688,,Centre médical d'entreprise SEFAC Libongo,Centre médical d'entreprise SEFAC Libongo,,SOC.SANTE.CENTRE,SOC.SANTE.CENTRE,,id_osm,,,OSM,16.067201,2.62339
RAPP_000678,2,OSM;HEALTHSITES,True,True,False,node/6869643244,node/6869643244,,Centre de santé catholique Ste Anne,Centre de santé catholique Ste Anne,,SOC.SANTE.CENTRE,SOC.SANTE.CENTRE,,id_osm,,,OSM,13.28839,4.91948
RAPP_000679,2,OSM;HEALTHSITES,True,True,False,node/6931266067,node/6931266067,,Centre de santé Sainte Dorothée,Centre de santé Sainte Dorothée,,SOC.SANTE.CENTRE,SOC.SANTE.CENTRE,,id_osm,,,OSM,13.291609,4.920374
RAPP_000680,2,OSM;HEALTHSITES,True,True,False,node/6931276494,node/6931276494,,Centre de santé Sainte Katalina,Centre de santé Sainte Katalina,,SOC.SANTE.CENTRE,SOC.SANTE.CENTRE,,id_osm,,,OSM,13.295262,4.911644
RAPP_000681,2,OSM;HEALTHSITES,True,True,False,node/6957305154,node/6957305154,,Clinique la Colombe de Bamewou,Clinique la Colombe de Bamewou,,,,,id_osm,,,OSM,10.122131,5.372567
RAPP_000682,2,OSM;HEALTHSITES,True,True,False,node/7001027686,node/7001027686,,CSI,CSI,,SOC.SANTE.HOPITAL,SOC.SANTE.HOPITAL,,id_osm,,,OSM,13.868395,9.311319
RAPP_000683,2,OSM;HEALTHSITES,True,True,False,node/7035979235,node/7035979235,,Centre de sante integré de lagdo urbain,Centre de sante integré de lagdo urbain,,SOC.SANTE.CENTRE,SOC.SANTE.CENTRE,,id_osm,,,OSM,13.66303,9.07335
RAPP_000684,2,OSM;HEALTHSITES,True,True,False,node/7036005745,node/7036005745,,Centre de santé communautaire eelc de lagdo,Centre de santé communautaire eelc de lagdo,,SOC.SANTE.CENTRE,SOC.SANTE.CENTRE,,id_osm,,,OSM,13.659375,9.065427
RAPP_000685,2,OSM;HEALTHSITES,True,True,False,node/7036005746,node/7036005746,,Centre de santé intégré ndjipporde,Centre de santé intégré ndjipporde,,SOC.SANTE.CENTRE,SOC.SANTE.CENTRE,,id_osm,,,OSM,13.67072,9.049516
RAPP_000686,2,OSM;HEALTHSITES,True,True,False,node/7036005747,node/7036005747,,Centre de santé ourokessoum,Centre de santé ourokessoum,,SOC.SANTE.CENTRE,SOC.SANTE.CENTRE,,id_osm,,,OSM,13.636565,9.032013
RAPP_000687,2,OSM;HEALTHSITES,True,True,False,node/7036005748,node/7036005748,,Centre de santé du complexe islamique de lagdo,Centre de santé du complexe islamique de lagdo,,SOC.SANTE.CENTRE,SOC.SANTE.CENTRE,,id_osm,,,OSM,13.636463,9.032118
RAPP_000688,2,OSM;HEALTHSITES,True,True,False,node/7036081571,node/7036081571,,Revival power foundation clinic,Revival power foundation clinic,,SOC.SANTE.CLINIQUE,SOC.SANTE.CLINIQUE,,id_osm,,,OSM,9.267746,4.159246
RAPP_000689,2,OSM;HEALTHSITES,True,True,False,node/7036096371,node/7036096371,,Morgue de buea,Morgue de buea,,SOC.SANTE.CLINIQUE,SOC.SANTE.CLINIQUE,,id_osm,,,OSM,9.23805,4.148804
RAPP_000690,2,OSM;HEALTHSITES,True,True,False,node/7036096372,node/7036096372,,Centre de dialyse,Centre de dialyse,,SOC.SANTE.CLINIQUE,SOC.SANTE.CLINIQUE,,id_osm,,,OSM,9.237633,4.148696
RAPP_000691,2,OSM;HEALTHSITES,True,True,False,node/7036103173,node/7036103173,,7th Days Adventist,7th Days Adventist,,SOC.SANTE.CLINIQUE,SOC.SANTE.CLINIQUE,,id_osm,,,OSM,9.248235,4.145664
RAPP_000692,2,OSM;HEALTHSITES,True,True,False,node/7036110824,node/7036110824,,Garnison millitaire,Garnison millitaire,,SOC.SANTE.CLINIQUE,SOC.SANTE.CLINIQUE,,id_osm,,,OSM,9.2474,4.153955
RAPP_000693,2,OSM;HEALTHSITES,True,True,False,node/7051950433,node/7051950433,,,,,SOC.SANTE.PHARMACIE,SOC.SANTE.PHARMACIE,,id_osm,,,OSM,13.616588,9.966043
RAPP_000694,2,OSM;HEALTHSITES,True,True,False,node/7051950434,node/7051950434,,,,,SOC.SANTE.PHARMACIE,SOC.SANTE.PHARMACIE,,id_osm,,,OSM,13.521388,9.984896
RAPP_000695,2,OSM;HEALTHSITES,True,True,False,node/7051950435,node/7051950435,,,,,SOC.SANTE.PHARMACIE,SOC.SANTE.PHARMACIE,,id_osm,,,OSM,13.520485,9.984967
RAPP_000696,2,OSM;HEALTHSITES,True,True,False,node/7054297821,node/7054297821,,,,,,,,id_osm,,,OSM,13.620792,9.962135
RAPP_000697,2,OSM;HEALTHSITES,True,True,False,node/7054940054,node/7054940054,,Centre de santé Mariama,Centre de santé Mariama,,SOC.SANTE.CENTRE,SOC.SANTE.CENTRE,,id_osm,,,OSM,13.876977,9.307595
RAPP_000698,2,OSM;HEALTHSITES,True,True,False,node/7054940055,node/7054940055,,Centre de santé d'adoumri,Centre de santé d'adoumri,,SOC.SANTE.CENTRE,SOC.SANTE.CENTRE,,id_osm,,,OSM,13.766255,9.251151
RAPP_000699,2,OSM;HEALTHSITES,True,True,False,node/7055016267,node/7055016267,,Centre medical millitaire du 43 eme BIM,Centre medical millitaire du 43 eme BIM,,SOC.SANTE.CENTRE,SOC.SANTE.CENTRE,,id_osm,,,OSM,13.615597,9.967052
RAPP_000700,2,OSM;HEALTHSITES,True,True,False,node/7055016268,node/7055016268,,Centre de senté intégré de dourbeye,Centre de senté intégré de dourbeye,,SOC.SANTE.CLINIQUE,SOC.SANTE.CLINIQUE,,id_osm,,,OSM,13.521873,9.984601
RAPP_000701,2,OSM;HEALTHSITES,True,True,False,node/7055016269,node/7055016269,,CSI DE MAYO OULO,CSI DE MAYO OULO,,SOC.SANTE.CENTRE,SOC.SANTE.CENTRE,,id_osm,,,OSM,13.612285,9.967941
RAPP_000702,2,OSM;HEALTHSITES,True,True,False,node/7066255881,node/7066255881,,Idenau pharmacy,Idenau pharmacy,,SOC.SANTE.PHARMACIE,SOC.SANTE.PHARMACIE,,id_osm,,,OSM,8.992313,4.203869
RAPP_000703,2,OSM;HEALTHSITES,True,True,False,node/7066538011,node/7066538011,,Enamen pharmacie,Enamen pharmacie,,SOC.SANTE.PHARMACIE,SOC.SANTE.PHARMACIE,,id_osm,,,OSM,9.282541,4.158921
RAPP_000704,2,OSM;HEALTHSITES,True,True,False,node/7066538014,node/7066538014,,Dr Chuwaga clinique,Dr Chuwaga clinique,,SOC.SANTE.CLINIQUE,SOC.SANTE.CLINIQUE,,id_osm,,,OSM,9.242522,4.148021
RAPP_000705,2,OSM;HEALTHSITES,True,True,False,node/7066538015,node/7066538015,,BEBETA MEMORIAL COMMUNITY CLINIC BOKOAI,BEBETA MEMORIAL COMMUNITY CLINIC BOKOAI,,SOC.SANTE.CLINIQUE,SOC.SANTE.CLINIQUE,,id_osm,,,OSM,9.278645,4.169037
RAPP_000706,2,OSM;HEALTHSITES,True,True,False,node/7066538016,node/7066538016,,St albert,St albert,,SOC.SANTE.CLINIQUE,SOC.SANTE.CLINIQUE,,id_osm,,,OSM,9.299701,4.152918
RAPP_000707,2,OSM;HEALTHSITES,True,True,False,node/7066538017,node/7066538017,,Health for all foundation,Health for all foundation,,SOC.SANTE.CLINIQUE,SOC.SANTE.CLINIQUE,,id_osm,,,OSM,9.291949,4.153348
RAPP_000708,2,OSM;HEALTHSITES,True,True,False,node/7066538018,node/7066538018,,,,,SOC.SANTE.CLINIQUE,SOC.SANTE.CLINIQUE,,id_osm,,,OSM,9.281975,4.158434
RAPP_000709,2,OSM;HEALTHSITES,True,True,False,node/7066538019,node/7066538019,,Mere thetesa,Mere thetesa,,SOC.SANTE.CLINIQUE,SOC.SANTE.CLINIQUE,,id_osm,,,OSM,9.265005,4.156455
RAPP_000710,2,OSM;HEALTHSITES,True,True,False,node/7066538020,node/7066538020,,Hope outreach,Hope outreach,,SOC.SANTE.CLINIQUE,SOC.SANTE.CLINIQUE,,id_osm,,,OSM,9.260545,4.153857
RAPP_000711,2,OSM;HEALTHSITES,True,True,False,node/7066538021,node/7066538021,,Mount mary hospital,Mount mary hospital,,SOC.SANTE.CLINIQUE,SOC.SANTE.CLINIQUE,,id_osm,,,OSM,9.240357,4.157536
RAPP_000712,2,OSM;HEALTHSITES,True,True,False,node/7066538022,node/7066538022,,,,,SOC.SANTE.CLINIQUE,SOC.SANTE.CLINIQUE,,id_osm,,,OSM,9.244271,4.152286
RAPP_000713,2,OSM;HEALTHSITES,True,True,False,node/7066538023,node/7066538023,,Integrated Health Centre,Integrated Health Centre,,SOC.SANTE.CENTRE,SOC.SANTE.CENTRE,,id_osm,,,OSM,9.233357,4.15417
RAPP_000714,2,OSM;HEALTHSITES,True,True,False,node/7066538024,node/7066538024,,Fako heart center,Fako heart center,,SOC.SANTE.CLINIQUE,SOC.SANTE.CLINIQUE,,id_osm,,,OSM,9.23029,4.148386
RAPP_000715,2,OSM;HEALTHSITES,True,True,False,node/7066538025,node/7066538025,,Buea health district and cross health center,Buea health district and cross health center,,SOC.SANTE.CENTRE,SOC.SANTE.CENTRE,,id_osm,,,OSM,9.221297,4.134505
RAPP_000716,2,OSM;HEALTHSITES,True,True,False,node/7069910983,node/7069910983,,Core pharmacy,Core pharmacy,,SOC.SANTE.CLINIQUE,SOC.SANTE.CLINIQUE,,id_osm,,,OSM,9.344024,4.088567
RAPP_000717,2,OSM;HEALTHSITES,True,True,False,node/7069910984,node/7069910984,,Health center,Health center,,SOC.SANTE.CENTRE,SOC.SANTE.CENTRE,,id_osm,,,OSM,9.31592,4.088955
RAPP_000718,2,OSM;HEALTHSITES,True,True,False,node/7069926485,node/7069926485,,Holt fort,Holt fort,,SOC.SANTE.CLINIQUE,SOC.SANTE.CLINIQUE,,id_osm,,,OSM,9.365816,4.072921
RAPP_000719,2,OSM;HEALTHSITES,True,True,False,node/7069929284,node/7069929284,,Baptist hospital,Baptist hospital,,SOC.SANTE.CLINIQUE,SOC.SANTE.CLINIQUE,,id_osm,,,OSM,9.311969,4.088439
RAPP_000720,2,OSM;HEALTHSITES,True,True,False,node/7070021019,node/7070021019,,Friveralin pharmacy,Friveralin pharmacy,,SOC.SANTE.PHARMACIE,SOC.SANTE.PHARMACIE,,id_osm,,,OSM,9.316278,4.090209
RAPP_000721,2,OSM;HEALTHSITES,True,True,False,node/7070021020,node/7070021020,,Thé glory pharmacy,Thé glory pharmacy,,SOC.SANTE.PHARMACIE,SOC.SANTE.PHARMACIE,,id_osm,,,OSM,9.357424,4.08405
RAPP_000722,2,OSM;HEALTHSITES,True,True,False,node/7070021021,node/7070021021,,Faith standard pharmacy,Faith standard pharmacy,,SOC.SANTE.PHARMACIE,SOC.SANTE.PHARMACIE,,id_osm,,,OSM,9.369503,4.069997
RAPP_000723,2,OSM;HEALTHSITES,True,True,False,node/7072565591,node/7072565591,,Rapha pharmacie,Rapha pharmacie,,SOC.SANTE.PHARMACIE,SOC.SANTE.PHARMACIE,,id_osm,,,OSM,9.201032,4.014768
RAPP_000724,2,OSM;HEALTHSITES,True,True,False,node/7072565592,node/7072565592,,,,,SOC.SANTE.PHARMACIE,SOC.SANTE.PHARMACIE,,id_osm,,,OSM,9.209064,4.017685
RAPP_000725,2,OSM;HEALTHSITES,True,True,False,node/7072565593,node/7072565593,,Prime pharmacie,Prime pharmacie,,SOC.SANTE.PHARMACIE,SOC.SANTE.PHARMACIE,,id_osm,,,OSM,9.209035,4.014957
RAPP_000726,2,OSM;HEALTHSITES,True,True,False,node/7072565594,node/7072565594,,Rainbow,Rainbow,,SOC.SANTE.PHARMACIE,SOC.SANTE.PHARMACIE,,id_osm,,,OSM,9.207717,4.012687
RAPP_000727,2,OSM;HEALTHSITES,True,True,False,node/7072565595,node/7072565595,,Fako Atlantic pharmacy,Fako Atlantic pharmacy,,SOC.SANTE.PHARMACIE,SOC.SANTE.PHARMACIE,,id_osm,,,OSM,9.207515,4.011111
RAPP_000728,2,OSM;HEALTHSITES,True,True,False,node/7072565596,node/7072565596,,Grace standart pharmacie,Grace standart pharmacie,,SOC.SANTE.PHARMACIE,SOC.SANTE.PHARMACIE,,id_osm,,,OSM,9.216121,4.0116
RAPP_000729,2,OSM;HEALTHSITES,True,True,False,node/7072565597,node/7072565597,,Herbal pharmacie,Herbal pharmacie,,SOC.SANTE.PHARMACIE,SOC.SANTE.PHARMACIE,,id_osm,,,OSM,9.217522,4.012384
RAPP_000730,2,OSM;HEALTHSITES,True,True,False,node/7072565598,node/7072565598,,Grosmelf médical laboratory,Grosmelf médical laboratory,,SOC.SANTE.LABORATOIRE,SOC.SANTE.LABORATOIRE,,id_osm,,,OSM,9.191634,4.027
RAPP_000731,2,OSM;HEALTHSITES,True,True,False,node/7072565599,node/7072565599,,Labogenie,Labogenie,,SOC.SANTE.LABORATOIRE,SOC.SANTE.LABORATOIRE,,id_osm,,,OSM,9.21049,4.004925
RAPP_000732,2,OSM;HEALTHSITES,True,True,False,node/7072565602,node/7072565602,,Corn's medical optic,Corn's medical optic,,SOC.SANTE.CLINIQUE,SOC.SANTE.CLINIQUE,,id_osm,,,OSM,9.204901,4.015457
RAPP_000733,2,OSM;HEALTHSITES,True,True,False,node/7072565608,node/7072565608,,Militry medical center,Militry medical center,,SOC.SANTE.CLINIQUE,SOC.SANTE.CLINIQUE,,id_osm,,,OSM,9.185831,4.025851
RAPP_000734,2,OSM;HEALTHSITES,True,True,False,node/7072565609,node/7072565609,,Croix rouge,Croix rouge,,SOC.SANTE.CLINIQUE,SOC.SANTE.CLINIQUE,,id_osm,,,OSM,9.182282,4.021822
RAPP_000735,2,OSM;HEALTHSITES,True,True,False,node/7072565610,node/7072565610,,C.S.C E,C.S.C E,,SOC.SANTE.CLINIQUE,SOC.SANTE.CLINIQUE,,id_osm,,,OSM,9.193647,4.025741
RAPP_000736,2,OSM;HEALTHSITES,True,True,False,node/7145774034,node/7145774034,,Capha Vet Sarl Pharmacie Vétérinaires,Capha Vet Sarl Pharmacie Vétérinaires,,SOC.SANTE.PHARMACIE,SOC.SANTE.PHARMACIE,,id_osm,,,OSM,11.53424,3.886439
RAPP_000737,2,OSM;HEALTHSITES,True,True,False,node/7148809644,node/7148809644,,,,,SOC.SANTE.CLINIQUE,SOC.SANTE.CLINIQUE,,id_osm,,,OSM,11.45798,3.849592
RAPP_000738,2,OSM;HEALTHSITES,True,True,False,node/7148818875,node/7148818875,,Centre De Santé La Vie,Centre De Santé La Vie,,SOC.SANTE.CENTRE,SOC.SANTE.CENTRE,,id_osm,,,OSM,11.468436,3.87195
RAPP_000739,2,OSM;HEALTHSITES,True,True,False,node/7148832374,node/7148832374,,,,,SOC.SANTE.CLINIQUE,SOC.SANTE.CLINIQUE,,id_osm,,,OSM,11.442002,3.85083
RAPP_000740,2,OSM;HEALTHSITES,True,True,False,node/7148836611,node/7148836611,,Centre De Santé Saint Martin D' Etetak Abobo,Centre De Santé Saint Martin D' Etetak Abobo,,SOC.SANTE.CENTRE,SOC.SANTE.CENTRE,,id_osm,,,OSM,11.480351,3.877066
RAPP_000741,2,OSM;HEALTHSITES,True,True,False,node/7148838024,node/7148838024,,La Trinité,La Trinité,,SOC.SANTE.CLINIQUE,SOC.SANTE.CLINIQUE,,id_osm,,,OSM,11.45138,3.855993
RAPP_000742,2,OSM;HEALTHSITES,True,True,False,node/7148838202,node/7148838202,,Centre De Santé Marie Anderson,Centre De Santé Marie Anderson,,SOC.SANTE.CENTRE,SOC.SANTE.CENTRE,,id_osm,,,OSM,11.45946,3.858909
RAPP_000743,2,OSM;HEALTHSITES,True,True,False,node/7148840966,node/7148840966,,,,,SOC.SANTE.CLINIQUE,SOC.SANTE.CLINIQUE,,id_osm,,,OSM,11.45104,3.859503
RAPP_000744,2,OSM;HEALTHSITES,True,True,False,node/7148841169,node/7148841169,,,,,SOC.SANTE.CLINIQUE,SOC.SANTE.CLINIQUE,,id_osm,,,OSM,11.4806,3.87191
RAPP_000745,2,OSM;HEALTHSITES,True,True,False,node/7148852628,node/7148852628,,Centre De Santé Irad,Centre De Santé Irad,,SOC.SANTE.CENTRE,SOC.SANTE.CENTRE,,id_osm,,,OSM,11.458148,3.86833
RAPP_000746,2,OSM;HEALTHSITES,True,True,False,node/7148852719,node/7148852719,,Centre De Santé Saint Joseph,Centre De Santé Saint Joseph,,SOC.SANTE.CENTRE,SOC.SANTE.CENTRE,,id_osm,,,OSM,11.464298,3.871595
RAPP_000747,2,OSM;HEALTHSITES,True,True,False,node/7148861371,node/7148861371,,,,,SOC.SANTE.CLINIQUE,SOC.SANTE.CLINIQUE,,id_osm,,,OSM,11.47321,3.881458
RAPP_000748,2,OSM;HEALTHSITES,True,True,False,node/7148866251,node/7148866251,,,,,SOC.SANTE.CLINIQUE,SOC.SANTE.CLINIQUE,,id_osm,,,OSM,11.481493,3.883087
RAPP_000749,2,OSM;HEALTHSITES,True,True,False,node/7148870204,node/7148870204,,,,,SOC.SANTE.CLINIQUE,SOC.SANTE.CLINIQUE,,id_osm,,,OSM,11.474345,3.874658
RAPP_000750,2,OSM;HEALTHSITES,True,True,False,node/7148886078,node/7148886078,,,,,SOC.SANTE.CLINIQUE,SOC.SANTE.CLINIQUE,,id_osm,,,OSM,11.473806,3.878956
RAPP_000751,2,OSM;HEALTHSITES,True,True,False,node/7148892705,node/7148892705,,,,,SOC.SANTE.CLINIQUE,SOC.SANTE.CLINIQUE,,id_osm,,,OSM,11.470279,3.880816
RAPP_000752,2,OSM;HEALTHSITES,True,True,False,node/7148901136,node/7148901136,,,,,SOC.SANTE.CLINIQUE,SOC.SANTE.CLINIQUE,,id_osm,,,OSM,11.465768,3.874687
RAPP_000753,2,OSM;HEALTHSITES,True,True,False,node/7148919595,node/7148919595,,,,,SOC.SANTE.CLINIQUE,SOC.SANTE.CLINIQUE,,id_osm,,,OSM,11.464587,3.874663
RAPP_000754,2,OSM;HEALTHSITES,True,True,False,node/7150514880,node/7150514880,,,,,SOC.SANTE.CLINIQUE,SOC.SANTE.CLINIQUE,,id_osm,,,OSM,11.425863,3.874493
RAPP_000755,2,OSM;HEALTHSITES,True,True,False,node/7150524684,node/7150524684,,,,,SOC.SANTE.CLINIQUE,SOC.SANTE.CLINIQUE,,id_osm,,,OSM,11.45206,3.874546
RAPP_000756,2,OSM;HEALTHSITES,True,True,False,node/7150526652,node/7150526652,,,,,SOC.SANTE.CLINIQUE,SOC.SANTE.CLINIQUE,,id_osm,,,OSM,11.461653,3.878851
RAPP_000757,2,OSM;HEALTHSITES,True,True,False,node/7150527016,node/7150527016,,,,,SOC.SANTE.CLINIQUE,SOC.SANTE.CLINIQUE,,id_osm,,,OSM,11.431362,3.875256
RAPP_000758,2,OSM;HEALTHSITES,True,True,False,node/7150530012,node/7150530012,,,,,SOC.SANTE.CLINIQUE,SOC.SANTE.CLINIQUE,,id_osm,,,OSM,11.431323,3.874524
RAPP_000759,2,OSM;HEALTHSITES,True,True,False,node/7150531076,node/7150531076,,,,,SOC.SANTE.CLINIQUE,SOC.SANTE.CLINIQUE,,id_osm,,,OSM,11.467751,3.884052
RAPP_000760,2,OSM;HEALTHSITES,True,True,False,node/7150535118,node/7150535118,,,,,SOC.SANTE.CLINIQUE,SOC.SANTE.CLINIQUE,,id_osm,,,OSM,11.433085,3.874747
RAPP_000761,2,OSM;HEALTHSITES,True,True,False,node/7150535166,node/7150535166,,,,,SOC.SANTE.CLINIQUE,SOC.SANTE.CLINIQUE,,id_osm,,,OSM,11.458176,3.876382
RAPP_000762,2,OSM;HEALTHSITES,True,True,False,node/7150537195,node/7150537195,,,,,SOC.SANTE.CLINIQUE,SOC.SANTE.CLINIQUE,,id_osm,,,OSM,11.463954,3.885406
RAPP_000763,2,OSM;HEALTHSITES,True,True,False,node/7150538129,node/7150538129,,,,,SOC.SANTE.CLINIQUE,SOC.SANTE.CLINIQUE,,id_osm,,,OSM,11.454557,3.885792
RAPP_000764,2,OSM;HEALTHSITES,True,True,False,node/7150538138,node/7150538138,,Florence Nightingale,Florence Nightingale,,SOC.SANTE.CLINIQUE,SOC.SANTE.CLINIQUE,,id_osm,,,OSM,11.451462,3.883921
RAPP_000765,2,OSM;HEALTHSITES,True,True,False,node/7150547404,node/7150547404,,,,,SOC.SANTE.CLINIQUE,SOC.SANTE.CLINIQUE,,id_osm,,,OSM,11.455819,3.872878
RAPP_000766,2,OSM;HEALTHSITES,True,True,False,node/7150547441,node/7150547441,,,,,SOC.SANTE.CLINIQUE,SOC.SANTE.CLINIQUE,,id_osm,,,OSM,11.443303,3.883725
RAPP_000767,2,OSM;HEALTHSITES,True,True,False,node/7150561640,node/7150561640,,,,,SOC.SANTE.CLINIQUE,SOC.SANTE.CLINIQUE,,id_osm,,,OSM,11.427353,3.87486
RAPP_000768,2,OSM;HEALTHSITES,True,True,False,node/7150561766,node/7150561766,,,,,SOC.SANTE.CLINIQUE,SOC.SANTE.CLINIQUE,,id_osm,,,OSM,11.415174,3.875492
RAPP_000769,2,OSM;HEALTHSITES,True,True,False,node/7150565131,node/7150565131,,,,,SOC.SANTE.CLINIQUE,SOC.SANTE.CLINIQUE,,id_osm,,,OSM,11.46326,3.882735
RAPP_000770,2,OSM;HEALTHSITES,True,True,False,node/7150566394,node/7150566394,,,,,SOC.SANTE.CLINIQUE,SOC.SANTE.CLINIQUE,,id_osm,,,OSM,11.4646,3.884442
RAPP_000771,2,OSM;HEALTHSITES,True,True,False,node/7150567977,node/7150567977,,,,,SOC.SANTE.CLINIQUE,SOC.SANTE.CLINIQUE,,id_osm,,,OSM,11.468945,3.886416
RAPP_000772,2,OSM;HEALTHSITES,True,True,False,node/7150568339,node/7150568339,,,,,SOC.SANTE.CLINIQUE,SOC.SANTE.CLINIQUE,,id_osm,,,OSM,11.469059,3.884361
RAPP_000773,2,OSM;HEALTHSITES,True,True,False,node/7150568950,node/7150568950,,,,,SOC.SANTE.CLINIQUE,SOC.SANTE.CLINIQUE,,id_osm,,,OSM,11.468878,3.886471
RAPP_000774,2,OSM;HEALTHSITES,True,True,False,node/7150570792,node/7150570792,,,,,SOC.SANTE.CLINIQUE,SOC.SANTE.CLINIQUE,,id_osm,,,OSM,11.462302,3.88601
RAPP_000775,2,OSM;HEALTHSITES,True,True,False,node/7150572093,node/7150572093,,,,,SOC.SANTE.CLINIQUE,SOC.SANTE.CLINIQUE,,id_osm,,,OSM,11.465491,3.885488
RAPP_000776,2,OSM;HEALTHSITES,True,True,False,node/7150572143,node/7150572143,,,,,SOC.SANTE.CLINIQUE,SOC.SANTE.CLINIQUE,,id_osm,,,OSM,11.460927,3.880859
RAPP_000777,2,OSM;HEALTHSITES,True,True,False,node/7150573650,node/7150573650,,,,,SOC.SANTE.CLINIQUE,SOC.SANTE.CLINIQUE,,id_osm,,,OSM,11.458393,3.879219
RAPP_000778,2,OSM;HEALTHSITES,True,True,False,node/7150574373,node/7150574373,,,,,SOC.SANTE.CLINIQUE,SOC.SANTE.CLINIQUE,,id_osm,,,OSM,11.459627,3.885372
RAPP_000779,2,OSM;HEALTHSITES,True,True,False,node/7150575397,node/7150575397,,,,,SOC.SANTE.CLINIQUE,SOC.SANTE.CLINIQUE,,id_osm,,,OSM,11.455011,3.882752
RAPP_000780,2,OSM;HEALTHSITES,True,True,False,node/7150575524,node/7150575524,,,,,SOC.SANTE.CLINIQUE,SOC.SANTE.CLINIQUE,,id_osm,,,OSM,11.461479,3.877984
RAPP_000781,2,OSM;HEALTHSITES,True,True,False,node/7150578677,node/7150578677,,,,,SOC.SANTE.CLINIQUE,SOC.SANTE.CLINIQUE,,id_osm,,,OSM,11.435916,3.878886
RAPP_000782,2,OSM;HEALTHSITES,True,True,False,node/7150582506,node/7150582506,,,,,SOC.SANTE.CLINIQUE,SOC.SANTE.CLINIQUE,,id_osm,,,OSM,11.45974,3.886137
RAPP_000783,2,OSM;HEALTHSITES,True,True,False,node/7150583060,node/7150583060,,,,,SOC.SANTE.CLINIQUE,SOC.SANTE.CLINIQUE,,id_osm,,,OSM,11.451583,3.881557
RAPP_000784,2,OSM;HEALTHSITES,True,True,False,node/7150585616,node/7150585616,,,,,SOC.SANTE.CLINIQUE,SOC.SANTE.CLINIQUE,,id_osm,,,OSM,11.43309,3.874745
RAPP_000785,2,OSM;HEALTHSITES,True,True,False,node/7150586600,node/7150586600,,,,,SOC.SANTE.CLINIQUE,SOC.SANTE.CLINIQUE,,id_osm,,,OSM,11.454555,3.885792
RAPP_000786,2,OSM;HEALTHSITES,True,True,False,node/7150590215,node/7150590215,,La Référence,La Référence,,SOC.SANTE.CLINIQUE,SOC.SANTE.CLINIQUE,,id_osm,,,OSM,11.435922,3.87889
RAPP_000787,2,OSM;HEALTHSITES,True,True,False,node/7150592029,node/7150592029,,,,,SOC.SANTE.CLINIQUE,SOC.SANTE.CLINIQUE,,id_osm,,,OSM,11.41997,3.879695
RAPP_000788,2,OSM;HEALTHSITES,True,True,False,node/7150592034,node/7150592034,,Florence Nightingale,Florence Nightingale,,SOC.SANTE.CLINIQUE,SOC.SANTE.CLINIQUE,,id_osm,,,OSM,11.451453,3.883924
RAPP_000789,2,OSM;HEALTHSITES,True,True,False,node/7150593423,node/7150593423,,,,,SOC.SANTE.CLINIQUE,SOC.SANTE.CLINIQUE,,id_osm,,,OSM,11.457574,3.893521
RAPP_000790,2,OSM;HEALTHSITES,True,True,False,node/7150594299,node/7150594299,,,,,SOC.SANTE.CLINIQUE,SOC.SANTE.CLINIQUE,,id_osm,,,OSM,11.452978,3.89897
RAPP_000791,2,OSM;HEALTHSITES,True,True,False,node/7150594676,node/7150594676,,La Relève,La Relève,,SOC.SANTE.CLINIQUE,SOC.SANTE.CLINIQUE,,id_osm,,,OSM,11.450922,3.897533
RAPP_000792,2,OSM;HEALTHSITES,True,True,False,node/7150594908,node/7150594908,,,,,SOC.SANTE.CLINIQUE,SOC.SANTE.CLINIQUE,,id_osm,,,OSM,11.453309,3.896943
RAPP_000793,2,OSM;HEALTHSITES,True,True,False,node/7150595171,node/7150595171,,,,,SOC.SANTE.CLINIQUE,SOC.SANTE.CLINIQUE,,id_osm,,,OSM,11.456629,3.890737
RAPP_000794,2,OSM;HEALTHSITES,True,True,False,node/7150595172,node/7150595172,,,,,SOC.SANTE.CLINIQUE,SOC.SANTE.CLINIQUE,,id_osm,,,OSM,11.450073,3.891912
RAPP_000795,2,OSM;HEALTHSITES,True,True,False,node/7150596987,node/7150596987,,,,,SOC.SANTE.CLINIQUE,SOC.SANTE.CLINIQUE,,id_osm,,,OSM,11.460763,3.889676
RAPP_000796,2,OSM;HEALTHSITES,True,True,False,node/7153477358,node/7153477358,,Centre De Soins Spécialisés Ste Germaine,Centre De Soins Spécialisés Ste Germaine,,SOC.SANTE.CLINIQUE,SOC.SANTE.CLINIQUE,,id_osm,,,OSM,11.472271,3.878938
RAPP_000797,2,OSM;HEALTHSITES,True,True,False,node/7153477359,node/7153477359,,La Providence,La Providence,,SOC.SANTE.CLINIQUE,SOC.SANTE.CLINIQUE,,id_osm,,,OSM,11.470308,3.878033
RAPP_000798,2,OSM;HEALTHSITES,True,True,False,node/7153477360,node/7153477360,,Centre De Naturopathe,Centre De Naturopathe,,SOC.SANTE.CLINIQUE,SOC.SANTE.CLINIQUE,,id_osm,,,OSM,11.464988,3.873933
RAPP_000799,2,OSM;HEALTHSITES,True,True,False,node/7153482081,node/7153482081,,Cabinet De Soin Au Coeur Uni,Cabinet De Soin Au Coeur Uni,,SOC.SANTE.CLINIQUE,SOC.SANTE.CLINIQUE,,id_osm,,,OSM,11.455927,3.895589
RAPP_000800,2,OSM;HEALTHSITES,True,True,False,node/7153501911,node/7153501911,,Cabinets De Soins Teffeu,Cabinets De Soins Teffeu,,SOC.SANTE.CLINIQUE,SOC.SANTE.CLINIQUE,,id_osm,,,OSM,11.474545,3.876983
RAPP_000801,2,OSM;HEALTHSITES,True,True,False,node/7153605071,node/7153605071,,Cabinet Medical Luceole,Cabinet Medical Luceole,,,,,id_osm,,,OSM,11.471451,3.885446
RAPP_000802,2,OSM;HEALTHSITES,True,True,False,node/7153637348,node/7153637348,,Le Samaritain Plus,Le Samaritain Plus,,SOC.SANTE.HOPITAL,SOC.SANTE.HOPITAL,,id_osm,,,OSM,11.453103,3.84421
RAPP_000803,2,OSM;HEALTHSITES,True,True,False,node/7162107431,node/7162107431,,,,,,,,id_osm,,,OSM,11.547161,3.901163
RAPP_000804,2,OSM;HEALTHSITES,True,True,False,node/7162116784,node/7162116784,,,,,,,,id_osm,,,OSM,11.534138,3.870739
RAPP_000805,2,OSM;HEALTHSITES,True,True,False,node/7162122771,node/7162122771,,,,,,,,id_osm,,,OSM,11.554457,3.878618
RAPP_000806,2,OSM;HEALTHSITES,True,True,False,node/7162122772,node/7162122772,,,,,,,,id_osm,,,OSM,11.553563,3.878611
RAPP_000807,2,OSM;HEALTHSITES,True,True,False,node/7162136068,node/7162136068,,Cabinet Dentaire MaSulamite,Cabinet Dentaire MaSulamite,,,,,id_osm,,,OSM,11.53218,3.87244
RAPP_000808,2,OSM;HEALTHSITES,True,True,False,node/7162139038,node/7162139038,,,,,,,,id_osm,,,OSM,11.52787,3.864497
RAPP_000809,2,OSM;HEALTHSITES,True,True,False,node/7162147728,node/7162147728,,,,,,,,id_osm,,,OSM,11.526301,3.863218
RAPP_000810,2,OSM;HEALTHSITES,True,True,False,node/7162150183,node/7162150183,,,,,,,,id_osm,,,OSM,11.561182,3.876755
RAPP_000811,2,OSM;HEALTHSITES,True,True,False,node/7162158285,node/7162158285,,,,,,,,id_osm,,,OSM,11.536055,3.872106
RAPP_000812,2,OSM;HEALTHSITES,True,True,False,node/7163229397,node/7163229397,,Centre Médical Ashyvic,Centre Médical Ashyvic,,SOC.SANTE.CENTRE,SOC.SANTE.CENTRE,,id_osm,,,OSM,11.529703,3.86192
RAPP_000813,2,OSM;HEALTHSITES,True,True,False,node/7163242975,node/7163242975,,Hôpital de District de Mvog Ada,Hôpital de District de Mvog Ada,,SOC.SANTE.CLINIQUE,SOC.SANTE.CLINIQUE,,id_osm,,,OSM,11.527225,3.863722
RAPP_000814,2,OSM;HEALTHSITES,True,True,False,node/7163243947,node/7163243947,,Maeva Care Clinique,Maeva Care Clinique,,SOC.SANTE.CLINIQUE,SOC.SANTE.CLINIQUE,,id_osm,,,OSM,11.530008,3.869957
RAPP_000815,2,OSM;HEALTHSITES,True,True,False,node/7163250219,node/7163250219,,Centre De Santé Main Douce-nhuka,Centre De Santé Main Douce-nhuka,,SOC.SANTE.CENTRE,SOC.SANTE.CENTRE,,id_osm,,,OSM,11.532665,3.866394
RAPP_000816,2,OSM;HEALTHSITES,True,True,False,node/7163252906,node/7163252906,,,,,SOC.SANTE.CLINIQUE,SOC.SANTE.CLINIQUE,,id_osm,,,OSM,11.538237,3.869339
RAPP_000817,2,OSM;HEALTHSITES,True,True,False,node/7163267836,node/7163267836,,Clinique Hope House,Clinique Hope House,,SOC.SANTE.CLINIQUE,SOC.SANTE.CLINIQUE,,id_osm,,,OSM,11.531745,3.869198
RAPP_000818,2,OSM;HEALTHSITES,True,True,False,node/7163299118,node/7163299118,,Centre De Santé St Gok-pierre,Centre De Santé St Gok-pierre,,SOC.SANTE.CENTRE,SOC.SANTE.CENTRE,,id_osm,,,OSM,11.537808,3.869652
RAPP_000819,2,OSM;HEALTHSITES,True,True,False,node/7163309319,node/7163309319,,Centre De Santé St Joseph,Centre De Santé St Joseph,,SOC.SANTE.CENTRE,SOC.SANTE.CENTRE,,id_osm,,,OSM,11.543974,3.871012
RAPP_000820,2,OSM;HEALTHSITES,True,True,False,node/7163315005,node/7163315005,,,,,SOC.SANTE.CLINIQUE,SOC.SANTE.CLINIQUE,,id_osm,,,OSM,11.547505,3.873779
RAPP_000821,2,OSM;HEALTHSITES,True,True,False,node/7163320099,node/7163320099,,,,,SOC.SANTE.CLINIQUE,SOC.SANTE.CLINIQUE,,id_osm,,,OSM,11.547682,3.872504
RAPP_000822,2,OSM;HEALTHSITES,True,True,False,node/7163338070,node/7163338070,,Centre Medical Sainte Bernadette,Centre Medical Sainte Bernadette,,SOC.SANTE.CENTRE,SOC.SANTE.CENTRE,,id_osm,,,OSM,11.531856,3.875194
RAPP_000823,2,OSM;HEALTHSITES,True,True,False,node/7163338977,node/7163338977,,Sainte Thérèse,Sainte Thérèse,,SOC.SANTE.CLINIQUE,SOC.SANTE.CLINIQUE,,id_osm,,,OSM,11.538655,3.876173
RAPP_000824,2,OSM;HEALTHSITES,True,True,False,node/7163339590,node/7163339590,,Maison De La Santé St Paul,Maison De La Santé St Paul,,SOC.SANTE.CLINIQUE,SOC.SANTE.CLINIQUE,,id_osm,,,OSM,11.543395,3.875794
RAPP_000825,2,OSM;HEALTHSITES,True,True,False,node/7163354181,node/7163354181,,,,,SOC.SANTE.CLINIQUE,SOC.SANTE.CLINIQUE,,id_osm,,,OSM,11.532448,3.8766
RAPP_000826,2,OSM;HEALTHSITES,True,True,False,node/7163357955,node/7163357955,,Kutenda Médical,Kutenda Médical,,SOC.SANTE.CLINIQUE,SOC.SANTE.CLINIQUE,,id_osm,,,OSM,11.541148,3.87603
RAPP_000827,2,OSM;HEALTHSITES,True,True,False,node/7163372057,node/7163372057,,Virginia Anderson,Virginia Anderson,,SOC.SANTE.CLINIQUE,SOC.SANTE.CLINIQUE,,id_osm,,,OSM,11.556029,3.879263
RAPP_000828,2,OSM;HEALTHSITES,True,True,False,node/7163373365,node/7163373365,,Humanitaire,Humanitaire,,SOC.SANTE.CLINIQUE,SOC.SANTE.CLINIQUE,,id_osm,,,OSM,11.543352,3.878048
RAPP_000829,2,OSM;HEALTHSITES,True,True,False,node/7163382839,node/7163382839,,Cabinet Dentaire The Queen,Cabinet Dentaire The Queen,,SOC.SANTE.CLINIQUE,SOC.SANTE.CLINIQUE,,id_osm,,,OSM,11.538872,3.880574
RAPP_000830,2,OSM;HEALTHSITES,True,True,False,node/7163386473,node/7163386473,,St Thomas,St Thomas,,SOC.SANTE.CLINIQUE,SOC.SANTE.CLINIQUE,,id_osm,,,OSM,11.53314,3.889323
RAPP_000831,2,OSM;HEALTHSITES,True,True,False,node/7163391027,node/7163391027,,Gasi,Gasi,,SOC.SANTE.CLINIQUE,SOC.SANTE.CLINIQUE,,id_osm,,,OSM,11.544353,3.879882
RAPP_000832,2,OSM;HEALTHSITES,True,True,False,node/7163393385,node/7163393385,,Gic Santé Moko Benis,Gic Santé Moko Benis,,SOC.SANTE.CLINIQUE,SOC.SANTE.CLINIQUE,,id_osm,,,OSM,11.533094,3.883114
RAPP_000833,2,OSM;HEALTHSITES,True,True,False,node/7163393978,node/7163393978,,Le Bien-être De Nkolmesseng,Le Bien-être De Nkolmesseng,,SOC.SANTE.CLINIQUE,SOC.SANTE.CLINIQUE,,id_osm,,,OSM,11.560187,3.878235
RAPP_000834,2,OSM;HEALTHSITES,True,True,False,node/7163395313,node/7163395313,,Centre Médico Sanitaire De L'espoir,Centre Médico Sanitaire De L'espoir,,SOC.SANTE.CLINIQUE,SOC.SANTE.CLINIQUE,,id_osm,,,OSM,11.557269,3.881575
RAPP_000835,2,OSM;HEALTHSITES,True,True,False,node/7163399807,node/7163399807,,Citée Des Anges,Citée Des Anges,,SOC.SANTE.CLINIQUE,SOC.SANTE.CLINIQUE,,id_osm,,,OSM,11.567194,3.891478
RAPP_000836,2,OSM;HEALTHSITES,True,True,False,node/7163406522,node/7163406522,,La Main Douce Plus,La Main Douce Plus,,SOC.SANTE.CLINIQUE,SOC.SANTE.CLINIQUE,,id_osm,,,OSM,11.561603,3.87999
RAPP_000837,2,OSM;HEALTHSITES,True,True,False,node/7163406954,node/7163406954,,L'espoir Santé,L'espoir Santé,,SOC.SANTE.CLINIQUE,SOC.SANTE.CLINIQUE,,id_osm,,,OSM,11.556585,3.880237
RAPP_000838,2,OSM;HEALTHSITES,True,True,False,node/7163407162,node/7163407162,,Gic Santé,Gic Santé,,SOC.SANTE.CLINIQUE,SOC.SANTE.CLINIQUE,,id_osm,,,OSM,11.557157,3.879947
RAPP_000839,2,OSM;HEALTHSITES,True,True,False,node/7163407358,node/7163407358,,,,,SOC.SANTE.CLINIQUE,SOC.SANTE.CLINIQUE,,id_osm,,,OSM,11.538632,3.88432
RAPP_000840,2,OSM;HEALTHSITES,True,True,False,node/7163412436,node/7163412436,,Centre De Sante La Gloire De Dieu,Centre De Sante La Gloire De Dieu,,SOC.SANTE.CENTRE,SOC.SANTE.CENTRE,,id_osm,,,OSM,11.555465,3.880388
RAPP_000841,2,OSM;HEALTHSITES,True,True,False,node/7163416424,node/7163416424,,Sainte Romaine,Sainte Romaine,,SOC.SANTE.CLINIQUE,SOC.SANTE.CLINIQUE,,id_osm,,,OSM,11.550351,3.880328
RAPP_000842,2,OSM;HEALTHSITES,True,True,False,node/7163416455,node/7163416455,,Centre De Santé Hoch,Centre De Santé Hoch,,SOC.SANTE.CENTRE,SOC.SANTE.CENTRE,,id_osm,,,OSM,11.557071,3.882119
RAPP_000843,2,OSM;HEALTHSITES,True,True,False,node/7163418248,node/7163418248,,,,,SOC.SANTE.CLINIQUE,SOC.SANTE.CLINIQUE,,id_osm,,,OSM,11.565556,3.887547
RAPP_000844,2,OSM;HEALTHSITES,True,True,False,node/7163421043,node/7163421043,,,,,SOC.SANTE.CLINIQUE,SOC.SANTE.CLINIQUE,,id_osm,,,OSM,11.533501,3.885949
RAPP_000845,2,OSM;HEALTHSITES,True,True,False,node/7163421656,node/7163421656,,,,,SOC.SANTE.CLINIQUE,SOC.SANTE.CLINIQUE,,id_osm,,,OSM,11.563948,3.883256
RAPP_000846,2,OSM;HEALTHSITES,True,True,False,node/7163428860,node/7163428860,,Centre De Santé Intégré Saint Maurice,Centre De Santé Intégré Saint Maurice,,SOC.SANTE.CENTRE,SOC.SANTE.CENTRE,,id_osm,,,OSM,11.535543,3.885362
RAPP_000847,2,OSM;HEALTHSITES,True,True,False,node/7163431628,node/7163431628,,La Paix Des Anges,La Paix Des Anges,,SOC.SANTE.CLINIQUE,SOC.SANTE.CLINIQUE,,id_osm,,,OSM,11.561098,3.884715
RAPP_000848,2,OSM;HEALTHSITES,True,True,False,node/7163432402,node/7163432402,,Mal Barr,Mal Barr,,SOC.SANTE.CLINIQUE,SOC.SANTE.CLINIQUE,,id_osm,,,OSM,11.549133,3.884611
RAPP_000849,2,OSM;HEALTHSITES,True,True,False,node/7163433218,node/7163433218,,,,,SOC.SANTE.CLINIQUE,SOC.SANTE.CLINIQUE,,id_osm,,,OSM,11.549904,3.884943
RAPP_000850,2,OSM;HEALTHSITES,True,True,False,node/7164532395,node/7164532395,,,,,SOC.SANTE.PHARMACIE,SOC.SANTE.PHARMACIE,,id_osm,,,OSM,11.450644,3.900566
RAPP_000851,2,OSM;HEALTHSITES,True,True,False,node/7164533753,node/7164533753,,Pharmacie Du Bleu,Pharmacie Du Bleu,,SOC.SANTE.PHARMACIE,SOC.SANTE.PHARMACIE,,id_osm,,,OSM,11.450619,3.880537
RAPP_000852,2,OSM;HEALTHSITES,True,True,False,node/7164535317,node/7164535317,,,,,SOC.SANTE.PHARMACIE,SOC.SANTE.PHARMACIE,,id_osm,,,OSM,11.460734,3.889715
RAPP_000853,2,OSM;HEALTHSITES,True,True,False,node/7164538741,node/7164538741,,,,,SOC.SANTE.PHARMACIE,SOC.SANTE.PHARMACIE,,id_osm,,,OSM,11.454997,3.897283
RAPP_000854,2,OSM;HEALTHSITES,True,True,False,node/7164542361,node/7164542361,,La Renaissance,La Renaissance,,SOC.SANTE.PHARMACIE,SOC.SANTE.PHARMACIE,,id_osm,,,OSM,11.467993,3.882542
RAPP_000855,2,OSM;HEALTHSITES,True,True,False,node/7165640044,node/7165640044,,Clinique Du 6ème Bonheur,Clinique Du 6ème Bonheur,,SOC.SANTE.CLINIQUE,SOC.SANTE.CLINIQUE,,id_osm,,,OSM,11.541635,3.873209
RAPP_000856,2,OSM;HEALTHSITES,True,True,False,node/7165640045,node/7165640045,,En Elyon,En Elyon,,SOC.SANTE.CLINIQUE,SOC.SANTE.CLINIQUE,,id_osm,,,OSM,11.543226,3.873082
RAPP_000857,2,OSM;HEALTHSITES,True,True,False,node/7165664871,node/7165664871,,Clinique Médicale Enfants Malades,Clinique Médicale Enfants Malades,,SOC.SANTE.CLINIQUE,SOC.SANTE.CLINIQUE,,id_osm,,,OSM,11.530738,3.872255
RAPP_000858,2,OSM;HEALTHSITES,True,True,False,node/7165682017,node/7165682017,,Centre Médico Chirurgical De L'espoir,Centre Médico Chirurgical De L'espoir,,SOC.SANTE.CLINIQUE,SOC.SANTE.CLINIQUE,,id_osm,,,OSM,11.535946,3.873124
RAPP_000859,2,OSM;HEALTHSITES,True,True,False,node/7165682018,node/7165682018,,Medicy,Medicy,,SOC.SANTE.CLINIQUE,SOC.SANTE.CLINIQUE,,id_osm,,,OSM,11.53633,3.872307
RAPP_000860,2,OSM;HEALTHSITES,True,True,False,node/7165682019,node/7165682019,,La Grâce De Dieu,La Grâce De Dieu,,SOC.SANTE.CLINIQUE,SOC.SANTE.CLINIQUE,,id_osm,,,OSM,11.537851,3.871957
RAPP_000861,2,OSM;HEALTHSITES,True,True,False,node/7165700314,node/7165700314,,Centre Médico Chirurgical D'essos,Centre Médico Chirurgical D'essos,,SOC.SANTE.CLINIQUE,SOC.SANTE.CLINIQUE,,id_osm,,,OSM,11.546234,3.877622
RAPP_000862,2,OSM;HEALTHSITES,True,True,False,node/7165700315,node/7165700315,,Frot,Frot,,SOC.SANTE.CLINIQUE,SOC.SANTE.CLINIQUE,,id_osm,,,OSM,11.544782,3.877919
RAPP_000863,2,OSM;HEALTHSITES,True,True,False,node/7165700316,node/7165700316,,Cabinet Dentaire,Cabinet Dentaire,,SOC.SANTE.CLINIQUE,SOC.SANTE.CLINIQUE,,id_osm,,,OSM,11.546095,3.877767
RAPP_000864,2,OSM;HEALTHSITES,True,True,False,node/7165700317,node/7165700317,,Clinique De L'espoir,Clinique De L'espoir,,SOC.SANTE.CLINIQUE,SOC.SANTE.CLINIQUE,,id_osm,,,OSM,11.547554,3.878509
RAPP_000865,2,OSM;HEALTHSITES,True,True,False,node/7165800678,node/7165800678,,Fondation Médicale De La Paix,Fondation Médicale De La Paix,,SOC.SANTE.CLINIQUE,SOC.SANTE.CLINIQUE,,id_osm,,,OSM,11.564887,3.891106
RAPP_000866,2,OSM;HEALTHSITES,True,True,False,node/7165819472,node/7165819472,,,,,SOC.SANTE.CLINIQUE,SOC.SANTE.CLINIQUE,,id_osm,,,OSM,11.539844,3.890792
RAPP_000867,2,OSM;HEALTHSITES,True,True,False,node/7165822166,node/7165822166,,Centre De Sante La Reference,Centre De Sante La Reference,,SOC.SANTE.CENTRE,SOC.SANTE.CENTRE,,id_osm,,,OSM,11.558238,3.887821
RAPP_000868,2,OSM;HEALTHSITES,True,True,False,node/7165825149,node/7165825149,,Espoir Et Vie,Espoir Et Vie,,SOC.SANTE.CLINIQUE,SOC.SANTE.CLINIQUE,,id_osm,,,OSM,11.563244,3.890983
RAPP_000869,2,OSM;HEALTHSITES,True,True,False,node/7165838224,node/7165838224,,Clinique Dutrelle,Clinique Dutrelle,,SOC.SANTE.CLINIQUE,SOC.SANTE.CLINIQUE,,id_osm,,,OSM,11.539834,3.887906
RAPP_000870,2,OSM;HEALTHSITES,True,True,False,node/7165839652,node/7165839652,,Apsad,Apsad,,SOC.SANTE.CLINIQUE,SOC.SANTE.CLINIQUE,,id_osm,,,OSM,11.540436,3.897514
RAPP_000871,2,OSM;HEALTHSITES,True,True,False,node/7165842012,node/7165842012,,Fondation Medical Bio Santé,Fondation Medical Bio Santé,,SOC.SANTE.CLINIQUE,SOC.SANTE.CLINIQUE,,id_osm,,,OSM,11.552871,3.891847
RAPP_000872,2,OSM;HEALTHSITES,True,True,False,node/7165843261,node/7165843261,,Centre De Santé Le Premier Secours.,Centre De Santé Le Premier Secours.,,SOC.SANTE.CENTRE,SOC.SANTE.CENTRE,,id_osm,,,OSM,11.559888,3.892965
RAPP_000873,2,OSM;HEALTHSITES,True,True,False,node/7165843697,node/7165843697,,Centre De Santé Santé Pour Tous,Centre De Santé Santé Pour Tous,,SOC.SANTE.CENTRE,SOC.SANTE.CENTRE,,id_osm,,,OSM,11.558088,3.891288
RAPP_000874,2,OSM;HEALTHSITES,True,True,False,node/7165844905,node/7165844905,,Espoir Et Vie,Espoir Et Vie,,SOC.SANTE.CLINIQUE,SOC.SANTE.CLINIQUE,,id_osm,,,OSM,11.558772,3.890261
RAPP_000875,2,OSM;HEALTHSITES,True,True,False,node/7165846995,node/7165846995,,Centre De Sante La Paix,Centre De Sante La Paix,,SOC.SANTE.CENTRE,SOC.SANTE.CENTRE,,id_osm,,,OSM,11.558462,3.891591
RAPP_000876,2,OSM;HEALTHSITES,True,True,False,node/7165847712,node/7165847712,,Action Santé Développement,Action Santé Développement,,SOC.SANTE.CLINIQUE,SOC.SANTE.CLINIQUE,,id_osm,,,OSM,11.540181,3.892248
RAPP_000877,2,OSM;HEALTHSITES,True,True,False,node/7165850136,node/7165850136,,Fondation Medical Saint Raphaël,Fondation Medical Saint Raphaël,,SOC.SANTE.CLINIQUE,SOC.SANTE.CLINIQUE,,id_osm,,,OSM,11.549108,3.887788
RAPP_000878,2,OSM;HEALTHSITES,True,True,False,node/7165854544,node/7165854544,,Centre De Santé Sainte Monique,Centre De Santé Sainte Monique,,SOC.SANTE.CENTRE,SOC.SANTE.CENTRE,,id_osm,,,OSM,11.567954,3.898757
RAPP_000879,2,OSM;HEALTHSITES,True,True,False,node/7165854606,node/7165854606,,Le Toubib,Le Toubib,,SOC.SANTE.CLINIQUE,SOC.SANTE.CLINIQUE,,id_osm,,,OSM,11.547825,3.892623
RAPP_000880,2,OSM;HEALTHSITES,True,True,False,node/7165854971,node/7165854971,,Cabinet De Soins Jehovat Jiré,Cabinet De Soins Jehovat Jiré,,SOC.SANTE.CLINIQUE,SOC.SANTE.CLINIQUE,,id_osm,,,OSM,11.541111,3.894478
RAPP_000881,2,OSM;HEALTHSITES,True,True,False,node/7165855640,node/7165855640,,Centre De Santé Communautaire De Ngousso,Centre De Santé Communautaire De Ngousso,,SOC.SANTE.CENTRE,SOC.SANTE.CENTRE,,id_osm,,,OSM,11.539268,3.896976
RAPP_000882,2,OSM;HEALTHSITES,True,True,False,node/7165857943,node/7165857943,,Centre De Sante Providence,Centre De Sante Providence,,SOC.SANTE.CENTRE,SOC.SANTE.CENTRE,,id_osm,,,OSM,11.561707,3.89859
RAPP_000883,2,OSM;HEALTHSITES,True,True,False,node/7165857944,node/7165857944,,Fondation Médical Anchel,Fondation Médical Anchel,,SOC.SANTE.CLINIQUE,SOC.SANTE.CLINIQUE,,id_osm,,,OSM,11.56509,3.902922
RAPP_000884,2,OSM;HEALTHSITES,True,True,False,node/7165858950,node/7165858950,,Le Magnificat,Le Magnificat,,SOC.SANTE.CLINIQUE,SOC.SANTE.CLINIQUE,,id_osm,,,OSM,11.544655,3.892147
RAPP_000885,2,OSM;HEALTHSITES,True,True,False,node/7165859579,node/7165859579,,Sainte Glanie,Sainte Glanie,,SOC.SANTE.CLINIQUE,SOC.SANTE.CLINIQUE,,id_osm,,,OSM,11.556838,3.900638
RAPP_000886,2,OSM;HEALTHSITES,True,True,False,node/7165860052,node/7165860052,,La Référence,La Référence,,SOC.SANTE.CLINIQUE,SOC.SANTE.CLINIQUE,,id_osm,,,OSM,11.541949,3.893278
RAPP_000887,2,OSM;HEALTHSITES,True,True,False,node/7165860155,node/7165860155,,Centre Médical Sainte Victoire,Centre Médical Sainte Victoire,,SOC.SANTE.CENTRE,SOC.SANTE.CENTRE,,id_osm,,,OSM,11.562168,3.901404
RAPP_000888,2,OSM;HEALTHSITES,True,True,False,node/7165861106,node/7165861106,,Fondation Sigba,Fondation Sigba,,SOC.SANTE.CLINIQUE,SOC.SANTE.CLINIQUE,,id_osm,,,OSM,11.566772,3.898253
RAPP_000889,2,OSM;HEALTHSITES,True,True,False,node/7165861248,node/7165861248,,Centre De Santé Apsad,Centre De Santé Apsad,,SOC.SANTE.CENTRE,SOC.SANTE.CENTRE,,id_osm,,,OSM,11.566447,3.899587
RAPP_000890,2,OSM;HEALTHSITES,True,True,False,node/7165861433,node/7165861433,,,,,SOC.SANTE.CLINIQUE,SOC.SANTE.CLINIQUE,,id_osm,,,OSM,11.56908,3.897046
RAPP_000891,2,OSM;HEALTHSITES,True,True,False,node/7165865757,node/7165865757,,Centre De Santé De Sainte Pancrace,Centre De Santé De Sainte Pancrace,,SOC.SANTE.CENTRE,SOC.SANTE.CENTRE,,id_osm,,,OSM,11.561899,3.901616
RAPP_000892,2,OSM;HEALTHSITES,True,True,False,node/7165865997,node/7165865997,,Centre De Soins Hospitalier Source De Core,Centre De Soins Hospitalier Source De Core,,SOC.SANTE.CLINIQUE,SOC.SANTE.CLINIQUE,,id_osm,,,OSM,11.557861,3.894579
RAPP_000893,2,OSM;HEALTHSITES,True,True,False,node/7165867241,node/7165867241,,,,,SOC.SANTE.CLINIQUE,SOC.SANTE.CLINIQUE,,id_osm,,,OSM,11.568029,3.896168
RAPP_000894,2,OSM;HEALTHSITES,True,True,False,node/7165868795,node/7165868795,,Les Merveilles De Dieu,Les Merveilles De Dieu,,SOC.SANTE.CLINIQUE,SOC.SANTE.CLINIQUE,,id_osm,,,OSM,11.567078,3.898485
RAPP_000895,2,OSM;HEALTHSITES,True,True,False,node/7165873083,node/7165873083,,,,,SOC.SANTE.CLINIQUE,SOC.SANTE.CLINIQUE,,id_osm,,,OSM,11.564113,3.903071
RAPP_000896,2,OSM;HEALTHSITES,True,True,False,node/7165883561,node/7165883561,,Centre De Santé Le Divin,Centre De Santé Le Divin,,SOC.SANTE.CENTRE,SOC.SANTE.CENTRE,,id_osm,,,OSM,11.564982,3.907097
RAPP_000897,2,OSM;HEALTHSITES,True,True,False,node/7165887201,node/7165887201,,Centre Médical Ange David,Centre Médical Ange David,,SOC.SANTE.CENTRE,SOC.SANTE.CENTRE,,id_osm,,,OSM,11.560739,3.90172
RAPP_000898,2,OSM;HEALTHSITES,True,True,False,node/7165888460,node/7165888460,,Centre Se Sante Grace Divine,Centre Se Sante Grace Divine,,SOC.SANTE.CLINIQUE,SOC.SANTE.CLINIQUE,,id_osm,,,OSM,11.563825,3.90137
RAPP_000899,2,OSM;HEALTHSITES,True,True,False,node/7165893920,node/7165893920,,Les Premiers Secours De Ngoulmekong - Fosapps,Les Premiers Secours De Ngoulmekong - Fosapps,,SOC.SANTE.CLINIQUE,SOC.SANTE.CLINIQUE,,id_osm,,,OSM,11.563244,3.906399
RAPP_000900,2,OSM;HEALTHSITES,True,True,False,node/7165895334,node/7165895334,,Centre De Santé Josepha,Centre De Santé Josepha,,SOC.SANTE.CENTRE,SOC.SANTE.CENTRE,,id_osm,,,OSM,11.555414,3.900665
RAPP_000901,2,OSM;HEALTHSITES,True,True,False,node/7165897245,node/7165897245,,Cabinet De Soins De Santé - A C S A S,Cabinet De Soins De Santé - A C S A S,,SOC.SANTE.CLINIQUE,SOC.SANTE.CLINIQUE,,id_osm,,,OSM,11.56843,3.9081
RAPP_000902,2,OSM;HEALTHSITES,True,True,False,node/7165964070,node/7165964070,,La Patience,La Patience,,SOC.SANTE.CLINIQUE,SOC.SANTE.CLINIQUE,,id_osm,,,OSM,11.54433,3.899748
RAPP_000903,2,OSM;HEALTHSITES,True,True,False,node/7165964071,node/7165964071,,Josephina Médical Space Al . Technologie (cabinet Médicalisé De Beauté Et De Bien-etre),Josephina Médical Space Al . Technologie (cabinet Médicalisé De Beauté Et De Bien-etre),,SOC.SANTE.CLINIQUE,SOC.SANTE.CLINIQUE,,id_osm,,,OSM,11.547256,3.900451
RAPP_000904,2,OSM;HEALTHSITES,True,True,False,node/7165964072,node/7165964072,,Radiographie -échographie,Radiographie -échographie,,SOC.SANTE.CLINIQUE,SOC.SANTE.CLINIQUE,,id_osm,,,OSM,11.54746,3.899936
RAPP_000905,2,OSM;HEALTHSITES,True,True,False,node/7165964073,node/7165964073,,Sgi Sarl (vente De Produits De Santé Traditionnel),Sgi Sarl (vente De Produits De Santé Traditionnel),,SOC.SANTE.CLINIQUE,SOC.SANTE.CLINIQUE,,id_osm,,,OSM,11.547104,3.900937
RAPP_000906,2,OSM;HEALTHSITES,True,True,False,node/7165964350,node/7165964350,,Centre Médical Espoir Solidarité,Centre Médical Espoir Solidarité,,SOC.SANTE.CENTRE,SOC.SANTE.CENTRE,,id_osm,,,OSM,11.546363,3.87399
RAPP_000907,2,OSM;HEALTHSITES,True,True,False,node/7165966141,node/7165966141,,Fohow International Vip( l Univers Bio De Votre Santé ),Fohow International Vip( l Univers Bio De Votre Santé ),,SOC.SANTE.CLINIQUE,SOC.SANTE.CLINIQUE,,id_osm,,,OSM,11.546997,3.886932
RAPP_000908,2,OSM;HEALTHSITES,True,True,False,node/7165969036,node/7165969036,,Polyclinic Sende,Polyclinic Sende,,SOC.SANTE.CLINIQUE,SOC.SANTE.CLINIQUE,,id_osm,,,OSM,11.552341,3.888045
RAPP_000909,2,OSM;HEALTHSITES,True,True,False,node/7165983529,node/7165983529,,Centre Médical Au Bois D'amour,Centre Médical Au Bois D'amour,,SOC.SANTE.CENTRE,SOC.SANTE.CENTRE,,id_osm,,,OSM,11.548978,3.876585
RAPP_000910,2,OSM;HEALTHSITES,True,True,False,node/7165983530,node/7165983530,,Avicenne,Avicenne,,SOC.SANTE.CLINIQUE,SOC.SANTE.CLINIQUE,,id_osm,,,OSM,11.549197,3.876099
RAPP_000911,2,OSM;HEALTHSITES,True,True,False,node/7165985534,node/7165985534,,La Solidarité,La Solidarité,,SOC.SANTE.CLINIQUE,SOC.SANTE.CLINIQUE,,id_osm,,,OSM,11.546913,3.881811
RAPP_000912,2,OSM;HEALTHSITES,True,True,False,node/7165996429,node/7165996429,,Clinique Vétérinaire De Ngousso,Clinique Vétérinaire De Ngousso,,SOC.SANTE.CLINIQUE,SOC.SANTE.CLINIQUE,,id_osm,,,OSM,11.554814,3.89987
RAPP_000913,2,OSM;HEALTHSITES,True,True,False,node/7165996430,node/7165996430,,Longrich Health & Wealth Home,Longrich Health & Wealth Home,,SOC.SANTE.CLINIQUE,SOC.SANTE.CLINIQUE,,id_osm,,,OSM,11.550707,3.898599
RAPP_000914,2,OSM;HEALTHSITES,True,True,False,node/7165996431,node/7165996431,,Centre Médical Saint Luc De Ngousso,Centre Médical Saint Luc De Ngousso,,SOC.SANTE.CENTRE,SOC.SANTE.CENTRE,,id_osm,,,OSM,11.551756,3.899328
RAPP_000915,2,OSM;HEALTHSITES,True,True,False,node/7165998327,node/7165998327,,Bb Diagnostics,Bb Diagnostics,,SOC.SANTE.CLINIQUE,SOC.SANTE.CLINIQUE,,id_osm,,,OSM,11.542223,3.889554
RAPP_000916,2,OSM;HEALTHSITES,True,True,False,node/7166000695,node/7166000695,,"Exact( Laboratoire, Consultation, Radiographie, Échographie )","Exact( Laboratoire, Consultation, Radiographie, Échographie )",,SOC.SANTE.CLINIQUE,SOC.SANTE.CLINIQUE,,id_osm,,,OSM,11.539906,3.880609
RAPP_000917,2,OSM;HEALTHSITES,True,True,False,node/7166000696,node/7166000696,,Centre De Recherche Sur Les Filarioses Et Autres Maladies Tropicales,Centre De Recherche Sur Les Filarioses Et Autres Maladies Tropicales,,SOC.SANTE.CLINIQUE,SOC.SANTE.CLINIQUE,,id_osm,,,OSM,11.536651,3.880055
RAPP_000918,2,OSM;HEALTHSITES,True,True,False,node/7166000697,node/7166000697,,Cap Santé. Centre Medico-chirurgical,Cap Santé. Centre Medico-chirurgical,,SOC.SANTE.CLINIQUE,SOC.SANTE.CLINIQUE,,id_osm,,,OSM,11.539057,3.880021
RAPP_000919,2,OSM;HEALTHSITES,True,True,False,node/7166000698,node/7166000698,,Clinique: St Joseph Cancer Center,Clinique: St Joseph Cancer Center,,SOC.SANTE.CLINIQUE,SOC.SANTE.CLINIQUE,,id_osm,,,OSM,11.536915,3.879567
RAPP_000920,2,OSM;HEALTHSITES,True,True,False,node/7166000699,node/7166000699,,Medical Services,Medical Services,,SOC.SANTE.CLINIQUE,SOC.SANTE.CLINIQUE,,id_osm,,,OSM,11.539695,3.878898
RAPP_000921,2,OSM;HEALTHSITES,True,True,False,node/7166043515,node/7166043515,,Cemrio,Cemrio,,SOC.SANTE.CLINIQUE,SOC.SANTE.CLINIQUE,,id_osm,,,OSM,11.537092,3.886919
RAPP_000922,2,OSM;HEALTHSITES,True,True,False,node/7166043516,node/7166043516,,Naroge Medical & Services,Naroge Medical & Services,,SOC.SANTE.CLINIQUE,SOC.SANTE.CLINIQUE,,id_osm,,,OSM,11.538034,3.888496
RAPP_000923,2,OSM;HEALTHSITES,True,True,False,node/7166043517,node/7166043517,,Centre Médical Lamat Centre Cadio Vasculaire,Centre Médical Lamat Centre Cadio Vasculaire,,SOC.SANTE.CENTRE,SOC.SANTE.CENTRE,,id_osm,,,OSM,11.536791,3.885698
RAPP_000924,2,OSM;HEALTHSITES,True,True,False,node/7166045007,node/7166045007,,Cabinet Médical Dilma,Cabinet Médical Dilma,,SOC.SANTE.CLINIQUE,SOC.SANTE.CLINIQUE,,id_osm,,,OSM,11.538677,3.883133
RAPP_000925,2,OSM;HEALTHSITES,True,True,False,node/7166050930,node/7166050930,,Centre De Thérapie Du Langage Orthophonie-logopedie,Centre De Thérapie Du Langage Orthophonie-logopedie,,SOC.SANTE.CLINIQUE,SOC.SANTE.CLINIQUE,,id_osm,,,OSM,11.540591,3.908664
RAPP_000926,2,OSM;HEALTHSITES,True,True,False,node/7166050931,node/7166050931,,Esperance Cabinet De Lunetterie,Esperance Cabinet De Lunetterie,,SOC.SANTE.CLINIQUE,SOC.SANTE.CLINIQUE,,id_osm,,,OSM,11.537995,3.908492
RAPP_000927,2,OSM;HEALTHSITES,True,True,False,node/7166052663,node/7166052663,,Casesco,Casesco,,SOC.SANTE.CLINIQUE,SOC.SANTE.CLINIQUE,,id_osm,,,OSM,11.534734,3.888988
RAPP_000928,2,OSM;HEALTHSITES,True,True,False,node/7166058122,node/7166058122,,Cabinet De Dépistage,Cabinet De Dépistage,,SOC.SANTE.CLINIQUE,SOC.SANTE.CLINIQUE,,id_osm,,,OSM,11.538714,3.898184
RAPP_000929,2,OSM;HEALTHSITES,True,True,False,node/7166075138,node/7166075138,,,,,SOC.SANTE.CLINIQUE,SOC.SANTE.CLINIQUE,,id_osm,,,OSM,11.535107,3.893897
RAPP_000930,2,OSM;HEALTHSITES,True,True,False,node/7166605683,node/7166605683,,Maloine Sarl,Maloine Sarl,,SOC.SANTE.CLINIQUE,SOC.SANTE.CLINIQUE,,id_osm,,,OSM,11.564361,3.914165
RAPP_000931,2,OSM;HEALTHSITES,True,True,False,node/7166605684,node/7166605684,,Espoir Et Vie,Espoir Et Vie,,SOC.SANTE.CLINIQUE,SOC.SANTE.CLINIQUE,,id_osm,,,OSM,11.559492,3.912913
RAPP_000932,2,OSM;HEALTHSITES,True,True,False,node/7166621371,node/7166621371,,Laboratoire Bourgeois,Laboratoire Bourgeois,,SOC.SANTE.CLINIQUE,SOC.SANTE.CLINIQUE,,id_osm,,,OSM,11.562709,3.907291
RAPP_000933,2,OSM;HEALTHSITES,True,True,False,node/7166621918,node/7166621918,,Centre Medical Sainte Victoire,Centre Medical Sainte Victoire,,SOC.SANTE.CENTRE,SOC.SANTE.CENTRE,,id_osm,,,OSM,11.562337,3.901302
RAPP_000934,2,OSM;HEALTHSITES,True,True,False,node/7166624253,node/7166624253,,Cabinet Médico Sanitaire - La Voix Du Seigneur M'appelle,Cabinet Médico Sanitaire - La Voix Du Seigneur M'appelle,,SOC.SANTE.CLINIQUE,SOC.SANTE.CLINIQUE,,id_osm,,,OSM,11.554899,3.930591
RAPP_000935,2,OSM;HEALTHSITES,True,True,False,node/7166633934,node/7166633934,,,,,SOC.SANTE.CLINIQUE,SOC.SANTE.CLINIQUE,,id_osm,,,OSM,11.552615,3.918849
RAPP_000936,2,OSM;HEALTHSITES,True,True,False,node/7166700178,node/7166700178,,Grâce Divine,Grâce Divine,,SOC.SANTE.CLINIQUE,SOC.SANTE.CLINIQUE,,id_osm,,,OSM,11.548738,3.898782
RAPP_000937,2,OSM;HEALTHSITES,True,True,False,node/7166736348,node/7166736348,,La Bienfaisance,La Bienfaisance,,SOC.SANTE.CLINIQUE,SOC.SANTE.CLINIQUE,,id_osm,,,OSM,11.544156,3.898795
RAPP_000938,2,OSM;HEALTHSITES,True,True,False,node/7166739995,node/7166739995,,La Miséricorde,La Miséricorde,,SOC.SANTE.CLINIQUE,SOC.SANTE.CLINIQUE,,id_osm,,,OSM,11.546843,3.902558
RAPP_000939,2,OSM;HEALTHSITES,True,True,False,node/7166740373,node/7166740373,,La Miséricorde,La Miséricorde,,SOC.SANTE.CLINIQUE,SOC.SANTE.CLINIQUE,,id_osm,,,OSM,11.537204,3.907082
RAPP_000940,2,OSM;HEALTHSITES,True,True,False,node/7166741483,node/7166741483,,Djamtabo,Djamtabo,,SOC.SANTE.CLINIQUE,SOC.SANTE.CLINIQUE,,id_osm,,,OSM,11.540194,3.898199
RAPP_000941,2,OSM;HEALTHSITES,True,True,False,node/7166742324,node/7166742324,,Le Bien Être De Ngousso,Le Bien Être De Ngousso,,SOC.SANTE.CLINIQUE,SOC.SANTE.CLINIQUE,,id_osm,,,OSM,11.545859,3.89934
RAPP_000942,2,OSM;HEALTHSITES,True,True,False,node/7166747876,node/7166747876,,Alliance Divine,Alliance Divine,,SOC.SANTE.CLINIQUE,SOC.SANTE.CLINIQUE,,id_osm,,,OSM,11.536427,3.898735
RAPP_000943,2,OSM;HEALTHSITES,True,True,False,node/7166749513,node/7166749513,,,,,SOC.SANTE.CLINIQUE,SOC.SANTE.CLINIQUE,,id_osm,,,OSM,11.546892,3.907617
RAPP_000944,2,OSM;HEALTHSITES,True,True,False,node/7166751943,node/7166751943,,Centre De Santé La Roche,Centre De Santé La Roche,,SOC.SANTE.CENTRE,SOC.SANTE.CENTRE,,id_osm,,,OSM,11.548376,3.908969
RAPP_000945,2,OSM;HEALTHSITES,True,True,False,node/7166756459,node/7166756459,,Go For Humanity,Go For Humanity,,SOC.SANTE.CLINIQUE,SOC.SANTE.CLINIQUE,,id_osm,,,OSM,11.550282,3.91121
RAPP_000946,2,OSM;HEALTHSITES,True,True,False,node/7166767479,node/7166767479,,La Gaieté,La Gaieté,,SOC.SANTE.CLINIQUE,SOC.SANTE.CLINIQUE,,id_osm,,,OSM,11.546439,3.91015
RAPP_000947,2,OSM;HEALTHSITES,True,True,False,node/7166782793,node/7166782793,,La Fraternité,La Fraternité,,SOC.SANTE.CLINIQUE,SOC.SANTE.CLINIQUE,,id_osm,,,OSM,11.543047,3.910293
RAPP_000948,2,OSM;HEALTHSITES,True,True,False,node/7166787429,node/7166787429,,,,,SOC.SANTE.CLINIQUE,SOC.SANTE.CLINIQUE,,id_osm,,,OSM,11.546044,3.914155
RAPP_000949,2,OSM;HEALTHSITES,True,True,False,node/7166788590,node/7166788590,,En Saïd,En Saïd,,SOC.SANTE.CLINIQUE,SOC.SANTE.CLINIQUE,,id_osm,,,OSM,11.541254,3.916382
RAPP_000950,2,OSM;HEALTHSITES,True,True,False,node/7166790480,node/7166790480,,Zogo Abena,Zogo Abena,,SOC.SANTE.CLINIQUE,SOC.SANTE.CLINIQUE,,id_osm,,,OSM,11.542298,3.916318
RAPP_000951,2,OSM;HEALTHSITES,True,True,False,node/7166793232,node/7166793232,,La Grâce Du Rédempteur,La Grâce Du Rédempteur,,SOC.SANTE.CLINIQUE,SOC.SANTE.CLINIQUE,,id_osm,,,OSM,11.542276,3.930537
RAPP_000952,2,OSM;HEALTHSITES,True,True,False,node/7166799775,node/7166799775,,"Cabinet De Soins Espoir,santé & Vie","Cabinet De Soins Espoir,santé & Vie",,SOC.SANTE.CLINIQUE,SOC.SANTE.CLINIQUE,,id_osm,,,OSM,11.53968,3.921095
RAPP_000953,2,OSM;HEALTHSITES,True,True,False,node/7166803744,node/7166803744,,Shalom,Shalom,,SOC.SANTE.CLINIQUE,SOC.SANTE.CLINIQUE,,id_osm,,,OSM,11.543886,3.924728
RAPP_000954,2,OSM;HEALTHSITES,True,True,False,node/7166804631,node/7166804631,,Holly Anna'health Center,Holly Anna'health Center,,SOC.SANTE.CENTRE,SOC.SANTE.CENTRE,,id_osm,,,OSM,11.538913,3.917691
RAPP_000955,2,OSM;HEALTHSITES,True,True,False,node/7166805434,node/7166805434,,Tamoud,Tamoud,,SOC.SANTE.CLINIQUE,SOC.SANTE.CLINIQUE,,id_osm,,,OSM,11.543224,3.921619
RAPP_000956,2,OSM;HEALTHSITES,True,True,False,node/7166808715,node/7166808715,,Propharmacie,Propharmacie,,SOC.SANTE.CLINIQUE,SOC.SANTE.CLINIQUE,,id_osm,,,OSM,11.541889,3.920065
RAPP_000957,2,OSM;HEALTHSITES,True,True,False,node/7166808979,node/7166808979,,Tamoude,Tamoude,,SOC.SANTE.CLINIQUE,SOC.SANTE.CLINIQUE,,id_osm,,,OSM,11.54285,3.921589
RAPP_000958,2,OSM;HEALTHSITES,True,True,False,node/7166810543,node/7166810543,,St Germaine,St Germaine,,SOC.SANTE.CLINIQUE,SOC.SANTE.CLINIQUE,,id_osm,,,OSM,11.541993,3.919691
RAPP_000959,2,OSM;HEALTHSITES,True,True,False,node/7166812917,node/7166812917,,Centre De Santé Don De Guérison,Centre De Santé Don De Guérison,,SOC.SANTE.CENTRE,SOC.SANTE.CENTRE,,id_osm,,,OSM,11.54253,3.930366
RAPP_000960,2,OSM;HEALTHSITES,True,True,False,node/7166814055,node/7166814055,,Centee De Santé God's Will,Centee De Santé God's Will,,SOC.SANTE.CLINIQUE,SOC.SANTE.CLINIQUE,,id_osm,,,OSM,11.540711,3.920644
RAPP_000961,2,OSM;HEALTHSITES,True,True,False,node/7166815402,node/7166815402,,La Gloire,La Gloire,,SOC.SANTE.CLINIQUE,SOC.SANTE.CLINIQUE,,id_osm,,,OSM,11.556633,3.928852
RAPP_000962,2,OSM;HEALTHSITES,True,True,False,node/7166815918,node/7166815918,,Les Merveilles,Les Merveilles,,SOC.SANTE.CLINIQUE,SOC.SANTE.CLINIQUE,,id_osm,,,OSM,11.542334,3.921691
RAPP_000963,2,OSM;HEALTHSITES,True,True,False,node/7166818126,node/7166818126,,Samaritain,Samaritain,,SOC.SANTE.CLINIQUE,SOC.SANTE.CLINIQUE,,id_osm,,,OSM,11.548563,3.924209
RAPP_000964,2,OSM;HEALTHSITES,True,True,False,node/7171631844,node/7171631844,,abe,abe,,SOC.SANTE.HOPITAL,SOC.SANTE.HOPITAL,,id_osm,,,OSM,11.520597,3.882441
RAPP_000965,2,OSM;HEALTHSITES,True,True,False,node/7179451285,node/7179451285,,Fondation médicale Mine et Da Sylva,Fondation médicale Mine et Da Sylva,,SOC.SANTE.CLINIQUE,SOC.SANTE.CLINIQUE,,id_osm,,,OSM,11.595191,3.840191
RAPP_000966,2,OSM;HEALTHSITES,True,True,False,node/7192779250,node/7192779250,,Pharmacie d'Oyom-Abang,Pharmacie d'Oyom-Abang,,SOC.SANTE.PHARMACIE,SOC.SANTE.PHARMACIE,,id_osm,,,OSM,11.475404,3.875051
RAPP_000967,2,OSM;HEALTHSITES,True,True,False,node/7207653154,node/7207653154,,,,,SOC.SANTE.PHARMACIE,SOC.SANTE.PHARMACIE,,id_osm,,,OSM,11.544787,3.889095
RAPP_000968,2,OSM;HEALTHSITES,True,True,False,node/7207669077,node/7207669077,,,,,SOC.SANTE.PHARMACIE,SOC.SANTE.PHARMACIE,,id_osm,,,OSM,11.546245,3.902447
RAPP_000969,2,OSM;HEALTHSITES,True,True,False,node/7207678393,node/7207678393,,Capha Vet Sarl Pharmacie Vétérinaires,Capha Vet Sarl Pharmacie Vétérinaires,,SOC.SANTE.PHARMACIE,SOC.SANTE.PHARMACIE,,id_osm,,,OSM,11.53424,3.886491
RAPP_000970,2,OSM;HEALTHSITES,True,True,False,node/7207680779,node/7207680779,,La Sante,La Sante,,SOC.SANTE.PHARMACIE,SOC.SANTE.PHARMACIE,,id_osm,,,OSM,11.532224,3.872459
RAPP_000971,2,OSM;HEALTHSITES,True,True,False,node/7207683699,node/7207683699,,Pharmacie Montesquieu (espace Conseils),Pharmacie Montesquieu (espace Conseils),,SOC.SANTE.PHARMACIE,SOC.SANTE.PHARMACIE,,id_osm,,,OSM,11.524999,3.862544
RAPP_000972,2,OSM;HEALTHSITES,True,True,False,node/7207683786,node/7207683786,,Dr.iguedo's Goko,Dr.iguedo's Goko,,SOC.SANTE.PHARMACIE,SOC.SANTE.PHARMACIE,,id_osm,,,OSM,11.539936,3.872275
RAPP_000973,2,OSM;HEALTHSITES,True,True,False,node/7207684672,node/7207684672,,Pharmacie Mvog Ada,Pharmacie Mvog Ada,,SOC.SANTE.PHARMACIE,SOC.SANTE.PHARMACIE,,id_osm,,,OSM,11.527727,3.864378
RAPP_000974,2,OSM;HEALTHSITES,True,True,False,node/7207684673,node/7207684673,,Pharmacie De L'arche,Pharmacie De L'arche,,SOC.SANTE.PHARMACIE,SOC.SANTE.PHARMACIE,,id_osm,,,OSM,11.529587,3.866342
RAPP_000975,2,OSM;HEALTHSITES,True,True,False,node/7207685052,node/7207685052,,Pharmacie Le Bon Berger,Pharmacie Le Bon Berger,,SOC.SANTE.PHARMACIE,SOC.SANTE.PHARMACIE,,id_osm,,,OSM,11.538846,3.881321
RAPP_000976,2,OSM;HEALTHSITES,True,True,False,node/7207686738,node/7207686738,,Pharmacie De La Rosée,Pharmacie De La Rosée,,SOC.SANTE.PHARMACIE,SOC.SANTE.PHARMACIE,,id_osm,,,OSM,11.55683,3.900232
RAPP_000977,2,OSM;HEALTHSITES,True,True,False,node/7207690222,node/7207690222,,Pharmacie de La Chapelle,Pharmacie de La Chapelle,,SOC.SANTE.PHARMACIE,SOC.SANTE.PHARMACIE,,id_osm,,,OSM,11.549717,3.89884
RAPP_000978,2,OSM;HEALTHSITES,True,True,False,node/7207698014,node/7207698014,,Pharmacie Le Cygne,Pharmacie Le Cygne,,SOC.SANTE.PHARMACIE,SOC.SANTE.PHARMACIE,,id_osm,,,OSM,11.530378,3.861815
RAPP_000979,2,OSM;HEALTHSITES,True,True,False,node/7207698555,node/7207698555,,Complexe Miss Ngou,Complexe Miss Ngou,,SOC.SANTE.PHARMACIE,SOC.SANTE.PHARMACIE,,id_osm,,,OSM,11.5583,3.887893
RAPP_000980,2,OSM;HEALTHSITES,True,True,False,node/7207700174,node/7207700174,,Pharmacie De La Cité,Pharmacie De La Cité,,SOC.SANTE.PHARMACIE,SOC.SANTE.PHARMACIE,,id_osm,,,OSM,11.551793,3.885198
RAPP_000981,2,OSM;HEALTHSITES,True,True,False,node/7207701109,node/7207701109,,Médicament Vétérinaire,Médicament Vétérinaire,,SOC.SANTE.PHARMACIE,SOC.SANTE.PHARMACIE,,id_osm,,,OSM,11.527783,3.868917
RAPP_000982,2,OSM;HEALTHSITES,True,True,False,node/7207703602,node/7207703602,,Pharmacie du Lycée Bilingue,Pharmacie du Lycée Bilingue,,SOC.SANTE.PHARMACIE,SOC.SANTE.PHARMACIE,,id_osm,,,OSM,11.549642,3.878594
RAPP_000983,2,OSM;HEALTHSITES,True,True,False,node/7207705090,node/7207705090,,Phamarcie Athera,Phamarcie Athera,,SOC.SANTE.PHARMACIE,SOC.SANTE.PHARMACIE,,id_osm,,,OSM,11.547485,3.886791
RAPP_000984,2,OSM;HEALTHSITES,True,True,False,node/7207711955,node/7207711955,,Pro-pharmacie,Pro-pharmacie,,SOC.SANTE.PHARMACIE,SOC.SANTE.PHARMACIE,,id_osm,,,OSM,11.566511,3.907158
RAPP_000985,2,OSM;HEALTHSITES,True,True,False,node/7207713949,node/7207713949,,Santé St Victor,Santé St Victor,,SOC.SANTE.PHARMACIE,SOC.SANTE.PHARMACIE,,id_osm,,,OSM,11.561683,3.912804
RAPP_000986,2,OSM;HEALTHSITES,True,True,False,node/7207718237,node/7207718237,,La Médecine Naturelle De Maman Nettoyage,La Médecine Naturelle De Maman Nettoyage,,SOC.SANTE.PHARMACIE,SOC.SANTE.PHARMACIE,,id_osm,,,OSM,11.56052,3.924255
RAPP_000987,2,OSM;HEALTHSITES,True,True,False,node/7229936372,node/7229936372,,Centre de Santé Saint Raphaël,Centre de Santé Saint Raphaël,,SOC.SANTE.CENTRE,SOC.SANTE.CENTRE,,id_osm,,,OSM,11.477375,3.842978
RAPP_000988,2,OSM;HEALTHSITES,True,True,False,node/7229970680,node/7229970680,,centre de santé la providence,centre de santé la providence,,SOC.SANTE.CENTRE,SOC.SANTE.CENTRE,,id_osm,,,OSM,11.477339,3.842926
RAPP_000989,2,OSM;HEALTHSITES,True,True,False,node/7229970934,node/7229970934,,"Cabinet de kinésiethérapie ""santé éspoir""","Cabinet de kinésiethérapie ""santé éspoir""",,,,,id_osm,,,OSM,11.477508,3.843034
RAPP_000990,2,OSM;HEALTHSITES,True,True,False,node/7230006182,node/7230006182,,cabinet medical la gloire,cabinet medical la gloire,,SOC.SANTE.HOPITAL,SOC.SANTE.HOPITAL,,id_osm,,,OSM,11.47726,3.842919
RAPP_000991,2,OSM;HEALTHSITES,True,True,False,node/7230011827,node/7230011827,,centre de santé la patience,centre de santé la patience,,SOC.SANTE.CENTRE,SOC.SANTE.CENTRE,,id_osm,,,OSM,11.477253,3.842841
RAPP_000992,2,OSM;HEALTHSITES,True,True,False,node/7230032188,node/7230032188,,Cabinet Médicale saint Chrétien plus,Cabinet Médicale saint Chrétien plus,,SOC.SANTE.HOPITAL,SOC.SANTE.HOPITAL,,id_osm,,,OSM,11.477357,3.842895
RAPP_000993,2,OSM;HEALTHSITES,True,True,False,node/7230053894,node/7230053894,,"centre medical mere-enfants""ANACO""","centre medical mere-enfants""ANACO""",,SOC.SANTE.HOPITAL,SOC.SANTE.HOPITAL,,id_osm,,,OSM,11.477315,3.842805
RAPP_000994,2,OSM;HEALTHSITES,True,True,False,node/7230058319,node/7230058319,,cabinet dentaire,cabinet dentaire,,SOC.SANTE.HOPITAL,SOC.SANTE.HOPITAL,,id_osm,,,OSM,11.477254,3.842886
RAPP_000995,2,OSM;HEALTHSITES,True,True,False,node/7230072527,node/7230072527,,centre de chirurchie et génycologie,centre de chirurchie et génycologie,,SOC.SANTE.HOPITAL,SOC.SANTE.HOPITAL,,id_osm,,,OSM,11.477294,3.842897
RAPP_000996,2,OSM;HEALTHSITES,True,True,False,node/7230080168,node/7230080168,,centre medicale sainte Mathilde,centre medicale sainte Mathilde,,SOC.SANTE.HOPITAL,SOC.SANTE.HOPITAL,,id_osm,,,OSM,11.477322,3.842872
RAPP_000997,2,OSM;HEALTHSITES,True,True,False,node/7230091398,node/7230091398,,"Clinique ""DOH'S""DIAGNOSTIC","Clinique ""DOH'S""DIAGNOSTIC",,SOC.SANTE.HOPITAL,SOC.SANTE.HOPITAL,,id_osm,,,OSM,11.477252,3.842804
RAPP_000998,2,OSM;HEALTHSITES,True,True,False,node/7281741986,node/7281741986,,Centre hospitalier Caroline,Centre hospitalier Caroline,,SOC.SANTE.CLINIQUE,SOC.SANTE.CLINIQUE,,id_osm,,,OSM,11.478627,3.843598
RAPP_000999,2,OSM;HEALTHSITES,True,True,False,node/7340149572,node/7340149572,,Centre de santé intégré de Yemeyeme,Centre de santé intégré de Yemeyeme,,SOC.SANTE.CENTRE,SOC.SANTE.CENTRE,,id_osm,,,OSM,12.207157,3.632363
RAPP_001000,2,OSM;HEALTHSITES,True,True,False,node/7340161791,node/7340161791,,Centre de santé intégré de Akak,Centre de santé intégré de Akak,,SOC.SANTE.CENTRE,SOC.SANTE.CENTRE,,id_osm,,,OSM,12.180571,3.344549
RAPP_001001,2,OSM;HEALTHSITES,True,True,False,node/7340223830,node/7340223830,,Centre de santé intégré de Edjom,Centre de santé intégré de Edjom,,SOC.SANTE.CENTRE,SOC.SANTE.CENTRE,,id_osm,,,OSM,11.96962,3.539997
RAPP_001002,2,OSM;HEALTHSITES,True,True,False,node/7340336961,node/7340336961,,Centre de santé intégré d'Ekoudou,Centre de santé intégré d'Ekoudou,,SOC.SANTE.CENTRE,SOC.SANTE.CENTRE,,id_osm,,,OSM,12.138234,3.423309
RAPP_001003,2,OSM;HEALTHSITES,True,True,False,node/7340406444,node/7340406444,,Centre médical autonome d'Endom,Centre médical autonome d'Endom,,SOC.SANTE.CENTRE,SOC.SANTE.CENTRE,,id_osm,,,OSM,12.10363,3.50532
RAPP_001004,2,OSM;HEALTHSITES,True,True,False,node/7340410718,node/7340410718,,Centre de santé intégré de Mengueme Si,Centre de santé intégré de Mengueme Si,,SOC.SANTE.CENTRE,SOC.SANTE.CENTRE,,id_osm,,,OSM,12.243418,4.054696
RAPP_001005,2,OSM;HEALTHSITES,True,True,False,node/7340425788,node/7340425788,,Centre de santé intégré de Mengang,Centre de santé intégré de Mengang,,SOC.SANTE.CENTRE,SOC.SANTE.CENTRE,,id_osm,,,OSM,12.056672,3.891304
RAPP_001006,2,OSM;HEALTHSITES,True,True,False,node/7340428930,node/7340428930,,Centre de santé de Mfouassi,Centre de santé de Mfouassi,,SOC.SANTE.CENTRE,SOC.SANTE.CENTRE,,id_osm,,,OSM,12.14673,3.899567
RAPP_001007,2,OSM;HEALTHSITES,True,True,False,node/7387349585,node/7387349585,,Centre Médical du RASS,Centre Médical du RASS,,SOC.SANTE.CENTRE,SOC.SANTE.CENTRE,,id_osm,,,OSM,9.935199,4.966695
RAPP_001008,2,OSM;HEALTHSITES,True,True,False,node/7433218785,node/7433218785,,test 1,test 1,,SOC.SANTE.CLINIQUE,SOC.SANTE.CLINIQUE,,id_osm,,,OSM,11.454026,3.811189
RAPP_001009,2,OSM;HEALTHSITES,True,True,False,node/7636738133,node/7636738133,,,,,SOC.SANTE.HOPITAL,SOC.SANTE.HOPITAL,,id_osm,,,OSM,10.573366,4.03056
RAPP_001010,2,OSM;HEALTHSITES,True,True,False,node/7710550074,node/7710550074,,Bikob Former hospital,Bikob Former hospital,,SOC.SANTE.HOPITAL,SOC.SANTE.HOPITAL,,id_osm,,,OSM,10.421454,4.350932
RAPP_001011,2,OSM;HEALTHSITES,True,True,False,node/7713315091,node/7713315091,,Pharmacie du Pont,Pharmacie du Pont,,SOC.SANTE.PHARMACIE,SOC.SANTE.PHARMACIE,,id_osm,,,OSM,9.682807,4.070856
RAPP_001012,2,OSM;HEALTHSITES,True,True,False,node/7713399388,node/7713399388,,Cabinet Médical Chinois Accupunture-Massage,Cabinet Médical Chinois Accupunture-Massage,,,,,id_osm,,,OSM,9.677832,4.073094
RAPP_001013,2,OSM;HEALTHSITES,True,True,False,node/7713430785,node/7713430785,,Pharmacie de Bonambappe,Pharmacie de Bonambappe,,SOC.SANTE.PHARMACIE,SOC.SANTE.PHARMACIE,,id_osm,,,OSM,9.676003,4.073879
RAPP_001014,2,OSM;HEALTHSITES,True,True,False,node/7801588585,node/7801588585,,Hôpital Rosaire,Hôpital Rosaire,,SOC.SANTE.HOPITAL,SOC.SANTE.HOPITAL,,id_osm,,,OSM,11.514411,3.516186
RAPP_001015,2,OSM;HEALTHSITES,True,True,False,node/7801588685,node/7801588685,,Pharmacie La Référence,Pharmacie La Référence,,SOC.SANTE.PHARMACIE,SOC.SANTE.PHARMACIE,,id_osm,,,OSM,11.549081,3.894158
RAPP_001016,2,OSM;HEALTHSITES,True,True,False,node/7801589185,node/7801589185,,,,,SOC.SANTE.HOPITAL,SOC.SANTE.HOPITAL,,id_osm,,,OSM,11.504293,3.519879
RAPP_001017,2,OSM;HEALTHSITES,True,True,False,node/7806117185,node/7806117185,,MELLEN ZAMANE,MELLEN ZAMANE,,SOC.SANTE.HOPITAL,SOC.SANTE.HOPITAL,,id_osm,,,OSM,13.02093,2.711343
RAPP_001018,2,OSM;HEALTHSITES,True,True,False,node/7815381492,node/7815381492,,new todjon,new todjon,,SOC.SANTE.PHARMACIE,SOC.SANTE.PHARMACIE,,id_osm,,,OSM,10.414818,5.372997
RAPP_001019,2,OSM;HEALTHSITES,True,True,False,node/7815381493,node/7815381493,,koung khi,koung khi,,SOC.SANTE.PHARMACIE,SOC.SANTE.PHARMACIE,,id_osm,,,OSM,10.412645,5.371771
RAPP_001020,2,OSM;HEALTHSITES,True,True,False,node/7816867185,node/7816867185,,Fortune Clinic,Fortune Clinic,,SOC.SANTE.HOPITAL,SOC.SANTE.HOPITAL,,id_osm,,,OSM,9.621537,4.109969
RAPP_001021,2,OSM;HEALTHSITES,True,True,False,node/7831933495,node/7831933495,,Pharmacie la Statoise,Pharmacie la Statoise,,SOC.SANTE.PHARMACIE,SOC.SANTE.PHARMACIE,,id_osm,,,OSM,11.527838,3.844985
RAPP_001022,2,OSM;HEALTHSITES,True,True,False,node/7831934486,node/7831934486,,Pharmacie de l'Etoile,Pharmacie de l'Etoile,,SOC.SANTE.PHARMACIE,SOC.SANTE.PHARMACIE,,id_osm,,,OSM,11.481649,3.838713
RAPP_001023,2,OSM;HEALTHSITES,True,True,False,node/7831945185,node/7831945185,,Pharmacie Jérusalem,Pharmacie Jérusalem,,SOC.SANTE.PHARMACIE,SOC.SANTE.PHARMACIE,,id_osm,,,OSM,11.476871,3.840371
RAPP_001024,2,OSM;HEALTHSITES,True,True,False,node/7832097685,node/7832097685,,,,,SOC.SANTE.PHARMACIE,SOC.SANTE.PHARMACIE,,id_osm,,,OSM,9.715353,4.042241
RAPP_001025,2,OSM;HEALTHSITES,True,True,False,node/7832097786,node/7832097786,,Nouveau pharmacie d'Akwa,Nouveau pharmacie d'Akwa,,SOC.SANTE.PHARMACIE,SOC.SANTE.PHARMACIE,,id_osm,,,OSM,9.698381,4.046367
RAPP_001026,2,OSM;HEALTHSITES,True,True,False,node/7836128399,node/7836128399,,wuro gende,wuro gende,,SOC.SANTE.HOPITAL,SOC.SANTE.HOPITAL,,id_osm,,,OSM,13.931412,9.936073
RAPP_001027,2,OSM;HEALTHSITES,True,True,False,node/7843573407,node/7843573407,,kana heath post,kana heath post,,SOC.SANTE.HOPITAL,SOC.SANTE.HOPITAL,,id_osm,,,OSM,13.650634,10.742178
RAPP_001028,2,OSM;HEALTHSITES,True,True,False,node/7934439460,node/7934439460,,Hôpital Enongal EPC,Hôpital Enongal EPC,,SOC.SANTE.HOPITAL,SOC.SANTE.HOPITAL,,id_osm,,,OSM,9.911728,2.939571
RAPP_001029,2,OSM;HEALTHSITES,True,True,False,node/7934439461,node/7934439461,,CLINIQUE DE L'OCEAN,CLINIQUE DE L'OCEAN,,SOC.SANTE.CLINIQUE,SOC.SANTE.CLINIQUE,,id_osm,,,OSM,9.915119,2.970781
RAPP_001030,2,OSM;HEALTHSITES,True,True,False,node/7934439462,node/7934439462,,Insolafrica,Insolafrica,,SOC.SANTE.HOPITAL,SOC.SANTE.HOPITAL,,id_osm,,,OSM,9.909947,2.935627
RAPP_001031,2,OSM;HEALTHSITES,True,True,False,node/7934439463,node/7934439463,,Hôpital De Distrit De Kribi,Hôpital De Distrit De Kribi,,SOC.SANTE.HOPITAL,SOC.SANTE.HOPITAL,,id_osm,,,OSM,9.910695,2.943113
RAPP_001032,2,OSM;HEALTHSITES,True,True,False,node/7934551240,node/7934551240,,Medecine chinoise,Medecine chinoise,,SOC.SANTE.PHARMACIE,SOC.SANTE.PHARMACIE,,id_osm,,,OSM,9.912396,2.927633
RAPP_001033,2,OSM;HEALTHSITES,True,True,False,node/7934551241,node/7934551241,,Pharmacie de l'atlantique,Pharmacie de l'atlantique,,SOC.SANTE.PHARMACIE,SOC.SANTE.PHARMACIE,,id_osm,,,OSM,9.913602,2.940137
RAPP_001034,2,OSM;HEALTHSITES,True,True,False,node/7934551242,node/7934551242,,Pharmacie De La Gloire,Pharmacie De La Gloire,,SOC.SANTE.PHARMACIE,SOC.SANTE.PHARMACIE,,id_osm,,,OSM,9.913284,2.946501
RAPP_001035,2,OSM;HEALTHSITES,True,True,False,node/7934919875,node/7934919875,,Clinique naturelle Saint Joseph,Clinique naturelle Saint Joseph,,SOC.SANTE.CLINIQUE,SOC.SANTE.CLINIQUE,,id_osm,,,OSM,9.924104,2.949134
RAPP_001036,2,OSM;HEALTHSITES,True,True,False,node/7934919876,node/7934919876,,CENTRE MEDICAL DE NZIOU<<MPUMA NWET>>,CENTRE MEDICAL DE NZIOU<<MPUMA NWET>>,,SOC.SANTE.CENTRE,SOC.SANTE.CENTRE,,id_osm,,,OSM,9.933469,2.980062
RAPP_001037,2,OSM;HEALTHSITES,True,True,False,node/7934919879,node/7934919879,,Clinique,Clinique,,SOC.SANTE.CLINIQUE,SOC.SANTE.CLINIQUE,,id_osm,,,OSM,9.912197,2.962986
RAPP_001038,2,OSM;HEALTHSITES,True,True,False,node/7934962488,node/7934962488,,CLINIQUE FUYAN ETERNAL DE LA COST GRACIAA,CLINIQUE FUYAN ETERNAL DE LA COST GRACIAA,,SOC.SANTE.CLINIQUE,SOC.SANTE.CLINIQUE,,id_osm,,,OSM,9.9142,2.972204
RAPP_001039,2,OSM;HEALTHSITES,True,True,False,node/7934962491,node/7934962491,,Centre medical universel,Centre medical universel,,SOC.SANTE.CENTRE,SOC.SANTE.CENTRE,,id_osm,,,OSM,9.920306,2.949399
RAPP_001040,2,OSM;HEALTHSITES,True,True,False,node/7934967009,node/7934967009,,Cabinet dentaire de la cote,Cabinet dentaire de la cote,,,,,id_osm,,,OSM,9.916453,2.954825
RAPP_001041,2,OSM;HEALTHSITES,True,True,False,node/7934967011,node/7934967011,,Le dentiste,Le dentiste,,,,,id_osm,,,OSM,9.920557,2.956781
RAPP_001042,2,OSM;HEALTHSITES,True,True,False,node/7938771985,node/7938771985,,,,,SOC.SANTE.CLINIQUE,SOC.SANTE.CLINIQUE,,id_osm,,,OSM,9.912249,2.962959
RAPP_001043,2,OSM;HEALTHSITES,True,True,False,node/7993239789,node/7993239789,,Pharmacie Siloë,Pharmacie Siloë,,SOC.SANTE.PHARMACIE,SOC.SANTE.PHARMACIE,,id_osm,,,OSM,11.482124,3.848964
RAPP_001044,2,OSM;HEALTHSITES,True,True,False,node/7993239885,node/7993239885,,,,,SOC.SANTE.PHARMACIE,SOC.SANTE.PHARMACIE,,id_osm,,,OSM,11.550909,3.830191
RAPP_001045,2,OSM;HEALTHSITES,True,True,False,node/7993240085,node/7993240085,,Pharmacie urbaine,Pharmacie urbaine,,SOC.SANTE.PHARMACIE,SOC.SANTE.PHARMACIE,,id_osm,,,OSM,11.519201,3.867944
RAPP_001046,2,OSM;HEALTHSITES,True,True,False,node/8047455842,node/8047455842,,CLINIQUE FUYAN ETERNAL DE LA COST GRACIAA,CLINIQUE FUYAN ETERNAL DE LA COST GRACIAA,,SOC.SANTE.CLINIQUE,SOC.SANTE.CLINIQUE,,id_osm,,,OSM,9.914208,2.972249
RAPP_001047,2,OSM;HEALTHSITES,True,True,False,node/8108601617,node/8108601617,,Hygiène Mobile,Hygiène Mobile,,SOC.SANTE.HOPITAL,SOC.SANTE.HOPITAL,,id_osm,,,OSM,11.508229,3.869921
RAPP_001048,2,OSM;HEALTHSITES,True,True,False,node/8118627917,node/8118627917,,Pharmacie de Bonapriso,Pharmacie de Bonapriso,,SOC.SANTE.PHARMACIE,SOC.SANTE.PHARMACIE,,id_osm,,,OSM,9.698712,4.024509
RAPP_001049,2,OSM;HEALTHSITES,True,True,False,node/8148524320,node/8148524320,,Clinique de la source,Clinique de la source,,SOC.SANTE.CLINIQUE,SOC.SANTE.CLINIQUE,,id_osm,,,OSM,9.718414,4.070606
RAPP_001050,2,OSM;HEALTHSITES,True,True,False,node/8235688402,node/8235688402,,La Gloire,La Gloire,,SOC.SANTE.CLINIQUE,SOC.SANTE.CLINIQUE,,id_osm,,,OSM,11.55663,3.928853
RAPP_001051,2,OSM;HEALTHSITES,True,True,False,node/8318722317,node/8318722317,,Hôpital St Thérèse de Nomayos,Hôpital St Thérèse de Nomayos,,SOC.SANTE.HOPITAL,SOC.SANTE.HOPITAL,,id_osm,,,OSM,11.44598,3.791343
RAPP_001052,2,OSM;HEALTHSITES,True,True,False,node/8321372518,node/8321372518,,Hôpital Ad Lucem de Mbouda,Hôpital Ad Lucem de Mbouda,,SOC.SANTE.HOPITAL,SOC.SANTE.HOPITAL,,id_osm,,,OSM,10.309953,5.639986
RAPP_001053,2,OSM;HEALTHSITES,True,True,False,node/8328967317,node/8328967317,,Centre médical BINAM,Centre médical BINAM,,SOC.SANTE.CENTRE,SOC.SANTE.CENTRE,,id_osm,,,OSM,10.429172,5.482807
RAPP_001054,2,OSM;HEALTHSITES,True,True,False,node/8378179044,node/8378179044,,Muaku Health Centre,Muaku Health Centre,,SOC.SANTE.HOPITAL,SOC.SANTE.HOPITAL,,id_osm,,,OSM,9.747849,5.054684
RAPP_001055,2,OSM;HEALTHSITES,True,True,False,node/8384595187,node/8384595187,,Centre de santé communautaire de Mendza,Centre de santé communautaire de Mendza,,SOC.SANTE.CENTRE,SOC.SANTE.CENTRE,,id_osm,,,OSM,10.184643,5.477778
RAPP_001056,2,OSM;HEALTHSITES,True,True,False,node/8397253455,node/8397253455,,Centre de santé catholique de Bamendou,Centre de santé catholique de Bamendou,,SOC.SANTE.CENTRE,SOC.SANTE.CENTRE,,id_osm,,,OSM,10.158268,5.423953
RAPP_001057,2,OSM;HEALTHSITES,True,True,False,node/8460263826,node/8460263826,,Q7 Hôpital,Q7 Hôpital,,SOC.SANTE.HOPITAL,SOC.SANTE.HOPITAL,,id_osm,,,OSM,11.483536,3.83604
RAPP_001058,2,OSM;HEALTHSITES,True,True,False,node/8524639931,node/8524639931,,,,,SOC.SANTE.PHARMACIE,SOC.SANTE.PHARMACIE,,id_osm,,,OSM,11.548783,3.867191
RAPP_001059,2,OSM;HEALTHSITES,True,True,False,node/8676482528,node/8676482528,,Pharmacie BINAM,Pharmacie BINAM,,SOC.SANTE.PHARMACIE,SOC.SANTE.PHARMACIE,,id_osm,,,OSM,10.42919,5.482734
RAPP_001060,2,OSM;HEALTHSITES,True,True,False,node/8684462489,node/8684462489,,Le dentiste,Le dentiste,,,,,id_osm,,,OSM,9.920554,2.95684
RAPP_001061,2,OSM;HEALTHSITES,True,True,False,node/8684462490,node/8684462490,,Cabinet dentaire de la cote,Cabinet dentaire de la cote,,,,,id_osm,,,OSM,9.916454,2.954825
RAPP_001062,2,OSM;HEALTHSITES,True,True,False,node/8684965574,node/8684965574,,Laboratoire bethanie ocean,Laboratoire bethanie ocean,,SOC.SANTE.LABORATOIRE,SOC.SANTE.LABORATOIRE,,id_osm,,,OSM,9.925231,2.953321
RAPP_001063,2,OSM;HEALTHSITES,True,True,False,node/8684965575,node/8684965575,,Laboratoire de biologie medicale de l'ocean labocean,Laboratoire de biologie medicale de l'ocean labocean,,SOC.SANTE.LABORATOIRE,SOC.SANTE.LABORATOIRE,,id_osm,,,OSM,9.91946,2.95576
RAPP_001064,2,OSM;HEALTHSITES,True,True,False,node/8697384619,node/8697384619,,Morgue de Bangou,Morgue de Bangou,,,,,id_osm,,,OSM,10.397768,5.255316
RAPP_001065,2,OSM;HEALTHSITES,True,True,False,node/8697384620,node/8697384620,,CMA Bangou,CMA Bangou,,SOC.SANTE.HOPITAL,SOC.SANTE.HOPITAL,,id_osm,,,OSM,10.398466,5.255432
RAPP_001066,2,OSM;HEALTHSITES,True,True,False,node/8697384622,node/8697384622,,CSI Ad Lucem Bangou Ville,CSI Ad Lucem Bangou Ville,,SOC.SANTE.CENTRE,SOC.SANTE.CENTRE,,id_osm,,,OSM,10.400971,5.250026
RAPP_001067,2,OSM;HEALTHSITES,True,True,False,node/8744930517,node/8744930517,,Pharmacie de la gloire,Pharmacie de la gloire,,SOC.SANTE.PHARMACIE,SOC.SANTE.PHARMACIE,,id_osm,,,OSM,9.912856,2.945053
RAPP_001068,2,OSM;HEALTHSITES,True,True,False,node/8934346417,node/8934346417,,Cabinet Biomédical Adonaï,Cabinet Biomédical Adonaï,,,,,id_osm,,,OSM,9.79755,4.018593
RAPP_001069,2,OSM;HEALTHSITES,True,True,False,node/8958138709,node/8958138709,,,,,SOC.SANTE.HOPITAL,SOC.SANTE.HOPITAL,,id_osm,,,OSM,11.380511,4.414122
RAPP_001070,2,OSM;HEALTHSITES,True,True,False,node/8985917717,node/8985917717,,Hôpital de Bandjoun,Hôpital de Bandjoun,,SOC.SANTE.HOPITAL,SOC.SANTE.HOPITAL,,id_osm,,,OSM,10.413924,5.36108
RAPP_001071,2,OSM;HEALTHSITES,True,True,False,node/9009685218,node/9009685218,,Parapharmacie des Nations,Pharmacie des Nations,,SOC.SANTE.PHARMACIE,SOC.SANTE.PHARMACIE,,id_osm,,,OSM,11.521634,3.887733
RAPP_001072,2,OSM;HEALTHSITES,True,True,False,node/9009718217,node/9009718217,,Olembé Pharmacy,Olembé Pharmacy,,SOC.SANTE.PHARMACIE,SOC.SANTE.PHARMACIE,,id_osm,,,OSM,11.533432,3.956905
RAPP_001073,2,OSM;HEALTHSITES,True,True,False,node/9025463518,node/9025463518,,Pharmacie 3A,Pharmacie 3A,,SOC.SANTE.PHARMACIE,SOC.SANTE.PHARMACIE,,id_osm,,,OSM,11.470706,3.827611
RAPP_001074,2,OSM;HEALTHSITES,True,True,False,node/9025463520,node/9025463520,,Pharmacie de Simbock,Pharmacie de Simbock,,SOC.SANTE.PHARMACIE,SOC.SANTE.PHARMACIE,,id_osm,,,OSM,11.471873,3.821236
RAPP_001075,2,OSM;HEALTHSITES,True,True,False,node/9025463617,node/9025463617,,Pharmacie d'Edea,Pharmacie d'Edea,,SOC.SANTE.PHARMACIE,SOC.SANTE.PHARMACIE,,id_osm,,,OSM,10.13079,3.79697
RAPP_001076,2,OSM;HEALTHSITES,True,True,False,node/9041137277,node/9041137277,,Pharmacie Efoulan,Pharmacie Efoulan,,SOC.SANTE.PHARMACIE,SOC.SANTE.PHARMACIE,,id_osm,,,OSM,11.506852,3.835665
RAPP_001077,2,OSM;HEALTHSITES,True,True,False,node/9053775218,node/9053775218,,Hôpital de district,Hôpital de district,,SOC.SANTE.HOPITAL,SOC.SANTE.HOPITAL,,id_osm,,,OSM,12.679371,2.672203
RAPP_001078,2,OSM;HEALTHSITES,True,True,False,node/9063451640,node/9063451640,,pharmacie banka,pharmacie banka,,SOC.SANTE.PHARMACIE,SOC.SANTE.PHARMACIE,,id_osm,,,OSM,10.19126,5.162725
RAPP_001079,2,OSM;MAINA2019,True,False,True,node/9063451647,,SSA_MFL/ligne_8318,hopital manila,,Manila Centre de Santé Integre,,,SOC.SANTE.CENTRE,,366.2,100.0,OSM,10.215069,5.18302
RAPP_001080,2,OSM;HEALTHSITES,True,True,False,node/9111838417,node/9111838417,,Docteur EDU,Docteur EDU,,SOC.SANTE.CLINIQUE,SOC.SANTE.CLINIQUE,,id_osm,,,OSM,11.52663,3.910922
RAPP_001081,2,OSM;HEALTHSITES,True,True,False,node/9120491217,node/9120491217,,Centre de santé,Centre de santé,,SOC.SANTE.CENTRE,SOC.SANTE.CENTRE,,id_osm,,,OSM,10.184396,5.629631
RAPP_001082,2,OSM;HEALTHSITES,True,True,False,node/9144291623,node/9144291623,,ombéssa,ombéssa,,SOC.SANTE.CLINIQUE,SOC.SANTE.CLINIQUE,,id_osm,,,OSM,11.519177,3.847209
RAPP_001083,2,OSM;HEALTHSITES,True,True,False,node/9343810518,node/9343810518,,Clinic C2T,Clinic C2T,,SOC.SANTE.CLINIQUE,SOC.SANTE.CLINIQUE,,id_osm,,,OSM,9.703104,4.020429
RAPP_001084,2,OSM;HEALTHSITES,True,True,False,node/967892138,node/967892138,,Pharmacie Bell,Pharmacie Bell,,SOC.SANTE.PHARMACIE,SOC.SANTE.PHARMACIE,,id_osm,,,OSM,9.694128,4.0359
RAPP_001085,2,OSM;HEALTHSITES,True,True,False,node/9708931917,node/9708931917,,polyclinique Chrisma,polyclinique Chrisma,,SOC.SANTE.CLINIQUE,SOC.SANTE.CLINIQUE,,id_osm,,,OSM,9.765598,3.99874
RAPP_001086,2,OSM;HEALTHSITES,True,True,False,node/9737595017,node/9737595017,,Centre de santé de Famleng Topo,Centre de santé de Famleng Topo,,SOC.SANTE.CENTRE,SOC.SANTE.CENTRE,,id_osm,,,OSM,10.402543,5.39339
RAPP_001087,2,OSM;HEALTHSITES,True,True,False,node/976652143,node/976652143,,Rawado Philantropic Rural Hospital,Rawado Philantropic Rural Hospital,,SOC.SANTE.HOPITAL,SOC.SANTE.HOPITAL,,id_osm,,,OSM,10.535574,5.889387
RAPP_001088,2,OSM;HEALTHSITES,True,True,False,node/9780646428,node/9780646428,,Centre de santé CLAUDINE ECHERNIER,Centre de santé CLAUDINE ECHERNIER,,SOC.SANTE.HOPITAL,SOC.SANTE.HOPITAL,,id_osm,,,OSM,11.449094,3.907107
RAPP_001089,2,OSM;HEALTHSITES,True,True,False,node/9797336689,node/9797336689,,Hôpital SUDCAM,Hôpital SUDCAM,,SOC.SANTE.HOPITAL,SOC.SANTE.HOPITAL,,id_osm,,,OSM,12.391675,3.192697
RAPP_001090,2,OSM;HEALTHSITES,True,True,False,node/9977589748,node/9977589748,,Hôpital de District,Hôpital de District,,SOC.SANTE.HOPITAL,SOC.SANTE.HOPITAL,,id_osm,,,OSM,10.633299,5.508202
RAPP_001091,2,OSM;HEALTHSITES,True,True,False,way/1002690400,way/1002690400,,CSI de Fossong Wencheng,CSI de Fossong Wencheng,,SOC.SANTE.CENTRE,SOC.SANTE.CENTRE,,id_osm,,,OSM,9.971475,5.406306
RAPP_001092,2,OSM;HEALTHSITES,True,True,False,way/1005200057,way/1005200057,,Pharmacie de Messassi,Pharmacie de Messassi,,SOC.SANTE.PHARMACIE,SOC.SANTE.PHARMACIE,,id_osm,,,OSM,11.51909,3.942249
RAPP_001093,2,OSM;HEALTHSITES,True,True,False,way/1055318723,way/1055318723,,,,,SOC.SANTE.HOPITAL,SOC.SANTE.HOPITAL,,id_osm,,,OSM,14.29142,10.735075
RAPP_001094,2,OSM;HEALTHSITES,True,True,False,way/1064537969,way/1064537969,,Hopital de district de Poumougne/Yom,Hopital de district de Poumougne/Yom,,SOC.SANTE.HOPITAL,SOC.SANTE.HOPITAL,,id_osm,,,OSM,10.42739,5.402453
RAPP_001095,2,OSM;HEALTHSITES,True,True,False,way/1065202053,way/1065202053,,,,,SOC.SANTE.HOPITAL,SOC.SANTE.HOPITAL,,id_osm,,,OSM,12.166986,3.09508
RAPP_001096,2,OSM;HEALTHSITES,True,True,False,way/1113337751,way/1113337751,,Hôpital Catholique Notre Dame de Vie,Hôpital Catholique Notre Dame de Vie,,SOC.SANTE.HOPITAL,SOC.SANTE.HOPITAL,,id_osm,,,OSM,15.379523,2.622149
RAPP_001097,2,OSM;HEALTHSITES,True,True,False,way/1116226673,way/1116226673,,Centre de santé de District de Soa,Centre de santé de District de Soa,,SOC.SANTE.HOPITAL,SOC.SANTE.HOPITAL,,id_osm,,,OSM,11.592439,3.973954
RAPP_001098,2,OSM;HEALTHSITES,True,True,False,way/1149232852,way/1149232852,,Hôpital Adlucem,Hôpital Adlucem,,SOC.SANTE.CLINIQUE,SOC.SANTE.CLINIQUE,,id_osm,,,OSM,10.089513,5.458923
RAPP_001099,2,OSM;HEALTHSITES,True,True,False,way/1153458279,way/1153458279,,Hôpital de District de Tibati,Hôpital de District de Tibati,,SOC.SANTE.HOPITAL,SOC.SANTE.HOPITAL,,id_osm,,,OSM,12.627079,6.471389
RAPP_001100,2,OSM;HEALTHSITES,True,True,False,way/1153459222,way/1153459222,,Hôpital Protestant de Ngaoubela,Hôpital Protestant de Ngaoubela,,SOC.SANTE.HOPITAL,SOC.SANTE.HOPITAL,,id_osm,,,OSM,12.598178,6.522723
RAPP_001101,2,OSM;HEALTHSITES,True,True,False,way/1172025687,way/1172025687,,,,,SOC.SANTE.HOPITAL,SOC.SANTE.HOPITAL,,id_osm,,,OSM,13.548787,7.41594
RAPP_001102,2,OSM;HEALTHSITES,True,True,False,way/1172026233,way/1172026233,,,,,SOC.SANTE.HOPITAL,SOC.SANTE.HOPITAL,,id_osm,,,OSM,13.548668,7.41612
RAPP_001103,2,OSM;HEALTHSITES,True,True,False,way/1244873220,way/1244873220,,Hôpital de Zalom-Mfou,Hôpital de Zalom-Mfou,,SOC.SANTE.HOPITAL,SOC.SANTE.HOPITAL,,id_osm,,,OSM,11.616589,3.800199
RAPP_001104,2,OSM;HEALTHSITES,True,True,False,way/1286256395,way/1286256395,,hopital1,hopital1,,,,,id_osm,,,OSM,13.719403,7.143412
RAPP_001105,2,OSM;HEALTHSITES,True,True,False,way/1286256396,way/1286256396,,pharmacie1,pharmacie1,,SOC.SANTE.PHARMACIE,SOC.SANTE.PHARMACIE,,id_osm,,,OSM,13.720807,7.142018
RAPP_001106,2,OSM;HEALTHSITES,True,True,False,way/1286256397,way/1286256397,,pharmacie2,pharmacie2,,SOC.SANTE.PHARMACIE,SOC.SANTE.PHARMACIE,,id_osm,,,OSM,13.721008,7.142173
RAPP_001107,2,OSM;HEALTHSITES,True,True,False,way/1290844921,way/1290844921,,Laboratoire De Confiance,Laboratoire De Confiance,,SOC.SANTE.LABORATOIRE,SOC.SANTE.LABORATOIRE,,id_osm,,,OSM,11.147851,2.910249
RAPP_001108,2,OSM;HEALTHSITES,True,True,False,way/1290844980,way/1290844980,,Pharmacie Samba,Pharmacie Samba,,SOC.SANTE.PHARMACIE,SOC.SANTE.PHARMACIE,,id_osm,,,OSM,11.148858,2.910282
RAPP_001109,2,OSM;HEALTHSITES,True,True,False,way/1296762355,way/1296762355,,,,,SOC.SANTE.HOPITAL,SOC.SANTE.HOPITAL,,id_osm,,,OSM,11.275708,3.565612
RAPP_001110,2,OSM;HEALTHSITES,True,True,False,way/1365316743,way/1365316743,,Hôpital de district d'Efoulan,Hôpital de district d'Efoulan,,SOC.SANTE.HOPITAL,SOC.SANTE.HOPITAL,,id_osm,,,OSM,11.506243,3.834281
RAPP_001111,2,OSM;HEALTHSITES,True,True,False,way/1390084718,way/1390084718,,,,,SOC.SANTE.HOPITAL,SOC.SANTE.HOPITAL,,id_osm,,,OSM,13.580685,9.433279
RAPP_001112,2,OSM;HEALTHSITES,True,True,False,way/1414182421,way/1414182421,,Centre de santé de Eboa,Centre de santé de Eboa,,SOC.SANTE.CENTRE,SOC.SANTE.CENTRE,,id_osm,,,OSM,12.234038,3.751298
RAPP_001113,2,OSM;HEALTHSITES,True,True,False,way/1414230996,way/1414230996,,Centre de santé Sainte Salomé,Centre de santé Sainte Salomé,,SOC.SANTE.CENTRE,SOC.SANTE.CENTRE,,id_osm,,,OSM,12.249446,3.771227
RAPP_001114,2,OSM;HEALTHSITES,True,True,False,way/1414270277,way/1414270277,,Pharmacie La santé,Pharmacie La santé,,SOC.SANTE.PHARMACIE,SOC.SANTE.PHARMACIE,,id_osm,,,OSM,12.246856,3.774085
RAPP_001115,2,OSM;HEALTHSITES,True,True,False,way/1414343586,way/1414343586,,Centre de santé La Foi,Centre de santé La Foi,,SOC.SANTE.CENTRE,SOC.SANTE.CENTRE,,id_osm,,,OSM,12.242407,3.776364
RAPP_001116,2,OSM;HEALTHSITES,True,True,False,way/1451174215,way/1451174215,,CMA BANDONGOUE,CMA BANDONGOUE,,SOC.SANTE.HOPITAL,SOC.SANTE.HOPITAL,,id_osm,,,OSM,14.208039,4.404018
RAPP_001117,2,OSM;HEALTHSITES,True,True,False,way/1467523514,way/1467523514,,,,,SOC.SANTE.HOPITAL,SOC.SANTE.HOPITAL,,id_osm,,,OSM,9.461287,4.819743
RAPP_001118,2,OSM;HEALTHSITES,True,True,False,way/188759112,way/188759112,,Centre Hospitalier de Recherche et d'Application en Chirurgie Endoscopique et Reproduction Humaine,Centre Hospitalier de Recherche et d'Application en Chirurgie Endoscopique et Reproduction Humaine,,SOC.SANTE.HOPITAL,SOC.SANTE.HOPITAL,,id_osm,,,OSM,11.542225,3.905577
RAPP_001119,2,OSM;HEALTHSITES,True,True,False,way/191158128,way/191158128,,Hôpital Protestant de Djoungolo,Hôpital Protestant de Djoungolo,,SOC.SANTE.HOPITAL,SOC.SANTE.HOPITAL,,id_osm,,,OSM,11.521067,3.884008
RAPP_001120,2,OSM;HEALTHSITES,True,True,False,way/191166264,way/191166264,,Hôpital de District de Biyem-Assi,Hôpital de District de Biyem-Assi,,SOC.SANTE.HOPITAL,SOC.SANTE.HOPITAL,,id_osm,,,OSM,11.485015,3.834086
RAPP_001121,2,OSM;HEALTHSITES,True,True,False,way/191248665,way/191248665,,Centre de Santé Catholique Nicolas Barre,Centre de Santé Catholique Nicolas Barre,,SOC.SANTE.CENTRE,SOC.SANTE.CENTRE,,id_osm,,,OSM,11.529285,3.844608
RAPP_001122,2,OSM;HEALTHSITES,True,True,False,way/191248672,way/191248672,,Centre Médical d'Arrondissement de Nkomo,Centre Médical d'Arrondissement de Nkomo,,SOC.SANTE.CENTRE,SOC.SANTE.CENTRE,,id_osm,,,OSM,11.551295,3.843637
RAPP_001123,2,OSM;HEALTHSITES,True,True,False,way/191632397,way/191632397,,Complexe Aide Santé,Complexe Aide Santé,,,,,id_osm,,,OSM,11.508461,3.953721
RAPP_001124,2,OSM;HEALTHSITES,True,True,False,way/191632455,way/191632455,,Centre de Santé la Grâce de Dieu,Centre de Santé la Grâce de Dieu,,SOC.SANTE.CENTRE,SOC.SANTE.CENTRE,,id_osm,,,OSM,11.520941,3.952673
RAPP_001125,2,OSM;HEALTHSITES,True,True,False,way/191645430,way/191645430,,Cabinet de Soins Saint Raphael,Cabinet de Soins Saint Raphael,,,,,id_osm,,,OSM,11.524247,3.951017
RAPP_001126,2,OSM;HEALTHSITES,True,True,False,way/191804765,way/191804765,,Centre de Santé,Centre de Santé,,SOC.SANTE.CENTRE,SOC.SANTE.CENTRE,,id_osm,,,OSM,11.554384,3.933636
RAPP_001127,2,OSM;HEALTHSITES,True,True,False,way/191805242,way/191805242,,Centre de Sante Gisaprof,Centre de Sante Gisaprof,,SOC.SANTE.CENTRE,SOC.SANTE.CENTRE,,id_osm,,,OSM,11.544277,3.931335
RAPP_001128,2,OSM;HEALTHSITES,True,True,False,way/191994336,way/191994336,,Clinique Sainte Thérèse d'Etoudi,Clinique Sainte Thérèse d'Etoudi,,SOC.SANTE.CLINIQUE,SOC.SANTE.CLINIQUE,,id_osm,,,OSM,11.527253,3.916602
RAPP_001129,2,OSM;HEALTHSITES,True,True,False,way/191994504,way/191994504,,Dispensaire d'Étoudi,Dispensaire d'Étoudi,,SOC.SANTE.CENTRE,SOC.SANTE.CENTRE,,id_osm,,,OSM,11.527806,3.919038
RAPP_001130,2,OSM;HEALTHSITES,True,True,False,way/191996250,way/191996250,,Maternité Marie Étoudi,Maternité Marie Étoudi,,SOC.SANTE.HOPITAL,SOC.SANTE.HOPITAL,,id_osm,,,OSM,11.527552,3.918778
RAPP_001131,2,OSM;HEALTHSITES,True,True,False,way/192686803,way/192686803,,Groupe médical saint Hilaire,Groupe médical saint Hilaire,,SOC.SANTE.HOPITAL,SOC.SANTE.HOPITAL,,id_osm,,,OSM,11.508752,3.894558
RAPP_001132,2,OSM;HEALTHSITES,True,True,False,way/192690792,way/192690792,,Centre de Santé la Protection,Centre de Santé la Protection,,SOC.SANTE.CENTRE,SOC.SANTE.CENTRE,,id_osm,,,OSM,11.551051,3.900774
RAPP_001133,2,OSM;HEALTHSITES,True,True,False,way/192691240,way/192691240,,Pharmacie les manguiers,Pharmacie les manguiers,,SOC.SANTE.PHARMACIE,SOC.SANTE.PHARMACIE,,id_osm,,,OSM,11.531651,3.898505
RAPP_001134,2,OSM;HEALTHSITES,True,True,False,way/192692754,way/192692754,,Dispensaire,Dispensaire,,SOC.SANTE.CENTRE,SOC.SANTE.CENTRE,,id_osm,,,OSM,11.529982,3.894116
RAPP_001135,2,OSM;HEALTHSITES,True,True,False,way/192694969,way/192694969,,Centre de Santé Tehak Helen,Centre de Santé Tehak Helen,,SOC.SANTE.CENTRE,SOC.SANTE.CENTRE,,id_osm,,,OSM,11.523794,3.897133
RAPP_001136,2,OSM;HEALTHSITES,True,True,False,way/192695416,way/192695416,,Centre de Santé Bethesda,Centre de Santé Bethesda,,SOC.SANTE.CENTRE,SOC.SANTE.CENTRE,,id_osm,,,OSM,11.542021,3.895071
RAPP_001137,2,OSM;HEALTHSITES,True,True,False,way/192696213,way/192696213,,,,,SOC.SANTE.HOPITAL,SOC.SANTE.HOPITAL,,id_osm,,,OSM,11.453647,3.899663
RAPP_001138,2,OSM;HEALTHSITES,True,True,False,way/192729588,way/192729588,,Centre de Santé Qhu;Centre Medico Social Quality Heathcare Unit,Centre de Santé Qhu;Centre Medico Social Quality Heathcare Unit,,SOC.SANTE.CENTRE,SOC.SANTE.CENTRE,,id_osm,,,OSM,11.450991,3.880231
RAPP_001139,2,OSM;HEALTHSITES,True,True,False,way/192730885,way/192730885,,Centre de Santé Le Bistouri,Centre de Santé Le Bistouri,,SOC.SANTE.CENTRE,SOC.SANTE.CENTRE,,id_osm,,,OSM,11.492391,3.889828
RAPP_001140,2,OSM;HEALTHSITES,True,True,False,way/192731951,way/192731951,,Centre de Santé les Pelercus,Centre de Santé les Pelercus,,SOC.SANTE.CENTRE,SOC.SANTE.CENTRE,,id_osm,,,OSM,11.464785,3.881583
RAPP_001141,2,OSM;HEALTHSITES,True,True,False,way/192734708,way/192734708,,De La Chance,De La Chance,,SOC.SANTE.HOPITAL,SOC.SANTE.HOPITAL,,id_osm,,,OSM,11.469919,3.890934
RAPP_001142,2,OSM;HEALTHSITES,True,True,False,way/192735298,way/192735298,,Centre Médical la Fraternité,Centre Médical la Fraternité,,SOC.SANTE.CENTRE,SOC.SANTE.CENTRE,,id_osm,,,OSM,11.465042,3.884248
RAPP_001143,2,OSM;HEALTHSITES,True,True,False,way/192738221,way/192738221,,Centre de Santé La Perfection,Centre de Santé La Perfection,,SOC.SANTE.CENTRE,SOC.SANTE.CENTRE,,id_osm,,,OSM,11.452753,3.889318
RAPP_001144,2,OSM;HEALTHSITES,True,True,False,way/192775406,way/192775406,,Centre Médical de Santé,Centre Médical de Santé,,SOC.SANTE.CENTRE,SOC.SANTE.CENTRE,,id_osm,,,OSM,11.559109,3.885992
RAPP_001145,2,OSM;HEALTHSITES,True,True,False,way/192775546,way/192775546,,Centre de Médicine Chinoise,Centre de Médicine Chinoise,,,,,id_osm,,,OSM,11.49185,3.87961
RAPP_001146,2,OSM;HEALTHSITES,True,True,False,way/192776551,way/192776551,,La Fraternité D'etetak,La Fraternité D'etetak,,SOC.SANTE.HOPITAL,SOC.SANTE.HOPITAL,,id_osm,,,OSM,11.479003,3.880405
RAPP_001147,2,OSM;HEALTHSITES,True,True,False,way/192778053,way/192778053,,Hôpital Bethesda,Hôpital Bethesda,,SOC.SANTE.HOPITAL,SOC.SANTE.HOPITAL,,id_osm,,,OSM,11.508156,3.884189
RAPP_001148,2,OSM;HEALTHSITES,True,True,False,way/192778421,way/192778421,,Laboratoire Prima - analyses médicales,Laboratoire Prima - analyses médicales,,SOC.SANTE.LABORATOIRE,SOC.SANTE.LABORATOIRE,,id_osm,,,OSM,11.5183,3.879473
RAPP_001149,2,OSM;HEALTHSITES,True,True,False,way/192780695,way/192780695,,G.T LABO,G.T LABO,,SOC.SANTE.HOPITAL,SOC.SANTE.HOPITAL,,id_osm,,,OSM,11.502834,3.884796
RAPP_001150,2,OSM;HEALTHSITES,True,True,False,way/192782803,way/192782803,,Centre Medical Social,Centre Medical Social,,SOC.SANTE.CENTRE,SOC.SANTE.CENTRE,,id_osm,,,OSM,11.528909,3.879349
RAPP_001151,2,OSM;HEALTHSITES,True,True,False,way/192783696,way/192783696,,Centre de Santé Pilote Social Odzon,Centre de Santé Pilote Social Odzon,,SOC.SANTE.CENTRE,SOC.SANTE.CENTRE,,id_osm,,,OSM,11.421513,3.878731
RAPP_001152,2,OSM;HEALTHSITES,True,True,False,way/192798125,way/192798125,,Fondation Les Divines,Fondation Les Divines,,SOC.SANTE.HOPITAL,SOC.SANTE.HOPITAL,,id_osm,,,OSM,11.469667,3.876386
RAPP_001153,2,OSM;HEALTHSITES,True,True,False,way/192798350,way/192798350,,Centre Médical Fm Santé,Centre Médical Fm Santé,,SOC.SANTE.HOPITAL,SOC.SANTE.HOPITAL,,id_osm,,,OSM,11.471923,3.878126
RAPP_001154,2,OSM;HEALTHSITES,True,True,False,way/192799894,way/192799894,,Centre Medical Saint Esprit,Centre Medical Saint Esprit,,SOC.SANTE.CENTRE,SOC.SANTE.CENTRE,,id_osm,,,OSM,11.448379,3.878227
RAPP_001155,2,OSM;HEALTHSITES,True,True,False,way/192800564,way/192800564,,Centre de Santé Intégré de Nkolbisson,Centre de Santé Intégré de Nkolbisson,,SOC.SANTE.CENTRE,SOC.SANTE.CENTRE,,id_osm,,,OSM,11.445798,3.876552
RAPP_001156,2,OSM;HEALTHSITES,True,True,False,way/192802096,way/192802096,,Centre Medical La Reference Nkolbisson,Centre Medical La Reference Nkolbisson,,SOC.SANTE.HOPITAL,SOC.SANTE.HOPITAL,,id_osm,,,OSM,11.45841,3.879263
RAPP_001157,2,OSM;HEALTHSITES,True,True,False,way/192809859,way/192809859,,Pharmacie des Sésames,Pharmacie des Sésames,,SOC.SANTE.PHARMACIE,SOC.SANTE.PHARMACIE,,id_osm,,,OSM,11.484145,3.877263
RAPP_001158,2,OSM;HEALTHSITES,True,True,False,way/192810183,way/192810183,,Croix Rouge Camerounaise,Croix Rouge Camerounaise,,SOC.SANTE.HOPITAL,SOC.SANTE.HOPITAL,,id_osm,,,OSM,11.517487,3.87532
RAPP_001159,2,OSM;HEALTHSITES,True,True,False,way/192811154,way/192811154,,Pharmacie de la Brique,Pharmacie de la Brique,,SOC.SANTE.PHARMACIE,SOC.SANTE.PHARMACIE,,id_osm,,,OSM,11.512037,3.876078
RAPP_001160,2,OSM;HEALTHSITES,True,True,False,way/192812170,way/192812170,,Centre de Santé,Centre de Santé,,SOC.SANTE.CENTRE,SOC.SANTE.CENTRE,,id_osm,,,OSM,11.503462,3.873631
RAPP_001161,2,OSM;HEALTHSITES,True,True,False,way/192812391,way/192812391,,Clinique Ze Meka,Clinique Ze Meka,,SOC.SANTE.HOPITAL,SOC.SANTE.HOPITAL,,id_osm,,,OSM,11.520085,3.87709
RAPP_001162,2,OSM;HEALTHSITES,True,True,False,way/192812980,way/192812980,,Centre de Santé,Centre de Santé,,SOC.SANTE.CENTRE,SOC.SANTE.CENTRE,,id_osm,,,OSM,11.503697,3.87571
RAPP_001163,2,OSM;HEALTHSITES,True,True,False,way/192813068,way/192813068,,Dentiste,Dentiste,,,,,id_osm,,,OSM,11.504038,3.876346
RAPP_001164,2,OSM;HEALTHSITES,True,True,False,way/192813194,way/192813194,,Centre Médical privé islamique,Centre Médical privé islamique,,SOC.SANTE.CENTRE,SOC.SANTE.CENTRE,,id_osm,,,OSM,11.50671,3.876667
RAPP_001165,2,OSM;HEALTHSITES,True,True,False,way/192815270,way/192815270,,African Genesic Health Center,African Genesic Health Center,,SOC.SANTE.CENTRE,SOC.SANTE.CENTRE,,id_osm,,,OSM,11.55057,3.872875
RAPP_001166,2,OSM;HEALTHSITES,True,True,False,way/192816584,way/192816584,,Centre Santé,Centre Santé,,,,,id_osm,,,OSM,11.538042,3.873978
RAPP_001167,2,OSM;HEALTHSITES,True,True,False,way/192819817,way/192819817,,Cousin Castor,Cousin Castor,,SOC.SANTE.PHARMACIE,SOC.SANTE.PHARMACIE,,id_osm,,,OSM,11.531104,3.869736
RAPP_001168,2,OSM;HEALTHSITES,True,True,False,way/192820018,way/192820018,,Centre de Santé,Centre de Santé,,SOC.SANTE.CENTRE,SOC.SANTE.CENTRE,,id_osm,,,OSM,11.567618,3.878459
RAPP_001169,2,OSM;HEALTHSITES,True,True,False,way/192820323,way/192820323,,Centre de Santé,Centre de Santé,,SOC.SANTE.CENTRE,SOC.SANTE.CENTRE,,id_osm,,,OSM,11.534423,3.865504
RAPP_001170,2,OSM;HEALTHSITES,True,True,False,way/192820615,way/192820615,,Hopital du Bien,Hopital du Bien,,SOC.SANTE.HOPITAL,SOC.SANTE.HOPITAL,,id_osm,,,OSM,11.500441,3.869427
RAPP_001171,2,OSM;HEALTHSITES,True,True,False,way/192820765,way/192820765,,Croix Rouge Camerounaise ( Clinique),Croix Rouge Camerounaise ( Clinique),,SOC.SANTE.HOPITAL,SOC.SANTE.HOPITAL,,id_osm,,,OSM,11.512457,3.869284
RAPP_001172,2,OSM;HEALTHSITES,True,True,False,way/192821047,way/192821047,,Fondation Médicale Bengolo et Fils,Fondation Médicale Bengolo et Fils,,,,,id_osm,,,OSM,11.533996,3.871787
RAPP_001173,2,OSM;HEALTHSITES,True,True,False,way/192821362,way/192821362,,Hôpital De La Caisse,Hôpital De La Caisse,,SOC.SANTE.HOPITAL,SOC.SANTE.HOPITAL,,id_osm,,,OSM,11.53255,3.871224
RAPP_001174,2,OSM;HEALTHSITES,True,True,False,way/192821580,way/192821580,,Clinique et Maternité,Clinique et Maternité,,SOC.SANTE.CLINIQUE,SOC.SANTE.CLINIQUE,,id_osm,,,OSM,11.531707,3.869336
RAPP_001175,2,OSM;HEALTHSITES,True,True,False,way/192824506,way/192824506,,Centre de Santé Sainte-Thérèse de l'Enfant Jésus;Hopital Sainte Therese De L'enfant Jesus,Centre de Santé Sainte-Thérèse de l'Enfant Jésus;Hopital Sainte Therese De L'enfant Jesus,,SOC.SANTE.CENTRE,SOC.SANTE.CENTRE,,id_osm,,,OSM,11.447695,3.863539
RAPP_001176,2,OSM;HEALTHSITES,True,True,False,way/192824575,way/192824575,,Hopital Sainte Thérèse,Hopital Sainte Thérèse,,SOC.SANTE.HOPITAL,SOC.SANTE.HOPITAL,,id_osm,,,OSM,11.502362,3.869611
RAPP_001177,2,OSM;HEALTHSITES,True,True,False,way/192825842,way/192825842,,Centre de Santé Ambulatoire,Centre de Santé Ambulatoire,,SOC.SANTE.CENTRE,SOC.SANTE.CENTRE,,id_osm,,,OSM,11.486311,3.86806
RAPP_001178,2,OSM;HEALTHSITES,True,True,False,way/192826174,way/192826174,,Pharmacie la Rosée,Pharmacie la Rosée,,SOC.SANTE.PHARMACIE,SOC.SANTE.PHARMACIE,,id_osm,,,OSM,11.534384,3.870413
RAPP_001179,2,OSM;HEALTHSITES,True,True,False,way/192827303,way/192827303,,Centre de Santé,Centre de Santé,,SOC.SANTE.CENTRE,SOC.SANTE.CENTRE,,id_osm,,,OSM,11.540095,3.865995
RAPP_001180,2,OSM;HEALTHSITES,True,True,False,way/192827527,way/192827527,,Quifferou,Quifferou,,SOC.SANTE.PHARMACIE,SOC.SANTE.PHARMACIE,,id_osm,,,OSM,11.531501,3.86836
RAPP_001181,2,OSM;HEALTHSITES,True,True,False,way/192827671,way/192827671,,Gynecologie,Gynecologie,,,,,id_osm,,,OSM,11.533097,3.870353
RAPP_001182,2,OSM;HEALTHSITES,True,True,False,way/192828135,way/192828135,,Centre de Santé,Centre de Santé,,SOC.SANTE.CENTRE,SOC.SANTE.CENTRE,,id_osm,,,OSM,11.546752,3.869986
RAPP_001183,2,OSM;HEALTHSITES,True,True,False,way/192828672,way/192828672,,Centre de Santé Integré,Centre de Santé Integré,,SOC.SANTE.CENTRE,SOC.SANTE.CENTRE,,id_osm,,,OSM,11.568406,3.868327
RAPP_001184,2,OSM;HEALTHSITES,True,True,False,way/192831466,way/192831466,,Pharmacie Saint-Luc,Pharmacie Saint-Luc,,SOC.SANTE.PHARMACIE,SOC.SANTE.PHARMACIE,,id_osm,,,OSM,11.531991,3.868077
RAPP_001185,2,OSM;HEALTHSITES,True,True,False,way/192831506,way/192831506,,Centre de Santé,Centre de Santé,,SOC.SANTE.CENTRE,SOC.SANTE.CENTRE,,id_osm,,,OSM,11.546231,3.86603
RAPP_001186,2,OSM;HEALTHSITES,True,True,False,way/192831590,way/192831590,,Centre Médical,Centre Médical,,SOC.SANTE.CENTRE,SOC.SANTE.CENTRE,,id_osm,,,OSM,11.541008,3.864911
RAPP_001187,2,OSM;HEALTHSITES,True,True,False,way/192832060,way/192832060,,Centre de Santé,Centre de Santé,,SOC.SANTE.CENTRE,SOC.SANTE.CENTRE,,id_osm,,,OSM,11.541577,3.870903
RAPP_001188,2,OSM;HEALTHSITES,True,True,False,way/192832487,way/192832487,,Association Camerounaise pour la Sauvegarde de la Santé du Démunie,Association Camerounaise pour la Sauvegarde de la Santé du Démunie,,,,,id_osm,,,OSM,11.563077,3.868047
RAPP_001189,2,OSM;HEALTHSITES,True,True,False,way/192832898,way/192832898,,Centre de Santé,Centre de Santé,,SOC.SANTE.CENTRE,SOC.SANTE.CENTRE,,id_osm,,,OSM,11.553256,3.870881
RAPP_001190,2,OSM;HEALTHSITES,True,True,False,way/192833008,way/192833008,,Centre de Santé,Centre de Santé,,SOC.SANTE.CENTRE,SOC.SANTE.CENTRE,,id_osm,,,OSM,11.553167,3.868771
RAPP_001191,2,OSM;HEALTHSITES,True,True,False,way/192837934,way/192837934,,Centre International De Référence “Chantal Biya”,Centre International De Référence “Chantal Biya”,,SOC.SANTE.HOPITAL,SOC.SANTE.HOPITAL,,id_osm,,,OSM,11.497764,3.863552
RAPP_001192,2,OSM;HEALTHSITES,True,True,False,way/192837976,way/192837976,,Centre de Santé Communal,Centre de Santé Communal,,SOC.SANTE.CENTRE,SOC.SANTE.CENTRE,,id_osm,,,OSM,11.47889,3.861086
RAPP_001193,2,OSM;HEALTHSITES,True,True,False,way/192838105,way/192838105,,Centre de Santé Développé,Centre de Santé Développé,,SOC.SANTE.CENTRE,SOC.SANTE.CENTRE,,id_osm,,,OSM,11.47814,3.860737
RAPP_001194,2,OSM;HEALTHSITES,True,True,False,way/192838186,way/192838186,,Centre de Santé,Centre de Santé,,SOC.SANTE.CENTRE,SOC.SANTE.CENTRE,,id_osm,,,OSM,11.538581,3.864411
RAPP_001195,2,OSM;HEALTHSITES,True,True,False,way/192838263,way/192838263,,Groupement d'Initiative Commune Santé,Groupement d'Initiative Commune Santé,,,,,id_osm,,,OSM,11.484675,3.858446
RAPP_001196,2,OSM;HEALTHSITES,True,True,False,way/192839326,way/192839326,,Centre Hospitalier Dominicain,Centre Hospitalier Dominicain,,SOC.SANTE.HOPITAL,SOC.SANTE.HOPITAL,,id_osm,,,OSM,11.47684,3.860338
RAPP_001197,2,OSM;HEALTHSITES,True,True,False,way/192840355,way/192840355,,Centre Médical,Centre Médical,,SOC.SANTE.CENTRE,SOC.SANTE.CENTRE,,id_osm,,,OSM,11.547742,3.859156
RAPP_001198,2,OSM;HEALTHSITES,True,True,False,way/192841273,way/192841273,,Groupement d'Initiative Commune Santé,Groupement d'Initiative Commune Santé,,SOC.SANTE.HOPITAL,SOC.SANTE.HOPITAL,,id_osm,,,OSM,11.545357,3.862956
RAPP_001199,2,OSM;HEALTHSITES,True,True,False,way/192841434,way/192841434,,Centre Medico-Social,Centre Medico-Social,,,,,id_osm,,,OSM,11.504298,3.858109
RAPP_001200,2,OSM;HEALTHSITES,True,True,False,way/192841754,way/192841754,,Centre de Santé,Centre de Santé,,SOC.SANTE.CENTRE,SOC.SANTE.CENTRE,,id_osm,,,OSM,11.548603,3.858468
RAPP_001201,2,OSM;HEALTHSITES,True,True,False,way/192842191,way/192842191,,Centre de Santé de Base,Centre de Santé de Base,,SOC.SANTE.CENTRE,SOC.SANTE.CENTRE,,id_osm,,,OSM,11.489089,3.864287
RAPP_001202,2,OSM;HEALTHSITES,True,True,False,way/192842478,way/192842478,,Centre de Santé,Centre de Santé,,SOC.SANTE.CENTRE,SOC.SANTE.CENTRE,,id_osm,,,OSM,11.55421,3.860825
RAPP_001203,2,OSM;HEALTHSITES,True,True,False,way/192842567,way/192842567,,Clinique sainte cecile,Clinique sainte cecile,,SOC.SANTE.CLINIQUE,SOC.SANTE.CLINIQUE,,id_osm,,,OSM,11.54121,3.864329
RAPP_001204,2,OSM;HEALTHSITES,True,True,False,way/192842780,way/192842780,,Centre de Santé,Centre de Santé,,SOC.SANTE.CENTRE,SOC.SANTE.CENTRE,,id_osm,,,OSM,11.544365,3.859963
RAPP_001205,2,OSM;HEALTHSITES,True,True,False,way/192843813,way/192843813,,Pharmacie du 20 Mai,Pharmacie du 20 Mai,,SOC.SANTE.PHARMACIE,SOC.SANTE.PHARMACIE,,id_osm,,,OSM,11.519478,3.862799
RAPP_001206,2,OSM;HEALTHSITES,True,True,False,way/192843865,way/192843865,,Pharmacie de l'Universite,Pharmacie de l'Universite,,SOC.SANTE.PHARMACIE,SOC.SANTE.PHARMACIE,,id_osm,,,OSM,11.504427,3.859549
RAPP_001207,2,OSM;HEALTHSITES,True,True,False,way/192843875,way/192843875,,Cabinet des soins des professionnels sans frontiéres,Cabinet des soins des professionnels sans frontiéres,,,,,id_osm,,,OSM,11.478147,3.852529
RAPP_001208,2,OSM;HEALTHSITES,True,True,False,way/192844359,way/192844359,,Centre Medical d'Arrondissement,Centre Medical d'Arrondissement,,SOC.SANTE.HOPITAL,SOC.SANTE.HOPITAL,,id_osm,,,OSM,11.486846,3.863323
RAPP_001209,2,OSM;HEALTHSITES,True,True,False,way/192844469,way/192844469,,Cabinet de soins bon secours plus,Cabinet de soins bon secours plus,,,,,id_osm,,,OSM,11.479153,3.852366
RAPP_001210,2,OSM;HEALTHSITES,True,True,False,way/192844498,way/192844498,,Centre de Santé,Centre de Santé,,SOC.SANTE.CENTRE,SOC.SANTE.CENTRE,,id_osm,,,OSM,11.48255,3.858382
RAPP_001211,2,OSM;HEALTHSITES,True,True,False,way/192844536,way/192844536,,Centre de Santé,Centre de Santé,,SOC.SANTE.CENTRE,SOC.SANTE.CENTRE,,id_osm,,,OSM,11.538419,3.861184
RAPP_001212,2,OSM;HEALTHSITES,True,True,False,way/192845097,way/192845097,,Centre de Santé,Centre de Santé,,SOC.SANTE.CENTRE,SOC.SANTE.CENTRE,,id_osm,,,OSM,11.545731,3.862901
RAPP_001213,2,OSM;HEALTHSITES,True,True,False,way/192848196,way/192848196,,SAPATO,SAPATO,,,,,id_osm,,,OSM,11.555857,3.858901
RAPP_001214,2,OSM;HEALTHSITES,True,True,False,way/192848713,way/192848713,,Haward la Patience Ahead,Haward la Patience Ahead,,,,,id_osm,,,OSM,11.479164,3.853904
RAPP_001215,2,OSM;HEALTHSITES,True,True,False,way/192850419,way/192850419,,,,,SOC.SANTE.PHARMACIE,SOC.SANTE.PHARMACIE,,id_osm,,,OSM,11.522468,3.857233
RAPP_001216,2,OSM;HEALTHSITES,True,True,False,way/192851834,way/192851834,,Centre de Santé,Centre de Santé,,SOC.SANTE.CENTRE,SOC.SANTE.CENTRE,,id_osm,,,OSM,11.528598,3.85677
RAPP_001217,2,OSM;HEALTHSITES,True,True,False,way/192852715,way/192852715,,Centre de Santé,Centre de Santé,,SOC.SANTE.CENTRE,SOC.SANTE.CENTRE,,id_osm,,,OSM,11.533871,3.852006
RAPP_001218,2,OSM;HEALTHSITES,True,True,False,way/192852783,way/192852783,,Centre médical de la brigade du Quartier Général,Centre médical de la brigade du Quartier Général,,SOC.SANTE.CENTRE,SOC.SANTE.CENTRE,,id_osm,,,OSM,11.505065,3.851104
RAPP_001219,2,OSM;HEALTHSITES,True,True,False,way/192852955,way/192852955,,Pharmacie Theriaque,Pharmacie Theriaque,,SOC.SANTE.PHARMACIE,SOC.SANTE.PHARMACIE,,id_osm,,,OSM,11.535854,3.852276
RAPP_001220,2,OSM;HEALTHSITES,True,True,False,way/192853125,way/192853125,,Hôpital Militaire,Hôpital Militaire,,SOC.SANTE.HOPITAL,SOC.SANTE.HOPITAL,,id_osm,,,OSM,11.517358,3.854088
RAPP_001221,2,OSM;HEALTHSITES,True,True,False,way/192853910,way/192853910,,Garnison militaire,Garnison militaire,,SOC.SANTE.HOPITAL,SOC.SANTE.HOPITAL,,id_osm,,,OSM,11.517025,3.854285
RAPP_001222,2,OSM;HEALTHSITES,True,True,False,way/192856501,way/192856501,,Fondation médecine d'Afrique,Fondation médecine d'Afrique,,SOC.SANTE.HOPITAL,SOC.SANTE.HOPITAL,,id_osm,,,OSM,11.485921,3.836866
RAPP_001223,2,OSM;HEALTHSITES,True,True,False,way/192857169,way/192857169,,"Centre de Santé ""Le Polyvalent""","Centre de Santé ""Le Polyvalent""",,SOC.SANTE.CENTRE,SOC.SANTE.CENTRE,,id_osm,,,OSM,11.473018,3.836735
RAPP_001224,2,OSM;HEALTHSITES,True,True,False,way/192857277,way/192857277,,ONG Nofowop CEMEST,ONG Nofowop CEMEST,,SOC.SANTE.CLINIQUE,SOC.SANTE.CLINIQUE,,id_osm,,,OSM,11.460368,3.838592
RAPP_001225,2,OSM;HEALTHSITES,True,True,False,way/192857883,way/192857883,,Centre de Santé,Centre de Santé,,SOC.SANTE.CENTRE,SOC.SANTE.CENTRE,,id_osm,,,OSM,11.476985,3.841238
RAPP_001226,2,OSM;HEALTHSITES,True,True,False,way/192857898,way/192857898,,Centre d'imagerie médicale,Centre d'imagerie médicale,,SOC.SANTE.HOPITAL,SOC.SANTE.HOPITAL,,id_osm,,,OSM,11.488868,3.836397
RAPP_001227,2,OSM;HEALTHSITES,True,True,False,way/192860585,way/192860585,,Centre d'accueil AGOJFIDA,Centre d'accueil AGOJFIDA,,SOC.SANTE.HOPITAL,SOC.SANTE.HOPITAL,,id_osm,,,OSM,11.462451,3.843305
RAPP_001228,2,OSM;HEALTHSITES,True,True,False,way/192860947,way/192860947,,Centre de Santé Lumiére,Centre de Santé Lumiére,,SOC.SANTE.CENTRE,SOC.SANTE.CENTRE,,id_osm,,,OSM,11.485741,3.836468
RAPP_001229,2,OSM;HEALTHSITES,True,True,False,way/192861066,way/192861066,,Cabinet de soins de l'humanité,Cabinet de soins de l'humanité,,,,,id_osm,,,OSM,11.462851,3.838594
RAPP_001230,2,OSM;HEALTHSITES,True,True,False,way/192865173,way/192865173,,Polyclinique Mbarga,Polyclinique Mbarga,,SOC.SANTE.HOPITAL,SOC.SANTE.HOPITAL,,id_osm,,,OSM,11.518199,3.847338
RAPP_001231,2,OSM;HEALTHSITES,True,True,False,way/192865248,way/192865248,,Centre de Santé,Centre de Santé,,SOC.SANTE.CENTRE,SOC.SANTE.CENTRE,,id_osm,,,OSM,11.55505,3.850978
RAPP_001232,2,OSM;HEALTHSITES,True,True,False,way/192865796,way/192865796,,Pharmacie des Capucines,Pharmacie des Capucines,,SOC.SANTE.PHARMACIE,SOC.SANTE.PHARMACIE,,id_osm,,,OSM,11.521506,3.849353
RAPP_001233,2,OSM;HEALTHSITES,True,True,False,way/192866709,way/192866709,,Centre de Santé,Centre de Santé,,SOC.SANTE.CENTRE,SOC.SANTE.CENTRE,,id_osm,,,OSM,11.54722,3.845125
RAPP_001234,2,OSM;HEALTHSITES,True,True,False,way/192866789,way/192866789,,Cabinet medical la vision,Cabinet medical la vision,,,,,id_osm,,,OSM,11.481727,3.84962
RAPP_001235,2,OSM;HEALTHSITES,True,True,False,way/192868646,way/192868646,,Centre de Santé,Centre de Santé,,SOC.SANTE.CENTRE,SOC.SANTE.CENTRE,,id_osm,,,OSM,11.539931,3.854189
RAPP_001236,2,OSM;HEALTHSITES,True,True,False,way/192869819,way/192869819,,Laboratoire,Laboratoire,,,,,id_osm,,,OSM,11.545886,3.845105
RAPP_001237,2,OSM;HEALTHSITES,True,True,False,way/192870461,way/192870461,,Centre de Santé,Centre de Santé,,SOC.SANTE.CENTRE,SOC.SANTE.CENTRE,,id_osm,,,OSM,11.482868,3.84525
RAPP_001238,2,OSM;HEALTHSITES,True,True,False,way/192870558,way/192870558,,Centre de Santé,Centre de Santé,,SOC.SANTE.CENTRE,SOC.SANTE.CENTRE,,id_osm,,,OSM,11.481392,3.846618
RAPP_001239,2,OSM;HEALTHSITES,True,True,False,way/192871971,way/192871971,,Centre de Santé,Centre de Santé,,SOC.SANTE.CENTRE,SOC.SANTE.CENTRE,,id_osm,,,OSM,11.563639,3.849107
RAPP_001240,2,OSM;HEALTHSITES,True,True,False,way/192874285,way/192874285,,Pharmacie Ekounou,Pharmacie Ekounou,,SOC.SANTE.PHARMACIE,SOC.SANTE.PHARMACIE,,id_osm,,,OSM,11.539905,3.843955
RAPP_001241,2,OSM;HEALTHSITES,True,True,False,way/192875003,way/192875003,,Centre de Santé,Centre de Santé,,SOC.SANTE.CENTRE,SOC.SANTE.CENTRE,,id_osm,,,OSM,11.522006,3.846015
RAPP_001242,2,OSM;HEALTHSITES,True,True,False,way/192875057,way/192875057,,Centre de Santé,Centre de Santé,,SOC.SANTE.CENTRE,SOC.SANTE.CENTRE,,id_osm,,,OSM,11.546647,3.849073
RAPP_001243,2,OSM;HEALTHSITES,True,True,False,way/192875146,way/192875146,,Pharmacie Ekounou,Pharmacie Ekounou,,SOC.SANTE.PHARMACIE,SOC.SANTE.PHARMACIE,,id_osm,,,OSM,11.540526,3.844046
RAPP_001244,2,OSM;HEALTHSITES,True,True,False,way/192875449,way/192875449,,Centre Médical,Centre Médical,,SOC.SANTE.CENTRE,SOC.SANTE.CENTRE,,id_osm,,,OSM,11.546286,3.845584
RAPP_001245,2,OSM;HEALTHSITES,True,True,False,way/192876114,way/192876114,,Centre de Santé,Centre de Santé,,SOC.SANTE.CENTRE,SOC.SANTE.CENTRE,,id_osm,,,OSM,11.482032,3.847596
RAPP_001246,2,OSM;HEALTHSITES,True,True,False,way/192876603,way/192876603,,Centre de Santé Ambulatoire,Centre de Santé Ambulatoire,,SOC.SANTE.CENTRE,SOC.SANTE.CENTRE,,id_osm,,,OSM,11.486333,3.846449
RAPP_001247,2,OSM;HEALTHSITES,True,True,False,way/192876728,way/192876728,,Centre Médico Social,Centre Médico Social,,,,,id_osm,,,OSM,11.525467,3.846882
RAPP_001248,2,OSM;HEALTHSITES,True,True,False,way/192877443,way/192877443,,Centre de Santé,Centre de Santé,,SOC.SANTE.CENTRE,SOC.SANTE.CENTRE,,id_osm,,,OSM,11.477902,3.844812
RAPP_001249,2,OSM;HEALTHSITES,True,True,False,way/192877588,way/192877588,,Centre de Santé maman Diana,Centre de Santé maman Diana,,SOC.SANTE.CENTRE,SOC.SANTE.CENTRE,,id_osm,,,OSM,11.463898,3.844333
RAPP_001250,2,OSM;HEALTHSITES,True,True,False,way/192877847,way/192877847,,Gic santé la sécurité 8 cemest,Gic santé la sécurité 8 cemest,,SOC.SANTE.CLINIQUE,SOC.SANTE.CLINIQUE,,id_osm,,,OSM,11.476489,3.850166
RAPP_001251,2,OSM;HEALTHSITES,True,True,False,way/192878102,way/192878102,,Pharmacie Hakkore,Pharmacie Hakkore,,SOC.SANTE.PHARMACIE,SOC.SANTE.PHARMACIE,,id_osm,,,OSM,11.536016,3.84358
RAPP_001252,2,OSM;HEALTHSITES,True,True,False,way/192878801,way/192878801,,Centre Hospitalier chirugical Maloine SARL,Centre Hospitalier chirugical Maloine SARL,,SOC.SANTE.CLINIQUE,SOC.SANTE.CLINIQUE,,id_osm,,,OSM,11.486642,3.847557
RAPP_001253,2,OSM;HEALTHSITES,True,True,False,way/192878824,way/192878824,,Centre Médica l,Centre Médica l,,SOC.SANTE.CLINIQUE,SOC.SANTE.CLINIQUE,,id_osm,,,OSM,11.494478,3.846447
RAPP_001254,2,OSM;HEALTHSITES,True,True,False,way/192881054,way/192881054,,Centre de Santé,Centre de Santé,,SOC.SANTE.CENTRE,SOC.SANTE.CENTRE,,id_osm,,,OSM,11.479471,3.845402
RAPP_001255,2,OSM;HEALTHSITES,True,True,False,way/192881376,way/192881376,,Clinique,Clinique,,SOC.SANTE.CLINIQUE,SOC.SANTE.CLINIQUE,,id_osm,,,OSM,11.521821,3.846178
RAPP_001256,2,OSM;HEALTHSITES,True,True,False,way/193504167,way/193504167,,Dispensaire,Dispensaire,,SOC.SANTE.CENTRE,SOC.SANTE.CENTRE,,id_osm,,,OSM,11.509367,3.841951
RAPP_001257,2,OSM;HEALTHSITES,True,True,False,way/193506251,way/193506251,,Le Jourdain Hôpital,Le Jourdain Hôpital,,SOC.SANTE.CLINIQUE,SOC.SANTE.CLINIQUE,,id_osm,,,OSM,11.495241,3.836099
RAPP_001258,2,OSM;HEALTHSITES,True,True,False,way/193506850,way/193506850,,Centre de Santé,Centre de Santé,,SOC.SANTE.CENTRE,SOC.SANTE.CENTRE,,id_osm,,,OSM,11.532488,3.840428
RAPP_001259,2,OSM;HEALTHSITES,True,True,False,way/193507807,way/193507807,,Centre de Santé,Centre de Santé,,SOC.SANTE.CENTRE,SOC.SANTE.CENTRE,,id_osm,,,OSM,11.541999,3.840385
RAPP_001260,2,OSM;HEALTHSITES,True,True,False,way/193508948,way/193508948,,Cabinet Dentaire,Cabinet Dentaire,,,,,id_osm,,,OSM,11.541953,3.837305
RAPP_001261,2,OSM;HEALTHSITES,True,True,False,way/193509783,way/193509783,,Centre de Santé,Centre de Santé,,SOC.SANTE.CENTRE,SOC.SANTE.CENTRE,,id_osm,,,OSM,11.559722,3.837433
RAPP_001262,2,OSM;HEALTHSITES,True,True,False,way/193510044,way/193510044,,Cabinet des Soins,Cabinet des Soins,,,,,id_osm,,,OSM,11.550313,3.840907
RAPP_001263,2,OSM;HEALTHSITES,True,True,False,way/193510070,way/193510070,,Polyclinique Médicale Chinoise,Polyclinique Médicale Chinoise,,SOC.SANTE.HOPITAL,SOC.SANTE.HOPITAL,,id_osm,,,OSM,11.541742,3.843
RAPP_001264,2,OSM;HEALTHSITES,True,True,False,way/193510991,way/193510991,,Centre Neurologique et Médical,Centre Neurologique et Médical,,,,,id_osm,,,OSM,11.498868,3.829236
RAPP_001265,2,OSM;HEALTHSITES,True,True,False,way/193517415,way/193517415,,Ngog Lituba,Ngog Lituba,,,,,id_osm,,,OSM,11.466956,3.834695
RAPP_001266,2,OSM;HEALTHSITES,True,True,False,way/193517452,way/193517452,,GIC de santé Espoir,GIC de santé Espoir,,,,,id_osm,,,OSM,11.466584,3.833415
RAPP_001267,2,OSM;HEALTHSITES,True,True,False,way/193517737,way/193517737,,Maman Diana,Maman Diana,,,,,id_osm,,,OSM,11.471066,3.828824
RAPP_001268,2,OSM;HEALTHSITES,True,True,False,way/193518106,way/193518106,,Centre de Santé communal,Centre de Santé communal,,SOC.SANTE.CENTRE,SOC.SANTE.CENTRE,,id_osm,,,OSM,11.471439,3.8265
RAPP_001269,2,OSM;HEALTHSITES,True,True,False,way/193522681,way/193522681,,Pharmacie Sim Ba'a,Pharmacie Sim Ba'a,,SOC.SANTE.PHARMACIE,SOC.SANTE.PHARMACIE,,id_osm,,,OSM,11.479348,3.828307
RAPP_001270,2,OSM;HEALTHSITES,True,True,False,way/193523781,way/193523781,,,,,SOC.SANTE.HOPITAL,SOC.SANTE.HOPITAL,,id_osm,,,OSM,11.503808,3.824226
RAPP_001271,2,OSM;HEALTHSITES,True,True,False,way/193525536,way/193525536,,Centre de Santé,Centre de Santé,,SOC.SANTE.CENTRE,SOC.SANTE.CENTRE,,id_osm,,,OSM,11.543325,3.832045
RAPP_001272,2,OSM;HEALTHSITES,True,True,False,way/193526000,way/193526000,,Centre de Santé,Centre de Santé,,SOC.SANTE.CENTRE,SOC.SANTE.CENTRE,,id_osm,,,OSM,11.540239,3.831286
RAPP_001273,2,OSM;HEALTHSITES,True,True,False,way/193527428,way/193527428,,Centre Médical Assisté,Centre Médical Assisté,,SOC.SANTE.CENTRE,SOC.SANTE.CENTRE,,id_osm,,,OSM,11.477937,3.82698
RAPP_001274,2,OSM;HEALTHSITES,True,True,False,way/193527474,way/193527474,,Centre de Santé,Centre de Santé,,SOC.SANTE.CENTRE,SOC.SANTE.CENTRE,,id_osm,,,OSM,11.533926,3.83271
RAPP_001275,2,OSM;HEALTHSITES,True,True,False,way/193528984,way/193528984,,Ananaraie,Ananaraie,,SOC.SANTE.PHARMACIE,SOC.SANTE.PHARMACIE,,id_osm,,,OSM,11.536452,3.833811
RAPP_001276,2,OSM;HEALTHSITES,True,True,False,way/193529035,way/193529035,,Centre de Santé,Centre de Santé,,SOC.SANTE.CENTRE,SOC.SANTE.CENTRE,,id_osm,,,OSM,11.532834,3.834176
RAPP_001277,2,OSM;HEALTHSITES,True,True,False,way/193530510,way/193530510,,Dispensaire,Dispensaire,,SOC.SANTE.CENTRE,SOC.SANTE.CENTRE,,id_osm,,,OSM,11.537053,3.834919
RAPP_001278,2,OSM;HEALTHSITES,True,True,False,way/193530818,way/193530818,,Centre de Santé Catholique,Centre de Santé Catholique,,SOC.SANTE.CENTRE,SOC.SANTE.CENTRE,,id_osm,,,OSM,11.546338,3.829773
RAPP_001279,2,OSM;HEALTHSITES,True,True,False,way/193530963,way/193530963,,Centre de Santé Communautaire,Centre de Santé Communautaire,,SOC.SANTE.CENTRE,SOC.SANTE.CENTRE,,id_osm,,,OSM,11.541264,3.832316
RAPP_001280,2,OSM;HEALTHSITES,True,True,False,way/193535121,way/193535121,,Centre de Santé,Centre de Santé,,SOC.SANTE.CENTRE,SOC.SANTE.CENTRE,,id_osm,,,OSM,11.537229,3.826804
RAPP_001281,2,OSM;HEALTHSITES,True,True,False,way/193535179,way/193535179,,Groupement d'Initiative Commune Santé,Groupement d'Initiative Commune Santé,,SOC.SANTE.HOPITAL,SOC.SANTE.HOPITAL,,id_osm,,,OSM,11.552665,3.824373
RAPP_001282,2,OSM;HEALTHSITES,True,True,False,way/193535753,way/193535753,,Centre de Santé,Centre de Santé,,SOC.SANTE.CENTRE,SOC.SANTE.CENTRE,,id_osm,,,OSM,11.550087,3.826082
RAPP_001283,2,OSM;HEALTHSITES,True,True,False,way/193535843,way/193535843,,Centre de Santé,Centre de Santé,,SOC.SANTE.CENTRE,SOC.SANTE.CENTRE,,id_osm,,,OSM,11.522588,3.826687
RAPP_001284,2,OSM;HEALTHSITES,True,True,False,way/193555859,way/193555859,,Centre de Santé,Centre de Santé,,SOC.SANTE.CENTRE,SOC.SANTE.CENTRE,,id_osm,,,OSM,11.531244,3.812055
RAPP_001285,2,OSM;HEALTHSITES,True,True,False,way/193558948,way/193558948,,Centre de Santé Rita,Centre de Santé Rita,,SOC.SANTE.CENTRE,SOC.SANTE.CENTRE,,id_osm,,,OSM,11.533111,3.820069
RAPP_001286,2,OSM;HEALTHSITES,True,True,False,way/193559909,way/193559909,,Centre de Santé,Centre de Santé,,SOC.SANTE.CENTRE,SOC.SANTE.CENTRE,,id_osm,,,OSM,11.542351,3.816843
RAPP_001287,2,OSM;HEALTHSITES,True,True,False,way/193560229,way/193560229,,,,,SOC.SANTE.HOPITAL,SOC.SANTE.HOPITAL,,id_osm,,,OSM,11.515021,3.820809
RAPP_001288,2,OSM;HEALTHSITES,True,True,False,way/193560558,way/193560558,,Cabinet de Médecine Chinoise,Cabinet de Médecine Chinoise,,,,,id_osm,,,OSM,11.530578,3.817174
RAPP_001289,2,OSM;HEALTHSITES,True,True,False,way/193566505,way/193566505,,Centre de Santé,Centre de Santé,,SOC.SANTE.CENTRE,SOC.SANTE.CENTRE,,id_osm,,,OSM,11.535649,3.801092
RAPP_001290,2,OSM;HEALTHSITES,True,True,False,way/193567080,way/193567080,,Centre de Santé,Centre de Santé,,SOC.SANTE.CENTRE,SOC.SANTE.CENTRE,,id_osm,,,OSM,11.53112,3.804725
RAPP_001291,2,OSM;HEALTHSITES,True,True,False,way/193572965,way/193572965,,Hadassah Medical Center( HMC),Hadassah Medical Center( HMC),,,,,id_osm,,,OSM,11.480059,3.800248
RAPP_001292,2,OSM;HEALTHSITES,True,True,False,way/193574953,way/193574953,,Centre Médical d'Arrondissement,Centre Médical d'Arrondissement,,SOC.SANTE.CENTRE,SOC.SANTE.CENTRE,,id_osm,,,OSM,11.504468,3.80069
RAPP_001293,2,OSM;HEALTHSITES,True,True,False,way/193577452,way/193577452,,,,,SOC.SANTE.HOPITAL,SOC.SANTE.HOPITAL,,id_osm,,,OSM,11.520357,3.794863
RAPP_001294,2,OSM;HEALTHSITES,True,True,False,way/193577825,way/193577825,,Centre de Santé,Centre de Santé,,SOC.SANTE.CENTRE,SOC.SANTE.CENTRE,,id_osm,,,OSM,11.523129,3.795131
RAPP_001295,2,OSM;HEALTHSITES,True,True,False,way/193588058,way/193588058,,Centre de Santé Intégré,Centre de Santé Intégré,,SOC.SANTE.CENTRE,SOC.SANTE.CENTRE,,id_osm,,,OSM,11.525574,3.782645
RAPP_001296,2,OSM;HEALTHSITES,True,True,False,way/193588807,way/193588807,,Cabinet de Soins,Cabinet de Soins,,,,,id_osm,,,OSM,11.483835,3.775868
RAPP_001297,2,OSM;HEALTHSITES,True,True,False,way/193591660,way/193591660,,Centre de Santé,Centre de Santé,,SOC.SANTE.CENTRE,SOC.SANTE.CENTRE,,id_osm,,,OSM,11.474312,3.762254
RAPP_001298,2,OSM;HEALTHSITES,True,True,False,way/193598250,way/193598250,,Clinique Traditionnelle,Clinique Traditionnelle,,,,,id_osm,,,OSM,11.471667,3.74314
RAPP_001299,2,OSM;HEALTHSITES,True,True,False,way/193599902,way/193599902,,Centre de Santé Intègre de Ntouessong I,Centre de Santé Intègre de Ntouessong I,,SOC.SANTE.CENTRE,SOC.SANTE.CENTRE,,id_osm,,,OSM,11.450657,3.722389
RAPP_001300,2,OSM;HEALTHSITES,True,True,False,way/193961084,way/193961084,,Association des Conseils et Economie Social et Familliale au Cameroun,Association des Conseils et Economie Social et Familliale au Cameroun,,,,,id_osm,,,OSM,11.519246,3.889196
RAPP_001301,2,OSM;HEALTHSITES,True,True,False,way/193961608,way/193961608,,Wellstar 1,Wellstar 1,,SOC.SANTE.CLINIQUE,SOC.SANTE.CLINIQUE,,id_osm,,,OSM,11.520751,3.893085
RAPP_001302,2,OSM;HEALTHSITES,True,True,False,way/193965746,way/193965746,,Clinique de Bastos,Clinique de Bastos,,,,,id_osm,,,OSM,11.517909,3.89023
RAPP_001303,2,OSM;HEALTHSITES,True,True,False,way/204120199,way/204120199,,Centre de Santé,Centre de Santé,,SOC.SANTE.CENTRE,SOC.SANTE.CENTRE,,id_osm,,,OSM,11.560442,3.859587
RAPP_001304,2,OSM;HEALTHSITES,True,True,False,way/204121310,way/204121310,,Dispensaire Maternité,Dispensaire Maternité,,SOC.SANTE.CENTRE,SOC.SANTE.CENTRE,,id_osm,,,OSM,11.564983,3.859137
RAPP_001305,2,OSM;HEALTHSITES,True,True,False,way/205643273,way/205643273,,Centre Nutritionnel Ambulatoire de Lopéré,Centre Nutritionnel Ambulatoire de Lopéré,,SOC.SANTE.HOPITAL,SOC.SANTE.HOPITAL,,id_osm,,,OSM,14.325607,10.610109
RAPP_001306,2,OSM;HEALTHSITES,True,True,False,way/205659731,way/205659731,,Fondation Médicale Ad Lucem,Fondation Médicale Ad Lucem,,,,,id_osm,,,OSM,11.561398,3.842891
RAPP_001307,2,OSM;HEALTHSITES,True,True,False,way/211356153,way/211356153,,Pharmacie caméric,Pharmacie caméric,,SOC.SANTE.PHARMACIE,SOC.SANTE.PHARMACIE,,id_osm,,,OSM,11.401251,3.789033
RAPP_001308,2,OSM;HEALTHSITES,True,True,False,way/211356164,way/211356164,,Centre de santé de district de mbankomo,Centre de santé de district de mbankomo,,SOC.SANTE.CENTRE,SOC.SANTE.CENTRE,,id_osm,,,OSM,11.401498,3.788907
RAPP_001309,2,OSM;HEALTHSITES,True,True,False,way/211356165,way/211356165,,Centre de soin medicaux aux enfants vulnérables et déshérités de mbankomo,Centre de soin medicaux aux enfants vulnérables et déshérités de mbankomo,,SOC.SANTE.CLINIQUE,SOC.SANTE.CLINIQUE,,id_osm,,,OSM,11.404184,3.790594
RAPP_001310,2,OSM;HEALTHSITES,True,True,False,way/215363594,way/215363594,,Hopital Central de Yaoundé,Hopital Central de Yaoundé,,SOC.SANTE.HOPITAL,SOC.SANTE.HOPITAL,,id_osm,,,OSM,11.510366,3.871477
RAPP_001311,2,OSM;HEALTHSITES,True,True,False,way/215392914,way/215392914,,hopital de baham,hopital de baham,,SOC.SANTE.HOPITAL,SOC.SANTE.HOPITAL,,id_osm,,,OSM,10.37552,5.330245
RAPP_001312,2,OSM;HEALTHSITES,True,True,False,way/217002844,way/217002844,,Pharmacie la Grâce,Pharmacie la Grâce,,SOC.SANTE.PHARMACIE,SOC.SANTE.PHARMACIE,,id_osm,,,OSM,11.470907,3.831619
RAPP_001313,2,OSM;HEALTHSITES,True,True,False,way/217002872,way/217002872,,Centre de Santé Saint Etienne,Centre de Santé Saint Etienne,,SOC.SANTE.CENTRE,SOC.SANTE.CENTRE,,id_osm,,,OSM,11.484162,3.833746
RAPP_001314,2,OSM;HEALTHSITES,True,True,False,way/217003168,way/217003168,,Pharmacie Royale,Pharmacie Royale,,SOC.SANTE.PHARMACIE,SOC.SANTE.PHARMACIE,,id_osm,,,OSM,11.470772,3.831766
RAPP_001315,2,OSM;HEALTHSITES,True,True,False,way/217003820,way/217003820,,Hopital des soeurs,Hopital des soeurs,,SOC.SANTE.HOPITAL,SOC.SANTE.HOPITAL,,id_osm,,,OSM,11.478475,3.834646
RAPP_001316,2,OSM;HEALTHSITES,True,True,False,way/217004251,way/217004251,,Jouvence,Jouvence,,SOC.SANTE.PHARMACIE,SOC.SANTE.PHARMACIE,,id_osm,,,OSM,11.482033,3.830017
RAPP_001317,2,OSM;HEALTHSITES,True,True,False,way/217004444,way/217004444,,Pharmacie Jouvance,Pharmacie Jouvance,,SOC.SANTE.PHARMACIE,SOC.SANTE.PHARMACIE,,id_osm,,,OSM,11.484943,3.835236
RAPP_001318,2,OSM;HEALTHSITES,True,True,False,way/217004473,way/217004473,,Cabinet médical Dr TIMMA,Cabinet médical Dr TIMMA,,,,,id_osm,,,OSM,11.484201,3.833612
RAPP_001319,2,OSM;HEALTHSITES,True,True,False,way/217006245,way/217006245,,Centre de Santé le Polyvalent,Centre de Santé le Polyvalent,,SOC.SANTE.CENTRE,SOC.SANTE.CENTRE,,id_osm,,,OSM,11.471848,3.831069
RAPP_001320,2,OSM;HEALTHSITES,True,True,False,way/217735026,way/217735026,,Centre de Santé Shlam humanitarian center for global services,Centre de Santé Shlam humanitarian center for global services,,SOC.SANTE.CENTRE,SOC.SANTE.CENTRE,,id_osm,,,OSM,11.457275,3.835647
RAPP_001321,2,OSM;HEALTHSITES,True,True,False,way/218661663,way/218661663,,Pharmacie de Nkoldongo,Pharmacie de Nkoldongo,,SOC.SANTE.PHARMACIE,SOC.SANTE.PHARMACIE,,id_osm,,,OSM,11.527266,3.856018
RAPP_001322,2,OSM;HEALTHSITES,True,True,False,way/218661664,way/218661664,,Pharmacie Star,Pharmacie Star,,SOC.SANTE.PHARMACIE,SOC.SANTE.PHARMACIE,,id_osm,,,OSM,11.524023,3.853853
RAPP_001323,2,OSM;HEALTHSITES,True,True,False,way/218661665,way/218661665,,Pharmacie Odza,Pharmacie Odza,,SOC.SANTE.PHARMACIE,SOC.SANTE.PHARMACIE,,id_osm,,,OSM,11.530314,3.807549
RAPP_001324,2,OSM;HEALTHSITES,True,True,False,way/218661666,way/218661666,,Pharmacie de Nkomo,Pharmacie de Nkomo,,SOC.SANTE.PHARMACIE,SOC.SANTE.PHARMACIE,,id_osm,,,OSM,11.545135,3.844997
RAPP_001325,2,OSM;HEALTHSITES,True,True,False,way/218797783,way/218797783,,Parapharmacie,Parapharmacie,,SOC.SANTE.PHARMACIE,SOC.SANTE.PHARMACIE,,id_osm,,,OSM,11.532926,3.878382
RAPP_001326,2,OSM;HEALTHSITES,True,True,False,way/218797784,way/218797784,,Pharmacie 2000,Pharmacie 2000,,SOC.SANTE.PHARMACIE,SOC.SANTE.PHARMACIE,,id_osm,,,OSM,11.514668,3.889517
RAPP_001327,2,OSM;HEALTHSITES,True,True,False,way/218797785,way/218797785,,Pharmacie Balance,Pharmacie Balance,,SOC.SANTE.PHARMACIE,SOC.SANTE.PHARMACIE,,id_osm,,,OSM,11.537034,3.86171
RAPP_001328,2,OSM;HEALTHSITES,True,True,False,way/218797787,way/218797787,,Pharmacie Buvole Abondo,Pharmacie Buvole Abondo,,SOC.SANTE.PHARMACIE,SOC.SANTE.PHARMACIE,,id_osm,,,OSM,11.492717,3.889283
RAPP_001329,2,OSM;HEALTHSITES,True,True,False,way/218797788,way/218797788,,Pharmacie Emmanuel,Pharmacie Emmanuel,,SOC.SANTE.PHARMACIE,SOC.SANTE.PHARMACIE,,id_osm,,,OSM,11.508359,3.879706
RAPP_001330,2,OSM;HEALTHSITES,True,True,False,way/218797792,way/218797792,,Pharmacie Moliva,Pharmacie Moliva,,SOC.SANTE.PHARMACIE,SOC.SANTE.PHARMACIE,,id_osm,,,OSM,11.494782,3.877938
RAPP_001331,2,OSM;HEALTHSITES,True,True,False,way/218797793,way/218797793,,Pharmacie Mongale,Pharmacie Mongale,,SOC.SANTE.PHARMACIE,SOC.SANTE.PHARMACIE,,id_osm,,,OSM,11.492327,3.886212
RAPP_001332,2,OSM;HEALTHSITES,True,True,False,way/218797794,way/218797794,,Pharmacie Notre-Dame,Pharmacie Notre-Dame,,SOC.SANTE.PHARMACIE,SOC.SANTE.PHARMACIE,,id_osm,,,OSM,11.502639,3.885586
RAPP_001333,2,OSM;HEALTHSITES,True,True,False,way/218797796,way/218797796,,Pharmacie d'Étondi,Pharmacie d'Étondi,,SOC.SANTE.PHARMACIE,SOC.SANTE.PHARMACIE,,id_osm,,,OSM,11.523472,3.916441
RAPP_001334,2,OSM;HEALTHSITES,True,True,False,way/218797797,way/218797797,,Pharmacie de Tongolo,Pharmacie de Tongolo,,SOC.SANTE.PHARMACIE,SOC.SANTE.PHARMACIE,,id_osm,,,OSM,11.524999,3.906827
RAPP_001335,2,OSM;HEALTHSITES,True,True,False,way/218797799,way/218797799,,Pharmacie des Hortensia,Pharmacie des Hortensia,,SOC.SANTE.PHARMACIE,SOC.SANTE.PHARMACIE,,id_osm,,,OSM,11.506522,3.881451
RAPP_001336,2,OSM;HEALTHSITES,True,True,False,way/218797801,way/218797801,,Pharmacie du Château,Pharmacie du Château,,SOC.SANTE.PHARMACIE,SOC.SANTE.PHARMACIE,,id_osm,,,OSM,11.544609,3.863626
RAPP_001337,2,OSM;HEALTHSITES,True,True,False,way/218797802,way/218797802,,Pharmacie du Jourdain,Pharmacie du Jourdain,,SOC.SANTE.PHARMACIE,SOC.SANTE.PHARMACIE,,id_osm,,,OSM,11.497733,3.884716
RAPP_001338,2,OSM;HEALTHSITES,True,True,False,way/218797804,way/218797804,,Pharmacie du Palais,Pharmacie du Palais,,SOC.SANTE.PHARMACIE,SOC.SANTE.PHARMACIE,,id_osm,,,OSM,11.525617,3.914515
RAPP_001339,2,OSM;HEALTHSITES,True,True,False,way/218797805,way/218797805,,Pharmacie du Soleil,Pharmacie du Soleil,,SOC.SANTE.PHARMACIE,SOC.SANTE.PHARMACIE,,id_osm,,,OSM,11.517152,3.86712
RAPP_001340,2,OSM;HEALTHSITES,True,True,False,way/218797809,way/218797809,,Pharmacie la Concorde,Pharmacie la Concorde,,SOC.SANTE.PHARMACIE,SOC.SANTE.PHARMACIE,,id_osm,,,OSM,11.522633,3.891805
RAPP_001341,2,OSM;HEALTHSITES,True,True,False,way/218797810,way/218797810,,Pharmacie la Flêche,Pharmacie la Flêche,,SOC.SANTE.PHARMACIE,SOC.SANTE.PHARMACIE,,id_osm,,,OSM,11.549151,3.867507
RAPP_001342,2,OSM;HEALTHSITES,True,True,False,way/218797812,way/218797812,,Pharmacie le Cristallis,Pharmacie le Cristallis,,SOC.SANTE.PHARMACIE,SOC.SANTE.PHARMACIE,,id_osm,,,OSM,11.523499,3.881915
RAPP_001343,2,OSM;HEALTHSITES,True,True,False,way/218797813,way/218797813,,Pharmacie École de Police,Pharmacie École de Police,,SOC.SANTE.PHARMACIE,SOC.SANTE.PHARMACIE,,id_osm,,,OSM,11.510585,3.878415
RAPP_001344,2,OSM;HEALTHSITES,True,True,False,way/218797814,way/218797814,,Pharmacie Élobi,Pharmacie Élobi,,SOC.SANTE.PHARMACIE,SOC.SANTE.PHARMACIE,,id_osm,,,OSM,11.501067,3.877807
RAPP_001345,2,OSM;HEALTHSITES,True,True,False,way/218797817,way/218797817,,Pharmacie Mvog-Ada,Pharmacie Mvog-Ada,,SOC.SANTE.PHARMACIE,SOC.SANTE.PHARMACIE,,id_osm,,,OSM,11.527803,3.864359
RAPP_001346,2,OSM;HEALTHSITES,True,True,False,way/218797818,way/218797818,,Pharmacie Aumachae,Pharmacie Aumachae,,SOC.SANTE.PHARMACIE,SOC.SANTE.PHARMACIE,,id_osm,,,OSM,11.552809,3.868796
RAPP_001347,2,OSM;HEALTHSITES,True,True,False,way/218797819,way/218797819,,,,,SOC.SANTE.PHARMACIE,SOC.SANTE.PHARMACIE,,id_osm,,,OSM,11.527314,3.867873
RAPP_001348,2,OSM;HEALTHSITES,True,True,False,way/218797822,way/218797822,,,,,SOC.SANTE.PHARMACIE,SOC.SANTE.PHARMACIE,,id_osm,,,OSM,11.552033,3.86844
RAPP_001349,2,OSM;HEALTHSITES,True,True,False,way/219052042,way/219052042,,Arab Contractor Residence,Arab Contractor Residence,,SOC.SANTE.PHARMACIE,SOC.SANTE.PHARMACIE,,id_osm,,,OSM,11.52256,3.932166
RAPP_001350,2,OSM;HEALTHSITES,True,True,False,way/219052045,way/219052045,,Béatitudes,Béatitudes,,SOC.SANTE.PHARMACIE,SOC.SANTE.PHARMACIE,,id_osm,,,OSM,11.492798,3.845839
RAPP_001351,2,OSM;HEALTHSITES,True,True,False,way/219052046,way/219052046,,CAI,CAI,,SOC.SANTE.PHARMACIE,SOC.SANTE.PHARMACIE,,id_osm,,,OSM,11.525573,3.909989
RAPP_001352,2,OSM;HEALTHSITES,True,True,False,way/219052048,way/219052048,,CYFO,CYFO,,SOC.SANTE.PHARMACIE,SOC.SANTE.PHARMACIE,,id_osm,,,OSM,11.54003,3.810505
RAPP_001353,2,OSM;HEALTHSITES,True,True,False,way/219052051,way/219052051,,Pharmacie Du Cypres,Pharmacie Du Cypres,,SOC.SANTE.PHARMACIE,SOC.SANTE.PHARMACIE,,id_osm,,,OSM,11.454964,3.872903
RAPP_001354,2,OSM;HEALTHSITES,True,True,False,way/219052057,way/219052057,,François Tchoupou,François Tchoupou,,SOC.SANTE.PHARMACIE,SOC.SANTE.PHARMACIE,,id_osm,,,OSM,11.553441,3.859364
RAPP_001355,2,OSM;HEALTHSITES,True,True,False,way/219052059,way/219052059,,Lido,Lido,,SOC.SANTE.PHARMACIE,SOC.SANTE.PHARMACIE,,id_osm,,,OSM,11.530937,3.870182
RAPP_001356,2,OSM;HEALTHSITES,True,True,False,way/219052060,way/219052060,,Lienou,Lienou,,SOC.SANTE.PHARMACIE,SOC.SANTE.PHARMACIE,,id_osm,,,OSM,11.555637,3.859493
RAPP_001357,2,OSM;HEALTHSITES,True,True,False,way/219052065,way/219052065,,Obili,Obili,,SOC.SANTE.PHARMACIE,SOC.SANTE.PHARMACIE,,id_osm,,,OSM,11.493475,3.851206
RAPP_001358,2,OSM;HEALTHSITES,True,True,False,way/219052067,way/219052067,,Pharmacie Nsimeyong,Pharmacie Nsimeyong,,SOC.SANTE.PHARMACIE,SOC.SANTE.PHARMACIE,,id_osm,,,OSM,11.494412,3.835233
RAPP_001359,2,OSM;HEALTHSITES,True,True,False,way/219052068,way/219052068,,Pharmacie Melen,Pharmacie Melen,,SOC.SANTE.PHARMACIE,SOC.SANTE.PHARMACIE,,id_osm,,,OSM,11.486577,3.850406
RAPP_001360,2,OSM;HEALTHSITES,True,True,False,way/219052089,way/219052089,,le Flamboyant,le Flamboyant,,SOC.SANTE.PHARMACIE,SOC.SANTE.PHARMACIE,,id_osm,,,OSM,11.487303,3.84351
RAPP_001361,2,OSM;HEALTHSITES,True,True,False,way/219157313,way/219157313,,Benoit Menni,Benoit Menni,,SOC.SANTE.HOPITAL,SOC.SANTE.HOPITAL,,id_osm,,,OSM,11.50424,3.838875
RAPP_001362,2,OSM;HEALTHSITES,True,True,False,way/219157314,way/219157314,,Centre Médical d'Arrondissement Étoa,Centre Médical d'Arrondissement Étoa,,SOC.SANTE.CENTRE,SOC.SANTE.CENTRE,,id_osm,,,OSM,11.478073,3.783675
RAPP_001363,2,OSM;HEALTHSITES,True,True,False,way/219157317,way/219157317,,Centre national de réhabilitation des personnes handicapées,Centre national de réhabilitation des personnes handicapées,,SOC.SANTE.HOPITAL,SOC.SANTE.HOPITAL,,id_osm,,,OSM,11.478124,3.850659
RAPP_001364,2,OSM;HEALTHSITES,True,True,False,way/219157320,way/219157320,,GIC Santé,GIC Santé,,SOC.SANTE.HOPITAL,SOC.SANTE.HOPITAL,,id_osm,,,OSM,11.535607,3.831814
RAPP_001365,2,OSM;HEALTHSITES,True,True,False,way/219203270,way/219203270,,Centre Médical d'Arrondissement Yaoundé I Olembe,Centre Médical d'Arrondissement Yaoundé I Olembe,,SOC.SANTE.CENTRE,SOC.SANTE.CENTRE,,id_osm,,,OSM,11.522112,3.946375
RAPP_001366,2,OSM;HEALTHSITES,True,True,False,way/219203271,way/219203271,,Cabinet de Soins Santa Teresa,Cabinet de Soins Santa Teresa,,,,,id_osm,,,OSM,11.563823,3.889557
RAPP_001367,2,OSM;HEALTHSITES,True,True,False,way/219203272,way/219203272,,Centre de la Mère et de l'Enfant,Centre de la Mère et de l'Enfant,,SOC.SANTE.HOPITAL,SOC.SANTE.HOPITAL,,id_osm,,,OSM,11.517021,3.882783
RAPP_001368,2,OSM;HEALTHSITES,True,True,False,way/219203273,way/219203273,,Clinique Médico-Chirurgicale Sainte-Marie,Clinique Médico-Chirurgicale Sainte-Marie,,SOC.SANTE.CLINIQUE,SOC.SANTE.CLINIQUE,,id_osm,,,OSM,11.548133,3.897401
RAPP_001369,2,OSM;HEALTHSITES,True,True,False,way/219203274,way/219203274,,Centre Médical la Cathédrale,Centre Médical la Cathédrale,,SOC.SANTE.CENTRE,SOC.SANTE.CENTRE,,id_osm,,,OSM,11.53466,3.8838
RAPP_001370,2,OSM;HEALTHSITES,True,True,False,way/219203275,way/219203275,,Dispensaire de Mimboman,Dispensaire de Mimboman,,SOC.SANTE.CENTRE,SOC.SANTE.CENTRE,,id_osm,,,OSM,11.560259,3.869795
RAPP_001371,2,OSM;HEALTHSITES,True,True,False,way/219203276,way/219203276,,Fondation Médicale de La Paix,Fondation Médicale de La Paix,,,,,id_osm,,,OSM,11.567229,3.892146
RAPP_001372,2,OSM;HEALTHSITES,True,True,False,way/219203277,way/219203277,,Groupement d'Investissement Communautaire Santé le Sonline,Groupement d'Investissement Communautaire Santé le Sonline,,SOC.SANTE.HOPITAL,SOC.SANTE.HOPITAL,,id_osm,,,OSM,11.529825,3.952146
RAPP_001373,2,OSM;HEALTHSITES,True,True,False,way/219203280,way/219203280,,Hôpital Catholique Deo Gratias Afrique Future,Hôpital Catholique Deo Gratias Afrique Future,,SOC.SANTE.HOPITAL,SOC.SANTE.HOPITAL,,id_osm,,,OSM,11.504959,3.923915
RAPP_001374,2,OSM;HEALTHSITES,True,True,False,way/219466460,way/219466460,,Cabinet Dentaire EPC,Cabinet Dentaire EPC,,,,,id_osm,,,OSM,11.522821,3.882062
RAPP_001375,2,OSM;HEALTHSITES,True,True,False,way/219988752,way/219988752,,Centre Nutritionnel,Centre Nutritionnel,,,,,id_osm,,,OSM,11.567934,3.868464
RAPP_001376,2,OSM;HEALTHSITES,True,True,False,way/221005926,way/221005926,,Etoug-Ebe Baptist Hospital,Etoug-Ebe Baptist Hospital,,SOC.SANTE.CLINIQUE,SOC.SANTE.CLINIQUE,,id_osm,,,OSM,11.485322,3.847515
RAPP_001377,2,OSM;HEALTHSITES,True,True,False,way/221017747,way/221017747,,Diagnosticis Cameroon,Diagnosticis Cameroon,,SOC.SANTE.HOPITAL,SOC.SANTE.HOPITAL,,id_osm,,,OSM,11.534812,3.879653
RAPP_001378,2,OSM;HEALTHSITES,True,True,False,way/221026549,way/221026549,,La Passerelle Clinique,La Passerelle Clinique,,SOC.SANTE.HOPITAL,SOC.SANTE.HOPITAL,,id_osm,,,OSM,11.468499,3.874802
RAPP_001379,2,OSM;HEALTHSITES,True,True,False,way/221178404,way/221178404,,Infirmerie,Infirmerie,,SOC.SANTE.HOPITAL,SOC.SANTE.HOPITAL,,id_osm,,,OSM,13.403898,9.319093
RAPP_001380,2,OSM;HEALTHSITES,True,True,False,way/221409784,way/221409784,,Cabinet de soins ORL (Oto-Rhino-Laryngologie),Cabinet de soins ORL (Oto-Rhino-Laryngologie),,,,,id_osm,,,OSM,11.48476,3.832855
RAPP_001381,2,OSM;HEALTHSITES,True,True,False,way/221488892,way/221488892,,Hôpital Regional de Garoua,Hôpital Regional de Garoua,,SOC.SANTE.HOPITAL,SOC.SANTE.HOPITAL,,id_osm,,,OSM,13.388036,9.305248
RAPP_001382,2,OSM;HEALTHSITES,True,True,False,way/221598901,way/221598901,,Centre pasteur,Centre pasteur,,SOC.SANTE.HOPITAL,SOC.SANTE.HOPITAL,,id_osm,,,OSM,13.386115,9.306245
RAPP_001383,2,OSM;HEALTHSITES,True,True,False,way/221598903,way/221598903,,Croix rouge,Croix rouge,,,,,id_osm,,,OSM,13.390255,9.30535
RAPP_001384,2,OSM;HEALTHSITES,True,True,False,way/221819365,way/221819365,,,,,SOC.SANTE.CLINIQUE,SOC.SANTE.CLINIQUE,,id_osm,,,OSM,11.517202,3.892605
RAPP_001385,2,OSM;HEALTHSITES,True,True,False,way/221851738,way/221851738,,Hôpital de la Garnison,Hôpital de la Garnison,,SOC.SANTE.HOPITAL,SOC.SANTE.HOPITAL,,id_osm,,,OSM,13.392163,9.316289
RAPP_001386,2,OSM;HEALTHSITES,True,True,False,way/222060240,way/222060240,,Centre Hospitalier d'Essos,Centre Hospitalier d'Essos,,SOC.SANTE.HOPITAL,SOC.SANTE.HOPITAL,,id_osm,,,OSM,11.532326,3.871463
RAPP_001387,2,OSM;HEALTHSITES,True,True,False,way/222098966,way/222098966,,Centre Médical Le Jourdain,Centre Médical Le Jourdain,,SOC.SANTE.CENTRE,SOC.SANTE.CENTRE,,id_osm,,,OSM,11.516085,3.882203
RAPP_001388,2,OSM;HEALTHSITES,True,True,False,way/222102550,way/222102550,,centre medical Ste veronique,centre medical Ste veronique,,SOC.SANTE.CENTRE,SOC.SANTE.CENTRE,,id_osm,,,OSM,11.4877,3.850923
RAPP_001389,2,OSM;HEALTHSITES,True,True,False,way/222105321,way/222105321,,Centre Medico Sociale De La Caisse Garoua,Centre Medico Sociale De La Caisse Garoua,,SOC.SANTE.HOPITAL,SOC.SANTE.HOPITAL,,id_osm,,,OSM,13.392396,9.303479
RAPP_001390,2,OSM;HEALTHSITES,True,True,False,way/222106302,way/222106302,,Clinique St Christine,Clinique St Christine,,SOC.SANTE.HOPITAL,SOC.SANTE.HOPITAL,,id_osm,,,OSM,11.478722,3.834101
RAPP_001391,2,OSM;HEALTHSITES,True,True,False,way/222484296,way/222484296,,Hôpital de police,Hôpital de police,,SOC.SANTE.HOPITAL,SOC.SANTE.HOPITAL,,id_osm,,,OSM,13.395482,9.309257
RAPP_001392,2,OSM;HEALTHSITES,True,True,False,way/222757439,way/222757439,,,,,SOC.SANTE.HOPITAL,SOC.SANTE.HOPITAL,,id_osm,,,OSM,13.4109,9.333353
RAPP_001393,2,OSM;HEALTHSITES,True,True,False,way/222859466,way/222859466,,Dispensaire,Dispensaire,,SOC.SANTE.CENTRE,SOC.SANTE.CENTRE,,id_osm,,,OSM,11.499664,3.841421
RAPP_001394,2,OSM;HEALTHSITES,True,True,False,way/225546765,way/225546765,,Hôpital central,Hôpital central,,SOC.SANTE.HOPITAL,SOC.SANTE.HOPITAL,,id_osm,,,OSM,10.060566,5.446724
RAPP_001395,2,OSM;HEALTHSITES,True,True,False,way/226093209,way/226093209,,Hôpital de la CNPS,Hôpital de la CNPS,,SOC.SANTE.HOPITAL,SOC.SANTE.HOPITAL,,id_osm,,,OSM,13.391605,9.30284
RAPP_001396,2,OSM;HEALTHSITES,True,True,False,way/226234145,way/226234145,,Centre de Santé intégré de Kolléré,Centre de Santé intégré de Kolléré,,SOC.SANTE.HOPITAL,SOC.SANTE.HOPITAL,,id_osm,,,OSM,13.388406,9.303463
RAPP_001397,2,OSM;HEALTHSITES,True,True,False,way/226234147,way/226234147,,Centre de prévention et de dépistage volontaire du VIH SIDA,Centre de prévention et de dépistage volontaire du VIH SIDA,,,,,id_osm,,,OSM,13.388665,9.303009
RAPP_001398,2,OSM;HEALTHSITES,True,True,False,way/226401757,way/226401757,,Centre de santé integré de Roumde-adjia,Centre de santé integré de Roumde-adjia,,SOC.SANTE.HOPITAL,SOC.SANTE.HOPITAL,,id_osm,,,OSM,13.393645,9.327957
RAPP_001399,2,OSM;HEALTHSITES,True,True,False,way/226524952,way/226524952,,"Cabinet de soins le ""Bien Etre""","Cabinet de soins le ""Bien Etre""",,,,,id_osm,,,OSM,13.413406,9.341065
RAPP_001400,2,OSM;HEALTHSITES,True,True,False,way/226529246,way/226529246,,Pharmacie de la Grande Mosquée,Pharmacie de la Grande Mosquée,,SOC.SANTE.PHARMACIE,SOC.SANTE.PHARMACIE,,id_osm,,,OSM,13.411216,9.32999
RAPP_001401,2,OSM;HEALTHSITES,True,True,False,way/226540314,way/226540314,,Clinique Southia,Clinique Southia,,SOC.SANTE.CLINIQUE,SOC.SANTE.CLINIQUE,,id_osm,,,OSM,13.403273,9.334418
RAPP_001402,2,OSM;HEALTHSITES,True,True,False,way/226562532,way/226562532,,Centre de santé integré de foulbéré,Centre de santé integré de foulbéré,,SOC.SANTE.HOPITAL,SOC.SANTE.HOPITAL,,id_osm,,,OSM,13.40268,9.307706
RAPP_001403,2,OSM;HEALTHSITES,True,True,False,way/226562537,way/226562537,,Pharmacie Provinciale,Pharmacie Provinciale,,SOC.SANTE.PHARMACIE,SOC.SANTE.PHARMACIE,,id_osm,,,OSM,13.400621,9.303648
RAPP_001404,2,OSM;HEALTHSITES,True,True,False,way/226562551,way/226562551,,,,,SOC.SANTE.PHARMACIE,SOC.SANTE.PHARMACIE,,id_osm,,,OSM,13.399494,9.307811
RAPP_001405,2,OSM;HEALTHSITES,True,True,False,way/226696084,way/226696084,,Hôpital militaire de Région,Hôpital militaire de Région,,SOC.SANTE.HOPITAL,SOC.SANTE.HOPITAL,,id_osm,,,OSM,13.383866,9.309288
RAPP_001406,2,OSM;HEALTHSITES,True,True,False,way/226744233,way/226744233,,Centre de santé,Centre de santé,,SOC.SANTE.CENTRE,SOC.SANTE.CENTRE,,id_osm,,,OSM,10.318274,5.186468
RAPP_001407,2,OSM;HEALTHSITES,True,True,False,way/227130459,way/227130459,,Pharmacie du Nord,Pharmacie du Nord,,SOC.SANTE.PHARMACIE,SOC.SANTE.PHARMACIE,,id_osm,,,OSM,13.39041,9.299628
RAPP_001408,2,OSM;HEALTHSITES,True,True,False,way/227132759,way/227132759,,,,,SOC.SANTE.HOPITAL,SOC.SANTE.HOPITAL,,id_osm,,,OSM,13.414777,9.34758
RAPP_001409,2,OSM;HEALTHSITES,True,True,False,way/227338154,way/227338154,,,,,SOC.SANTE.HOPITAL,SOC.SANTE.HOPITAL,,id_osm,,,OSM,13.392502,9.291881
RAPP_001410,2,OSM;HEALTHSITES,True,True,False,way/230560444,way/230560444,,Centre Hospitalier Universitaire,Centre Hospitalier Universitaire,,SOC.SANTE.HOPITAL,SOC.SANTE.HOPITAL,,id_osm,,,OSM,11.496233,3.862844
RAPP_001411,2,OSM;HEALTHSITES,True,True,False,way/232883145,way/232883145,,Hopital de district de Sangmelima,Hopital de district de Sangmelima,,SOC.SANTE.HOPITAL,SOC.SANTE.HOPITAL,,id_osm,,,OSM,11.98151,2.927877
RAPP_001412,2,OSM;HEALTHSITES,True,True,False,way/236844355,way/236844355,,Hôpital de la Cité Verte,Hôpital de la Cité Verte,,SOC.SANTE.HOPITAL,SOC.SANTE.HOPITAL,,id_osm,,,OSM,11.489927,3.876114
RAPP_001413,2,OSM;HEALTHSITES,True,True,False,way/244895526,way/244895526,,Hopital de Bangou Carrefour,Hopital de Bangou Carrefour,,SOC.SANTE.HOPITAL,SOC.SANTE.HOPITAL,,id_osm,,,OSM,10.382089,5.178639
RAPP_001414,2,OSM;HEALTHSITES,True,True,False,way/257540188,way/257540188,,Centre de Santé ACASSANA,Centre de Santé ACASSANA,,SOC.SANTE.CENTRE,SOC.SANTE.CENTRE,,id_osm,,,OSM,11.314366,3.526527
RAPP_001415,2,OSM;HEALTHSITES,True,True,False,way/257691687,way/257691687,,,,,,,,id_osm,,,OSM,11.275466,3.537367
RAPP_001416,2,OSM;HEALTHSITES,True,True,False,way/257996296,way/257996296,,,,,,,,id_osm,,,OSM,11.367009,3.519284
RAPP_001417,2,OSM;HEALTHSITES,True,True,False,way/260618158,way/260618158,,,,,,,,id_osm,,,OSM,11.349179,3.476124
RAPP_001418,2,OSM;HEALTHSITES,True,True,False,way/260622665,way/260622665,,Centre de Santé de District de Ngoumou,Centre de Santé de District de Ngoumou,,SOC.SANTE.CENTRE,SOC.SANTE.CENTRE,,id_osm,,,OSM,11.33055,3.504344
RAPP_001419,2,OSM;HEALTHSITES,True,True,False,way/260622669,way/260622669,,,,,SOC.SANTE.HOPITAL,SOC.SANTE.HOPITAL,,id_osm,,,OSM,11.325112,3.503624
RAPP_001420,2,OSM;HEALTHSITES,True,True,False,way/264163834,way/264163834,,Centre de santé intégré de Tikong,Centre de santé intégré de Tikong,,SOC.SANTE.CENTRE,SOC.SANTE.CENTRE,,id_osm,,,OSM,11.3047,3.791571
RAPP_001421,2,OSM;HEALTHSITES,True,True,False,way/267837016,way/267837016,,Hôpital,Hôpital,,SOC.SANTE.HOPITAL,SOC.SANTE.HOPITAL,,id_osm,,,OSM,13.81066,10.73782
RAPP_001422,2,OSM;HEALTHSITES,True,True,False,way/270067162,way/270067162,,Hôpital St Luc,Hôpital St Luc,,SOC.SANTE.HOPITAL,SOC.SANTE.HOPITAL,,id_osm,,,OSM,11.504312,3.52792
RAPP_001423,2,OSM;HEALTHSITES,True,True,False,way/270171114,way/270171114,,,,,,,,id_osm,,,OSM,11.372624,3.384398
RAPP_001424,2,OSM;HEALTHSITES,True,True,False,way/274931839,way/274931839,,C. Houm,C. Houm,,SOC.SANTE.HOPITAL,SOC.SANTE.HOPITAL,,id_osm,,,OSM,11.498119,3.521418
RAPP_001425,2,OSM;HEALTHSITES,True,True,False,way/276832941,way/276832941,,,,,,,,id_osm,,,OSM,11.298487,3.838909
RAPP_001426,2,OSM;HEALTHSITES,True,True,False,way/282240345,way/282240345,,Pharmacie de Sa'a,Pharmacie de Sa'a,,SOC.SANTE.PHARMACIE,SOC.SANTE.PHARMACIE,,id_osm,,,OSM,11.439952,4.362315
RAPP_001427,2,OSM;HEALTHSITES,True,True,False,way/282240412,way/282240412,,Centre de santé intégré de SA'A,Centre de santé intégré de SA'A,,SOC.SANTE.CENTRE,SOC.SANTE.CENTRE,,id_osm,,,OSM,11.439434,4.364515
RAPP_001428,2,OSM;HEALTHSITES,True,True,False,way/282240837,way/282240837,,Cabinet de soins de SA'A,Cabinet de soins de SA'A,,SOC.SANTE.CLINIQUE,SOC.SANTE.CLINIQUE,,id_osm,,,OSM,11.437976,4.364934
RAPP_001429,2,OSM;HEALTHSITES,True,True,False,way/282972539,way/282972539,,Dispensaire de Banegang,Dispensaire de Banegang,,SOC.SANTE.CENTRE,SOC.SANTE.CENTRE,,id_osm,,,OSM,10.309699,5.481467
RAPP_001430,2,OSM;HEALTHSITES,True,True,False,way/284807791,way/284807791,,Centre de Santé Intégré Melong Centre,Centre de Santé Intégré Melong Centre,,SOC.SANTE.CENTRE,SOC.SANTE.CENTRE,,id_osm,,,OSM,9.939201,5.107053
RAPP_001431,2,OSM;HEALTHSITES,True,True,False,way/286315076,way/286315076,,Dispensaire TOUTAH,Dispensaire TOUTAH,,SOC.SANTE.CENTRE,SOC.SANTE.CENTRE,,id_osm,,,OSM,10.43508,5.161302
RAPP_001432,2,OSM;HEALTHSITES,True,True,False,way/292842064,way/292842064,,Clinique ZOS du Dr. Obiang,Clinique ZOS du Dr. Obiang,,SOC.SANTE.CLINIQUE,SOC.SANTE.CLINIQUE,,id_osm,,,OSM,11.592862,3.981785
RAPP_001433,2,OSM;HEALTHSITES,True,True,False,way/293073197,way/293073197,,Cabinet Medical La Rose,Cabinet Medical La Rose,,SOC.SANTE.HOPITAL,SOC.SANTE.HOPITAL,,id_osm,,,OSM,11.600594,3.97954
RAPP_001434,2,OSM;HEALTHSITES,True,True,False,way/293073430,way/293073430,,Centre de Santé LAP,Centre de Santé LAP,,SOC.SANTE.CENTRE,SOC.SANTE.CENTRE,,id_osm,,,OSM,11.600158,3.978986
RAPP_001435,2,OSM;HEALTHSITES,True,True,False,way/298310937,way/298310937,,Centre de Santé Espoir de Ndobo,Centre de Santé Espoir de Ndobo,,SOC.SANTE.CENTRE,SOC.SANTE.CENTRE,,id_osm,,,OSM,9.634823,4.101461
RAPP_001436,2,OSM;HEALTHSITES,True,True,False,way/298313236,way/298313236,,,Pharmacie,,SOC.SANTE.PHARMACIE,SOC.SANTE.PHARMACIE,,id_osm,,,OSM,9.646541,4.094415
RAPP_001437,2,OSM;HEALTHSITES,True,True,False,way/298313821,way/298313821,,Evergreen,Evergreen,,SOC.SANTE.CLINIQUE,SOC.SANTE.CLINIQUE,,id_osm,,,OSM,9.643452,4.097292
RAPP_001438,2,OSM;HEALTHSITES,True,True,False,way/298377550,way/298377550,,Wisdom Health Care Center,Wisdom Health Care Center,,SOC.SANTE.CLINIQUE,SOC.SANTE.CLINIQUE,,id_osm,,,OSM,9.656326,4.096542
RAPP_001439,2,OSM;HEALTHSITES,True,True,False,way/298381262,way/298381262,,CMA Sodiko,CMA Sodiko,,SOC.SANTE.CENTRE,SOC.SANTE.CENTRE,,id_osm,,,OSM,9.655524,4.097853
RAPP_001440,2,OSM;HEALTHSITES,True,True,False,way/298435283,way/298435283,,La Providence,La Providence,,SOC.SANTE.PHARMACIE,SOC.SANTE.PHARMACIE,,id_osm,,,OSM,9.66508,4.087281
RAPP_001441,2,OSM;HEALTHSITES,True,True,False,way/298435836,way/298435836,,,Pharmacie,,SOC.SANTE.PHARMACIE,SOC.SANTE.PHARMACIE,,id_osm,,,OSM,9.660074,4.092222
RAPP_001442,2,OSM;HEALTHSITES,True,True,False,way/299452907,way/299452907,,Alpha Clinical Health Centre Mambanda,Alpha Clinical Health Centre Mambanda,,SOC.SANTE.CENTRE,SOC.SANTE.CENTRE,,id_osm,,,OSM,9.666976,4.072109
RAPP_001443,2,OSM;HEALTHSITES,True,True,False,way/299453623,way/299453623,,Nkomba Mambanda Phamarcy,Nkomba Mambanda Phamarcy,,SOC.SANTE.PHARMACIE,SOC.SANTE.PHARMACIE,,id_osm,,,OSM,9.667962,4.071188
RAPP_001444,2,OSM;HEALTHSITES,True,True,False,way/299460118,way/299460118,,Centre de Santé Aprosap Bonaberi,Centre de Santé Aprosap Bonaberi,,SOC.SANTE.CENTRE,SOC.SANTE.CENTRE,,id_osm,,,OSM,9.670582,4.071024
RAPP_001445,2,OSM;HEALTHSITES,True,True,False,way/299461172,way/299461172,,,,,SOC.SANTE.PHARMACIE,SOC.SANTE.PHARMACIE,,id_osm,,,OSM,9.669711,4.080643
RAPP_001446,2,OSM;HEALTHSITES,True,True,False,way/299463789,way/299463789,,Centre de Sante Gromes garage,Centre de Sante Gromes garage,,SOC.SANTE.CENTRE,SOC.SANTE.CENTRE,,id_osm,,,OSM,9.674214,4.071557
RAPP_001447,2,OSM;HEALTHSITES,True,True,False,way/299546328,way/299546328,,Clinique,Clinique,,SOC.SANTE.CLINIQUE,SOC.SANTE.CLINIQUE,,id_osm,,,OSM,9.694407,4.040564
RAPP_001448,2,OSM;HEALTHSITES,True,True,False,way/299547547,way/299547547,,Hôpital Militaire,Hôpital Militaire,,SOC.SANTE.HOPITAL,SOC.SANTE.HOPITAL,,id_osm,,,OSM,9.685064,4.033809
RAPP_001449,2,OSM;HEALTHSITES,True,True,False,way/299549093,way/299549093,,,,,SOC.SANTE.PHARMACIE,SOC.SANTE.PHARMACIE,,id_osm,,,OSM,9.693249,4.025291
RAPP_001450,2,OSM;HEALTHSITES,True,True,False,way/299607100,way/299607100,,,,,SOC.SANTE.PHARMACIE,SOC.SANTE.PHARMACIE,,id_osm,,,OSM,9.698309,4.024603
RAPP_001451,2,OSM;HEALTHSITES,True,True,False,way/299607302,way/299607302,,Laborex,Laborex,,SOC.SANTE.PHARMACIE,SOC.SANTE.PHARMACIE,,id_osm,,,OSM,9.701191,4.052175
RAPP_001452,2,OSM;HEALTHSITES,True,True,False,way/299607595,way/299607595,,Clinique De Gaulle,Clinique De Gaulle,,SOC.SANTE.CLINIQUE,SOC.SANTE.CLINIQUE,,id_osm,,,OSM,9.705139,4.025135
RAPP_001453,2,OSM;HEALTHSITES,True,True,False,way/299607814,way/299607814,,Centre Hospitalier,Centre Hospitalier,,SOC.SANTE.HOPITAL,SOC.SANTE.HOPITAL,,id_osm,,,OSM,9.706173,4.034054
RAPP_001454,2,OSM;HEALTHSITES,True,True,False,way/299608226,way/299608226,,Clinique du Gros Chêne,Clinique du Gros Chêne,,SOC.SANTE.CLINIQUE,SOC.SANTE.CLINIQUE,,id_osm,,,OSM,9.701621,4.050018
RAPP_001455,2,OSM;HEALTHSITES,True,True,False,way/299608920,way/299608920,,Centre Médical d'Arrondissement de Congo,Centre Médical d'Arrondissement de Congo,,SOC.SANTE.CENTRE,SOC.SANTE.CENTRE,,id_osm,,,OSM,9.705258,4.041549
RAPP_001456,2,OSM;HEALTHSITES,True,True,False,way/299608993,way/299608993,,PAD Centre Medico-Social,PAD Centre Medico-Social,,SOC.SANTE.HOPITAL,SOC.SANTE.HOPITAL,,id_osm,,,OSM,9.703854,4.066125
RAPP_001457,2,OSM;HEALTHSITES,True,True,False,way/299613477,way/299613477,,Centre de Pneumo Physiologie,Centre de Pneumo Physiologie,,SOC.SANTE.CLINIQUE,SOC.SANTE.CLINIQUE,,id_osm,,,OSM,9.704099,4.049975
RAPP_001458,2,OSM;HEALTHSITES,True,True,False,way/299693835,way/299693835,,,pharmacie,,SOC.SANTE.PHARMACIE,SOC.SANTE.PHARMACIE,,id_osm,,,OSM,9.712854,4.06803
RAPP_001459,2,OSM;HEALTHSITES,True,True,False,way/299694794,way/299694794,,Clinique de Chirurgie,Clinique de Chirurgie,,SOC.SANTE.CLINIQUE,SOC.SANTE.CLINIQUE,,id_osm,,,OSM,9.710586,4.067558
RAPP_001460,2,OSM;HEALTHSITES,True,True,False,way/299700904,way/299700904,,Hôpital de District de New Bell,Hôpital de District de New Bell,,SOC.SANTE.HOPITAL,SOC.SANTE.HOPITAL,,id_osm,,,OSM,9.711227,4.029287
RAPP_001461,2,OSM;HEALTHSITES,True,True,False,way/299700922,way/299700922,,Hôpital de District de Deido,Hôpital de District de Deido,,SOC.SANTE.HOPITAL,SOC.SANTE.HOPITAL,,id_osm,,,OSM,9.713889,4.064616
RAPP_001462,2,OSM;HEALTHSITES,True,True,False,way/299704251,way/299704251,,Polyclinique Daah Njiabi,Polyclinique Daah Njiabi,,SOC.SANTE.CLINIQUE,SOC.SANTE.CLINIQUE,,id_osm,,,OSM,9.708637,4.056505
RAPP_001463,2,OSM;HEALTHSITES,True,True,False,way/299769716,way/299769716,,Pharmacie Axiale,Pharmacie Axiale,,SOC.SANTE.PHARMACIE,SOC.SANTE.PHARMACIE,,id_osm,,,OSM,9.718708,4.070771
RAPP_001464,2,OSM;HEALTHSITES,True,True,False,way/299821220,way/299821220,,Pharmacie Gabriel,Pharmacie Gabriel,,SOC.SANTE.PHARMACIE,SOC.SANTE.PHARMACIE,,id_osm,,,OSM,9.72441,4.059498
RAPP_001465,2,OSM;HEALTHSITES,True,True,False,way/299823077,way/299823077,,Centre de Santé,Centre de Santé,,SOC.SANTE.CENTRE,SOC.SANTE.CENTRE,,id_osm,,,OSM,9.724997,4.06842
RAPP_001466,2,OSM;HEALTHSITES,True,True,False,way/299823086,way/299823086,,Centre Médical Camrail,Centre Médical Camrail,,SOC.SANTE.CENTRE,SOC.SANTE.CENTRE,,id_osm,,,OSM,9.725592,4.044959
RAPP_001467,2,OSM;HEALTHSITES,True,True,False,way/299874353,way/299874353,,Centre de Santé Le Flambeau,Centre de Santé Le Flambeau,,SOC.SANTE.CENTRE,SOC.SANTE.CENTRE,,id_osm,,,OSM,9.731061,4.068088
RAPP_001468,2,OSM;HEALTHSITES,True,True,False,way/299875191,way/299875191,,Clinique La Régénérescence,Clinique La Régénérescence,,SOC.SANTE.CLINIQUE,SOC.SANTE.CLINIQUE,,id_osm,,,OSM,9.731583,4.046806
RAPP_001469,2,OSM;HEALTHSITES,True,True,False,way/299876471,way/299876471,,Centre Medical d'Arrondissement,Centre Medical d'Arrondissement,,SOC.SANTE.CENTRE,SOC.SANTE.CENTRE,,id_osm,,,OSM,9.732277,4.019516
RAPP_001470,2,OSM;HEALTHSITES,True,True,False,way/299887223,way/299887223,,Pharmacy Cosmos Sante,Pharmacy Cosmos Sante,,SOC.SANTE.PHARMACIE,SOC.SANTE.PHARMACIE,,id_osm,,,OSM,9.732223,4.046108
RAPP_001471,2,OSM;HEALTHSITES,True,True,False,way/300008634,way/300008634,,Pharmacie de salen,Pharmacie de salen,,SOC.SANTE.PHARMACIE,SOC.SANTE.PHARMACIE,,id_osm,,,OSM,9.736906,4.098411
RAPP_001472,2,OSM;HEALTHSITES,True,True,False,way/300095441,way/300095441,,Clinique la Bassée,Clinique la Bassée,,SOC.SANTE.CLINIQUE,SOC.SANTE.CLINIQUE,,id_osm,,,OSM,9.741355,4.097068
RAPP_001473,2,OSM;HEALTHSITES,True,True,False,way/300103488,way/300103488,,Pharmacie de Rocher,Pharmacie de Rocher,,SOC.SANTE.PHARMACIE,SOC.SANTE.PHARMACIE,,id_osm,,,OSM,9.740873,4.048686
RAPP_001474,2,OSM;HEALTHSITES,True,True,False,way/300148855,way/300148855,,,,,SOC.SANTE.PHARMACIE,SOC.SANTE.PHARMACIE,,id_osm,,,OSM,9.746712,4.081412
RAPP_001475,2,OSM;HEALTHSITES,True,True,False,way/300148952,way/300148952,,Centre de Santé de Nylon Dibom II,Centre de Santé de Nylon Dibom II,,SOC.SANTE.CENTRE,SOC.SANTE.CENTRE,,id_osm,,,OSM,9.747696,4.014078
RAPP_001476,2,OSM;HEALTHSITES,True,True,False,way/300203975,way/300203975,,,,,SOC.SANTE.PHARMACIE,SOC.SANTE.PHARMACIE,,id_osm,,,OSM,9.749538,4.093178
RAPP_001477,2,OSM;HEALTHSITES,True,True,False,way/300204108,way/300204108,,Pharmacie Kotto,Pharmacie Kotto,,SOC.SANTE.PHARMACIE,SOC.SANTE.PHARMACIE,,id_osm,,,OSM,9.749665,4.091792
RAPP_001478,2,OSM;HEALTHSITES,True,True,False,way/300205526,way/300205526,,Centre de Soins de Santé,Centre de Soins de Santé,,SOC.SANTE.CLINIQUE,SOC.SANTE.CLINIQUE,,id_osm,,,OSM,9.749404,3.997702
RAPP_001479,2,OSM;HEALTHSITES,True,True,False,way/300207878,way/300207878,,Centre de Santé,Centre de Santé,,SOC.SANTE.CENTRE,SOC.SANTE.CENTRE,,id_osm,,,OSM,9.748383,4.002363
RAPP_001480,2,OSM;HEALTHSITES,True,True,False,way/300245219,way/300245219,,Clinique Saint Nicolas,Clinique Saint Nicolas,,SOC.SANTE.CLINIQUE,SOC.SANTE.CLINIQUE,,id_osm,,,OSM,9.754845,4.085323
RAPP_001481,2,OSM;HEALTHSITES,True,True,False,way/300246788,way/300246788,,Clinique Saint François,Clinique Saint François,,SOC.SANTE.CLINIQUE,SOC.SANTE.CLINIQUE,,id_osm,,,OSM,9.752222,4.084415
RAPP_001482,2,OSM;HEALTHSITES,True,True,False,way/300247481,way/300247481,,Dispensaire St. Luc,Dispensaire St. Luc,,SOC.SANTE.CENTRE,SOC.SANTE.CENTRE,,id_osm,,,OSM,9.755881,4.006835
RAPP_001483,2,OSM;HEALTHSITES,True,True,False,way/300254860,way/300254860,,Centre Médico Social La Paix,Centre Médico Social La Paix,,SOC.SANTE.CLINIQUE,SOC.SANTE.CLINIQUE,,id_osm,,,OSM,9.752237,4.095448
RAPP_001484,2,OSM;HEALTHSITES,True,True,False,way/300308133,way/300308133,,Centre Médical La Référence,Centre Médical La Référence,,SOC.SANTE.CENTRE,SOC.SANTE.CENTRE,,id_osm,,,OSM,9.756414,4.002865
RAPP_001485,2,OSM;HEALTHSITES,True,True,False,way/300319100,way/300319100,,Clinique Picardie,Clinique Picardie,,SOC.SANTE.CLINIQUE,SOC.SANTE.CLINIQUE,,id_osm,,,OSM,9.756747,4.083117
RAPP_001486,2,OSM;HEALTHSITES,True,True,False,way/300367521,way/300367521,,Pharmacie La Shekinah,Pharmacie La Shekinah,,SOC.SANTE.PHARMACIE,SOC.SANTE.PHARMACIE,,id_osm,,,OSM,9.761923,4.002232
RAPP_001487,2,OSM;HEALTHSITES,True,True,False,way/300367993,way/300367993,,Centre de Santé Polyvalent de Boko,Centre de Santé Polyvalent de Boko,,SOC.SANTE.CENTRE,SOC.SANTE.CENTRE,,id_osm,,,OSM,9.762821,3.992964
RAPP_001488,2,OSM;HEALTHSITES,True,True,False,way/300370962,way/300370962,,Hôpital des soeurs,Hôpital des soeurs,,SOC.SANTE.CLINIQUE,SOC.SANTE.CLINIQUE,,id_osm,,,OSM,9.763133,4.002327
RAPP_001489,2,OSM;HEALTHSITES,True,True,False,way/300373245,way/300373245,,Hôpital De District de la Cité des palmiers,Hôpital De District de la Cité des palmiers,,SOC.SANTE.CLINIQUE,SOC.SANTE.CLINIQUE,,id_osm,,,OSM,9.762001,4.051923
RAPP_001490,2,OSM;HEALTHSITES,True,True,False,way/300387800,way/300387800,,Centre Medical St Michel,Centre Medical St Michel,,SOC.SANTE.CENTRE,SOC.SANTE.CENTRE,,id_osm,,,OSM,9.764929,3.997204
RAPP_001491,2,OSM;HEALTHSITES,True,True,False,way/300397341,way/300397341,,Centre Medico Social Horizon 2035,Centre Medico Social Horizon 2035,,SOC.SANTE.CLINIQUE,SOC.SANTE.CLINIQUE,,id_osm,,,OSM,9.764539,3.996155
RAPP_001492,2,OSM;HEALTHSITES,True,True,False,way/300397727,way/300397727,,Centre de Santé La Passion,Centre de Santé La Passion,,SOC.SANTE.CENTRE,SOC.SANTE.CENTRE,,id_osm,,,OSM,9.765591,3.998199
RAPP_001493,2,OSM;HEALTHSITES,True,True,False,way/300428201,way/300428201,,Hôpital Santa Héléna,Hôpital Santa Héléna,,SOC.SANTE.HOPITAL,SOC.SANTE.HOPITAL,,id_osm,,,OSM,9.782182,4.057471
RAPP_001494,2,OSM;HEALTHSITES,True,True,False,way/300428274,way/300428274,,Centre cabinet de soins Elim,Centre cabinet de soins Elim,,,,,id_osm,,,OSM,9.774605,4.04947
RAPP_001495,2,OSM;HEALTHSITES,True,True,False,way/300469370,way/300469370,,Centre Médical PK13,Centre Médical PK13,,SOC.SANTE.CENTRE,SOC.SANTE.CENTRE,,id_osm,,,OSM,9.792464,4.07357
RAPP_001496,2,OSM;HEALTHSITES,True,True,False,way/300477787,way/300477787,,Pharmacie de La République PK14,Pharmacie de La République PK14,,SOC.SANTE.PHARMACIE,SOC.SANTE.PHARMACIE,,id_osm,,,OSM,9.79347,4.07829
RAPP_001497,2,OSM;HEALTHSITES,True,True,False,way/300477822,way/300477822,,Cabinet de Soins Médicaux l'Expérience,Cabinet de Soins Médicaux l'Expérience,,,,,id_osm,,,OSM,9.790157,4.079055
RAPP_001498,2,OSM;HEALTHSITES,True,True,False,way/300482904,way/300482904,,Ad Lucem Hospital Logbessou,Ad Lucem Hospital Logbessou,,SOC.SANTE.HOPITAL,SOC.SANTE.HOPITAL,,id_osm,,,OSM,9.783795,4.083195
RAPP_001499,2,OSM;HEALTHSITES,True,True,False,way/300502333,way/300502333,,Centre de Santé de Japoma,Centre de Santé de Japoma,,SOC.SANTE.CENTRE,SOC.SANTE.CENTRE,,id_osm,,,OSM,9.805203,4.032804
RAPP_001500,2,OSM;HEALTHSITES,True,True,False,way/301324397,way/301324397,,Centre de Santé de Fegminbang,Centre de Santé de Fegminbang,,SOC.SANTE.CENTRE,SOC.SANTE.CENTRE,,id_osm,,,OSM,11.325309,3.554533
RAPP_001501,2,OSM;HEALTHSITES,True,True,False,way/301577213,way/301577213,,Centre de Santé Médicalisé de Bonendale,Centre de Santé Médicalisé de Bonendale,,SOC.SANTE.CENTRE,SOC.SANTE.CENTRE,,id_osm,,,OSM,9.647544,4.112461
RAPP_001502,2,OSM;HEALTHSITES,True,True,False,way/305191535,way/305191535,,Doctor,Doctor,,SOC.SANTE.CLINIQUE,SOC.SANTE.CLINIQUE,,id_osm,,,OSM,10.145672,5.544187
RAPP_001503,2,OSM;HEALTHSITES,True,True,False,way/307522380,way/307522380,,Centre de Sante Integre de Nassarao,Centre de Sante Integre de Nassarao,,SOC.SANTE.HOPITAL,SOC.SANTE.HOPITAL,,id_osm,,,OSM,13.443722,9.368668
RAPP_001504,2,OSM;HEALTHSITES,True,True,False,way/307522403,way/307522403,,,,,SOC.SANTE.HOPITAL,SOC.SANTE.HOPITAL,,id_osm,,,OSM,13.422103,9.352707
RAPP_001505,2,OSM;HEALTHSITES,True,True,False,way/313420384,way/313420384,,Hôpital Régional de Bertoua,Hôpital Régional de Bertoua,,SOC.SANTE.HOPITAL,SOC.SANTE.HOPITAL,,id_osm,,,OSM,13.697959,4.572849
RAPP_001506,2,OSM;HEALTHSITES,True,True,False,way/315542416,way/315542416,,Centre de Sante Catholique de Ndelele,Centre de Sante Catholique de Ndelele,,SOC.SANTE.CENTRE,SOC.SANTE.CENTRE,,id_osm,,,OSM,14.930819,4.042239
RAPP_001507,2,OSM;HEALTHSITES,True,True,False,way/316960577,way/316960577,,,,,SOC.SANTE.HOPITAL,SOC.SANTE.HOPITAL,,id_osm,,,OSM,14.346178,6.692648
RAPP_001508,2,OSM;HEALTHSITES,True,True,False,way/316960579,way/316960579,,,,,SOC.SANTE.HOPITAL,SOC.SANTE.HOPITAL,,id_osm,,,OSM,14.346351,6.692689
RAPP_001509,2,OSM;HEALTHSITES,True,True,False,way/317906004,way/317906004,,Hôpital de district de Foumban,Hôpital de district de Foumban,,SOC.SANTE.HOPITAL,SOC.SANTE.HOPITAL,,id_osm,,,OSM,10.878494,5.729681
RAPP_001510,2,OSM;HEALTHSITES,True,True,False,way/317918626,way/317918626,,Centre de santé,Centre de santé,,SOC.SANTE.CENTRE,SOC.SANTE.CENTRE,,id_osm,,,OSM,10.088375,6.567131
RAPP_001511,2,OSM;HEALTHSITES,True,True,False,way/319166310,way/319166310,,Centre Médical d'Arrondissement de Bonamoussadi,Centre Médical d'Arrondissement de Bonamoussadi,,SOC.SANTE.CENTRE,SOC.SANTE.CENTRE,,id_osm,,,OSM,9.740499,4.091788
RAPP_001512,2,OSM;HEALTHSITES,True,True,False,way/319166312,way/319166312,,Hôpital Catholique Notre Dame de l'Amour,Hôpital Catholique Notre Dame de l'Amour,,SOC.SANTE.HOPITAL,SOC.SANTE.HOPITAL,,id_osm,,,OSM,9.767779,4.078562
RAPP_001513,2,OSM;HEALTHSITES,True,True,False,way/319166313,way/319166313,,Hôpital Laquintinie,Hôpital Laquintinie,,SOC.SANTE.HOPITAL,SOC.SANTE.HOPITAL,,id_osm,,,OSM,9.703118,4.047895
RAPP_001514,2,OSM;HEALTHSITES,True,True,False,way/319166315,way/319166315,,Hôpital de District de Logbaba,Hôpital de District de Logbaba,,SOC.SANTE.HOPITAL,SOC.SANTE.HOPITAL,,id_osm,,,OSM,9.754045,4.035722
RAPP_001515,2,OSM;HEALTHSITES,True,True,False,way/319166316,way/319166316,,Hôpital de District de Nylon,Hôpital de District de Nylon,,SOC.SANTE.HOPITAL,SOC.SANTE.HOPITAL,,id_osm,,,OSM,9.731605,4.030986
RAPP_001516,2,OSM;HEALTHSITES,True,True,False,way/319166318,way/319166318,,Léproserie de La Dibamba,Léproserie de La Dibamba,,SOC.SANTE.HOPITAL,SOC.SANTE.HOPITAL,,id_osm,,,OSM,9.816663,3.967344
RAPP_001517,2,OSM;HEALTHSITES,True,True,False,way/319166319,way/319166319,,Maternité Saint Paul de Nylon,Maternité Saint Paul de Nylon,,SOC.SANTE.HOPITAL,SOC.SANTE.HOPITAL,,id_osm,,,OSM,9.725449,4.038034
RAPP_001518,2,OSM;HEALTHSITES,True,True,False,way/319166320,way/319166320,,Novel Medical Center,Novel Medical Center,,,,,id_osm,,,OSM,9.665037,4.091105
RAPP_001519,2,OSM;HEALTHSITES,True,True,False,way/320179413,way/320179413,,Hôpital de district,Hôpital de district,,SOC.SANTE.HOPITAL,SOC.SANTE.HOPITAL,,id_osm,,,OSM,10.519473,5.141745
RAPP_001520,2,OSM;HEALTHSITES,True,True,False,way/320784264,way/320784264,,Hôpital de Kaélé,Hôpital de Kaélé,,SOC.SANTE.HOPITAL,SOC.SANTE.HOPITAL,,id_osm,,,OSM,14.447012,10.109209
RAPP_001521,2,OSM;HEALTHSITES,True,True,False,way/320784328,way/320784328,,Hôpital de district de Kaélé,Hôpital de district de Kaélé,,SOC.SANTE.HOPITAL,SOC.SANTE.HOPITAL,,id_osm,,,OSM,14.446322,10.108644
RAPP_001522,2,OSM;HEALTHSITES,True,True,False,way/321997046,way/321997046,,Hôpital de Ndoungue,Hôpital de Ndoungue,,SOC.SANTE.HOPITAL,SOC.SANTE.HOPITAL,,id_osm,,,OSM,9.894427,4.921261
RAPP_001523,2,OSM;HEALTHSITES,True,True,False,way/324955652,way/324955652,,Pharmacie Bafia,Pharmacie Bafia,,SOC.SANTE.PHARMACIE,SOC.SANTE.PHARMACIE,,id_osm,,,OSM,11.22509,4.742171
RAPP_001524,2,OSM;HEALTHSITES,True,True,False,way/325028681,way/325028681,,Centre de Sante Espoir Communautaire,Centre de Sante Espoir Communautaire,,SOC.SANTE.CENTRE,SOC.SANTE.CENTRE,,id_osm,,,OSM,11.227151,4.745583
RAPP_001525,2,OSM;HEALTHSITES,True,True,False,way/325171184,way/325171184,,Dispensaire Cercle Sanitaire,Dispensaire Cercle Sanitaire,,SOC.SANTE.CENTRE,SOC.SANTE.CENTRE,,id_osm,,,OSM,11.207197,4.768495
RAPP_001526,2,OSM;HEALTHSITES,True,True,False,way/325708487,way/325708487,,Centre Médical d'Arrondissement de Nkong-Ni,Centre Médical d'Arrondissement de Nkong-Ni,,SOC.SANTE.HOPITAL,SOC.SANTE.HOPITAL,,id_osm,,,OSM,10.151164,5.493639
RAPP_001527,2,OSM;HEALTHSITES,True,True,False,way/326705489,way/326705489,,Centre de Santé Bon Secours,Centre de Santé Bon Secours,,SOC.SANTE.CENTRE,SOC.SANTE.CENTRE,,id_osm,,,OSM,11.234631,4.748349
RAPP_001528,2,OSM;HEALTHSITES,True,True,False,way/326727004,way/326727004,,Cabinet des Soins Grace Divine,Cabinet des Soins Grace Divine,,SOC.SANTE.HOPITAL,SOC.SANTE.HOPITAL,,id_osm,,,OSM,11.237968,4.752192
RAPP_001529,2,OSM;HEALTHSITES,True,True,False,way/332250158,way/332250158,,Hôpital de district de Bafia,Hôpital de district de Bafia,,SOC.SANTE.HOPITAL,SOC.SANTE.HOPITAL,,id_osm,,,OSM,11.235168,4.755386
RAPP_001530,2,OSM;HEALTHSITES,True,True,False,way/332250159,way/332250159,,Hôpital des Endemies de Bafia,Hôpital des Endemies de Bafia,,SOC.SANTE.HOPITAL,SOC.SANTE.HOPITAL,,id_osm,,,OSM,11.228711,4.758955
RAPP_001531,2,OSM;HEALTHSITES,True,True,False,way/332286297,way/332286297,,Hôpital Annexe de Messangsang,Hôpital Annexe de Messangsang,,SOC.SANTE.HOPITAL,SOC.SANTE.HOPITAL,,id_osm,,,OSM,11.220535,4.736002
RAPP_001532,2,OSM;HEALTHSITES,True,True,False,way/332390869,way/332390869,,Pharmacie AIDA,Pharmacie AIDA,,SOC.SANTE.PHARMACIE,SOC.SANTE.PHARMACIE,,id_osm,,,OSM,11.225191,4.743291
RAPP_001533,2,OSM;HEALTHSITES,True,True,False,way/332508824,way/332508824,,Dispensaire de Gondon,Dispensaire de Gondon,,SOC.SANTE.CENTRE,SOC.SANTE.CENTRE,,id_osm,,,OSM,11.222265,4.74928
RAPP_001534,2,OSM;HEALTHSITES,True,True,False,way/333969460,way/333969460,,Clinique Vincent,Clinique Vincent,,SOC.SANTE.CLINIQUE,SOC.SANTE.CLINIQUE,,id_osm,,,OSM,13.404359,3.568033
RAPP_001535,2,OSM;HEALTHSITES,True,True,False,way/334325838,way/334325838,,Poste d'identification de Mindourou,Poste d'identification de Mindourou,,,,,id_osm,,,OSM,13.404813,3.564012
RAPP_001536,2,OSM;HEALTHSITES,True,True,False,way/334838828,way/334838828,,Mutuelle de Sante,Mutuelle de Sante,,,,,id_osm,,,OSM,13.404772,3.564063
RAPP_001537,2,OSM;HEALTHSITES,True,True,False,way/335533621,way/335533621,,Centr de Sante Integre de Tchollaram,Centr de Sante Integre de Tchollaram,,SOC.SANTE.HOPITAL,SOC.SANTE.HOPITAL,,id_osm,,,OSM,13.563823,9.54992
RAPP_001538,2,OSM;HEALTHSITES,True,True,False,way/336665673,way/336665673,,Buea Regional Hospital,Buea Regional Hospital,,SOC.SANTE.HOPITAL,SOC.SANTE.HOPITAL,,id_osm,,,OSM,9.236491,4.14826
RAPP_001539,2,OSM;HEALTHSITES,True,True,False,way/336665748,way/336665748,,,,,SOC.SANTE.HOPITAL,SOC.SANTE.HOPITAL,,id_osm,,,OSM,9.242072,4.150256
RAPP_001540,2,OSM;HEALTHSITES,True,True,False,way/340539410,way/340539410,,Hôpital Mamfé,Hôpital Mamfé,,SOC.SANTE.HOPITAL,SOC.SANTE.HOPITAL,,id_osm,,,OSM,9.323326,5.745585
RAPP_001541,2,OSM;HEALTHSITES,True,True,False,way/342973854,way/342973854,,Centre de sante de Foneta,Centre de sante de Foneta,,SOC.SANTE.CENTRE,SOC.SANTE.CENTRE,,id_osm,,,OSM,10.071983,5.454506
RAPP_001542,2,OSM;HEALTHSITES,True,True,False,way/345963334,way/345963334,,centre de santé intégré de NKOLMEDZAP,centre de santé intégré de NKOLMEDZAP,,SOC.SANTE.CENTRE,SOC.SANTE.CENTRE,,id_osm,,,OSM,11.265555,3.612596
RAPP_001543,2,OSM;HEALTHSITES,True,True,False,way/345976076,way/345976076,,Centre de Santé Privé de DEKOMBA,Centre de Santé Privé de DEKOMBA,,SOC.SANTE.CENTRE,SOC.SANTE.CENTRE,,id_osm,,,OSM,11.30482,3.58686
RAPP_001544,2,OSM;HEALTHSITES,True,True,False,way/345976083,way/345976083,,Hopital de District de Ngoumou,Hopital de District de Ngoumou,,SOC.SANTE.HOPITAL,SOC.SANTE.HOPITAL,,id_osm,,,OSM,11.303997,3.59498
RAPP_001545,2,OSM;HEALTHSITES,True,True,False,way/346012247,way/346012247,,Clinique le Bon Samaritain,Clinique le Bon Samaritain,,SOC.SANTE.CLINIQUE,SOC.SANTE.CLINIQUE,,id_osm,,,OSM,11.252147,4.606785
RAPP_001546,2,OSM;HEALTHSITES,True,True,False,way/346012248,way/346012248,,Dispensaire Catholique;Dispensaire des soeurs,Dispensaire Catholique;Dispensaire des soeurs,,SOC.SANTE.CENTRE,SOC.SANTE.CENTRE,,id_osm,,,OSM,11.25021,4.608164
RAPP_001547,2,OSM;HEALTHSITES,True,True,False,way/346032479,way/346032479,,Hopital d'Ombessa,Hopital d'Ombessa,,SOC.SANTE.HOPITAL,SOC.SANTE.HOPITAL,,id_osm,,,OSM,11.256116,4.610865
RAPP_001548,2,OSM;HEALTHSITES,True,True,False,way/348537006,way/348537006,,Administratif de l'hopital de district,Administratif de l'hopital de district,,SOC.SANTE.HOPITAL,SOC.SANTE.HOPITAL,,id_osm,,,OSM,12.299176,5.547796
RAPP_001549,2,OSM;HEALTHSITES,True,True,False,way/349167282,way/349167282,,Pro-pharmacie,Pro-pharmacie,,SOC.SANTE.PHARMACIE,SOC.SANTE.PHARMACIE,,id_osm,,,OSM,12.31869,5.540998
RAPP_001550,2,OSM;HEALTHSITES,True,True,False,way/354325082,way/354325082,,Cenre de santé intégré d'Elig-Zogo,Cenre de santé intégré d'Elig-Zogo,,SOC.SANTE.CLINIQUE,SOC.SANTE.CLINIQUE,,id_osm,,,OSM,11.429394,4.372471
RAPP_001551,2,OSM;HEALTHSITES,True,True,False,way/354338125,way/354338125,,Centre santé de Nomayos 1,Centre santé de Nomayos 1,,,,,id_osm,,,OSM,11.449619,3.787903
RAPP_001552,2,OSM;HEALTHSITES,True,True,False,way/354338207,way/354338207,,maternité de Nomayos 1,maternité de Nomayos 1,,,,,id_osm,,,OSM,11.449797,3.78795
RAPP_001553,2,OSM;HEALTHSITES,True,True,False,way/355770531,way/355770531,,Hopital de district de Sa'a,Hopital de district de Sa'a,,SOC.SANTE.HOPITAL,SOC.SANTE.HOPITAL,,id_osm,,,OSM,11.444787,4.36426
RAPP_001554,2,OSM;HEALTHSITES,True,True,False,way/356742114,way/356742114,,Hopital d'arrondissement de Batié,Hopital d'arrondissement de Batié,,SOC.SANTE.HOPITAL,SOC.SANTE.HOPITAL,,id_osm,,,OSM,10.324972,5.316071
RAPP_001555,2,OSM;HEALTHSITES,True,True,False,way/358470133,way/358470133,,Croix Rouge Camerounaise,Croix Rouge Camerounaise,,,,,id_osm,,,OSM,10.889974,5.731754
RAPP_001556,2,OSM;HEALTHSITES,True,True,False,way/362971638,way/362971638,,Centre Médical de Nkapa (PROFAM),Centre Médical de Nkapa (PROFAM),,SOC.SANTE.CENTRE,SOC.SANTE.CENTRE,,id_osm,,,OSM,9.606166,4.221094
RAPP_001557,2,OSM;HEALTHSITES,True,True,False,way/363139902,way/363139902,,Centre de santé de Nkende,Centre de santé de Nkende,,SOC.SANTE.CENTRE,SOC.SANTE.CENTRE,,id_osm,,,OSM,9.607723,4.207809
RAPP_001558,2,OSM;HEALTHSITES,True,True,False,way/363159648,way/363159648,,Centre de santé intégré de Yassem,Centre de santé intégré de Yassem,,SOC.SANTE.CENTRE,SOC.SANTE.CENTRE,,id_osm,,,OSM,9.752382,4.188283
RAPP_001559,2,OSM;HEALTHSITES,True,True,False,way/363164922,way/363164922,,Centre de santé integré de Bomono Gare,Centre de santé integré de Bomono Gare,,SOC.SANTE.CENTRE,SOC.SANTE.CENTRE,,id_osm,,,OSM,9.602808,4.167101
RAPP_001560,2,OSM;HEALTHSITES,True,True,False,way/363191245,way/363191245,,Dispensaire Cebec,Dispensaire Cebec,,SOC.SANTE.CENTRE,SOC.SANTE.CENTRE,,id_osm,,,OSM,9.619151,4.160787
RAPP_001561,2,OSM;HEALTHSITES,True,True,False,way/363286101,way/363286101,,Dispensaire Mission catholique,Dispensaire Mission catholique,,SOC.SANTE.CENTRE,SOC.SANTE.CENTRE,,id_osm,,,OSM,9.592396,4.142774
RAPP_001562,2,OSM;HEALTHSITES,True,True,False,way/363290473,way/363290473,,Centre de sante privé,Centre de sante privé,,SOC.SANTE.CENTRE,SOC.SANTE.CENTRE,,id_osm,,,OSM,9.598945,4.17145
RAPP_001563,2,OSM;HEALTHSITES,True,True,False,way/363306767,way/363306767,,Centre de santé Saint Augustin,Centre de santé Saint Augustin,,SOC.SANTE.CENTRE,SOC.SANTE.CENTRE,,id_osm,,,OSM,9.591468,4.143579
RAPP_001564,2,OSM;HEALTHSITES,True,True,False,way/363331230,way/363331230,,Centre de santé Libération de Bwadibo,Centre de santé Libération de Bwadibo,,SOC.SANTE.CENTRE,SOC.SANTE.CENTRE,,id_osm,,,OSM,9.581884,4.092885
RAPP_001565,2,OSM;HEALTHSITES,True,True,False,way/363342470,way/363342470,,Centre de Santé Intégré de Bekoko,Centre de Santé Intégré de Bekoko,,SOC.SANTE.CENTRE,SOC.SANTE.CENTRE,,id_osm,,,OSM,9.579452,4.114965
RAPP_001566,2,OSM;HEALTHSITES,True,True,False,way/364139738,way/364139738,,Wisdom healthcare center,Wisdom healthcare center,,,,,id_osm,,,OSM,9.622029,4.093429
RAPP_001567,2,OSM;HEALTHSITES,True,True,False,way/365527888,way/365527888,,Centre de santé intégré de Yabea,Centre de santé intégré de Yabea,,SOC.SANTE.CENTRE,SOC.SANTE.CENTRE,,id_osm,,,OSM,9.718296,4.202819
RAPP_001568,2,OSM;HEALTHSITES,True,True,False,way/365665302,way/365665302,,Hopital de district de Melong centre,Hopital de district de Melong centre,,SOC.SANTE.HOPITAL,SOC.SANTE.HOPITAL,,id_osm,,,OSM,9.943695,5.118591
RAPP_001569,2,OSM;HEALTHSITES,True,True,False,way/366304461,way/366304461,,Hospital,Hospital,,SOC.SANTE.HOPITAL,SOC.SANTE.HOPITAL,,id_osm,,,OSM,9.835099,5.369128
RAPP_001570,2,OSM;HEALTHSITES,True,True,False,way/366479393,way/366479393,,Banso Baptist Hospital,Banso Baptist Hospital,,SOC.SANTE.HOPITAL,SOC.SANTE.HOPITAL,,id_osm,,,OSM,10.689486,6.213663
RAPP_001571,2,OSM;HEALTHSITES,True,True,False,way/366479426,way/366479426,,Shishong Hospital,Shishong Hospital,,SOC.SANTE.HOPITAL,SOC.SANTE.HOPITAL,,id_osm,,,OSM,10.692516,6.184481
RAPP_001572,2,OSM;HEALTHSITES,True,True,False,way/366510906,way/366510906,,PMI Kumbo Hospital,PMI Kumbo Hospital,,SOC.SANTE.HOPITAL,SOC.SANTE.HOPITAL,,id_osm,,,OSM,10.675274,6.201703
RAPP_001573,2,OSM;HEALTHSITES,True,True,False,way/368960274,way/368960274,,Hôpital de cardiologie,Hôpital de cardiologie,,SOC.SANTE.HOPITAL,SOC.SANTE.HOPITAL,,id_osm,,,OSM,9.592372,4.120455
RAPP_001574,2,OSM;HEALTHSITES,True,True,False,way/368960675,way/368960675,,Centre de sante integre (Chantier),Centre de sante integre (Chantier),,SOC.SANTE.CENTRE,SOC.SANTE.CENTRE,,id_osm,,,OSM,9.588714,4.134801
RAPP_001575,2,OSM;HEALTHSITES,True,True,False,way/368961236,way/368961236,,Centre de santé integré de Nkapa,Centre de santé integré de Nkapa,,SOC.SANTE.CENTRE,SOC.SANTE.CENTRE,,id_osm,,,OSM,9.609474,4.210759
RAPP_001576,2,OSM;HEALTHSITES,True,True,False,way/368961365,way/368961365,,Hôpital de District de Dibombari - MINSANTE,Hôpital de District de Dibombari - MINSANTE,,SOC.SANTE.HOPITAL,SOC.SANTE.HOPITAL,,id_osm,,,OSM,9.655385,4.186965
RAPP_001577,2,OSM;HEALTHSITES,True,True,False,way/368962116,way/368962116,,Centre de santé de Yamikoki,Centre de santé de Yamikoki,,SOC.SANTE.CENTRE,SOC.SANTE.CENTRE,,id_osm,,,OSM,9.675051,4.178878
RAPP_001578,2,OSM;HEALTHSITES,True,True,False,way/369656044,way/369656044,,Yunfanyi medical clinic,Yunfanyi medical clinic,,SOC.SANTE.CLINIQUE,SOC.SANTE.CLINIQUE,,id_osm,,,OSM,9.213446,4.008898
RAPP_001579,2,OSM;HEALTHSITES,True,True,False,way/369869708,way/369869708,,A& H Medical Foundation,A& H Medical Foundation,,SOC.SANTE.HOPITAL,SOC.SANTE.HOPITAL,,id_osm,,,OSM,9.193064,4.029967
RAPP_001580,2,OSM;HEALTHSITES,True,True,False,way/370010239,way/370010239,,Rainbow Chemist Limited,Rainbow Chemist Limited,,SOC.SANTE.PHARMACIE,SOC.SANTE.PHARMACIE,,id_osm,,,OSM,9.20783,4.012779
RAPP_001581,2,OSM;HEALTHSITES,True,True,False,way/370010354,way/370010354,,Balm of Gilead Health Center,Balm of Gilead Health Center,,SOC.SANTE.CENTRE,SOC.SANTE.CENTRE,,id_osm,,,OSM,9.20797,4.011333
RAPP_001582,2,OSM;HEALTHSITES,True,True,False,way/370875882,way/370875882,,Dr DEWAH & BROS,Dr DEWAH & BROS,,SOC.SANTE.CLINIQUE,SOC.SANTE.CLINIQUE,,id_osm,,,OSM,9.216658,4.011582
RAPP_001583,2,OSM;HEALTHSITES,True,True,False,way/370876135,way/370876135,,Nightingale,Nightingale,,SOC.SANTE.CLINIQUE,SOC.SANTE.CLINIQUE,,id_osm,,,OSM,9.215648,4.010588
RAPP_001584,2,OSM;HEALTHSITES,True,True,False,way/371339409,way/371339409,,Chimed-Cam,Chimed-Cam,,SOC.SANTE.CLINIQUE,SOC.SANTE.CLINIQUE,,id_osm,,,OSM,9.217795,4.013142
RAPP_001585,2,OSM;HEALTHSITES,True,True,False,way/371359202,way/371359202,,Holiday Family Foundation clinic,Holiday Family Foundation clinic,,SOC.SANTE.CLINIQUE,SOC.SANTE.CLINIQUE,,id_osm,,,OSM,9.212978,4.018031
RAPP_001586,2,OSM;HEALTHSITES,True,True,False,way/371370681,way/371370681,,Limbe Pharmacy,Limbe Pharmacy,,SOC.SANTE.PHARMACIE,SOC.SANTE.PHARMACIE,,id_osm,,,OSM,9.209072,4.020626
RAPP_001587,2,OSM;HEALTHSITES,True,True,False,way/371370682,way/371370682,,Desteny Pharmacy,Desteny Pharmacy,,SOC.SANTE.PHARMACIE,SOC.SANTE.PHARMACIE,,id_osm,,,OSM,9.209618,4.021776
RAPP_001588,2,OSM;HEALTHSITES,True,True,False,way/372730708,way/372730708,,,,,SOC.SANTE.HOPITAL,SOC.SANTE.HOPITAL,,id_osm,,,OSM,10.416833,5.481527
RAPP_001589,2,OSM;HEALTHSITES,True,True,False,way/372811088,way/372811088,,Centre de sante de l'horizon,Centre de sante de l'horizon,,SOC.SANTE.CENTRE,SOC.SANTE.CENTRE,,id_osm,,,OSM,10.443426,5.455854
RAPP_001590,2,OSM;HEALTHSITES,True,True,False,way/372956626,way/372956626,,Pharmacie des Martyrs,Pharmacie des Martyrs,,SOC.SANTE.PHARMACIE,SOC.SANTE.PHARMACIE,,id_osm,,,OSM,10.416742,5.477798
RAPP_001591,2,OSM;HEALTHSITES,True,True,False,way/372956835,way/372956835,,Pharmacie des Martyrs,Pharmacie des Martyrs,,SOC.SANTE.PHARMACIE,SOC.SANTE.PHARMACIE,,id_osm,,,OSM,10.415214,5.478593
RAPP_001592,2,OSM;HEALTHSITES,True,True,False,way/372975478,way/372975478,,Pharmacie la grace,Pharmacie la grace,,SOC.SANTE.PHARMACIE,SOC.SANTE.PHARMACIE,,id_osm,,,OSM,10.422896,5.480178
RAPP_001593,2,OSM;HEALTHSITES,True,True,False,way/374457017,way/374457017,,Hopital de district d'Eséka,Hopital de district d'Eséka,,SOC.SANTE.HOPITAL,SOC.SANTE.HOPITAL,,id_osm,,,OSM,10.77415,3.646918
RAPP_001594,2,OSM;HEALTHSITES,True,True,False,way/375109987,way/375109987,,Hôpital Gynéco-Obstétrique et Pédiatrique de Douala,Hôpital Gynéco-Obstétrique et Pédiatrique de Douala,,SOC.SANTE.HOPITAL,SOC.SANTE.HOPITAL,,id_osm,,,OSM,9.797016,3.989433
RAPP_001595,2,OSM;HEALTHSITES,True,True,False,way/375314670,way/375314670,,Centre bde Santé de Guydouar,Centre bde Santé de Guydouar,,SOC.SANTE.CLINIQUE,SOC.SANTE.CLINIQUE,,id_osm,,,OSM,15.087638,10.572208
RAPP_001596,2,OSM;HEALTHSITES,True,True,False,way/375323832,way/375323832,,Centre de Santé de Gobio,Centre de Santé de Gobio,,SOC.SANTE.CENTRE,SOC.SANTE.CENTRE,,id_osm,,,OSM,14.996079,10.380258
RAPP_001597,2,OSM;HEALTHSITES,True,True,False,way/375681740,way/375681740,,Health center,Health center,,SOC.SANTE.CENTRE,SOC.SANTE.CENTRE,,id_osm,,,OSM,9.245866,4.114024
RAPP_001598,2,OSM;HEALTHSITES,True,True,False,way/377856655,way/377856655,,Hôptial de District,Hôptial de District,,SOC.SANTE.HOPITAL,SOC.SANTE.HOPITAL,,id_osm,,,OSM,10.329113,5.388912
RAPP_001599,2,OSM;HEALTHSITES,True,True,False,way/379680811,way/379680811,,Centre de Santel de Douloumie,Centre de Santel de Douloumie,,SOC.SANTE.HOPITAL,SOC.SANTE.HOPITAL,,id_osm,,,OSM,13.654326,9.206889
RAPP_001600,2,OSM;HEALTHSITES,True,True,False,way/381189838,way/381189838,,Centre de Radiologie et d'Imagerie Medicale de l'Ouest,Centre de Radiologie et d'Imagerie Medicale de l'Ouest,,SOC.SANTE.CLINIQUE,SOC.SANTE.CLINIQUE,,id_osm,,,OSM,10.42978,5.455667
RAPP_001601,2,OSM;HEALTHSITES,True,True,False,way/384479420,way/384479420,,Pharmacie la vision,Pharmacie la vision,,SOC.SANTE.PHARMACIE,SOC.SANTE.PHARMACIE,,id_osm,,,OSM,10.416143,5.480077
RAPP_001602,2,OSM;HEALTHSITES,True,True,False,way/384822849,way/384822849,,Pharmacie pierre Moyo,Pharmacie pierre Moyo,,SOC.SANTE.PHARMACIE,SOC.SANTE.PHARMACIE,,id_osm,,,OSM,10.418962,5.47818
RAPP_001603,2,OSM;HEALTHSITES,True,True,False,way/384964681,way/384964681,,Pharmacie du Benin,Pharmacie du Benin,,SOC.SANTE.PHARMACIE,SOC.SANTE.PHARMACIE,,id_osm,,,OSM,10.413568,5.480018
RAPP_001604,2,OSM;HEALTHSITES,True,True,False,way/384964746,way/384964746,,Nouvele Pharmacie du Benin,Nouvele Pharmacie du Benin,,SOC.SANTE.PHARMACIE,SOC.SANTE.PHARMACIE,,id_osm,,,OSM,10.413692,5.479894
RAPP_001605,2,OSM;HEALTHSITES,True,True,False,way/385137757,way/385137757,,Pharmacie des Acacias,Pharmacie des Acacias,,SOC.SANTE.PHARMACIE,SOC.SANTE.PHARMACIE,,id_osm,,,OSM,11.487953,3.841247
RAPP_001606,2,OSM;HEALTHSITES,True,True,False,way/385233868,way/385233868,,Centre de Santé la Prudence,Centre de Santé la Prudence,,SOC.SANTE.CENTRE,SOC.SANTE.CENTRE,,id_osm,,,OSM,10.438125,5.457966
RAPP_001607,2,OSM;HEALTHSITES,True,True,False,way/385279814,way/385279814,,Centre de Santé humanitaire de Batoukop,Centre de Santé humanitaire de Batoukop,,SOC.SANTE.CENTRE,SOC.SANTE.CENTRE,,id_osm,,,OSM,10.476509,5.474321
RAPP_001608,2,OSM;HEALTHSITES,True,True,False,way/385427762,way/385427762,,Cabinet de Soins les Beatitudes,Cabinet de Soins les Beatitudes,,,,,id_osm,,,OSM,10.452151,5.482312
RAPP_001609,2,OSM;HEALTHSITES,True,True,False,way/385490934,way/385490934,,Centre de Santé Intégré de Bamendzi III,Centre de Santé Intégré de Bamendzi III,,SOC.SANTE.CENTRE,SOC.SANTE.CENTRE,,id_osm,,,OSM,10.457483,5.480268
RAPP_001610,2,OSM;HEALTHSITES,True,True,False,way/386522027,way/386522027,,Baptist Hospital Mutengene,Baptist Hospital Mutengene,,SOC.SANTE.HOPITAL,SOC.SANTE.HOPITAL,,id_osm,,,OSM,9.311616,4.088725
RAPP_001611,2,OSM;HEALTHSITES,True,True,False,way/386860089,way/386860089,,Maternity,Maternity,,SOC.SANTE.CLINIQUE,SOC.SANTE.CLINIQUE,,id_osm,,,OSM,9.315242,4.094408
RAPP_001612,2,OSM;HEALTHSITES,True,True,False,way/392471519,way/392471519,,Centre de Santé Intégré Catholique Saint Jacques de Minkama,Centre de Santé Intégré Catholique Saint Jacques de Minkama,,SOC.SANTE.CENTRE,SOC.SANTE.CENTRE,,id_osm,,,OSM,11.541189,4.173821
RAPP_001613,2,OSM;HEALTHSITES,True,True,False,way/392598424,way/392598424,,clinic saint constant,clinic saint constant,,SOC.SANTE.CLINIQUE,SOC.SANTE.CLINIQUE,,id_osm,,,OSM,10.04602,5.433624
RAPP_001614,2,OSM;HEALTHSITES,True,True,False,way/392607893,way/392607893,,Centre de Santé,Centre de Santé,,SOC.SANTE.CENTRE,SOC.SANTE.CENTRE,,id_osm,,,OSM,10.281242,5.60455
RAPP_001615,2,OSM;HEALTHSITES,True,True,False,way/392645049,way/392645049,,Centre de santé Intégré de Thuilekouet,Centre de santé Intégré de Thuilekouet,,SOC.SANTE.CENTRE,SOC.SANTE.CENTRE,,id_osm,,,OSM,10.150138,5.556183
RAPP_001616,2,OSM;HEALTHSITES,True,True,False,way/392647445,way/392647445,,prestige kembou toutsang,prestige kembou toutsang,,,,,id_osm,,,OSM,10.065195,5.432102
RAPP_001617,2,OSM;HEALTHSITES,True,True,False,way/394553910,way/394553910,,cabinet de soin de Fomelie,cabinet de soin de Fomelie,,SOC.SANTE.CLINIQUE,SOC.SANTE.CLINIQUE,,id_osm,,,OSM,10.167493,5.553528
RAPP_001618,2,OSM;HEALTHSITES,True,True,False,way/394596554,way/394596554,,Centre de Soins Palliatifs et de Maladies de Lafe,Centre de Soins Palliatifs et de Maladies de Lafe,,SOC.SANTE.HOPITAL,SOC.SANTE.HOPITAL,,id_osm,,,OSM,10.391228,5.510447
RAPP_001619,2,OSM;HEALTHSITES,True,True,False,way/394639570,way/394639570,,Centre medico chirurgical maetur,Centre medico chirurgical maetur,,SOC.SANTE.HOPITAL,SOC.SANTE.HOPITAL,,id_osm,,,OSM,10.431763,5.495419
RAPP_001620,2,OSM;HEALTHSITES,True,True,False,way/394674603,way/394674603,,Hôpital Saint Vincent de Paul,Hôpital Saint Vincent de Paul,,SOC.SANTE.HOPITAL,SOC.SANTE.HOPITAL,,id_osm,,,OSM,10.04672,5.457804
RAPP_001621,2,OSM;HEALTHSITES,True,True,False,way/395168754,way/395168754,,Centre de santé Intégré de Bangang,Centre de santé Intégré de Bangang,,SOC.SANTE.CENTRE,SOC.SANTE.CENTRE,,id_osm,,,OSM,10.165969,5.569733
RAPP_001622,2,OSM;HEALTHSITES,True,True,False,way/395447253,way/395447253,,Pharmacie SALVIA,Pharmacie SALVIA,,SOC.SANTE.PHARMACIE,SOC.SANTE.PHARMACIE,,id_osm,,,OSM,10.405681,5.489451
RAPP_001623,2,OSM;HEALTHSITES,True,True,False,way/395447479,way/395447479,,Centre Medical de TYO-Ville,Centre Medical de TYO-Ville,,SOC.SANTE.HOPITAL,SOC.SANTE.HOPITAL,,id_osm,,,OSM,10.409151,5.48778
RAPP_001624,2,OSM;HEALTHSITES,True,True,False,way/395465452,way/395465452,,Pharmacie du Marché B,Pharmacie du Marché B,,SOC.SANTE.PHARMACIE,SOC.SANTE.PHARMACIE,,id_osm,,,OSM,10.409112,5.485997
RAPP_001625,2,OSM;HEALTHSITES,True,True,False,way/395548793,way/395548793,,CSI Banza,CSI Banza,,SOC.SANTE.CENTRE,SOC.SANTE.CENTRE,,id_osm,,,OSM,10.144711,5.520598
RAPP_001626,2,OSM;HEALTHSITES,True,True,False,way/396167843,way/396167843,,Centre de santé La Source,Centre de santé La Source,,SOC.SANTE.CENTRE,SOC.SANTE.CENTRE,,id_osm,,,OSM,10.179272,5.509774
RAPP_001627,2,OSM;HEALTHSITES,True,True,False,way/399452714,way/399452714,,La référence Boîte à Pharmacie du Marche du MIL,La référence Boîte à Pharmacie du Marche du MIL,,SOC.SANTE.PHARMACIE,SOC.SANTE.PHARMACIE,,id_osm,,,OSM,15.030934,12.070828
RAPP_001628,2,OSM;HEALTHSITES,True,True,False,way/399644422,way/399644422,,Pharmacie Al Salama,Pharmacie Al Salama,,SOC.SANTE.PHARMACIE,SOC.SANTE.PHARMACIE,,id_osm,,,OSM,15.028088,12.087233
RAPP_001629,2,OSM;HEALTHSITES,True,True,False,way/399645539,way/399645539,,Pharmacie Al Maraz,Pharmacie Al Maraz,,SOC.SANTE.PHARMACIE,SOC.SANTE.PHARMACIE,,id_osm,,,OSM,15.026029,12.084755
RAPP_001630,2,OSM;HEALTHSITES,True,True,False,way/399645633,way/399645633,,Tienschinecam,Tienschinecam,,SOC.SANTE.CLINIQUE,SOC.SANTE.CLINIQUE,,id_osm,,,OSM,15.022896,12.090805
RAPP_001631,2,OSM;HEALTHSITES,True,True,False,way/399651865,way/399651865,,Association Sociale pour la Réadaptation et le sions de Jeunes,Association Sociale pour la Réadaptation et le sions de Jeunes,,SOC.SANTE.PHARMACIE,SOC.SANTE.PHARMACIE,,id_osm,,,OSM,15.026041,12.075317
RAPP_001632,2,OSM;HEALTHSITES,True,True,False,way/399689744,way/399689744,,Infirmerie de Garnison du 41eme Bataillon infanterie motorisée,Infirmerie de Garnison du 41eme Bataillon infanterie motorisée,,SOC.SANTE.HOPITAL,SOC.SANTE.HOPITAL,,id_osm,,,OSM,14.999425,12.090642
RAPP_001633,2,OSM;HEALTHSITES,True,True,False,way/399897851,way/399897851,,Pharmacie du Quartier,Pharmacie du Quartier,,SOC.SANTE.PHARMACIE,SOC.SANTE.PHARMACIE,,id_osm,,,OSM,15.034412,12.078113
RAPP_001634,2,OSM;HEALTHSITES,True,True,False,way/399898401,way/399898401,,Association Sociale pour la Réadaptation et le Sions de Jeunes,Association Sociale pour la Réadaptation et le Sions de Jeunes,,SOC.SANTE.PHARMACIE,SOC.SANTE.PHARMACIE,,id_osm,,,OSM,15.029638,12.078083
RAPP_001635,2,OSM;HEALTHSITES,True,True,False,way/399904651,way/399904651,,Centre Thérapeutique Nature & Vie sans Frontières,Centre Thérapeutique Nature & Vie sans Frontières,,,,,id_osm,,,OSM,15.032447,12.075488
RAPP_001636,2,OSM;HEALTHSITES,True,True,False,way/399960632,way/399960632,,Fondation Sociale Solidarité,Fondation Sociale Solidarité,,SOC.SANTE.HOPITAL,SOC.SANTE.HOPITAL,,id_osm,,,OSM,14.321613,10.592051
RAPP_001637,2,OSM;HEALTHSITES,True,True,False,way/399985782,way/399985782,,Centre de Santé Intégrée de PALAR,Centre de Santé Intégrée de PALAR,,SOC.SANTE.HOPITAL,SOC.SANTE.HOPITAL,,id_osm,,,OSM,14.281218,10.602285
RAPP_001638,2,OSM;HEALTHSITES,True,True,False,way/403273769,way/403273769,,Bamenda Regional Hospital,Bamenda Regional Hospital,,SOC.SANTE.HOPITAL,SOC.SANTE.HOPITAL,,id_osm,,,OSM,10.14399,5.955687
RAPP_001639,2,OSM;HEALTHSITES,True,True,False,way/403474992,way/403474992,,Hôpital de Meskine,Hôpital de Meskine,,SOC.SANTE.HOPITAL,SOC.SANTE.HOPITAL,,id_osm,,,OSM,14.252991,10.560955
RAPP_001640,2,OSM;HEALTHSITES,True,True,False,way/407736956,way/407736956,,Hôpital de District d'Abong Mbang,Hôpital de District d'Abong Mbang,,SOC.SANTE.HOPITAL,SOC.SANTE.HOPITAL,,id_osm,,,OSM,13.190488,3.9807
RAPP_001641,2,OSM;HEALTHSITES,True,True,False,way/407737970,way/407737970,,INDUSTRIES CHIMIQUES ET FABRICATION DE PRODUITS CHIMIQUES,INDUSTRIES CHIMIQUES ET FABRICATION DE PRODUITS CHIMIQUES,,SOC.SANTE.PHARMACIE,SOC.SANTE.PHARMACIE,,id_osm,,,OSM,13.178187,3.986733
RAPP_001642,2,OSM;HEALTHSITES,True,True,False,way/409970886,way/409970886,,Pharmacie de Ndobo,Pharmacie de Ndobo,,SOC.SANTE.PHARMACIE,SOC.SANTE.PHARMACIE,,id_osm,,,OSM,9.643002,4.094397
RAPP_001643,2,OSM;HEALTHSITES,True,True,False,way/409973322,way/409973322,,Hôpital Protestant Bonaberi CEBEC,Hôpital Protestant Bonaberi CEBEC,,SOC.SANTE.HOPITAL,SOC.SANTE.HOPITAL,,id_osm,,,OSM,9.653039,4.093877
RAPP_001644,2,OSM;HEALTHSITES,True,True,False,way/410014241,way/410014241,,POLYCLINIQUE INNOV'A,POLYCLINIQUE INNOV'A,,SOC.SANTE.CLINIQUE,SOC.SANTE.CLINIQUE,,id_osm,,,OSM,11.526007,3.800745
RAPP_001645,2,OSM;HEALTHSITES,True,True,False,way/410018407,way/410018407,,UBI PHARM,UBI PHARM,,SOC.SANTE.PHARMACIE,SOC.SANTE.PHARMACIE,,id_osm,,,OSM,11.510001,3.817119
RAPP_001646,2,OSM;HEALTHSITES,True,True,False,way/410034588,way/410034588,,PHARMACIE CARREFOUR PK11,PHARMACIE CARREFOUR PK11,,SOC.SANTE.PHARMACIE,SOC.SANTE.PHARMACIE,,id_osm,,,OSM,9.776753,4.051089
RAPP_001647,2,OSM;HEALTHSITES,True,True,False,way/410035724,way/410035724,,Dispensaire et Maternité Sainte Rita,Dispensaire et Maternité Sainte Rita,,SOC.SANTE.CENTRE,SOC.SANTE.CENTRE,,id_osm,,,OSM,9.767644,4.046215
RAPP_001648,2,OSM;HEALTHSITES,True,True,False,way/410217040,way/410217040,,UBI PHARM,UBI PHARM,,SOC.SANTE.PHARMACIE,SOC.SANTE.PHARMACIE,,id_osm,,,OSM,9.735911,4.034374
RAPP_001649,2,OSM;HEALTHSITES,True,True,False,way/410232320,way/410232320,,Laboratoire d'analyse médicale du centre,Laboratoire d'analyse médicale du centre,,SOC.SANTE.CLINIQUE,SOC.SANTE.CLINIQUE,,id_osm,,,OSM,11.520224,3.854871
RAPP_001650,2,OSM;HEALTHSITES,True,True,False,way/410232321,way/410232321,,Pharmacie XAVYO,Pharmacie XAVYO,,SOC.SANTE.PHARMACIE,SOC.SANTE.PHARMACIE,,id_osm,,,OSM,11.520094,3.854698
RAPP_001651,2,OSM;HEALTHSITES,True,True,False,way/410236396,way/410236396,,Hôpital de la CASS,Hôpital de la CASS,,SOC.SANTE.HOPITAL,SOC.SANTE.HOPITAL,,id_osm,,,OSM,11.536092,3.858214
RAPP_001652,2,OSM;HEALTHSITES,True,True,False,way/410241002,way/410241002,,Pharmacie Camerounaise,Pharmacie Camerounaise,,SOC.SANTE.PHARMACIE,SOC.SANTE.PHARMACIE,,id_osm,,,OSM,11.521439,3.862909
RAPP_001653,2,OSM;HEALTHSITES,True,True,False,way/410257559,way/410257559,,Pharmacie Olympique,Pharmacie Olympique,,SOC.SANTE.PHARMACIE,SOC.SANTE.PHARMACIE,,id_osm,,,OSM,9.702259,4.059915
RAPP_001654,2,OSM;HEALTHSITES,True,True,False,way/415524026,way/415524026,,Centre de Santé Intégrée de Amchediré,Centre de Santé Intégrée de Amchediré,,SOC.SANTE.HOPITAL,SOC.SANTE.HOPITAL,,id_osm,,,OSM,15.025347,12.061941
RAPP_001655,2,OSM;HEALTHSITES,True,True,False,way/415524042,way/415524042,,Centre de Santé Intégré Urbain de Kousseri,Centre de Santé Intégré Urbain de Kousseri,,SOC.SANTE.HOPITAL,SOC.SANTE.HOPITAL,,id_osm,,,OSM,15.04974,12.064715
RAPP_001656,2,OSM;HEALTHSITES,True,True,False,way/415528002,way/415528002,,Centre de Santé Intégrée de PARPAR,Centre de Santé Intégrée de PARPAR,,SOC.SANTE.HOPITAL,SOC.SANTE.HOPITAL,,id_osm,,,OSM,15.03116,12.07258
RAPP_001657,2,OSM;HEALTHSITES,True,True,False,way/415528003,way/415528003,,Centre de Soin,Centre de Soin,,SOC.SANTE.HOPITAL,SOC.SANTE.HOPITAL,,id_osm,,,OSM,15.0256,12.075118
RAPP_001658,2,OSM;HEALTHSITES,True,True,False,way/415528004,way/415528004,,Centre de santé privé Islamique,Centre de santé privé Islamique,,SOC.SANTE.HOPITAL,SOC.SANTE.HOPITAL,,id_osm,,,OSM,15.023178,12.077672
RAPP_001659,2,OSM;HEALTHSITES,True,True,False,way/415528005,way/415528005,,Hôpital Catholique de Madagascar,Hôpital Catholique de Madagascar,,SOC.SANTE.HOPITAL,SOC.SANTE.HOPITAL,,id_osm,,,OSM,15.027702,12.100147
RAPP_001660,2,OSM;HEALTHSITES,True,True,False,way/415528006,way/415528006,,Hôpital Regional Annexe de Kousséri,Hôpital Regional Annexe de Kousséri,,SOC.SANTE.HOPITAL,SOC.SANTE.HOPITAL,,id_osm,,,OSM,15.032996,12.091159
RAPP_001661,2,OSM;HEALTHSITES,True,True,False,way/415528007,way/415528007,,Hôpital de District de Kousséri,Hôpital de District de Kousséri,,SOC.SANTE.HOPITAL,SOC.SANTE.HOPITAL,,id_osm,,,OSM,15.032531,12.090674
RAPP_001662,2,OSM;HEALTHSITES,True,True,False,way/415528008,way/415528008,,Médecins Sans Frontières,Médecins Sans Frontières,,SOC.SANTE.HOPITAL,SOC.SANTE.HOPITAL,,id_osm,,,OSM,15.028016,12.100181
RAPP_001663,2,OSM;HEALTHSITES,True,True,False,way/416933638,way/416933638,,Pharmacie de domayo,Pharmacie de domayo,,SOC.SANTE.PHARMACIE,SOC.SANTE.PHARMACIE,,id_osm,,,OSM,14.310642,10.591183
RAPP_001664,2,OSM;HEALTHSITES,True,True,False,way/416948038,way/416948038,,Pharmacie Ferngo,Pharmacie Ferngo,,SOC.SANTE.PHARMACIE,SOC.SANTE.PHARMACIE,,id_osm,,,OSM,14.314833,10.594589
RAPP_001665,2,OSM;HEALTHSITES,True,True,False,way/417500699,way/417500699,,Cabinet d'optique medicale de Maroua,Cabinet d'optique medicale de Maroua,,,,,id_osm,,,OSM,14.321168,10.594405
RAPP_001666,2,OSM;HEALTHSITES,True,True,False,way/417500711,way/417500711,,Pharmacie du Boulevard,Pharmacie du Boulevard,,SOC.SANTE.PHARMACIE,SOC.SANTE.PHARMACIE,,id_osm,,,OSM,14.321841,10.594132
RAPP_001667,2,OSM;HEALTHSITES,True,True,False,way/417508592,way/417508592,,Pharmacie du Sahel,Pharmacie du Sahel,,SOC.SANTE.PHARMACIE,SOC.SANTE.PHARMACIE,,id_osm,,,OSM,14.330507,10.595329
RAPP_001668,2,OSM;HEALTHSITES,True,True,False,way/417527996,way/417527996,,Pharmacie EMERAUDE,Pharmacie EMERAUDE,,SOC.SANTE.PHARMACIE,SOC.SANTE.PHARMACIE,,id_osm,,,OSM,14.321595,10.601359
RAPP_001669,2,OSM;HEALTHSITES,True,True,False,way/417527997,way/417527997,,Pharmacie EMERAUDE,Pharmacie EMERAUDE,,SOC.SANTE.PHARMACIE,SOC.SANTE.PHARMACIE,,id_osm,,,OSM,14.321475,10.600921
RAPP_001670,2,OSM;HEALTHSITES,True,True,False,way/417527998,way/417527998,,Pharmacie KALIAO,Pharmacie KALIAO,,SOC.SANTE.PHARMACIE,SOC.SANTE.PHARMACIE,,id_osm,,,OSM,14.317777,10.599737
RAPP_001671,2,OSM;HEALTHSITES,True,True,False,way/417579446,way/417579446,,Pharmacie Masseboeuf,Pharmacie Masseboeuf,,SOC.SANTE.PHARMACIE,SOC.SANTE.PHARMACIE,,id_osm,,,OSM,14.325871,10.605015
RAPP_001672,2,OSM;HEALTHSITES,True,True,False,way/417579447,way/417579447,,Pharmacie de lextrème nord,Pharmacie de lextrème nord,,SOC.SANTE.PHARMACIE,SOC.SANTE.PHARMACIE,,id_osm,,,OSM,14.329133,10.603375
RAPP_001673,2,OSM;HEALTHSITES,True,True,False,way/417617546,way/417617546,,Pharmacie de Maroua,Pharmacie de Maroua,,SOC.SANTE.PHARMACIE,SOC.SANTE.PHARMACIE,,id_osm,,,OSM,14.336162,10.601326
RAPP_001674,2,OSM;HEALTHSITES,True,True,False,way/417617548,way/417617548,,Pharmacie du Centre,Pharmacie du Centre,,SOC.SANTE.PHARMACIE,SOC.SANTE.PHARMACIE,,id_osm,,,OSM,14.33438,10.605619
RAPP_001675,2,OSM;HEALTHSITES,True,True,False,way/417923938,way/417923938,,Cabinet dentaire le Cactus,Cabinet dentaire le Cactus,,,,,id_osm,,,OSM,14.298226,10.583078
RAPP_001676,2,OSM;HEALTHSITES,True,True,False,way/417923940,way/417923940,,Centre de Santé Intégré de Wouro tchédé,Centre de Santé Intégré de Wouro tchédé,,SOC.SANTE.HOPITAL,SOC.SANTE.HOPITAL,,id_osm,,,OSM,14.282462,10.580678
RAPP_001677,2,OSM;HEALTHSITES,True,True,False,way/417923942,way/417923942,,Centre de Santé Intégré domayo,Centre de Santé Intégré domayo,,SOC.SANTE.HOPITAL,SOC.SANTE.HOPITAL,,id_osm,,,OSM,14.308998,10.593691
RAPP_001678,2,OSM;HEALTHSITES,True,True,False,way/417923944,way/417923944,,Centre de Santé Intégrée de MAKABAYE,Centre de Santé Intégrée de MAKABAYE,,SOC.SANTE.HOPITAL,SOC.SANTE.HOPITAL,,id_osm,,,OSM,14.301263,10.574236
RAPP_001679,2,OSM;HEALTHSITES,True,True,False,way/417923945,way/417923945,,Centre de Santé Intégrée de Makabaye,Centre de Santé Intégrée de Makabaye,,SOC.SANTE.HOPITAL,SOC.SANTE.HOPITAL,,id_osm,,,OSM,14.30026,10.575938
RAPP_001680,2,OSM;HEALTHSITES,True,True,False,way/417923946,way/417923946,,Centre de santé de MESKINE,Centre de santé de MESKINE,,SOC.SANTE.HOPITAL,SOC.SANTE.HOPITAL,,id_osm,,,OSM,14.260304,10.560954
RAPP_001681,2,OSM;HEALTHSITES,True,True,False,way/417923947,way/417923947,,Centre de santé de Salak,Centre de santé de Salak,,SOC.SANTE.HOPITAL,SOC.SANTE.HOPITAL,,id_osm,,,OSM,14.237799,10.452735
RAPP_001682,2,OSM;HEALTHSITES,True,True,False,way/417923948,way/417923948,,Centre de santé intégré de Katoual,Centre de santé intégré de Katoual,,SOC.SANTE.HOPITAL,SOC.SANTE.HOPITAL,,id_osm,,,OSM,14.202789,10.521804
RAPP_001683,2,OSM;HEALTHSITES,True,True,False,way/417923949,way/417923949,,Centre de santé privée catholique de domayo,Centre de santé privée catholique de domayo,,SOC.SANTE.HOPITAL,SOC.SANTE.HOPITAL,,id_osm,,,OSM,14.314446,10.589672
RAPP_001684,2,OSM;HEALTHSITES,True,True,False,way/417923951,way/417923951,,Centre des handicapés,Centre des handicapés,,SOC.SANTE.HOPITAL,SOC.SANTE.HOPITAL,,id_osm,,,OSM,14.278759,10.590676
RAPP_001685,2,OSM;HEALTHSITES,True,True,False,way/417923953,way/417923953,,Centre medico-social de Maroua,Centre medico-social de Maroua,,SOC.SANTE.HOPITAL,SOC.SANTE.HOPITAL,,id_osm,,,OSM,14.315583,10.591435
RAPP_001686,2,OSM;HEALTHSITES,True,True,False,way/417923955,way/417923955,,Clinique Charite,Clinique Charite,,SOC.SANTE.CLINIQUE,SOC.SANTE.CLINIQUE,,id_osm,,,OSM,14.276375,10.575132
RAPP_001687,2,OSM;HEALTHSITES,True,True,False,way/417923958,way/417923958,,Croix rouge,Croix rouge,,SOC.SANTE.HOPITAL,SOC.SANTE.HOPITAL,,id_osm,,,OSM,14.308396,10.592784
RAPP_001688,2,OSM;HEALTHSITES,True,True,False,way/417923960,way/417923960,,Médecin Sans Frontière,Médecin Sans Frontière,,SOC.SANTE.HOPITAL,SOC.SANTE.HOPITAL,,id_osm,,,OSM,14.297134,10.59033
RAPP_001689,2,OSM;HEALTHSITES,True,True,False,way/417928549,way/417928549,,Bureau régional de la médécine traditionnelle de l'extreme nord groupement des associations des tradipraticiens et assimilés de l'extreme nord,Bureau régional de la médécine traditionnelle de l'extreme nord groupement des associations des tradipraticiens et assimilés de l'extreme nord,,,,,id_osm,,,OSM,14.324924,10.598286
RAPP_001690,2,OSM;HEALTHSITES,True,True,False,way/417928551,way/417928551,,CROIX ROUGE CAMEROUNAISE,CROIX ROUGE CAMEROUNAISE,,SOC.SANTE.HOPITAL,SOC.SANTE.HOPITAL,,id_osm,,,OSM,14.31365,10.602749
RAPP_001691,2,OSM;HEALTHSITES,True,True,False,way/417928552,way/417928552,,Cabienet de soin communautaire MARVA,Cabienet de soin communautaire MARVA,,,,,id_osm,,,OSM,14.333357,10.593299
RAPP_001692,2,OSM;HEALTHSITES,True,True,False,way/417928553,way/417928553,,Cabinet de soin chez Mr DANIM SALMAN,Cabinet de soin chez Mr DANIM SALMAN,,,,,id_osm,,,OSM,14.331955,10.592928
RAPP_001693,2,OSM;HEALTHSITES,True,True,False,way/417928554,way/417928554,,Cabinet medical du sahel,Cabinet medical du sahel,,,,,id_osm,,,OSM,14.323256,10.594677
RAPP_001694,2,OSM;HEALTHSITES,True,True,False,way/417928556,way/417928556,,Centre de Santé Intégrée de ZOKOK,Centre de Santé Intégrée de ZOKOK,,SOC.SANTE.HOPITAL,SOC.SANTE.HOPITAL,,id_osm,,,OSM,14.314414,10.603014
RAPP_001695,2,OSM;HEALTHSITES,True,True,False,way/417928557,way/417928557,,Clinic ROMAH,Clinic ROMAH,,SOC.SANTE.CLINIQUE,SOC.SANTE.CLINIQUE,,id_osm,,,OSM,14.330506,10.61138
RAPP_001696,2,OSM;HEALTHSITES,True,True,False,way/417928558,way/417928558,,Clinique de Kaliao,Clinique de Kaliao,,SOC.SANTE.CLINIQUE,SOC.SANTE.CLINIQUE,,id_osm,,,OSM,14.333138,10.610225
RAPP_001697,2,OSM;HEALTHSITES,True,True,False,way/417928559,way/417928559,,Hopital Privé Islamique de Bamaré,Hopital Privé Islamique de Bamaré,,SOC.SANTE.HOPITAL,SOC.SANTE.HOPITAL,,id_osm,,,OSM,14.32551,10.609942
RAPP_001698,2,OSM;HEALTHSITES,True,True,False,way/417928560,way/417928560,,Hôpitl Régional de MAROUA,Hôpitl Régional de MAROUA,,SOC.SANTE.HOPITAL,SOC.SANTE.HOPITAL,,id_osm,,,OSM,14.314209,10.601774
RAPP_001699,2,OSM;HEALTHSITES,True,True,False,way/417928561,way/417928561,,Hôpitl de la SURETE NATIONAL,Hôpitl de la SURETE NATIONAL,,SOC.SANTE.HOPITAL,SOC.SANTE.HOPITAL,,id_osm,,,OSM,14.315221,10.603128
RAPP_001700,2,OSM;HEALTHSITES,True,True,False,way/417931933,way/417931933,,Cabinet de soins ALKARIM,Cabinet de soins ALKARIM,,,,,id_osm,,,OSM,14.368477,10.604256
RAPP_001701,2,OSM;HEALTHSITES,True,True,False,way/417931934,way/417931934,,Centre Médical de Founangué,Centre Médical de Founangué,,SOC.SANTE.HOPITAL,SOC.SANTE.HOPITAL,,id_osm,,,OSM,14.335827,10.600565
RAPP_001702,2,OSM;HEALTHSITES,True,True,False,way/417931935,way/417931935,,Centre de Santé Intégré de kodek,Centre de Santé Intégré de kodek,,SOC.SANTE.HOPITAL,SOC.SANTE.HOPITAL,,id_osm,,,OSM,14.416072,10.663802
RAPP_001703,2,OSM;HEALTHSITES,True,True,False,way/417931936,way/417931936,,Centre de santé Djarengol Kodek,Centre de santé Djarengol Kodek,,SOC.SANTE.HOPITAL,SOC.SANTE.HOPITAL,,id_osm,,,OSM,14.368198,10.624761
RAPP_001704,2,OSM;HEALTHSITES,True,True,False,way/417931937,way/417931937,,Centre de santé Intégré de Doualaré,Centre de santé Intégré de Doualaré,,SOC.SANTE.HOPITAL,SOC.SANTE.HOPITAL,,id_osm,,,OSM,14.325136,10.622315
RAPP_001705,2,OSM;HEALTHSITES,True,True,False,way/417931938,way/417931938,,Centre de santé Intégré de Douggoï,Centre de santé Intégré de Douggoï,,SOC.SANTE.HOPITAL,SOC.SANTE.HOPITAL,,id_osm,,,OSM,14.354774,10.607973
RAPP_001706,2,OSM;HEALTHSITES,True,True,False,way/417931939,way/417931939,,Clinique du Bon Secours,Clinique du Bon Secours,,SOC.SANTE.CLINIQUE,SOC.SANTE.CLINIQUE,,id_osm,,,OSM,14.346857,10.603817
RAPP_001707,2,OSM;HEALTHSITES,True,True,False,way/417931940,way/417931940,,Clinique du Djamaré Centre de Cadiologie,Clinique du Djamaré Centre de Cadiologie,,SOC.SANTE.CLINIQUE,SOC.SANTE.CLINIQUE,,id_osm,,,OSM,14.355394,10.61286
RAPP_001708,2,OSM;HEALTHSITES,True,True,False,way/423388201,way/423388201,,,,,,,,id_osm,,,OSM,10.056895,2.584668
RAPP_001709,2,OSM;HEALTHSITES,True,True,False,way/423393581,way/423393581,,,,,,,,id_osm,,,OSM,10.068619,2.633072
RAPP_001710,2,OSM;HEALTHSITES,True,True,False,way/423671727,way/423671727,,,,,,,,id_osm,,,OSM,10.101587,2.656884
RAPP_001711,2,OSM;HEALTHSITES,True,True,False,way/424078895,way/424078895,,Hopital king place,Hopital king place,,SOC.SANTE.HOPITAL,SOC.SANTE.HOPITAL,,id_osm,,,OSM,10.42771,5.468833
RAPP_001712,2,OSM;HEALTHSITES,True,True,False,way/424738511,way/424738511,,Hopital Famla,Hopital Famla,,SOC.SANTE.HOPITAL,SOC.SANTE.HOPITAL,,id_osm,,,OSM,10.419988,5.477065
RAPP_001713,2,OSM;HEALTHSITES,True,True,False,way/424738603,way/424738603,,Phamarcie du Secours,Phamarcie du Secours,,SOC.SANTE.PHARMACIE,SOC.SANTE.PHARMACIE,,id_osm,,,OSM,10.421466,5.470373
RAPP_001714,2,OSM;HEALTHSITES,True,True,False,way/424738604,way/424738604,,Pharmacie des Montagnes,Pharmacie des Montagnes,,SOC.SANTE.PHARMACIE,SOC.SANTE.PHARMACIE,,id_osm,,,OSM,10.418694,5.476172
RAPP_001715,2,OSM;HEALTHSITES,True,True,False,way/424739322,way/424739322,,Pharmacie Noubissi,Pharmacie Noubissi,,SOC.SANTE.PHARMACIE,SOC.SANTE.PHARMACIE,,id_osm,,,OSM,10.421243,5.471779
RAPP_001716,2,OSM;HEALTHSITES,True,True,False,way/424739464,way/424739464,,Cabinet de Soin l'Etoile,Cabinet de Soin l'Etoile,,,,,id_osm,,,OSM,10.41094,5.476146
RAPP_001717,2,OSM;HEALTHSITES,True,True,False,way/424740417,way/424740417,,Pharmacie Amienoise,Pharmacie Amienoise,,SOC.SANTE.PHARMACIE,SOC.SANTE.PHARMACIE,,id_osm,,,OSM,10.417422,5.470068
RAPP_001718,2,OSM;HEALTHSITES,True,True,False,way/424940901,way/424940901,,Pharmacie Madelon,Pharmacie Madelon,,SOC.SANTE.PHARMACIE,SOC.SANTE.PHARMACIE,,id_osm,,,OSM,10.4244,5.463596
RAPP_001719,2,OSM;HEALTHSITES,True,True,False,way/425139392,way/425139392,,Centre médical de Djeleng(Grandes Endemies),Centre médical de Djeleng(Grandes Endemies),,SOC.SANTE.CENTRE,SOC.SANTE.CENTRE,,id_osm,,,OSM,10.415639,5.483276
RAPP_001720,2,OSM;HEALTHSITES,True,True,False,way/425149110,way/425149110,,Acha Annex,Acha Annex,,SOC.SANTE.HOPITAL,SOC.SANTE.HOPITAL,,id_osm,,,OSM,10.423221,5.456676
RAPP_001721,2,OSM;HEALTHSITES,True,True,False,way/425149111,way/425149111,,Cabinet de Soins Agapé,Cabinet de Soins Agapé,,,,,id_osm,,,OSM,10.435917,5.45662
RAPP_001722,2,OSM;HEALTHSITES,True,True,False,way/425149112,way/425149112,,Cabinet de Soins la Prudence,Cabinet de Soins la Prudence,,,,,id_osm,,,OSM,10.438353,5.458763
RAPP_001723,2,OSM;HEALTHSITES,True,True,False,way/425149113,way/425149113,,Centre de Santé Intégré de Ndiembou-Kam,Centre de Santé Intégré de Ndiembou-Kam,,SOC.SANTE.CENTRE,SOC.SANTE.CENTRE,,id_osm,,,OSM,10.451247,5.440539
RAPP_001724,2,OSM;HEALTHSITES,True,True,False,way/425149114,way/425149114,,Centre de Santé Intégré,Centre de Santé Intégré,,SOC.SANTE.CENTRE,SOC.SANTE.CENTRE,,id_osm,,,OSM,10.409475,5.453141
RAPP_001725,2,OSM;HEALTHSITES,True,True,False,way/425149115,way/425149115,,Hôpital de la Police,Hôpital de la Police,,SOC.SANTE.HOPITAL,SOC.SANTE.HOPITAL,,id_osm,,,OSM,10.430674,5.457295
RAPP_001726,2,OSM;HEALTHSITES,True,True,False,way/425149117,way/425149117,,Pharmacie Sainte Monique,Pharmacie Sainte Monique,,SOC.SANTE.PHARMACIE,SOC.SANTE.PHARMACIE,,id_osm,,,OSM,10.42777,5.461852
RAPP_001727,2,OSM;HEALTHSITES,True,True,False,way/425152125,way/425152125,,Pharmacie Noubissi,Pharmacie Noubissi,,SOC.SANTE.PHARMACIE,SOC.SANTE.PHARMACIE,,id_osm,,,OSM,10.421576,5.471967
RAPP_001728,2,OSM;HEALTHSITES,True,True,False,way/425152127,way/425152127,,Pharmacie Pierre Moyo,Pharmacie Pierre Moyo,,SOC.SANTE.PHARMACIE,SOC.SANTE.PHARMACIE,,id_osm,,,OSM,10.418951,5.478288
RAPP_001729,2,OSM;HEALTHSITES,True,True,False,way/425152132,way/425152132,,,,,SOC.SANTE.HOPITAL,SOC.SANTE.HOPITAL,,id_osm,,,OSM,10.420028,5.474387
RAPP_001730,2,OSM;HEALTHSITES,True,True,False,way/425155465,way/425155465,,Centre de Santé Ngom Passam,Centre de Santé Ngom Passam,,SOC.SANTE.CENTRE,SOC.SANTE.CENTRE,,id_osm,,,OSM,10.426863,5.472375
RAPP_001731,2,OSM;HEALTHSITES,True,True,False,way/425155467,way/425155467,,Hopital Protestant Petit Mbouo,Hopital Protestant Petit Mbouo,,SOC.SANTE.HOPITAL,SOC.SANTE.HOPITAL,,id_osm,,,OSM,10.420828,5.482188
RAPP_001732,2,OSM;HEALTHSITES,True,True,False,way/425155470,way/425155470,,Pharmacie la Grâce,Pharmacie la Grâce,,SOC.SANTE.PHARMACIE,SOC.SANTE.PHARMACIE,,id_osm,,,OSM,10.423212,5.4802
RAPP_001733,2,OSM;HEALTHSITES,True,True,False,way/425155472,way/425155472,,Polypharma,Polypharma,,SOC.SANTE.PHARMACIE,SOC.SANTE.PHARMACIE,,id_osm,,,OSM,10.425109,5.480677
RAPP_001734,2,OSM;HEALTHSITES,True,True,False,way/425159778,way/425159778,,Mbingo Baptist Hospital,Bingo Baptist Hospital,,SOC.SANTE.HOPITAL,SOC.SANTE.HOPITAL,,id_osm,,,OSM,10.434631,5.478178
RAPP_001735,2,OSM;HEALTHSITES,True,True,False,way/425159779,way/425159779,,Cabinet de Soins Belle Idée,Cabinet de Soins Belle Idée,,,,,id_osm,,,OSM,10.430817,5.481136
RAPP_001736,2,OSM;HEALTHSITES,True,True,False,way/425159780,way/425159780,,Centre de Santé Islamique,Centre de Santé Islamique,,SOC.SANTE.CENTRE,SOC.SANTE.CENTRE,,id_osm,,,OSM,10.439381,5.483298
RAPP_001737,2,OSM;HEALTHSITES,True,True,False,way/425159781,way/425159781,,Espace pour la santé,Espace pour la santé,,SOC.SANTE.CLINIQUE,SOC.SANTE.CLINIQUE,,id_osm,,,OSM,10.440579,5.471814
RAPP_001738,2,OSM;HEALTHSITES,True,True,False,way/425159783,way/425159783,,Pharmacie Nectar,Pharmacie Nectar,,SOC.SANTE.PHARMACIE,SOC.SANTE.PHARMACIE,,id_osm,,,OSM,10.437737,5.484419
RAPP_001739,2,OSM;HEALTHSITES,True,True,False,way/425159784,way/425159784,,Polyclinique Bienveillence,Polyclinique Bienveillence,,SOC.SANTE.CLINIQUE,SOC.SANTE.CLINIQUE,,id_osm,,,OSM,10.444603,5.47914
RAPP_001740,2,OSM;HEALTHSITES,True,True,False,way/425160351,way/425160351,,Centre de Santé Intégré de Demgoug,Centre de Santé Intégré de Demgoug,,SOC.SANTE.CENTRE,SOC.SANTE.CENTRE,,id_osm,,,OSM,10.45195,5.47256
RAPP_001741,2,OSM;HEALTHSITES,True,True,False,way/425160352,way/425160352,,SOS Santé,SOS Santé,,SOC.SANTE.HOPITAL,SOC.SANTE.HOPITAL,,id_osm,,,OSM,10.449363,5.480144
RAPP_001742,2,OSM;HEALTHSITES,True,True,False,way/425160414,way/425160414,,Centre de Santé Intégré de Tomdjo,Centre de Santé Intégré de Tomdjo,,SOC.SANTE.CENTRE,SOC.SANTE.CENTRE,,id_osm,,,OSM,10.512103,5.487974
RAPP_001743,2,OSM;HEALTHSITES,True,True,False,way/425308951,way/425308951,,Centre Medical d'Arrondissement de Lafe Baleng,Centre Medical d'Arrondissement de Lafe Baleng,,SOC.SANTE.HOPITAL,SOC.SANTE.HOPITAL,,id_osm,,,OSM,10.393811,5.507915
RAPP_001744,2,OSM;HEALTHSITES,True,True,False,way/425328363,way/425328363,,Centre Medical la Trinite,Centre Medical la Trinite,,SOC.SANTE.HOPITAL,SOC.SANTE.HOPITAL,,id_osm,,,OSM,10.392155,5.501703
RAPP_001745,2,OSM;HEALTHSITES,True,True,False,way/425510250,way/425510250,,Centre de Sante Islamique,Centre de Sante Islamique,,SOC.SANTE.CENTRE,SOC.SANTE.CENTRE,,id_osm,,,OSM,10.439381,5.483189
RAPP_001746,2,OSM;HEALTHSITES,True,True,False,way/425641286,way/425641286,,Hôpital Sainte Jeanne-Antide Thouret,Hôpital Sainte Jeanne-Antide Thouret,,SOC.SANTE.HOPITAL,SOC.SANTE.HOPITAL,,id_osm,,,OSM,13.259043,6.515686
RAPP_001747,2,OSM;HEALTHSITES,True,True,False,way/426140753,way/426140753,,Pharmacie de Kaélé,Pharmacie de Kaélé,,SOC.SANTE.PHARMACIE,SOC.SANTE.PHARMACIE,,id_osm,,,OSM,14.447422,10.10952
RAPP_001748,2,OSM;HEALTHSITES,True,True,False,way/430957747,way/430957747,,,,,SOC.SANTE.HOPITAL,SOC.SANTE.HOPITAL,,id_osm,,,OSM,10.032021,2.660625
RAPP_001749,2,OSM;HEALTHSITES,True,True,False,way/431566594,way/431566594,,,,,,,,id_osm,,,OSM,10.07585,2.68239
RAPP_001750,2,OSM;HEALTHSITES,True,True,False,way/431566742,way/431566742,,,,,,,,id_osm,,,OSM,10.076,2.682453
RAPP_001751,2,OSM;HEALTHSITES,True,True,False,way/431566867,way/431566867,,,,,,,,id_osm,,,OSM,10.075208,2.682543
RAPP_001752,2,OSM;HEALTHSITES,True,True,False,way/431573206,way/431573206,,,,,,,,id_osm,,,OSM,10.016867,2.708312
RAPP_001753,2,OSM;HEALTHSITES,True,True,False,way/431880078,way/431880078,,Wum District Hospital,Wum District Hospital,,SOC.SANTE.HOPITAL,SOC.SANTE.HOPITAL,,id_osm,,,OSM,10.081884,6.389598
RAPP_001754,2,OSM;HEALTHSITES,True,True,False,way/435395800,way/435395800,,clinique la passerelle,clinique la passerelle,,SOC.SANTE.CLINIQUE,SOC.SANTE.CLINIQUE,,id_osm,,,OSM,11.468344,3.874681
RAPP_001755,2,OSM;HEALTHSITES,True,True,False,way/435620322,way/435620322,,KK,KK,,SOC.SANTE.HOPITAL,SOC.SANTE.HOPITAL,,id_osm,,,OSM,13.667984,4.575754
RAPP_001756,2,OSM;HEALTHSITES,True,True,False,way/435622966,way/435622966,,Hopital De District De Monatélé,Hopital De District De Monatélé,,SOC.SANTE.HOPITAL,SOC.SANTE.HOPITAL,,id_osm,,,OSM,11.201749,4.260593
RAPP_001757,2,OSM;HEALTHSITES,True,True,False,way/435626603,way/435626603,,MPR,MPR,,SOC.SANTE.HOPITAL,SOC.SANTE.HOPITAL,,id_osm,,,OSM,9.682976,4.640179
RAPP_001758,2,OSM;HEALTHSITES,True,True,False,way/435629136,way/435629136,,NIKEL,NIKEL,,SOC.SANTE.HOPITAL,SOC.SANTE.HOPITAL,,id_osm,,,OSM,12.116589,3.234735
RAPP_001759,2,OSM;HEALTHSITES,True,True,False,way/436376122,way/436376122,,,,,,,,id_osm,,,OSM,10.094599,2.781264
RAPP_001760,2,OSM;HEALTHSITES,True,True,False,way/437973093,way/437973093,,,,,SOC.SANTE.HOPITAL,SOC.SANTE.HOPITAL,,id_osm,,,OSM,10.041548,2.742707
RAPP_001761,2,OSM;HEALTHSITES,True,True,False,way/438863776,way/438863776,,fondation medicale saint leonard,fondation medicale saint leonard,,SOC.SANTE.CLINIQUE,SOC.SANTE.CLINIQUE,,id_osm,,,OSM,9.141875,4.017438
RAPP_001762,2,OSM;HEALTHSITES,True,True,False,way/438864296,way/438864296,,Mountain Pharmacy,Mountain Pharmacy,,SOC.SANTE.HOPITAL,SOC.SANTE.HOPITAL,,id_osm,,,OSM,9.243038,4.1537
RAPP_001763,2,OSM;HEALTHSITES,True,True,False,way/442604623,way/442604623,,Phamacie de l'Horizon,Phamacie de l'Horizon,,SOC.SANTE.PHARMACIE,SOC.SANTE.PHARMACIE,,id_osm,,,OSM,9.729357,4.066069
RAPP_001764,2,OSM;HEALTHSITES,True,True,False,way/444103934,way/444103934,,Pharmacie de la Gloire,Pharmacie de la Gloire,,SOC.SANTE.PHARMACIE,SOC.SANTE.PHARMACIE,,id_osm,,,OSM,9.913291,2.946493
RAPP_001765,2,OSM;HEALTHSITES,True,True,False,way/444421358,way/444421358,,Pharmacie du Centre,Pharmacie du Centre,,SOC.SANTE.PHARMACIE,SOC.SANTE.PHARMACIE,,id_osm,,,OSM,9.721955,4.056963
RAPP_001766,2,OSM;HEALTHSITES,True,True,False,way/445818416,way/445818416,,Limbe District Health Service,Limbe District Health Service,,SOC.SANTE.HOPITAL,SOC.SANTE.HOPITAL,,id_osm,,,OSM,9.210611,4.006326
RAPP_001767,2,OSM;HEALTHSITES,True,True,False,way/445928661,way/445928661,,medecine shoppe pharmacy,medecine shoppe pharmacy,,SOC.SANTE.PHARMACIE,SOC.SANTE.PHARMACIE,,id_osm,,,OSM,9.19687,4.022045
RAPP_001768,2,OSM;HEALTHSITES,True,True,False,way/445944233,way/445944233,,Larosbi Maternity Clinic,Larosbi Maternity Clinic,,SOC.SANTE.CLINIQUE,SOC.SANTE.CLINIQUE,,id_osm,,,OSM,9.213243,4.023599
RAPP_001769,2,OSM;HEALTHSITES,True,True,False,way/446014370,way/446014370,,Dr. Ndifor,Dr. Ndifor,,SOC.SANTE.CLINIQUE,SOC.SANTE.CLINIQUE,,id_osm,,,OSM,9.189106,4.024522
RAPP_001770,2,OSM;HEALTHSITES,True,True,False,way/446014410,way/446014410,,Victoria Hope Foundation Medical Center,Victoria Hope Foundation Medical Center,,SOC.SANTE.HOPITAL,SOC.SANTE.HOPITAL,,id_osm,,,OSM,9.187554,4.024569
RAPP_001771,2,OSM;HEALTHSITES,True,True,False,way/446014411,way/446014411,,NDIFOR CLINIC,NDIFOR CLINIC,,SOC.SANTE.CLINIQUE,SOC.SANTE.CLINIQUE,,id_osm,,,OSM,9.188056,4.024053
RAPP_001772,2,OSM;HEALTHSITES,True,True,False,way/447667791,way/447667791,,Hôpital Saint Jean de Malte de Njombé,Hôpital Saint Jean de Malte de Njombé,,SOC.SANTE.HOPITAL,SOC.SANTE.HOPITAL,,id_osm,,,OSM,9.667721,4.599368
RAPP_001773,2,OSM;HEALTHSITES,True,True,False,way/447713795,way/447713795,,Dispensaire,Dispensaire,,SOC.SANTE.CENTRE,SOC.SANTE.CENTRE,,id_osm,,,OSM,9.677805,4.639522
RAPP_001774,2,OSM;HEALTHSITES,True,True,False,way/447812757,way/447812757,,Hôpital régional d'Ebolowa,Hôpital régional d'Ebolowa,,SOC.SANTE.HOPITAL,SOC.SANTE.HOPITAL,,id_osm,,,OSM,11.156214,2.925001
RAPP_001775,2,OSM;HEALTHSITES,True,True,False,way/448025225,way/448025225,,Pharmacie de la Renaissance,Pharmacie de la Renaissance,,SOC.SANTE.PHARMACIE,SOC.SANTE.PHARMACIE,,id_osm,,,OSM,11.154947,2.923978
RAPP_001776,2,OSM;HEALTHSITES,True,True,False,way/448026252,way/448026252,,Pharmacie du Bercail,Pharmacie du Bercail,,SOC.SANTE.PHARMACIE,SOC.SANTE.PHARMACIE,,id_osm,,,OSM,11.150569,2.920881
RAPP_001777,2,OSM;HEALTHSITES,True,True,False,way/449206811,way/449206811,,Hôpital de district de Loum,Hôpital de district de Loum,,SOC.SANTE.HOPITAL,SOC.SANTE.HOPITAL,,id_osm,,,OSM,9.734184,4.721945
RAPP_001778,2,OSM;HEALTHSITES,True,True,False,way/449328710,way/449328710,,Prime Pharmacy,Prime Pharmacy,,SOC.SANTE.PHARMACIE,SOC.SANTE.PHARMACIE,,id_osm,,,OSM,9.208979,4.015039
RAPP_001779,2,OSM;HEALTHSITES,True,True,False,way/449519376,way/449519376,,Grosmelf medical laboratory,Grosmelf medical laboratory,,SOC.SANTE.CLINIQUE,SOC.SANTE.CLINIQUE,,id_osm,,,OSM,9.207298,4.014851
RAPP_001780,2,OSM;HEALTHSITES,True,True,False,way/449520809,way/449520809,,CDC Hospital,CDC Hospital,,SOC.SANTE.HOPITAL,SOC.SANTE.HOPITAL,,id_osm,,,OSM,9.195708,4.025159
RAPP_001781,2,OSM;HEALTHSITES,True,True,False,way/449520810,way/449520810,,Hôpital de district,Hôpital de district,,SOC.SANTE.HOPITAL,SOC.SANTE.HOPITAL,,id_osm,,,OSM,9.196938,4.023403
RAPP_001782,2,OSM;HEALTHSITES,True,True,False,way/449520811,way/449520811,,Hôpital Régional de Limbe,Hôpital Régional de Limbe,,SOC.SANTE.HOPITAL,SOC.SANTE.HOPITAL,,id_osm,,,OSM,9.208487,4.022894
RAPP_001783,2,OSM;HEALTHSITES,True,True,False,way/450618875,way/450618875,,Clinique des Cités,Clinique des Cités,,SOC.SANTE.CLINIQUE,SOC.SANTE.CLINIQUE,,id_osm,,,OSM,9.756194,4.085657
RAPP_001784,2,OSM;HEALTHSITES,True,True,False,way/454385526,way/454385526,,Hôpital de District de Bonassama,Hôpital de District de Bonassama,,SOC.SANTE.HOPITAL,SOC.SANTE.HOPITAL,,id_osm,,,OSM,9.685815,4.071874
RAPP_001785,2,OSM;HEALTHSITES,True,True,False,way/455148248,way/455148248,,Polyclinique,Polyclinique,,SOC.SANTE.CLINIQUE,SOC.SANTE.CLINIQUE,,id_osm,,,OSM,9.660103,4.089931
RAPP_001786,2,OSM;HEALTHSITES,True,True,False,way/455175975,way/455175975,,Hôpital Général de Douala,Hôpital Général de Douala,,SOC.SANTE.HOPITAL,SOC.SANTE.HOPITAL,,id_osm,,,OSM,9.758247,4.064715
RAPP_001787,2,OSM;HEALTHSITES,True,True,False,way/455180743,way/455180743,,Hôpital de Référence de Sangmélima,Hôpital de Référence de Sangmélima,,SOC.SANTE.HOPITAL,SOC.SANTE.HOPITAL,,id_osm,,,OSM,12.003555,2.953218
RAPP_001788,2,OSM;HEALTHSITES,True,True,False,way/455843766,way/455843766,,Pharmacie La Concorde,Pharmacie La Concorde,,SOC.SANTE.PHARMACIE,SOC.SANTE.PHARMACIE,,id_osm,,,OSM,9.698911,4.055052
RAPP_001789,2,OSM;HEALTHSITES,True,True,False,way/456089133,way/456089133,,Saint Padre Pio Hospital,Saint Padre Pio Hospital,,SOC.SANTE.HOPITAL,SOC.SANTE.HOPITAL,,id_osm,,,OSM,9.717693,4.07577
RAPP_001790,2,OSM;HEALTHSITES,True,True,False,way/456090655,way/456090655,,Pharmacie Akwa-Nord,Pharmacie Akwa-Nord,,SOC.SANTE.PHARMACIE,SOC.SANTE.PHARMACIE,,id_osm,,,OSM,9.716824,4.073352
RAPP_001791,2,OSM;HEALTHSITES,True,True,False,way/456257317,way/456257317,,Clinique Chendjou Joseph,Clinique Chendjou Joseph,,SOC.SANTE.CLINIQUE,SOC.SANTE.CLINIQUE,,id_osm,,,OSM,9.694117,4.03931
RAPP_001792,2,OSM;HEALTHSITES,True,True,False,way/456644468,way/456644468,,Mboppi Baptist Hospital,Mboppi Baptist Hospital,,SOC.SANTE.CLINIQUE,SOC.SANTE.CLINIQUE,,id_osm,,,OSM,9.716362,4.040913
RAPP_001793,2,OSM;HEALTHSITES,True,True,False,way/457299351,way/457299351,,Pharmacie de l'Harmonie,Pharmacie de l'Harmonie,,SOC.SANTE.PHARMACIE,SOC.SANTE.PHARMACIE,,id_osm,,,OSM,9.720064,4.082855
RAPP_001794,2,OSM;HEALTHSITES,True,True,False,way/457396216,way/457396216,,Pharmacie Mondial,Pharmacie Mondial,,SOC.SANTE.PHARMACIE,SOC.SANTE.PHARMACIE,,id_osm,,,OSM,9.71033,4.057968
RAPP_001795,2,OSM;HEALTHSITES,True,True,False,way/457419049,way/457419049,,Pharmacie des Hopitaux,Pharmacie des Hopitaux,,SOC.SANTE.PHARMACIE,SOC.SANTE.PHARMACIE,,id_osm,,,OSM,9.701132,4.048675
RAPP_001796,2,OSM;HEALTHSITES,True,True,False,way/461734054,way/461734054,,Centre de Santé Integre de Massa Koudweita,Centre de Santé Integre de Massa Koudweita,,SOC.SANTE.CENTRE,SOC.SANTE.CENTRE,,id_osm,,,OSM,15.478903,10.10753
RAPP_001797,2,OSM;HEALTHSITES,True,True,False,way/461861991,way/461861991,,Hôpital de Kalfou,Hôpital de Kalfou,,SOC.SANTE.HOPITAL,SOC.SANTE.HOPITAL,,id_osm,,,OSM,14.934866,10.284846
RAPP_001798,2,OSM;HEALTHSITES,True,True,False,way/462084982,way/462084982,,Centre de Santé de Guinane,Centre de Santé de Guinane,,SOC.SANTE.CENTRE,SOC.SANTE.CENTRE,,id_osm,,,OSM,15.096389,10.192368
RAPP_001799,2,OSM;HEALTHSITES,True,True,False,way/462084997,way/462084997,,Centre de Santé de Bougay,Centre de Santé de Bougay,,SOC.SANTE.CENTRE,SOC.SANTE.CENTRE,,id_osm,,,OSM,15.10855,10.256462
RAPP_001800,2,OSM;HEALTHSITES,True,True,False,way/462284288,way/462284288,,Centre de Santé Integre de Dana,Centre de Santé Integre de Dana,,SOC.SANTE.CENTRE,SOC.SANTE.CENTRE,,id_osm,,,OSM,15.290134,10.240557
RAPP_001801,2,OSM;HEALTHSITES,True,True,False,way/463010820,way/463010820,,Centre de Santé Intégré de Yagoua,Centre de Santé Intégré de Yagoua,,SOC.SANTE.CENTRE,SOC.SANTE.CENTRE,,id_osm,,,OSM,15.237203,10.350983
RAPP_001802,2,OSM;HEALTHSITES,True,True,False,way/463390962,way/463390962,,Centre de Santé de Blaloum,Centre de Santé de Blaloum,,SOC.SANTE.CENTRE,SOC.SANTE.CENTRE,,id_osm,,,OSM,15.25706,10.426173
RAPP_001803,2,OSM;HEALTHSITES,True,True,False,way/463463307,way/463463307,,Pharmacie du Mayo Danay,Pharmacie du Mayo Danay,,SOC.SANTE.PHARMACIE,SOC.SANTE.PHARMACIE,,id_osm,,,OSM,15.230775,10.343121
RAPP_001804,2,OSM;HEALTHSITES,True,True,False,way/463759363,way/463759363,,Centre de Santé de Vele,Centre de Santé de Vele,,SOC.SANTE.CENTRE,SOC.SANTE.CENTRE,,id_osm,,,OSM,15.189597,10.501244
RAPP_001805,2,OSM;HEALTHSITES,True,True,False,way/463773039,way/463773039,,Hôpital de Gueme,Hôpital de Gueme,,SOC.SANTE.HOPITAL,SOC.SANTE.HOPITAL,,id_osm,,,OSM,15.203848,10.495535
RAPP_001806,2,OSM;HEALTHSITES,True,True,False,way/474916906,way/474916906,,Police Medical Center,Police Medical Center,,SOC.SANTE.HOPITAL,SOC.SANTE.HOPITAL,,id_osm,,,OSM,9.244552,4.152292
RAPP_001807,2,OSM;HEALTHSITES,True,True,False,way/477145776,way/477145776,,Hopital Régional d'Edea,Hopital Régional d'Edea,,SOC.SANTE.HOPITAL,SOC.SANTE.HOPITAL,,id_osm,,,OSM,10.11887,3.799289
RAPP_001808,2,OSM;HEALTHSITES,True,True,False,way/477833902,way/477833902,,Centre de Santé Integre de Danigue,Centre de Santé Integre de Danigue,,SOC.SANTE.CENTRE,SOC.SANTE.CENTRE,,id_osm,,,OSM,15.370968,10.15138
RAPP_001809,2,OSM;HEALTHSITES,True,True,False,way/477835849,way/477835849,,Hôpital de Doukoula,Hôpital de Doukoula,,SOC.SANTE.HOPITAL,SOC.SANTE.HOPITAL,,id_osm,,,OSM,14.946606,10.176095
RAPP_001810,2,OSM;HEALTHSITES,True,True,False,way/477835851,way/477835851,,Centre de Santé Integre de Bangana,Centre de Santé Integre de Bangana,,SOC.SANTE.CENTRE,SOC.SANTE.CENTRE,,id_osm,,,OSM,15.323816,10.207876
RAPP_001811,2,OSM;HEALTHSITES,True,True,False,way/477846572,way/477846572,,Centre de Santé de Gabaraye,Centre de Santé de Gabaraye,,SOC.SANTE.CENTRE,SOC.SANTE.CENTRE,,id_osm,,,OSM,15.107049,10.478682
RAPP_001812,2,OSM;HEALTHSITES,True,True,False,way/477846574,way/477846574,,Centre de Santé de Guinane,Centre de Santé de Guinane,,SOC.SANTE.CENTRE,SOC.SANTE.CENTRE,,id_osm,,,OSM,15.09404,10.190951
RAPP_001813,2,OSM;HEALTHSITES,True,True,False,way/477849636,way/477849636,,Hôpital Centrale de Yagoua,Hôpital Centrale de Yagoua,,SOC.SANTE.HOPITAL,SOC.SANTE.HOPITAL,,id_osm,,,OSM,15.224323,10.327793
RAPP_001814,2,OSM;HEALTHSITES,True,True,False,way/477858861,way/477858861,,Centre de Santé Integre de Guirvidig,Centre de Santé Integre de Guirvidig,,SOC.SANTE.CENTRE,SOC.SANTE.CENTRE,,id_osm,,,OSM,14.824121,10.875903
RAPP_001815,2,OSM;HEALTHSITES,True,True,False,way/477858891,way/477858891,,Hôpital de District de Maga,Hôpital de District de Maga,,SOC.SANTE.HOPITAL,SOC.SANTE.HOPITAL,,id_osm,,,OSM,14.939076,10.843369
RAPP_001816,2,OSM;HEALTHSITES,True,True,False,way/477858894,way/477858894,,Centre de Santé,Centre de Santé,,SOC.SANTE.CENTRE,SOC.SANTE.CENTRE,,id_osm,,,OSM,14.947888,10.841646
RAPP_001817,2,OSM;HEALTHSITES,True,True,False,way/477858896,way/477858896,,Hôpital de Palia,Hôpital de Palia,,SOC.SANTE.HOPITAL,SOC.SANTE.HOPITAL,,id_osm,,,OSM,15.065213,10.855335
RAPP_001818,2,OSM;HEALTHSITES,True,True,False,way/477858903,way/477858903,,Centre de Santé de Pouss,Centre de Santé de Pouss,,SOC.SANTE.CENTRE,SOC.SANTE.CENTRE,,id_osm,,,OSM,15.057329,10.845804
RAPP_001819,2,OSM;HEALTHSITES,True,True,False,way/477858905,way/477858905,,Centre de Santé de Dougui,Centre de Santé de Dougui,,SOC.SANTE.CENTRE,SOC.SANTE.CENTRE,,id_osm,,,OSM,15.129827,10.662915
RAPP_001820,2,OSM;HEALTHSITES,True,True,False,way/477858907,way/477858907,,Centre de Santé de Djafka,Centre de Santé de Djafka,,SOC.SANTE.CENTRE,SOC.SANTE.CENTRE,,id_osm,,,OSM,15.147779,10.607491
RAPP_001821,2,OSM;HEALTHSITES,True,True,False,way/477858913,way/477858913,,Centre de Santé Integre de Doreissou,Centre de Santé Integre de Doreissou,,SOC.SANTE.CENTRE,SOC.SANTE.CENTRE,,id_osm,,,OSM,15.139511,10.555018
RAPP_001822,2,OSM;HEALTHSITES,True,True,False,way/479580448,way/479580448,,,,,SOC.SANTE.CLINIQUE,SOC.SANTE.CLINIQUE,,id_osm,,,OSM,9.949454,5.121943
RAPP_001823,2,OSM;HEALTHSITES,True,True,False,way/480078998,way/480078998,,Hôpital de district,Hôpital de district,,SOC.SANTE.HOPITAL,SOC.SANTE.HOPITAL,,id_osm,,,OSM,10.204892,5.583659
RAPP_001824,2,OSM;HEALTHSITES,True,True,False,way/481619427,way/481619427,,Mary Health of Africa General Hospital,Mary Health of Africa General Hospital,,SOC.SANTE.HOPITAL,SOC.SANTE.HOPITAL,,id_osm,,,OSM,9.860405,5.483971
RAPP_001825,2,OSM;HEALTHSITES,True,True,False,way/484810239,way/484810239,,Centre Catholique Notre Dame de la Santé Servantes de Marie,Centre Catholique Notre Dame de la Santé Servantes de Marie,,,,,id_osm,,,OSM,10.090567,5.442307
RAPP_001826,2,OSM;HEALTHSITES,True,True,False,way/485170527,way/485170527,,Hôpital des Plaies,Hôpital des Plaies,,SOC.SANTE.CLINIQUE,SOC.SANTE.CLINIQUE,,id_osm,,,OSM,10.136776,5.495511
RAPP_001827,2,OSM;HEALTHSITES,True,True,False,way/497132773,way/497132773,,Cliniques Universitaires des Montagnes,Cliniques Universitaires des Montagnes,,SOC.SANTE.HOPITAL,SOC.SANTE.HOPITAL,,id_osm,,,OSM,10.589069,5.131995
RAPP_001828,2,OSM;HEALTHSITES,True,True,False,way/497196511,way/497196511,,Centre Hôspitalier Régional de Bafoussam,Centre Hôspitalier Régional de Bafoussam,,SOC.SANTE.HOPITAL,SOC.SANTE.HOPITAL,,id_osm,,,OSM,10.536933,5.486863
RAPP_001829,2,OSM;HEALTHSITES,True,True,False,way/509612470,way/509612470,,Hôpital Régional de Ngaoundéré,Hôpital Régional de Ngaoundéré,,SOC.SANTE.HOPITAL,SOC.SANTE.HOPITAL,,id_osm,,,OSM,13.585133,7.315791
RAPP_001830,2,OSM;HEALTHSITES,True,True,False,way/511089968,way/511089968,,Centre Medico Social La Gloire,Centre Medico Social La Gloire,,SOC.SANTE.HOPITAL,SOC.SANTE.HOPITAL,,id_osm,,,OSM,11.420379,3.878545
RAPP_001831,2,OSM;HEALTHSITES,True,True,False,way/511726841,way/511726841,,"Hospital, Afade","Hospital, Afade",,SOC.SANTE.HOPITAL,SOC.SANTE.HOPITAL,,id_osm,,,OSM,14.640153,12.234771
RAPP_001832,2,OSM;HEALTHSITES,True,True,False,way/512316086,way/512316086,,Cabinet De Soins La Main Saine,Cabinet De Soins La Main Saine,,,,,id_osm,,,OSM,11.451751,3.845079
RAPP_001833,2,OSM;HEALTHSITES,True,True,False,way/516136198,way/516136198,,Hopital de District de Mbankomo,Hopital de District de Mbankomo,,SOC.SANTE.HOPITAL,SOC.SANTE.HOPITAL,,id_osm,,,OSM,11.39852,3.786653
RAPP_001834,2,OSM;HEALTHSITES,True,True,False,way/516136199,way/516136199,,Centre Médicall st Alexandre,Centre Médicall st Alexandre,,SOC.SANTE.CLINIQUE,SOC.SANTE.CLINIQUE,,id_osm,,,OSM,11.397118,3.7854
RAPP_001835,2,OSM;HEALTHSITES,True,True,False,way/521362495,way/521362495,,Hôpital de District,Hôpital de District,,SOC.SANTE.HOPITAL,SOC.SANTE.HOPITAL,,id_osm,,,OSM,14.139875,11.046336
RAPP_001836,2,OSM;HEALTHSITES,True,True,False,way/533571649,way/533571649,,Hôpital Ad Lucem,Hôpital Ad Lucem,,SOC.SANTE.HOPITAL,SOC.SANTE.HOPITAL,,id_osm,,,OSM,10.183364,5.164051
RAPP_001837,2,OSM;HEALTHSITES,True,True,False,way/533763947,way/533763947,,Fondation Chantal Biya Centre et Mère Enfant,Fondation Chantal Biya Centre et Mère Enfant,,SOC.SANTE.CLINIQUE,SOC.SANTE.CLINIQUE,,id_osm,,,OSM,11.512044,3.87023
RAPP_001838,2,OSM;HEALTHSITES,True,True,False,way/533767387,way/533767387,,Centre des Urgences Hopital Central,Centre des Urgences Hopital Central,,SOC.SANTE.HOPITAL,SOC.SANTE.HOPITAL,,id_osm,,,OSM,11.509912,3.87057
RAPP_001839,2,OSM;HEALTHSITES,True,True,False,way/538959195,way/538959195,,Allat Baptist Health Center,Allat Baptist Health Center,,SOC.SANTE.CENTRE,SOC.SANTE.CENTRE,,id_osm,,,OSM,11.714473,6.663489
RAPP_001840,2,OSM;HEALTHSITES,True,True,False,way/539239124,way/539239124,,Magrabi ICO Cameroon Eye Institute,Magrabi ICO Cameroon Eye Institute,,SOC.SANTE.CLINIQUE,SOC.SANTE.CLINIQUE,,id_osm,,,OSM,11.448283,3.983388
RAPP_001841,2,OSM;HEALTHSITES,True,True,False,way/545694983,way/545694983,,Hôpital de district de Kolofata,Hôpital de district de Kolofata,,SOC.SANTE.HOPITAL,SOC.SANTE.HOPITAL,,id_osm,,,OSM,14.00738,11.158869
RAPP_001842,2,OSM;HEALTHSITES,True,True,False,way/546531631,way/546531631,,Centre de santé de Mozogo,Centre de santé de Mozogo,,SOC.SANTE.HOPITAL,SOC.SANTE.HOPITAL,,id_osm,,,OSM,13.905439,10.960787
RAPP_001843,2,OSM;HEALTHSITES,True,True,False,way/553561592,way/553561592,,Hôpital d'Ebome,Hôpital d'Ebome,,SOC.SANTE.HOPITAL,SOC.SANTE.HOPITAL,,id_osm,,,OSM,9.907663,2.902597
RAPP_001844,2,OSM;HEALTHSITES,True,True,False,way/556594485,way/556594485,,Belo Baptist Health Center,Belo Baptist Health Center,,SOC.SANTE.CENTRE,SOC.SANTE.CENTRE,,id_osm,,,OSM,10.353383,6.176456
RAPP_001845,2,OSM;HEALTHSITES,True,True,False,way/556598971,way/556598971,,Finkwi Baptist Health Center,Finkwi Baptist Health Center,,SOC.SANTE.CENTRE,SOC.SANTE.CENTRE,,id_osm,,,OSM,10.425873,6.075754
RAPP_001846,2,OSM;HEALTHSITES,True,True,False,way/556599360,way/556599360,,Jikijem Baptist Health Center,Jikijem Baptist Health Center,,SOC.SANTE.CENTRE,SOC.SANTE.CENTRE,,id_osm,,,OSM,10.469965,6.240725
RAPP_001847,2,OSM;HEALTHSITES,True,True,False,way/556600873,way/556600873,,Kouhouat Baptist Health Center,Kouhouat Baptist Health Center,,SOC.SANTE.CENTRE,SOC.SANTE.CENTRE,,id_osm,,,OSM,10.723353,5.794139
RAPP_001848,2,OSM;HEALTHSITES,True,True,False,way/556877215,way/556877215,,St. Martin de Porres Catholic Mission Hospital,St. Martin de Porres Catholic Mission Hospital,,SOC.SANTE.HOPITAL,SOC.SANTE.HOPITAL,,id_osm,,,OSM,10.306005,6.222853
RAPP_001849,2,OSM;HEALTHSITES,True,True,False,way/557011332,way/557011332,,Baptist Hospital Banyo,Baptist Hospital Banyo,,SOC.SANTE.HOPITAL,SOC.SANTE.HOPITAL,,id_osm,,,OSM,11.830564,6.749959
RAPP_001850,2,OSM;HEALTHSITES,True,True,False,way/557816045,way/557816045,,Mbingo Baptist Hospital,Mbingo Baptist Hospital,,SOC.SANTE.HOPITAL,SOC.SANTE.HOPITAL,,id_osm,,,OSM,10.29069,6.163907
RAPP_001851,2,OSM;HEALTHSITES,True,True,False,way/585445428,way/585445428,,CMA Batchenga,CMA Batchenga,,SOC.SANTE.HOPITAL,SOC.SANTE.HOPITAL,,id_osm,,,OSM,11.660205,4.295062
RAPP_001852,2,OSM;HEALTHSITES,True,True,False,way/602606824,way/602606824,,CMA de Babadjou,CMA de Babadjou,,SOC.SANTE.CENTRE,SOC.SANTE.CENTRE,,id_osm,,,OSM,10.204229,5.678029
RAPP_001853,2,OSM;HEALTHSITES,True,True,False,way/602635130,way/602635130,,SIDJE LOIC,SIDJE LOIC,,SOC.SANTE.HOPITAL,SOC.SANTE.HOPITAL,,id_osm,,,OSM,11.505624,3.871614
RAPP_001854,2,OSM;HEALTHSITES,True,True,False,way/603456504,way/603456504,,Dr billy,Dr billy,,,,,id_osm,,,OSM,11.50105,3.870354
RAPP_001855,2,OSM;HEALTHSITES,True,True,False,way/604756695,way/604756695,,,,,SOC.SANTE.HOPITAL,SOC.SANTE.HOPITAL,,id_osm,,,OSM,13.565136,7.280653
RAPP_001856,2,OSM;HEALTHSITES,True,True,False,way/606155941,way/606155941,,DOS-EELC,DOS-EELC,,SOC.SANTE.HOPITAL,SOC.SANTE.HOPITAL,,id_osm,,,OSM,13.597502,7.308138
RAPP_001857,2,OSM;HEALTHSITES,True,True,False,way/606726088,way/606726088,,CERBC,CERBC,,SOC.SANTE.LABORATOIRE,SOC.SANTE.LABORATOIRE,,id_osm,,,OSM,10.101382,3.815077
RAPP_001858,2,OSM;HEALTHSITES,True,True,False,way/609716780,way/609716780,,Centre de Santé les merveilles,Centre de Santé les merveilles,,SOC.SANTE.CENTRE,SOC.SANTE.CENTRE,,id_osm,,,OSM,11.469108,3.825149
RAPP_001859,2,OSM;HEALTHSITES,True,True,False,way/619442380,way/619442380,,Medicare,Medicare,,SOC.SANTE.HOPITAL,SOC.SANTE.HOPITAL,,id_osm,,,OSM,9.254221,4.153926
RAPP_001860,2,OSM;HEALTHSITES,True,True,False,way/619442381,way/619442381,,Medicare health Center,Medicare health Center,,SOC.SANTE.CENTRE,SOC.SANTE.CENTRE,,id_osm,,,OSM,9.254092,4.153873
RAPP_001861,2,OSM;HEALTHSITES,True,True,False,way/619443120,way/619443120,,Integrated health Center,Integrated health Center,,SOC.SANTE.CENTRE,SOC.SANTE.CENTRE,,id_osm,,,OSM,9.251877,4.15445
RAPP_001862,2,OSM;HEALTHSITES,True,True,False,way/619443360,way/619443360,,Military Hospital,Military Hospital,,SOC.SANTE.HOPITAL,SOC.SANTE.HOPITAL,,id_osm,,,OSM,9.24736,4.154041
RAPP_001863,2,OSM;HEALTHSITES,True,True,False,way/620620338,way/620620338,,Saint Lukes Medical Centre,Saint Lukes Medical Centre,,,,,id_osm,,,OSM,9.273423,4.165724
RAPP_001864,2,OSM;HEALTHSITES,True,True,False,way/620620612,way/620620612,,Sainte Veronica Medical Centre,Sainte Veronica Medical Centre,,,,,id_osm,,,OSM,9.274077,4.156773
RAPP_001865,2,OSM;HEALTHSITES,True,True,False,way/622010167,way/622010167,,Centre de Santé de Batchio syndicat,Centre de Santé de Batchio syndicat,,SOC.SANTE.CENTRE,SOC.SANTE.CENTRE,,id_osm,,,OSM,10.157037,5.569958
RAPP_001866,2,OSM;HEALTHSITES,True,True,False,way/625752196,way/625752196,,Hôpital Régional de Nkongsamba,Hôpital Régional de Nkongsamba,,SOC.SANTE.HOPITAL,SOC.SANTE.HOPITAL,,id_osm,,,OSM,9.934964,4.963756
RAPP_001867,2,OSM;HEALTHSITES,True,True,False,way/627518572,way/627518572,,,,,SOC.SANTE.HOPITAL,SOC.SANTE.HOPITAL,,id_osm,,,OSM,13.578131,7.365367
RAPP_001868,2,OSM;HEALTHSITES,True,True,False,way/632977919,way/632977919,,Hôpital de district de mayo oulo,Hôpital de district de mayo oulo,,SOC.SANTE.HOPITAL,SOC.SANTE.HOPITAL,,id_osm,,,OSM,13.613511,9.967324
RAPP_001869,2,OSM;HEALTHSITES,True,True,False,way/633378645,way/633378645,,Centre Sante Integre Kota-Liddire,Centre Sante Integre Kota-Liddire,,SOC.SANTE.HOPITAL,SOC.SANTE.HOPITAL,,id_osm,,,OSM,13.40463,9.302808
RAPP_001870,2,OSM;HEALTHSITES,True,True,False,way/639495660,way/639495660,,Centre Médical Bethel,Centre Médical Bethel,,SOC.SANTE.HOPITAL,SOC.SANTE.HOPITAL,,id_osm,,,OSM,13.411468,9.324238
RAPP_001871,2,OSM;HEALTHSITES,True,True,False,way/639495741,way/639495741,,Hopital Jésus sauve et guérit Full Gospel Mission,Hopital Jésus sauve et guérit Full Gospel Mission,,SOC.SANTE.HOPITAL,SOC.SANTE.HOPITAL,,id_osm,,,OSM,13.410478,9.328387
RAPP_001872,2,OSM;HEALTHSITES,True,True,False,way/641873762,way/641873762,,Hôpital de district de bibemi,Hôpital de district de bibemi,,SOC.SANTE.HOPITAL,SOC.SANTE.HOPITAL,,id_osm,,,OSM,13.883917,9.310694
RAPP_001873,2,OSM;HEALTHSITES,True,True,False,way/646924770,way/646924770,,Hopital Catholique Deo Gracias,Hopital Catholique Deo Gracias,,SOC.SANTE.CLINIQUE,SOC.SANTE.CLINIQUE,,id_osm,,,OSM,10.448931,3.693744
RAPP_001874,2,OSM;HEALTHSITES,True,True,False,way/653954285,way/653954285,,Centre Hospitalier Régional de Bertoua,Centre Hospitalier Régional de Bertoua,,SOC.SANTE.HOPITAL,SOC.SANTE.HOPITAL,,id_osm,,,OSM,13.671495,4.584038
RAPP_001875,2,OSM;HEALTHSITES,True,True,False,way/656512707,way/656512707,,Centre de santé intégré (CSI),Centre de santé intégré (CSI),,SOC.SANTE.CENTRE,SOC.SANTE.CENTRE,,id_osm,,,OSM,10.228026,5.321385
RAPP_001876,2,OSM;HEALTHSITES,True,True,False,way/665869458,way/665869458,,Père Urs Memorial Clinic,Père Urs Memorial Clinic,,SOC.SANTE.HOPITAL,SOC.SANTE.HOPITAL,,id_osm,,,OSM,11.237736,3.611834
RAPP_001877,2,OSM;HEALTHSITES,True,True,False,way/667560253,way/667560253,,CSI centre de santè Balafotio,CSI centre de santè Balafotio,,SOC.SANTE.CENTRE,SOC.SANTE.CENTRE,,id_osm,,,OSM,10.188892,5.594673
RAPP_001878,2,OSM;HEALTHSITES,True,True,False,way/668824614,way/668824614,,Centre de santé privée catholique de domayo,Centre de santé privée catholique de domayo,,SOC.SANTE.HOPITAL,SOC.SANTE.HOPITAL,,id_osm,,,OSM,14.314861,10.589377
RAPP_001879,2,OSM;HEALTHSITES,True,True,False,way/671999554,way/671999554,,CSPI Bamboué,CSPI Bamboué,,SOC.SANTE.CLINIQUE,SOC.SANTE.CLINIQUE,,id_osm,,,OSM,10.139847,5.586719
RAPP_001880,2,OSM;HEALTHSITES,True,True,False,way/677091780,way/677091780,,,,,SOC.SANTE.CLINIQUE,SOC.SANTE.CLINIQUE,,id_osm,,,OSM,10.041591,5.437858
RAPP_001881,2,OSM;HEALTHSITES,True,True,False,way/677492753,way/677492753,,centre de sante integre de apouh,centre de sante integre de apouh,,SOC.SANTE.CENTRE,SOC.SANTE.CENTRE,,id_osm,,,OSM,10.031024,5.410716
RAPP_001882,2,OSM;HEALTHSITES,True,True,False,way/678138798,way/678138798,,Hôpital Ad Lucem de Bangang,Hôpital Ad Lucem de Bangang,,SOC.SANTE.HOPITAL,SOC.SANTE.HOPITAL,,id_osm,,,OSM,10.160501,5.562205
RAPP_001883,2,OSM;HEALTHSITES,True,True,False,way/679222870,way/679222870,,Centre de santé de Batsintchuet,Centre de santé de Batsintchuet,,SOC.SANTE.CENTRE,SOC.SANTE.CENTRE,,id_osm,,,OSM,10.177561,5.535476
RAPP_001884,2,OSM;HEALTHSITES,True,True,False,way/679260488,way/679260488,,Fondation Mère Martine,Fondation Mère Martine,,SOC.SANTE.CLINIQUE,SOC.SANTE.CLINIQUE,,id_osm,,,OSM,11.552401,3.931629
RAPP_001885,2,OSM;HEALTHSITES,True,True,False,way/685885251,way/685885251,,Centre de Santé Intégré de Tignère,Centre de Santé Intégré de Tignère,,SOC.SANTE.CENTRE,SOC.SANTE.CENTRE,,id_osm,,,OSM,12.649182,7.376254
RAPP_001886,2,OSM;HEALTHSITES,True,True,False,way/685885266,way/685885266,,Hôpital de District de Tignère,Hôpital de District de Tignère,,SOC.SANTE.HOPITAL,SOC.SANTE.HOPITAL,,id_osm,,,OSM,12.657298,7.361093
RAPP_001887,2,OSM;HEALTHSITES,True,True,False,way/686395372,way/686395372,,Hôpital ad Lucem,Hôpital ad Lucem,,SOC.SANTE.HOPITAL,SOC.SANTE.HOPITAL,,id_osm,,,OSM,10.018962,3.745631
RAPP_001888,2,OSM;HEALTHSITES,True,True,False,way/686893783,way/686893783,,CHR de Garoua,CHR de Garoua,,SOC.SANTE.HOPITAL,SOC.SANTE.HOPITAL,,id_osm,,,OSM,13.388011,9.376509
RAPP_001889,2,OSM;HEALTHSITES,True,True,False,way/688337522,way/688337522,,Centr de Sante Integre de Tinguelin;Centre De Santé De Tinguelin,Centr de Sante Integre de Tinguelin;Centre De Santé De Tinguelin,,SOC.SANTE.HOPITAL,SOC.SANTE.HOPITAL,,id_osm,,,OSM,13.381,9.396254
RAPP_001890,2,OSM;HEALTHSITES,True,True,False,way/688695424,way/688695424,,Centre De Santé Intégré Ouro-kanady,Centre De Santé Intégré Ouro-kanady,,SOC.SANTE.HOPITAL,SOC.SANTE.HOPITAL,,id_osm,,,OSM,13.375262,9.303792
RAPP_001891,2,OSM;HEALTHSITES,True,True,False,way/689936938,way/689936938,,Centre De Santé Intégré De Garoua Winde,Centre De Santé Intégré De Garoua Winde,,SOC.SANTE.HOPITAL,SOC.SANTE.HOPITAL,,id_osm,,,OSM,13.347493,9.270627
RAPP_001892,2,OSM;HEALTHSITES,True,True,False,way/689937490,way/689937490,,Hôpital Esperance ( Agréé Profam) Djamboutou,Hôpital Esperance ( Agréé Profam) Djamboutou,,SOC.SANTE.HOPITAL,SOC.SANTE.HOPITAL,,id_osm,,,OSM,13.354976,9.295762
RAPP_001893,2,OSM;HEALTHSITES,True,True,False,way/689938123,way/689938123,,Centre De Santé Martin Luther,Centre De Santé Martin Luther,,SOC.SANTE.HOPITAL,SOC.SANTE.HOPITAL,,id_osm,,,OSM,13.370774,9.289247
RAPP_001894,2,OSM;HEALTHSITES,True,True,False,way/698005808,way/698005808,,Délégation de la Santé Publique,Délégation de la Santé Publique,,SOC.SANTE.HOPITAL,SOC.SANTE.HOPITAL,,id_osm,,,OSM,13.685299,4.57835
RAPP_001895,2,OSM;HEALTHSITES,True,True,False,way/719400574,way/719400574,,Hopital EPC,Hopital EPC,,SOC.SANTE.HOPITAL,SOC.SANTE.HOPITAL,,id_osm,,,OSM,13.289676,4.923238
RAPP_001896,2,OSM;HEALTHSITES,True,True,False,way/720103813,way/720103813,,CMA,CMA,,SOC.SANTE.HOPITAL,SOC.SANTE.HOPITAL,,id_osm,,,OSM,13.289319,4.919647
RAPP_001897,2,OSM;HEALTHSITES,True,True,False,way/721443780,way/721443780,,Centre de Santé Catholique de Batouri,Centre de Santé Catholique de Batouri,,SOC.SANTE.CENTRE,SOC.SANTE.CENTRE,,id_osm,,,OSM,14.365029,4.430185
RAPP_001898,2,OSM;HEALTHSITES,True,True,False,way/723101658,way/723101658,,,,,SOC.SANTE.HOPITAL,SOC.SANTE.HOPITAL,,id_osm,,,OSM,13.348365,2.726553
RAPP_001899,2,OSM;HEALTHSITES,True,True,False,way/745318574,way/745318574,,Bangem Hospital,Bangem Hospital,,SOC.SANTE.HOPITAL,SOC.SANTE.HOPITAL,,id_osm,,,OSM,9.771654,5.079072
RAPP_001900,2,OSM;HEALTHSITES,True,True,False,way/753232486,way/753232486,,Idenau subdivisional Hospital,Idenau subdivisional Hospital,,SOC.SANTE.HOPITAL,SOC.SANTE.HOPITAL,,id_osm,,,OSM,8.996697,4.201507
RAPP_001901,2,OSM;HEALTHSITES,True,True,False,way/753279332,way/753279332,,Centre de santé de santé intégré ouro kessoum,Centre de santé de santé intégré ouro kessoum,,SOC.SANTE.HOPITAL,SOC.SANTE.HOPITAL,,id_osm,,,OSM,13.639509,9.037787
RAPP_001902,2,OSM;HEALTHSITES,True,True,False,way/754225207,way/754225207,,Integrated Health Center,Integrated Health Center,,SOC.SANTE.CENTRE,SOC.SANTE.CENTRE,,id_osm,,,OSM,9.305525,4.140763
RAPP_001903,2,OSM;HEALTHSITES,True,True,False,way/754287016,way/754287016,,Heart Land,Heart Land,,SOC.SANTE.HOPITAL,SOC.SANTE.HOPITAL,,id_osm,,,OSM,9.283559,4.158827
RAPP_001904,2,OSM;HEALTHSITES,True,True,False,way/754528164,way/754528164,,Hôpital de la CDC TIKO,Hôpital de la CDC TIKO,,SOC.SANTE.HOPITAL,SOC.SANTE.HOPITAL,,id_osm,,,OSM,9.354572,4.082471
RAPP_001905,2,OSM;HEALTHSITES,True,True,False,way/754529986,way/754529986,,Saint John Heal Centre,Saint John Heal Centre,,,,,id_osm,,,OSM,9.284052,4.15619
RAPP_001906,2,OSM;HEALTHSITES,True,True,False,way/756253076,way/756253076,,Etoug-Ebe Baptist Hospital,Etoug-Ebe Baptist Hospital,,SOC.SANTE.HOPITAL,SOC.SANTE.HOPITAL,,id_osm,,,OSM,11.483157,3.84996
RAPP_001907,2,OSM;HEALTHSITES,True,True,False,way/756558279,way/756558279,,"cabinet de soins ""la Rose""","cabinet de soins ""la Rose""",,,,,id_osm,,,OSM,11.475988,3.851888
RAPP_001908,2,OSM;HEALTHSITES,True,True,False,way/757668295,way/757668295,,Centre Médical D'arrondissement D'oyom-abam,Centre Médical D'arrondissement D'oyom-abam,,SOC.SANTE.HOPITAL,SOC.SANTE.HOPITAL,,id_osm,,,OSM,11.472848,3.889054
RAPP_001909,2,OSM;HEALTHSITES,True,True,False,way/761466341,way/761466341,,Moyo Polyclinique Yde Cameroun,Moyo Polyclinique Yde Cameroun,,SOC.SANTE.HOPITAL,SOC.SANTE.HOPITAL,,id_osm,,,OSM,11.472629,3.872242
RAPP_001910,2,OSM;HEALTHSITES,True,True,False,way/761532083,way/761532083,,Cabinet Medical Luceole,Cabinet Medical Luceole,,SOC.SANTE.HOPITAL,SOC.SANTE.HOPITAL,,id_osm,,,OSM,11.471518,3.885479
RAPP_001911,2,OSM;HEALTHSITES,True,True,False,way/762007064,way/762007064,,Laboratoire International de Yaoundé,Laboratoire International de Yaoundé,,SOC.SANTE.LABORATOIRE,SOC.SANTE.LABORATOIRE,,id_osm,,,OSM,11.518121,3.899147
RAPP_001912,2,OSM;HEALTHSITES,True,True,False,way/762859831,way/762859831,,,,,SOC.SANTE.CLINIQUE,SOC.SANTE.CLINIQUE,,id_osm,,,OSM,11.549096,3.892815
RAPP_001913,2,OSM;HEALTHSITES,True,True,False,way/763921194,way/763921194,,Fondation Medical Andre Fouda,Fondation Medical Andre Fouda,,SOC.SANTE.HOPITAL,SOC.SANTE.HOPITAL,,id_osm,,,OSM,11.530602,3.87509
RAPP_001914,2,OSM;HEALTHSITES,True,True,False,way/769366899,way/769366899,,Centre Médico-social Vermeille,Centre Médico-social Vermeille,,SOC.SANTE.HOPITAL,SOC.SANTE.HOPITAL,,id_osm,,,OSM,11.556567,3.884171
RAPP_001915,2,OSM;HEALTHSITES,True,True,False,way/781812750,way/781812750,,Centre Neuro-Psychiatrique Sainte Jeanne,Centre Neuro-Psychiatrique Sainte Jeanne,,SOC.SANTE.HOPITAL,SOC.SANTE.HOPITAL,,id_osm,,,OSM,9.743654,4.078712
RAPP_001916,2,OSM;HEALTHSITES,True,True,False,way/785842107,way/785842107,,Integrated Health Centre Mighang-Mbaw,Integrated Health Centre Mighang-Mbaw,,SOC.SANTE.HOPITAL,SOC.SANTE.HOPITAL,,id_osm,,,OSM,10.475565,5.894131
RAPP_001917,2,OSM;HEALTHSITES,True,True,False,way/785842109,way/785842109,,Centre de Sante integre de Mvoua,Centre de Sante integre de Mvoua,,SOC.SANTE.CENTRE,SOC.SANTE.CENTRE,,id_osm,,,OSM,11.430001,4.059897
RAPP_001918,2,OSM;HEALTHSITES,True,True,False,way/785842110,way/785842110,,Centre de Sante de Konabeng,Centre de Sante de Konabeng,,SOC.SANTE.CENTRE,SOC.SANTE.CENTRE,,id_osm,,,OSM,11.338184,4.077026
RAPP_001919,2,OSM;HEALTHSITES,True,True,False,way/785842111,way/785842111,,Centre de Sante Intergre de Song-Onana,Centre de Sante Intergre de Song-Onana,,SOC.SANTE.CENTRE,SOC.SANTE.CENTRE,,id_osm,,,OSM,11.307436,4.06418
RAPP_001920,2,OSM;HEALTHSITES,True,True,False,way/785842112,way/785842112,,Centre de Sante Intergre de VOA II,Centre de Sante Intergre de VOA II,,SOC.SANTE.CENTRE,SOC.SANTE.CENTRE,,id_osm,,,OSM,11.218951,4.020037
RAPP_001921,2,OSM;HEALTHSITES,True,True,False,way/785842113,way/785842113,,Centre de Sante Integre de Badjouma Radier,Centre de Sante Integre de Badjouma Radier,,SOC.SANTE.HOPITAL,SOC.SANTE.HOPITAL,,id_osm,,,OSM,13.638107,9.457856
RAPP_001922,2,OSM;HEALTHSITES,True,True,False,way/785842114,way/785842114,,Centre de Sante de Be,Centre de Sante de Be,,SOC.SANTE.HOPITAL,SOC.SANTE.HOPITAL,,id_osm,,,OSM,13.664234,9.308194
RAPP_001923,2,OSM;HEALTHSITES,True,True,False,way/785842115,way/785842115,,Centre de Sante Langui refugee,Centre de Sante Langui refugee,,SOC.SANTE.HOPITAL,SOC.SANTE.HOPITAL,,id_osm,,,OSM,13.580438,9.345598
RAPP_001924,2,OSM;HEALTHSITES,True,True,False,way/785842116,way/785842116,,Bambalang Health Centre,Bambalang Health Centre,,SOC.SANTE.HOPITAL,SOC.SANTE.HOPITAL,,id_osm,,,OSM,10.52284,5.891191
RAPP_001925,2,OSM;HEALTHSITES,True,True,False,way/786136255,way/786136255,,Centre de sante de Ngoya I,Centre de sante de Ngoya I,,SOC.SANTE.CENTRE,SOC.SANTE.CENTRE,,id_osm,,,OSM,11.452154,3.962243
RAPP_001926,2,OSM;HEALTHSITES,True,True,False,way/786136256,way/786136256,,Centre de sante Integre de Yegassi,Centre de sante Integre de Yegassi,,SOC.SANTE.CENTRE,SOC.SANTE.CENTRE,,id_osm,,,OSM,11.4684,3.993714
RAPP_001927,2,OSM;HEALTHSITES,True,True,False,way/786136257,way/786136257,,Centre de sante integre de Lebot,Centre de sante integre de Lebot,,SOC.SANTE.CENTRE,SOC.SANTE.CENTRE,,id_osm,,,OSM,11.412805,3.998288
RAPP_001928,2,OSM;HEALTHSITES,True,True,False,way/786136258,way/786136258,,Centre de Sante Intergre de Fegmimbang,Centre de Sante Intergre de Fegmimbang,,SOC.SANTE.CENTRE,SOC.SANTE.CENTRE,,id_osm,,,OSM,11.190718,4.044078
RAPP_001929,2,OSM;HEALTHSITES,True,True,False,way/786136259,way/786136259,,Centre de Sante Intergre de Nyemeyon,Centre de Sante Intergre de Nyemeyon,,SOC.SANTE.CENTRE,SOC.SANTE.CENTRE,,id_osm,,,OSM,11.246951,4.042967
RAPP_001930,2,OSM;HEALTHSITES,True,True,False,way/786136260,way/786136260,,Centre de Sante Integre de Nkoldjobe,Centre de Sante Integre de Nkoldjobe,,SOC.SANTE.CENTRE,SOC.SANTE.CENTRE,,id_osm,,,OSM,11.360885,3.963203
RAPP_001931,2,OSM;HEALTHSITES,True,True,False,way/786136261,way/786136261,,Centre de Sante Integre de Ntuissong,Centre de Sante Integre de Ntuissong,,SOC.SANTE.CENTRE,SOC.SANTE.CENTRE,,id_osm,,,OSM,11.318286,4.042079
RAPP_001932,2,OSM;HEALTHSITES,True,True,False,way/786152724,way/786152724,,Centr de Sante Integre de Poussane,Centr de Sante Integre de Poussane,,SOC.SANTE.HOPITAL,SOC.SANTE.HOPITAL,,id_osm,,,OSM,13.511272,9.583411
RAPP_001933,2,OSM;HEALTHSITES,True,True,False,way/786152725,way/786152725,,Centr de Sante Integre de Pene,Centr de Sante Integre de Pene,,SOC.SANTE.HOPITAL,SOC.SANTE.HOPITAL,,id_osm,,,OSM,13.621536,9.585286
RAPP_001934,2,OSM;HEALTHSITES,True,True,False,way/786152726,way/786152726,,Centr de Sante Integre de Banaye,Centr de Sante Integre de Banaye,,SOC.SANTE.HOPITAL,SOC.SANTE.HOPITAL,,id_osm,,,OSM,13.507924,9.464958
RAPP_001935,2,OSM;HEALTHSITES,True,True,False,way/786152727,way/786152727,,Centre de Sante Integre de Ouro Bocki,Centre de Sante Integre de Ouro Bocki,,SOC.SANTE.HOPITAL,SOC.SANTE.HOPITAL,,id_osm,,,OSM,13.547912,9.483561
RAPP_001936,2,OSM;HEALTHSITES,True,True,False,way/786152729,way/786152729,,Centre de Sante Integre de Badjouma Centre,Centre de Sante Integre de Badjouma Centre,,SOC.SANTE.HOPITAL,SOC.SANTE.HOPITAL,,id_osm,,,OSM,13.655791,9.396989
RAPP_001937,2,OSM;HEALTHSITES,True,True,False,way/786152730,way/786152730,,Centre de Sante Integre de Nguebake,Centre de Sante Integre de Nguebake,,SOC.SANTE.HOPITAL,SOC.SANTE.HOPITAL,,id_osm,,,OSM,13.540693,9.370755
RAPP_001938,2,OSM;HEALTHSITES,True,True,False,way/786152731,way/786152731,,Hopital de Seurs de Pitoa,Hopital de Seurs de Pitoa,,SOC.SANTE.HOPITAL,SOC.SANTE.HOPITAL,,id_osm,,,OSM,13.510699,9.392472
RAPP_001939,2,OSM;HEALTHSITES,True,True,False,way/786152732,way/786152732,,St.John the Baptist Catholic Health Centre,St.John the Baptist Catholic Health Centre,,SOC.SANTE.HOPITAL,SOC.SANTE.HOPITAL,,id_osm,,,OSM,10.443637,5.985951
RAPP_001940,2,OSM;HEALTHSITES,True,True,False,way/786152734,way/786152734,,St.Theresia's Catholic Health Centre,St.Theresia's Catholic Health Centre,,SOC.SANTE.HOPITAL,SOC.SANTE.HOPITAL,,id_osm,,,OSM,10.365414,5.999491
RAPP_001941,2,OSM;HEALTHSITES,True,True,False,way/786152735,way/786152735,,Nightingale Marternity Home,Nightingale Marternity Home,,SOC.SANTE.HOPITAL,SOC.SANTE.HOPITAL,,id_osm,,,OSM,10.39322,5.980925
RAPP_001942,2,OSM;HEALTHSITES,True,True,False,way/786152736,way/786152736,,Health Centre Mbekut,Health Centre Mbekut,,SOC.SANTE.HOPITAL,SOC.SANTE.HOPITAL,,id_osm,,,OSM,10.422384,5.945278
RAPP_001943,2,OSM;HEALTHSITES,True,True,False,way/786152737,way/786152737,,Health Centre Mbongousalle,Health Centre Mbongousalle,,SOC.SANTE.HOPITAL,SOC.SANTE.HOPITAL,,id_osm,,,OSM,10.446531,5.944401
RAPP_001944,2,OSM;HEALTHSITES,True,True,False,way/786152738,way/786152738,,Bamenda Polyclinic,Bamenda Polyclinic,,SOC.SANTE.HOPITAL,SOC.SANTE.HOPITAL,,id_osm,,,OSM,10.139375,5.945914
RAPP_001945,2,OSM;HEALTHSITES,True,True,False,way/786152739,way/786152739,,Bamessing Health Centre,Bamessing Health Centre,,SOC.SANTE.HOPITAL,SOC.SANTE.HOPITAL,,id_osm,,,OSM,10.347163,5.971129
RAPP_001946,2,OSM;HEALTHSITES,True,True,False,way/786152740,way/786152740,,Centre de santé,Centre de santé,,SOC.SANTE.CENTRE,SOC.SANTE.CENTRE,,id_osm,,,OSM,10.570237,4.053787
RAPP_001947,2,OSM;HEALTHSITES,True,True,False,way/786152741,way/786152741,,Compationate Health Center,Compationate Health Center,,SOC.SANTE.CENTRE,SOC.SANTE.CENTRE,,id_osm,,,OSM,9.303179,4.173824
RAPP_001948,2,OSM;HEALTHSITES,True,True,False,way/786152742,way/786152742,,Dr FRU health Center,Dr FRU health Center,,SOC.SANTE.CENTRE,SOC.SANTE.CENTRE,,id_osm,,,OSM,9.301847,4.165483
RAPP_001949,2,OSM;HEALTHSITES,True,True,False,way/786195956,way/786195956,,Integrated Health Centre Molyko,Integrated Health Centre Molyko,,SOC.SANTE.CENTRE,SOC.SANTE.CENTRE,,id_osm,,,OSM,9.285273,4.160574
RAPP_001950,2,OSM;HEALTHSITES,True,True,False,way/786195957,way/786195957,,KEBAH Health Center,KEBAH Health Center,,SOC.SANTE.CENTRE,SOC.SANTE.CENTRE,,id_osm,,,OSM,9.302191,4.176651
RAPP_001951,2,OSM;HEALTHSITES,True,True,False,way/786195959,way/786195959,,Molyko Hospital (INCOREHCC),Molyko Hospital (INCOREHCC),,SOC.SANTE.HOPITAL,SOC.SANTE.HOPITAL,,id_osm,,,OSM,9.288662,4.163303
RAPP_001952,2,OSM;HEALTHSITES,True,True,False,way/786195960,way/786195960,,Centre de Santé des Soeurs,Centre de Santé des Soeurs,,SOC.SANTE.CENTRE,SOC.SANTE.CENTRE,,id_osm,,,OSM,10.613402,5.652121
RAPP_001953,2,OSM;HEALTHSITES,True,True,False,way/786195961,way/786195961,,Health Center,Health Center,,SOC.SANTE.CENTRE,SOC.SANTE.CENTRE,,id_osm,,,OSM,9.23669,5.636244
RAPP_001954,2,OSM;HEALTHSITES,True,True,False,way/786195962,way/786195962,,Gazawa cicr,Gazawa cicr,,SOC.SANTE.HOPITAL,SOC.SANTE.HOPITAL,,id_osm,,,OSM,14.143332,10.481458
RAPP_001955,2,OSM;HEALTHSITES,True,True,False,way/786195963,way/786195963,,Centre de Santé Catholique de Bikop,Centre de Santé Catholique de Bikop,,SOC.SANTE.CENTRE,SOC.SANTE.CENTRE,,id_osm,,,OSM,11.415518,3.528607
RAPP_001956,2,OSM;HEALTHSITES,True,True,False,way/786503539,way/786503539,,Centre de Santé Intégré Catholique de Nkol Mebanga,Centre de Santé Intégré Catholique de Nkol Mebanga,,SOC.SANTE.CENTRE,SOC.SANTE.CENTRE,,id_osm,,,OSM,11.415853,4.400174
RAPP_001957,2,OSM;HEALTHSITES,True,True,False,way/786503540,way/786503540,,Centre de Santé Intégrée de Mokolo 1,Centre de Santé Intégrée de Mokolo 1,,SOC.SANTE.CENTRE,SOC.SANTE.CENTRE,,id_osm,,,OSM,13.685116,4.578556
RAPP_001958,2,OSM;HEALTHSITES,True,True,False,way/786503541,way/786503541,,Centre De Santé De Lowel,Centre De Santé De Lowel,,SOC.SANTE.HOPITAL,SOC.SANTE.HOPITAL,,id_osm,,,OSM,13.372594,9.275879
RAPP_001959,2,OSM;HEALTHSITES,True,True,False,way/786503543,way/786503543,,Centre de santé de bame,Centre de santé de bame,,SOC.SANTE.HOPITAL,SOC.SANTE.HOPITAL,,id_osm,,,OSM,13.60124,9.079189
RAPP_001960,2,OSM;HEALTHSITES,True,True,False,way/786503545,way/786503545,,Hôpital Atlantic,Hôpital Atlantic,,SOC.SANTE.HOPITAL,SOC.SANTE.HOPITAL,,id_osm,,,OSM,9.321616,4.089304
RAPP_001961,2,OSM;HEALTHSITES,True,True,False,way/786503546,way/786503546,,,,,SOC.SANTE.HOPITAL,SOC.SANTE.HOPITAL,,id_osm,,,OSM,15.331487,3.487314
RAPP_001962,2,OSM;HEALTHSITES,True,True,False,way/786503547,way/786503547,,Centre médical d'arrondissement de Gari Gombo,Centre médical d'arrondissement de Gari Gombo,,SOC.SANTE.HOPITAL,SOC.SANTE.HOPITAL,,id_osm,,,OSM,15.113949,3.926588
RAPP_001963,2,OSM;HEALTHSITES,True,True,False,way/788866451,way/788866451,,,,,SOC.SANTE.HOPITAL,SOC.SANTE.HOPITAL,,id_osm,,,OSM,12.809424,3.537383
RAPP_001964,2,OSM;HEALTHSITES,True,True,False,way/797865196,way/797865196,,Health Centre Mbatonoh,Health Centre Mbatonoh,,SOC.SANTE.HOPITAL,SOC.SANTE.HOPITAL,,id_osm,,,OSM,10.52311,5.891224
RAPP_001965,2,OSM;HEALTHSITES,True,True,False,way/798274793,way/798274793,,Centre de vaccination International,Centre de vaccination International,,SOC.SANTE.HOPITAL,SOC.SANTE.HOPITAL,,id_osm,,,OSM,13.68474,4.578876
RAPP_001966,2,OSM;HEALTHSITES,True,True,False,way/838713825,way/838713825,,Centre médical d'arrondissement d'Ebone,Centre médical d'arrondissement d'Ebone,,SOC.SANTE.CENTRE,SOC.SANTE.CENTRE,,id_osm,,,OSM,9.893337,4.879486
RAPP_001967,2,OSM;HEALTHSITES,True,True,False,way/839757888,way/839757888,,,,,SOC.SANTE.HOPITAL,SOC.SANTE.HOPITAL,,id_osm,,,OSM,13.931782,9.935836
RAPP_001968,2,OSM;HEALTHSITES,True,True,False,way/860642766,way/860642766,,Centre Hospitalier Mère-Enfant Deo Gratias,Centre Hospitalier Mère-Enfant Deo Gratias,,SOC.SANTE.CLINIQUE,SOC.SANTE.CLINIQUE,,id_osm,,,OSM,11.492261,3.895988
RAPP_001969,2,OSM;HEALTHSITES,True,True,False,way/885517104,way/885517104,,Centre Médical d'Arrondissement de Somalomo,Centre Médical d'Arrondissement de Somalomo,,SOC.SANTE.HOPITAL,SOC.SANTE.HOPITAL,,id_osm,,,OSM,12.735621,3.389268
RAPP_001970,2,OSM;HEALTHSITES,True,True,False,way/886692366,way/886692366,,IAI-infirmerie,IAI-infirmerie,,SOC.SANTE.CLINIQUE,SOC.SANTE.CLINIQUE,,id_osm,,,OSM,11.558618,3.813782
RAPP_001971,2,OSM;HEALTHSITES,True,True,False,way/893289529,way/893289529,,Centre de Santé Intégré - CSI,Centre de Santé Intégré - CSI,,SOC.SANTE.HOPITAL,SOC.SANTE.HOPITAL,,id_osm,,,OSM,14.265284,10.581185
RAPP_001972,2,OSM;HEALTHSITES,True,True,False,way/894942019,way/894942019,,Hôpital de District de Bafang,Hôpital de District de Bafang,,SOC.SANTE.HOPITAL,SOC.SANTE.HOPITAL,,id_osm,,,OSM,10.169869,5.151464
RAPP_001973,2,OSM;HEALTHSITES,True,True,False,way/902733086,way/902733086,,CSI de Koagoh,CSI de Koagoh,,SOC.SANTE.CENTRE,SOC.SANTE.CENTRE,,id_osm,,,OSM,10.209032,5.484475
RAPP_001974,2,OSM;HEALTHSITES,True,True,False,way/902788504,way/902788504,,Centre de santé SIFO,Centre de santé SIFO,,SOC.SANTE.CENTRE,SOC.SANTE.CENTRE,,id_osm,,,OSM,10.147473,5.445511
RAPP_001975,2,OSM;HEALTHSITES,True,True,False,way/902788507,way/902788507,,CSI de Tang,CSI de Tang,,SOC.SANTE.CENTRE,SOC.SANTE.CENTRE,,id_osm,,,OSM,10.147904,5.451495
RAPP_001976,2,OSM;HEALTHSITES,True,True,False,way/904160103,way/904160103,,CSI de Balefock,CSI de Balefock,,SOC.SANTE.CENTRE,SOC.SANTE.CENTRE,,id_osm,,,OSM,10.13135,5.391407
RAPP_001977,2,OSM;HEALTHSITES,True,True,False,way/904169552,way/904169552,,Clinique Sainte Emilienne,Clinique Sainte Emilienne,,,,,id_osm,,,OSM,10.155794,5.414061
RAPP_001978,2,OSM;HEALTHSITES,True,True,False,way/904169555,way/904169555,,CSI de Bamendou II,CSI de Bamendou II,,SOC.SANTE.CENTRE,SOC.SANTE.CENTRE,,id_osm,,,OSM,10.160968,5.418128
RAPP_001979,2,OSM;HEALTHSITES,True,True,False,way/904182373,way/904182373,,CSI de Batoula,CSI de Batoula,,SOC.SANTE.CENTRE,SOC.SANTE.CENTRE,,id_osm,,,OSM,10.162592,5.400663
RAPP_001980,2,OSM;HEALTHSITES,True,True,False,way/905691524,way/905691524,,CSI de Bamendou chefferie,CSI de Bamendou chefferie,,SOC.SANTE.CENTRE,SOC.SANTE.CENTRE,,id_osm,,,OSM,10.195702,5.459449
RAPP_001981,2,OSM;HEALTHSITES,True,True,False,way/905691530,way/905691530,,CSI de Leo,CSI de Leo,,SOC.SANTE.CENTRE,SOC.SANTE.CENTRE,,id_osm,,,OSM,10.170409,5.455096
RAPP_001982,2,OSM;HEALTHSITES,True,True,False,way/905691541,way/905691541,,CSI de Metchou,CSI de Metchou,,SOC.SANTE.CENTRE,SOC.SANTE.CENTRE,,id_osm,,,OSM,10.21561,5.437057
RAPP_001983,2,OSM;HEALTHSITES,True,True,False,way/938840808,way/938840808,,CMS Secours Bangou,CMS Secours Bangou,,SOC.SANTE.CLINIQUE,SOC.SANTE.CLINIQUE,,id_osm,,,OSM,10.395119,5.249725
RAPP_001984,2,OSM;HEALTHSITES,True,True,False,way/938848974,way/938848974,,,,,SOC.SANTE.HOPITAL,SOC.SANTE.HOPITAL,,id_osm,,,OSM,10.398224,5.255573
RAPP_001985,2,OSM;HEALTHSITES,True,True,False,way/942380257,way/942380257,,Centre de Santé Intégré de Demsiem,Centre de Santé Intégré de Demsiem,,SOC.SANTE.CENTRE,SOC.SANTE.CENTRE,,id_osm,,,OSM,10.461633,5.461517
RAPP_001986,2,OSM;HEALTHSITES,True,True,False,way/946643060,way/946643060,,,,,SOC.SANTE.HOPITAL,SOC.SANTE.HOPITAL,,id_osm,,,OSM,8.873085,4.950665
RAPP_001987,2,OSM;HEALTHSITES,True,True,False,way/963627862,way/963627862,,Hopital du palais,Hopital du palais,,SOC.SANTE.HOPITAL,SOC.SANTE.HOPITAL,,id_osm,,,OSM,10.900674,5.731893
RAPP_001988,2,OSM;HEALTHSITES,True,True,False,way/965889854,way/965889854,,Hôpital Régional Annexe d'Ayos,Hôpital Régional Annexe d'Ayos,,SOC.SANTE.HOPITAL,SOC.SANTE.HOPITAL,,id_osm,,,OSM,12.530735,3.898812
RAPP_001989,2,OSM;HEALTHSITES,True,True,False,way/968739667,way/968739667,,Centre de santé intégré,Centre de santé intégré,,SOC.SANTE.HOPITAL,SOC.SANTE.HOPITAL,,id_osm,,,OSM,14.748732,4.187764
RAPP_001990,2,OSM;HEALTHSITES,True,True,False,way/996708832,way/996708832,,Centre Medical de Bamendjin,Centre Medical de Bamendjin,,SOC.SANTE.HOPITAL,SOC.SANTE.HOPITAL,,id_osm,,,OSM,10.486527,5.701376
RAPP_001991,1,OSM,True,False,False,node/10225261818,,,,,,,,,,,,OSM,11.477004,3.840925
RAPP_001992,1,OSM,True,False,False,node/10767246405,,,,,,SOC.SANTE.CENTRE,,,,,,OSM,11.468079,3.82523
RAPP_001993,1,OSM,True,False,False,node/11455040216,,,Centre e sabrer La Faveur,,,,,,,,,OSM,11.472768,3.872208
RAPP_001994,1,OSM,True,False,False,node/11455041224,,,Centre de santé Afrimvoe,,,,,,,,,OSM,11.469072,3.871405
RAPP_001995,1,OSM,True,False,False,node/11455050199,,,Centre de santé Saint Étienne,,,,,,,,,OSM,11.479178,3.870458
RAPP_001996,1,OSM,True,False,False,node/11465436593,,,Aura Cameroun,,,,,,,,,OSM,11.517107,3.868211
RAPP_001997,1,OSM,True,False,False,node/11469899844,,,Centre médical de la police,,,SOC.SANTE.CENTRE,,,,,,OSM,11.148348,2.919593
RAPP_001998,1,OSM,True,False,False,node/11469902170,,,centre de santé intègre urbain,,,SOC.SANTE.CENTRE,,,,,,OSM,11.147506,2.920775
RAPP_001999,1,OSM,True,False,False,node/11469902175,,,inspection medico scolaire,,,,,,,,,OSM,11.147578,2.921892
RAPP_002000,1,OSM,True,False,False,node/11510522517,,,Centre De Santé Sante Elisabeth,,,,,,,,,OSM,11.47339,3.83894
RAPP_002001,1,OSM,True,False,False,node/11559732219,,,Safe Care Centre,,,,,,,,,OSM,11.48746,3.8083
RAPP_002002,1,OSM,True,False,False,node/11752391056,,,Miserocorde,,,,,,,,,OSM,11.50367,3.862718
RAPP_002003,1,OSM,True,False,False,node/11752575106,,,Centre médico social,,,,,,,,,OSM,11.50443,3.858026
RAPP_002004,1,OSM,True,False,False,node/11930608148,,,,,,,,,,,,OSM,13.718537,7.144664
RAPP_002005,1,OSM,True,False,False,node/12488863093,,,Pharmacie Botanik,,,SOC.SANTE.PHARMACIE,,,,,,OSM,11.572986,3.861166
RAPP_002006,1,OSM,True,False,False,node/12718366980,,,Centre de Santé Province De Koudandeng,,,,,,,,,OSM,11.483048,4.097487
RAPP_002007,1,OSM,True,False,False,node/12721998234,,,Centre de Santé Intègre Catholique de Nkomotou,,,,,,,,,OSM,11.546326,4.041724
RAPP_002008,1,OSM,True,False,False,node/12722817950,,,Centre de santé de Nlong,,,,,,,,,OSM,11.202239,3.817656
RAPP_002009,1,OSM,True,False,False,node/12723145387,,,Hôpital des soeurs d'Evodoula,,,,,,,,,OSM,11.202249,4.097086
RAPP_002010,1,OSM,True,False,False,node/12723740355,,,Centre de santé de Nlong,,,,,,,,,OSM,11.202237,3.817653
RAPP_002011,1,OSM,True,False,False,node/12726921733,,,Centre de Santé Intégré de Nkog-Mbog,,,,,,,,,OSM,11.342011,4.24156
RAPP_002012,1,OSM,True,False,False,node/12726933760,,,Centre de Santé d'Etoud Ayos,,,,,,,,,OSM,11.402575,4.108358
RAPP_002013,1,OSM,True,False,False,node/12728702079,,,,,,,,,,,,OSM,12.164063,4.152543
RAPP_002014,1,OSM,True,False,False,node/12728702886,,,Centre de santé de Mobolo,,,,,,,,,OSM,12.08913,4.261831
RAPP_002015,1,OSM,True,False,False,node/12728876739,,,Notre Dame de la Merci de Nguinda,,,,,,,,,OSM,12.378334,4.64265
RAPP_002016,1,OSM,True,False,False,node/12729419795,,,Cabinet de soins Marie Gorethie,,,,,,,,,OSM,12.374984,4.671401
RAPP_002017,1,OSM,True,False,False,node/12730342921,,,Centre de santé Intégré de Minta,,,,,,,,,OSM,12.822333,4.564787
RAPP_002018,1,OSM,True,False,False,node/12730633863,,,Sainte Famille,,,,,,,,,OSM,12.813074,4.871461
RAPP_002019,1,OSM,True,False,False,node/12730696751,,,Centre de Santé Intégré de Grand Mengue,,,,,,,,,OSM,12.764397,4.935886
RAPP_002020,1,OSM,True,False,False,node/12731256764,,,Centre de Santé de Ouassa Bamvele,,,,,,,,,OSM,12.605487,4.888371
RAPP_002021,1,OSM,True,False,False,node/12759413245,,,Centre de Santé Intégré de Nkol Vak,,,,,,,,,OSM,11.526229,4.307288
RAPP_002022,1,OSM,True,False,False,node/12760842965,,,Centre de santé de Mvom Nam,,,,,,,,,OSM,11.464182,4.429018
RAPP_002023,1,OSM,True,False,False,node/12760866824,,,Centre de santé de Nkolvé,,,,,,,,,OSM,11.501923,4.295082
RAPP_002024,1,OSM,True,False,False,node/12762652656,,,Centre de Santé Ste Marie de Nkometou I,,,,,,,,,OSM,11.550591,4.056691
RAPP_002025,1,OSM,True,False,False,node/12875750203,,,La Référence,,,,,,,,,OSM,11.507299,3.896283
RAPP_002026,1,OSM,True,False,False,node/12892616083,,,Centre de santé l'assurance,,,,,,,,,OSM,11.575705,3.899619
RAPP_002027,1,OSM,True,False,False,node/12949066528,,,Advanced Médical Center,,,,,,,,,OSM,11.483088,3.836515
RAPP_002028,1,OSM,True,False,False,node/13049515070,,,Centre Médical de la Miséricorde Divine,,,,,,,,,OSM,11.549215,3.776331
RAPP_002029,1,OSM,True,False,False,node/13061317869,,,Centre de Santé Le Repère,,,,,,,,,OSM,9.741758,4.000965
RAPP_002030,1,OSM,True,False,False,node/13176510129,,,Centre de santé Fogap,,,,,,,,,OSM,11.496127,3.839397
RAPP_002031,1,OSM,True,False,False,node/13271993910,,,centre de santé intégré de ntuesson,,,SOC.SANTE.CENTRE,,,,,,OSM,11.609427,3.928248
RAPP_002032,1,OSM,True,False,False,node/13272044796,,,centre de santé saint jean,,,SOC.SANTE.CENTRE,,,,,,OSM,11.546879,3.986383
RAPP_002033,1,OSM,True,False,False,node/13272056303,,,centre de santé saint emmanuel,,,SOC.SANTE.CENTRE,,,,,,OSM,11.557678,3.99359
RAPP_002034,1,OSM,True,False,False,node/13272319574,,,centre de santé,,,SOC.SANTE.CENTRE,,,,,,OSM,11.589626,3.956333
RAPP_002035,1,OSM,True,False,False,node/13272319587,,,hopital district de soa,,,,,,,,,OSM,11.594292,3.984477
RAPP_002036,1,OSM,True,False,False,node/13276294275,,,centre de santé de ting melen commune rurale de soa,,,,,,,,,OSM,11.62503,3.888241
RAPP_002037,1,OSM,True,False,False,node/13276294280,,,centre de santé intégré d'abom,,,SOC.SANTE.CENTRE,,,,,,OSM,11.575965,3.887176
RAPP_002038,1,OSM,True,False,False,node/13421374141,,,La Grâce,,,,,,,,,OSM,11.564093,3.883407
RAPP_002039,1,OSM,True,False,False,node/13424594989,,,Pharmacie St Pierre,,,SOC.SANTE.PHARMACIE,,,,,,OSM,9.728675,4.014534
RAPP_002040,1,OSM,True,False,False,node/13532527902,,,Vision Care Centre,,,,,,,,,OSM,11.515894,3.870458
RAPP_002041,1,OSM,True,False,False,node/13577920710,,,Baden Dental Care,,,,,,,,,OSM,11.537689,3.873109
RAPP_002042,1,OSM,True,False,False,node/13592517229,,,Centre de santé l'assurance,,,,,,,,,OSM,11.575705,3.899619
RAPP_002043,1,OSM,True,False,False,node/13666402501,,,,,,SOC.SANTE.HOPITAL,,,,,,OSM,10.780645,6.720414
RAPP_002044,1,OSM,True,False,False,node/13689526139,,,Centre Médical Saint Jacques de Minkama,,,,,,,,,OSM,11.541381,4.173769
RAPP_002045,1,OSM,True,False,False,node/13800887167,,,,,,SOC.SANTE.PHARMACIE,,,,,,OSM,11.504962,3.854265
RAPP_002046,1,OSM,True,False,False,node/13800887173,,,,,,SOC.SANTE.PHARMACIE,,,,,,OSM,11.505026,3.853964
RAPP_002047,1,OSM,True,False,False,node/13885722182,,,Pharmacie de la Valée,,,SOC.SANTE.PHARMACIE,,,,,,OSM,11.522679,3.866569
RAPP_002048,1,OSM,True,False,False,node/14007239910,,,La Rochère,,,,,,,,,OSM,9.740435,4.005473
RAPP_002049,1,OSM,True,False,False,node/14017369726,,,Centre Médical Promhandicam,,,,,,,,,OSM,11.552373,3.868989
RAPP_002050,1,OSM,True,False,False,node/14043545119,,,Pharmacie M&M,,,SOC.SANTE.PHARMACIE,,,,,,OSM,11.49397,3.863106
RAPP_002051,1,OSM,True,False,False,node/14097013102,,,CSI BEKA HOSSERE,,,SOC.SANTE.HOPITAL,,,,,,OSM,13.549706,7.311006
RAPP_002052,1,OSM,True,False,False,node/14180353487,,,Centre De Santé D'allat Mengack,,,SOC.SANTE.CENTRE,,,,,,OSM,12.479979,6.507538
RAPP_002053,1,OSM,True,False,False,node/14222035648,,,Le Temps,,,,,,,,,OSM,11.540116,3.908885
RAPP_002054,1,OSM,True,False,False,node/14243538170,,,Hôpital catholique,,,SOC.SANTE.HOPITAL,,,,,,OSM,14.35493,4.440949
RAPP_002055,1,OSM,True,False,False,node/1849281871,,,Hôpital de Batouri,,,SOC.SANTE.HOPITAL,,,,,,OSM,14.372657,4.448544
RAPP_002056,1,OSM,True,False,False,node/5555944380,,,Centre médical,,,SOC.SANTE.CENTRE,,,,,,OSM,12.120318,4.506377
RAPP_002057,1,OSM,True,False,False,node/6738480445,,,Polyclinique des promoteurs de la santé,,,,,,,,,OSM,11.50025,3.850904
RAPP_002058,1,OSM,True,False,False,node/6799334990,,,Centre de Santé Catholique Intégré Notre Dame de Compassion d'Elig Mfomo,,,,,,,,,OSM,11.347139,4.157969
RAPP_002059,1,OSM,True,False,False,node/7667105785,,,Centre de Santé Intégré Catholique de Saint Martin d'Emana,,,,,,,,,OSM,11.343689,4.266431
RAPP_002060,1,OSM,True,False,False,node/7670720085,,,Centre de Santé Intégré Catholique Saint Paul de Monabo,,,,,,,,,OSM,11.268549,4.227876
RAPP_002061,1,OSM,True,False,False,node/7877218869,,,Sapeo Health Clinic,,,,,,,,,OSM,12.385942,8.458433
RAPP_002062,1,OSM,True,False,False,node/7934919874,,,Le bon berger,,,SOC.SANTE.CENTRE,,,,,,OSM,9.927469,2.953213
RAPP_002063,1,OSM,True,False,False,node/7934919877,,,Infirmerie De Garnison,,,SOC.SANTE.CENTRE,,,,,,OSM,9.911424,2.943784
RAPP_002064,1,OSM,True,False,False,node/7934919878,,,Afrika Optic Médical,,,SOC.SANTE.CENTRE,,,,,,OSM,9.924328,2.950318
RAPP_002065,1,OSM,True,False,False,node/7934919880,,,Centre de soins medicaux sanitaires bethseda,,,SOC.SANTE.CENTRE,,,,,,OSM,9.917114,2.94853
RAPP_002066,1,OSM,True,False,False,node/7934919881,,,Centre Médicale Hôtel Dieu,,,SOC.SANTE.CENTRE,,,,,,OSM,9.911642,2.953547
RAPP_002067,1,OSM,True,False,False,node/7934919882,,,HCP Humanidab Calobarion Progreso,,,SOC.SANTE.CENTRE,,,,,,OSM,9.912803,2.944783
RAPP_002068,1,OSM,True,False,False,node/7934919883,,,Wougly,,,SOC.SANTE.CENTRE,,,,,,OSM,9.909537,2.939799
RAPP_002069,1,OSM,True,False,False,node/7934919884,,,Centre de sante la charité,,,SOC.SANTE.CENTRE,,,,,,OSM,9.920957,2.960172
RAPP_002070,1,OSM,True,False,False,node/7934962485,,,District De Santé De Kribi,,,SOC.SANTE.CENTRE,,,,,,OSM,9.908669,2.943085
RAPP_002071,1,OSM,True,False,False,node/7934962486,,,Centre de santé integré baptiste de kribi,,,SOC.SANTE.CENTRE,,,,,,OSM,9.916588,2.953581
RAPP_002072,1,OSM,True,False,False,node/7934962487,,,Centre médical CIMGE,,,SOC.SANTE.CENTRE,,,,,,OSM,9.924141,2.949696
RAPP_002073,1,OSM,True,False,False,node/7934962490,,,La salette,,,SOC.SANTE.CENTRE,,,,,,OSM,9.925301,2.951704
RAPP_002074,1,OSM,True,False,False,node/7934962492,,,Gic Santé Médical Saint Esprit,,,SOC.SANTE.CENTRE,,,,,,OSM,9.913509,2.944148
RAPP_002075,1,OSM,True,False,False,node/7934962493,,,Centre de santé la difference,,,SOC.SANTE.CENTRE,,,,,,OSM,9.919553,2.956085
RAPP_002076,1,OSM,True,False,False,relation/11046949,,,Hopital de District d'Okola,,,SOC.SANTE.HOPITAL,,,,,,OSM,11.382878,4.026687
RAPP_002077,1,OSM,True,False,False,relation/11046950,,,,,,SOC.SANTE.HOPITAL,,,,,,OSM,11.382878,4.026687
RAPP_002078,1,OSM,True,False,False,relation/11047295,,,Ndop District Hospital,,,SOC.SANTE.HOPITAL,,,,,,OSM,10.445031,6.000896
RAPP_002079,1,OSM,True,False,False,relation/11050065,,,,,,SOC.SANTE.HOPITAL,,,,,,OSM,13.659414,9.060552
RAPP_002080,1,OSM,True,False,False,relation/11993012,,,Hôpital Jamot,,,SOC.SANTE.HOPITAL,,,,,,OSM,11.519479,3.900454
RAPP_002081,1,OSM,True,False,False,relation/2595993,,,Hôpital Gynéco Obstétrique et Pédiatrique de Yaoundé,,,SOC.SANTE.HOPITAL,,,,,,OSM,11.539478,3.907753
RAPP_002082,1,OSM,True,False,False,relation/3988605,,,,,,SOC.SANTE.PHARMACIE,,,,,,OSM,9.734991,4.024599
RAPP_002083,1,OSM,True,False,False,relation/5405999,,,Presbyterian Medical Services,,,SOC.SANTE.HOPITAL,,,,,,OSM,9.397047,5.21693
RAPP_002084,1,OSM,True,False,False,relation/7023178,,,Centre de Santé de Kouro Mokdaye,,,SOC.SANTE.CENTRE,,,,,,OSM,15.044399,10.425063
RAPP_002085,1,OSM,True,False,False,relation/7094617,,,Centre Médical d'Arrondissement de Ndoh,,,SOC.SANTE.CENTRE,,,,,,OSM,10.080427,5.557792
RAPP_002086,1,OSM,True,False,False,way/1156511029,,,,,,SOC.SANTE.CENTRE,,,,,,OSM,10.166898,5.160516
RAPP_002087,1,OSM,True,False,False,way/1156511030,,,,,,SOC.SANTE.CENTRE,,,,,,OSM,10.166934,5.160674
RAPP_002088,1,OSM,True,False,False,way/1156511031,,,,,,SOC.SANTE.CENTRE,,,,,,OSM,10.166775,5.160667
RAPP_002089,1,OSM,True,False,False,way/1156511032,,,,,,SOC.SANTE.CENTRE,,,,,,OSM,10.167054,5.160442
RAPP_002090,1,OSM,True,False,False,way/1156511033,,,,,,SOC.SANTE.CENTRE,,,,,,OSM,10.166809,5.160424
RAPP_002091,1,OSM,True,False,False,way/1156511034,,,,,,SOC.SANTE.CENTRE,,,,,,OSM,10.16687,5.1606
RAPP_002092,1,OSM,True,False,False,way/1322608823,,,Centre de santé de Nkolabang,,,,,,,,,OSM,11.140849,4.112793
RAPP_002093,1,OSM,True,False,False,way/1322906764,,,CSI de Mbébé,,,,,,,,,OSM,11.015971,4.161262
RAPP_002094,1,OSM,True,False,False,way/192829924,,,Centre Médical d’Arrondissement d’Elig-Essono,,,,,,,,,OSM,11.524635,3.870013
RAPP_002095,1,OSM,True,False,False,way/284478109,,,Centre de Santé Intégrée D'allat Mengack,,,SOC.SANTE.CENTRE,,,,,,OSM,12.479965,6.50748
RAPP_002096,1,OSM,True,False,False,way/293584419,,,,,,,,,,,,OSM,15.031032,4.170362
RAPP_002097,1,OSM,True,False,False,way/390831458,,,Centre de santé intégré,,,SOC.SANTE.CENTRE,,,,,,OSM,11.81514,4.402652
RAPP_002098,1,OSM,True,False,False,way/399973349,,,Unité Régionale de lutte contre le SIDA,,,,,,,,,OSM,14.313911,10.603232
RAPP_002099,1,OSM,True,False,False,way/511766037,,,CMA de Nkolbisson,,,SOC.SANTE.CENTRE,,,,,,OSM,11.426664,3.867793
RAPP_002100,1,OSM,True,False,False,way/603539790,,,,,,,,,,,,OSM,13.54992,7.311073
RAPP_002101,1,OSM,True,False,False,way/683517747,,,,,,,,,,,,OSM,11.860244,4.151496
RAPP_002102,1,OSM,True,False,False,way/685675038,,,,,,,,,,,,OSM,10.177997,5.962805
RAPP_002103,1,OSM,True,False,False,way/701272473,,,Centre Medical Universitaire,,,SOC.SANTE.CENTRE,,,,,,OSM,10.068516,5.438444
RAPP_002104,1,OSM,True,False,False,way/713421405,,,CMA,,,SOC.SANTE.CENTRE,,,,,,OSM,13.345489,4.581287
RAPP_002105,1,OSM,True,False,False,way/945630235,,,Centre Hospitalier Régional d'Ebolowa,,,SOC.SANTE.HOPITAL,,,,,,OSM,11.120237,2.946551
RAPP_002106,1,OSM,True,False,False,way/979743684,,,,,,,,,,,,OSM,10.215061,5.18302
RAPP_002107,1,HEALTHSITES,False,True,False,,way/786503548,,,,,,SOC.SANTE.HOPITAL,,,,,HEALTHSITES,9.791663,3.970542
RAPP_002108,1,MAINA2019,False,False,True,,,SSA_MFL/ligne_5406,,,Allat Baptist Centre de Santé,,,SOC.SANTE.CENTRE,,,,MAINA2019,11.8015,6.7502
RAPP_002109,1,MAINA2019,False,False,True,,,SSA_MFL/ligne_5408,,,Alme Centre de Santé Integre,,,SOC.SANTE.CENTRE,,,,MAINA2019,12.477139,7.827672
RAPP_002110,1,MAINA2019,False,False,True,,,SSA_MFL/ligne_5409,,,Atta Catholique Centre de Santé,,,SOC.SANTE.CENTRE,,,,MAINA2019,11.2982,6.4635
RAPP_002111,1,MAINA2019,False,False,True,,,SSA_MFL/ligne_5410,,,Atta Centre de Santé Integre,,,SOC.SANTE.CENTRE,,,,MAINA2019,11.2964,6.4675
RAPP_002112,1,MAINA2019,False,False,True,,,SSA_MFL/ligne_5411,,,Badjer Centre de Santé Integre,,,SOC.SANTE.CENTRE,,,,MAINA2019,13.909595,6.446501
RAPP_002113,1,MAINA2019,False,False,True,,,SSA_MFL/ligne_5412,,,Bagodo Centre de Santé Integre,,,SOC.SANTE.CENTRE,,,,MAINA2019,13.386118,6.414205
RAPP_002114,1,MAINA2019,False,False,True,,,SSA_MFL/ligne_5413,,,Bagodo Centre de Santé Integre,,,SOC.SANTE.CENTRE,,,,MAINA2019,13.277652,6.392429
RAPP_002115,1,MAINA2019,False,False,True,,,SSA_MFL/ligne_5414,,,Bandam Centre de Santé Integre,,,SOC.SANTE.CENTRE,,,,MAINA2019,11.555631,6.16017
RAPP_002116,1,MAINA2019,False,False,True,,,SSA_MFL/ligne_5415,,,Bankim Hôpital de District,,,SOC.SANTE.HOPITAL,,,,MAINA2019,11.491743,6.078436
RAPP_002117,1,MAINA2019,False,False,True,,,SSA_MFL/ligne_5416,,,Bankim-Urbain Islamique Centre de Santé,,,SOC.SANTE.CENTRE,,,,MAINA2019,11.4869,6.0831
RAPP_002118,1,MAINA2019,False,False,True,,,SSA_MFL/ligne_5417,,,Banyo Hôpital de District,,,SOC.SANTE.HOPITAL,,,,MAINA2019,11.787783,6.745382
RAPP_002119,1,MAINA2019,False,False,True,,,SSA_MFL/ligne_5418,,,Batoua Centre de Santé Integre,,,SOC.SANTE.CENTRE,,,,MAINA2019,14.729201,6.313913
RAPP_002120,1,MAINA2019,False,False,True,,,SSA_MFL/ligne_5419,,,Bayara Centre de Santé Integre,,,SOC.SANTE.CENTRE,,,,MAINA2019,14.4781,6.9767
RAPP_002121,1,MAINA2019,False,False,True,,,SSA_MFL/ligne_5420,,,Beka Gotto Centre de Santé Integre,,,SOC.SANTE.CENTRE,,,,MAINA2019,13.106364,6.744783
RAPP_002122,1,MAINA2019,False,False,True,,,SSA_MFL/ligne_5421,,,Beka-Ghotto Centre de Santé Integre,,,SOC.SANTE.CENTRE,,,,MAINA2019,13.116,6.75
RAPP_002123,1,MAINA2019,False,False,True,,,SSA_MFL/ligne_5422,,,Beka-Guiwang Centre de Santé Integre,,,SOC.SANTE.CENTRE,,,,MAINA2019,14.4667,6.8
RAPP_002124,1,MAINA2019,False,False,True,,,SSA_MFL/ligne_5423,,,Beka-Hossere Centre de Santé Integre,,,SOC.SANTE.CENTRE,,,,MAINA2019,13.385617,7.243999
RAPP_002125,1,MAINA2019,False,False,True,,,SSA_MFL/ligne_5424,,,Belel Centre Médical d'Arrondissement,,,SOC.SANTE.CENTRE,,,,MAINA2019,14.435641,7.045816
RAPP_002126,1,MAINA2019,False,False,True,,,SSA_MFL/ligne_5425,,,Betara Gongo Centre de Santé Integre,,,SOC.SANTE.CENTRE,,,,MAINA2019,13.174583,6.581481
RAPP_002127,1,MAINA2019,False,False,True,,,SSA_MFL/ligne_5426,,,Betara Ngongo Centre de Santé,,,SOC.SANTE.CENTRE,,,,MAINA2019,13.217,6.617
RAPP_002128,1,MAINA2019,False,False,True,,,SSA_MFL/ligne_5427,,,Bindiba Centre de Santé Integre,,,SOC.SANTE.CENTRE,,,,MAINA2019,13.791454,6.363695
RAPP_002129,1,MAINA2019,False,False,True,,,SSA_MFL/ligne_5428,,,Birim Centre de Santé,,,SOC.SANTE.CENTRE,,,,MAINA2019,12.336,6.6775
RAPP_002130,1,MAINA2019,False,False,True,,,SSA_MFL/ligne_5429,,,Borgop Centre de Santé Integre,,,SOC.SANTE.CENTRE,,,,MAINA2019,14.802964,6.909492
RAPP_002131,1,MAINA2019,False,False,True,,,SSA_MFL/ligne_5431,,,Boundjere Centre de Santé Integre,,,SOC.SANTE.CENTRE,,,,MAINA2019,13.584703,7.308586
RAPP_002132,1,MAINA2019,False,False,True,,,SSA_MFL/ligne_5432,,,Boundo Centre de Santé Integre,,,SOC.SANTE.CENTRE,,,,MAINA2019,11.547994,6.596198
RAPP_002133,1,MAINA2019,False,False,True,,,SSA_MFL/ligne_5433,,,Camrail Centre de Santé,,,SOC.SANTE.CENTRE,,,,MAINA2019,13.725145,7.169433
RAPP_002134,1,MAINA2019,False,False,True,,,SSA_MFL/ligne_5434,,,Catholique de Bamyanga Centre de Santé Integre,,,SOC.SANTE.CENTRE,,,,MAINA2019,13.57183,7.282221
RAPP_002135,1,MAINA2019,False,False,True,,,SSA_MFL/ligne_5435,,,Catholique de Gadamabanga Centre de Santé Integre,,,SOC.SANTE.CENTRE,,,,MAINA2019,13.576068,7.358793
RAPP_002136,1,MAINA2019,False,False,True,,,SSA_MFL/ligne_5436,,,Catholique Nord Cifan Centre de Santé Integre,,,SOC.SANTE.CENTRE,,,,MAINA2019,13.603739,7.320935
RAPP_002137,1,MAINA2019,False,False,True,,,SSA_MFL/ligne_5437,,,Catolique Atta Centre de Santé Integre,,,SOC.SANTE.CENTRE,,,,MAINA2019,11.292344,6.466645
RAPP_002138,1,MAINA2019,False,False,True,,,SSA_MFL/ligne_5438,,,Danfili Centre de Santé Integre,,,SOC.SANTE.CENTRE,,,,MAINA2019,13.01159,6.601468
RAPP_002139,1,MAINA2019,False,False,True,,,SSA_MFL/ligne_5440,,,Dang Centre Médical d'Arrondissement,,,SOC.SANTE.CENTRE,,,,MAINA2019,13.553813,7.420105
RAPP_002140,1,MAINA2019,False,False,True,,,SSA_MFL/ligne_5441,,,Demgoya Centre de Santé Integre,,,SOC.SANTE.CENTRE,,,,MAINA2019,13.119618,6.458225
RAPP_002141,1,MAINA2019,False,False,True,,,SSA_MFL/ligne_5442,,,Dibi Centre Médical d'Arrondissement,,,SOC.SANTE.CENTRE,,,,MAINA2019,13.716806,7.142136
RAPP_002142,1,MAINA2019,False,False,True,,,SSA_MFL/ligne_5443,,,Dieki Centre de Santé Integre,,,SOC.SANTE.CENTRE,,,,MAINA2019,11.432851,6.039175
RAPP_002143,1,MAINA2019,False,False,True,,,SSA_MFL/ligne_5444,,,Dir Centre Médical d'Arrondissement,,,SOC.SANTE.CENTRE,,,,MAINA2019,13.544303,6.319295
RAPP_002144,1,MAINA2019,False,False,True,,,SSA_MFL/ligne_5445,,,Djem Centre de Santé Integre,,,SOC.SANTE.CENTRE,,,,MAINA2019,12.193665,6.999417
RAPP_002145,1,MAINA2019,False,False,True,,,SSA_MFL/ligne_5446,,,Djohong Centre de Santé Integre,,,SOC.SANTE.CENTRE,,,,MAINA2019,14.686608,6.833112
RAPP_002146,1,MAINA2019,False,False,True,,,SSA_MFL/ligne_5447,,,Djohong Hôpital de District,,,SOC.SANTE.HOPITAL,,,,MAINA2019,14.694461,6.831327
RAPP_002147,1,MAINA2019,False,False,True,,,SSA_MFL/ligne_5448,,,Djombi Centre de Santé Integre,,,SOC.SANTE.CENTRE,,,,MAINA2019,12.599189,6.683214
RAPP_002148,1,MAINA2019,False,False,True,,,SSA_MFL/ligne_5449,,,Djounde Centre de Santé,,,SOC.SANTE.CENTRE,,,,MAINA2019,13.2645,6.4977
RAPP_002149,1,MAINA2019,False,False,True,,,SSA_MFL/ligne_5450,,,Djounde Centre de Santé Integre,,,SOC.SANTE.CENTRE,,,,MAINA2019,13.309499,6.625501
RAPP_002150,1,MAINA2019,False,False,True,,,SSA_MFL/ligne_5451,,,Dodeo Centre de Santé Integre,,,SOC.SANTE.CENTRE,,,,MAINA2019,13.582348,7.308943
RAPP_002151,1,MAINA2019,False,False,True,,,SSA_MFL/ligne_5452,,,Dodeo Centre de Santé Integre,,,SOC.SANTE.CENTRE,,,,MAINA2019,12.0667,7.4833
RAPP_002152,1,MAINA2019,False,False,True,,,SSA_MFL/ligne_5453,,,Doulayel Centre de Santé Integre,,,SOC.SANTE.CENTRE,,,,MAINA2019,12.6667,7.0167
RAPP_002153,1,MAINA2019,False,False,True,,,SSA_MFL/ligne_5454,,,Fada Centre de Santé Integre,,,SOC.SANTE.CENTRE,,,,MAINA2019,11.796186,6.731668
RAPP_002154,1,MAINA2019,False,False,True,,,SSA_MFL/ligne_5455,,,Gadjiwan Centre de Santé Integre,,,SOC.SANTE.CENTRE,,,,MAINA2019,12.392668,7.648832
RAPP_002155,1,MAINA2019,False,False,True,,,SSA_MFL/ligne_5456,,,Galim T Centre Médical d'Arrondissement,,,SOC.SANTE.CENTRE,,,,MAINA2019,12.46473,7.098192
RAPP_002156,1,MAINA2019,False,False,True,,,SSA_MFL/ligne_5457,,,Galim-Tignere Protestant Centre de Santé,,,SOC.SANTE.CENTRE,,,,MAINA2019,12.4833,7.1
RAPP_002157,1,MAINA2019,False,False,True,,,SSA_MFL/ligne_5458,,,Gangassaou Centre de Santé Integre,,,SOC.SANTE.CENTRE,,,,MAINA2019,13.786108,7.574473
RAPP_002158,1,MAINA2019,False,False,True,,,SSA_MFL/ligne_5459,,,Garba Yelwa Centre de Santé Integre,,,SOC.SANTE.CENTRE,,,,MAINA2019,12.414048,7.310202
RAPP_002159,1,MAINA2019,False,False,True,,,SSA_MFL/ligne_5460,,,Garbaya Djire Centre de Santé Integre,,,SOC.SANTE.CENTRE,,,,MAINA2019,12.484718,7.270227
RAPP_002160,1,MAINA2019,False,False,True,,,SSA_MFL/ligne_5461,,,Garga Pella Centre de Santé Integre,,,SOC.SANTE.CENTRE,,,,MAINA2019,14.898262,6.813124
RAPP_002161,1,MAINA2019,False,False,True,,,SSA_MFL/ligne_5462,,,Gassenguel Centre de Santé Integre,,,SOC.SANTE.CENTRE,,,,MAINA2019,12.556268,7.189027
RAPP_002162,1,MAINA2019,False,False,True,,,SSA_MFL/ligne_5463,,,Godole Centre de Santé,,,SOC.SANTE.CENTRE,,,,MAINA2019,14.735387,6.297733
RAPP_002163,1,MAINA2019,False,False,True,,,SSA_MFL/ligne_5464,,,Goumdjel Centre de Santé Integre,,,SOC.SANTE.CENTRE,,,,MAINA2019,14.188177,7.271627
RAPP_002164,1,MAINA2019,False,False,True,,,SSA_MFL/ligne_5465,,,Gunbela Centre de Santé Integre,,,SOC.SANTE.CENTRE,,,,MAINA2019,14.205124,6.675143
RAPP_002165,1,MAINA2019,False,False,True,,,SSA_MFL/ligne_5466,,,Hamadjangui Centre de Santé Integre,,,SOC.SANTE.CENTRE,,,,MAINA2019,13.563455,7.274607
RAPP_002166,1,MAINA2019,False,False,True,,,SSA_MFL/ligne_5467,,,Hangloa Centre de Santé Integre,,,SOC.SANTE.CENTRE,,,,MAINA2019,13.430021,7.427719
RAPP_002167,1,MAINA2019,False,False,True,,,SSA_MFL/ligne_5468,,,Hore Taram Centre de Santé Integre,,,SOC.SANTE.CENTRE,,,,MAINA2019,11.607481,6.908265
RAPP_002168,1,MAINA2019,False,False,True,,,SSA_MFL/ligne_5469,,,Idool Centre de Santé Integre,,,SOC.SANTE.CENTRE,,,,MAINA2019,14.102992,7.188346
RAPP_002169,1,MAINA2019,False,False,True,,,SSA_MFL/ligne_5470,,,Islamique Centre de Santé Integre,,,SOC.SANTE.CENTRE,,,,MAINA2019,13.269286,6.460842
RAPP_002170,1,MAINA2019,False,False,True,,,SSA_MFL/ligne_5471,,,Islamique de Makorv Centre de Santé Integre,,,SOC.SANTE.CENTRE,,,,MAINA2019,13.251392,6.832586
RAPP_002171,1,MAINA2019,False,False,True,,,SSA_MFL/ligne_5472,,,Islamique Du Lamidat Centre de Santé Integre,,,SOC.SANTE.CENTRE,,,,MAINA2019,13.585893,7.31463
RAPP_002172,1,MAINA2019,False,False,True,,,SSA_MFL/ligne_5473,,,Kaka Centre de Santé Integre,,,SOC.SANTE.CENTRE,,,,MAINA2019,14.052541,6.146784
RAPP_002173,1,MAINA2019,False,False,True,,,SSA_MFL/ligne_5474,,,Kaladi Centre de Santé Integre,,,SOC.SANTE.CENTRE,,,,MAINA2019,14.08734,6.499325
RAPP_002174,1,MAINA2019,False,False,True,,,SSA_MFL/ligne_5475,,,Kimi Petel Centre de Santé Integre,,,SOC.SANTE.CENTRE,,,,MAINA2019,11.251893,6.327447
RAPP_002175,1,MAINA2019,False,False,True,,,SSA_MFL/ligne_5476,,,Kognoli Centre de Santé Integre,,,SOC.SANTE.CENTRE,,,,MAINA2019,13.569874,6.909544
RAPP_002176,1,MAINA2019,False,False,True,,,SSA_MFL/ligne_5477,,,Kombo Laka Centre de Santé Integre,,,SOC.SANTE.CENTRE,,,,MAINA2019,14.73854,6.416825
RAPP_002177,1,MAINA2019,False,False,True,,,SSA_MFL/ligne_5478,,,Kontcha Centre Médical d'Arrondissement,,,SOC.SANTE.CENTRE,,,,MAINA2019,12.227177,7.973137
RAPP_002178,1,MAINA2019,False,False,True,,,SSA_MFL/ligne_5479,,,Kotcha Centre de Santé Integre,,,SOC.SANTE.CENTRE,,,,MAINA2019,12.228366,7.964214
RAPP_002179,1,MAINA2019,False,False,True,,,SSA_MFL/ligne_5480,,,Lande Gouda Centre de Santé Integre,,,SOC.SANTE.CENTRE,,,,MAINA2019,12.607755,6.983383
RAPP_002180,1,MAINA2019,False,False,True,,,SSA_MFL/ligne_5481,,,Libong Centre de Santé Integre,,,SOC.SANTE.CENTRE,,,,MAINA2019,12.991115,7.379503
RAPP_002181,1,MAINA2019,False,False,True,,,SSA_MFL/ligne_5482,,,Liboum Centre de Santé Integre,,,SOC.SANTE.CENTRE,,,,MAINA2019,12.725993,6.442955
RAPP_002182,1,MAINA2019,False,False,True,,,SSA_MFL/ligne_5483,,,Likok Centre de Santé Integre,,,SOC.SANTE.CENTRE,,,,MAINA2019,13.269467,7.283714
RAPP_002183,1,MAINA2019,False,False,True,,,SSA_MFL/ligne_5484,,,Lokoti Centre de Santé Integre,,,SOC.SANTE.CENTRE,,,,MAINA2019,14.3229,6.3786
RAPP_002184,1,MAINA2019,False,False,True,,,SSA_MFL/ligne_5485,,,Mandourou Centre de Santé Integre,,,SOC.SANTE.CENTRE,,,,MAINA2019,13.299151,7.473821
RAPP_002185,1,MAINA2019,False,False,True,,,SSA_MFL/ligne_5486,,,Martap Centre de Santé Integre,,,SOC.SANTE.CENTRE,,,,MAINA2019,13.051866,6.884322
RAPP_002186,1,MAINA2019,False,False,True,,,SSA_MFL/ligne_5487,,,Mayo Baleo Centre de Santé Integre,,,SOC.SANTE.CENTRE,,,,MAINA2019,12.320904,7.665203
RAPP_002187,1,MAINA2019,False,False,True,,,SSA_MFL/ligne_5488,,,Mayo Baleo Centre Médical d'Arrondissement,,,SOC.SANTE.CENTRE,,,,MAINA2019,12.330802,7.652068
RAPP_002188,1,MAINA2019,False,False,True,,,SSA_MFL/ligne_5489,,,Mayo Dankali Centre de Santé Integre,,,SOC.SANTE.CENTRE,,,,MAINA2019,12.357278,6.980557
RAPP_002189,1,MAINA2019,False,False,True,,,SSA_MFL/ligne_5490,,,Mayo Darle Centre Médical d'Arrondissement,,,SOC.SANTE.CENTRE,,,,MAINA2019,11.549065,6.500187
RAPP_002190,1,MAINA2019,False,False,True,,,SSA_MFL/ligne_5491,,,Mayo Djinga Centre de Santé Integre,,,SOC.SANTE.CENTRE,,,,MAINA2019,11.569052,6.419523
RAPP_002191,1,MAINA2019,False,False,True,,,SSA_MFL/ligne_5492,,,Mayo Kelele Centre de Santé Integre,,,SOC.SANTE.CENTRE,,,,MAINA2019,12.022541,7.161023
RAPP_002192,1,MAINA2019,False,False,True,,,SSA_MFL/ligne_5493,,,Mbakaou Centre de Santé Integre,,,SOC.SANTE.CENTRE,,,,MAINA2019,12.789322,6.298974
RAPP_002193,1,MAINA2019,False,False,True,,,SSA_MFL/ligne_5494,,,Mbamti-Katarko Centre de Santé Integre,,,SOC.SANTE.CENTRE,,,,MAINA2019,11.9667,6.9833
RAPP_002194,1,MAINA2019,False,False,True,,,SSA_MFL/ligne_5495,,,Mbang Foulbe Centre de Santé Integre,,,SOC.SANTE.CENTRE,,,,MAINA2019,13.72329,7.522005
RAPP_002195,1,MAINA2019,False,False,True,,,SSA_MFL/ligne_5496,,,Mbang Mboum Centre de Santé Integre,,,SOC.SANTE.CENTRE,,,,MAINA2019,13.832864,7.512726
RAPP_002196,1,MAINA2019,False,False,True,,,SSA_MFL/ligne_5497,,,Mbarang Centre de Santé Integre,,,SOC.SANTE.CENTRE,,,,MAINA2019,14.348605,6.684899
RAPP_002197,1,MAINA2019,False,False,True,,,SSA_MFL/ligne_5498,,,Mbe Centre de Santé Integre,,,SOC.SANTE.CENTRE,,,,MAINA2019,13.590992,7.849657
RAPP_002198,1,MAINA2019,False,False,True,,,SSA_MFL/ligne_5499,,,Mbe Centre Médical d'Arrondissement,,,SOC.SANTE.CENTRE,,,,MAINA2019,13.59813,7.854654
RAPP_002199,1,MAINA2019,False,False,True,,,SSA_MFL/ligne_5500,,,Mboula Centre de Santé Integre,,,SOC.SANTE.CENTRE,,,,MAINA2019,13.982094,6.68873
RAPP_002200,1,MAINA2019,False,False,True,,,SSA_MFL/ligne_5501,,,Meidjamba Centre de Santé Integre,,,SOC.SANTE.CENTRE,,,,MAINA2019,12.554648,6.346563
RAPP_002201,1,MAINA2019,False,False,True,,,SSA_MFL/ligne_5502,,,Meidougou Centre de Santé Integre,,,SOC.SANTE.CENTRE,,,,MAINA2019,14.2167,6.4167
RAPP_002202,1,MAINA2019,False,False,True,,,SSA_MFL/ligne_5503,,,Meiganga Hôpital de District,,,SOC.SANTE.HOPITAL,,,,MAINA2019,14.296971,6.510627
RAPP_002203,1,MAINA2019,False,False,True,,,SSA_MFL/ligne_5504,,,Meiganga Publique Centre de Santé Integre,,,SOC.SANTE.CENTRE,,,,MAINA2019,14.2907,6.5177
RAPP_002204,1,MAINA2019,False,False,True,,,SSA_MFL/ligne_5505,,,Minim Centre de Santé Integre,,,SOC.SANTE.CENTRE,,,,MAINA2019,12.862595,6.963752
RAPP_002205,1,MAINA2019,False,False,True,,,SSA_MFL/ligne_5506,,,Ndemgoya Centre de Santé,,,SOC.SANTE.CENTRE,,,,MAINA2019,13.2758,6.4673
RAPP_002206,1,MAINA2019,False,False,True,,,SSA_MFL/ligne_5507,,,Ndi Wawa Centre de Santé Integre,,,SOC.SANTE.CENTRE,,,,MAINA2019,11.680292,6.859724
RAPP_002207,1,MAINA2019,False,False,True,,,SSA_MFL/ligne_5508,,,Ngam Centre de Santé Integre,,,SOC.SANTE.CENTRE,,,,MAINA2019,14.567635,6.734959
RAPP_002208,1,MAINA2019,False,False,True,,,SSA_MFL/ligne_5509,,,Nganha Centre de Santé Integre,,,SOC.SANTE.CENTRE,,,,MAINA2019,13.945673,7.478034
RAPP_002209,1,MAINA2019,False,False,True,,,SSA_MFL/ligne_5510,,,Ngaoubela Centre de Santé Integre,,,SOC.SANTE.CENTRE,,,,MAINA2019,12.594311,6.515402
RAPP_002210,1,MAINA2019,False,False,True,,,SSA_MFL/ligne_5511,,,Ngaoui Centre de Santé Integre,,,SOC.SANTE.CENTRE,,,,MAINA2019,14.687031,6.830322
RAPP_002211,1,MAINA2019,False,False,True,,,SSA_MFL/ligne_5512,,,Ngaoundal Catholique Centre de Santé,,,SOC.SANTE.CENTRE,,,,MAINA2019,13.2693,6.4659
RAPP_002212,1,MAINA2019,False,False,True,,,SSA_MFL/ligne_5513,,,Ngaoundal Centre Medical d’Arrondissement,,,SOC.SANTE.CENTRE,,,,MAINA2019,13.2667,6.5
RAPP_002213,1,MAINA2019,False,False,True,,,SSA_MFL/ligne_5514,,,Ngaoundal Islamique Centre de Santé,,,SOC.SANTE.CENTRE,,,,MAINA2019,13.266,6.4887
RAPP_002214,1,MAINA2019,False,False,True,,,SSA_MFL/ligne_5515,,,Ngaoundere Hôpital Regional,,,SOC.SANTE.HOPITAL,,,,MAINA2019,13.582276,7.306658
RAPP_002215,1,MAINA2019,False,False,True,,,SSA_MFL/ligne_5516,,,Ngatt Centre de Santé Integre,,,SOC.SANTE.CENTRE,,,,MAINA2019,12.798647,6.567453
RAPP_002216,1,MAINA2019,False,False,True,,,SSA_MFL/ligne_5517,,,Ngatti Centre de Santé Integre,,,SOC.SANTE.CENTRE,,,,MAINA2019,11.365394,6.035606
RAPP_002217,1,MAINA2019,False,False,True,,,SSA_MFL/ligne_5518,,,Nomkandi Centre de Santé Integre,,,SOC.SANTE.CENTRE,,,,MAINA2019,13.936014,7.541636
RAPP_002218,1,MAINA2019,False,False,True,,,SSA_MFL/ligne_5519,,,Nyambaka Centre Médical d'Arrondissement,,,SOC.SANTE.CENTRE,,,,MAINA2019,14.085361,6.898289
RAPP_002219,1,MAINA2019,False,False,True,,,SSA_MFL/ligne_5520,,,Nyamboua Baptist Centre de Santé,,,SOC.SANTE.CENTRE,,,,MAINA2019,11.566,6.284
RAPP_002220,1,MAINA2019,False,False,True,,,SSA_MFL/ligne_5521,,,Nyassar Islamique Centre de Santé,,,SOC.SANTE.CENTRE,,,,MAINA2019,14.040006,7.534247
RAPP_002221,1,MAINA2019,False,False,True,,,SSA_MFL/ligne_5522,,,Pangar Centre de Santé Integre,,,SOC.SANTE.CENTRE,,,,MAINA2019,13.35111,5.997398
RAPP_002222,1,MAINA2019,False,False,True,,,SSA_MFL/ligne_5523,,,Pangar Centre de Santé Integre,,,SOC.SANTE.CENTRE,,,,MAINA2019,13.220188,6.024352
RAPP_002223,1,MAINA2019,False,False,True,,,SSA_MFL/ligne_5524,,,Protestant de Ndelbe Centre de Santé Integre,,,SOC.SANTE.CENTRE,,,,MAINA2019,13.594197,7.302661
RAPP_002224,1,MAINA2019,False,False,True,,,SSA_MFL/ligne_5525,,,Public Centre de Santé Integre,,,SOC.SANTE.CENTRE,,,,MAINA2019,14.290071,6.513007
RAPP_002225,1,MAINA2019,False,False,True,,,SSA_MFL/ligne_5526,,,Ribao Centre de Santé Integre,,,SOC.SANTE.CENTRE,,,,MAINA2019,11.443774,6.509467
RAPP_002226,1,MAINA2019,False,False,True,,,SSA_MFL/ligne_5527,,,Sabongari Centre de Santé Integre,,,SOC.SANTE.CENTRE,,,,MAINA2019,13.584584,7.323196
RAPP_002227,1,MAINA2019,False,False,True,,,SSA_MFL/ligne_5528,,,Sambo Lambo Centre de Santé Integre,,,SOC.SANTE.CENTRE,,,,MAINA2019,11.978283,7.073578
RAPP_002228,1,MAINA2019,False,False,True,,,SSA_MFL/ligne_5530,,,Somie Centre de Santé Integre,,,SOC.SANTE.CENTRE,,,,MAINA2019,11.429163,6.452368
RAPP_002229,1,MAINA2019,False,False,True,,,SSA_MFL/ligne_5531,,,Songkolong Centre Médical d'Arrondissement,,,SOC.SANTE.CENTRE,,,,MAINA2019,11.323277,6.395261
RAPP_002230,1,MAINA2019,False,False,True,,,SSA_MFL/ligne_5533,,,Tchabal Mbabo Centre de Santé Integre,,,SOC.SANTE.CENTRE,,,,MAINA2019,12.253434,7.242744
RAPP_002231,1,MAINA2019,False,False,True,,,SSA_MFL/ligne_5534,,,Tchamba Centre de Santé Integre,,,SOC.SANTE.CENTRE,,,,MAINA2019,11.478537,6.360164
RAPP_002232,1,MAINA2019,False,False,True,,,SSA_MFL/ligne_5535,,,Tekel Islamique Centre de Santé,,,SOC.SANTE.CENTRE,,,,MAINA2019,13.191684,6.82851
RAPP_002233,1,MAINA2019,False,False,True,,,SSA_MFL/ligne_5536,,,Tello Centre de Santé Integre,,,SOC.SANTE.CENTRE,,,,MAINA2019,14.173425,7.173593
RAPP_002234,1,MAINA2019,False,False,True,,,SSA_MFL/ligne_5537,,,Tibati Centre de Santé Integre,,,SOC.SANTE.CENTRE,,,,MAINA2019,12.618251,6.457422
RAPP_002235,1,MAINA2019,False,False,True,,,SSA_MFL/ligne_5538,,,Tibati Centre Médical d'Arrondissement,,,SOC.SANTE.CENTRE,,,,MAINA2019,12.622439,6.463133
RAPP_002236,1,MAINA2019,False,False,True,,,SSA_MFL/ligne_5539,,,Ticket Centre de Santé Integre,,,SOC.SANTE.CENTRE,,,,MAINA2019,11.804724,6.742337
RAPP_002237,1,MAINA2019,False,False,True,,,SSA_MFL/ligne_5540,,,Tignere Centre de Santé Integre,,,SOC.SANTE.CENTRE,,,,MAINA2019,12.640441,7.369866
RAPP_002238,1,MAINA2019,False,False,True,,,SSA_MFL/ligne_5541,,,Tignere Hôpital de District,,,SOC.SANTE.HOPITAL,,,,MAINA2019,12.649662,7.353805
RAPP_002239,1,MAINA2019,False,False,True,,,SSA_MFL/ligne_5542,,,Tongo Centre de Santé Integre,,,SOC.SANTE.CENTRE,,,,MAINA2019,12.25,6.6
RAPP_002240,1,MAINA2019,False,False,True,,,SSA_MFL/ligne_5543,,,Tourningal Centre de Santé Integre,,,SOC.SANTE.CENTRE,,,,MAINA2019,13.995441,7.242121
RAPP_002241,1,MAINA2019,False,False,True,,,SSA_MFL/ligne_5544,,,Wack Centre de Santé Integre,,,SOC.SANTE.CENTRE,,,,MAINA2019,13.541856,7.690947
RAPP_002242,1,MAINA2019,False,False,True,,,SSA_MFL/ligne_5545,,,Wassande Centre de Santé Integre,,,SOC.SANTE.CENTRE,,,,MAINA2019,13.769568,6.725967
RAPP_002243,1,MAINA2019,False,False,True,,,SSA_MFL/ligne_5546,,,Wogoudoum Centre de Santé Integre,,,SOC.SANTE.CENTRE,,,,MAINA2019,12.331242,7.156369
RAPP_002244,1,MAINA2019,False,False,True,,,SSA_MFL/ligne_5547,,,Woulde Centre de Santé Integre,,,SOC.SANTE.CENTRE,,,,MAINA2019,12.45664,7.436075
RAPP_002245,1,MAINA2019,False,False,True,,,SSA_MFL/ligne_5548,,,Yamba Centre de Santé Integre,,,SOC.SANTE.CENTRE,,,,MAINA2019,14.9893,7.0119
RAPP_002246,1,MAINA2019,False,False,True,,,SSA_MFL/ligne_5549,,,Yarmbang Centre de Santé Integre,,,SOC.SANTE.CENTRE,,,,MAINA2019,14.966433,7.010857
RAPP_002247,1,MAINA2019,False,False,True,,,SSA_MFL/ligne_5551,,,Abanda Centre de Santé Integre,,,SOC.SANTE.CENTRE,,,,MAINA2019,11.1887,4.6682
RAPP_002248,1,MAINA2019,False,False,True,,,SSA_MFL/ligne_5552,,,Abang Centre de Santé Integre,,,SOC.SANTE.CENTRE,,,,MAINA2019,11.502328,3.626829
RAPP_002249,1,MAINA2019,False,False,True,,,SSA_MFL/ligne_5554,,,Abom Centre de Santé Integre,,,SOC.SANTE.CENTRE,,,,MAINA2019,11.578068,3.882778
RAPP_002250,1,MAINA2019,False,False,True,,,SSA_MFL/ligne_5555,,,Ad Lucem Centre de Santé,,,SOC.SANTE.CENTRE,,,,MAINA2019,11.566607,3.837822
RAPP_002251,1,MAINA2019,False,False,True,,,SSA_MFL/ligne_5556,,,Ad Lucem Centre de Santé Integre,,,SOC.SANTE.CENTRE,,,,MAINA2019,11.236384,4.177441
RAPP_002252,1,MAINA2019,False,False,True,,,SSA_MFL/ligne_5557,,,Ad Lucem Guefigue Centre de Santé Integre,,,SOC.SANTE.CENTRE,,,,MAINA2019,11.216326,4.563974
RAPP_002253,1,MAINA2019,False,False,True,,,SSA_MFL/ligne_5558,,,Afamba Centre de Santé Integre,,,SOC.SANTE.CENTRE,,,,MAINA2019,11.541475,4.16187
RAPP_002254,1,MAINA2019,False,False,True,,,SSA_MFL/ligne_5559,,,Afanetouana Centre de Santé Integre,,,SOC.SANTE.CENTRE,,,,MAINA2019,11.719695,4.08214
RAPP_002255,1,MAINA2019,False,False,True,,,SSA_MFL/ligne_5560,,,Afanloum Centre de Santé Integre,,,SOC.SANTE.CENTRE,,,,MAINA2019,11.988664,4.212241
RAPP_002256,1,MAINA2019,False,False,True,,,SSA_MFL/ligne_5561,,,Afanoyoa Iv Centre de Santé Integre,,,SOC.SANTE.CENTRE,,,,MAINA2019,11.469392,3.755428
RAPP_002257,1,MAINA2019,False,False,True,,,SSA_MFL/ligne_5562,,,Ahala Centre Médical d'Arrondissement,,,SOC.SANTE.CENTRE,,,,MAINA2019,11.505798,3.795224
RAPP_002258,1,MAINA2019,False,False,True,,,SSA_MFL/ligne_5563,,,Akak Centre de Santé Integre,,,SOC.SANTE.CENTRE,,,,MAINA2019,12.1799,3.338574
RAPP_002259,1,MAINA2019,False,False,True,,,SSA_MFL/ligne_5564,,,Akoeman Centre Medical d’Arrondissement,,,SOC.SANTE.CENTRE,,,,MAINA2019,11.5833,3.2
RAPP_002260,1,MAINA2019,False,False,True,,,SSA_MFL/ligne_5565,,,Akok Bekoe Centre de Santé Integre,,,SOC.SANTE.CENTRE,,,,MAINA2019,11.403452,3.487891
RAPP_002261,1,MAINA2019,False,False,True,,,SSA_MFL/ligne_5566,,,Akono Centre Médical d'Arrondissement,,,SOC.SANTE.CENTRE,,,,MAINA2019,11.309728,3.593881
RAPP_002262,1,MAINA2019,False,False,True,,,SSA_MFL/ligne_5568,,,Andock Centre de Santé Integre,,,SOC.SANTE.CENTRE,,,,MAINA2019,11.3787,3.37947
RAPP_002263,1,MAINA2019,False,False,True,,,SSA_MFL/ligne_5569,,,Angonfeme Centre de Santé Integre,,,SOC.SANTE.CENTRE,,,,MAINA2019,11.141664,3.417901
RAPP_002264,1,MAINA2019,False,False,True,,,SSA_MFL/ligne_5570,,,Assala Centre de Santé Integre,,,SOC.SANTE.CENTRE,,,,MAINA2019,11.186583,4.598476
RAPP_002265,1,MAINA2019,False,False,True,,,SSA_MFL/ligne_5571,,,Assie Centre de Santé Integre,,,SOC.SANTE.CENTRE,,,,MAINA2019,11.304277,3.337951
RAPP_002266,1,MAINA2019,False,False,True,,,SSA_MFL/ligne_5572,,,Assok Centre de Santé Integre,,,SOC.SANTE.CENTRE,,,,MAINA2019,11.8333,3.6833
RAPP_002267,1,MAINA2019,False,False,True,,,SSA_MFL/ligne_5573,,,Atega Centre de Santé,,,SOC.SANTE.CENTRE,,,,MAINA2019,11.9167,3.6833
RAPP_002268,1,MAINA2019,False,False,True,,,SSA_MFL/ligne_5574,,,Awae Hôpital de District,,,SOC.SANTE.HOPITAL,,,,MAINA2019,11.880963,3.903859
RAPP_002269,1,MAINA2019,False,False,True,,,SSA_MFL/ligne_5575,,,Ayos Annex Hôpital Regional,,,SOC.SANTE.HOPITAL,,,,MAINA2019,12.529868,3.897574
RAPP_002270,1,MAINA2019,False,False,True,,,SSA_MFL/ligne_5576,,,Ayos Urbain Centre de Santé Integre,,,SOC.SANTE.CENTRE,,,,MAINA2019,12.533034,3.897272
RAPP_002271,1,MAINA2019,False,False,True,,,SSA_MFL/ligne_5577,,,Bafia Hôpital de District,,,SOC.SANTE.HOPITAL,,,,MAINA2019,11.235362,4.740649
RAPP_002272,1,MAINA2019,False,False,True,,,SSA_MFL/ligne_5578,,,Bafia Urbain Centre de Santé Integre,,,SOC.SANTE.CENTRE,,,,MAINA2019,11.228223,4.746003
RAPP_002273,1,MAINA2019,False,False,True,,,SSA_MFL/ligne_5579,,,Bagba Centre de Santé Integre,,,SOC.SANTE.CENTRE,,,,MAINA2019,11.150265,3.620531
RAPP_002274,1,MAINA2019,False,False,True,,,SSA_MFL/ligne_5580,,,Bakoa Centre de Santé Integre,,,SOC.SANTE.CENTRE,,,,MAINA2019,11.158922,4.557431
RAPP_002275,1,MAINA2019,False,False,True,,,SSA_MFL/ligne_5581,,,Baliama Centre de Santé Integre,,,SOC.SANTE.CENTRE,,,,MAINA2019,11.314776,4.607994
RAPP_002276,1,MAINA2019,False,False,True,,,SSA_MFL/ligne_5582,,,Baliamba Centre de Santé Integre,,,SOC.SANTE.CENTRE,,,,MAINA2019,11.29402,4.63462
RAPP_002277,1,MAINA2019,False,False,True,,,SSA_MFL/ligne_5583,,,Ballong I Centre de Santé Integre,,,SOC.SANTE.CENTRE,,,,MAINA2019,11.65739,4.276767
RAPP_002278,1,MAINA2019,False,False,True,,,SSA_MFL/ligne_5584,,,Baloum Centre de Santé,,,SOC.SANTE.CENTRE,,,,MAINA2019,11.45,4.366667
RAPP_002279,1,MAINA2019,False,False,True,,,SSA_MFL/ligne_5585,,,Bambai Centre de Santé Integre,,,SOC.SANTE.CENTRE,,,,MAINA2019,12.325728,5.516757
RAPP_002280,1,MAINA2019,False,False,True,,,SSA_MFL/ligne_5586,,,Bangong Centre de Santé Integre,,,SOC.SANTE.CENTRE,,,,MAINA2019,11.000806,4.958221
RAPP_002281,1,MAINA2019,False,False,True,,,SSA_MFL/ligne_5587,,,Batanga Niki Centre de Santé Integre,,,SOC.SANTE.CENTRE,,,,MAINA2019,10.993966,4.37326
RAPP_002282,1,MAINA2019,False,False,True,,,SSA_MFL/ligne_5588,,,Batchenga Centre Médical d'Arrondissement,,,SOC.SANTE.CENTRE,,,,MAINA2019,11.66272,4.286856
RAPP_002283,1,MAINA2019,False,False,True,,,SSA_MFL/ligne_5589,,,Bayomen Centre de Santé Integre,,,SOC.SANTE.CENTRE,,,,MAINA2019,11.10122,4.84832
RAPP_002284,1,MAINA2019,False,False,True,,,SSA_MFL/ligne_5590,,,Betamba Centre de Santé Integre,,,SOC.SANTE.CENTRE,,,,MAINA2019,11.576949,4.4346
RAPP_002285,1,MAINA2019,False,False,True,,,SSA_MFL/ligne_5591,,,Bethesda Centre de Santé,,,SOC.SANTE.CENTRE,,,,MAINA2019,11.560302,3.852063
RAPP_002286,1,MAINA2019,False,False,True,,,SSA_MFL/ligne_5592,,,Bethesda Centre de Santé,,,SOC.SANTE.CENTRE,,,,MAINA2019,11.54485,3.891272
RAPP_002287,1,MAINA2019,False,False,True,,,SSA_MFL/ligne_5593,,,Biagnimi Centre de Santé Integre,,,SOC.SANTE.CENTRE,,,,MAINA2019,11.637625,4.51925
RAPP_002288,1,MAINA2019,False,False,True,,,SSA_MFL/ligne_5594,,,Biakoa Centre de Santé Integre,,,SOC.SANTE.CENTRE,,,,MAINA2019,11.476952,4.536394
RAPP_002289,1,MAINA2019,False,False,True,,,SSA_MFL/ligne_5595,,,Biamesse Centre de Santé Integre,,,SOC.SANTE.CENTRE,,,,MAINA2019,11.108061,4.667481
RAPP_002290,1,MAINA2019,False,False,True,,,SSA_MFL/ligne_5596,,,Bibey Centre de Santé Integre,,,SOC.SANTE.CENTRE,,,,MAINA2019,12.802022,4.854877
RAPP_002291,1,MAINA2019,False,False,True,,,SSA_MFL/ligne_5597,,,Bidjocka Centre de Santé Integre,,,SOC.SANTE.CENTRE,,,,MAINA2019,10.607956,3.673412
RAPP_002292,1,MAINA2019,False,False,True,,,SSA_MFL/ligne_5598,,,Bikok Centre Médical d'Arrondissement,,,SOC.SANTE.CENTRE,,,,MAINA2019,11.454292,3.619839
RAPP_002293,1,MAINA2019,False,False,True,,,SSA_MFL/ligne_5599,,,Bikop Centre de Santé Integre,,,SOC.SANTE.CENTRE,,,,MAINA2019,11.42413,3.512861
RAPP_002294,1,MAINA2019,False,False,True,,,SSA_MFL/ligne_5600,,,Bikop Confessionnel Centre de Santé,,,SOC.SANTE.CENTRE,,,,MAINA2019,11.4169,3.5199
RAPP_002295,1,MAINA2019,False,False,True,,,SSA_MFL/ligne_5601,,,Binguela Centre Médical d'Arrondissement,,,SOC.SANTE.CENTRE,,,,MAINA2019,11.401846,3.739374
RAPP_002296,1,MAINA2019,False,False,True,,,SSA_MFL/ligne_5602,,,Bissaga Centre de Santé Integre,,,SOC.SANTE.CENTRE,,,,MAINA2019,12.133903,4.665956
RAPP_002297,1,MAINA2019,False,False,True,,,SSA_MFL/ligne_5603,,,Bitang Centre de Santé Integre,,,SOC.SANTE.CENTRE,,,,MAINA2019,11.160111,4.637143
RAPP_002298,1,MAINA2019,False,False,True,,,SSA_MFL/ligne_5604,,,Bitoutouck EPC Centre de Santé,,,SOC.SANTE.CENTRE,,,,MAINA2019,11.1333,3.5
RAPP_002299,1,MAINA2019,False,False,True,,,SSA_MFL/ligne_5605,,,Biyem Assi Baptist Centre de Santé,,,SOC.SANTE.CENTRE,,,,MAINA2019,11.495944,3.844824
RAPP_002300,1,MAINA2019,False,False,True,,,SSA_MFL/ligne_5606,,,Biyem-Assi Hôpital de District,,,SOC.SANTE.HOPITAL,,,,MAINA2019,11.487445,3.826334
RAPP_002301,1,MAINA2019,False,False,True,,,SSA_MFL/ligne_5607,,,Bobog 2 (E.P.C) Centre de Santé Integre,,,SOC.SANTE.CENTRE,,,,MAINA2019,11.004051,4.108987
RAPP_002302,1,MAINA2019,False,False,True,,,SSA_MFL/ligne_5608,,,Bokito Centre Médical d'Arrondissement,,,SOC.SANTE.CENTRE,,,,MAINA2019,11.108656,4.568138
RAPP_002303,1,MAINA2019,False,False,True,,,SSA_MFL/ligne_5609,,,Boko Montagne Centre de Santé Integre,,,SOC.SANTE.CENTRE,,,,MAINA2019,11.217099,4.970713
RAPP_002304,1,MAINA2019,False,False,True,,,SSA_MFL/ligne_5610,,,Bon Samaritain Centre de Santé,,,SOC.SANTE.CENTRE,,,,MAINA2019,11.5153,3.7906
RAPP_002305,1,MAINA2019,False,False,True,,,SSA_MFL/ligne_5611,,,Bon Secours Centre de Santé Integre,,,SOC.SANTE.CENTRE,,,,MAINA2019,11.531065,4.166034
RAPP_002306,1,MAINA2019,False,False,True,,,SSA_MFL/ligne_5612,,,Bondjock Centre Médical d'Arrondissement,,,SOC.SANTE.CENTRE,,,,MAINA2019,11.111718,3.615058
RAPP_002307,1,MAINA2019,False,False,True,,,SSA_MFL/ligne_5613,,,Bongo Centre de Santé Integre,,,SOC.SANTE.CENTRE,,,,MAINA2019,11.5333,4.5667
RAPP_002308,1,MAINA2019,False,False,True,,,SSA_MFL/ligne_5614,,,Bot Makak Catholique Dispensaire,,,SOC.SANTE.CENTRE,,,,MAINA2019,10.9296,4.0137
RAPP_002309,1,MAINA2019,False,False,True,,,SSA_MFL/ligne_5615,,,Bot Makak Centre Médical d'Arrondissement,,,SOC.SANTE.CENTRE,,,,MAINA2019,10.937818,4.001418
RAPP_002310,1,MAINA2019,False,False,True,,,SSA_MFL/ligne_5616,,,Bougnougoulouk Centre de Santé Integre,,,SOC.SANTE.CENTRE,,,,MAINA2019,11.0648,4.4223
RAPP_002311,1,MAINA2019,False,False,True,,,SSA_MFL/ligne_5617,,,Boumkok Centre de Santé Integre,,,SOC.SANTE.CENTRE,,,,MAINA2019,11.131705,3.49085
RAPP_002312,1,MAINA2019,False,False,True,,,SSA_MFL/ligne_5618,,,Boumnyebel Ndjonkong Centre de Santé Integre,,,SOC.SANTE.CENTRE,,,,MAINA2019,10.85336,3.883559
RAPP_002313,1,MAINA2019,False,False,True,,,SSA_MFL/ligne_5619,,,Boura II Centre de Santé,,,SOC.SANTE.CENTRE,,,,MAINA2019,11.35,4.651
RAPP_002314,1,MAINA2019,False,False,True,,,SSA_MFL/ligne_5620,,,Boutourou Centre de Santé Integre,,,SOC.SANTE.CENTRE,,,,MAINA2019,10.977967,4.792656
RAPP_002315,1,MAINA2019,False,False,True,,,SSA_MFL/ligne_5621,,,Briqueterie Centre de Santé Integre,,,SOC.SANTE.CENTRE,,,,MAINA2019,11.511371,3.870154
RAPP_002316,1,MAINA2019,False,False,True,,,SSA_MFL/ligne_5622,,,Catholique Centre de Santé Integre,,,SOC.SANTE.CENTRE,,,,MAINA2019,12.820503,4.559725
RAPP_002317,1,MAINA2019,False,False,True,,,SSA_MFL/ligne_5623,,,Catholique de Nkolve Centre de Santé Integre,,,SOC.SANTE.CENTRE,,,,MAINA2019,11.505088,4.286544
RAPP_002318,1,MAINA2019,False,False,True,,,SSA_MFL/ligne_5624,,,Cemecom Centre de Santé Integre,,,SOC.SANTE.CENTRE,,,,MAINA2019,11.453,3.9637
RAPP_002319,1,MAINA2019,False,False,True,,,SSA_MFL/ligne_5625,,,Centre Medico Universitaire,,,SOC.SANTE.CENTRE,,,,MAINA2019,11.5048,3.8556
RAPP_002320,1,MAINA2019,False,False,True,,,SSA_MFL/ligne_5626,,,Cite Verte Hôpital de District,,,SOC.SANTE.HOPITAL,,,,MAINA2019,11.492633,3.870689
RAPP_002321,1,MAINA2019,False,False,True,,,SSA_MFL/ligne_5627,,,Croix Rouge Centre de Santé,,,SOC.SANTE.CENTRE,,,,MAINA2019,11.508,3.8711
RAPP_002322,1,MAINA2019,False,False,True,,,SSA_MFL/ligne_5628,,,Dane Centre de Santé,,,SOC.SANTE.CENTRE,,,,MAINA2019,12.3696,4.6761
RAPP_002323,1,MAINA2019,False,False,True,,,SSA_MFL/ligne_5629,,,Deo Gratias de Mbeng Centre de Santé Integre,,,SOC.SANTE.CENTRE,,,,MAINA2019,11.221887,3.526304
RAPP_002324,1,MAINA2019,False,False,True,,,SSA_MFL/ligne_5630,,,Deuk Catholique Dispensaire,,,SOC.SANTE.CENTRE,,,,MAINA2019,11.2654,4.94
RAPP_002325,1,MAINA2019,False,False,True,,,SSA_MFL/ligne_5631,,,Deuk Centre Médical d'Arrondissement,,,SOC.SANTE.CENTRE,,,,MAINA2019,11.262071,4.921102
RAPP_002326,1,MAINA2019,False,False,True,,,SSA_MFL/ligne_5632,,,Dibang Centre Médical d'Arrondissement,,,SOC.SANTE.CENTRE,,,,MAINA2019,10.718159,3.989921
RAPP_002327,1,MAINA2019,False,False,True,,,SSA_MFL/ligne_5633,,,Djock-Nkong Catholique Dispensaire,,,SOC.SANTE.CENTRE,,,,MAINA2019,10.9,3.8667
RAPP_002328,1,MAINA2019,False,False,True,,,SSA_MFL/ligne_5635,,,Djoungolo Hôpital de District,,,SOC.SANTE.HOPITAL,,,,MAINA2019,11.5331,3.8851
RAPP_002329,1,MAINA2019,False,False,True,,,SSA_MFL/ligne_5636,,,D'Oman Centre de Santé Integre,,,SOC.SANTE.CENTRE,,,,MAINA2019,11.898095,3.832
RAPP_002330,1,MAINA2019,False,False,True,,,SSA_MFL/ligne_5637,,,Donga En Construction Centre de Santé Integre,,,SOC.SANTE.CENTRE,,,,MAINA2019,11.803,4.752077
RAPP_002331,1,MAINA2019,False,False,True,,,SSA_MFL/ligne_5638,,,Doume Centre de Santé Integre,,,SOC.SANTE.CENTRE,,,,MAINA2019,12.274605,5.894679
RAPP_002332,1,MAINA2019,False,False,True,,,SSA_MFL/ligne_5639,,,Dzeng Centre Medical d’Arrondissement,,,SOC.SANTE.CENTRE,,,,MAINA2019,11.643037,3.62489
RAPP_002333,1,MAINA2019,False,False,True,,,SSA_MFL/ligne_5640,,,Ebakoa Centre de Santé Integre,,,SOC.SANTE.CENTRE,,,,MAINA2019,11.49861,3.67531
RAPP_002334,1,MAINA2019,False,False,True,,,SSA_MFL/ligne_5641,,,Ebang Centre de Santé Integre,,,SOC.SANTE.CENTRE,,,,MAINA2019,11.5555,4.0016
RAPP_002335,1,MAINA2019,False,False,True,,,SSA_MFL/ligne_5642,,,Ebeba Centre de Santé Integre,,,SOC.SANTE.CENTRE,,,,MAINA2019,11.265075,3.769569
RAPP_002336,1,MAINA2019,False,False,True,,,SSA_MFL/ligne_5643,,,Ebebda Hôpital de District,,,SOC.SANTE.HOPITAL,,,,MAINA2019,11.300156,4.349913
RAPP_002337,1,MAINA2019,False,False,True,,,SSA_MFL/ligne_5644,,,Ebeng Centre de Santé Integre,,,SOC.SANTE.CENTRE,,,,MAINA2019,12.3767,4.6789
RAPP_002338,1,MAINA2019,False,False,True,,,SSA_MFL/ligne_5645,,,Ebogo Centre de Santé Integre,,,SOC.SANTE.CENTRE,,,,MAINA2019,11.47448,3.392738
RAPP_002339,1,MAINA2019,False,False,True,,,SSA_MFL/ligne_5646,,,Ebogo Centre de Santé Integre,,,SOC.SANTE.CENTRE,,,,MAINA2019,11.862571,4.147003
RAPP_002340,1,MAINA2019,False,False,True,,,SSA_MFL/ligne_5647,,,Ebogo Centre de Santé Integre,,,SOC.SANTE.CENTRE,,,,MAINA2019,11.406806,4.335068
RAPP_002341,1,MAINA2019,False,False,True,,,SSA_MFL/ligne_5648,,,Eboman Centre de Santé Integre,,,SOC.SANTE.CENTRE,,,,MAINA2019,11.929707,3.454532
RAPP_002342,1,MAINA2019,False,False,True,,,SSA_MFL/ligne_5649,,,Ebougssi Centre de Santé Integre,,,SOC.SANTE.CENTRE,,,,MAINA2019,11.303733,4.112518
RAPP_002343,1,MAINA2019,False,False,True,,,SSA_MFL/ligne_5650,,,Edibkombo Centre de Santé Integre,,,SOC.SANTE.CENTRE,,,,MAINA2019,11.3,3.85
RAPP_002344,1,MAINA2019,False,False,True,,,SSA_MFL/ligne_5651,,,Edjom Centre de Santé Integre,,,SOC.SANTE.CENTRE,,,,MAINA2019,11.968968,3.533768
RAPP_002345,1,MAINA2019,False,False,True,,,SSA_MFL/ligne_5652,,,Edou Centre de Santé Integre,,,SOC.SANTE.CENTRE,,,,MAINA2019,11.971229,3.791939
RAPP_002346,1,MAINA2019,False,False,True,,,SSA_MFL/ligne_5653,,,Edzendouan Centre de Santé Integre,,,SOC.SANTE.CENTRE,,,,MAINA2019,11.750343,4.187528
RAPP_002347,1,MAINA2019,False,False,True,,,SSA_MFL/ligne_5654,,,Efok Centre de Santé Integre,,,SOC.SANTE.CENTRE,,,,MAINA2019,11.473,4.1767
RAPP_002348,1,MAINA2019,False,False,True,,,SSA_MFL/ligne_5655,,,Efoufoup Centre de Santé Integre,,,SOC.SANTE.CENTRE,,,,MAINA2019,12.687604,3.997568
RAPP_002349,1,MAINA2019,False,False,True,,,SSA_MFL/ligne_5656,,,Efoulan Centre de Santé Integre,,,SOC.SANTE.CENTRE,,,,MAINA2019,12.75,4.5667
RAPP_002350,1,MAINA2019,False,False,True,,,SSA_MFL/ligne_5657,,,Efoulan Hôpital de District,,,SOC.SANTE.HOPITAL,,,,MAINA2019,11.510973,3.829548
RAPP_002351,1,MAINA2019,False,False,True,,,SSA_MFL/ligne_5658,,,Ehondo Centre de Santé Integre,,,SOC.SANTE.CENTRE,,,,MAINA2019,11.633163,4.380943
RAPP_002352,1,MAINA2019,False,False,True,,,SSA_MFL/ligne_5659,,,Ekabita M Centre de Santé Integre,,,SOC.SANTE.CENTRE,,,,MAINA2019,11.4667,4.05
RAPP_002353,1,MAINA2019,False,False,True,,,SSA_MFL/ligne_5660,,,Ekabita Mendoum Centre de Santé Integre,,,SOC.SANTE.CENTRE,,,,MAINA2019,11.520965,4.040956
RAPP_002354,1,MAINA2019,False,False,True,,,SSA_MFL/ligne_5661,,,Ekabita Tom Centre de Santé Integre,,,SOC.SANTE.CENTRE,,,,MAINA2019,11.457292,4.04907
RAPP_002355,1,MAINA2019,False,False,True,,,SSA_MFL/ligne_5662,,,Ekali 1 Centre de Santé Integre,,,SOC.SANTE.CENTRE,,,,MAINA2019,11.529807,3.639024
RAPP_002356,1,MAINA2019,False,False,True,,,SSA_MFL/ligne_5663,,,Ekali 2 Centre de Santé Integre,,,SOC.SANTE.CENTRE,,,,MAINA2019,11.54914,3.622814
RAPP_002357,1,MAINA2019,False,False,True,,,SSA_MFL/ligne_5664,,,Ekekam 3 Centre de Santé Integre,,,SOC.SANTE.CENTRE,,,,MAINA2019,11.36376,3.886589
RAPP_002358,1,MAINA2019,False,False,True,,,SSA_MFL/ligne_5665,,,Ekekom Centre de Santé Integre,,,SOC.SANTE.CENTRE,,,,MAINA2019,11.429354,4.247321
RAPP_002359,1,MAINA2019,False,False,True,,,SSA_MFL/ligne_5666,,,Ekok Centre de Santé Integre,,,SOC.SANTE.CENTRE,,,,MAINA2019,11.601786,3.682449
RAPP_002360,1,MAINA2019,False,False,True,,,SSA_MFL/ligne_5667,,,Ekoudou Centre de Santé Integre,,,SOC.SANTE.CENTRE,,,,MAINA2019,12.137196,3.417412
RAPP_002361,1,MAINA2019,False,False,True,,,SSA_MFL/ligne_5668,,,Ekoudou Centre de Santé Integre,,,SOC.SANTE.CENTRE,,,,MAINA2019,11.504768,3.875627
RAPP_002362,1,MAINA2019,False,False,True,,,SSA_MFL/ligne_5669,,,Ekounou Baptiste Centre de Santé,,,SOC.SANTE.CENTRE,,,,MAINA2019,11.5405,3.8446
RAPP_002363,1,MAINA2019,False,False,True,,,SSA_MFL/ligne_5670,,,Elat Minkom Catholique Centre de Santé,,,SOC.SANTE.CENTRE,,,,MAINA2019,12.45,4.7333
RAPP_002364,1,MAINA2019,False,False,True,,,SSA_MFL/ligne_5671,,,Elessogue Centre de Santé Integre,,,SOC.SANTE.CENTRE,,,,MAINA2019,11.40509,4.3719
RAPP_002365,1,MAINA2019,False,False,True,,,SSA_MFL/ligne_5672,,,Elig Ambassa Centre de Santé Integre,,,SOC.SANTE.CENTRE,,,,MAINA2019,11.225591,4.174186
RAPP_002366,1,MAINA2019,False,False,True,,,SSA_MFL/ligne_5673,,,Elig Essono Centre Médical d'Arrondissement,,,SOC.SANTE.CENTRE,,,,MAINA2019,11.528004,3.866431
RAPP_002367,1,MAINA2019,False,False,True,,,SSA_MFL/ligne_5674,,,Elig Mfomo Catholique Dispensaire,,,SOC.SANTE.CENTRE,,,,MAINA2019,11.3833,4.1667
RAPP_002368,1,MAINA2019,False,False,True,,,SSA_MFL/ligne_5675,,,Elig Mfomo Hôpital de District,,,SOC.SANTE.HOPITAL,,,,MAINA2019,11.120113,4.276994
RAPP_002369,1,MAINA2019,False,False,True,,,SSA_MFL/ligne_5676,,,Elig Onana Centre de Santé Integre,,,SOC.SANTE.CENTRE,,,,MAINA2019,11.319913,4.035543
RAPP_002370,1,MAINA2019,False,False,True,,,SSA_MFL/ligne_5677,,,Elig Yen Centre de Santé Integre,,,SOC.SANTE.CENTRE,,,,MAINA2019,11.33124,3.977776
RAPP_002371,1,MAINA2019,False,False,True,,,SSA_MFL/ligne_5678,,,Elig Zogo Protestant Centre de Santé,,,SOC.SANTE.CENTRE,,,,MAINA2019,11.4362,4.3691
RAPP_002372,1,MAINA2019,False,False,True,,,SSA_MFL/ligne_5679,,,Emana Catholique Centre de Santé,,,SOC.SANTE.CENTRE,,,,MAINA2019,11.333,4.267
RAPP_002373,1,MAINA2019,False,False,True,,,SSA_MFL/ligne_5680,,,Emana Centre de Santé Integre,,,SOC.SANTE.CENTRE,,,,MAINA2019,11.511676,3.919638
RAPP_002374,1,MAINA2019,False,False,True,,,SSA_MFL/ligne_5681,,,Emtse Centre de Santé Integre,,,SOC.SANTE.CENTRE,,,,MAINA2019,12.2833,4.8167
RAPP_002375,1,MAINA2019,False,False,True,,,SSA_MFL/ligne_5683,,,Enangana Centre de Santé Integre,,,SOC.SANTE.CENTRE,,,,MAINA2019,11.368448,4.572324
RAPP_002376,1,MAINA2019,False,False,True,,,SSA_MFL/ligne_5684,,,Endama Centre de Santé Integre,,,SOC.SANTE.CENTRE,,,,MAINA2019,11.4,4.1667
RAPP_002377,1,MAINA2019,False,False,True,,,SSA_MFL/ligne_5685,,,Endengue Centre de Santé Integre,,,SOC.SANTE.CENTRE,,,,MAINA2019,11.662532,3.390565
RAPP_002378,1,MAINA2019,False,False,True,,,SSA_MFL/ligne_5686,,,Endinding Centre de Santé Integre,,,SOC.SANTE.CENTRE,,,,MAINA2019,11.480108,4.107744
RAPP_002379,1,MAINA2019,False,False,True,,,SSA_MFL/ligne_5687,,,Endinding Ii Centre de Santé,,,SOC.SANTE.CENTRE,,,,MAINA2019,11.490816,4.077659
RAPP_002380,1,MAINA2019,False,False,True,,,SSA_MFL/ligne_5688,,,Endom Centre Médical d'Arrondissement,,,SOC.SANTE.CENTRE,,,,MAINA2019,12.102925,3.501329
RAPP_002381,1,MAINA2019,False,False,True,,,SSA_MFL/ligne_5689,,,Epe de Mom Ii Centre de Santé Integre,,,SOC.SANTE.CENTRE,,,,MAINA2019,11.195951,3.638614
RAPP_002382,1,MAINA2019,False,False,True,,,SSA_MFL/ligne_5690,,,Epe Ilanga Centre de Santé Integre,,,SOC.SANTE.CENTRE,,,,MAINA2019,10.783322,3.679836
RAPP_002383,1,MAINA2019,False,False,True,,,SSA_MFL/ligne_5691,,,Eseka Centre de Santé Integre,,,SOC.SANTE.CENTRE,,,,MAINA2019,10.782704,3.630343
RAPP_002384,1,MAINA2019,False,False,True,,,SSA_MFL/ligne_5692,,,Eseka Hôpital de District,,,SOC.SANTE.HOPITAL,,,,MAINA2019,10.77528,3.639481
RAPP_002385,1,MAINA2019,False,False,True,,,SSA_MFL/ligne_5693,,,Essazok Centre de Santé Integre,,,SOC.SANTE.CENTRE,,,,MAINA2019,11.541853,3.677393
RAPP_002386,1,MAINA2019,False,False,True,,,SSA_MFL/ligne_5694,,,Esse Hôpital de District,,,SOC.SANTE.HOPITAL,,,,MAINA2019,11.885185,4.092426
RAPP_002387,1,MAINA2019,False,False,True,,,SSA_MFL/ligne_5695,,,Essong Centre de Santé Integre,,,SOC.SANTE.CENTRE,,,,MAINA2019,11.443624,4.160059
RAPP_002388,1,MAINA2019,False,False,True,,,SSA_MFL/ligne_5696,,,Essos Centre Hospital,,,SOC.SANTE.HOPITAL,,,,MAINA2019,11.5409,3.874
RAPP_002389,1,MAINA2019,False,False,True,,,SSA_MFL/ligne_5697,,,Etah Gabriel Centre de Santé,,,SOC.SANTE.CENTRE,,,,MAINA2019,11.533333,4.166667
RAPP_002390,1,MAINA2019,False,False,True,,,SSA_MFL/ligne_5698,,,Ethondo Centre de Santé Integre,,,SOC.SANTE.CENTRE,,,,MAINA2019,11.642627,4.420039
RAPP_002391,1,MAINA2019,False,False,True,,,SSA_MFL/ligne_5699,,,Etoa Centre Médical d'Arrondissement,,,SOC.SANTE.CENTRE,,,,MAINA2019,11.482955,3.781066
RAPP_002392,1,MAINA2019,False,False,True,,,SSA_MFL/ligne_5700,,,Etoud Ayos Centre de Santé Integre,,,SOC.SANTE.CENTRE,,,,MAINA2019,11.404727,4.099452
RAPP_002393,1,MAINA2019,False,False,True,,,SSA_MFL/ligne_5701,,,Etoung-ebe Baptist Health Clinic,,,SOC.SANTE.CENTRE,,,,MAINA2019,11.466667,3.83333
RAPP_002394,1,MAINA2019,False,False,True,,,SSA_MFL/ligne_5702,,,Evindissi Centre de Santé Integre,,,SOC.SANTE.CENTRE,,,,MAINA2019,11.405469,3.431819
RAPP_002395,1,MAINA2019,False,False,True,,,SSA_MFL/ligne_5703,,,Evodoula Ad Lucem Centre de Santé,,,SOC.SANTE.CENTRE,,,,MAINA2019,11.1946,4.0926
RAPP_002396,1,MAINA2019,False,False,True,,,SSA_MFL/ligne_5704,,,Evodoula Centre Medical d’Arrondissement,,,SOC.SANTE.CENTRE,,,,MAINA2019,11.2,4.0833
RAPP_002397,1,MAINA2019,False,False,True,,,SSA_MFL/ligne_5705,,,Evodoula Hôpital de District,,,SOC.SANTE.HOPITAL,,,,MAINA2019,11.2001,4.0923
RAPP_002398,1,MAINA2019,False,False,True,,,SSA_MFL/ligne_5706,,,Eyenmeyong Centre de Santé Integre,,,SOC.SANTE.CENTRE,,,,MAINA2019,11.247463,4.179154
RAPP_002399,1,MAINA2019,False,False,True,,,SSA_MFL/ligne_5707,,,Fakele Centre de Santé Integre,,,SOC.SANTE.CENTRE,,,,MAINA2019,11.610981,3.49783
RAPP_002400,1,MAINA2019,False,False,True,,,SSA_MFL/ligne_5708,,,Fegmimbang Centre de Santé Integre,,,SOC.SANTE.CENTRE,,,,MAINA2019,11.193595,4.037525
RAPP_002401,1,MAINA2019,False,False,True,,,SSA_MFL/ligne_5709,,,Fegminbang Centre de Santé Integre,,,SOC.SANTE.CENTRE,,,,MAINA2019,11.651012,4.007676
RAPP_002402,1,MAINA2019,False,False,True,,,SSA_MFL/ligne_5710,,,Fm Ad Lucem Centre de Santé,,,SOC.SANTE.CENTRE,,,,MAINA2019,11.513277,3.824805
RAPP_002403,1,MAINA2019,False,False,True,,,SSA_MFL/ligne_5711,,,Fondation Chantal Biya Centre de Santé,,,SOC.SANTE.CENTRE,,,,MAINA2019,11.515594,3.862302
RAPP_002404,1,MAINA2019,False,False,True,,,SSA_MFL/ligne_5712,,,Gbwah Centre de Santé Integre,,,SOC.SANTE.CENTRE,,,,MAINA2019,11.091107,5.037814
RAPP_002405,1,MAINA2019,False,False,True,,,SSA_MFL/ligne_5713,,,Gondon Centre de Santé Integre,,,SOC.SANTE.CENTRE,,,,MAINA2019,11.22168,4.735593
RAPP_002406,1,MAINA2019,False,False,True,,,SSA_MFL/ligne_5714,,,Goufan Centre de Santé Integre,,,SOC.SANTE.CENTRE,,,,MAINA2019,11.250828,4.65023
RAPP_002407,1,MAINA2019,False,False,True,,,SSA_MFL/ligne_5715,,,Gouife Centre de Santé Integre,,,SOC.SANTE.CENTRE,,,,MAINA2019,11.123527,4.642496
RAPP_002408,1,MAINA2019,False,False,True,,,SSA_MFL/ligne_5716,,,Goussaki Ruth EPC Dispensaire,,,SOC.SANTE.CENTRE,,,,MAINA2019,11.2898,4.7106
RAPP_002409,1,MAINA2019,False,False,True,,,SSA_MFL/ligne_5717,,,Guefigue Centre de Santé Integre,,,SOC.SANTE.CENTRE,,,,MAINA2019,11.217932,4.55636
RAPP_002410,1,MAINA2019,False,False,True,,,SSA_MFL/ligne_5718,,,Guientshg 1 Centre de Santé Integre,,,SOC.SANTE.CENTRE,,,,MAINA2019,11.338008,4.644689
RAPP_002411,1,MAINA2019,False,False,True,,,SSA_MFL/ligne_5719,,,Hegba Centre de Santé Integre,,,SOC.SANTE.CENTRE,,,,MAINA2019,11.086998,3.982648
RAPP_002412,1,MAINA2019,False,False,True,,,SSA_MFL/ligne_5720,,,Hope Service Centre de Santé,,,SOC.SANTE.CENTRE,,,,MAINA2019,11.535107,3.865467
RAPP_002413,1,MAINA2019,False,False,True,,,SSA_MFL/ligne_5721,,,Hope Solidarity Centre de Santé,,,SOC.SANTE.CENTRE,,,,MAINA2019,11.548848,3.870535
RAPP_002414,1,MAINA2019,False,False,True,,,SSA_MFL/ligne_5722,,,Horison Santé Centre de Santé,,,SOC.SANTE.CENTRE,,,,MAINA2019,11.2407,4.749
RAPP_002415,1,MAINA2019,False,False,True,,,SSA_MFL/ligne_5724,,,Itibili Centre de Santé Integre,,,SOC.SANTE.CENTRE,,,,MAINA2019,11.6333,4.3333
RAPP_002416,1,MAINA2019,False,False,True,,,SSA_MFL/ligne_5726,,,Kamba Centre de Santé Integre,,,SOC.SANTE.CENTRE,,,,MAINA2019,11.696625,3.672307
RAPP_002417,1,MAINA2019,False,False,True,,,SSA_MFL/ligne_5727,,,Kela Centre de Santé Integre,,,SOC.SANTE.CENTRE,,,,MAINA2019,11.530311,4.45661
RAPP_002418,1,MAINA2019,False,False,True,,,SSA_MFL/ligne_5728,,,Kelle Ndog Ngond Centre de Santé Integre,,,SOC.SANTE.CENTRE,,,,MAINA2019,10.389284,3.725046
RAPP_002419,1,MAINA2019,False,False,True,,,SSA_MFL/ligne_5729,,,Kiiki Centre Médical d'Arrondissement,,,SOC.SANTE.CENTRE,,,,MAINA2019,11.173793,4.671942
RAPP_002420,1,MAINA2019,False,False,True,,,SSA_MFL/ligne_5730,,,Kinding-Njabi Centre de Santé Integre,,,SOC.SANTE.CENTRE,,,,MAINA2019,10.7333,4.9167
RAPP_002421,1,MAINA2019,False,False,True,,,SSA_MFL/ligne_5731,,,Kitou Centre de Santé,,,SOC.SANTE.CENTRE,,,,MAINA2019,11.5167,3.8667
RAPP_002422,1,MAINA2019,False,False,True,,,SSA_MFL/ligne_5732,,,Kobdombo Centre Médical d'Arrondissement,,,SOC.SANTE.CENTRE,,,,MAINA2019,12.732719,4.026312
RAPP_002423,1,MAINA2019,False,False,True,,,SSA_MFL/ligne_5733,,,Koe Elessogue Centre de Santé Integre,,,SOC.SANTE.CENTRE,,,,MAINA2019,11.4091,4.4026
RAPP_002424,1,MAINA2019,False,False,True,,,SSA_MFL/ligne_5734,,,Kokodo II Centre de Santé Integre,,,SOC.SANTE.CENTRE,,,,MAINA2019,11.179242,4.365967
RAPP_002425,1,MAINA2019,False,False,True,,,SSA_MFL/ligne_5735,,,Koli Centre de Santé Integre,,,SOC.SANTE.CENTRE,,,,MAINA2019,11.328466,3.699916
RAPP_002426,1,MAINA2019,False,False,True,,,SSA_MFL/ligne_5736,,,Komassi Centre de Santé Integre,,,SOC.SANTE.CENTRE,,,,MAINA2019,10.8122,3.8791
RAPP_002427,1,MAINA2019,False,False,True,,,SSA_MFL/ligne_5737,,,Kombo Centre de Santé Integre,,,SOC.SANTE.CENTRE,,,,MAINA2019,12.629926,3.981768
RAPP_002428,1,MAINA2019,False,False,True,,,SSA_MFL/ligne_5738,,,Komo Mvokani Centre de Santé Integre,,,SOC.SANTE.CENTRE,,,,MAINA2019,11.4,4.2
RAPP_002429,1,MAINA2019,False,False,True,,,SSA_MFL/ligne_5739,,,Komo-Essele Centre de Santé Integre,,,SOC.SANTE.CENTRE,,,,MAINA2019,11.177842,4.373267
RAPP_002430,1,MAINA2019,False,False,True,,,SSA_MFL/ligne_5740,,,Konabeng Centre de Santé Integre,,,SOC.SANTE.CENTRE,,,,MAINA2019,11.3399,4.071711
RAPP_002431,1,MAINA2019,False,False,True,,,SSA_MFL/ligne_5741,,,Kong Centre de Santé Integre,,,SOC.SANTE.CENTRE,,,,MAINA2019,12.056849,5.603607
RAPP_002432,1,MAINA2019,False,False,True,,,SSA_MFL/ligne_5742,,,Kon-Yambetta Centre de Santé Integre,,,SOC.SANTE.CENTRE,,,,MAINA2019,11.0333,4.85
RAPP_002433,1,MAINA2019,False,False,True,,,SSA_MFL/ligne_5743,,,Koudadeng Centre de Santé Integre,,,SOC.SANTE.CENTRE,,,,MAINA2019,11.485837,4.090557
RAPP_002434,1,MAINA2019,False,False,True,,,SSA_MFL/ligne_5744,,,Koulou Centre de Santé Integre,,,SOC.SANTE.CENTRE,,,,MAINA2019,11.6167,4.0833
RAPP_002435,1,MAINA2019,False,False,True,,,SSA_MFL/ligne_5745,,,La Grace Centre de Santé Integre,,,SOC.SANTE.CENTRE,,,,MAINA2019,11.898109,4.434208
RAPP_002436,1,MAINA2019,False,False,True,,,SSA_MFL/ligne_5746,,,La Grace Divine Centre de Santé,,,SOC.SANTE.CENTRE,,,,MAINA2019,11.516158,3.856786
RAPP_002437,1,MAINA2019,False,False,True,,,SSA_MFL/ligne_5747,,,La Prairle Centre de Santé Integre,,,SOC.SANTE.CENTRE,,,,MAINA2019,11.493127,3.791001
RAPP_002438,1,MAINA2019,False,False,True,,,SSA_MFL/ligne_5748,,,Lable Dispensaire,,,SOC.SANTE.CENTRE,,,,MAINA2019,11.2206,4.7516
RAPP_002439,1,MAINA2019,False,False,True,,,SSA_MFL/ligne_5749,,,Lada Centre de Santé Integre,,,SOC.SANTE.CENTRE,,,,MAINA2019,11.587984,3.833518
RAPP_002440,1,MAINA2019,False,False,True,,,SSA_MFL/ligne_5750,,,Lebamzip Centre de Santé Integre,,,SOC.SANTE.CENTRE,,,,MAINA2019,11.489697,4.257124
RAPP_002441,1,MAINA2019,False,False,True,,,SSA_MFL/ligne_5751,,,Lebol Centre de Santé Integre,,,SOC.SANTE.CENTRE,,,,MAINA2019,11.414819,3.993153
RAPP_002442,1,MAINA2019,False,False,True,,,SSA_MFL/ligne_5752,,,Leka Centre de Santé Integre,,,SOC.SANTE.CENTRE,,,,MAINA2019,11.371825,4.275103
RAPP_002443,1,MAINA2019,False,False,True,,,SSA_MFL/ligne_5753,,,Lembe Yezoum Centre Medical d’Arrondissement,,,SOC.SANTE.CENTRE,,,,MAINA2019,12.6333,4.0
RAPP_002444,1,MAINA2019,False,False,True,,,SSA_MFL/ligne_5754,,,Lepopomo Centre de Santé Integre,,,SOC.SANTE.CENTRE,,,,MAINA2019,11.52867,4.250465
RAPP_002445,1,MAINA2019,False,False,True,,,SSA_MFL/ligne_5755,,,Les Amis Centre de Santé Integre,,,SOC.SANTE.CENTRE,,,,MAINA2019,11.57103,3.810913
RAPP_002446,1,MAINA2019,False,False,True,,,SSA_MFL/ligne_5757,,,Libamba Centre de Santé Integre,,,SOC.SANTE.CENTRE,,,,MAINA2019,11.100297,3.543198
RAPP_002447,1,MAINA2019,False,False,True,,,SSA_MFL/ligne_5758,,,Lindoi Centre de Santé Integre,,,SOC.SANTE.CENTRE,,,,MAINA2019,11.169063,3.701432
RAPP_002448,1,MAINA2019,False,False,True,,,SSA_MFL/ligne_5759,,,Linkongue Centre de Santé Integre,,,SOC.SANTE.CENTRE,,,,MAINA2019,10.9833,3.4167
RAPP_002449,1,MAINA2019,False,False,True,,,SSA_MFL/ligne_5760,,,Linte Centre de Santé Integre,,,SOC.SANTE.CENTRE,,,,MAINA2019,11.693922,5.382
RAPP_002450,1,MAINA2019,False,False,True,,,SSA_MFL/ligne_5761,,,Lobo Centre Médical d'Arrondissement,,,SOC.SANTE.CENTRE,,,,MAINA2019,11.226884,3.885592
RAPP_002451,1,MAINA2019,False,False,True,,,SSA_MFL/ligne_5762,,,Longue A Likongue Centre de Santé Integre,,,SOC.SANTE.CENTRE,,,,MAINA2019,10.970378,3.430412
RAPP_002452,1,MAINA2019,False,False,True,,,SSA_MFL/ligne_5763,,,Luigi Variara Catholique Dispensaire,,,SOC.SANTE.CENTRE,,,,MAINA2019,11.5419,3.8424
RAPP_002453,1,MAINA2019,False,False,True,,,SSA_MFL/ligne_5764,,,Makai Centre de Santé Integre,,,SOC.SANTE.CENTRE,,,,MAINA2019,10.884769,3.923938
RAPP_002454,1,MAINA2019,False,False,True,,,SSA_MFL/ligne_5765,,,Makak Catholique Dispensaire,,,SOC.SANTE.CENTRE,,,,MAINA2019,11.0331,3.5475
RAPP_002455,1,MAINA2019,False,False,True,,,SSA_MFL/ligne_5766,,,Makak Centre Médical d'Arrondissement,,,SOC.SANTE.CENTRE,,,,MAINA2019,11.029151,3.542484
RAPP_002456,1,MAINA2019,False,False,True,,,SSA_MFL/ligne_5767,,,Makenene Catholique Dispensaire,,,SOC.SANTE.CENTRE,,,,MAINA2019,10.7932,4.8855
RAPP_002457,1,MAINA2019,False,False,True,,,SSA_MFL/ligne_5768,,,Makenene Centre Médical d'Arrondissement,,,SOC.SANTE.CENTRE,,,,MAINA2019,10.795851,4.877535
RAPP_002458,1,MAINA2019,False,False,True,,,SSA_MFL/ligne_5769,,,Makenene UEBC Dispensaire,,,SOC.SANTE.CENTRE,,,,MAINA2019,10.8134,4.8793
RAPP_002459,1,MAINA2019,False,False,True,,,SSA_MFL/ligne_5770,,,Makouri Centre de Santé Integre,,,SOC.SANTE.CENTRE,,,,MAINA2019,12.851589,5.514139
RAPP_002460,1,MAINA2019,False,False,True,,,SSA_MFL/ligne_5771,,,Malminang Centre de Santé Integre,,,SOC.SANTE.CENTRE,,,,MAINA2019,11.140853,3.792931
RAPP_002461,1,MAINA2019,False,False,True,,,SSA_MFL/ligne_5772,,,Mamb Centre de Santé Integre,,,SOC.SANTE.CENTRE,,,,MAINA2019,10.935922,3.854054
RAPP_002462,1,MAINA2019,False,False,True,,,SSA_MFL/ligne_5773,,,Mandoumba Catholique Dispensaire,,,SOC.SANTE.CENTRE,,,,MAINA2019,11.0947,3.7654
RAPP_002463,1,MAINA2019,False,False,True,,,SSA_MFL/ligne_5774,,,Mang Centre de Santé Integre,,,SOC.SANTE.CENTRE,,,,MAINA2019,12.772932,4.194762
RAPP_002464,1,MAINA2019,False,False,True,,,SSA_MFL/ligne_5775,,,Mangai Centre de Santé Integre,,,SOC.SANTE.CENTRE,,,,MAINA2019,12.154209,5.185734
RAPP_002465,1,MAINA2019,False,False,True,,,SSA_MFL/ligne_5776,,,Manganga EPC Dispensaire,,,SOC.SANTE.CENTRE,,,,MAINA2019,11.05,4.1
RAPP_002466,1,MAINA2019,False,False,True,,,SSA_MFL/ligne_5777,,,Manguengues Centre de Santé Integre,,,SOC.SANTE.CENTRE,,,,MAINA2019,10.718899,3.526244
RAPP_002467,1,MAINA2019,False,False,True,,,SSA_MFL/ligne_5778,,,Mankim Centre de Santé Integre,,,SOC.SANTE.CENTRE,,,,MAINA2019,12.007872,5.018577
RAPP_002468,1,MAINA2019,False,False,True,,,SSA_MFL/ligne_5779,,,Maria-Aldo Centre de Santé,,,SOC.SANTE.CENTRE,,,,MAINA2019,10.8503,3.8841
RAPP_002469,1,MAINA2019,False,False,True,,,SSA_MFL/ligne_5780,,,Marie Reine Catholic Etoudi Centre de Santé,,,SOC.SANTE.CENTRE,,,,MAINA2019,11.5167,3.9167
RAPP_002470,1,MAINA2019,False,False,True,,,SSA_MFL/ligne_5781,,,Mater Etoudi Dispensaire,,,SOC.SANTE.CENTRE,,,,MAINA2019,11.516668,3.916667
RAPP_002471,1,MAINA2019,False,False,True,,,SSA_MFL/ligne_5782,,,Mater Mfandena II Dispensaire,,,SOC.SANTE.CENTRE,,,,MAINA2019,11.5173,3.8664
RAPP_002472,1,MAINA2019,False,False,True,,,SSA_MFL/ligne_5783,,,Matomb Centre Médical d'Arrondissement,,,SOC.SANTE.CENTRE,,,,MAINA2019,11.063372,3.815239
RAPP_002473,1,MAINA2019,False,False,True,,,SSA_MFL/ligne_5784,,,Mbaka Centre de Santé Integre,,,SOC.SANTE.CENTRE,,,,MAINA2019,12.352273,3.973807
RAPP_002474,1,MAINA2019,False,False,True,,,SSA_MFL/ligne_5785,,,Mbakomo Centre de Santé Integre,,,SOC.SANTE.CENTRE,,,,MAINA2019,11.443171,4.142419
RAPP_002475,1,MAINA2019,False,False,True,,,SSA_MFL/ligne_5786,,,Mbalelon Centre de Santé Integre,,,SOC.SANTE.CENTRE,,,,MAINA2019,11.401079,3.55465
RAPP_002476,1,MAINA2019,False,False,True,,,SSA_MFL/ligne_5787,,,Mbalgong Centre de Santé Integre,,,SOC.SANTE.CENTRE,,,,MAINA2019,11.461333,3.794482
RAPP_002477,1,MAINA2019,False,False,True,,,SSA_MFL/ligne_5788,,,Mbalmayo Hôpital de District,,,SOC.SANTE.HOPITAL,,,,MAINA2019,11.508902,3.514486
RAPP_002478,1,MAINA2019,False,False,True,,,SSA_MFL/ligne_5789,,,Mbalmayo Urbain 2 Centre de Santé Integre,,,SOC.SANTE.CENTRE,,,,MAINA2019,11.504381,3.514248
RAPP_002479,1,MAINA2019,False,False,True,,,SSA_MFL/ligne_5790,,,Mbalmayo Urbain I Centre de Santé Integre,,,SOC.SANTE.CENTRE,,,,MAINA2019,11.5159,3.506935
RAPP_002480,1,MAINA2019,False,False,True,,,SSA_MFL/ligne_5791,,,Mbanda Centre de Santé Integre,,,SOC.SANTE.CENTRE,,,,MAINA2019,10.878568,4.018002
RAPP_002481,1,MAINA2019,False,False,True,,,SSA_MFL/ligne_5792,,,Mbandjock Hôpital de District,,,SOC.SANTE.HOPITAL,,,,MAINA2019,11.907909,4.442801
RAPP_002482,1,MAINA2019,False,False,True,,,SSA_MFL/ligne_5793,,,Mbanedouma Centre de Santé Integre,,,SOC.SANTE.CENTRE,,,,MAINA2019,11.193042,4.373767
RAPP_002483,1,MAINA2019,False,False,True,,,SSA_MFL/ligne_5794,,,Mbanga Centre de Santé Integre,,,SOC.SANTE.CENTRE,,,,MAINA2019,10.8167,3.8667
RAPP_002484,1,MAINA2019,False,False,True,,,SSA_MFL/ligne_5795,,,Mbangassina Centre Medical d’Arrondissement,,,SOC.SANTE.CENTRE,,,,MAINA2019,11.3833,4.5667
RAPP_002485,1,MAINA2019,False,False,True,,,SSA_MFL/ligne_5796,,,Mbankomo Hôpital de District,,,SOC.SANTE.HOPITAL,,,,MAINA2019,11.400038,3.780015
RAPP_002486,1,MAINA2019,False,False,True,,,SSA_MFL/ligne_5797,,,Mbankomo Urbain Centre de Santé Integre,,,SOC.SANTE.CENTRE,,,,MAINA2019,11.4036,3.7913
RAPP_002487,1,MAINA2019,False,False,True,,,SSA_MFL/ligne_5798,,,Mbargue Centre de Santé Integre,,,SOC.SANTE.CENTRE,,,,MAINA2019,13.069295,4.893841
RAPP_002488,1,MAINA2019,False,False,True,,,SSA_MFL/ligne_5799,,,Mbayengue Centre de Santé Integre,,,SOC.SANTE.CENTRE,,,,MAINA2019,11.314104,3.724455
RAPP_002489,1,MAINA2019,False,False,True,,,SSA_MFL/ligne_5800,,,Mbebe Centre de Santé Integre,,,SOC.SANTE.CENTRE,,,,MAINA2019,11.018524,4.151955
RAPP_002490,1,MAINA2019,False,False,True,,,SSA_MFL/ligne_5802,,,Mbele Centre de Santé Integre,,,SOC.SANTE.CENTRE,,,,MAINA2019,11.518275,4.185218
RAPP_002491,1,MAINA2019,False,False,True,,,SSA_MFL/ligne_5803,,,Mbeng Centre de Santé Integre,,,SOC.SANTE.CENTRE,,,,MAINA2019,11.219983,3.53606
RAPP_002492,1,MAINA2019,False,False,True,,,SSA_MFL/ligne_5804,,,Mbengue Centre de Santé Integre,,,SOC.SANTE.CENTRE,,,,MAINA2019,10.42212,3.623919
RAPP_002493,1,MAINA2019,False,False,True,,,SSA_MFL/ligne_5805,,,Mboali Sanaga (Mekon 3) Centre de Santé Integre,,,SOC.SANTE.CENTRE,,,,MAINA2019,12.74896,4.966176
RAPP_002494,1,MAINA2019,False,False,True,,,SSA_MFL/ligne_5806,,,Mboke Centre de Santé Integre,,,SOC.SANTE.CENTRE,,,,MAINA2019,12.61327,4.310404
RAPP_002495,1,MAINA2019,False,False,True,,,SSA_MFL/ligne_5807,,,Mboui Centre de Santé Integre,,,SOC.SANTE.CENTRE,,,,MAINA2019,10.470185,3.757883
RAPP_002496,1,MAINA2019,False,False,True,,,SSA_MFL/ligne_5808,,,Mebolo Centre de Santé Integre,,,SOC.SANTE.CENTRE,,,,MAINA2019,12.08873,4.255321
RAPP_002497,1,MAINA2019,False,False,True,,,SSA_MFL/ligne_5809,,,Mefindi Centre de Santé Integre,,,SOC.SANTE.CENTRE,,,,MAINA2019,11.993001,3.476661
RAPP_002498,1,MAINA2019,False,False,True,,,SSA_MFL/ligne_5810,,,Mefomo Centre de Santé Integre,,,SOC.SANTE.CENTRE,,,,MAINA2019,11.403655,3.782394
RAPP_002499,1,MAINA2019,False,False,True,,,SSA_MFL/ligne_5811,,,Mekomba Centre de Santé Integre,,,SOC.SANTE.CENTRE,,,,MAINA2019,11.674169,3.713204
RAPP_002500,1,MAINA2019,False,False,True,,,SSA_MFL/ligne_5812,,,Melan Centre de Santé,,,SOC.SANTE.CENTRE,,,,MAINA2019,12.404353,3.923331
RAPP_002501,1,MAINA2019,False,False,True,,,SSA_MFL/ligne_5813,,,Melen Centre de Santé Integre,,,SOC.SANTE.CENTRE,,,,MAINA2019,11.323113,3.666158
RAPP_002502,1,MAINA2019,False,False,True,,,SSA_MFL/ligne_5814,,,Melen Centre de Santé Integre,,,SOC.SANTE.CENTRE,,,,MAINA2019,11.497436,3.859581
RAPP_002503,1,MAINA2019,False,False,True,,,SSA_MFL/ligne_5815,,,Mendong 2 Centre de Santé Integre,,,SOC.SANTE.CENTRE,,,,MAINA2019,11.625014,3.788903
RAPP_002504,1,MAINA2019,False,False,True,,,SSA_MFL/ligne_5816,,,Mendong Centre de Santé Integre,,,SOC.SANTE.CENTRE,,,,MAINA2019,11.454319,3.566547
RAPP_002505,1,MAINA2019,False,False,True,,,SSA_MFL/ligne_5818,,,Mengang Centre de Santé Integre,,,SOC.SANTE.CENTRE,,,,MAINA2019,12.062065,3.889551
RAPP_002506,1,MAINA2019,False,False,True,,,SSA_MFL/ligne_5819,,,Mengueme Centre de Santé Integre,,,SOC.SANTE.CENTRE,,,,MAINA2019,11.39606,3.239826
RAPP_002507,1,MAINA2019,False,False,True,,,SSA_MFL/ligne_5820,,,Mengueme Si Centre de Santé Integre,,,SOC.SANTE.CENTRE,,,,MAINA2019,12.247465,4.049014
RAPP_002508,1,MAINA2019,False,False,True,,,SSA_MFL/ligne_5821,,,Mere Theresa Centre de Santé Integre,,,SOC.SANTE.CENTRE,,,,MAINA2019,10.771282,3.647095
RAPP_002509,1,MAINA2019,False,False,True,,,SSA_MFL/ligne_5822,,,Mereng Centre de Santé Integre,,,SOC.SANTE.CENTRE,,,,MAINA2019,11.248449,4.706444
RAPP_002510,1,MAINA2019,False,False,True,,,SSA_MFL/ligne_5823,,,Messangsang EPC Dispensaire,,,SOC.SANTE.CENTRE,,,,MAINA2019,11.228,4.7419
RAPP_002511,1,MAINA2019,False,False,True,,,SSA_MFL/ligne_5824,,,Messondo Centre Médical d'Arrondissement,,,SOC.SANTE.CENTRE,,,,MAINA2019,10.455433,3.693161
RAPP_002512,1,MAINA2019,False,False,True,,,SSA_MFL/ligne_5825,,,Meteing Centre de Santé Integre,,,SOC.SANTE.CENTRE,,,,MAINA2019,12.309429,5.39588
RAPP_002513,1,MAINA2019,False,False,True,,,SSA_MFL/ligne_5826,,,Metep Centre de Santé Integre,,,SOC.SANTE.CENTRE,,,,MAINA2019,12.8254,5.076524
RAPP_002514,1,MAINA2019,False,False,True,,,SSA_MFL/ligne_5827,,,Meven Centre de Santé Integre,,,SOC.SANTE.CENTRE,,,,MAINA2019,11.7667,3.8333
RAPP_002515,1,MAINA2019,False,False,True,,,SSA_MFL/ligne_5828,,,Meyila Centre de Santé Integre,,,SOC.SANTE.CENTRE,,,,MAINA2019,11.375236,3.605106
RAPP_002516,1,MAINA2019,False,False,True,,,SSA_MFL/ligne_5829,,,Meyo Centre de Santé Integre,,,SOC.SANTE.CENTRE,,,,MAINA2019,11.506448,3.775005
RAPP_002517,1,MAINA2019,False,False,True,,,SSA_MFL/ligne_5830,,,Mfou Hôpital de District,,,SOC.SANTE.HOPITAL,,,,MAINA2019,11.64621,3.717219
RAPP_002518,1,MAINA2019,False,False,True,,,SSA_MFL/ligne_5831,,,Mifoumbe Centre de Santé Integre,,,SOC.SANTE.CENTRE,,,,MAINA2019,11.805974,4.82941
RAPP_002519,1,MAINA2019,False,False,True,,,SSA_MFL/ligne_5832,,,Mimbang Centre de Santé Integre,,,SOC.SANTE.CENTRE,,,,MAINA2019,11.843367,3.966677
RAPP_002520,1,MAINA2019,False,False,True,,,SSA_MFL/ligne_5833,,,Mimboman I Centre de Santé Integre,,,SOC.SANTE.CENTRE,,,,MAINA2019,11.573484,3.863103
RAPP_002521,1,MAINA2019,False,False,True,,,SSA_MFL/ligne_5834,,,Minlaba Centre de Santé Integre,,,SOC.SANTE.CENTRE,,,,MAINA2019,11.347009,3.165805
RAPP_002522,1,MAINA2019,False,False,True,,,SSA_MFL/ligne_5835,,,Minta Catholique Centre de Santé,,,SOC.SANTE.CENTRE,,,,MAINA2019,12.8317,4.5584
RAPP_002523,1,MAINA2019,False,False,True,,,SSA_MFL/ligne_5836,,,Minta Centre Medical d’Arrondissement,,,SOC.SANTE.CENTRE,,,,MAINA2019,12.8288,4.5609
RAPP_002524,1,MAINA2019,False,False,True,,,SSA_MFL/ligne_5837,,,Minta Centre Médical d'Arrondissement,,,SOC.SANTE.CENTRE,,,,MAINA2019,11.520366,3.876424
RAPP_002525,1,MAINA2019,False,False,True,,,SSA_MFL/ligne_5838,,,Mintaba Centre de Santé Integre,,,SOC.SANTE.CENTRE,,,,MAINA2019,11.056914,3.938998
RAPP_002526,1,MAINA2019,False,False,True,,,SSA_MFL/ligne_5839,,,Misericorde Centre de Santé Integre,,,SOC.SANTE.CENTRE,,,,MAINA2019,10.778325,3.632628
RAPP_002527,1,MAINA2019,False,False,True,,,SSA_MFL/ligne_5840,,,Moise Et Elisabeth Centre de Santé Integre,,,SOC.SANTE.CENTRE,,,,MAINA2019,11.524698,3.815828
RAPP_002528,1,MAINA2019,False,False,True,,,SSA_MFL/ligne_5841,,,Mom Centre de Santé Integre,,,SOC.SANTE.CENTRE,,,,MAINA2019,11.179057,3.58698
RAPP_002529,1,MAINA2019,False,False,True,,,SSA_MFL/ligne_5842,,,Monabo Catholique Centre de Santé,,,SOC.SANTE.CENTRE,,,,MAINA2019,11.2667,4.2333
RAPP_002530,1,MAINA2019,False,False,True,,,SSA_MFL/ligne_5843,,,Monatele Centre de Santé Integre,,,SOC.SANTE.CENTRE,,,,MAINA2019,11.202377,4.25144
RAPP_002531,1,MAINA2019,False,False,True,,,SSA_MFL/ligne_5844,,,Monatele Hôpital de District,,,SOC.SANTE.HOPITAL,,,,MAINA2019,11.202805,4.250155
RAPP_002532,1,MAINA2019,False,False,True,,,SSA_MFL/ligne_5845,,,Mont Carmel Centre de Santé Integre,,,SOC.SANTE.CENTRE,,,,MAINA2019,11.313402,4.282375
RAPP_002533,1,MAINA2019,False,False,True,,,SSA_MFL/ligne_5846,,,Mont Des Oliviers Centre de Santé Integre,,,SOC.SANTE.CENTRE,,,,MAINA2019,11.544152,4.157111
RAPP_002534,1,MAINA2019,False,False,True,,,SSA_MFL/ligne_5847,,,Mouko Centre de Santé Integre,,,SOC.SANTE.CENTRE,,,,MAINA2019,11.19967,4.663317
RAPP_002535,1,MAINA2019,False,False,True,,,SSA_MFL/ligne_5848,,,Mt Nicolas Barre Centre de Santé,,,SOC.SANTE.CENTRE,,,,MAINA2019,11.5289,3.8447
RAPP_002536,1,MAINA2019,False,False,True,,,SSA_MFL/ligne_5849,,,Mvebekon Centre de Santé Integre,,,SOC.SANTE.CENTRE,,,,MAINA2019,12.045709,4.24371
RAPP_002537,1,MAINA2019,False,False,True,,,SSA_MFL/ligne_5850,,,Mveng Essaboutou Centre de Santé Integre,,,SOC.SANTE.CENTRE,,,,MAINA2019,11.931769,4.035757
RAPP_002538,1,MAINA2019,False,False,True,,,SSA_MFL/ligne_5851,,,Mvog Ada Centre Médical d'Arrondissement,,,SOC.SANTE.CENTRE,,,,MAINA2019,11.530431,3.85997
RAPP_002539,1,MAINA2019,False,False,True,,,SSA_MFL/ligne_5852,,,Mvog Betsi Centre Médical d'Arrondissement,,,SOC.SANTE.CENTRE,,,,MAINA2019,11.485464,3.854757
RAPP_002540,1,MAINA2019,False,False,True,,,SSA_MFL/ligne_5853,,,Mvolye Catholique Centre de Santé,,,SOC.SANTE.CENTRE,,,,MAINA2019,11.5,3.8333
RAPP_002541,1,MAINA2019,False,False,True,,,SSA_MFL/ligne_5854,,,Mvomekak 2 Centre de Santé Integre,,,SOC.SANTE.CENTRE,,,,MAINA2019,11.252345,4.2389
RAPP_002542,1,MAINA2019,False,False,True,,,SSA_MFL/ligne_5855,,,Mvomenam Centre de Santé Integre,,,SOC.SANTE.CENTRE,,,,MAINA2019,11.467292,4.418825
RAPP_002543,1,MAINA2019,False,False,True,,,SSA_MFL/ligne_5857,,,Mvoua Centre de Santé Integre,,,SOC.SANTE.CENTRE,,,,MAINA2019,11.431475,4.0549
RAPP_002544,1,MAINA2019,False,False,True,,,SSA_MFL/ligne_5858,,,Mvoua II Centre de Santé Integre,,,SOC.SANTE.CENTRE,,,,MAINA2019,11.4541,4.0731
RAPP_002545,1,MAINA2019,False,False,True,,,SSA_MFL/ligne_5859,,,Mvounkeng Centre de Santé Integre,,,SOC.SANTE.CENTRE,,,,MAINA2019,11.354459,3.472269
RAPP_002546,1,MAINA2019,False,False,True,,,SSA_MFL/ligne_5860,,,Nanga Eboko Hôpital de District,,,SOC.SANTE.HOPITAL,,,,MAINA2019,12.370844,4.657782
RAPP_002547,1,MAINA2019,False,False,True,,,SSA_MFL/ligne_5861,,,Nanga Eboko Urbain Centre de Santé Integre,,,SOC.SANTE.CENTRE,,,,MAINA2019,12.379648,4.678721
RAPP_002548,1,MAINA2019,False,False,True,,,SSA_MFL/ligne_5862,,,Nd de La Compassion Catholique Centre de Santé,,,SOC.SANTE.CENTRE,,,,MAINA2019,11.5523,3.8693
RAPP_002549,1,MAINA2019,False,False,True,,,SSA_MFL/ligne_5863,,,Ndangueng Centre de Santé Integre,,,SOC.SANTE.CENTRE,,,,MAINA2019,11.611601,3.58043
RAPP_002550,1,MAINA2019,False,False,True,,,SSA_MFL/ligne_5864,,,Ndelle Centre de Santé Integre,,,SOC.SANTE.CENTRE,,,,MAINA2019,12.545408,4.018317
RAPP_002551,1,MAINA2019,False,False,True,,,SSA_MFL/ligne_5865,,,Ndikinimeki Hôpital de District,,,SOC.SANTE.HOPITAL,,,,MAINA2019,10.827585,4.750777
RAPP_002552,1,MAINA2019,False,False,True,,,SSA_MFL/ligne_5866,,,Ndikinimeki UEBC Dispensaire,,,SOC.SANTE.CENTRE,,,,MAINA2019,10.8267,4.7578
RAPP_002553,1,MAINA2019,False,False,True,,,SSA_MFL/ligne_5867,,,Ndimi Centre de Santé Integre,,,SOC.SANTE.CENTRE,,,,MAINA2019,11.676113,4.631096
RAPP_002554,1,MAINA2019,False,False,True,,,SSA_MFL/ligne_5868,,,Nditam Catholique Centre de Santé,,,SOC.SANTE.CENTRE,,,,MAINA2019,11.2401,5.3633
RAPP_002555,1,MAINA2019,False,False,True,,,SSA_MFL/ligne_5869,,,Nditam Centre de Santé Integre,,,SOC.SANTE.CENTRE,,,,MAINA2019,11.239445,5.340835
RAPP_002556,1,MAINA2019,False,False,True,,,SSA_MFL/ligne_5870,,,Ndjame Centre de Santé Integre,,,SOC.SANTE.CENTRE,,,,MAINA2019,11.639707,4.397897
RAPP_002557,1,MAINA2019,False,False,True,,,SSA_MFL/ligne_5871,,,Ndjassi Centre de Santé Integre,,,SOC.SANTE.CENTRE,,,,MAINA2019,12.584777,5.031017
RAPP_002558,1,MAINA2019,False,False,True,,,SSA_MFL/ligne_5872,,,Ndjole Centre de Santé Integre,,,SOC.SANTE.CENTRE,,,,MAINA2019,11.936845,4.797287
RAPP_002559,1,MAINA2019,False,False,True,,,SSA_MFL/ligne_5873,,,Ndjombe Centre de Santé Integre,,,SOC.SANTE.CENTRE,,,,MAINA2019,12.664489,4.803659
RAPP_002560,1,MAINA2019,False,False,True,,,SSA_MFL/ligne_5874,,,Ndjore Centre de Santé Integre,,,SOC.SANTE.CENTRE,,,,MAINA2019,11.817149,4.394801
RAPP_002561,1,MAINA2019,False,False,True,,,SSA_MFL/ligne_5875,,,Ndog Bessol Centre de Santé Integre,,,SOC.SANTE.CENTRE,,,,MAINA2019,10.5667,3.6833
RAPP_002562,1,MAINA2019,False,False,True,,,SSA_MFL/ligne_5876,,,Ndokowanen Centre de Santé Integre,,,SOC.SANTE.CENTRE,,,,MAINA2019,10.735024,4.608018
RAPP_002563,1,MAINA2019,False,False,True,,,SSA_MFL/ligne_5877,,,Ndombam Centre de Santé Integre,,,SOC.SANTE.CENTRE,,,,MAINA2019,12.240577,4.60679
RAPP_002564,1,MAINA2019,False,False,True,,,SSA_MFL/ligne_5878,,,Ndong Elang Centre de Santé Integre,,,SOC.SANTE.CENTRE,,,,MAINA2019,11.42731,4.465666
RAPP_002565,1,MAINA2019,False,False,True,,,SSA_MFL/ligne_5879,,,Ndongo Centre de Santé Integre,,,SOC.SANTE.CENTRE,,,,MAINA2019,10.847511,4.059612
RAPP_002566,1,MAINA2019,False,False,True,,,SSA_MFL/ligne_5880,,,Ndonko Centre de Santé Integre,,,SOC.SANTE.CENTRE,,,,MAINA2019,11.6,3.2167
RAPP_002567,1,MAINA2019,False,False,True,,,SSA_MFL/ligne_5881,,,Ndoupe Centre de Santé Integre,,,SOC.SANTE.CENTRE,,,,MAINA2019,10.671671,3.873181
RAPP_002568,1,MAINA2019,False,False,True,,,SSA_MFL/ligne_5882,,,Ndzana Centre de Santé Integre,,,SOC.SANTE.CENTRE,,,,MAINA2019,11.637831,4.13551
RAPP_002569,1,MAINA2019,False,False,True,,,SSA_MFL/ligne_5883,,,Ngali Centre de Santé Integre,,,SOC.SANTE.CENTRE,,,,MAINA2019,11.5833,4.0167
RAPP_002570,1,MAINA2019,False,False,True,,,SSA_MFL/ligne_5884,,,Ngali II Centre de Santé Integre,,,SOC.SANTE.CENTRE,,,,MAINA2019,11.6,4.05
RAPP_002571,1,MAINA2019,False,False,True,,,SSA_MFL/ligne_5885,,,Ngallan Centre de Santé Integre,,,SOC.SANTE.CENTRE,,,,MAINA2019,11.522465,3.542326
RAPP_002572,1,MAINA2019,False,False,True,,,SSA_MFL/ligne_5886,,,Ngambe Tikar Catholique Centre de Santé,,,SOC.SANTE.CENTRE,,,,MAINA2019,11.4974,5.7943
RAPP_002573,1,MAINA2019,False,False,True,,,SSA_MFL/ligne_5887,,,Ngambe Tikar Centre Médical d'Arrondissement,,,SOC.SANTE.CENTRE,,,,MAINA2019,11.491763,5.771898
RAPP_002574,1,MAINA2019,False,False,True,,,SSA_MFL/ligne_5888,,,Nganga Centre de Santé Integre,,,SOC.SANTE.CENTRE,,,,MAINA2019,12.544028,4.316114
RAPP_002575,1,MAINA2019,False,False,True,,,SSA_MFL/ligne_5889,,,Ngo Bassong Centre de Santé Integre,,,SOC.SANTE.CENTRE,,,,MAINA2019,10.830422,3.918727
RAPP_002576,1,MAINA2019,False,False,True,,,SSA_MFL/ligne_5890,,,Ngoantet Ii Centre de Santé Integre,,,SOC.SANTE.CENTRE,,,,MAINA2019,11.843211,3.450479
RAPP_002577,1,MAINA2019,False,False,True,,,SSA_MFL/ligne_5891,,,Ngog Mapubi Hôpital de District,,,SOC.SANTE.HOPITAL,,,,MAINA2019,10.840416,3.942522
RAPP_002578,1,MAINA2019,False,False,True,,,SSA_MFL/ligne_5892,,,Ngoksa Centre de Santé Integre,,,SOC.SANTE.CENTRE,,,,MAINA2019,11.339131,4.329355
RAPP_002579,1,MAINA2019,False,False,True,,,SSA_MFL/ligne_5893,,,Ngolmekong Centre de Santé Integre,,,SOC.SANTE.CENTRE,,,,MAINA2019,12.716599,4.901217
RAPP_002580,1,MAINA2019,False,False,True,,,SSA_MFL/ligne_5894,,,Ngombo Centre de Santé Integre,,,SOC.SANTE.CENTRE,,,,MAINA2019,12.746425,4.096363
RAPP_002581,1,MAINA2019,False,False,True,,,SSA_MFL/ligne_5895,,,Ngomedzap Centre Médical d'Arrondissement,,,SOC.SANTE.CENTRE,,,,MAINA2019,11.201939,3.25803
RAPP_002582,1,MAINA2019,False,False,True,,,SSA_MFL/ligne_5896,,,Ngomo Centre de Santé Integre,,,SOC.SANTE.CENTRE,,,,MAINA2019,11.30546,4.242223
RAPP_002583,1,MAINA2019,False,False,True,,,SSA_MFL/ligne_5897,,,Ngondimbele Centre de Santé Integre,,,SOC.SANTE.CENTRE,,,,MAINA2019,11.773819,4.086512
RAPP_002584,1,MAINA2019,False,False,True,,,SSA_MFL/ligne_5898,,,Ngongo Centre de Santé Integre,,,SOC.SANTE.CENTRE,,,,MAINA2019,11.494034,4.218828
RAPP_002585,1,MAINA2019,False,False,True,,,SSA_MFL/ligne_5899,,,Ngoro Centre Medical d’Arrondissement,,,SOC.SANTE.CENTRE,,,,MAINA2019,11.3683,4.7516
RAPP_002586,1,MAINA2019,False,False,True,,,SSA_MFL/ligne_5900,,,Ngoum I Centre de Santé Integre,,,SOC.SANTE.CENTRE,,,,MAINA2019,11.642712,3.808087
RAPP_002587,1,MAINA2019,False,False,True,,,SSA_MFL/ligne_5901,,,Ngoumou Hôpital de District,,,SOC.SANTE.HOPITAL,,,,MAINA2019,11.3072,3.591651
RAPP_002588,1,MAINA2019,False,False,True,,,SSA_MFL/ligne_5902,,,Ngoungoumou Centre de Santé Integre,,,SOC.SANTE.CENTRE,,,,MAINA2019,12.080287,4.17822
RAPP_002589,1,MAINA2019,False,False,True,,,SSA_MFL/ligne_5903,,,Ngousso Centre de Santé,,,SOC.SANTE.CENTRE,,,,MAINA2019,11.5667,3.9
RAPP_002590,1,MAINA2019,False,False,True,,,SSA_MFL/ligne_5904,,,Ngoya Catholique Centre de Santé,,,SOC.SANTE.CENTRE,,,,MAINA2019,11.45,3.95
RAPP_002591,1,MAINA2019,False,False,True,,,SSA_MFL/ligne_5905,,,Nguen Centre de Santé Integre,,,SOC.SANTE.CENTRE,,,,MAINA2019,13.168638,4.597598
RAPP_002592,1,MAINA2019,False,False,True,,,SSA_MFL/ligne_5906,,,Nguetou Centre de Santé Integre,,,SOC.SANTE.CENTRE,,,,MAINA2019,12.090558,5.07152
RAPP_002593,1,MAINA2019,False,False,True,,,SSA_MFL/ligne_5907,,,Nguibassal Centre de Santé Integre,,,SOC.SANTE.CENTRE,,,,MAINA2019,10.804785,3.572285
RAPP_002594,1,MAINA2019,False,False,True,,,SSA_MFL/ligne_5908,,,Nguibassal Centre de Santé Integre,,,SOC.SANTE.CENTRE,,,,MAINA2019,11.054858,4.094363
RAPP_002595,1,MAINA2019,False,False,True,,,SSA_MFL/ligne_5909,,,Nguila Centre de Santé Integre,,,SOC.SANTE.CENTRE,,,,MAINA2019,11.676826,4.711284
RAPP_002596,1,MAINA2019,False,False,True,,,SSA_MFL/ligne_5910,,,Nguinda Catholique Centre de Santé,,,SOC.SANTE.CENTRE,,,,MAINA2019,12.3667,4.65
RAPP_002597,1,MAINA2019,False,False,True,,,SSA_MFL/ligne_5911,,,Niga Centre de Santé Integre,,,SOC.SANTE.CENTRE,,,,MAINA2019,11.212542,4.365967
RAPP_002598,1,MAINA2019,False,False,True,,,SSA_MFL/ligne_5912,,,Nissiomo Centre de Santé Integre,,,SOC.SANTE.CENTRE,,,,MAINA2019,11.0653,4.4219
RAPP_002599,1,MAINA2019,False,False,True,,,SSA_MFL/ligne_5913,,,Nitoukou Centre de Santé Integre,,,SOC.SANTE.CENTRE,,,,MAINA2019,10.876711,4.616792
RAPP_002600,1,MAINA2019,False,False,True,,,SSA_MFL/ligne_5914,,,Nkag Efok Centre de Santé Integre,,,SOC.SANTE.CENTRE,,,,MAINA2019,11.340412,4.402835
RAPP_002601,1,MAINA2019,False,False,True,,,SSA_MFL/ligne_5915,,,Nkang Otom Centre de Santé Integre,,,SOC.SANTE.CENTRE,,,,MAINA2019,11.490039,4.440621
RAPP_002602,1,MAINA2019,False,False,True,,,SSA_MFL/ligne_5916,,,Nkassomo Centre de Santé Integre,,,SOC.SANTE.CENTRE,,,,MAINA2019,11.614325,3.762782
RAPP_002603,1,MAINA2019,False,False,True,,,SSA_MFL/ligne_5917,,,Nkeng Likok Centre de Santé Integre,,,SOC.SANTE.CENTRE,,,,MAINA2019,11.0942,3.7669
RAPP_002604,1,MAINA2019,False,False,True,,,SSA_MFL/ligne_5919,,,Nkenlikot Centre de Santé Integre,,,SOC.SANTE.CENTRE,,,,MAINA2019,11.208222,3.762593
RAPP_002605,1,MAINA2019,False,False,True,,,SSA_MFL/ligne_5920,,,Nkilntsam Centre de Santé Integre,,,SOC.SANTE.CENTRE,,,,MAINA2019,11.372377,3.515091
RAPP_002606,1,MAINA2019,False,False,True,,,SSA_MFL/ligne_5921,,,Nkilzok Catholique Centre de Santé Integre,,,SOC.SANTE.CENTRE,,,,MAINA2019,11.6667,3.6667
RAPP_002607,1,MAINA2019,False,False,True,,,SSA_MFL/ligne_5922,,,Nklabang Centre de Santé Integre,,,SOC.SANTE.CENTRE,,,,MAINA2019,11.133333,4.133333
RAPP_002608,1,MAINA2019,False,False,True,,,SSA_MFL/ligne_5923,,,Nkoabang Centre de Santé,,,SOC.SANTE.CENTRE,,,,MAINA2019,11.4167,3.6833
RAPP_002609,1,MAINA2019,False,False,True,,,SSA_MFL/ligne_5924,,,Nkoambang Centre de Santé Integre,,,SOC.SANTE.CENTRE,,,,MAINA2019,12.536889,4.171919
RAPP_002610,1,MAINA2019,False,False,True,,,SSA_MFL/ligne_5925,,,Nkogbong Centre de Santé Integre,,,SOC.SANTE.CENTRE,,,,MAINA2019,11.344011,4.231611
RAPP_002611,1,MAINA2019,False,False,True,,,SSA_MFL/ligne_5926,,,Nkol Awono Centre de Santé Integre,,,SOC.SANTE.CENTRE,,,,MAINA2019,11.457529,4.459479
RAPP_002612,1,MAINA2019,False,False,True,,,SSA_MFL/ligne_5927,,,Nkol Essono Centre de Santé Integre,,,SOC.SANTE.CENTRE,,,,MAINA2019,11.5,4.4167
RAPP_002613,1,MAINA2019,False,False,True,,,SSA_MFL/ligne_5928,,,Nkol Guem Centre de Santé Integre,,,SOC.SANTE.CENTRE,,,,MAINA2019,11.541469,4.096738
RAPP_002614,1,MAINA2019,False,False,True,,,SSA_MFL/ligne_5929,,,Nkol Mebang Centre de Santé Integre,,,SOC.SANTE.CENTRE,,,,MAINA2019,11.419036,4.391128
RAPP_002615,1,MAINA2019,False,False,True,,,SSA_MFL/ligne_5930,,,Nkol Mekok Centre de Santé Integre,,,SOC.SANTE.CENTRE,,,,MAINA2019,11.605234,4.227347
RAPP_002616,1,MAINA2019,False,False,True,,,SSA_MFL/ligne_5931,,,Nkol Ndobo Centre de Santé Integre,,,SOC.SANTE.CENTRE,,,,MAINA2019,11.461112,4.06538
RAPP_002617,1,MAINA2019,False,False,True,,,SSA_MFL/ligne_5932,,,Nkolabang Centre de Santé Integre,,,SOC.SANTE.CENTRE,,,,MAINA2019,11.416667,3.683333
RAPP_002618,1,MAINA2019,False,False,True,,,SSA_MFL/ligne_5933,,,Nkolafamba Centre de Santé Integre,,,SOC.SANTE.CENTRE,,,,MAINA2019,11.6649,3.8589
RAPP_002619,1,MAINA2019,False,False,True,,,SSA_MFL/ligne_5934,,,Nkolakono Centre de Santé Integre,,,SOC.SANTE.CENTRE,,,,MAINA2019,11.329639,3.55117
RAPP_002620,1,MAINA2019,False,False,True,,,SSA_MFL/ligne_5935,,,Nkolang Centre de Santé Integre,,,SOC.SANTE.CENTRE,,,,MAINA2019,11.486327,4.421109
RAPP_002621,1,MAINA2019,False,False,True,,,SSA_MFL/ligne_5936,,,Nkolassa Ad Lucem Centre de Santé,,,SOC.SANTE.CENTRE,,,,MAINA2019,11.1985,4.1471
RAPP_002622,1,MAINA2019,False,False,True,,,SSA_MFL/ligne_5937,,,Nkolassa Centre de Santé Integre,,,SOC.SANTE.CENTRE,,,,MAINA2019,11.2,4.15
RAPP_002623,1,MAINA2019,False,False,True,,,SSA_MFL/ligne_5938,,,Nkolbewa Centre de Santé Integre,,,SOC.SANTE.CENTRE,,,,MAINA2019,11.2,3.2833
RAPP_002624,1,MAINA2019,False,False,True,,,SSA_MFL/ligne_5940,,,Nkolbiyen Centre de Santé Integre,,,SOC.SANTE.CENTRE,,,,MAINA2019,11.4167,3.7167
RAPP_002625,1,MAINA2019,False,False,True,,,SSA_MFL/ligne_5941,,,Nkolbogo I Centre de Santé Integre,,,SOC.SANTE.CENTRE,,,,MAINA2019,11.483996,4.349154
RAPP_002626,1,MAINA2019,False,False,True,,,SSA_MFL/ligne_5942,,,Nkolbogo Ii Centre de Santé Integre,,,SOC.SANTE.CENTRE,,,,MAINA2019,11.51707,4.394364
RAPP_002627,1,MAINA2019,False,False,True,,,SSA_MFL/ligne_5943,,,Nkoldjobe Centre de Santé Integre,,,SOC.SANTE.CENTRE,,,,MAINA2019,11.363512,3.958294
RAPP_002628,1,MAINA2019,False,False,True,,,SSA_MFL/ligne_5944,,,Nkolekotsing Centre de Santé Integre,,,SOC.SANTE.CENTRE,,,,MAINA2019,11.156761,4.049232
RAPP_002629,1,MAINA2019,False,False,True,,,SSA_MFL/ligne_5945,,,Nkolelouga Centre de Santé Integre,,,SOC.SANTE.CENTRE,,,,MAINA2019,11.386098,4.447211
RAPP_002630,1,MAINA2019,False,False,True,,,SSA_MFL/ligne_5946,,,Nkolessong Centre de Santé Integre,,,SOC.SANTE.CENTRE,,,,MAINA2019,12.102753,4.089248
RAPP_002631,1,MAINA2019,False,False,True,,,SSA_MFL/ligne_5947,,,Nkolessong Centre de Santé Integre,,,SOC.SANTE.CENTRE,,,,MAINA2019,12.0333,4.5167
RAPP_002632,1,MAINA2019,False,False,True,,,SSA_MFL/ligne_5948,,,Nkolessono Centre de Santé Integre,,,SOC.SANTE.CENTRE,,,,MAINA2019,11.504602,4.419682
RAPP_002633,1,MAINA2019,False,False,True,,,SSA_MFL/ligne_5949,,,Nkoleton Catholique Dispensaire,,,SOC.SANTE.CENTRE,,,,MAINA2019,11.4975,3.9544
RAPP_002634,1,MAINA2019,False,False,True,,,SSA_MFL/ligne_5950,,,Nkolkosse Centre de Santé Integre,,,SOC.SANTE.CENTRE,,,,MAINA2019,11.274783,4.26717
RAPP_002635,1,MAINA2019,False,False,True,,,SSA_MFL/ligne_5951,,,Nkolkoumou Centre de Santé,,,SOC.SANTE.CENTRE,,,,MAINA2019,11.403236,3.857243
RAPP_002636,1,MAINA2019,False,False,True,,,SSA_MFL/ligne_5952,,,Nkolmedzap Centre de Santé Integre,,,SOC.SANTE.CENTRE,,,,MAINA2019,11.269872,3.610835
RAPP_002637,1,MAINA2019,False,False,True,,,SSA_MFL/ligne_5953,,,Nkolmefou Centre de Santé Integre,,,SOC.SANTE.CENTRE,,,,MAINA2019,11.563612,3.696604
RAPP_002638,1,MAINA2019,False,False,True,,,SSA_MFL/ligne_5954,,,Nkolmesseng Centre Médical d'Arrondissement,,,SOC.SANTE.CENTRE,,,,MAINA2019,11.56974,3.884027
RAPP_002639,1,MAINA2019,False,False,True,,,SSA_MFL/ligne_5955,,,Nkolmevah Centre de Santé Integre,,,SOC.SANTE.CENTRE,,,,MAINA2019,11.646698,3.585486
RAPP_002640,1,MAINA2019,False,False,True,,,SSA_MFL/ligne_5956,,,Nkolmewouth Centre de Santé Integre,,,SOC.SANTE.CENTRE,,,,MAINA2019,11.401989,3.783287
RAPP_002641,1,MAINA2019,False,False,True,,,SSA_MFL/ligne_5957,,,Nkolmeyang Centre de Santé Integre,,,SOC.SANTE.CENTRE,,,,MAINA2019,11.215092,3.191133
RAPP_002642,1,MAINA2019,False,False,True,,,SSA_MFL/ligne_5958,,,Nkolmgbana Centre de Santé Integre,,,SOC.SANTE.CENTRE,,,,MAINA2019,11.461771,4.391509
RAPP_002643,1,MAINA2019,False,False,True,,,SSA_MFL/ligne_5959,,,Nkolmvak Centre de Santé Integre,,,SOC.SANTE.CENTRE,,,,MAINA2019,11.529144,4.298608
RAPP_002644,1,MAINA2019,False,False,True,,,SSA_MFL/ligne_5960,,,Nkolndongo Hôpital de District,,,SOC.SANTE.HOPITAL,,,,MAINA2019,11.534556,3.855394
RAPP_002645,1,MAINA2019,False,False,True,,,SSA_MFL/ligne_5961,,,Nkolngok Centre de Santé Integre,,,SOC.SANTE.CENTRE,,,,MAINA2019,11.370001,4.091341
RAPP_002646,1,MAINA2019,False,False,True,,,SSA_MFL/ligne_5962,,,Nkolnlong Centre de Santé Integre,,,SOC.SANTE.CENTRE,,,,MAINA2019,11.242186,3.484917
RAPP_002647,1,MAINA2019,False,False,True,,,SSA_MFL/ligne_5963,,,Nkolnyama Centre de Santé Integre,,,SOC.SANTE.CENTRE,,,,MAINA2019,11.6,3.3833
RAPP_002648,1,MAINA2019,False,False,True,,,SSA_MFL/ligne_5964,,,Nkolo Centre de Santé Integre,,,SOC.SANTE.CENTRE,,,,MAINA2019,11.575768,3.851587
RAPP_002649,1,MAINA2019,False,False,True,,,SSA_MFL/ligne_5965,,,Nkolondom Catholique Centre de Santé,,,SOC.SANTE.CENTRE,,,,MAINA2019,11.5,3.95
RAPP_002650,1,MAINA2019,False,False,True,,,SSA_MFL/ligne_5966,,,Nkolossan Centre de Santé Integre,,,SOC.SANTE.CENTRE,,,,MAINA2019,11.213669,4.298766
RAPP_002651,1,MAINA2019,False,False,True,,,SSA_MFL/ligne_5967,,,Nkolpoblo Centre Médical d'Arrondissement,,,SOC.SANTE.CENTRE,,,,MAINA2019,11.211583,4.070362
RAPP_002652,1,MAINA2019,False,False,True,,,SSA_MFL/ligne_5968,,,Nkolve Protestant Centre de Santé,,,SOC.SANTE.CENTRE,,,,MAINA2019,11.4833,4.3
RAPP_002653,1,MAINA2019,False,False,True,,,SSA_MFL/ligne_5969,,,Nkolya Centre Medical d’Arrondissement,,,SOC.SANTE.CENTRE,,,,MAINA2019,11.8,3.4
RAPP_002654,1,MAINA2019,False,False,True,,,SSA_MFL/ligne_5970,,,Nkom Centre de Santé Integre,,,SOC.SANTE.CENTRE,,,,MAINA2019,10.715823,3.885786
RAPP_002655,1,MAINA2019,False,False,True,,,SSA_MFL/ligne_5971,,,Nkombassi Centre de Santé Integre,,,SOC.SANTE.CENTRE,,,,MAINA2019,11.6167,3.8667
RAPP_002656,1,MAINA2019,False,False,True,,,SSA_MFL/ligne_5972,,,Nkometou Ii Centre de Santé Integre,,,SOC.SANTE.CENTRE,,,,MAINA2019,11.556394,4.069601
RAPP_002657,1,MAINA2019,False,False,True,,,SSA_MFL/ligne_5973,,,Nkomeyo Centre de Santé Integre,,,SOC.SANTE.CENTRE,,,,MAINA2019,11.996899,4.080533
RAPP_002658,1,MAINA2019,False,False,True,,,SSA_MFL/ligne_5974,,,Nkomo Ad Lucem Dokoui Centre de Santé Integre,,,SOC.SANTE.CENTRE,,,,MAINA2019,11.5518,3.8352
RAPP_002659,1,MAINA2019,False,False,True,,,SSA_MFL/ligne_5975,,,Nkomo Centre Médical d'Arrondissement,,,SOC.SANTE.CENTRE,,,,MAINA2019,11.5559,3.838214
RAPP_002660,1,MAINA2019,False,False,True,,,SSA_MFL/ligne_5976,,,Nkong Abok Centre de Santé Integre,,,SOC.SANTE.CENTRE,,,,MAINA2019,11.278498,3.690696
RAPP_002661,1,MAINA2019,False,False,True,,,SSA_MFL/ligne_5977,,,Nkong Keni Centre de Santé Integre,,,SOC.SANTE.CENTRE,,,,MAINA2019,11.078643,3.635521
RAPP_002662,1,MAINA2019,False,False,True,,,SSA_MFL/ligne_5978,,,Nkongmeyos 3 Centre de Santé Integre,,,SOC.SANTE.CENTRE,,,,MAINA2019,11.310223,3.556167
RAPP_002663,1,MAINA2019,False,False,True,,,SSA_MFL/ligne_5979,,,Nkongndou Centre de Santé Integre,,,SOC.SANTE.CENTRE,,,,MAINA2019,11.3833,3.6167
RAPP_002664,1,MAINA2019,False,False,True,,,SSA_MFL/ligne_5980,,,Nkongoa Centre de Santé,,,SOC.SANTE.CENTRE,,,,MAINA2019,11.6003,3.8064
RAPP_002665,1,MAINA2019,False,False,True,,,SSA_MFL/ligne_5981,,,Nkoteng Centre Médical d'Arrondissement,,,SOC.SANTE.CENTRE,,,,MAINA2019,12.125792,4.509327
RAPP_002666,1,MAINA2019,False,False,True,,,SSA_MFL/ligne_5982,,,Nlobole Centre de Santé Integre,,,SOC.SANTE.CENTRE,,,,MAINA2019,12.3833,3.8
RAPP_002667,1,MAINA2019,False,False,True,,,SSA_MFL/ligne_5983,,,Nlong Bon I Centre de Santé Integre,,,SOC.SANTE.CENTRE,,,,MAINA2019,11.171212,4.20418
RAPP_002668,1,MAINA2019,False,False,True,,,SSA_MFL/ligne_5984,,,Nlong Bon IV Centre de Santé Integre,,,SOC.SANTE.CENTRE,,,,MAINA2019,11.1621,4.2022
RAPP_002669,1,MAINA2019,False,False,True,,,SSA_MFL/ligne_5985,,,Nlong Onambele Centre de Santé Integre,,,SOC.SANTE.CENTRE,,,,MAINA2019,11.416696,4.251889
RAPP_002670,1,MAINA2019,False,False,True,,,SSA_MFL/ligne_5986,,,Nlongkak Adventiste Dispensaire,,,SOC.SANTE.CENTRE,,,,MAINA2019,11.316667,4.383333
RAPP_002671,1,MAINA2019,False,False,True,,,SSA_MFL/ligne_5987,,,Nloudou Centre de Santé Integre,,,SOC.SANTE.CENTRE,,,,MAINA2019,11.1334,4.1333
RAPP_002672,1,MAINA2019,False,False,True,,,SSA_MFL/ligne_5989,,,Nomayos Centre de Santé Integre,,,SOC.SANTE.CENTRE,,,,MAINA2019,11.451244,3.781157
RAPP_002673,1,MAINA2019,False,False,True,,,SSA_MFL/ligne_5990,,,Notre Dame de La Merci Catholique Dispensaire,,,SOC.SANTE.CENTRE,,,,MAINA2019,11.5081,3.8767
RAPP_002674,1,MAINA2019,False,False,True,,,SSA_MFL/ligne_5991,,,Notre Dame Messanmendongo Catholique Dispensaire,,,SOC.SANTE.CENTRE,,,,MAINA2019,11.5167,3.8
RAPP_002675,1,MAINA2019,False,False,True,,,SSA_MFL/ligne_5992,,,Nsem Centre Médical d'Arrondissement,,,SOC.SANTE.CENTRE,,,,MAINA2019,12.928609,4.882241
RAPP_002676,1,MAINA2019,False,False,True,,,SSA_MFL/ligne_5993,,,Nsimalen Centre de Santé Integre,,,SOC.SANTE.CENTRE,,,,MAINA2019,11.55,3.7333
RAPP_002677,1,MAINA2019,False,False,True,,,SSA_MFL/ligne_5994,,,Nsimeyong Prebyterian Centre de Santé,,,SOC.SANTE.CENTRE,,,,MAINA2019,11.495,3.8357
RAPP_002678,1,MAINA2019,False,False,True,,,SSA_MFL/ligne_5995,,,Nsong Onana Centre de Santé Integre,,,SOC.SANTE.CENTRE,,,,MAINA2019,11.308908,4.058594
RAPP_002679,1,MAINA2019,False,False,True,,,SSA_MFL/ligne_5996,,,Ntouessong Centre de Santé Integre,,,SOC.SANTE.CENTRE,,,,MAINA2019,11.454877,3.724495
RAPP_002680,1,MAINA2019,False,False,True,,,SSA_MFL/ligne_5997,,,Ntouessong Centre de Santé Integre,,,SOC.SANTE.CENTRE,,,,MAINA2019,11.4333,3.7167
RAPP_002681,1,MAINA2019,False,False,True,,,SSA_MFL/ligne_5998,,,Ntouessong Centre de Santé Integre,,,SOC.SANTE.CENTRE,,,,MAINA2019,11.35,4.0167
RAPP_002682,1,MAINA2019,False,False,True,,,SSA_MFL/ligne_5999,,,Ntouleng Centre de Santé Integre,,,SOC.SANTE.CENTRE,,,,MAINA2019,10.933,4.066
RAPP_002683,1,MAINA2019,False,False,True,,,SSA_MFL/ligne_6000,,,Ntouleng EPC Dispensaire,,,SOC.SANTE.CENTRE,,,,MAINA2019,10.9444,4.0558
RAPP_002684,1,MAINA2019,False,False,True,,,SSA_MFL/ligne_6001,,,Ntui Catholique Mission Centre de Santé,,,SOC.SANTE.CENTRE,,,,MAINA2019,11.6313,4.4392
RAPP_002685,1,MAINA2019,False,False,True,,,SSA_MFL/ligne_6002,,,Ntui Centre de Santé Integre,,,SOC.SANTE.CENTRE,,,,MAINA2019,11.6309,4.4422
RAPP_002686,1,MAINA2019,False,False,True,,,SSA_MFL/ligne_6003,,,Ntui Hôpital de District,,,SOC.SANTE.HOPITAL,,,,MAINA2019,11.632271,4.436266
RAPP_002687,1,MAINA2019,False,False,True,,,SSA_MFL/ligne_6004,,,Ntuissong Centre de Santé Integre,,,SOC.SANTE.CENTRE,,,,MAINA2019,11.324523,4.00922
RAPP_002688,1,MAINA2019,False,False,True,,,SSA_MFL/ligne_6005,,,Nyamaga I Centre de Santé,,,SOC.SANTE.CENTRE,,,,MAINA2019,11.1333,4.35
RAPP_002689,1,MAINA2019,False,False,True,,,SSA_MFL/ligne_6006,,,Nyamanga 2 Centre de Santé Integre,,,SOC.SANTE.CENTRE,,,,MAINA2019,11.331091,4.55305
RAPP_002690,1,MAINA2019,False,False,True,,,SSA_MFL/ligne_6007,,,Nyamanga Catholique Centre de Santé,,,SOC.SANTE.CENTRE,,,,MAINA2019,11.3267,4.5847
RAPP_002691,1,MAINA2019,False,False,True,,,SSA_MFL/ligne_6008,,,Nyamoko Centre de Santé Integre,,,SOC.SANTE.CENTRE,,,,MAINA2019,11.300174,5.201953
RAPP_002692,1,MAINA2019,False,False,True,,,SSA_MFL/ligne_6009,,,Nyamongo Centre de Santé Integre,,,SOC.SANTE.CENTRE,,,,MAINA2019,11.307486,4.787736
RAPP_002693,1,MAINA2019,False,False,True,,,SSA_MFL/ligne_6010,,,Nyamvoudou Centre de Santé Integre,,,SOC.SANTE.CENTRE,,,,MAINA2019,12.626595,4.098869
RAPP_002694,1,MAINA2019,False,False,True,,,SSA_MFL/ligne_6011,,,Nyassi Centre de Santé Integre,,,SOC.SANTE.CENTRE,,,,MAINA2019,11.93868,4.29246
RAPP_002695,1,MAINA2019,False,False,True,,,SSA_MFL/ligne_6012,,,Nyemeyong Centre de Santé Integre,,,SOC.SANTE.CENTRE,,,,MAINA2019,11.249131,4.037382
RAPP_002696,1,MAINA2019,False,False,True,,,SSA_MFL/ligne_6013,,,Nyokon Centre de Santé Integre,,,SOC.SANTE.CENTRE,,,,MAINA2019,10.750773,4.921407
RAPP_002697,1,MAINA2019,False,False,True,,,SSA_MFL/ligne_6014,,,Nyomo Centre de Santé,,,SOC.SANTE.CENTRE,,,,MAINA2019,11.4833,3.75
RAPP_002698,1,MAINA2019,False,False,True,,,SSA_MFL/ligne_6015,,,Nyomo Centre de Santé Integre,,,SOC.SANTE.CENTRE,,,,MAINA2019,11.496095,3.741516
RAPP_002699,1,MAINA2019,False,False,True,,,SSA_MFL/ligne_6016,,,Nyomo Centre de Santé Integre,,,SOC.SANTE.CENTRE,,,,MAINA2019,11.4833,3.750001
RAPP_002700,1,MAINA2019,False,False,True,,,SSA_MFL/ligne_6017,,,Obala Hôpital de District,,,SOC.SANTE.HOPITAL,,,,MAINA2019,11.537757,4.156218
RAPP_002701,1,MAINA2019,False,False,True,,,SSA_MFL/ligne_6018,,,Obokoe Centre de Santé Integre,,,SOC.SANTE.CENTRE,,,,MAINA2019,11.33382,3.642066
RAPP_002702,1,MAINA2019,False,False,True,,,SSA_MFL/ligne_6019,,,Obout Centre de Santé Integre,,,SOC.SANTE.CENTRE,,,,MAINA2019,11.74118,3.470848
RAPP_002703,1,MAINA2019,False,False,True,,,SSA_MFL/ligne_6020,,,Odza Centre Médical d'Arrondissement,,,SOC.SANTE.CENTRE,,,,MAINA2019,11.53492,3.800124
RAPP_002704,1,MAINA2019,False,False,True,,,SSA_MFL/ligne_6021,,,Offoumou Nseleck Centre de Santé Integre,,,SOC.SANTE.CENTRE,,,,MAINA2019,11.367384,3.591686
RAPP_002705,1,MAINA2019,False,False,True,,,SSA_MFL/ligne_6022,,,Okoa Maria Centre de Santé,,,SOC.SANTE.CENTRE,,,,MAINA2019,11.35,3.8
RAPP_002706,1,MAINA2019,False,False,True,,,SSA_MFL/ligne_6023,,,Okode 1 Centre de Santé Integre,,,SOC.SANTE.CENTRE,,,,MAINA2019,11.454991,3.479896
RAPP_002707,1,MAINA2019,False,False,True,,,SSA_MFL/ligne_6024,,,Olama Centre de Santé Integre,,,SOC.SANTE.CENTRE,,,,MAINA2019,11.2845,3.4284
RAPP_002708,1,MAINA2019,False,False,True,,,SSA_MFL/ligne_6025,,,Olama Dispensaire,,,SOC.SANTE.CENTRE,,,,MAINA2019,11.2833,3.4333
RAPP_002709,1,MAINA2019,False,False,True,,,SSA_MFL/ligne_6026,,,Olanguina Centre de Santé Integre,,,SOC.SANTE.CENTRE,,,,MAINA2019,12.014213,3.959539
RAPP_002710,1,MAINA2019,False,False,True,,,SSA_MFL/ligne_6027,,,Old Mankim Centre de Santé Integre,,,SOC.SANTE.CENTRE,,,,MAINA2019,12.006682,5.00668
RAPP_002711,1,MAINA2019,False,False,True,,,SSA_MFL/ligne_6028,,,Olembe Hôpital de District,,,SOC.SANTE.HOPITAL,,,,MAINA2019,11.557256,3.842533
RAPP_002712,1,MAINA2019,False,False,True,,,SSA_MFL/ligne_6029,,,Ombessa Centre Médical d'Arrondissement,,,SOC.SANTE.CENTRE,,,,MAINA2019,11.257372,4.599666
RAPP_002713,1,MAINA2019,False,False,True,,,SSA_MFL/ligne_6030,,,Omende Centre de Santé Integre,,,SOC.SANTE.CENTRE,,,,MAINA2019,11.06416,4.374748
RAPP_002714,1,MAINA2019,False,False,True,,,SSA_MFL/ligne_6031,,,Omvan Centre de Santé,,,SOC.SANTE.CENTRE,,,,MAINA2019,11.6833,3.8333
RAPP_002715,1,MAINA2019,False,False,True,,,SSA_MFL/ligne_6032,,,Onana Mbessa Centre de Santé Integre,,,SOC.SANTE.CENTRE,,,,MAINA2019,11.323883,3.404195
RAPP_002716,1,MAINA2019,False,False,True,,,SSA_MFL/ligne_6033,,,Ondondo Centre de Santé Integre,,,SOC.SANTE.CENTRE,,,,MAINA2019,11.536668,4.341527
RAPP_002717,1,MAINA2019,False,False,True,,,SSA_MFL/ligne_6034,,,Ongandi Centre de Santé Integre,,,SOC.SANTE.CENTRE,,,,MAINA2019,11.772142,4.016713
RAPP_002718,1,MAINA2019,False,False,True,,,SSA_MFL/ligne_6035,,,Ossoessam Catholique Dispensaire,,,SOC.SANTE.CENTRE,,,,MAINA2019,11.2955,3.258
RAPP_002719,1,MAINA2019,False,False,True,,,SSA_MFL/ligne_6036,,,Ossoessam Centre de Santé Integre,,,SOC.SANTE.CENTRE,,,,MAINA2019,11.284511,3.240968
RAPP_002720,1,MAINA2019,False,False,True,,,SSA_MFL/ligne_6037,,,Otele Catholique Centre de Santé,,,SOC.SANTE.CENTRE,,,,MAINA2019,11.25,3.5833
RAPP_002721,1,MAINA2019,False,False,True,,,SSA_MFL/ligne_6038,,,Otele Centre de Santé Integre,,,SOC.SANTE.CENTRE,,,,MAINA2019,11.246078,3.585702
RAPP_002722,1,MAINA2019,False,False,True,,,SSA_MFL/ligne_6039,,,Ouassa Centre de Santé Integre,,,SOC.SANTE.CENTRE,,,,MAINA2019,12.600244,4.88694
RAPP_002723,1,MAINA2019,False,False,True,,,SSA_MFL/ligne_6040,,,Ovangoul 1 Centre de Santé Integre,,,SOC.SANTE.CENTRE,,,,MAINA2019,11.27139,3.540034
RAPP_002724,1,MAINA2019,False,False,True,,,SSA_MFL/ligne_6041,,,Ovangoul 3 Centre de Santé Integre,,,SOC.SANTE.CENTRE,,,,MAINA2019,11.279099,3.53518
RAPP_002725,1,MAINA2019,False,False,True,,,SSA_MFL/ligne_6042,,,Oveng Centre de Santé Integre,,,SOC.SANTE.CENTRE,,,,MAINA2019,11.38129,3.724032
RAPP_002726,1,MAINA2019,False,False,True,,,SSA_MFL/ligne_6044,,,Ozom 2 Centre de Santé Integre,,,SOC.SANTE.CENTRE,,,,MAINA2019,11.403021,3.897011
RAPP_002727,1,MAINA2019,False,False,True,,,SSA_MFL/ligne_6045,,,Pan Makak Centre de Santé,,,SOC.SANTE.CENTRE,,,,MAINA2019,11.0,3.95
RAPP_002728,1,MAINA2019,False,False,True,,,SSA_MFL/ligne_6046,,,Peage Centre de Santé Integre,,,SOC.SANTE.CENTRE,,,,MAINA2019,11.5179,4.0487
RAPP_002729,1,MAINA2019,False,False,True,,,SSA_MFL/ligne_6047,,,Polo Centre de Santé Integre,,,SOC.SANTE.CENTRE,,,,MAINA2019,11.411487,4.441039
RAPP_002730,1,MAINA2019,False,False,True,,,SSA_MFL/ligne_6048,,,PPS Ngoulmekong Centre de Santé Integre,,,SOC.SANTE.CENTRE,,,,MAINA2019,12.0333,4.4833
RAPP_002731,1,MAINA2019,False,False,True,,,SSA_MFL/ligne_6049,,,Public de Ngoya Centre de Santé Integre,,,SOC.SANTE.CENTRE,,,,MAINA2019,11.461665,3.943273
RAPP_002732,1,MAINA2019,False,False,True,,,SSA_MFL/ligne_6050,,,Publique de Nlong Centre de Santé Integre,,,SOC.SANTE.CENTRE,,,,MAINA2019,11.201168,3.805982
RAPP_002733,1,MAINA2019,False,False,True,,,SSA_MFL/ligne_6051,,,Roum Centre de Santé Integre,,,SOC.SANTE.CENTRE,,,,MAINA2019,11.109845,4.69306
RAPP_002734,1,MAINA2019,False,False,True,,,SSA_MFL/ligne_6052,,,RSP-ACP Tsekane Dispensaire,,,SOC.SANTE.CENTRE,,,,MAINA2019,11.2915,4.7023
RAPP_002735,1,MAINA2019,False,False,True,,,SSA_MFL/ligne_6053,,,Saa Hôpital de District,,,SOC.SANTE.HOPITAL,,,,MAINA2019,11.448018,4.356388
RAPP_002736,1,MAINA2019,False,False,True,,,SSA_MFL/ligne_6054,,,Saint Chrecense Centre de Santé,,,SOC.SANTE.CENTRE,,,,MAINA2019,11.4874,3.8011
RAPP_002737,1,MAINA2019,False,False,True,,,SSA_MFL/ligne_6055,,,Saint Michel Centre de Santé,,,SOC.SANTE.CENTRE,,,,MAINA2019,11.4855,3.8425
RAPP_002738,1,MAINA2019,False,False,True,,,SSA_MFL/ligne_6056,,,Santé Lumiere Centre de Santé,,,SOC.SANTE.CENTRE,,,,MAINA2019,11.4892,3.8399
RAPP_002739,1,MAINA2019,False,False,True,,,SSA_MFL/ligne_6057,,,Santé Pour Tous Centre de Santé,,,SOC.SANTE.CENTRE,,,,MAINA2019,11.5064,3.8846
RAPP_002740,1,MAINA2019,False,False,True,,,SSA_MFL/ligne_6058,,,Santo Domingo Centre de Santé,,,SOC.SANTE.CENTRE,,,,MAINA2019,11.4873,3.8764
RAPP_002741,1,MAINA2019,False,False,True,,,SSA_MFL/ligne_6059,,,Sep Centre de Santé Integre,,,SOC.SANTE.CENTRE,,,,MAINA2019,11.637309,3.288022
RAPP_002742,1,MAINA2019,False,False,True,,,SSA_MFL/ligne_6060,,,Simbane Centre de Santé Integre,,,SOC.SANTE.CENTRE,,,,MAINA2019,12.1,4.35
RAPP_002743,1,MAINA2019,False,False,True,,,SSA_MFL/ligne_6061,,,Simbok Centre de Santé Integre,,,SOC.SANTE.CENTRE,,,,MAINA2019,11.478573,3.807901
RAPP_002744,1,MAINA2019,False,False,True,,,SSA_MFL/ligne_6062,,,Soa Hôpital de District,,,SOC.SANTE.HOPITAL,,,,MAINA2019,11.584562,3.916712
RAPP_002745,1,MAINA2019,False,False,True,,,SSA_MFL/ligne_6063,,,Soa Universite Centre de Santé Integre,,,SOC.SANTE.CENTRE,,,,MAINA2019,11.578157,3.960383
RAPP_002746,1,MAINA2019,False,False,True,,,SSA_MFL/ligne_6064,,,Sombo Centre de Santé Integre,,,SOC.SANTE.CENTRE,,,,MAINA2019,10.716447,3.888106
RAPP_002747,1,MAINA2019,False,False,True,,,SSA_MFL/ligne_6065,,,Song Badjeck Centre de Santé Integre,,,SOC.SANTE.CENTRE,,,,MAINA2019,10.8833,3.6
RAPP_002748,1,MAINA2019,False,False,True,,,SSA_MFL/ligne_6066,,,Song Bayang Centre de Santé Integre,,,SOC.SANTE.CENTRE,,,,MAINA2019,10.725264,3.729091
RAPP_002749,1,MAINA2019,False,False,True,,,SSA_MFL/ligne_6067,,,Song Mbong Centre de Santé Integre,,,SOC.SANTE.CENTRE,,,,MAINA2019,10.504687,3.444468
RAPP_002750,1,MAINA2019,False,False,True,,,SSA_MFL/ligne_6068,,,Source Du Jourdain Centre de Santé,,,SOC.SANTE.CENTRE,,,,MAINA2019,11.4931,3.8336
RAPP_002751,1,MAINA2019,False,False,True,,,SSA_MFL/ligne_6069,,,St Angele La Grace Centre de Santé,,,SOC.SANTE.CENTRE,,,,MAINA2019,11.333333,4.266667
RAPP_002752,1,MAINA2019,False,False,True,,,SSA_MFL/ligne_6070,,,St Annick Centre de Santé,,,SOC.SANTE.CENTRE,,,,MAINA2019,11.43067,3.900067
RAPP_002753,1,MAINA2019,False,False,True,,,SSA_MFL/ligne_6071,,,St Christophe Centre de Santé,,,SOC.SANTE.CENTRE,,,,MAINA2019,11.5107,3.8375
RAPP_002754,1,MAINA2019,False,False,True,,,SSA_MFL/ligne_6072,,,St Etienne Centre de Santé,,,SOC.SANTE.CENTRE,,,,MAINA2019,11.4905,3.8438
RAPP_002755,1,MAINA2019,False,False,True,,,SSA_MFL/ligne_6073,,,St Jean Nkolodou Catholique Dispensaire,,,SOC.SANTE.CENTRE,,,,MAINA2019,11.5461,3.8634
RAPP_002756,1,MAINA2019,False,False,True,,,SSA_MFL/ligne_6074,,,St Kisito Catholique Dispensaire,,,SOC.SANTE.CENTRE,,,,MAINA2019,11.5258,4.2427
RAPP_002757,1,MAINA2019,False,False,True,,,SSA_MFL/ligne_6075,,,St Luc Centre de Santé,,,SOC.SANTE.CENTRE,,,,MAINA2019,11.566667,3.883333
RAPP_002758,1,MAINA2019,False,False,True,,,SSA_MFL/ligne_6076,,,St Marc Centre de Santé,,,SOC.SANTE.CENTRE,,,,MAINA2019,11.5236,4.225
RAPP_002759,1,MAINA2019,False,False,True,,,SSA_MFL/ligne_6077,,,St Pancrace Centre de Santé,,,SOC.SANTE.CENTRE,,,,MAINA2019,11.566667,3.883334
RAPP_002760,1,MAINA2019,False,False,True,,,SSA_MFL/ligne_6078,,,St Pietro Centre de Santé,,,SOC.SANTE.CENTRE,,,,MAINA2019,11.43197,3.898967
RAPP_002761,1,MAINA2019,False,False,True,,,SSA_MFL/ligne_6079,,,St Rita Centre de Santé Integre,,,SOC.SANTE.CENTRE,,,,MAINA2019,11.5229,3.7883
RAPP_002762,1,MAINA2019,False,False,True,,,SSA_MFL/ligne_6080,,,St Therese de L'Enfant Jesus Centre de Santé,,,SOC.SANTE.CENTRE,,,,MAINA2019,11.4905,3.8743
RAPP_002763,1,MAINA2019,False,False,True,,,SSA_MFL/ligne_6081,,,St. Jacques Centre de Santé Integre,,,SOC.SANTE.CENTRE,,,,MAINA2019,11.544152,4.166182
RAPP_002764,1,MAINA2019,False,False,True,,,SSA_MFL/ligne_6082,,,Ste Salome Centre de Santé,,,SOC.SANTE.CENTRE,,,,MAINA2019,12.2377,3.7811
RAPP_002765,1,MAINA2019,False,False,True,,,SSA_MFL/ligne_6083,,,Ste Salome Centre de Santé,,,SOC.SANTE.CENTRE,,,,MAINA2019,11.5251,4.2307
RAPP_002766,1,MAINA2019,False,False,True,,,SSA_MFL/ligne_6084,,,Tala Centre de Santé Integre,,,SOC.SANTE.CENTRE,,,,MAINA2019,11.225477,4.166933
RAPP_002767,1,MAINA2019,False,False,True,,,SSA_MFL/ligne_6085,,,Talba Centre de Santé Integre,,,SOC.SANTE.CENTRE,,,,MAINA2019,11.47362,4.582317
RAPP_002768,1,MAINA2019,False,False,True,,,SSA_MFL/ligne_6086,,,Tchekos Centre de Santé Integre,,,SOC.SANTE.CENTRE,,,,MAINA2019,11.0833,4.6
RAPP_002769,1,MAINA2019,False,False,True,,,SSA_MFL/ligne_6087,,,Temgoua Centre de Santé,,,SOC.SANTE.CENTRE,,,,MAINA2019,11.616667,4.266667
RAPP_002770,1,MAINA2019,False,False,True,,,SSA_MFL/ligne_6088,,,Tikong Centre de Santé Integre,,,SOC.SANTE.CENTRE,,,,MAINA2019,11.306977,3.787344
RAPP_002771,1,MAINA2019,False,False,True,,,SSA_MFL/ligne_6089,,,Ting Melen Centre de Santé Integre,,,SOC.SANTE.CENTRE,,,,MAINA2019,11.606531,3.901785
RAPP_002772,1,MAINA2019,False,False,True,,,SSA_MFL/ligne_6090,,,Toutouli Centre de Santé Integre,,,SOC.SANTE.CENTRE,,,,MAINA2019,11.505448,3.763251
RAPP_002773,1,MAINA2019,False,False,True,,,SSA_MFL/ligne_6091,,,Tsekane Centre de Santé Integre,,,SOC.SANTE.CENTRE,,,,MAINA2019,11.296038,4.684732
RAPP_002774,1,MAINA2019,False,False,True,,,SSA_MFL/ligne_6092,,,Tsekane EPC Dispensaire,,,SOC.SANTE.CENTRE,,,,MAINA2019,11.2589,4.7173
RAPP_002775,1,MAINA2019,False,False,True,,,SSA_MFL/ligne_6093,,,Tsekos Centre de Santé Integre,,,SOC.SANTE.CENTRE,,,,MAINA2019,11.073261,4.597287
RAPP_002776,1,MAINA2019,False,False,True,,,SSA_MFL/ligne_6094,,,Tsinga Centre de Santé Integre,,,SOC.SANTE.CENTRE,,,,MAINA2019,11.503162,3.878542
RAPP_002777,1,MAINA2019,False,False,True,,,SSA_MFL/ligne_6095,,,Tsinga Village Centre de Santé Integre,,,SOC.SANTE.CENTRE,,,,MAINA2019,11.466667,3.733333
RAPP_002778,1,MAINA2019,False,False,True,,,SSA_MFL/ligne_6096,,,Urbain Centre de Santé Integre,,,SOC.SANTE.CENTRE,,,,MAINA2019,12.25,3.7667
RAPP_002779,1,MAINA2019,False,False,True,,,SSA_MFL/ligne_6097,,,Urbain de Saa Centre de Santé Integre,,,SOC.SANTE.CENTRE,,,,MAINA2019,11.442974,4.355817
RAPP_002780,1,MAINA2019,False,False,True,,,SSA_MFL/ligne_6098,,,Urbain Mfou 1 Centre de Santé Integre,,,SOC.SANTE.CENTRE,,,,MAINA2019,11.6333,3.7167
RAPP_002781,1,MAINA2019,False,False,True,,,SSA_MFL/ligne_6099,,,Urbain Mfou 2 Centre de Santé Integre,,,SOC.SANTE.CENTRE,,,,MAINA2019,11.6383,3.7266
RAPP_002782,1,MAINA2019,False,False,True,,,SSA_MFL/ligne_6100,,,Urbain Ntui Centre de Santé Integre,,,SOC.SANTE.CENTRE,,,,MAINA2019,11.620969,4.449948
RAPP_002783,1,MAINA2019,False,False,True,,,SSA_MFL/ligne_6101,,,Urbain Obala Centre de Santé Integre,,,SOC.SANTE.CENTRE,,,,MAINA2019,11.534783,4.157408
RAPP_002784,1,MAINA2019,False,False,True,,,SSA_MFL/ligne_6102,,,Vela Centre de Santé Integre,,,SOC.SANTE.CENTRE,,,,MAINA2019,12.8167,4.7
RAPP_002785,1,MAINA2019,False,False,True,,,SSA_MFL/ligne_6103,,,Voa 2 Centre de Santé Integre,,,SOC.SANTE.CENTRE,,,,MAINA2019,11.222005,4.013397
RAPP_002786,1,MAINA2019,False,False,True,,,SSA_MFL/ligne_6104,,,Vomzock Centre de Santé Integre,,,SOC.SANTE.CENTRE,,,,MAINA2019,12.570064,4.445867
RAPP_002787,1,MAINA2019,False,False,True,,,SSA_MFL/ligne_6105,,,Voundou Centre de Santé Integre,,,SOC.SANTE.CENTRE,,,,MAINA2019,11.539532,4.778147
RAPP_002788,1,MAINA2019,False,False,True,,,SSA_MFL/ligne_6106,,,Wall Centre de Santé Integre,,,SOC.SANTE.CENTRE,,,,MAINA2019,13.049665,4.774273
RAPP_002789,1,MAINA2019,False,False,True,,,SSA_MFL/ligne_6107,,,Yakan Centre de Santé Integre,,,SOC.SANTE.CENTRE,,,,MAINA2019,11.172306,4.705255
RAPP_002790,1,MAINA2019,False,False,True,,,SSA_MFL/ligne_6108,,,Yangben Catholique Dispensaire,,,SOC.SANTE.CENTRE,,,,MAINA2019,11.0652,4.4219
RAPP_002791,1,MAINA2019,False,False,True,,,SSA_MFL/ligne_6109,,,Yangben Centre de Santé Integre,,,SOC.SANTE.CENTRE,,,,MAINA2019,11.0638,4.4338
RAPP_002792,1,MAINA2019,False,False,True,,,SSA_MFL/ligne_6111,,,Yassem Centre de Santé Integre,,,SOC.SANTE.CENTRE,,,,MAINA2019,11.3333,5.3333
RAPP_002793,1,MAINA2019,False,False,True,,,SSA_MFL/ligne_6112,,,Yegassi Centre de Santé Integre,,,SOC.SANTE.CENTRE,,,,MAINA2019,11.47029,3.989078
RAPP_002794,1,MAINA2019,False,False,True,,,SSA_MFL/ligne_6113,,,Yeme Yeme Centre de Santé Integre,,,SOC.SANTE.CENTRE,,,,MAINA2019,12.208104,3.630279
RAPP_002795,1,MAINA2019,False,False,True,,,SSA_MFL/ligne_6114,,,Yemsoum Ii Centre de Santé Integre,,,SOC.SANTE.CENTRE,,,,MAINA2019,11.49428,4.05754
RAPP_002796,1,MAINA2019,False,False,True,,,SSA_MFL/ligne_6115,,,Yenassa Centre de Santé Integre,,,SOC.SANTE.CENTRE,,,,MAINA2019,12.758179,4.246396
RAPP_002797,1,MAINA2019,False,False,True,,,SSA_MFL/ligne_6117,,,Yoko Protestant Centre de Santé,,,SOC.SANTE.CENTRE,,,,MAINA2019,12.3188,5.5427
RAPP_002798,1,MAINA2019,False,False,True,,,SSA_MFL/ligne_6119,,,Zoa Centre de Santé Integre,,,SOC.SANTE.CENTRE,,,,MAINA2019,12.163803,4.145662
RAPP_002799,1,MAINA2019,False,False,True,,,SSA_MFL/ligne_6120,,,Zoatoupsi Centre de Santé Integre,,,SOC.SANTE.CENTRE,,,,MAINA2019,11.517706,3.431681
RAPP_002800,1,MAINA2019,False,False,True,,,SSA_MFL/ligne_6121,,,Abong Mbang Hôpital de District,,,SOC.SANTE.HOPITAL,,,,MAINA2019,13.18195,3.978325
RAPP_002801,1,MAINA2019,False,False,True,,,SSA_MFL/ligne_6122,,,Abong Mbang Sud Centre de Santé Integre,,,SOC.SANTE.CENTRE,,,,MAINA2019,13.1887,3.97816
RAPP_002802,1,MAINA2019,False,False,True,,,SSA_MFL/ligne_6123,,,Adjala Centre de Santé Integre,,,SOC.SANTE.CENTRE,,,,MAINA2019,15.004117,2.041235
RAPP_002803,1,MAINA2019,False,False,True,,,SSA_MFL/ligne_6124,,,Adjela Centre de Santé Integre,,,SOC.SANTE.CENTRE,,,,MAINA2019,13.618,3.1475
RAPP_002804,1,MAINA2019,False,False,True,,,SSA_MFL/ligne_6125,,,Akok Maka Centre de Santé Integre,,,SOC.SANTE.CENTRE,,,,MAINA2019,12.551869,3.888381
RAPP_002805,1,MAINA2019,False,False,True,,,SSA_MFL/ligne_6126,,,Andom Centre de Santé Integre,,,SOC.SANTE.CENTRE,,,,MAINA2019,13.257217,4.577962
RAPP_002806,1,MAINA2019,False,False,True,,,SSA_MFL/ligne_6127,,,Angossas Centre Médical d'Arrondissement,,,SOC.SANTE.CENTRE,,,,MAINA2019,13.013008,4.083497
RAPP_002807,1,MAINA2019,False,False,True,,,SSA_MFL/ligne_6128,,,Ankoung Centre de Santé Integre,,,SOC.SANTE.CENTRE,,,,MAINA2019,13.029665,4.013065
RAPP_002808,1,MAINA2019,False,False,True,,,SSA_MFL/ligne_6129,,,Atok Centre Medical d’Arrondissement,,,SOC.SANTE.CENTRE,,,,MAINA2019,12.803205,3.987124
RAPP_002809,1,MAINA2019,False,False,True,,,SSA_MFL/ligne_6130,,,Atsieck Centre de Santé Integre,,,SOC.SANTE.CENTRE,,,,MAINA2019,13.763853,3.889422
RAPP_002810,1,MAINA2019,False,False,True,,,SSA_MFL/ligne_6131,,,Azomekout Centre de Santé Integre,,,SOC.SANTE.CENTRE,,,,MAINA2019,12.842,4.2871
RAPP_002811,1,MAINA2019,False,False,True,,,SSA_MFL/ligne_6132,,,Bagbeze 2 Centre de Santé Integre,,,SOC.SANTE.CENTRE,,,,MAINA2019,13.034899,4.102533
RAPP_002812,1,MAINA2019,False,False,True,,,SSA_MFL/ligne_6133,,,Bagofit Centre de Santé Integre,,,SOC.SANTE.CENTRE,,,,MAINA2019,13.106759,3.998788
RAPP_002813,1,MAINA2019,False,False,True,,,SSA_MFL/ligne_6134,,,Bandongoue Centre Médical d'Arrondissement,,,SOC.SANTE.CENTRE,,,,MAINA2019,14.208808,4.396476
RAPP_002814,1,MAINA2019,False,False,True,,,SSA_MFL/ligne_6135,,,Banga Centre de Santé Integre,,,SOC.SANTE.CENTRE,,,,MAINA2019,14.867641,4.120527
RAPP_002815,1,MAINA2019,False,False,True,,,SSA_MFL/ligne_6136,,,Bangue Centre de Santé Integre,,,SOC.SANTE.CENTRE,,,,MAINA2019,15.13512,3.01544
RAPP_002816,1,MAINA2019,False,False,True,,,SSA_MFL/ligne_6137,,,Batouri Centre de Santé,,,SOC.SANTE.CENTRE,,,,MAINA2019,14.371176,4.439435
RAPP_002817,1,MAINA2019,False,False,True,,,SSA_MFL/ligne_6138,,,Batouri Centre Médical d'Arrondissement,,,SOC.SANTE.CENTRE,,,,MAINA2019,14.372039,4.435023
RAPP_002818,1,MAINA2019,False,False,True,,,SSA_MFL/ligne_6139,,,Batouri Hôpital de District,,,SOC.SANTE.HOPITAL,,,,MAINA2019,14.374418,4.441269
RAPP_002819,1,MAINA2019,False,False,True,,,SSA_MFL/ligne_6140,,,Bayong 3 Centre de Santé Integre,,,SOC.SANTE.CENTRE,,,,MAINA2019,13.359931,4.32399
RAPP_002820,1,MAINA2019,False,False,True,,,SSA_MFL/ligne_6141,,,Bazzama Centre de Santé Integre,,,SOC.SANTE.CENTRE,,,,MAINA2019,13.881857,4.542635
RAPP_002821,1,MAINA2019,False,False,True,,,SSA_MFL/ligne_6142,,,Bedobo Centre de Santé Integre,,,SOC.SANTE.CENTRE,,,,MAINA2019,14.560296,4.789473
RAPP_002822,1,MAINA2019,False,False,True,,,SSA_MFL/ligne_6143,,,Belabo Catholique Centre de Santé,,,SOC.SANTE.CENTRE,,,,MAINA2019,13.3008,4.9311
RAPP_002823,1,MAINA2019,False,False,True,,,SSA_MFL/ligne_6144,,,Belabo Centre Medical d’Arrondissement,,,SOC.SANTE.CENTRE,,,,MAINA2019,13.2977,4.9301
RAPP_002824,1,MAINA2019,False,False,True,,,SSA_MFL/ligne_6145,,,Belita Bompepana Centre de Santé Integre,,,SOC.SANTE.CENTRE,,,,MAINA2019,14.865658,4.484456
RAPP_002825,1,MAINA2019,False,False,True,,,SSA_MFL/ligne_6146,,,Belita Centre de Santé Integre,,,SOC.SANTE.CENTRE,,,,MAINA2019,14.724854,4.372146
RAPP_002826,1,MAINA2019,False,False,True,,,SSA_MFL/ligne_6147,,,Bengue Tiko Centre de Santé Integre,,,SOC.SANTE.CENTRE,,,,MAINA2019,14.52044,5.054367
RAPP_002827,1,MAINA2019,False,False,True,,,SSA_MFL/ligne_6148,,,Bertoua Hôpital de District,,,SOC.SANTE.HOPITAL,,,,MAINA2019,13.68341,4.554533
RAPP_002828,1,MAINA2019,False,False,True,,,SSA_MFL/ligne_6149,,,Betare Oya Centre de Santé,,,SOC.SANTE.CENTRE,,,,MAINA2019,14.086513,5.585059
RAPP_002829,1,MAINA2019,False,False,True,,,SSA_MFL/ligne_6150,,,Betare Oya Hôpital de District,,,SOC.SANTE.HOPITAL,,,,MAINA2019,14.087464,5.588295
RAPP_002830,1,MAINA2019,False,False,True,,,SSA_MFL/ligne_6151,,,Bidjombo Centre de Santé Integre,,,SOC.SANTE.CENTRE,,,,MAINA2019,12.645997,3.72504
RAPP_002831,1,MAINA2019,False,False,True,,,SSA_MFL/ligne_6152,,,Bika Centre de Santé Integre,,,SOC.SANTE.CENTRE,,,,MAINA2019,13.0103,4.5629
RAPP_002832,1,MAINA2019,False,False,True,,,SSA_MFL/ligne_6153,,,Bindiba Centre de Santé Integre,,,SOC.SANTE.CENTRE,,,,MAINA2019,14.393826,6.058488
RAPP_002833,1,MAINA2019,False,False,True,,,SSA_MFL/ligne_6154,,,Birpondo Centre de Santé Integre,,,SOC.SANTE.CENTRE,,,,MAINA2019,13.66021,4.599147
RAPP_002834,1,MAINA2019,False,False,True,,,SSA_MFL/ligne_6155,,,Bissoua Centre de Santé Integre,,,SOC.SANTE.CENTRE,,,,MAINA2019,12.845514,3.798922
RAPP_002835,1,MAINA2019,False,False,True,,,SSA_MFL/ligne_6156,,,Bonis Centre de Santé Integre,,,SOC.SANTE.CENTRE,,,,MAINA2019,13.603817,4.549179
RAPP_002836,1,MAINA2019,False,False,True,,,SSA_MFL/ligne_6157,,,Borongo Catholique Centre de Santé,,,SOC.SANTE.CENTRE,,,,MAINA2019,14.0827,5.5956
RAPP_002837,1,MAINA2019,False,False,True,,,SSA_MFL/ligne_6158,,,Bosquet Catholique Centre de Santé,,,SOC.SANTE.CENTRE,,,,MAINA2019,14.0624,3.0854
RAPP_002838,1,MAINA2019,False,False,True,,,SSA_MFL/ligne_6159,,,Boubara Centre de Santé Integre,,,SOC.SANTE.CENTRE,,,,MAINA2019,14.596702,4.699887
RAPP_002839,1,MAINA2019,False,False,True,,,SSA_MFL/ligne_6160,,,Boulembe Centre de Santé Integre,,,SOC.SANTE.CENTRE,,,,MAINA2019,13.860133,4.745199
RAPP_002840,1,MAINA2019,False,False,True,,,SSA_MFL/ligne_6161,,,Bouli Centre de Santé Integre,,,SOC.SANTE.CENTRE,,,,MAINA2019,13.858798,5.576874
RAPP_002841,1,MAINA2019,False,False,True,,,SSA_MFL/ligne_6162,,,Charite de Goura 2 Centre de Santé Integre,,,SOC.SANTE.CENTRE,,,,MAINA2019,14.567512,4.390289
RAPP_002842,1,MAINA2019,False,False,True,,,SSA_MFL/ligne_6163,,,Colomine Centre de Santé Integre,,,SOC.SANTE.CENTRE,,,,MAINA2019,14.290004,4.998712
RAPP_002843,1,MAINA2019,False,False,True,,,SSA_MFL/ligne_6164,,,Dang Patou Centre de Santé Integre,,,SOC.SANTE.CENTRE,,,,MAINA2019,13.852612,5.571639
RAPP_002844,1,MAINA2019,False,False,True,,,SSA_MFL/ligne_6165,,,Deng Deng Centre de Santé Integre,,,SOC.SANTE.CENTRE,,,,MAINA2019,13.5167,5.2
RAPP_002845,1,MAINA2019,False,False,True,,,SSA_MFL/ligne_6166,,,Diang Centre Médical d'Arrondissement,,,SOC.SANTE.CENTRE,,,,MAINA2019,13.344067,4.578557
RAPP_002846,1,MAINA2019,False,False,True,,,SSA_MFL/ligne_6167,,,Dimako Catholique Centre de Santé,,,SOC.SANTE.CENTRE,,,,MAINA2019,13.5731,4.3776
RAPP_002847,1,MAINA2019,False,False,True,,,SSA_MFL/ligne_6168,,,Dimako Centre Medical d’Arrondissement,,,SOC.SANTE.CENTRE,,,,MAINA2019,13.5722,4.3832
RAPP_002848,1,MAINA2019,False,False,True,,,SSA_MFL/ligne_6169,,,Dimpam Centre de Santé Integre,,,SOC.SANTE.CENTRE,,,,MAINA2019,12.807294,3.550506
RAPP_002849,1,MAINA2019,False,False,True,,,SSA_MFL/ligne_6170,,,Dioula EPC Centre de Santé Integre,,,SOC.SANTE.CENTRE,,,,MAINA2019,14.642724,2.646349
RAPP_002850,1,MAINA2019,False,False,True,,,SSA_MFL/ligne_6171,,,Djampiel Centre de Santé Integre,,,SOC.SANTE.CENTRE,,,,MAINA2019,14.4971,4.068465
RAPP_002851,1,MAINA2019,False,False,True,,,SSA_MFL/ligne_6172,,,Djaposten Centre de Santé Integre,,,SOC.SANTE.CENTRE,,,,MAINA2019,13.5378,3.4171
RAPP_002852,1,MAINA2019,False,False,True,,,SSA_MFL/ligne_6173,,,Djouth Catholique Centre de Santé,,,SOC.SANTE.CENTRE,,,,MAINA2019,14.0678,4.0242
RAPP_002853,1,MAINA2019,False,False,True,,,SSA_MFL/ligne_6174,,,Doumaintang Centre Médical d'Arrondissement,,,SOC.SANTE.CENTRE,,,,MAINA2019,13.093788,4.338338
RAPP_002854,1,MAINA2019,False,False,True,,,SSA_MFL/ligne_6175,,,Doumba Bello Centre de Santé Integre,,,SOC.SANTE.CENTRE,,,,MAINA2019,14.293811,5.062482
RAPP_002855,1,MAINA2019,False,False,True,,,SSA_MFL/ligne_6176,,,Doume Centre de Santé Integre,,,SOC.SANTE.CENTRE,,,,MAINA2019,13.45035,4.236545
RAPP_002856,1,MAINA2019,False,False,True,,,SSA_MFL/ligne_6177,,,Doume Hôpital de District,,,SOC.SANTE.HOPITAL,,,,MAINA2019,13.440832,4.238627
RAPP_002857,1,MAINA2019,False,False,True,,,SSA_MFL/ligne_6178,,,Doumo Mama Centre de Santé Integre,,,SOC.SANTE.CENTRE,,,,MAINA2019,13.105346,3.618107
RAPP_002858,1,MAINA2019,False,False,True,,,SSA_MFL/ligne_6179,,,Ekom Centre de Santé Integre,,,SOC.SANTE.CENTRE,,,,MAINA2019,13.029401,3.33392
RAPP_002859,1,MAINA2019,False,False,True,,,SSA_MFL/ligne_6180,,,Eschiambor Centre de Santé Integre,,,SOC.SANTE.CENTRE,,,,MAINA2019,13.773777,3.142734
RAPP_002860,1,MAINA2019,False,False,True,,,SSA_MFL/ligne_6181,,,Esseng Catholique Centre de Santé,,,SOC.SANTE.CENTRE,,,,MAINA2019,13.238747,3.587552
RAPP_002861,1,MAINA2019,False,False,True,,,SSA_MFL/ligne_6182,,,Essiengbot Catholique Centre de Santé,,,SOC.SANTE.CENTRE,,,,MAINA2019,12.8129,3.5544
RAPP_002862,1,MAINA2019,False,False,True,,,SSA_MFL/ligne_6183,,,Gadji Centre de Santé Integre,,,SOC.SANTE.CENTRE,,,,MAINA2019,14.047599,4.474998
RAPP_002863,1,MAINA2019,False,False,True,,,SSA_MFL/ligne_6184,,,Gado Badjere Centre de Santé Integre,,,SOC.SANTE.CENTRE,,,,MAINA2019,14.485198,5.751062
RAPP_002864,1,MAINA2019,False,False,True,,,SSA_MFL/ligne_6185,,,Garga Sarali Centre de Santé Integre,,,SOC.SANTE.CENTRE,,,,MAINA2019,14.047299,5.327506
RAPP_002865,1,MAINA2019,False,False,True,,,SSA_MFL/ligne_6186,,,Gari Gombo Centre Médical d'Arrondissement,,,SOC.SANTE.CENTRE,,,,MAINA2019,15.102284,3.904883
RAPP_002866,1,MAINA2019,False,False,True,,,SSA_MFL/ligne_6187,,,Garoua Boulai Hôpital de District,,,SOC.SANTE.HOPITAL,,,,MAINA2019,14.556581,5.865276
RAPP_002867,1,MAINA2019,False,False,True,,,SSA_MFL/ligne_6188,,,Gbiti Centre de Santé Integre,,,SOC.SANTE.CENTRE,,,,MAINA2019,14.71163,4.686681
RAPP_002868,1,MAINA2019,False,False,True,,,SSA_MFL/ligne_6189,,,Goumbegeron Centre de Santé Integre,,,SOC.SANTE.CENTRE,,,,MAINA2019,13.521139,4.244278
RAPP_002869,1,MAINA2019,False,False,True,,,SSA_MFL/ligne_6190,,,Gounte Centre de Santé Integre,,,SOC.SANTE.CENTRE,,,,MAINA2019,13.7167,4.2
RAPP_002870,1,MAINA2019,False,False,True,,,SSA_MFL/ligne_6191,,,Grand Mboulaye Centre de Santé Integre,,,SOC.SANTE.CENTRE,,,,MAINA2019,13.829794,4.875474
RAPP_002871,1,MAINA2019,False,False,True,,,SSA_MFL/ligne_6192,,,Gribi Centre de Santé Integre,,,SOC.SANTE.CENTRE,,,,MAINA2019,15.103712,3.747838
RAPP_002872,1,MAINA2019,False,False,True,,,SSA_MFL/ligne_6193,,,Guiwa Yangamo Centre de Santé Integre,,,SOC.SANTE.CENTRE,,,,MAINA2019,14.036353,4.960522
RAPP_002873,1,MAINA2019,False,False,True,,,SSA_MFL/ligne_6194,,,Kagnol 1 Centre de Santé Integre,,,SOC.SANTE.CENTRE,,,,MAINA2019,14.040168,4.025052
RAPP_002874,1,MAINA2019,False,False,True,,,SSA_MFL/ligne_6195,,,Kamba Mieri Centre de Santé Integre,,,SOC.SANTE.CENTRE,,,,MAINA2019,13.969672,4.237349
RAPP_002875,1,MAINA2019,False,False,True,,,SSA_MFL/ligne_6196,,,Kentzou Centre Médical d'Arrondissement,,,SOC.SANTE.CENTRE,,,,MAINA2019,15.036345,4.163655
RAPP_002876,1,MAINA2019,False,False,True,,,SSA_MFL/ligne_6197,,,Kette Hôpital de District,,,SOC.SANTE.HOPITAL,,,,MAINA2019,14.545662,4.883343
RAPP_002877,1,MAINA2019,False,False,True,,,SSA_MFL/ligne_6198,,,Kika Centre Médical d'Arrondissement,,,SOC.SANTE.CENTRE,,,,MAINA2019,15.673026,1.949772
RAPP_002878,1,MAINA2019,False,False,True,,,SSA_MFL/ligne_6199,,,Komba 1 Centre de Santé Integre,,,SOC.SANTE.CENTRE,,,,MAINA2019,12.60278,3.51874
RAPP_002879,1,MAINA2019,False,False,True,,,SSA_MFL/ligne_6200,,,Koua Centre de Santé Integre,,,SOC.SANTE.CENTRE,,,,MAINA2019,12.675591,3.613681
RAPP_002880,1,MAINA2019,False,False,True,,,SSA_MFL/ligne_6201,,,Kwoamb Centre de Santé Integre,,,SOC.SANTE.CENTRE,,,,MAINA2019,13.218118,3.843647
RAPP_002881,1,MAINA2019,False,False,True,,,SSA_MFL/ligne_6202,,,Labba Centre de Santé Integre,,,SOC.SANTE.CENTRE,,,,MAINA2019,12.787337,3.723969
RAPP_002882,1,MAINA2019,False,False,True,,,SSA_MFL/ligne_6203,,,Lala Centre de Santé Integre,,,SOC.SANTE.CENTRE,,,,MAINA2019,14.269764,4.805892
RAPP_002883,1,MAINA2019,False,False,True,,,SSA_MFL/ligne_6204,,,Lamadoum Centre de Santé Integre,,,SOC.SANTE.CENTRE,,,,MAINA2019,14.7254,3.4602
RAPP_002884,1,MAINA2019,False,False,True,,,SSA_MFL/ligne_6205,,,Letta Catholique Centre de Santé,,,SOC.SANTE.CENTRE,,,,MAINA2019,13.8333,4.9333
RAPP_002885,1,MAINA2019,False,False,True,,,SSA_MFL/ligne_6206,,,Libongo Centre de Santé Integre,,,SOC.SANTE.CENTRE,,,,MAINA2019,15.3782,2.6248
RAPP_002886,1,MAINA2019,False,False,True,,,SSA_MFL/ligne_6207,,,Liguim Centre de Santé Integre,,,SOC.SANTE.CENTRE,,,,MAINA2019,13.365536,5.530792
RAPP_002887,1,MAINA2019,False,False,True,,,SSA_MFL/ligne_6208,,,Lila Centre de Santé Integre,,,SOC.SANTE.CENTRE,,,,MAINA2019,14.475685,4.139849
RAPP_002888,1,MAINA2019,False,False,True,,,SSA_MFL/ligne_6209,,,Lolo Centre de Santé Integre,,,SOC.SANTE.CENTRE,,,,MAINA2019,14.909044,4.269243
RAPP_002889,1,MAINA2019,False,False,True,,,SSA_MFL/ligne_6210,,,Lomie Catholique Centre de Santé,,,SOC.SANTE.CENTRE,,,,MAINA2019,13.614595,3.171319
RAPP_002890,1,MAINA2019,False,False,True,,,SSA_MFL/ligne_6211,,,Lomie Hôpital de District,,,SOC.SANTE.HOPITAL,,,,MAINA2019,13.619588,3.15933
RAPP_002891,1,MAINA2019,False,False,True,,,SSA_MFL/ligne_6212,,,Long Centre de Santé Integre,,,SOC.SANTE.CENTRE,,,,MAINA2019,14.041042,2.940904
RAPP_002892,1,MAINA2019,False,False,True,,,SSA_MFL/ligne_6213,,,Mandjou Centre de Santé Integre,,,SOC.SANTE.CENTRE,,,,MAINA2019,13.7333,4.6
RAPP_002893,1,MAINA2019,False,False,True,,,SSA_MFL/ligne_6214,,,Mang Catholique Centre de Santé,,,SOC.SANTE.CENTRE,,,,MAINA2019,15.4,3.4667
RAPP_002894,1,MAINA2019,False,False,True,,,SSA_MFL/ligne_6215,,,Massea Catholique Centre de Santé,,,SOC.SANTE.CENTRE,,,,MAINA2019,14.8667,3.15
RAPP_002895,1,MAINA2019,False,False,True,,,SSA_MFL/ligne_6216,,,Matok Centre Medical d’Arrondissement,,,SOC.SANTE.CENTRE,,,,MAINA2019,12.716,3.967
RAPP_002896,1,MAINA2019,False,False,True,,,SSA_MFL/ligne_6217,,,Mayos Centre de Santé Integre,,,SOC.SANTE.CENTRE,,,,MAINA2019,12.81123,4.062558
RAPP_002897,1,MAINA2019,False,False,True,,,SSA_MFL/ligne_6218,,,Mayos Centre de Santé Integre,,,SOC.SANTE.CENTRE,,,,MAINA2019,12.81343,4.11039
RAPP_002898,1,MAINA2019,False,False,True,,,SSA_MFL/ligne_6219,,,Mbala Centre de Santé Integre,,,SOC.SANTE.CENTRE,,,,MAINA2019,13.456001,4.22435
RAPP_002899,1,MAINA2019,False,False,True,,,SSA_MFL/ligne_6220,,,Mballam 2 Centre de Santé Integre,,,SOC.SANTE.CENTRE,,,,MAINA2019,13.81209,2.220248
RAPP_002900,1,MAINA2019,False,False,True,,,SSA_MFL/ligne_6221,,,Mbang Hôpital de District,,,SOC.SANTE.HOPITAL,,,,MAINA2019,14.267839,3.961885
RAPP_002901,1,MAINA2019,False,False,True,,,SSA_MFL/ligne_6222,,,Mbendissola Centre de Santé Integre,,,SOC.SANTE.CENTRE,,,,MAINA2019,14.408683,4.311172
RAPP_002902,1,MAINA2019,False,False,True,,,SSA_MFL/ligne_6223,,,Mbethen Centre de Santé Integre,,,SOC.SANTE.CENTRE,,,,MAINA2019,13.5243,4.7997
RAPP_002903,1,MAINA2019,False,False,True,,,SSA_MFL/ligne_6224,,,Mbile Centre de Santé Integre,,,SOC.SANTE.CENTRE,,,,MAINA2019,14.848368,4.315643
RAPP_002904,1,MAINA2019,False,False,True,,,SSA_MFL/ligne_6225,,,Mbitom Centre de Santé Integre,,,SOC.SANTE.CENTRE,,,,MAINA2019,13.329368,5.691643
RAPP_002905,1,MAINA2019,False,False,True,,,SSA_MFL/ligne_6226,,,Mbomba Centre de Santé Integre,,,SOC.SANTE.CENTRE,,,,MAINA2019,12.833121,4.06351
RAPP_002906,1,MAINA2019,False,False,True,,,SSA_MFL/ligne_6227,,,Mbombi Centre de Santé Integre,,,SOC.SANTE.CENTRE,,,,MAINA2019,13.3333,4.9833
RAPP_002907,1,MAINA2019,False,False,True,,,SSA_MFL/ligne_6228,,,Mbondoua Centre de Santé Integre,,,SOC.SANTE.CENTRE,,,,MAINA2019,15.105353,4.072696
RAPP_002908,1,MAINA2019,False,False,True,,,SSA_MFL/ligne_6229,,,Mboumama Centre de Santé Integre,,,SOC.SANTE.CENTRE,,,,MAINA2019,14.427522,4.737363
RAPP_002909,1,MAINA2019,False,False,True,,,SSA_MFL/ligne_6230,,,Mbounou Centre de Santé Integre,,,SOC.SANTE.CENTRE,,,,MAINA2019,14.592199,4.296301
RAPP_002910,1,MAINA2019,False,False,True,,,SSA_MFL/ligne_6231,,,Mboy II Centre de Santé Integre,,,SOC.SANTE.CENTRE,,,,MAINA2019,15.4653,3.4637
RAPP_002911,1,MAINA2019,False,False,True,,,SSA_MFL/ligne_6232,,,Medjoh Centre de Santé Integre,,,SOC.SANTE.CENTRE,,,,MAINA2019,13.463202,3.44604
RAPP_002912,1,MAINA2019,False,False,True,,,SSA_MFL/ligne_6233,,,Messamena Hôpital de District,,,SOC.SANTE.HOPITAL,,,,MAINA2019,12.824099,3.732535
RAPP_002913,1,MAINA2019,False,False,True,,,SSA_MFL/ligne_6234,,,Messok Centre Medical d’Arrondissement,,,SOC.SANTE.CENTRE,,,,MAINA2019,14.0726,3.0852
RAPP_002914,1,MAINA2019,False,False,True,,,SSA_MFL/ligne_6235,,,Mikel Centre de Santé Integre,,,SOC.SANTE.CENTRE,,,,MAINA2019,15.244025,2.714689
RAPP_002915,1,MAINA2019,False,False,True,,,SSA_MFL/ligne_6236,,,Mindourou Catholique Centre de Santé,,,SOC.SANTE.CENTRE,,,,MAINA2019,14.522615,3.923375
RAPP_002916,1,MAINA2019,False,False,True,,,SSA_MFL/ligne_6237,,,Mindourou Centre de Santé Integre,,,SOC.SANTE.CENTRE,,,,MAINA2019,13.415375,3.535983
RAPP_002917,1,MAINA2019,False,False,True,,,SSA_MFL/ligne_6238,,,Mindourou Centre Médical d'Arrondissement,,,SOC.SANTE.CENTRE,,,,MAINA2019,14.577097,4.110474
RAPP_002918,1,MAINA2019,False,False,True,,,SSA_MFL/ligne_6239,,,Mintoum Centre de Santé Integre,,,SOC.SANTE.CENTRE,,,,MAINA2019,13.617446,3.20573
RAPP_002919,1,MAINA2019,False,False,True,,,SSA_MFL/ligne_6240,,,Moampack Centre de Santé Integre,,,SOC.SANTE.CENTRE,,,,MAINA2019,14.7833,3.4333
RAPP_002920,1,MAINA2019,False,False,True,,,SSA_MFL/ligne_6241,,,Modjendi 2 Catholique Centre de Santé,,,SOC.SANTE.CENTRE,,,,MAINA2019,14.3223,4.191
RAPP_002921,1,MAINA2019,False,False,True,,,SSA_MFL/ligne_6242,,,Mokolo 1 Centre de Santé Integre,,,SOC.SANTE.CENTRE,,,,MAINA2019,13.6902,4.5743
RAPP_002922,1,MAINA2019,False,False,True,,,SSA_MFL/ligne_6243,,,Mokolo 4 Catholique Centre de Santé,,,SOC.SANTE.CENTRE,,,,MAINA2019,13.685166,4.578661
RAPP_002923,1,MAINA2019,False,False,True,,,SSA_MFL/ligne_6244,,,Mokolo Centre de Santé Integre,,,SOC.SANTE.CENTRE,,,,MAINA2019,14.369362,4.424316
RAPP_002924,1,MAINA2019,False,False,True,,,SSA_MFL/ligne_6245,,,Moloundou Catholique Centre de Santé,,,SOC.SANTE.CENTRE,,,,MAINA2019,15.216,2.046
RAPP_002925,1,MAINA2019,False,False,True,,,SSA_MFL/ligne_6246,,,Moloundou Hôpital de District,,,SOC.SANTE.HOPITAL,,,,MAINA2019,15.2152,2.0482
RAPP_002926,1,MAINA2019,False,False,True,,,SSA_MFL/ligne_6247,,,Moloundou Urbain Centre de Santé Integre,,,SOC.SANTE.CENTRE,,,,MAINA2019,15.2089,2.0421
RAPP_002927,1,MAINA2019,False,False,True,,,SSA_MFL/ligne_6248,,,Momjepom EPC Centre de Santé,,,SOC.SANTE.CENTRE,,,,MAINA2019,15.0,3.3667
RAPP_002928,1,MAINA2019,False,False,True,,,SSA_MFL/ligne_6249,,,Mosquee Centre de Santé,,,SOC.SANTE.CENTRE,,,,MAINA2019,13.668615,4.5615
RAPP_002929,1,MAINA2019,False,False,True,,,SSA_MFL/ligne_6250,,,Motcheboum Centre de Santé Integre,,,SOC.SANTE.CENTRE,,,,MAINA2019,13.229869,4.107435
RAPP_002930,1,MAINA2019,False,False,True,,,SSA_MFL/ligne_6251,,,Moundi Centre de Santé Integre,,,SOC.SANTE.CENTRE,,,,MAINA2019,13.479728,4.566073
RAPP_002931,1,MAINA2019,False,False,True,,,SSA_MFL/ligne_6252,,,Mpoundou Catholique Centre de Santé,,,SOC.SANTE.CENTRE,,,,MAINA2019,13.090927,3.983406
RAPP_002932,1,MAINA2019,False,False,True,,,SSA_MFL/ligne_6253,,,Mvanda 2 Centre de Santé Integre,,,SOC.SANTE.CENTRE,,,,MAINA2019,12.8333,4.1833
RAPP_002933,1,MAINA2019,False,False,True,,,SSA_MFL/ligne_6254,,,Nandoungue Centre de Santé Integre,,,SOC.SANTE.CENTRE,,,,MAINA2019,14.431898,5.652076
RAPP_002934,1,MAINA2019,False,False,True,,,SSA_MFL/ligne_6255,,,Ndelele Hôpital de District,,,SOC.SANTE.HOPITAL,,,,MAINA2019,14.929745,4.03677
RAPP_002935,1,MAINA2019,False,False,True,,,SSA_MFL/ligne_6256,,,Ndemba 1 Centre de Santé Integre,,,SOC.SANTE.CENTRE,,,,MAINA2019,13.359534,4.806985
RAPP_002936,1,MAINA2019,False,False,True,,,SSA_MFL/ligne_6257,,,Ndjangane Catholique Centre de Santé,,,SOC.SANTE.CENTRE,,,,MAINA2019,13.3833,4.8667
RAPP_002937,1,MAINA2019,False,False,True,,,SSA_MFL/ligne_6258,,,Ndjassi Centre de Santé Integre,,,SOC.SANTE.CENTRE,,,,MAINA2019,13.834638,4.249544
RAPP_002938,1,MAINA2019,False,False,True,,,SSA_MFL/ligne_6259,,,Ndokayo Centre de Santé Integre,,,SOC.SANTE.CENTRE,,,,MAINA2019,14.126012,5.508702
RAPP_002939,1,MAINA2019,False,False,True,,,SSA_MFL/ligne_6260,,,Ndongo Centre de Santé Integre,,,SOC.SANTE.CENTRE,,,,MAINA2019,14.896272,2.091745
RAPP_002940,1,MAINA2019,False,False,True,,,SSA_MFL/ligne_6261,,,Ndoumbi Catholique Centre de Santé,,,SOC.SANTE.CENTRE,,,,MAINA2019,13.55,4.5667
RAPP_002941,1,MAINA2019,False,False,True,,,SSA_MFL/ligne_6262,,,Ngandame Centre de Santé Integre,,,SOC.SANTE.CENTRE,,,,MAINA2019,12.980288,4.236497
RAPP_002942,1,MAINA2019,False,False,True,,,SSA_MFL/ligne_6263,,,Ngatto Centre de Santé Integre,,,SOC.SANTE.CENTRE,,,,MAINA2019,14.912403,3.29812
RAPP_002943,1,MAINA2019,False,False,True,,,SSA_MFL/ligne_6264,,,Ngoap Centre de Santé Integre,,,SOC.SANTE.CENTRE,,,,MAINA2019,12.85,4.15
RAPP_002944,1,MAINA2019,False,False,True,,,SSA_MFL/ligne_6265,,,Ngolla 35 Centre de Santé Integre,,,SOC.SANTE.CENTRE,,,,MAINA2019,15.005,3.3934
RAPP_002945,1,MAINA2019,False,False,True,,,SSA_MFL/ligne_6266,,,Ngomdouma Centre de Santé Integre,,,SOC.SANTE.CENTRE,,,,MAINA2019,13.185754,4.322348
RAPP_002946,1,MAINA2019,False,False,True,,,SSA_MFL/ligne_6267,,,Ngoto Centre de Santé Integre,,,SOC.SANTE.CENTRE,,,,MAINA2019,14.752951,4.178348
RAPP_002947,1,MAINA2019,False,False,True,,,SSA_MFL/ligne_6268,,,Ngoulemakong Centre de Santé Integre,,,SOC.SANTE.CENTRE,,,,MAINA2019,12.737368,3.822478
RAPP_002948,1,MAINA2019,False,False,True,,,SSA_MFL/ligne_6269,,,Ngoumou Centre de Santé Integre,,,SOC.SANTE.CENTRE,,,,MAINA2019,12.9167,4.2
RAPP_002949,1,MAINA2019,False,False,True,,,SSA_MFL/ligne_6270,,,Ngoundi I Catholique Centre de Santé,,,SOC.SANTE.CENTRE,,,,MAINA2019,15.113,3.931
RAPP_002950,1,MAINA2019,False,False,True,,,SSA_MFL/ligne_6271,,,Ngoura Centre de Santé Integre,,,SOC.SANTE.CENTRE,,,,MAINA2019,14.137119,5.069567
RAPP_002951,1,MAINA2019,False,False,True,,,SSA_MFL/ligne_6272,,,Ngoyla Centre de Santé Integre,,,SOC.SANTE.CENTRE,,,,MAINA2019,14.020817,2.605757
RAPP_002952,1,MAINA2019,False,False,True,,,SSA_MFL/ligne_6273,,,Ngoyla Centre Médical d'Arrondissement,,,SOC.SANTE.CENTRE,,,,MAINA2019,14.022601,2.6286
RAPP_002953,1,MAINA2019,False,False,True,,,SSA_MFL/ligne_6274,,,Nguelebok Centre de Santé Integre,,,SOC.SANTE.CENTRE,,,,MAINA2019,14.048789,4.265903
RAPP_002954,1,MAINA2019,False,False,True,,,SSA_MFL/ligne_6275,,,Nguelemendouka Hôpital de District,,,SOC.SANTE.HOPITAL,,,,MAINA2019,12.9253,4.396
RAPP_002955,1,MAINA2019,False,False,True,,,SSA_MFL/ligne_6276,,,Nguilili Centre de Santé Integre,,,SOC.SANTE.CENTRE,,,,MAINA2019,15.3295,2.119
RAPP_002956,1,MAINA2019,False,False,True,,,SSA_MFL/ligne_6277,,,Nkolakaye Centre de Santé Integre,,,SOC.SANTE.CENTRE,,,,MAINA2019,13.990479,2.510816
RAPP_002957,1,MAINA2019,False,False,True,,,SSA_MFL/ligne_6278,,,Nkolbikon Centre de Santé Integre,,,SOC.SANTE.CENTRE,,,,MAINA2019,13.652715,4.566311
RAPP_002958,1,MAINA2019,False,False,True,,,SSA_MFL/ligne_6279,,,Nkouak Centre de Santé Integre,,,SOC.SANTE.CENTRE,,,,MAINA2019,13.349464,3.758463
RAPP_002959,1,MAINA2019,False,False,True,,,SSA_MFL/ligne_6280,,,Nkoum Centre de Santé Integre,,,SOC.SANTE.CENTRE,,,,MAINA2019,13.287833,4.170039
RAPP_002960,1,MAINA2019,False,False,True,,,SSA_MFL/ligne_6281,,,Ntollock 1 Centre de Santé Integre,,,SOC.SANTE.CENTRE,,,,MAINA2019,12.967938,3.76787
RAPP_002961,1,MAINA2019,False,False,True,,,SSA_MFL/ligne_6282,,,Oboul 1 Centre de Santé Integre,,,SOC.SANTE.CENTRE,,,,MAINA2019,13.105331,3.888381
RAPP_002962,1,MAINA2019,False,False,True,,,SSA_MFL/ligne_6283,,,Ouli Centre Médical d'Arrondissement,,,SOC.SANTE.CENTRE,,,,MAINA2019,14.561486,5.19416
RAPP_002963,1,MAINA2019,False,False,True,,,SSA_MFL/ligne_6284,,,Panal Centre de Santé Integre,,,SOC.SANTE.CENTRE,,,,MAINA2019,14.678355,4.214754
RAPP_002964,1,MAINA2019,False,False,True,,,SSA_MFL/ligne_6285,,,Petit-Pol Centre de Santé Integre,,,SOC.SANTE.CENTRE,,,,MAINA2019,13.5532,4.2433
RAPP_002965,1,MAINA2019,False,False,True,,,SSA_MFL/ligne_6286,,,Radio EPC Centre de Santé,,,SOC.SANTE.CENTRE,,,,MAINA2019,13.6817,4.5749
RAPP_002966,1,MAINA2019,False,False,True,,,SSA_MFL/ligne_6287,,,Sague Catholique Centre de Santé,,,SOC.SANTE.CENTRE,,,,MAINA2019,12.9167,4.45
RAPP_002967,1,MAINA2019,False,False,True,,,SSA_MFL/ligne_6288,,,Salapoumbe Centre de Santé Integre,,,SOC.SANTE.CENTRE,,,,MAINA2019,15.438225,2.564077
RAPP_002968,1,MAINA2019,False,False,True,,,SSA_MFL/ligne_6289,,,SEFAC Centre Medical,,,SOC.SANTE.CENTRE,,,,MAINA2019,15.3815,2.6149
RAPP_002969,1,MAINA2019,False,False,True,,,SSA_MFL/ligne_6290,,,Seguelendom Centre de Santé Integre,,,SOC.SANTE.CENTRE,,,,MAINA2019,13.1312,4.3211
RAPP_002970,1,MAINA2019,False,False,True,,,SSA_MFL/ligne_6291,,,Socambo Centre de Santé Integre,,,SOC.SANTE.CENTRE,,,,MAINA2019,16.116691,1.710876
RAPP_002971,1,MAINA2019,False,False,True,,,SSA_MFL/ligne_6292,,,Sokamalam Centre de Santé Integre,,,SOC.SANTE.CENTRE,,,,MAINA2019,13.250954,3.943585
RAPP_002972,1,MAINA2019,False,False,True,,,SSA_MFL/ligne_6293,,,Somalomo Centre Médical d'Arrondissement,,,SOC.SANTE.CENTRE,,,,MAINA2019,13.679484,4.578446
RAPP_002973,1,MAINA2019,False,False,True,,,SSA_MFL/ligne_6294,,,Sud Centre de Santé Integre,,,SOC.SANTE.CENTRE,,,,MAINA2019,13.188137,3.972138
RAPP_002974,1,MAINA2019,False,False,True,,,SSA_MFL/ligne_6295,,,Tapare Centre de Santé Integre,,,SOC.SANTE.CENTRE,,,,MAINA2019,14.278764,4.738285
RAPP_002975,1,MAINA2019,False,False,True,,,SSA_MFL/ligne_6296,,,Tete D Elephant Centre de Santé Integre,,,SOC.SANTE.CENTRE,,,,MAINA2019,13.36268,5.539358
RAPP_002976,1,MAINA2019,False,False,True,,,SSA_MFL/ligne_6297,,,Tigaza Catholique Centre de Santé,,,SOC.SANTE.CENTRE,,,,MAINA2019,13.6722,4.564
RAPP_002977,1,MAINA2019,False,False,True,,,SSA_MFL/ligne_6298,,,Tikondi Ii Centre de Santé Integre,,,SOC.SANTE.CENTRE,,,,MAINA2019,14.161861,4.202619
RAPP_002978,1,MAINA2019,False,False,True,,,SSA_MFL/ligne_6299,,,Timangolo Centre de Santé Integre,,,SOC.SANTE.CENTRE,,,,MAINA2019,14.546733,4.613155
RAPP_002979,1,MAINA2019,False,False,True,,,SSA_MFL/ligne_6300,,,Tocktoyo Centre de Santé Integre,,,SOC.SANTE.CENTRE,,,,MAINA2019,14.6571,5.1914
RAPP_002980,1,MAINA2019,False,False,True,,,SSA_MFL/ligne_6301,,,Tongo Gadima Centre de Santé Integre,,,SOC.SANTE.CENTRE,,,,MAINA2019,14.0,5.1833
RAPP_002981,1,MAINA2019,False,False,True,,,SSA_MFL/ligne_6302,,,Woutchaba Centre de Santé Integre,,,SOC.SANTE.CENTRE,,,,MAINA2019,13.371153,5.195631
RAPP_002982,1,MAINA2019,False,False,True,,,SSA_MFL/ligne_6303,,,Yenga Centre de Santé Integre,,,SOC.SANTE.CENTRE,,,,MAINA2019,15.363144,2.311529
RAPP_002983,1,MAINA2019,False,False,True,,,SSA_MFL/ligne_6304,,,Yoa Centre de Santé Integre,,,SOC.SANTE.CENTRE,,,,MAINA2019,13.234374,4.851029
RAPP_002984,1,MAINA2019,False,False,True,,,SSA_MFL/ligne_6305,,,Yokadouma Catholique Centre de Santé,,,SOC.SANTE.CENTRE,,,,MAINA2019,15.0447,3.5142
RAPP_002985,1,MAINA2019,False,False,True,,,SSA_MFL/ligne_6306,,,Yokadouma Hôpital de District,,,SOC.SANTE.HOPITAL,,,,MAINA2019,15.048,3.5178
RAPP_002986,1,MAINA2019,False,False,True,,,SSA_MFL/ligne_6307,,,Yokadouma Nord Centre de Santé Integre,,,SOC.SANTE.CENTRE,,,,MAINA2019,15.0569,3.5455
RAPP_002987,1,MAINA2019,False,False,True,,,SSA_MFL/ligne_6308,,,Yokadouma Sud Centre de Santé Integre,,,SOC.SANTE.CENTRE,,,,MAINA2019,15.0538,3.5131
RAPP_002988,1,MAINA2019,False,False,True,,,SSA_MFL/ligne_6309,,,Zoguela Centre de Santé Integre,,,SOC.SANTE.CENTRE,,,,MAINA2019,12.873572,3.994981
RAPP_002989,1,MAINA2019,False,False,True,,,SSA_MFL/ligne_6310,,,Zoulabot 1 Centre de Santé Integre,,,SOC.SANTE.CENTRE,,,,MAINA2019,14.037362,3.259982
RAPP_002990,1,MAINA2019,False,False,True,,,SSA_MFL/ligne_6311,,,Zoulabot 2 Centre de Santé Integre,,,SOC.SANTE.CENTRE,,,,MAINA2019,13.897204,2.893077
RAPP_002991,1,MAINA2019,False,False,True,,,SSA_MFL/ligne_6312,,,Afade Centre de Santé Integre,,,SOC.SANTE.CENTRE,,,,MAINA2019,14.6543,12.2198
RAPP_002992,1,MAINA2019,False,False,True,,,SSA_MFL/ligne_6313,,,Aissa-Harde Centre de Santé Integre,,,SOC.SANTE.CENTRE,,,,MAINA2019,14.2287,11.0917
RAPP_002993,1,MAINA2019,False,False,True,,,SSA_MFL/ligne_6314,,,Alargano Centre de Santé Integre,,,SOC.SANTE.CENTRE,,,,MAINA2019,14.703551,11.009533
RAPP_002994,1,MAINA2019,False,False,True,,,SSA_MFL/ligne_6315,,,Alcali Centre de Santé Integre,,,SOC.SANTE.CENTRE,,,,MAINA2019,14.476252,10.688349
RAPP_002995,1,MAINA2019,False,False,True,,,SSA_MFL/ligne_6316,,,Amchedire Centre de Santé Integre,,,SOC.SANTE.CENTRE,,,,MAINA2019,15.028288,12.05227
RAPP_002996,1,MAINA2019,False,False,True,,,SSA_MFL/ligne_6317,,,Amchide Centre Medical d’Arrondissement,,,SOC.SANTE.CENTRE,,,,MAINA2019,14.1262,11.239
RAPP_002997,1,MAINA2019,False,False,True,,,SSA_MFL/ligne_6318,,,Amchilga Centre de Santé Integre,,,SOC.SANTE.CENTRE,,,,MAINA2019,14.3847,12.523816
RAPP_002998,1,MAINA2019,False,False,True,,,SSA_MFL/ligne_6319,,,Amdjagara Centre de Santé Integre,,,SOC.SANTE.CENTRE,,,,MAINA2019,14.7,12.4
RAPP_002999,1,MAINA2019,False,False,True,,,SSA_MFL/ligne_6320,,,Annexe de Kousseri Hôpital Regional,,,SOC.SANTE.HOPITAL,,,,MAINA2019,15.032618,12.083783
RAPP_003000,1,MAINA2019,False,False,True,,,SSA_MFL/ligne_6321,,,Assighassia Centre de Santé Integre,,,SOC.SANTE.CENTRE,,,,MAINA2019,13.884914,11.124787
RAPP_003001,1,MAINA2019,False,False,True,,,SSA_MFL/ligne_6322,,,Bagalaf Centre de Santé Integre,,,SOC.SANTE.CENTRE,,,,MAINA2019,14.533464,10.688318
RAPP_003002,1,MAINA2019,False,False,True,,,SSA_MFL/ligne_6323,,,Balaza Centre de Santé Integre,,,SOC.SANTE.CENTRE,,,,MAINA2019,14.544984,10.709887
RAPP_003003,1,MAINA2019,False,False,True,,,SSA_MFL/ligne_6324,,,Balda Centre de Santé Integre,,,SOC.SANTE.CENTRE,,,,MAINA2019,14.654575,10.841289
RAPP_003004,1,MAINA2019,False,False,True,,,SSA_MFL/ligne_6325,,,Bangana Centre de Santé Integre,,,SOC.SANTE.CENTRE,,,,MAINA2019,15.329557,10.200607
RAPP_003005,1,MAINA2019,False,False,True,,,SSA_MFL/ligne_6327,,,Barlang Centre de Santé Integre,,,SOC.SANTE.CENTRE,,,,MAINA2019,14.8523,10.0599
RAPP_003006,1,MAINA2019,False,False,True,,,SSA_MFL/ligne_6328,,,Begue Palam Centre de Santé Integre,,,SOC.SANTE.CENTRE,,,,MAINA2019,15.126497,10.661348
RAPP_003007,1,MAINA2019,False,False,True,,,SSA_MFL/ligne_6329,,,Begue Palam Centre de Santé Integre,,,SOC.SANTE.CENTRE,,,,MAINA2019,15.1297,10.6889
RAPP_003008,1,MAINA2019,False,False,True,,,SSA_MFL/ligne_6330,,,Beguele Centre de Santé Integre,,,SOC.SANTE.CENTRE,,,,MAINA2019,14.186713,10.591326
RAPP_003009,1,MAINA2019,False,False,True,,,SSA_MFL/ligne_6331,,,Bering Centre de Santé Integre,,,SOC.SANTE.CENTRE,,,,MAINA2019,13.778397,10.412969
RAPP_003010,1,MAINA2019,False,False,True,,,SSA_MFL/ligne_6332,,,Biamo Centre de Santé Integre,,,SOC.SANTE.CENTRE,,,,MAINA2019,14.491958,12.405125
RAPP_003011,1,MAINA2019,False,False,True,,,SSA_MFL/ligne_6333,,,Bipaing Centre de Santé Integre,,,SOC.SANTE.CENTRE,,,,MAINA2019,14.557312,10.174043
RAPP_003012,1,MAINA2019,False,False,True,,,SSA_MFL/ligne_6334,,,Birio Centre de Santé Integre,,,SOC.SANTE.CENTRE,,,,MAINA2019,14.460701,10.661237
RAPP_003013,1,MAINA2019,False,False,True,,,SSA_MFL/ligne_6335,,,Bizili Centre de Santé Integre,,,SOC.SANTE.CENTRE,,,,MAINA2019,14.862318,10.213656
RAPP_003014,1,MAINA2019,False,False,True,,,SSA_MFL/ligne_6336,,,Blangoua Centre de Santé Integre,,,SOC.SANTE.CENTRE,,,,MAINA2019,14.552944,12.768645
RAPP_003015,1,MAINA2019,False,False,True,,,SSA_MFL/ligne_6337,,,Blaram Centre de Santé Integre,,,SOC.SANTE.CENTRE,,,,MAINA2019,14.458217,12.895101
RAPP_003016,1,MAINA2019,False,False,True,,,SSA_MFL/ligne_6338,,,Bodo Centre de Santé Integre,,,SOC.SANTE.CENTRE,,,,MAINA2019,14.461549,12.357012
RAPP_003017,1,MAINA2019,False,False,True,,,SSA_MFL/ligne_6339,,,Bogo Hôpital de District,,,SOC.SANTE.HOPITAL,,,,MAINA2019,14.59467,10.720898
RAPP_003018,1,MAINA2019,False,False,True,,,SSA_MFL/ligne_6340,,,Bomboyo Centre de Santé Integre,,,SOC.SANTE.CENTRE,,,,MAINA2019,14.64948,12.548115
RAPP_003019,1,MAINA2019,False,False,True,,,SSA_MFL/ligne_6341,,,Borai Centre de Santé Integre,,,SOC.SANTE.CENTRE,,,,MAINA2019,14.64449,10.654244
RAPP_003020,1,MAINA2019,False,False,True,,,SSA_MFL/ligne_6342,,,Bougaye Centre de Santé,,,SOC.SANTE.CENTRE,,,,MAINA2019,15.110988,10.245311
RAPP_003021,1,MAINA2019,False,False,True,,,SSA_MFL/ligne_6343,,,Bougaye Centre de Santé Integre,,,SOC.SANTE.CENTRE,,,,MAINA2019,15.099186,10.179258
RAPP_003022,1,MAINA2019,False,False,True,,,SSA_MFL/ligne_6344,,,Boukoula Centre de Santé,,,SOC.SANTE.CENTRE,,,,MAINA2019,13.458415,10.147686
RAPP_003023,1,MAINA2019,False,False,True,,,SSA_MFL/ligne_6345,,,Boukoula Centre de Santé Integre,,,SOC.SANTE.CENTRE,,,,MAINA2019,13.440004,10.116241
RAPP_003024,1,MAINA2019,False,False,True,,,SSA_MFL/ligne_6346,,,Bounderi Centre de Santé Integre,,,SOC.SANTE.CENTRE,,,,MAINA2019,14.4096,11.3471
RAPP_003025,1,MAINA2019,False,False,True,,,SSA_MFL/ligne_6347,,,Bourha Centre de Santé Integre,,,SOC.SANTE.CENTRE,,,,MAINA2019,13.5491,10.3405
RAPP_003026,1,MAINA2019,False,False,True,,,SSA_MFL/ligne_6348,,,Bourha Hôpital de District,,,SOC.SANTE.HOPITAL,,,,MAINA2019,13.515504,10.253493
RAPP_003027,1,MAINA2019,False,False,True,,,SSA_MFL/ligne_6349,,,Broui Centre de Santé Integre,,,SOC.SANTE.CENTRE,,,,MAINA2019,14.092897,10.126242
RAPP_003028,1,MAINA2019,False,False,True,,,SSA_MFL/ligne_6350,,,Dabanga Centre de Santé Integre,,,SOC.SANTE.CENTRE,,,,MAINA2019,14.64804,11.917948
RAPP_003029,1,MAINA2019,False,False,True,,,SSA_MFL/ligne_6351,,,Dadjamka Centre de Santé Integre,,,SOC.SANTE.CENTRE,,,,MAINA2019,14.986865,10.032474
RAPP_003030,1,MAINA2019,False,False,True,,,SSA_MFL/ligne_6352,,,Dagai Centre de Santé Integre,,,SOC.SANTE.CENTRE,,,,MAINA2019,14.002363,10.282593
RAPP_003031,1,MAINA2019,False,False,True,,,SSA_MFL/ligne_6353,,,Damai Centre de Santé Integre,,,SOC.SANTE.CENTRE,,,,MAINA2019,14.089483,10.295445
RAPP_003032,1,MAINA2019,False,False,True,,,SSA_MFL/ligne_6354,,,Dana Centre de Santé Integre,,,SOC.SANTE.CENTRE,,,,MAINA2019,15.292627,10.229662
RAPP_003033,1,MAINA2019,False,False,True,,,SSA_MFL/ligne_6356,,,Daram Centre de Santé Integre,,,SOC.SANTE.CENTRE,,,,MAINA2019,14.760212,10.344449
RAPP_003034,1,MAINA2019,False,False,True,,,SSA_MFL/ligne_6357,,,Dargala Centre de Santé Integre,,,SOC.SANTE.CENTRE,,,,MAINA2019,14.606713,10.518375
RAPP_003035,1,MAINA2019,False,False,True,,,SSA_MFL/ligne_6358,,,Datcheka Centre Médical d'Arrondissement,,,SOC.SANTE.CENTRE,,,,MAINA2019,15.125404,9.994915
RAPP_003036,1,MAINA2019,False,False,True,,,SSA_MFL/ligne_6359,,,Datcheka Yoldeo Centre de Santé Integre,,,SOC.SANTE.CENTRE,,,,MAINA2019,14.910369,10.122352
RAPP_003037,1,MAINA2019,False,False,True,,,SSA_MFL/ligne_6360,,,Djafga Centre de Santé Integre,,,SOC.SANTE.CENTRE,,,,MAINA2019,15.1396,10.6106
RAPP_003038,1,MAINA2019,False,False,True,,,SSA_MFL/ligne_6361,,,Djagare Centre de Santé Integre,,,SOC.SANTE.CENTRE,,,,MAINA2019,15.0149,12.0349
RAPP_003039,1,MAINA2019,False,False,True,,,SSA_MFL/ligne_6362,,,Djaoude Centre de Santé Integre,,,SOC.SANTE.CENTRE,,,,MAINA2019,14.438601,11.03608
RAPP_003040,1,MAINA2019,False,False,True,,,SSA_MFL/ligne_6363,,,Djappai Centre de Santé Integre,,,SOC.SANTE.CENTRE,,,,MAINA2019,14.322111,10.432553
RAPP_003041,1,MAINA2019,False,False,True,,,SSA_MFL/ligne_6364,,,Djarengol Kodek Centre de Santé Integre,,,SOC.SANTE.CENTRE,,,,MAINA2019,14.371828,10.618431
RAPP_003042,1,MAINA2019,False,False,True,,,SSA_MFL/ligne_6365,,,Djingliya Centre de Santé Integre,,,SOC.SANTE.CENTRE,,,,MAINA2019,13.86404,10.833801
RAPP_003043,1,MAINA2019,False,False,True,,,SSA_MFL/ligne_6366,,,Djongdong Centre de Santé Integre,,,SOC.SANTE.CENTRE,,,,MAINA2019,15.194174,10.089076
RAPP_003044,1,MAINA2019,False,False,True,,,SSA_MFL/ligne_6367,,,Djougoumta Centre de Santé,,,SOC.SANTE.CENTRE,,,,MAINA2019,15.2686,10.0964
RAPP_003045,1,MAINA2019,False,False,True,,,SSA_MFL/ligne_6368,,,Djoulgouf Centre de Santé Integre,,,SOC.SANTE.CENTRE,,,,MAINA2019,14.47236,10.616503
RAPP_003046,1,MAINA2019,False,False,True,,,SSA_MFL/ligne_6369,,,Djounde Centre de Santé Integre,,,SOC.SANTE.CENTRE,,,,MAINA2019,14.2964,11.0463
RAPP_003047,1,MAINA2019,False,False,True,,,SSA_MFL/ligne_6370,,,Djoutabembal Centre de Santé Integre,,,SOC.SANTE.CENTRE,,,,MAINA2019,14.516545,11.006078
RAPP_003048,1,MAINA2019,False,False,True,,,SSA_MFL/ligne_6371,,,Dogba Centre de Santé Integre,,,SOC.SANTE.CENTRE,,,,MAINA2019,14.300183,10.789521
RAPP_003049,1,MAINA2019,False,False,True,,,SSA_MFL/ligne_6372,,,Domayo Djarma Centre de Santé Integre,,,SOC.SANTE.CENTRE,,,,MAINA2019,14.313522,10.586084
RAPP_003050,1,MAINA2019,False,False,True,,,SSA_MFL/ligne_6373,,,Domo Centre de Santé Integre,,,SOC.SANTE.CENTRE,,,,MAINA2019,15.25747,10.136113
RAPP_003051,1,MAINA2019,False,False,True,,,SSA_MFL/ligne_6374,,,Dompya Centre de Santé Integre,,,SOC.SANTE.CENTRE,,,,MAINA2019,15.46512,9.965651
RAPP_003052,1,MAINA2019,False,False,True,,,SSA_MFL/ligne_6375,,,Dongrosse Centre de Santé Integre,,,SOC.SANTE.CENTRE,,,,MAINA2019,14.883584,10.066667
RAPP_003053,1,MAINA2019,False,False,True,,,SSA_MFL/ligne_6376,,,Doualare Centre de Santé Integre,,,SOC.SANTE.CENTRE,,,,MAINA2019,14.328808,10.616047
RAPP_003054,1,MAINA2019,False,False,True,,,SSA_MFL/ligne_6377,,,Doubane Centre de Santé Integre,,,SOC.SANTE.CENTRE,,,,MAINA2019,14.767845,10.129802
RAPP_003055,1,MAINA2019,False,False,True,,,SSA_MFL/ligne_6378,,,Doubbel Centre de Santé Integre,,,SOC.SANTE.CENTRE,,,,MAINA2019,14.480123,10.814136
RAPP_003056,1,MAINA2019,False,False,True,,,SSA_MFL/ligne_6379,,,Dougoi Centre de Santé Integre,,,SOC.SANTE.CENTRE,,,,MAINA2019,14.358408,10.60087
RAPP_003057,1,MAINA2019,False,False,True,,,SSA_MFL/ligne_6380,,,Doukoula 1 Centre de Santé Integre,,,SOC.SANTE.CENTRE,,,,MAINA2019,14.975938,10.104754
RAPP_003058,1,MAINA2019,False,False,True,,,SSA_MFL/ligne_6381,,,Doukoula 2 Centre de Santé Integre,,,SOC.SANTE.CENTRE,,,,MAINA2019,14.975641,10.098329
RAPP_003059,1,MAINA2019,False,False,True,,,SSA_MFL/ligne_6383,,,Doulek Centre de Santé Integre,,,SOC.SANTE.CENTRE,,,,MAINA2019,14.2039,10.7757
RAPP_003060,1,MAINA2019,False,False,True,,,SSA_MFL/ligne_6384,,,Doumo Centre de Santé Integre,,,SOC.SANTE.CENTRE,,,,MAINA2019,13.448992,10.140071
RAPP_003061,1,MAINA2019,False,False,True,,,SSA_MFL/ligne_6385,,,Doumrou Centre de Santé Integre,,,SOC.SANTE.CENTRE,,,,MAINA2019,14.480444,10.032685
RAPP_003062,1,MAINA2019,False,False,True,,,SSA_MFL/ligne_6386,,,Doumrou Centre de Santé Integre,,,SOC.SANTE.CENTRE,,,,MAINA2019,14.11841,10.686159
RAPP_003063,1,MAINA2019,False,False,True,,,SSA_MFL/ligne_6387,,,Douvangar Centre de Santé Integre,,,SOC.SANTE.CENTRE,,,,MAINA2019,14.133098,10.726637
RAPP_003064,1,MAINA2019,False,False,True,,,SSA_MFL/ligne_6388,,,Douvgui-Kilda Centre de Santé Integre,,,SOC.SANTE.CENTRE,,,,MAINA2019,13.9541,10.8627
RAPP_003065,1,MAINA2019,False,False,True,,,SSA_MFL/ligne_6389,,,Doyang Centre de Santé Integre,,,SOC.SANTE.CENTRE,,,,MAINA2019,14.482586,10.283439
RAPP_003066,1,MAINA2019,False,False,True,,,SSA_MFL/ligne_6390,,,Dziguilao 2 Centre de Santé Integre,,,SOC.SANTE.CENTRE,,,,MAINA2019,14.7867,10.0087
RAPP_003067,1,MAINA2019,False,False,True,,,SSA_MFL/ligne_6391,,,Dziguilao Centre Médical d'Arrondissement,,,SOC.SANTE.CENTRE,,,,MAINA2019,14.791716,10.004447
RAPP_003068,1,MAINA2019,False,False,True,,,SSA_MFL/ligne_6392,,,Fadare Centre de Santé Integre,,,SOC.SANTE.CENTRE,,,,MAINA2019,14.599612,10.913326
RAPP_003069,1,MAINA2019,False,False,True,,,SSA_MFL/ligne_6393,,,Fotokol Centre de Santé Integre,,,SOC.SANTE.CENTRE,,,,MAINA2019,14.230741,12.375001
RAPP_003070,1,MAINA2019,False,False,True,,,SSA_MFL/ligne_6394,,,Foulou Centre de Santé Integre,,,SOC.SANTE.CENTRE,,,,MAINA2019,14.285209,10.299381
RAPP_003071,1,MAINA2019,False,False,True,,,SSA_MFL/ligne_6396,,,Gaban Centre de Santé Integre,,,SOC.SANTE.CENTRE,,,,MAINA2019,14.547675,10.214117
RAPP_003072,1,MAINA2019,False,False,True,,,SSA_MFL/ligne_6397,,,Gabaraye Centre de Santé Integre,,,SOC.SANTE.CENTRE,,,,MAINA2019,15.049744,10.507928
RAPP_003073,1,MAINA2019,False,False,True,,,SSA_MFL/ligne_6398,,,Gaboua Centre Médical d'Arrondissement,,,SOC.SANTE.CENTRE,,,,MAINA2019,13.949511,10.904804
RAPP_003074,1,MAINA2019,False,False,True,,,SSA_MFL/ligne_6399,,,Gadala Centre de Santé Integre,,,SOC.SANTE.CENTRE,,,,MAINA2019,13.849,10.584
RAPP_003075,1,MAINA2019,False,False,True,,,SSA_MFL/ligne_6400,,,Gadas Centre de Santé Integre,,,SOC.SANTE.CENTRE,,,,MAINA2019,14.44,10.1856
RAPP_003076,1,MAINA2019,False,False,True,,,SSA_MFL/ligne_6401,,,Gamboura Centre de Santé Integre,,,SOC.SANTE.CENTRE,,,,MAINA2019,13.665521,10.290911
RAPP_003077,1,MAINA2019,False,False,True,,,SSA_MFL/ligne_6402,,,Gamdougoum Centre de Santé Integre,,,SOC.SANTE.CENTRE,,,,MAINA2019,13.756231,10.289219
RAPP_003078,1,MAINA2019,False,False,True,,,SSA_MFL/ligne_6403,,,Gane Centre de Santé Integre,,,SOC.SANTE.CENTRE,,,,MAINA2019,14.982779,10.005908
RAPP_003079,1,MAINA2019,False,False,True,,,SSA_MFL/ligne_6404,,,Garey Centre de Santé Integre,,,SOC.SANTE.CENTRE,,,,MAINA2019,14.3339,10.0251
RAPP_003080,1,MAINA2019,False,False,True,,,SSA_MFL/ligne_6405,,,Gawar Centre de Santé Integre,,,SOC.SANTE.CENTRE,,,,MAINA2019,13.84407,10.506791
RAPP_003081,1,MAINA2019,False,False,True,,,SSA_MFL/ligne_6406,,,Gawel Centre de Santé Integre,,,SOC.SANTE.CENTRE,,,,MAINA2019,14.103036,10.401456
RAPP_003082,1,MAINA2019,False,False,True,,,SSA_MFL/ligne_6407,,,Gazawa Centre Médical d'Arrondissement,,,SOC.SANTE.CENTRE,,,,MAINA2019,14.314636,10.587474
RAPP_003083,1,MAINA2019,False,False,True,,,SSA_MFL/ligne_6408,,,Gobio Centre de Santé Integre,,,SOC.SANTE.CENTRE,,,,MAINA2019,14.999296,10.37128
RAPP_003084,1,MAINA2019,False,False,True,,,SSA_MFL/ligne_6409,,,Gobo Centre de Santé,,,SOC.SANTE.CENTRE,,,,MAINA2019,15.4187,10.0002
RAPP_003085,1,MAINA2019,False,False,True,,,SSA_MFL/ligne_6410,,,Gobo Centre Médical d'Arrondissement,,,SOC.SANTE.CENTRE,,,,MAINA2019,15.437994,9.992206
RAPP_003086,1,MAINA2019,False,False,True,,,SSA_MFL/ligne_6411,,,Godigong Centre de Santé Integre,,,SOC.SANTE.CENTRE,,,,MAINA2019,14.099601,11.026718
RAPP_003087,1,MAINA2019,False,False,True,,,SSA_MFL/ligne_6412,,,Godola Centre de Santé Integre,,,SOC.SANTE.CENTRE,,,,MAINA2019,14.29991,10.631016
RAPP_003088,1,MAINA2019,False,False,True,,,SSA_MFL/ligne_6413,,,Going Centre de Santé Integre,,,SOC.SANTE.CENTRE,,,,MAINA2019,14.552571,10.081464
RAPP_003089,1,MAINA2019,False,False,True,,,SSA_MFL/ligne_6414,,,Going Tala Centre de Santé Integre,,,SOC.SANTE.CENTRE,,,,MAINA2019,15.071152,10.017186
RAPP_003090,1,MAINA2019,False,False,True,,,SSA_MFL/ligne_6415,,,Goldavi Centre de Santé Integre,,,SOC.SANTE.CENTRE,,,,MAINA2019,13.914446,11.018134
RAPP_003091,1,MAINA2019,False,False,True,,,SSA_MFL/ligne_6416,,,Golondakre Centre de Santé Integre,,,SOC.SANTE.CENTRE,,,,MAINA2019,14.887677,10.121299
RAPP_003092,1,MAINA2019,False,False,True,,,SSA_MFL/ligne_6417,,,Golonghini Centre de Santé Integre,,,SOC.SANTE.CENTRE,,,,MAINA2019,14.794095,9.945901
RAPP_003093,1,MAINA2019,False,False,True,,,SSA_MFL/ligne_6418,,,Goudoum Centre de Santé Integre,,,SOC.SANTE.CENTRE,,,,MAINA2019,14.777499,10.618646
RAPP_003094,1,MAINA2019,False,False,True,,,SSA_MFL/ligne_6419,,,Goudour Centre de Santé Integre,,,SOC.SANTE.CENTRE,,,,MAINA2019,13.99405,10.605311
RAPP_003095,1,MAINA2019,False,False,True,,,SSA_MFL/ligne_6420,,,Goulfey Centre de Santé Integre,,,SOC.SANTE.CENTRE,,,,MAINA2019,14.892959,12.389534
RAPP_003096,1,MAINA2019,False,False,True,,,SSA_MFL/ligne_6421,,,Goulfey Gana Centre de Santé Integre,,,SOC.SANTE.CENTRE,,,,MAINA2019,14.838707,12.50589
RAPP_003097,1,MAINA2019,False,False,True,,,SSA_MFL/ligne_6422,,,Goulfey Hôpital de District,,,SOC.SANTE.HOPITAL,,,,MAINA2019,14.90858,12.378758
RAPP_003098,1,MAINA2019,False,False,True,,,SSA_MFL/ligne_6423,,,Goundaye Centre de Santé Integre,,,SOC.SANTE.CENTRE,,,,MAINA2019,14.703512,10.022344
RAPP_003099,1,MAINA2019,False,False,True,,,SSA_MFL/ligne_6424,,,Gouzda Wayam Centre de Santé Integre,,,SOC.SANTE.CENTRE,,,,MAINA2019,13.824446,10.859689
RAPP_003100,1,MAINA2019,False,False,True,,,SSA_MFL/ligne_6425,,,Guego Centre de Santé Integre,,,SOC.SANTE.CENTRE,,,,MAINA2019,14.683707,10.08878
RAPP_003101,1,MAINA2019,False,False,True,,,SSA_MFL/ligne_6426,,,Guere Hôpital de District,,,SOC.SANTE.HOPITAL,,,,MAINA2019,15.273661,10.023011
RAPP_003102,1,MAINA2019,False,False,True,,,SSA_MFL/ligne_6427,,,Guereme Centre de Santé Integre,,,SOC.SANTE.CENTRE,,,,MAINA2019,14.533754,10.0433
RAPP_003103,1,MAINA2019,False,False,True,,,SSA_MFL/ligne_6428,,,Guibi Centre de Santé Integre,,,SOC.SANTE.CENTRE,,,,MAINA2019,15.262611,10.017231
RAPP_003104,1,MAINA2019,False,False,True,,,SSA_MFL/ligne_6429,,,Guidiguis Centre de Santé Integre,,,SOC.SANTE.CENTRE,,,,MAINA2019,14.711309,10.126376
RAPP_003105,1,MAINA2019,False,False,True,,,SSA_MFL/ligne_6430,,,Guidiguis Hôpital de District,,,SOC.SANTE.HOPITAL,,,,MAINA2019,14.710547,10.137512
RAPP_003106,1,MAINA2019,False,False,True,,,SSA_MFL/ligne_6431,,,Guili 1 Centre de Santé Integre,,,SOC.SANTE.CENTRE,,,,MAINA2019,13.557723,10.341133
RAPP_003107,1,MAINA2019,False,False,True,,,SSA_MFL/ligne_6432,,,Guinggley Centre de Santé Integre,,,SOC.SANTE.CENTRE,,,,MAINA2019,14.679535,10.773229
RAPP_003108,1,MAINA2019,False,False,True,,,SSA_MFL/ligne_6433,,,Guiriou Grand Centre de Santé Integre,,,SOC.SANTE.CENTRE,,,,MAINA2019,15.360214,10.027622
RAPP_003109,1,MAINA2019,False,False,True,,,SSA_MFL/ligne_6434,,,Guirle Centre de Santé Integre,,,SOC.SANTE.CENTRE,,,,MAINA2019,14.648892,10.611413
RAPP_003110,1,MAINA2019,False,False,True,,,SSA_MFL/ligne_6435,,,Guirling Centre de Santé Integre,,,SOC.SANTE.CENTRE,,,,MAINA2019,14.811951,10.277085
RAPP_003111,1,MAINA2019,False,False,True,,,SSA_MFL/ligne_6436,,,Guirvidig Centre de Santé Integre,,,SOC.SANTE.CENTRE,,,,MAINA2019,14.824198,10.868358
RAPP_003112,1,MAINA2019,False,False,True,,,SSA_MFL/ligne_6437,,,Guissia Centre de Santé Integre,,,SOC.SANTE.CENTRE,,,,MAINA2019,15.071098,10.110877
RAPP_003113,1,MAINA2019,False,False,True,,,SSA_MFL/ligne_6439,,,Hile Alifa Centre Médical d'Arrondissement,,,SOC.SANTE.CENTRE,,,,MAINA2019,14.311698,12.688471
RAPP_003114,1,MAINA2019,False,False,True,,,SSA_MFL/ligne_6440,,,Hilele Centre de Santé Integre,,,SOC.SANTE.CENTRE,,,,MAINA2019,14.759458,12.656503
RAPP_003115,1,MAINA2019,False,False,True,,,SSA_MFL/ligne_6441,,,Hina Centre de Santé Integre,,,SOC.SANTE.CENTRE,,,,MAINA2019,13.854367,10.362823
RAPP_003116,1,MAINA2019,False,False,True,,,SSA_MFL/ligne_6442,,,Hina Hôpital de District,,,SOC.SANTE.HOPITAL,,,,MAINA2019,13.85551,10.364537
RAPP_003117,1,MAINA2019,False,False,True,,,SSA_MFL/ligne_6443,,,Hirche Centre de Santé Integre,,,SOC.SANTE.CENTRE,,,,MAINA2019,14.008521,10.884055
RAPP_003118,1,MAINA2019,False,False,True,,,SSA_MFL/ligne_6444,,,Horlong Centre de Santé Integre,,,SOC.SANTE.CENTRE,,,,MAINA2019,14.664008,10.204178
RAPP_003119,1,MAINA2019,False,False,True,,,SSA_MFL/ligne_6445,,,Hougno Centre de Santé Integre,,,SOC.SANTE.CENTRE,,,,MAINA2019,15.305686,10.325879
RAPP_003120,1,MAINA2019,False,False,True,,,SSA_MFL/ligne_6446,,,Houpou Centre de Santé Integre,,,SOC.SANTE.CENTRE,,,,MAINA2019,13.721783,10.487097
RAPP_003121,1,MAINA2019,False,False,True,,,SSA_MFL/ligne_6447,,,Kabla Centre de Santé Integre,,,SOC.SANTE.CENTRE,,,,MAINA2019,14.849202,10.260844
RAPP_003122,1,MAINA2019,False,False,True,,,SSA_MFL/ligne_6448,,,Kada A Centre de Santé Integre,,,SOC.SANTE.CENTRE,,,,MAINA2019,14.900093,10.092607
RAPP_003123,1,MAINA2019,False,False,True,,,SSA_MFL/ligne_6449,,,Kaele Centre de Santé Integre,,,SOC.SANTE.CENTRE,,,,MAINA2019,14.471967,10.096187
RAPP_003124,1,MAINA2019,False,False,True,,,SSA_MFL/ligne_6450,,,Kaele Hôpital de District,,,SOC.SANTE.HOPITAL,,,,MAINA2019,14.4408,10.1067
RAPP_003125,1,MAINA2019,False,False,True,,,SSA_MFL/ligne_6451,,,Kaewo Centre de Santé Integre,,,SOC.SANTE.CENTRE,,,,MAINA2019,14.468514,10.544216
RAPP_003126,1,MAINA2019,False,False,True,,,SSA_MFL/ligne_6452,,,Kai Kai Centre Médical d'Arrondissement,,,SOC.SANTE.CENTRE,,,,MAINA2019,15.032841,10.654495
RAPP_003127,1,MAINA2019,False,False,True,,,SSA_MFL/ligne_6453,,,Kalakafra Centre de Santé Integre,,,SOC.SANTE.CENTRE,,,,MAINA2019,14.846544,12.086163
RAPP_003128,1,MAINA2019,False,False,True,,,SSA_MFL/ligne_6454,,,Kalfou Centre Médical d'Arrondissement,,,SOC.SANTE.CENTRE,,,,MAINA2019,14.937276,10.274936
RAPP_003129,1,MAINA2019,False,False,True,,,SSA_MFL/ligne_6455,,,Kalliao Centre de Santé Integre,,,SOC.SANTE.CENTRE,,,,MAINA2019,14.205903,10.602068
RAPP_003130,1,MAINA2019,False,False,True,,,SSA_MFL/ligne_6456,,,Kani Centre de Santé Integre,,,SOC.SANTE.CENTRE,,,,MAINA2019,14.4413,10.1247
RAPP_003131,1,MAINA2019,False,False,True,,,SSA_MFL/ligne_6457,,,Kar Hay Hôpital de District,,,SOC.SANTE.HOPITAL,,,,MAINA2019,14.975046,10.1041
RAPP_003132,1,MAINA2019,False,False,True,,,SSA_MFL/ligne_6458,,,Karam Centre de Santé Integre,,,SOC.SANTE.CENTRE,,,,MAINA2019,15.631324,9.997724
RAPP_003133,1,MAINA2019,False,False,True,,,SSA_MFL/ligne_6459,,,Kartoua Centre de Santé Integre,,,SOC.SANTE.CENTRE,,,,MAINA2019,15.235317,10.456699
RAPP_003134,1,MAINA2019,False,False,True,,,SSA_MFL/ligne_6460,,,Katoual Centre de Santé Integre,,,SOC.SANTE.CENTRE,,,,MAINA2019,14.206833,10.516158
RAPP_003135,1,MAINA2019,False,False,True,,,SSA_MFL/ligne_6461,,,Keleo Centre de Santé Integre,,,SOC.SANTE.CENTRE,,,,MAINA2019,14.905308,10.85479
RAPP_003136,1,MAINA2019,False,False,True,,,SSA_MFL/ligne_6462,,,Kerawa Centre de Santé Integre,,,SOC.SANTE.CENTRE,,,,MAINA2019,13.915913,11.184171
RAPP_003137,1,MAINA2019,False,False,True,,,SSA_MFL/ligne_6463,,,Kila Centre de Santé Integre,,,SOC.SANTE.CENTRE,,,,MAINA2019,13.623764,10.446407
RAPP_003138,1,MAINA2019,False,False,True,,,SSA_MFL/ligne_6464,,,Kobro Centre de Santé Integre,,,SOC.SANTE.CENTRE,,,,MAINA2019,14.7,12.6667
RAPP_003139,1,MAINA2019,False,False,True,,,SSA_MFL/ligne_6465,,,Kodek Centre Médical d'Arrondissement,,,SOC.SANTE.CENTRE,,,,MAINA2019,14.418823,10.656954
RAPP_003140,1,MAINA2019,False,False,True,,,SSA_MFL/ligne_6467,,,Kofide Centre de Santé Integre,,,SOC.SANTE.CENTRE,,,,MAINA2019,14.777192,10.201767
RAPP_003141,1,MAINA2019,False,False,True,,,SSA_MFL/ligne_6468,,,Kolara Centre de Santé Integre,,,SOC.SANTE.CENTRE,,,,MAINA2019,14.642117,10.254861
RAPP_003142,1,MAINA2019,False,False,True,,,SSA_MFL/ligne_6469,,,Kolofata Centre de Santé Integre,,,SOC.SANTE.CENTRE,,,,MAINA2019,14.015196,11.170776
RAPP_003143,1,MAINA2019,False,False,True,,,SSA_MFL/ligne_6470,,,Korre Centre de Santé Integre,,,SOC.SANTE.CENTRE,,,,MAINA2019,14.716061,10.453832
RAPP_003144,1,MAINA2019,False,False,True,,,SSA_MFL/ligne_6471,,,Kortchi Centre de Santé Integre,,,SOC.SANTE.CENTRE,,,,MAINA2019,13.767059,10.5798
RAPP_003145,1,MAINA2019,False,False,True,,,SSA_MFL/ligne_6472,,,Kossa Centre de Santé Integre,,,SOC.SANTE.CENTRE,,,,MAINA2019,14.3253,11.1245
RAPP_003146,1,MAINA2019,False,False,True,,,SSA_MFL/ligne_6473,,,Kossehone Centre de Santé Integre,,,SOC.SANTE.CENTRE,,,,MAINA2019,13.657628,10.714535
RAPP_003147,1,MAINA2019,False,False,True,,,SSA_MFL/ligne_6474,,,Kossewa Centre de Santé Integre,,,SOC.SANTE.CENTRE,,,,MAINA2019,14.359521,10.707281
RAPP_003148,1,MAINA2019,False,False,True,,,SSA_MFL/ligne_6475,,,Kotraba Centre de Santé Integre,,,SOC.SANTE.CENTRE,,,,MAINA2019,14.052873,10.83716
RAPP_003149,1,MAINA2019,False,False,True,,,SSA_MFL/ligne_6476,,,Kourbi Centre de Santé Integre,,,SOC.SANTE.CENTRE,,,,MAINA2019,14.628808,10.137819
RAPP_003150,1,MAINA2019,False,False,True,,,SSA_MFL/ligne_6477,,,Kourgui Centre de Santé Integre,,,SOC.SANTE.CENTRE,,,,MAINA2019,14.115068,11.081148
RAPP_003151,1,MAINA2019,False,False,True,,,SSA_MFL/ligne_6478,,,Kouro-Mokdaye Centre de Santé Integre,,,SOC.SANTE.CENTRE,,,,MAINA2019,15.1299,10.4651
RAPP_003152,1,MAINA2019,False,False,True,,,SSA_MFL/ligne_6479,,,Kousseri Hôpital de District,,,SOC.SANTE.HOPITAL,,,,MAINA2019,15.0306,12.0769
RAPP_003153,1,MAINA2019,False,False,True,,,SSA_MFL/ligne_6480,,,Kouyape Centre de Santé Integre,,,SOC.SANTE.CENTRE,,,,MAINA2019,14.029061,11.055502
RAPP_003154,1,MAINA2019,False,False,True,,,SSA_MFL/ligne_6481,,,Koza 1 Centre de Santé Integre,,,SOC.SANTE.CENTRE,,,,MAINA2019,13.89564,10.880248
RAPP_003155,1,MAINA2019,False,False,True,,,SSA_MFL/ligne_6482,,,Koza 2 Centre de Santé Integre,,,SOC.SANTE.CENTRE,,,,MAINA2019,13.88536,10.869588
RAPP_003156,1,MAINA2019,False,False,True,,,SSA_MFL/ligne_6483,,,Laf Centre de Santé Integre,,,SOC.SANTE.CENTRE,,,,MAINA2019,14.219247,10.252758
RAPP_003157,1,MAINA2019,False,False,True,,,SSA_MFL/ligne_6484,,,Lara Centre de Santé Integre,,,SOC.SANTE.CENTRE,,,,MAINA2019,14.514577,10.167476
RAPP_003158,1,MAINA2019,False,False,True,,,SSA_MFL/ligne_6485,,,Lawan Centre de Santé Integre,,,SOC.SANTE.CENTRE,,,,MAINA2019,14.446556,10.682753
RAPP_003159,1,MAINA2019,False,False,True,,,SSA_MFL/ligne_6486,,,Ldiri Centre de Santé Integre,,,SOC.SANTE.CENTRE,,,,MAINA2019,13.679395,10.423491
RAPP_003160,1,MAINA2019,False,False,True,,,SSA_MFL/ligne_6487,,,Ldubam Centre de Santé Integre,,,SOC.SANTE.CENTRE,,,,MAINA2019,13.703066,10.82781
RAPP_003161,1,MAINA2019,False,False,True,,,SSA_MFL/ligne_6488,,,Limani Centre de Santé Integre,,,SOC.SANTE.CENTRE,,,,MAINA2019,14.124272,11.229388
RAPP_003162,1,MAINA2019,False,False,True,,,SSA_MFL/ligne_6489,,,Logone Birni Centre Médical d'Arrondissement,,,SOC.SANTE.CENTRE,,,,MAINA2019,15.104183,11.780831
RAPP_003163,1,MAINA2019,False,False,True,,,SSA_MFL/ligne_6490,,,Lopere Centre de Santé Integre,,,SOC.SANTE.CENTRE,,,,MAINA2019,14.324596,10.593965
RAPP_003164,1,MAINA2019,False,False,True,,,SSA_MFL/ligne_6491,,,Loubour Centre de Santé Integre,,,SOC.SANTE.CENTRE,,,,MAINA2019,14.356314,10.438912
RAPP_003165,1,MAINA2019,False,False,True,,,SSA_MFL/ligne_6492,,,Loulou Centre de Santé Integre,,,SOC.SANTE.CENTRE,,,,MAINA2019,14.041675,10.40809
RAPP_003166,1,MAINA2019,False,False,True,,,SSA_MFL/ligne_6493,,,Mada Centre de Santé Integre,,,SOC.SANTE.CENTRE,,,,MAINA2019,14.474637,12.634319
RAPP_003167,1,MAINA2019,False,False,True,,,SSA_MFL/ligne_6494,,,Mada Hôpital de District,,,SOC.SANTE.HOPITAL,,,,MAINA2019,14.476145,12.631756
RAPP_003168,1,MAINA2019,False,False,True,,,SSA_MFL/ligne_6495,,,Mada Kolkoch Centre de Santé Integre,,,SOC.SANTE.CENTRE,,,,MAINA2019,14.134784,10.909567
RAPP_003169,1,MAINA2019,False,False,True,,,SSA_MFL/ligne_6496,,,Madaka Centre de Santé Integre,,,SOC.SANTE.CENTRE,,,,MAINA2019,14.55,10.75
RAPP_003170,1,MAINA2019,False,False,True,,,SSA_MFL/ligne_6497,,,Madaka-Chechem Centre de Santé Integre,,,SOC.SANTE.CENTRE,,,,MAINA2019,13.8408,10.7451
RAPP_003171,1,MAINA2019,False,False,True,,,SSA_MFL/ligne_6498,,,Madakonai Centre de Santé Integre,,,SOC.SANTE.CENTRE,,,,MAINA2019,14.029053,10.781751
RAPP_003172,1,MAINA2019,False,False,True,,,SSA_MFL/ligne_6499,,,Madalam Centre de Santé Integre,,,SOC.SANTE.CENTRE,,,,MAINA2019,15.047118,10.54504
RAPP_003173,1,MAINA2019,False,False,True,,,SSA_MFL/ligne_6500,,,Madana Centre de Santé Integre,,,SOC.SANTE.CENTRE,,,,MAINA2019,15.051702,12.056077
RAPP_003174,1,MAINA2019,False,False,True,,,SSA_MFL/ligne_6501,,,Maga Centre de Santé Integre,,,SOC.SANTE.CENTRE,,,,MAINA2019,14.93923,10.834889
RAPP_003175,1,MAINA2019,False,False,True,,,SSA_MFL/ligne_6502,,,Magdeme Centre de Santé Integre,,,SOC.SANTE.CENTRE,,,,MAINA2019,14.144323,11.04144
RAPP_003176,1,MAINA2019,False,False,True,,,SSA_MFL/ligne_6503,,,Magoumaz Centre de Santé Integre,,,SOC.SANTE.CENTRE,,,,MAINA2019,13.776387,10.810686
RAPP_003177,1,MAINA2019,False,False,True,,,SSA_MFL/ligne_6504,,,Makabaye Centre de Santé Integre,,,SOC.SANTE.CENTRE,,,,MAINA2019,14.303957,10.569309
RAPP_003178,1,MAINA2019,False,False,True,,,SSA_MFL/ligne_6505,,,Makalingai Centre de Santé Integre,,,SOC.SANTE.CENTRE,,,,MAINA2019,14.2332,10.8615
RAPP_003179,1,MAINA2019,False,False,True,,,SSA_MFL/ligne_6506,,,Makary Centre de Santé Integre,,,SOC.SANTE.CENTRE,,,,MAINA2019,14.458939,12.576783
RAPP_003180,1,MAINA2019,False,False,True,,,SSA_MFL/ligne_6507,,,Makary Hôpital de District,,,SOC.SANTE.HOPITAL,,,,MAINA2019,14.4548,12.5734
RAPP_003181,1,MAINA2019,False,False,True,,,SSA_MFL/ligne_6508,,,Makebi Centre de Santé Integre,,,SOC.SANTE.CENTRE,,,,MAINA2019,14.522572,10.13797
RAPP_003182,1,MAINA2019,False,False,True,,,SSA_MFL/ligne_6509,,,Malam Petel Centre de Santé Integre,,,SOC.SANTE.CENTRE,,,,MAINA2019,14.440339,10.812043
RAPP_003183,1,MAINA2019,False,False,True,,,SSA_MFL/ligne_6510,,,Maltam Centre de Santé Integre,,,SOC.SANTE.CENTRE,,,,MAINA2019,14.8364,12.1731
RAPP_003184,1,MAINA2019,False,False,True,,,SSA_MFL/ligne_6511,,,Mambeza Centre de Santé Integre,,,SOC.SANTE.CENTRE,,,,MAINA2019,14.079784,10.823097
RAPP_003185,1,MAINA2019,False,False,True,,,SSA_MFL/ligne_6512,,,Mandaigoum Centre de Santé Integre,,,SOC.SANTE.CENTRE,,,,MAINA2019,14.776725,10.063577
RAPP_003186,1,MAINA2019,False,False,True,,,SSA_MFL/ligne_6513,,,Mandak Chechem Centre de Santé Integre,,,SOC.SANTE.CENTRE,,,,MAINA2019,13.867701,10.6993
RAPP_003187,1,MAINA2019,False,False,True,,,SSA_MFL/ligne_6514,,,Manga Centre de Santé Integre,,,SOC.SANTE.CENTRE,,,,MAINA2019,14.840317,10.627783
RAPP_003188,1,MAINA2019,False,False,True,,,SSA_MFL/ligne_6515,,,Mangave Dalil Centre de Santé Integre,,,SOC.SANTE.CENTRE,,,,MAINA2019,14.267703,10.921585
RAPP_003189,1,MAINA2019,False,False,True,,,SSA_MFL/ligne_6516,,,Maoudine Centre de Santé Integre,,,SOC.SANTE.CENTRE,,,,MAINA2019,14.521493,10.433914
RAPP_003190,1,MAINA2019,False,False,True,,,SSA_MFL/ligne_6517,,,Mapoussere Centre de Santé Integre,,,SOC.SANTE.CENTRE,,,,MAINA2019,14.49221,10.144728
RAPP_003191,1,MAINA2019,False,False,True,,,SSA_MFL/ligne_6518,,,Mara Centre de Santé Integre,,,SOC.SANTE.CENTRE,,,,MAINA2019,14.903356,12.217776
RAPP_003192,1,MAINA2019,False,False,True,,,SSA_MFL/ligne_6519,,,Marnguirdla Centre de Santé Integre,,,SOC.SANTE.CENTRE,,,,MAINA2019,14.070297,10.692878
RAPP_003193,1,MAINA2019,False,False,True,,,SSA_MFL/ligne_6520,,,Maroua Hôpital Regional,,,SOC.SANTE.HOPITAL,,,,MAINA2019,14.311761,10.586845
RAPP_003194,1,MAINA2019,False,False,True,,,SSA_MFL/ligne_6521,,,Mass Gaya Centre de Santé Integre,,,SOC.SANTE.CENTRE,,,,MAINA2019,15.211059,10.203024
RAPP_003195,1,MAINA2019,False,False,True,,,SSA_MFL/ligne_6522,,,Massa Koutweita Centre de Santé Integre,,,SOC.SANTE.CENTRE,,,,MAINA2019,15.486227,10.099974
RAPP_003196,1,MAINA2019,False,False,True,,,SSA_MFL/ligne_6523,,,Massakal Centre de Santé Integre,,,SOC.SANTE.CENTRE,,,,MAINA2019,14.076523,10.596484
RAPP_003197,1,MAINA2019,False,False,True,,,SSA_MFL/ligne_6524,,,Massare Centre de Santé Integre,,,SOC.SANTE.CENTRE,,,,MAINA2019,14.155816,11.040103
RAPP_003198,1,MAINA2019,False,False,True,,,SSA_MFL/ligne_6525,,,Matfai Centre de Santé Integre,,,SOC.SANTE.CENTRE,,,,MAINA2019,14.395231,10.477567
RAPP_003199,1,MAINA2019,False,False,True,,,SSA_MFL/ligne_6526,,,Mavoumai Centre de Santé Integre,,,SOC.SANTE.CENTRE,,,,MAINA2019,13.749442,10.754741
RAPP_003200,1,MAINA2019,False,False,True,,,SSA_MFL/ligne_6527,,,Mayo Ouldeme Centre de Santé Integre,,,SOC.SANTE.CENTRE,,,,MAINA2019,14.136093,10.939072
RAPP_003201,1,MAINA2019,False,False,True,,,SSA_MFL/ligne_6528,,,Mazera Centre de Santé Integre,,,SOC.SANTE.CENTRE,,,,MAINA2019,15.030187,11.150723
RAPP_003202,1,MAINA2019,False,False,True,,,SSA_MFL/ligne_6529,,,Medere Centre de Santé Integre,,,SOC.SANTE.CENTRE,,,,MAINA2019,13.98731,10.663221
RAPP_003203,1,MAINA2019,False,False,True,,,SSA_MFL/ligne_6530,,,Meftek Ouzzang Centre de Santé Integre,,,SOC.SANTE.CENTRE,,,,MAINA2019,14.111037,10.638236
RAPP_003204,1,MAINA2019,False,False,True,,,SSA_MFL/ligne_6531,,,Mehe Centre de Santé Integre,,,SOC.SANTE.CENTRE,,,,MAINA2019,14.165334,11.052
RAPP_003205,1,MAINA2019,False,False,True,,,SSA_MFL/ligne_6532,,,Meme Centre de Santé Integre,,,SOC.SANTE.CENTRE,,,,MAINA2019,14.175744,11.00917
RAPP_003206,1,MAINA2019,False,False,True,,,SSA_MFL/ligne_6533,,,Mendeo Centre de Santé Integre,,,SOC.SANTE.CENTRE,,,,MAINA2019,14.44369,10.330779
RAPP_003207,1,MAINA2019,False,False,True,,,SSA_MFL/ligne_6534,,,Meri Centre de Santé Integre,,,SOC.SANTE.CENTRE,,,,MAINA2019,14.13144,10.750307
RAPP_003208,1,MAINA2019,False,False,True,,,SSA_MFL/ligne_6535,,,Meskine Centre de Santé Integre,,,SOC.SANTE.CENTRE,,,,MAINA2019,14.26438,10.554217
RAPP_003209,1,MAINA2019,False,False,True,,,SSA_MFL/ligne_6536,,,Meskine Centre Médical d'Arrondissement,,,SOC.SANTE.CENTRE,,,,MAINA2019,14.256385,10.553646
RAPP_003210,1,MAINA2019,False,False,True,,,SSA_MFL/ligne_6537,,,Midjivin Centre de Santé Integre,,,SOC.SANTE.CENTRE,,,,MAINA2019,14.34559,10.16592
RAPP_003211,1,MAINA2019,False,False,True,,,SSA_MFL/ligne_6538,,,Midre Centre de Santé Integre,,,SOC.SANTE.CENTRE,,,,MAINA2019,13.8665,10.8083
RAPP_003212,1,MAINA2019,False,False,True,,,SSA_MFL/ligne_6539,,,Minawao Centre de Santé Integre,,,SOC.SANTE.CENTRE,,,,MAINA2019,13.8608,10.557722
RAPP_003213,1,MAINA2019,False,False,True,,,SSA_MFL/ligne_6540,,,Mindif Centre de Santé Integre,,,SOC.SANTE.CENTRE,,,,MAINA2019,14.437854,10.403414
RAPP_003214,1,MAINA2019,False,False,True,,,SSA_MFL/ligne_6541,,,Mindif Hôpital de District,,,SOC.SANTE.HOPITAL,,,,MAINA2019,14.4377,10.4011
RAPP_003215,1,MAINA2019,False,False,True,,,SSA_MFL/ligne_6542,,,Mindjil Centre de Santé Integre,,,SOC.SANTE.CENTRE,,,,MAINA2019,14.280994,10.041805
RAPP_003216,1,MAINA2019,False,False,True,,,SSA_MFL/ligne_6543,,,Modjombodi Centre de Santé Integre,,,SOC.SANTE.CENTRE,,,,MAINA2019,14.403436,10.303491
RAPP_003217,1,MAINA2019,False,False,True,,,SSA_MFL/ligne_6544,,,Mogode Centre de Santé Integre,,,SOC.SANTE.CENTRE,,,,MAINA2019,13.572278,10.602283
RAPP_003218,1,MAINA2019,False,False,True,,,SSA_MFL/ligne_6545,,,Mogode Hôpital de District,,,SOC.SANTE.HOPITAL,,,,MAINA2019,13.572429,10.599569
RAPP_003219,1,MAINA2019,False,False,True,,,SSA_MFL/ligne_6546,,,Mogom Centre de Santé Integre,,,SOC.SANTE.CENTRE,,,,MAINA2019,14.947994,10.165331
RAPP_003220,1,MAINA2019,False,False,True,,,SSA_MFL/ligne_6547,,,Mogom Centre de Santé Integre,,,SOC.SANTE.CENTRE,,,,MAINA2019,14.4254,10.5147
RAPP_003221,1,MAINA2019,False,False,True,,,SSA_MFL/ligne_6548,,,Mokio Centre de Santé Integre,,,SOC.SANTE.CENTRE,,,,MAINA2019,14.261052,10.808864
RAPP_003222,1,MAINA2019,False,False,True,,,SSA_MFL/ligne_6549,,,Mokolo 1 Centre de Santé Integre,,,SOC.SANTE.CENTRE,,,,MAINA2019,13.816304,10.734992
RAPP_003223,1,MAINA2019,False,False,True,,,SSA_MFL/ligne_6550,,,Mokolo 2 Centre de Santé Integre,,,SOC.SANTE.CENTRE,,,,MAINA2019,13.821063,10.773777
RAPP_003224,1,MAINA2019,False,False,True,,,SSA_MFL/ligne_6551,,,Mokolo Hôpital de District,,,SOC.SANTE.HOPITAL,,,,MAINA2019,13.8014,10.7438
RAPP_003225,1,MAINA2019,False,False,True,,,SSA_MFL/ligne_6552,,,Mokong Centre de Santé Integre,,,SOC.SANTE.CENTRE,,,,MAINA2019,14.04616,10.569381
RAPP_003226,1,MAINA2019,False,False,True,,,SSA_MFL/ligne_6553,,,Mora Centre de Santé Integre,,,SOC.SANTE.CENTRE,,,,MAINA2019,14.145608,11.042653
RAPP_003227,1,MAINA2019,False,False,True,,,SSA_MFL/ligne_6554,,,Mora Hôpital de District,,,SOC.SANTE.HOPITAL,,,,MAINA2019,14.144395,11.042511
RAPP_003228,1,MAINA2019,False,False,True,,,SSA_MFL/ligne_6555,,,Mordok Centre de Santé Integre,,,SOC.SANTE.CENTRE,,,,MAINA2019,14.086489,10.198781
RAPP_003229,1,MAINA2019,False,False,True,,,SSA_MFL/ligne_6556,,,Morsok Centre de Santé,,,SOC.SANTE.CENTRE,,,,MAINA2019,14.066,10.1879
RAPP_003230,1,MAINA2019,False,False,True,,,SSA_MFL/ligne_6557,,,Moskota Centre de Santé Integre,,,SOC.SANTE.CENTRE,,,,MAINA2019,13.879643,10.944189
RAPP_003231,1,MAINA2019,False,False,True,,,SSA_MFL/ligne_6558,,,Moubare Centre de Santé Integre,,,SOC.SANTE.CENTRE,,,,MAINA2019,14.511674,10.109869
RAPP_003232,1,MAINA2019,False,False,True,,,SSA_MFL/ligne_6559,,,Mouda Centre de Santé Integre,,,SOC.SANTE.CENTRE,,,,MAINA2019,14.233955,10.352348
RAPP_003233,1,MAINA2019,False,False,True,,,SSA_MFL/ligne_6560,,,Moulvoudaye Centre de Santé Integre,,,SOC.SANTE.CENTRE,,,,MAINA2019,14.851988,10.39732
RAPP_003234,1,MAINA2019,False,False,True,,,SSA_MFL/ligne_6561,,,Moulvoudaye Hôpital de District,,,SOC.SANTE.HOPITAL,,,,MAINA2019,14.856985,10.397558
RAPP_003235,1,MAINA2019,False,False,True,,,SSA_MFL/ligne_6562,,,Moumou Centre de Santé Integre,,,SOC.SANTE.CENTRE,,,,MAINA2019,14.3194,10.119
RAPP_003236,1,MAINA2019,False,False,True,,,SSA_MFL/ligne_6563,,,Mourla Centre de Santé Integre,,,SOC.SANTE.CENTRE,,,,MAINA2019,15.083003,10.884441
RAPP_003237,1,MAINA2019,False,False,True,,,SSA_MFL/ligne_6564,,,Moutourwa Hôpital de District,,,SOC.SANTE.HOPITAL,,,,MAINA2019,14.1807,10.199363
RAPP_003238,1,MAINA2019,False,False,True,,,SSA_MFL/ligne_6565,,,Mozogo Centre Médical d'Arrondissement,,,SOC.SANTE.CENTRE,,,,MAINA2019,13.90972,10.957228
RAPP_003239,1,MAINA2019,False,False,True,,,SSA_MFL/ligne_6566,,,Mtskar Centre de Santé Integre,,,SOC.SANTE.CENTRE,,,,MAINA2019,13.808807,10.898146
RAPP_003240,1,MAINA2019,False,False,True,,,SSA_MFL/ligne_6567,,,Nadji Centre de Santé Integre,,,SOC.SANTE.CENTRE,,,,MAINA2019,14.614562,12.626529
RAPP_003241,1,MAINA2019,False,False,True,,,SSA_MFL/ligne_6568,,,Naga Centre de Santé Integre,,,SOC.SANTE.CENTRE,,,,MAINA2019,14.299075,12.765167
RAPP_003242,1,MAINA2019,False,False,True,,,SSA_MFL/ligne_6569,,,Ndimche Centre de Santé Integre,,,SOC.SANTE.CENTRE,,,,MAINA2019,13.954814,10.816206
RAPP_003243,1,MAINA2019,False,False,True,,,SSA_MFL/ligne_6570,,,Ndjagare Centre de Santé Integre,,,SOC.SANTE.CENTRE,,,,MAINA2019,14.989645,12.027333
RAPP_003244,1,MAINA2019,False,False,True,,,SSA_MFL/ligne_6571,,,Ndoukoula Centre de Santé Integre,,,SOC.SANTE.CENTRE,,,,MAINA2019,14.041957,10.272314
RAPP_003245,1,MAINA2019,False,False,True,,,SSA_MFL/ligne_6572,,,Ndouvgui Kilda Centre de Santé Integre,,,SOC.SANTE.CENTRE,,,,MAINA2019,13.924003,10.845793
RAPP_003246,1,MAINA2019,False,False,True,,,SSA_MFL/ligne_6573,,,Ngarmasse Centre de Santé Integre,,,SOC.SANTE.CENTRE,,,,MAINA2019,14.618979,10.059913
RAPP_003247,1,MAINA2019,False,False,True,,,SSA_MFL/ligne_6574,,,Ngassa Centre de Santé Integre,,,SOC.SANTE.CENTRE,,,,MAINA2019,14.364657,10.569356
RAPP_003248,1,MAINA2019,False,False,True,,,SSA_MFL/ligne_6575,,,Ngodeni Centre de Santé Integre,,,SOC.SANTE.CENTRE,,,,MAINA2019,14.997659,11.384341
RAPP_003249,1,MAINA2019,False,False,True,,,SSA_MFL/ligne_6576,,,Ngoulmoun Centre de Santé Integre,,,SOC.SANTE.CENTRE,,,,MAINA2019,14.998056,10.906808
RAPP_003250,1,MAINA2019,False,False,True,,,SSA_MFL/ligne_6577,,,Ngouma Centre de Santé Integre,,,SOC.SANTE.CENTRE,,,,MAINA2019,14.297065,12.619829
RAPP_003251,1,MAINA2019,False,False,True,,,SSA_MFL/ligne_6578,,,Nguetchewe Centre de Santé Integre,,,SOC.SANTE.CENTRE,,,,MAINA2019,13.941625,10.992207
RAPP_003252,1,MAINA2019,False,False,True,,,SSA_MFL/ligne_6579,,,Noubou Centre de Santé Integre,,,SOC.SANTE.CENTRE,,,,MAINA2019,14.124509,10.314671
RAPP_003253,1,MAINA2019,False,False,True,,,SSA_MFL/ligne_6580,,,Nouldaina Centre de Santé Integre,,,SOC.SANTE.CENTRE,,,,MAINA2019,15.532312,10.059011
RAPP_003254,1,MAINA2019,False,False,True,,,SSA_MFL/ligne_6581,,,Oudava Centre de Santé Integre,,,SOC.SANTE.CENTRE,,,,MAINA2019,13.735336,10.709201
RAPP_003255,1,MAINA2019,False,False,True,,,SSA_MFL/ligne_6582,,,Oudda Centre de Santé Integre,,,SOC.SANTE.CENTRE,,,,MAINA2019,13.6181,10.3525
RAPP_003256,1,MAINA2019,False,False,True,,,SSA_MFL/ligne_6583,,,Oudjilla Centre de Santé Integre,,,SOC.SANTE.CENTRE,,,,MAINA2019,14.094545,11.002924
RAPP_003257,1,MAINA2019,False,False,True,,,SSA_MFL/ligne_6584,,,Oulargo Centre de Santé Integre,,,SOC.SANTE.CENTRE,,,,MAINA2019,15.02803,10.056507
RAPP_003258,1,MAINA2019,False,False,True,,,SSA_MFL/ligne_6585,,,Ounangare Dimeo Centre de Santé Integre,,,SOC.SANTE.CENTRE,,,,MAINA2019,13.937363,10.554484
RAPP_003259,1,MAINA2019,False,False,True,,,SSA_MFL/ligne_6586,,,Ouro Tada Centre de Santé Integre,,,SOC.SANTE.CENTRE,,,,MAINA2019,13.782754,10.73285
RAPP_003260,1,MAINA2019,False,False,True,,,SSA_MFL/ligne_6587,,,Ouro Tchede Centre de Santé Integre,,,SOC.SANTE.CENTRE,,,,MAINA2019,14.29619,10.582905
RAPP_003261,1,MAINA2019,False,False,True,,,SSA_MFL/ligne_6588,,,Ouro Zangui Centre de Santé Integre,,,SOC.SANTE.CENTRE,,,,MAINA2019,14.51577,10.504812
RAPP_003262,1,MAINA2019,False,False,True,,,SSA_MFL/ligne_6589,,,Ouzal Centre de Santé Integre,,,SOC.SANTE.CENTRE,,,,MAINA2019,13.829776,10.916141
RAPP_003263,1,MAINA2019,False,False,True,,,SSA_MFL/ligne_6590,,,Palar Centre de Santé Integre,,,SOC.SANTE.CENTRE,,,,MAINA2019,14.284854,10.595669
RAPP_003264,1,MAINA2019,False,False,True,,,SSA_MFL/ligne_6591,,,Palbara Centre de Santé Integre,,,SOC.SANTE.CENTRE,,,,MAINA2019,14.186349,10.914614
RAPP_003265,1,MAINA2019,False,False,True,,,SSA_MFL/ligne_6592,,,Palia Centre de Santé Integre,,,SOC.SANTE.CENTRE,,,,MAINA2019,15.055573,10.847198
RAPP_003266,1,MAINA2019,False,False,True,,,SSA_MFL/ligne_6593,,,Papata Centre de Santé Integre,,,SOC.SANTE.CENTRE,,,,MAINA2019,14.362198,10.780747
RAPP_003267,1,MAINA2019,False,False,True,,,SSA_MFL/ligne_6594,,,Parpar Centre de Santé Integre,,,SOC.SANTE.CENTRE,,,,MAINA2019,15.033094,12.064748
RAPP_003268,1,MAINA2019,False,False,True,,,SSA_MFL/ligne_6595,,,Pette Centre Médical d'Arrondissement,,,SOC.SANTE.CENTRE,,,,MAINA2019,14.496343,10.954065
RAPP_003269,1,MAINA2019,False,False,True,,,SSA_MFL/ligne_6596,,,Pette Hôpital de District,,,SOC.SANTE.HOPITAL,,,,MAINA2019,14.498001,10.96884
RAPP_003270,1,MAINA2019,False,False,True,,,SSA_MFL/ligne_6597,,,Pisl Bamare Centre de Santé Integre,,,SOC.SANTE.CENTRE,,,,MAINA2019,14.339433,10.594446
RAPP_003271,1,MAINA2019,False,False,True,,,SSA_MFL/ligne_6598,,,Polgue Centre de Santé Integre,,,SOC.SANTE.CENTRE,,,,MAINA2019,15.50638,9.961654
RAPP_003272,1,MAINA2019,False,False,True,,,SSA_MFL/ligne_6600,,,Pouss Centre de Santé Integre,,,SOC.SANTE.CENTRE,,,,MAINA2019,15.056508,10.835698
RAPP_003273,1,MAINA2019,False,False,True,,,SSA_MFL/ligne_6601,,,Rhumsiki Centre de Santé Integre,,,SOC.SANTE.CENTRE,,,,MAINA2019,13.591802,10.509275
RAPP_003274,1,MAINA2019,False,False,True,,,SSA_MFL/ligne_6602,,,Rhumzou Centre de Santé Integre,,,SOC.SANTE.CENTRE,,,,MAINA2019,13.60178,10.680725
RAPP_003275,1,MAINA2019,False,False,True,,,SSA_MFL/ligne_6603,,,Roua Centre de Santé Integre,,,SOC.SANTE.CENTRE,,,,MAINA2019,13.997216,10.776968
RAPP_003276,1,MAINA2019,False,False,True,,,SSA_MFL/ligne_6604,,,Roua Hôpital de District,,,SOC.SANTE.HOPITAL,,,,MAINA2019,13.99793,10.775898
RAPP_003277,1,MAINA2019,False,False,True,,,SSA_MFL/ligne_6605,,,Sagme Centre de Santé Integre,,,SOC.SANTE.CENTRE,,,,MAINA2019,14.26004,12.546802
RAPP_003278,1,MAINA2019,False,False,True,,,SSA_MFL/ligne_6606,,,Salak Centre de Santé Integre,,,SOC.SANTE.CENTRE,,,,MAINA2019,14.24201,10.447338
RAPP_003279,1,MAINA2019,False,False,True,,,SSA_MFL/ligne_6607,,,Sedek Centre de Santé Integre,,,SOC.SANTE.CENTRE,,,,MAINA2019,14.718787,10.667376
RAPP_003280,1,MAINA2019,False,False,True,,,SSA_MFL/ligne_6608,,,Sir Centre de Santé Integre,,,SOC.SANTE.CENTRE,,,,MAINA2019,13.6871,10.5516
RAPP_003281,1,MAINA2019,False,False,True,,,SSA_MFL/ligne_6609,,,Soueye Centre de Santé Integre,,,SOC.SANTE.CENTRE,,,,MAINA2019,14.738942,10.023098
RAPP_003282,1,MAINA2019,False,False,True,,,SSA_MFL/ligne_6610,,,Soulede Centre de Santé Integre,,,SOC.SANTE.CENTRE,,,,MAINA2019,13.9155,10.7579
RAPP_003283,1,MAINA2019,False,False,True,,,SSA_MFL/ligne_6611,,,Tala Mokolo Centre de Santé Integre,,,SOC.SANTE.CENTRE,,,,MAINA2019,14.127263,11.059436
RAPP_003284,1,MAINA2019,False,False,True,,,SSA_MFL/ligne_6612,,,Tchamahe Centre de Santé Integre,,,SOC.SANTE.CENTRE,,,,MAINA2019,13.722837,10.452468
RAPP_003285,1,MAINA2019,False,False,True,,,SSA_MFL/ligne_6613,,,Tchanawa Centre de Santé Integre,,,SOC.SANTE.CENTRE,,,,MAINA2019,13.684092,10.49554
RAPP_003286,1,MAINA2019,False,False,True,,,SSA_MFL/ligne_6614,,,Tchatibali Centre Médical d'Arrondissement,,,SOC.SANTE.CENTRE,,,,MAINA2019,14.929669,10.035461
RAPP_003287,1,MAINA2019,False,False,True,,,SSA_MFL/ligne_6615,,,Tchevi Centre de Santé Integre,,,SOC.SANTE.CENTRE,,,,MAINA2019,13.5056,10.1621
RAPP_003288,1,MAINA2019,False,False,True,,,SSA_MFL/ligne_6616,,,Tchika Centre de Santé Integre,,,SOC.SANTE.CENTRE,,,,MAINA2019,14.274805,12.781823
RAPP_003289,1,MAINA2019,False,False,True,,,SSA_MFL/ligne_6617,,,Tekele Centre de Santé Integre,,,SOC.SANTE.CENTRE,,,,MAINA2019,15.026062,10.969757
RAPP_003290,1,MAINA2019,False,False,True,,,SSA_MFL/ligne_6618,,,Titing Centre de Santé Integre,,,SOC.SANTE.CENTRE,,,,MAINA2019,14.06169,10.167099
RAPP_003291,1,MAINA2019,False,False,True,,,SSA_MFL/ligne_6619,,,Tokombere Centre de Santé Integre,,,SOC.SANTE.CENTRE,,,,MAINA2019,14.144849,10.856107
RAPP_003292,1,MAINA2019,False,False,True,,,SSA_MFL/ligne_6620,,,Tokombere Hôpital de District,,,SOC.SANTE.HOPITAL,,,,MAINA2019,14.158698,10.862031
RAPP_003293,1,MAINA2019,False,False,True,,,SSA_MFL/ligne_6621,,,Tolkomari Centre de Santé Integre,,,SOC.SANTE.CENTRE,,,,MAINA2019,14.028461,11.085502
RAPP_003294,1,MAINA2019,False,False,True,,,SSA_MFL/ligne_6622,,,Torok Centre de Santé Integre,,,SOC.SANTE.CENTRE,,,,MAINA2019,14.554,10.0487
RAPP_003295,1,MAINA2019,False,False,True,,,SSA_MFL/ligne_6623,,,Toufou Centre de Santé Integre,,,SOC.SANTE.CENTRE,,,,MAINA2019,13.738459,10.946529
RAPP_003296,1,MAINA2019,False,False,True,,,SSA_MFL/ligne_6624,,,Touloum Centre Médical d'Arrondissement,,,SOC.SANTE.CENTRE,,,,MAINA2019,14.84091,10.169633
RAPP_003297,1,MAINA2019,False,False,True,,,SSA_MFL/ligne_6625,,,Tourou Centre de Santé Integre,,,SOC.SANTE.CENTRE,,,,MAINA2019,13.754109,10.902348
RAPP_003298,1,MAINA2019,False,False,True,,,SSA_MFL/ligne_6626,,,Vada Toukou Centre de Santé Integre,,,SOC.SANTE.CENTRE,,,,MAINA2019,15.221202,10.409455
RAPP_003299,1,MAINA2019,False,False,True,,,SSA_MFL/ligne_6627,,,Vele Centre de Santé Integre,,,SOC.SANTE.CENTRE,,,,MAINA2019,15.192475,10.491453
RAPP_003300,1,MAINA2019,False,False,True,,,SSA_MFL/ligne_6628,,,Vele Hôpital de District,,,SOC.SANTE.HOPITAL,,,,MAINA2019,15.206276,10.485743
RAPP_003301,1,MAINA2019,False,False,True,,,SSA_MFL/ligne_6629,,,Viri Centre de Santé,,,SOC.SANTE.CENTRE,,,,MAINA2019,15.1833,10.05
RAPP_003302,1,MAINA2019,False,False,True,,,SSA_MFL/ligne_6630,,,Vounaloum Centre de Santé Integre,,,SOC.SANTE.CENTRE,,,,MAINA2019,15.260099,10.416692
RAPP_003303,1,MAINA2019,False,False,True,,,SSA_MFL/ligne_6631,,,Vouzod Centre de Santé Integre,,,SOC.SANTE.CENTRE,,,,MAINA2019,13.80081,10.833752
RAPP_003304,1,MAINA2019,False,False,True,,,SSA_MFL/ligne_6632,,,Warba Centre de Santé Integre,,,SOC.SANTE.CENTRE,,,,MAINA2019,14.172191,10.958753
RAPP_003305,1,MAINA2019,False,False,True,,,SSA_MFL/ligne_6633,,,Watir Centre de Santé Integre,,,SOC.SANTE.CENTRE,,,,MAINA2019,13.5468,10.3397
RAPP_003306,1,MAINA2019,False,False,True,,,SSA_MFL/ligne_6634,,,Waza Centre Medical d’Arrondissement,,,SOC.SANTE.CENTRE,,,,MAINA2019,14.530725,11.38024
RAPP_003307,1,MAINA2019,False,False,True,,,SSA_MFL/ligne_6635,,,Werfeo Centre de Santé Integre,,,SOC.SANTE.CENTRE,,,,MAINA2019,14.855287,9.94823
RAPP_003308,1,MAINA2019,False,False,True,,,SSA_MFL/ligne_6636,,,Widigue Centre de Santé Integre,,,SOC.SANTE.CENTRE,,,,MAINA2019,15.138527,10.403178
RAPP_003309,1,MAINA2019,False,False,True,,,SSA_MFL/ligne_6637,,,Woulky Centre de Santé Integre,,,SOC.SANTE.CENTRE,,,,MAINA2019,14.621782,12.475616
RAPP_003310,1,MAINA2019,False,False,True,,,SSA_MFL/ligne_6638,,,Yagoua Centre de Santé Integre,,,SOC.SANTE.CENTRE,,,,MAINA2019,15.239746,10.340707
RAPP_003311,1,MAINA2019,False,False,True,,,SSA_MFL/ligne_6639,,,Yagoua Hôpital Regional,,,SOC.SANTE.HOPITAL,,,,MAINA2019,15.226507,10.317952
RAPP_003312,1,MAINA2019,False,False,True,,,SSA_MFL/ligne_6640,,,Yakang Centre de Santé Integre,,,SOC.SANTE.CENTRE,,,,MAINA2019,14.294414,10.425271
RAPP_003313,1,MAINA2019,False,False,True,,,SSA_MFL/ligne_6641,,,Yoldeo Centre de Santé Integre,,,SOC.SANTE.CENTRE,,,,MAINA2019,14.543039,10.588902
RAPP_003314,1,MAINA2019,False,False,True,,,SSA_MFL/ligne_6642,,,Zamay Centre de Santé Integre,,,SOC.SANTE.CENTRE,,,,MAINA2019,13.901489,10.629344
RAPP_003315,1,MAINA2019,False,False,True,,,SSA_MFL/ligne_6643,,,Zheleved Centre de Santé Integre,,,SOC.SANTE.CENTRE,,,,MAINA2019,13.803376,11.000801
RAPP_003316,1,MAINA2019,False,False,True,,,SSA_MFL/ligne_6644,,,Zileng Centre de Santé Integre,,,SOC.SANTE.CENTRE,,,,MAINA2019,13.8402,10.7119
RAPP_003317,1,MAINA2019,False,False,True,,,SSA_MFL/ligne_6645,,,Zimado Centre de Santé Integre,,,SOC.SANTE.CENTRE,,,,MAINA2019,15.065979,11.654409
RAPP_003318,1,MAINA2019,False,False,True,,,SSA_MFL/ligne_6646,,,Zina Centre de Santé Integre,,,SOC.SANTE.CENTRE,,,,MAINA2019,14.952687,11.25121
RAPP_003319,1,MAINA2019,False,False,True,,,SSA_MFL/ligne_6647,,,Zokok Centre de Santé Integre,,,SOC.SANTE.CENTRE,,,,MAINA2019,14.345479,10.651942
RAPP_003320,1,MAINA2019,False,False,True,,,SSA_MFL/ligne_6648,,,Zongoya Centre de Santé Integre,,,SOC.SANTE.CENTRE,,,,MAINA2019,14.14726,10.474904
RAPP_003321,1,MAINA2019,False,False,True,,,SSA_MFL/ligne_6649,,,Zouaye Centre de Santé Integre,,,SOC.SANTE.CENTRE,,,,MAINA2019,15.024895,9.994486
RAPP_003322,1,MAINA2019,False,False,True,,,SSA_MFL/ligne_6650,,,Zouvoul Centre de Santé Integre,,,SOC.SANTE.CENTRE,,,,MAINA2019,13.9113,10.252194
RAPP_003323,1,MAINA2019,False,False,True,,,SSA_MFL/ligne_6651,,,Abang Centre de Santé Integre,,,SOC.SANTE.CENTRE,,,,MAINA2019,9.767656,4.943677
RAPP_003324,1,MAINA2019,False,False,True,,,SSA_MFL/ligne_6652,,,Ad Lucem Annex Logbessou Centre de Santé,,,SOC.SANTE.CENTRE,,,,MAINA2019,9.784074,4.072574
RAPP_003325,1,MAINA2019,False,False,True,,,SSA_MFL/ligne_6653,,,Ad Lucem Bonamoussadi Centre de Santé,,,SOC.SANTE.CENTRE,,,,MAINA2019,9.723998,4.073259
RAPP_003326,1,MAINA2019,False,False,True,,,SSA_MFL/ligne_6654,,,Ad-Lucem Centre de Santé,,,SOC.SANTE.CENTRE,,,,MAINA2019,10.5826,3.8557
RAPP_003327,1,MAINA2019,False,False,True,,,SSA_MFL/ligne_6655,,,Adventiste Eglise Centre de Santé,,,SOC.SANTE.CENTRE,,,,MAINA2019,9.7165,4.0684
RAPP_003328,1,MAINA2019,False,False,True,,,SSA_MFL/ligne_6656,,,Anciens Missionnaire Centre de Santé,,,SOC.SANTE.CENTRE,,,,MAINA2019,9.859167,3.715556
RAPP_003329,1,MAINA2019,False,False,True,,,SSA_MFL/ligne_6657,,,Asfro Bare Centre de Santé,,,SOC.SANTE.CENTRE,,,,MAINA2019,9.994059,5.032282
RAPP_003330,1,MAINA2019,False,False,True,,,SSA_MFL/ligne_6658,,,Babong Centre de Santé Integre,,,SOC.SANTE.CENTRE,,,,MAINA2019,9.914519,4.719204
RAPP_003331,1,MAINA2019,False,False,True,,,SSA_MFL/ligne_6659,,,Badjoungue Centre de Santé Integre,,,SOC.SANTE.CENTRE,,,,MAINA2019,9.827523,4.938443
RAPP_003332,1,MAINA2019,False,False,True,,,SSA_MFL/ligne_6660,,,Bakwat Centre de Santé Integre,,,SOC.SANTE.CENTRE,,,,MAINA2019,9.830447,4.900336
RAPP_003333,1,MAINA2019,False,False,True,,,SSA_MFL/ligne_6661,,,Barcelone Catholique Dispensaire,,,SOC.SANTE.CENTRE,,,,MAINA2019,9.628811,3.847399
RAPP_003334,1,MAINA2019,False,False,True,,,SSA_MFL/ligne_6662,,,Bare Centre Médical d'Arrondissement,,,SOC.SANTE.CENTRE,,,,MAINA2019,9.962131,5.014645
RAPP_003335,1,MAINA2019,False,False,True,,,SSA_MFL/ligne_6663,,,Barehock Centre de Santé Integre,,,SOC.SANTE.CENTRE,,,,MAINA2019,10.000659,4.998582
RAPP_003336,1,MAINA2019,False,False,True,,,SSA_MFL/ligne_6664,,,Baressoumtou Centre de Santé Integre,,,SOC.SANTE.CENTRE,,,,MAINA2019,9.928766,4.933363
RAPP_003337,1,MAINA2019,False,False,True,,,SSA_MFL/ligne_6665,,,Batcha Centre de Santé Integre,,,SOC.SANTE.CENTRE,,,,MAINA2019,10.342105,5.101535
RAPP_003338,1,MAINA2019,False,False,True,,,SSA_MFL/ligne_6666,,,Batombe Centre de Santé Integre,,,SOC.SANTE.CENTRE,,,,MAINA2019,10.167,3.8
RAPP_003339,1,MAINA2019,False,False,True,,,SSA_MFL/ligne_6667,,,Bekoko Centre de Santé Integre,,,SOC.SANTE.CENTRE,,,,MAINA2019,9.578263,4.104976
RAPP_003340,1,MAINA2019,False,False,True,,,SSA_MFL/ligne_6668,,,Benga Centre de Santé Integre,,,SOC.SANTE.CENTRE,,,,MAINA2019,10.058587,4.620287
RAPP_003341,1,MAINA2019,False,False,True,,,SSA_MFL/ligne_6669,,,Beon Centre de Santé Integre,,,SOC.SANTE.CENTRE,,,,MAINA2019,10.124827,3.760049
RAPP_003342,1,MAINA2019,False,False,True,,,SSA_MFL/ligne_6670,,,Bepanda Centre Médical d'Arrondissement,,,SOC.SANTE.CENTRE,,,,MAINA2019,9.727064,4.048792
RAPP_003343,1,MAINA2019,False,False,True,,,SSA_MFL/ligne_6672,,,Bessounkang Centre de Santé Integre,,,SOC.SANTE.CENTRE,,,,MAINA2019,9.75,4.367
RAPP_003344,1,MAINA2019,False,False,True,,,SSA_MFL/ligne_6673,,,Big Mop Centre de Santé Integre,,,SOC.SANTE.CENTRE,,,,MAINA2019,9.807345,4.938062
RAPP_003345,1,MAINA2019,False,False,True,,,SSA_MFL/ligne_6674,,,Bikat Centre de Santé Integre,,,SOC.SANTE.CENTRE,,,,MAINA2019,10.717413,4.108776
RAPP_003346,1,MAINA2019,False,False,True,,,SSA_MFL/ligne_6675,,,Bipock Centre de Santé Integre,,,SOC.SANTE.CENTRE,,,,MAINA2019,10.809344,4.443521
RAPP_003347,1,MAINA2019,False,False,True,,,SSA_MFL/ligne_6676,,,Boangoh Centre de Santé Integre,,,SOC.SANTE.CENTRE,,,,MAINA2019,9.933335,4.968199
RAPP_003348,1,MAINA2019,False,False,True,,,SSA_MFL/ligne_6677,,,Bodi Centre de Santé Integre,,,SOC.SANTE.CENTRE,,,,MAINA2019,10.852865,4.167409
RAPP_003349,1,MAINA2019,False,False,True,,,SSA_MFL/ligne_6678,,,Bomono Centre de Santé Integre,,,SOC.SANTE.CENTRE,,,,MAINA2019,9.6043,4.1766
RAPP_003350,1,MAINA2019,False,False,True,,,SSA_MFL/ligne_6679,,,Bonadiwoto Centre Médical d'Arrondissement,,,SOC.SANTE.CENTRE,,,,MAINA2019,9.729587,4.004041
RAPP_003351,1,MAINA2019,False,False,True,,,SSA_MFL/ligne_6680,,,Bonalebe Centre de Santé Integre,,,SOC.SANTE.CENTRE,,,,MAINA2019,9.876329,4.711114
RAPP_003352,1,MAINA2019,False,False,True,,,SSA_MFL/ligne_6681,,,Bonamikano Centre Médical d'Arrondissement,,,SOC.SANTE.CENTRE,,,,MAINA2019,9.68289,4.029717
RAPP_003353,1,MAINA2019,False,False,True,,,SSA_MFL/ligne_6683,,,Bonamoussadi Centre Médical d'Arrondissement,,,SOC.SANTE.CENTRE,,,,MAINA2019,9.739302,4.080968
RAPP_003354,1,MAINA2019,False,False,True,,,SSA_MFL/ligne_6684,,,Bonangang Centre de Santé Integre,,,SOC.SANTE.CENTRE,,,,MAINA2019,9.756834,4.100785
RAPP_003355,1,MAINA2019,False,False,True,,,SSA_MFL/ligne_6685,,,Bonangoh Catholique Centre de Santé Integre,,,SOC.SANTE.CENTRE,,,,MAINA2019,10.050214,4.927192
RAPP_003356,1,MAINA2019,False,False,True,,,SSA_MFL/ligne_6686,,,Bonassama Hôpital de District,,,SOC.SANTE.HOPITAL,,,,MAINA2019,9.684633,4.06179
RAPP_003357,1,MAINA2019,False,False,True,,,SSA_MFL/ligne_6687,,,Bonendale Centre Médical d'Arrondissement,,,SOC.SANTE.CENTRE,,,,MAINA2019,9.683214,4.029165
RAPP_003358,1,MAINA2019,False,False,True,,,SSA_MFL/ligne_6688,,,Bonepoupa Centre de Santé Integre,,,SOC.SANTE.CENTRE,,,,MAINA2019,9.993144,4.140635
RAPP_003359,1,MAINA2019,False,False,True,,,SSA_MFL/ligne_6689,,,Botbea Centre de Santé Integre,,,SOC.SANTE.CENTRE,,,,MAINA2019,10.712078,4.370124
RAPP_003360,1,MAINA2019,False,False,True,,,SSA_MFL/ligne_6690,,,Bouba Centre de Santé Integre,,,SOC.SANTE.CENTRE,,,,MAINA2019,9.637476,4.650217
RAPP_003361,1,MAINA2019,False,False,True,,,SSA_MFL/ligne_6691,,,Boubou Centre de Santé Integre,,,SOC.SANTE.CENTRE,,,,MAINA2019,9.588884,4.603961
RAPP_003362,1,MAINA2019,False,False,True,,,SSA_MFL/ligne_6692,,,Bwapaki Centre de Santé Integre,,,SOC.SANTE.CENTRE,,,,MAINA2019,9.666992,4.258917
RAPP_003363,1,MAINA2019,False,False,True,,,SSA_MFL/ligne_6693,,,Cap Cameroun Centre de Santé,,,SOC.SANTE.CENTRE,,,,MAINA2019,9.469724,3.908806
RAPP_003364,1,MAINA2019,False,False,True,,,SSA_MFL/ligne_6694,,,Catholic Archidiocese Dispensaire,,,SOC.SANTE.CENTRE,,,,MAINA2019,9.687764,4.038042
RAPP_003365,1,MAINA2019,False,False,True,,,SSA_MFL/ligne_6695,,,Catholique Njombe 2 Centre de Santé Integre,,,SOC.SANTE.CENTRE,,,,MAINA2019,9.660172,4.585862
RAPP_003366,1,MAINA2019,False,False,True,,,SSA_MFL/ligne_6696,,,Chantier Centre de Santé Integre,,,SOC.SANTE.CENTRE,,,,MAINA2019,9.709998,4.672572
RAPP_003367,1,MAINA2019,False,False,True,,,SSA_MFL/ligne_6697,,,Cite Des Palmiers Hôpital de District,,,SOC.SANTE.HOPITAL,,,,MAINA2019,9.761671,4.042041
RAPP_003368,1,MAINA2019,False,False,True,,,SSA_MFL/ligne_6698,,,Cite Sic Centre Médical d'Arrondissement,,,SOC.SANTE.CENTRE,,,,MAINA2019,9.731127,4.040309
RAPP_003369,1,MAINA2019,False,False,True,,,SSA_MFL/ligne_6699,,,Congo 1 Centre Médical d'Arrondissement,,,SOC.SANTE.CENTRE,,,,MAINA2019,9.724834,4.043331
RAPP_003370,1,MAINA2019,False,False,True,,,SSA_MFL/ligne_6700,,,Congo 2 Centre Médical d'Arrondissement,,,SOC.SANTE.CENTRE,,,,MAINA2019,9.701031,4.029371
RAPP_003371,1,MAINA2019,False,False,True,,,SSA_MFL/ligne_6701,,,Dabang Centre de Santé Integre,,,SOC.SANTE.CENTRE,,,,MAINA2019,9.796,4.984
RAPP_003372,1,MAINA2019,False,False,True,,,SSA_MFL/ligne_6702,,,Dehane Centre de Santé Integre,,,SOC.SANTE.CENTRE,,,,MAINA2019,10.070925,3.49353
RAPP_003373,1,MAINA2019,False,False,True,,,SSA_MFL/ligne_6703,,,Deido Hôpital de District,,,SOC.SANTE.HOPITAL,,,,MAINA2019,9.682624,4.02888
RAPP_003374,1,MAINA2019,False,False,True,,,SSA_MFL/ligne_6704,,,Delangue Centre Medical d’Arrondissement,,,SOC.SANTE.CENTRE,,,,MAINA2019,10.1241,3.7984
RAPP_003375,1,MAINA2019,False,False,True,,,SSA_MFL/ligne_6705,,,Dibamba Centre Médical d'Arrondissement,,,SOC.SANTE.CENTRE,,,,MAINA2019,9.804369,3.97932
RAPP_003376,1,MAINA2019,False,False,True,,,SSA_MFL/ligne_6706,,,Dibombari Hôpital de District,,,SOC.SANTE.HOPITAL,,,,MAINA2019,9.6561,4.1787
RAPP_003377,1,MAINA2019,False,False,True,,,SSA_MFL/ligne_6707,,,Diboum 2 Centre Médical d'Arrondissement,,,SOC.SANTE.CENTRE,,,,MAINA2019,9.746538,4.003552
RAPP_003378,1,MAINA2019,False,False,True,,,SSA_MFL/ligne_6708,,,Dingombi Centre de Santé Integre,,,SOC.SANTE.CENTRE,,,,MAINA2019,10.2707,3.63138
RAPP_003379,1,MAINA2019,False,False,True,,,SSA_MFL/ligne_6709,,,Dissouck Centre de Santé Integre,,,SOC.SANTE.CENTRE,,,,MAINA2019,10.278526,4.96562
RAPP_003380,1,MAINA2019,False,False,True,,,SSA_MFL/ligne_6710,,,Dizangue Ad Lucem Dispensaire,,,SOC.SANTE.CENTRE,,,,MAINA2019,10.0182,3.7453
RAPP_003381,1,MAINA2019,False,False,True,,,SSA_MFL/ligne_6711,,,Dizangue Centre Médical d'Arrondissement,,,SOC.SANTE.CENTRE,,,,MAINA2019,10.01937,3.73892
RAPP_003382,1,MAINA2019,False,False,True,,,SSA_MFL/ligne_6712,,,Djebale Centre de Santé Integre,,,SOC.SANTE.CENTRE,,,,MAINA2019,9.699928,4.098446
RAPP_003383,1,MAINA2019,False,False,True,,,SSA_MFL/ligne_6713,,,Domus Mariae Dispensaire,,,SOC.SANTE.CENTRE,,,,MAINA2019,9.989508,3.590223
RAPP_003384,1,MAINA2019,False,False,True,,,SSA_MFL/ligne_6714,,,Douala Hôpital General,,,SOC.SANTE.HOPITAL,,,,MAINA2019,9.758165,4.054807
RAPP_003385,1,MAINA2019,False,False,True,,,SSA_MFL/ligne_6715,,,Ebombe Centre de Santé Integre,,,SOC.SANTE.CENTRE,,,,MAINA2019,10.168943,3.793362
RAPP_003386,1,MAINA2019,False,False,True,,,SSA_MFL/ligne_6716,,,Ebombe Centre de Santé Integre,,,SOC.SANTE.CENTRE,,,,MAINA2019,10.361167,3.806163
RAPP_003387,1,MAINA2019,False,False,True,,,SSA_MFL/ligne_6717,,,Ebone Centre Médical d'Arrondissement,,,SOC.SANTE.CENTRE,,,,MAINA2019,9.890219,4.874067
RAPP_003388,1,MAINA2019,False,False,True,,,SSA_MFL/ligne_6718,,,Ebou Mbeng Centre Médical d'Arrondissement,,,SOC.SANTE.CENTRE,,,,MAINA2019,9.729443,4.063604
RAPP_003389,1,MAINA2019,False,False,True,,,SSA_MFL/ligne_6719,,,Eboum Mbeng Centre Medical d’Arrondissement,,,SOC.SANTE.CENTRE,,,,MAINA2019,10.014522,4.844387
RAPP_003390,1,MAINA2019,False,False,True,,,SSA_MFL/ligne_6720,,,Edea Hôpital Regional,,,SOC.SANTE.HOPITAL,,,,MAINA2019,10.116452,3.790506
RAPP_003391,1,MAINA2019,False,False,True,,,SSA_MFL/ligne_6721,,,Eec Centre de Santé Integre,,,SOC.SANTE.CENTRE,,,,MAINA2019,9.563043,4.493887
RAPP_003392,1,MAINA2019,False,False,True,,,SSA_MFL/ligne_6722,,,Ekambeng Centre de Santé Integre,,,SOC.SANTE.CENTRE,,,,MAINA2019,9.977593,4.940882
RAPP_003393,1,MAINA2019,False,False,True,,,SSA_MFL/ligne_6723,,,Ekangte Centre de Santé Integre,,,SOC.SANTE.CENTRE,,,,MAINA2019,9.922199,4.983998
RAPP_003394,1,MAINA2019,False,False,True,,,SSA_MFL/ligne_6724,,,Ekite Centre de Santé Integre,,,SOC.SANTE.CENTRE,,,,MAINA2019,10.094,3.8051
RAPP_003395,1,MAINA2019,False,False,True,,,SSA_MFL/ligne_6725,,,Ekol Mbeng Centre de Santé Integre,,,SOC.SANTE.CENTRE,,,,MAINA2019,9.928957,4.958205
RAPP_003396,1,MAINA2019,False,False,True,,,SSA_MFL/ligne_6726,,,Ekoldkang Centre de Santé Integre,,,SOC.SANTE.CENTRE,,,,MAINA2019,9.8936,5.0646
RAPP_003397,1,MAINA2019,False,False,True,,,SSA_MFL/ligne_6727,,,Ekol-Mbeng Hôpital Regional,,,SOC.SANTE.HOPITAL,,,,MAINA2019,9.93067,4.960394
RAPP_003398,1,MAINA2019,False,False,True,,,SSA_MFL/ligne_6728,,,Elogbele EPC Dispensaire,,,SOC.SANTE.CENTRE,,,,MAINA2019,9.944774,3.363698
RAPP_003399,1,MAINA2019,False,False,True,,,SSA_MFL/ligne_6729,,,Epc Elogbele Centre de Santé Integre,,,SOC.SANTE.CENTRE,,,,MAINA2019,10.14253,3.78689
RAPP_003400,1,MAINA2019,False,False,True,,,SSA_MFL/ligne_6730,,,Espoir Centre de Santé Integre,,,SOC.SANTE.CENTRE,,,,MAINA2019,10.127302,3.768996
RAPP_003401,1,MAINA2019,False,False,True,,,SSA_MFL/ligne_6731,,,Espoir Centre de Santé Integre,,,SOC.SANTE.CENTRE,,,,MAINA2019,9.713692,4.694362
RAPP_003402,1,MAINA2019,False,False,True,,,SSA_MFL/ligne_6732,,,Essekou Centre de Santé Integre,,,SOC.SANTE.CENTRE,,,,MAINA2019,9.909623,5.199917
RAPP_003403,1,MAINA2019,False,False,True,,,SSA_MFL/ligne_6733,,,Ferme Suisse Catholique Dispensaire,,,SOC.SANTE.CENTRE,,,,MAINA2019,10.127,3.7668
RAPP_003404,1,MAINA2019,False,False,True,,,SSA_MFL/ligne_6734,,,Fouenang Centre de Santé,,,SOC.SANTE.CENTRE,,,,MAINA2019,10.043075,4.728745
RAPP_003405,1,MAINA2019,False,False,True,,,SSA_MFL/ligne_6735,,,Froi Centre de Santé,,,SOC.SANTE.CENTRE,,,,MAINA2019,10.074484,4.801557
RAPP_003406,1,MAINA2019,False,False,True,,,SSA_MFL/ligne_6736,,,Gallican Catholic Medical Foundation,,,SOC.SANTE.CENTRE,,,,MAINA2019,9.632678,3.825686
RAPP_003407,1,MAINA2019,False,False,True,,,SSA_MFL/ligne_6737,,,Galmoa Centre de Santé,,,SOC.SANTE.CENTRE,,,,MAINA2019,10.05878,4.804888
RAPP_003408,1,MAINA2019,False,False,True,,,SSA_MFL/ligne_6738,,,Gare Centre de Santé Integre,,,SOC.SANTE.CENTRE,,,,MAINA2019,10.100021,3.892121
RAPP_003409,1,MAINA2019,False,False,True,,,SSA_MFL/ligne_6739,,,Gare Centre de Santé Integre,,,SOC.SANTE.CENTRE,,,,MAINA2019,9.601201,4.157609
RAPP_003410,1,MAINA2019,False,False,True,,,SSA_MFL/ligne_6740,,,Gare Centre de Santé Integre,,,SOC.SANTE.CENTRE,,,,MAINA2019,9.617404,4.22313
RAPP_003411,1,MAINA2019,False,False,True,,,SSA_MFL/ligne_6741,,,Good Samaritan Clinic,,,SOC.SANTE.CLINIQUE,,,,MAINA2019,9.468511,3.906807
RAPP_003412,1,MAINA2019,False,False,True,,,SSA_MFL/ligne_6742,,,Grand Souza Centre de Santé Integre,,,SOC.SANTE.CENTRE,,,,MAINA2019,9.637677,4.222368
RAPP_003413,1,MAINA2019,False,False,True,,,SSA_MFL/ligne_6743,,,Hegba Pouma Centre de Santé Integre,,,SOC.SANTE.CENTRE,,,,MAINA2019,10.5225,3.8591
RAPP_003414,1,MAINA2019,False,False,True,,,SSA_MFL/ligne_6744,,,Hope Centre de Santé,,,SOC.SANTE.CENTRE,,,,MAINA2019,9.631405,4.097333
RAPP_003415,1,MAINA2019,False,False,True,,,SSA_MFL/ligne_6745,,,Ibaikak Centre de Santé,,,SOC.SANTE.CENTRE,,,,MAINA2019,10.26957,3.982041
RAPP_003416,1,MAINA2019,False,False,True,,,SSA_MFL/ligne_6746,,,Ihendel Centre de Santé,,,SOC.SANTE.CENTRE,,,,MAINA2019,10.302883,3.982636
RAPP_003417,1,MAINA2019,False,False,True,,,SSA_MFL/ligne_6747,,,Japoma Centre de Santé Integre,,,SOC.SANTE.CENTRE,,,,MAINA2019,9.8196,4.0365
RAPP_003418,1,MAINA2019,False,False,True,,,SSA_MFL/ligne_6748,,,Jombe I Centre de Santé Integre,,,SOC.SANTE.CENTRE,,,,MAINA2019,9.6642,4.592
RAPP_003419,1,MAINA2019,False,False,True,,,SSA_MFL/ligne_6749,,,Kake Centre de Santé Integre,,,SOC.SANTE.CENTRE,,,,MAINA2019,9.633204,4.240643
RAPP_003420,1,MAINA2019,False,False,True,,,SSA_MFL/ligne_6750,,,Kake Centre de Santé Integre,,,SOC.SANTE.CENTRE,,,,MAINA2019,9.6096,4.2867
RAPP_003421,1,MAINA2019,False,False,True,,,SSA_MFL/ligne_6751,,,Kelleng Centre de Santé Integre,,,SOC.SANTE.CENTRE,,,,MAINA2019,11.008577,4.265252
RAPP_003422,1,MAINA2019,False,False,True,,,SSA_MFL/ligne_6752,,,Kombe PCC Centre de Santé,,,SOC.SANTE.CENTRE,,,,MAINA2019,9.5687,4.4085
RAPP_003423,1,MAINA2019,False,False,True,,,SSA_MFL/ligne_6753,,,Kombo Moukoko Centre de Santé Integre,,,SOC.SANTE.CENTRE,,,,MAINA2019,9.607127,3.801599
RAPP_003424,1,MAINA2019,False,False,True,,,SSA_MFL/ligne_6754,,,Konpina CDC Centre de Santé Integre,,,SOC.SANTE.CENTRE,,,,MAINA2019,9.594903,4.356491
RAPP_003425,1,MAINA2019,False,False,True,,,SSA_MFL/ligne_6755,,,Konpina Route Centre de Santé Integre,,,SOC.SANTE.CENTRE,,,,MAINA2019,9.58015,4.340501
RAPP_003426,1,MAINA2019,False,False,True,,,SSA_MFL/ligne_6756,,,Kotto Centre de Santé Integre,,,SOC.SANTE.CENTRE,,,,MAINA2019,9.759633,4.083424
RAPP_003427,1,MAINA2019,False,False,True,,,SSA_MFL/ligne_6757,,,Kotto Centre de Santé Integre,,,SOC.SANTE.CENTRE,,,,MAINA2019,9.513913,4.351339
RAPP_003428,1,MAINA2019,False,False,True,,,SSA_MFL/ligne_6758,,,Kotto Centre Medical d’Arrondissement,,,SOC.SANTE.CENTRE,,,,MAINA2019,9.7608,4.0934
RAPP_003429,1,MAINA2019,False,False,True,,,SSA_MFL/ligne_6759,,,La Grace Centre de Santé Integre,,,SOC.SANTE.CENTRE,,,,MAINA2019,9.651606,4.577411
RAPP_003430,1,MAINA2019,False,False,True,,,SSA_MFL/ligne_6760,,,Lala Mission Centre de Santé Integre,,,SOC.SANTE.CENTRE,,,,MAINA2019,9.776555,4.794842
RAPP_003431,1,MAINA2019,False,False,True,,,SSA_MFL/ligne_6761,,,Lelem EEC Centre Medical,,,SOC.SANTE.CENTRE,,,,MAINA2019,9.9841,5.1873
RAPP_003432,1,MAINA2019,False,False,True,,,SSA_MFL/ligne_6762,,,Lelem Mouantong Centre de Santé Integre,,,SOC.SANTE.CENTRE,,,,MAINA2019,9.9918,5.1995
RAPP_003433,1,MAINA2019,False,False,True,,,SSA_MFL/ligne_6763,,,Likoundbian Centre de Santé Integre,,,SOC.SANTE.CENTRE,,,,MAINA2019,10.904047,4.319385
RAPP_003434,1,MAINA2019,False,False,True,,,SSA_MFL/ligne_6764,,,Lobethal UEBC Centre de Santé,,,SOC.SANTE.CENTRE,,,,MAINA2019,9.7728,3.6391
RAPP_003435,1,MAINA2019,False,False,True,,,SSA_MFL/ligne_6765,,,Logbaba Hôpital de District,,,SOC.SANTE.HOPITAL,,,,MAINA2019,9.754168,4.025536
RAPP_003436,1,MAINA2019,False,False,True,,,SSA_MFL/ligne_6766,,,Logbadjeck Centre de Santé Integre,,,SOC.SANTE.CENTRE,,,,MAINA2019,10.099927,3.969925
RAPP_003437,1,MAINA2019,False,False,True,,,SSA_MFL/ligne_6767,,,Logbanga Centre de Santé Integre,,,SOC.SANTE.CENTRE,,,,MAINA2019,10.839706,4.312913
RAPP_003438,1,MAINA2019,False,False,True,,,SSA_MFL/ligne_6768,,,Logbbaba Centre Médical d'Arrondissement,,,SOC.SANTE.CENTRE,,,,MAINA2019,9.778093,4.016734
RAPP_003439,1,MAINA2019,False,False,True,,,SSA_MFL/ligne_6769,,,Longtoka Centre de Santé Integre,,,SOC.SANTE.CENTRE,,,,MAINA2019,9.969881,4.458864
RAPP_003440,1,MAINA2019,False,False,True,,,SSA_MFL/ligne_6770,,,Loum 1 Centre de Santé Integre,,,SOC.SANTE.CENTRE,,,,MAINA2019,9.723186,4.718918
RAPP_003441,1,MAINA2019,False,False,True,,,SSA_MFL/ligne_6771,,,Loum Catholique 2 Centre de Santé Integre,,,SOC.SANTE.CENTRE,,,,MAINA2019,9.732609,4.712422
RAPP_003442,1,MAINA2019,False,False,True,,,SSA_MFL/ligne_6772,,,Loum Chantier Centre de Santé Integre,,,SOC.SANTE.CENTRE,,,,MAINA2019,9.7144,4.6783
RAPP_003443,1,MAINA2019,False,False,True,,,SSA_MFL/ligne_6773,,,Loum Hôpital de District,,,SOC.SANTE.HOPITAL,,,,MAINA2019,9.730182,4.715635
RAPP_003444,1,MAINA2019,False,False,True,,,SSA_MFL/ligne_6774,,,Loum I Centre de Santé Integre,,,SOC.SANTE.CENTRE,,,,MAINA2019,9.7351,4.7182
RAPP_003445,1,MAINA2019,False,False,True,,,SSA_MFL/ligne_6775,,,Loum Ville Catholique Centre de Santé,,,SOC.SANTE.CENTRE,,,,MAINA2019,9.7365,4.7181
RAPP_003446,1,MAINA2019,False,False,True,,,SSA_MFL/ligne_6776,,,Mabombe Centre de Santé Integre,,,SOC.SANTE.CENTRE,,,,MAINA2019,10.258919,4.905848
RAPP_003447,1,MAINA2019,False,False,True,,,SSA_MFL/ligne_6777,,,Mairie Douala II Centre Medical d’Arrondissement,,,SOC.SANTE.CENTRE,,,,MAINA2019,9.797009,3.89983
RAPP_003448,1,MAINA2019,False,False,True,,,SSA_MFL/ligne_6778,,,Makob Centre de Santé Integre,,,SOC.SANTE.CENTRE,,,,MAINA2019,10.632886,3.920416
RAPP_003449,1,MAINA2019,False,False,True,,,SSA_MFL/ligne_6779,,,Makom Centre de Santé Integre,,,SOC.SANTE.CENTRE,,,,MAINA2019,10.819398,4.537379
RAPP_003450,1,MAINA2019,False,False,True,,,SSA_MFL/ligne_6780,,,Makondo Centre de Santé Integre,,,SOC.SANTE.CENTRE,,,,MAINA2019,10.260932,3.748461
RAPP_003451,1,MAINA2019,False,False,True,,,SSA_MFL/ligne_6781,,,Malimba Ocean Centre de Santé Integre,,,SOC.SANTE.CENTRE,,,,MAINA2019,9.731752,3.596442
RAPP_003452,1,MAINA2019,False,False,True,,,SSA_MFL/ligne_6782,,,Malimba Urbain Centre de Santé Integre,,,SOC.SANTE.CENTRE,,,,MAINA2019,10.10716,3.819845
RAPP_003453,1,MAINA2019,False,False,True,,,SSA_MFL/ligne_6783,,,Mama Centre de Santé Integre,,,SOC.SANTE.CENTRE,,,,MAINA2019,9.821107,5.234943
RAPP_003454,1,MAINA2019,False,False,True,,,SSA_MFL/ligne_6784,,,Mambanda Centre Médical d'Arrondissement,,,SOC.SANTE.CENTRE,,,,MAINA2019,9.653867,4.058845
RAPP_003455,1,MAINA2019,False,False,True,,,SSA_MFL/ligne_6785,,,Mambelion Centre de Santé Integre,,,SOC.SANTE.CENTRE,,,,MAINA2019,9.878417,4.888058
RAPP_003456,1,MAINA2019,False,False,True,,,SSA_MFL/ligne_6786,,,Mandouka Centre de Santé Integre,,,SOC.SANTE.CENTRE,,,,MAINA2019,9.732934,4.32853
RAPP_003457,1,MAINA2019,False,False,True,,,SSA_MFL/ligne_6787,,,Manengole Centre de Santé Integre,,,SOC.SANTE.CENTRE,,,,MAINA2019,9.848245,4.864169
RAPP_003458,1,MAINA2019,False,False,True,,,SSA_MFL/ligne_6788,,,Manengouba Centre de Santé Integre,,,SOC.SANTE.CENTRE,,,,MAINA2019,9.860143,4.948306
RAPP_003459,1,MAINA2019,False,False,True,,,SSA_MFL/ligne_6789,,,Mangaba Centre de Santé,,,SOC.SANTE.CENTRE,,,,MAINA2019,9.992155,4.821544
RAPP_003460,1,MAINA2019,False,False,True,,,SSA_MFL/ligne_6790,,,Mangamba Centre de Santé Integre,,,SOC.SANTE.CENTRE,,,,MAINA2019,9.72705,4.301747
RAPP_003461,1,MAINA2019,False,False,True,,,SSA_MFL/ligne_6791,,,Mangwete Centre de Santé Integre,,,SOC.SANTE.CENTRE,,,,MAINA2019,9.970049,5.146885
RAPP_003462,1,MAINA2019,False,False,True,,,SSA_MFL/ligne_6792,,,Manjo Hôpital de District,,,SOC.SANTE.HOPITAL,,,,MAINA2019,9.822169,4.838577
RAPP_003463,1,MAINA2019,False,False,True,,,SSA_MFL/ligne_6793,,,Mankwa Centre de Santé Integre,,,SOC.SANTE.CENTRE,,,,MAINA2019,9.816,5.116
RAPP_003464,1,MAINA2019,False,False,True,,,SSA_MFL/ligne_6794,,,Manne Centre de Santé Integre,,,SOC.SANTE.CENTRE,,,,MAINA2019,10.100271,3.79755
RAPP_003465,1,MAINA2019,False,False,True,,,SSA_MFL/ligne_6795,,,Manoka Hôpital de District,,,SOC.SANTE.HOPITAL,,,,MAINA2019,9.621194,3.864522
RAPP_003466,1,MAINA2019,False,False,True,,,SSA_MFL/ligne_6796,,,Manoka Hôpital de District,,,SOC.SANTE.HOPITAL,,,,MAINA2019,9.6823,4.028137
RAPP_003467,1,MAINA2019,False,False,True,,,SSA_MFL/ligne_6797,,,Matoube EEC Centre de Santé,,,SOC.SANTE.CENTRE,,,,MAINA2019,10.5743,3.8611
RAPP_003468,1,MAINA2019,False,False,True,,,SSA_MFL/ligne_6798,,,Mayamba Centre de Santé Integre,,,SOC.SANTE.CENTRE,,,,MAINA2019,9.976183,3.502659
RAPP_003469,1,MAINA2019,False,False,True,,,SSA_MFL/ligne_6799,,,Mbanga Hôpital de District,,,SOC.SANTE.HOPITAL,,,,MAINA2019,9.564328,4.487748
RAPP_003470,1,MAINA2019,False,False,True,,,SSA_MFL/ligne_6800,,,Mbanga Pongo Centre Médical d'Arrondissement,,,SOC.SANTE.CENTRE,,,,MAINA2019,9.752744,3.964135
RAPP_003471,1,MAINA2019,False,False,True,,,SSA_MFL/ligne_6801,,,Mbokambo Centre de Santé Integre,,,SOC.SANTE.CENTRE,,,,MAINA2019,9.80501,5.275328
RAPP_003472,1,MAINA2019,False,False,True,,,SSA_MFL/ligne_6802,,,Mbonjo Centre de Santé Integre,,,SOC.SANTE.CENTRE,,,,MAINA2019,9.532,4.217
RAPP_003473,1,MAINA2019,False,False,True,,,SSA_MFL/ligne_6803,,,Mbouassoum Centre de Santé Integre,,,SOC.SANTE.CENTRE,,,,MAINA2019,9.815622,5.119264
RAPP_003474,1,MAINA2019,False,False,True,,,SSA_MFL/ligne_6804,,,Mbouroukou Centre de Santé Integre,,,SOC.SANTE.CENTRE,,,,MAINA2019,9.8924,5.0572
RAPP_003475,1,MAINA2019,False,False,True,,,SSA_MFL/ligne_6805,,,Melong 2 Centre de Santé Integre,,,SOC.SANTE.CENTRE,,,,MAINA2019,9.960948,5.061271
RAPP_003476,1,MAINA2019,False,False,True,,,SSA_MFL/ligne_6806,,,Melong Centre Centre de Santé Integre,,,SOC.SANTE.CENTRE,,,,MAINA2019,9.936112,5.101573
RAPP_003477,1,MAINA2019,False,False,True,,,SSA_MFL/ligne_6807,,,Melong Hôpital de District,,,SOC.SANTE.HOPITAL,,,,MAINA2019,9.940722,5.112132
RAPP_003478,1,MAINA2019,False,False,True,,,SSA_MFL/ligne_6808,,,Mere Theresa Centre de Santé,,,SOC.SANTE.CENTRE,,,,MAINA2019,9.779163,3.537875
RAPP_003479,1,MAINA2019,False,False,True,,,SSA_MFL/ligne_6809,,,Miang Centre de Santé Integre,,,SOC.SANTE.CENTRE,,,,MAINA2019,9.698782,4.288422
RAPP_003480,1,MAINA2019,False,False,True,,,SSA_MFL/ligne_6810,,,Misericorde Centre de Santé Integre,,,SOC.SANTE.CENTRE,,,,MAINA2019,9.680163,4.633299
RAPP_003481,1,MAINA2019,False,False,True,,,SSA_MFL/ligne_6811,,,Mission Centre de Santé,,,SOC.SANTE.CENTRE,,,,MAINA2019,9.762359,3.795646
RAPP_003482,1,MAINA2019,False,False,True,,,SSA_MFL/ligne_6812,,,Mkomba Centre de Santé Integre,,,SOC.SANTE.CENTRE,,,,MAINA2019,9.669137,4.062176
RAPP_003483,1,MAINA2019,False,False,True,,,SSA_MFL/ligne_6813,,,Mombo Centre Médical d'Arrondissement,,,SOC.SANTE.CENTRE,,,,MAINA2019,9.590026,4.568269
RAPP_003484,1,MAINA2019,False,False,True,,,SSA_MFL/ligne_6814,,,Mouandong Centre de Santé Integre,,,SOC.SANTE.CENTRE,,,,MAINA2019,9.781143,4.996235
RAPP_003485,1,MAINA2019,False,False,True,,,SSA_MFL/ligne_6815,,,Mouanko Centre Médical d'Arrondissement,,,SOC.SANTE.CENTRE,,,,MAINA2019,9.793023,3.633621
RAPP_003486,1,MAINA2019,False,False,True,,,SSA_MFL/ligne_6816,,,Mouatong Centre de Santé Integre,,,SOC.SANTE.CENTRE,,,,MAINA2019,9.975486,5.170793
RAPP_003487,1,MAINA2019,False,False,True,,,SSA_MFL/ligne_6817,,,Moumekeng Centre de Santé Integre,,,SOC.SANTE.CENTRE,,,,MAINA2019,9.794401,4.967567
RAPP_003488,1,MAINA2019,False,False,True,,,SSA_MFL/ligne_6818,,,Moya Centre de Santé Integre,,,SOC.SANTE.CENTRE,,,,MAINA2019,10.364186,4.952866
RAPP_003489,1,MAINA2019,False,False,True,,,SSA_MFL/ligne_6819,,,N Lohe Centre de Santé Integre,,,SOC.SANTE.CENTRE,,,,MAINA2019,9.750619,4.765575
RAPP_003490,1,MAINA2019,False,False,True,,,SSA_MFL/ligne_6820,,,Ndjockloumbe EPC Dispensaire,,,SOC.SANTE.CENTRE,,,,MAINA2019,9.881956,3.584512
RAPP_003491,1,MAINA2019,False,False,True,,,SSA_MFL/ligne_6821,,,Ndobian Centre de Santé Integre,,,SOC.SANTE.CENTRE,,,,MAINA2019,10.333919,4.985417
RAPP_003492,1,MAINA2019,False,False,True,,,SSA_MFL/ligne_6822,,,Ndocksamba Centre de Santé Integre,,,SOC.SANTE.CENTRE,,,,MAINA2019,9.9333,4.95
RAPP_003493,1,MAINA2019,False,False,True,,,SSA_MFL/ligne_6823,,,Ndocktiba Centre de Santé Integre,,,SOC.SANTE.CENTRE,,,,MAINA2019,10.300797,4.729197
RAPP_003494,1,MAINA2019,False,False,True,,,SSA_MFL/ligne_6824,,,Ndogbabem Centre de Santé Integre,,,SOC.SANTE.CENTRE,,,,MAINA2019,10.658136,4.406378
RAPP_003495,1,MAINA2019,False,False,True,,,SSA_MFL/ligne_6825,,,Ndogbati UEBC Dispensaire,,,SOC.SANTE.CENTRE,,,,MAINA2019,9.7246,4.0491
RAPP_003496,1,MAINA2019,False,False,True,,,SSA_MFL/ligne_6826,,,Ndogbatogue Centre de Santé Integre,,,SOC.SANTE.CENTRE,,,,MAINA2019,10.88237,4.233462
RAPP_003497,1,MAINA2019,False,False,True,,,SSA_MFL/ligne_6827,,,Ndogbele Centre de Santé,,,SOC.SANTE.CENTRE,,,,MAINA2019,9.814698,3.846093
RAPP_003498,1,MAINA2019,False,False,True,,,SSA_MFL/ligne_6828,,,Ndogbele UEBC Centre de Santé,,,SOC.SANTE.CENTRE,,,,MAINA2019,9.817298,3.844193
RAPP_003499,1,MAINA2019,False,False,True,,,SSA_MFL/ligne_6829,,,Ndogbele UEBC Centre de Santé,,,SOC.SANTE.CENTRE,,,,MAINA2019,9.9581,4.4603
RAPP_003500,1,MAINA2019,False,False,True,,,SSA_MFL/ligne_6830,,,Ndogpassi 3 Centre Centre Médical d'Arrondissement,,,SOC.SANTE.CENTRE,,,,MAINA2019,9.751201,3.998584
RAPP_003501,1,MAINA2019,False,False,True,,,SSA_MFL/ligne_6831,,,Ndogpassi 3 Zr Centre Médical d'Arrondissement,,,SOC.SANTE.CENTRE,,,,MAINA2019,9.768524,3.992968
RAPP_003502,1,MAINA2019,False,False,True,,,SSA_MFL/ligne_6832,,,Ndogsimbi Centre Médical d'Arrondissement,,,SOC.SANTE.CENTRE,,,,MAINA2019,9.730492,4.035887
RAPP_003503,1,MAINA2019,False,False,True,,,SSA_MFL/ligne_6833,,,Ndokotti(Logbaba) Centre Medical d’Arrondissement,,,SOC.SANTE.CENTRE,,,,MAINA2019,10.066,4.6
RAPP_003504,1,MAINA2019,False,False,True,,,SSA_MFL/ligne_6834,,,Ndokou Centre de Santé Integre,,,SOC.SANTE.CENTRE,,,,MAINA2019,9.830851,5.109365
RAPP_003505,1,MAINA2019,False,False,True,,,SSA_MFL/ligne_6835,,,Ndom Bakem Centre de Santé Integre,,,SOC.SANTE.CENTRE,,,,MAINA2019,10.045561,4.987876
RAPP_003506,1,MAINA2019,False,False,True,,,SSA_MFL/ligne_6836,,,Ndom Hôpital de District,,,SOC.SANTE.HOPITAL,,,,MAINA2019,10.816959,4.387747
RAPP_003507,1,MAINA2019,False,False,True,,,SSA_MFL/ligne_6837,,,Ndotto 3 Centre de Santé Integre,,,SOC.SANTE.CENTRE,,,,MAINA2019,10.279287,5.000265
RAPP_003508,1,MAINA2019,False,False,True,,,SSA_MFL/ligne_6838,,,New Bell Hôpital de District,,,SOC.SANTE.HOPITAL,,,,MAINA2019,9.70974,4.018735
RAPP_003509,1,MAINA2019,False,False,True,,,SSA_MFL/ligne_6839,,,Newbell Protestant Centre de Santé,,,SOC.SANTE.CENTRE,,,,MAINA2019,9.877911,3.817977
RAPP_003510,1,MAINA2019,False,False,True,,,SSA_MFL/ligne_6840,,,Ngambe Hôpital de District,,,SOC.SANTE.HOPITAL,,,,MAINA2019,10.62308,4.230377
RAPP_003511,1,MAINA2019,False,False,True,,,SSA_MFL/ligne_6841,,,Ngodi Bakoko Centre de Santé Integre,,,SOC.SANTE.CENTRE,,,,MAINA2019,9.782721,3.970319
RAPP_003512,1,MAINA2019,False,False,True,,,SSA_MFL/ligne_6842,,,Ngog Mbog Centre de Santé Integre,,,SOC.SANTE.CENTRE,,,,MAINA2019,10.706829,4.209352
RAPP_003513,1,MAINA2019,False,False,True,,,SSA_MFL/ligne_6843,,,Ngol Centre de Santé Integre,,,SOC.SANTE.CENTRE,,,,MAINA2019,9.784954,4.875696
RAPP_003514,1,MAINA2019,False,False,True,,,SSA_MFL/ligne_6844,,,Ngonga Centre de Santé Integre,,,SOC.SANTE.CENTRE,,,,MAINA2019,10.371781,4.063913
RAPP_003515,1,MAINA2019,False,False,True,,,SSA_MFL/ligne_6845,,,Ninje Centre de Santé Integre,,,SOC.SANTE.CENTRE,,,,MAINA2019,10.82606,4.495691
RAPP_003516,1,MAINA2019,False,False,True,,,SSA_MFL/ligne_6846,,,Ninong Centre Médical d'Arrondissement,,,SOC.SANTE.CENTRE,,,,MAINA2019,9.799406,5.170222
RAPP_003517,1,MAINA2019,False,False,True,,,SSA_MFL/ligne_6847,,,Njinjou II Centre de Santé Integre,,,SOC.SANTE.CENTRE,,,,MAINA2019,9.882,5.116
RAPP_003518,1,MAINA2019,False,False,True,,,SSA_MFL/ligne_6848,,,Njombe 1 Centre de Santé Integre,,,SOC.SANTE.CENTRE,,,,MAINA2019,9.663199,4.584263
RAPP_003519,1,MAINA2019,False,False,True,,,SSA_MFL/ligne_6849,,,Njombe Catholique Centre de Santé,,,SOC.SANTE.CENTRE,,,,MAINA2019,9.6617,4.5927
RAPP_003520,1,MAINA2019,False,False,True,,,SSA_MFL/ligne_6850,,,Njoumbeng III EEC Centre de Santé Integre,,,SOC.SANTE.CENTRE,,,,MAINA2019,9.8125,4.9338
RAPP_003521,1,MAINA2019,False,False,True,,,SSA_MFL/ligne_6851,,,Nkanla Centre de Santé Integre,,,SOC.SANTE.CENTRE,,,,MAINA2019,10.137255,3.761655
RAPP_003522,1,MAINA2019,False,False,True,,,SSA_MFL/ligne_6852,,,Nkapa Centre de Santé Integre,,,SOC.SANTE.CENTRE,,,,MAINA2019,9.608018,4.2016
RAPP_003523,1,MAINA2019,False,False,True,,,SSA_MFL/ligne_6853,,,Nkolbong Pk21 UEBC Centre de Santé Integre,,,SOC.SANTE.CENTRE,,,,MAINA2019,9.833256,4.122492
RAPP_003524,1,MAINA2019,False,False,True,,,SSA_MFL/ligne_6854,,,Nkololoun Centre Médical d'Arrondissement,,,SOC.SANTE.CENTRE,,,,MAINA2019,9.709568,4.027325
RAPP_003525,1,MAINA2019,False,False,True,,,SSA_MFL/ligne_6855,,,Nkom Centre de Santé Integre,,,SOC.SANTE.CENTRE,,,,MAINA2019,10.78754,4.208401
RAPP_003526,1,MAINA2019,False,False,True,,,SSA_MFL/ligne_6856,,,Nkondjock Hôpital de District,,,SOC.SANTE.HOPITAL,,,,MAINA2019,10.227117,4.840104
RAPP_003527,1,MAINA2019,False,False,True,,,SSA_MFL/ligne_6857,,,Nkonga Centre de Santé Integre,,,SOC.SANTE.CENTRE,,,,MAINA2019,10.559717,3.889632
RAPP_003528,1,MAINA2019,False,False,True,,,SSA_MFL/ligne_6858,,,Nkongkwalla Centre de Santé Integre,,,SOC.SANTE.CENTRE,,,,MAINA2019,10.901786,4.133906
RAPP_003529,1,MAINA2019,False,False,True,,,SSA_MFL/ligne_6859,,,Nkongmondo Centre de Santé,,,SOC.SANTE.CENTRE,,,,MAINA2019,9.698461,4.025457
RAPP_003530,1,MAINA2019,False,False,True,,,SSA_MFL/ligne_6860,,,Nkoudou Centre de Santé Integre,,,SOC.SANTE.CENTRE,,,,MAINA2019,9.882986,4.902145
RAPP_003531,1,MAINA2019,False,False,True,,,SSA_MFL/ligne_6861,,,Nlohe Centre de Santé Integre,,,SOC.SANTE.CENTRE,,,,MAINA2019,9.75,4.75
RAPP_003532,1,MAINA2019,False,False,True,,,SSA_MFL/ligne_6862,,,Nlongkoo Centre de Santé Integre,,,SOC.SANTE.CENTRE,,,,MAINA2019,9.93876,4.950591
RAPP_003533,1,MAINA2019,False,False,True,,,SSA_MFL/ligne_6863,,,Nono Centre de Santé Integre,,,SOC.SANTE.CENTRE,,,,MAINA2019,9.808259,4.305182
RAPP_003534,1,MAINA2019,False,False,True,,,SSA_MFL/ligne_6864,,,Notre Dame Makak Dispensaire,,,SOC.SANTE.CENTRE,,,,MAINA2019,9.859113,3.431275
RAPP_003535,1,MAINA2019,False,False,True,,,SSA_MFL/ligne_6865,,,Nsimbongo Centre de Santé Integre,,,SOC.SANTE.CENTRE,,,,MAINA2019,10.915873,4.212904
RAPP_003536,1,MAINA2019,False,False,True,,,SSA_MFL/ligne_6866,,,Nyaho O Centre de Santé Integre,,,SOC.SANTE.CENTRE,,,,MAINA2019,10.975264,4.191203
RAPP_003537,1,MAINA2019,False,False,True,,,SSA_MFL/ligne_6867,,,Nyalla Centre Médical d'Arrondissement,,,SOC.SANTE.CENTRE,,,,MAINA2019,9.782094,4.018572
RAPP_003538,1,MAINA2019,False,False,True,,,SSA_MFL/ligne_6868,,,Nyamsi Centre de Santé,,,SOC.SANTE.CENTRE,,,,MAINA2019,9.470326,3.907106
RAPP_003539,1,MAINA2019,False,False,True,,,SSA_MFL/ligne_6869,,,Nyanon Centre de Santé Integre,,,SOC.SANTE.CENTRE,,,,MAINA2019,10.955657,4.26392
RAPP_003540,1,MAINA2019,False,False,True,,,SSA_MFL/ligne_6870,,,Nyanon Centre Medical d’Arrondissement,,,SOC.SANTE.CENTRE,,,,MAINA2019,10.95,4.2667
RAPP_003541,1,MAINA2019,False,False,True,,,SSA_MFL/ligne_6871,,,Nylon Hôpital de District,,,SOC.SANTE.HOPITAL,,,,MAINA2019,9.730625,4.019379
RAPP_003542,1,MAINA2019,False,False,True,,,SSA_MFL/ligne_6872,,,Omeng Centre de Santé Integre,,,SOC.SANTE.CENTRE,,,,MAINA2019,10.874791,4.545945
RAPP_003543,1,MAINA2019,False,False,True,,,SSA_MFL/ligne_6873,,,Oyack Centre Médical d'Arrondissement,,,SOC.SANTE.CENTRE,,,,MAINA2019,9.739928,4.020212
RAPP_003544,1,MAINA2019,False,False,True,,,SSA_MFL/ligne_6874,,,Pendamboko Centre de Santé Integre,,,SOC.SANTE.CENTRE,,,,MAINA2019,9.442653,4.264066
RAPP_003545,1,MAINA2019,False,False,True,,,SSA_MFL/ligne_6875,,,Penja 1 Centre de Santé Integre,,,SOC.SANTE.CENTRE,,,,MAINA2019,9.688729,4.633514
RAPP_003546,1,MAINA2019,False,False,True,,,SSA_MFL/ligne_6876,,,Perpetuel Secours Centre de Santé Integre,,,SOC.SANTE.CENTRE,,,,MAINA2019,9.711479,4.696004
RAPP_003547,1,MAINA2019,False,False,True,,,SSA_MFL/ligne_6877,,,Piscine de Bethesda Carrefour Kodock Centre de Santé Integre,,,SOC.SANTE.CENTRE,,,,MAINA2019,10.123304,3.787461
RAPP_003548,1,MAINA2019,False,False,True,,,SSA_MFL/ligne_6878,,,Piscine de Bethesda Centre de Santé Integre,,,SOC.SANTE.CENTRE,,,,MAINA2019,10.129586,3.782511
RAPP_003549,1,MAINA2019,False,False,True,,,SSA_MFL/ligne_6879,,,PK3 Catholique Dispensaire,,,SOC.SANTE.CENTRE,,,,MAINA2019,10.002833,3.412239
RAPP_003550,1,MAINA2019,False,False,True,,,SSA_MFL/ligne_6880,,,PK30 Dispensaire,,,SOC.SANTE.CENTRE,,,,MAINA2019,10.1119,3.9713
RAPP_003551,1,MAINA2019,False,False,True,,,SSA_MFL/ligne_6881,,,Plateau Centre de Santé Integre,,,SOC.SANTE.CENTRE,,,,MAINA2019,10.119688,3.769377
RAPP_003552,1,MAINA2019,False,False,True,,,SSA_MFL/ligne_6882,,,Pockmahonda Centre de Santé Integre,,,SOC.SANTE.CENTRE,,,,MAINA2019,10.800112,4.294067
RAPP_003553,1,MAINA2019,False,False,True,,,SSA_MFL/ligne_6883,,,Pouma Hôpital de District,,,SOC.SANTE.HOPITAL,,,,MAINA2019,10.522623,3.848184
RAPP_003554,1,MAINA2019,False,False,True,,,SSA_MFL/ligne_6884,,,Safacam Centre Médical d'Arrondissement,,,SOC.SANTE.CENTRE,,,,MAINA2019,9.989864,3.729021
RAPP_003555,1,MAINA2019,False,False,True,,,SSA_MFL/ligne_6885,,,Saha Centre de Santé Integre,,,SOC.SANTE.CENTRE,,,,MAINA2019,10.506492,4.283273
RAPP_003556,1,MAINA2019,False,False,True,,,SSA_MFL/ligne_6886,,,Saint Albert Legrand Centre de Santé,,,SOC.SANTE.CENTRE,,,,MAINA2019,9.6788,4.0856
RAPP_003557,1,MAINA2019,False,False,True,,,SSA_MFL/ligne_6887,,,Saint Bruno Kolla Centre de Santé,,,SOC.SANTE.CENTRE,,,,MAINA2019,9.7647,4.8078
RAPP_003558,1,MAINA2019,False,False,True,,,SSA_MFL/ligne_6888,,,Saint Luc Centre de Santé Integre,,,SOC.SANTE.CENTRE,,,,MAINA2019,9.675666,4.633014
RAPP_003559,1,MAINA2019,False,False,True,,,SSA_MFL/ligne_6889,,,Saint Padre Pio Centre de Santé,,,SOC.SANTE.CENTRE,,,,MAINA2019,9.7236,4.0785
RAPP_003560,1,MAINA2019,False,False,True,,,SSA_MFL/ligne_6890,,,Saint Paul Annexe Dispensaire,,,SOC.SANTE.CENTRE,,,,MAINA2019,9.6477,4.0938
RAPP_003561,1,MAINA2019,False,False,True,,,SSA_MFL/ligne_6891,,,Saint Paul de Nylon Dispensaire,,,SOC.SANTE.CENTRE,,,,MAINA2019,9.7428,4.036
RAPP_003562,1,MAINA2019,False,False,True,,,SSA_MFL/ligne_6892,,,Salmoa Centre de Santé,,,SOC.SANTE.CENTRE,,,,MAINA2019,9.8599,4.9207
RAPP_003563,1,MAINA2019,False,False,True,,,SSA_MFL/ligne_6893,,,Samaritain Centre de Santé,,,SOC.SANTE.CENTRE,,,,MAINA2019,10.044027,4.85676
RAPP_003564,1,MAINA2019,False,False,True,,,SSA_MFL/ligne_6894,,,Sio Sio Centre de Santé Integre,,,SOC.SANTE.CENTRE,,,,MAINA2019,9.726,3.8459
RAPP_003565,1,MAINA2019,False,False,True,,,SSA_MFL/ligne_6895,,,Sipandang Centre de Santé Integre,,,SOC.SANTE.CENTRE,,,,MAINA2019,10.637792,3.844627
RAPP_003566,1,MAINA2019,False,False,True,,,SSA_MFL/ligne_6896,,,So Lopa Centre de Santé Integre,,,SOC.SANTE.CENTRE,,,,MAINA2019,10.214485,3.626918
RAPP_003567,1,MAINA2019,False,False,True,,,SSA_MFL/ligne_6897,,,Soboum Centre Médical d'Arrondissement,,,SOC.SANTE.CENTRE,,,,MAINA2019,9.731553,4.007981
RAPP_003568,1,MAINA2019,False,False,True,,,SSA_MFL/ligne_6898,,,Sodiko Ad Lucem Centre de Santé,,,SOC.SANTE.CENTRE,,,,MAINA2019,9.6649,4.116
RAPP_003569,1,MAINA2019,False,False,True,,,SSA_MFL/ligne_6899,,,Sodiko Centre Médical d'Arrondissement,,,SOC.SANTE.CENTRE,,,,MAINA2019,9.654486,4.088243
RAPP_003570,1,MAINA2019,False,False,True,,,SSA_MFL/ligne_6900,,,Sohock Centre de Santé Integre,,,SOC.SANTE.CENTRE,,,,MAINA2019,10.240073,4.961242
RAPP_003571,1,MAINA2019,False,False,True,,,SSA_MFL/ligne_6901,,,Solidarite Centre Medical,,,SOC.SANTE.CENTRE,,,,MAINA2019,9.724674,3.851765
RAPP_003572,1,MAINA2019,False,False,True,,,SSA_MFL/ligne_6902,,,Solle Centre de Santé Integre,,,SOC.SANTE.CENTRE,,,,MAINA2019,9.795062,4.601727
RAPP_003573,1,MAINA2019,False,False,True,,,SSA_MFL/ligne_6903,,,Somakek Centre de Santé Integre,,,SOC.SANTE.CENTRE,,,,MAINA2019,10.156142,3.960109
RAPP_003574,1,MAINA2019,False,False,True,,,SSA_MFL/ligne_6904,,,Song Mbengue Centre de Santé Integre,,,SOC.SANTE.CENTRE,,,,MAINA2019,10.568582,4.047026
RAPP_003575,1,MAINA2019,False,False,True,,,SSA_MFL/ligne_6905,,,Song Ndong Centre de Santé Integre,,,SOC.SANTE.CENTRE,,,,MAINA2019,10.254686,3.815681
RAPP_003576,1,MAINA2019,False,False,True,,,SSA_MFL/ligne_6906,,,Song Simuth Centre de Santé Integre,,,SOC.SANTE.CENTRE,,,,MAINA2019,10.148105,3.806389
RAPP_003577,1,MAINA2019,False,False,True,,,SSA_MFL/ligne_6907,,,Songbog Centre de Santé Integre,,,SOC.SANTE.CENTRE,,,,MAINA2019,10.943665,4.159794
RAPP_003578,1,MAINA2019,False,False,True,,,SSA_MFL/ligne_6908,,,Songmbock EPC Centre de Santé,,,SOC.SANTE.CENTRE,,,,MAINA2019,10.780203,4.478
RAPP_003579,1,MAINA2019,False,False,True,,,SSA_MFL/ligne_6909,,,Souza Gare Centre de Santé Integre,,,SOC.SANTE.CENTRE,,,,MAINA2019,9.6164,4.2344
RAPP_003580,1,MAINA2019,False,False,True,,,SSA_MFL/ligne_6910,,,St Jean de Dieu Centre de Santé,,,SOC.SANTE.CENTRE,,,,MAINA2019,9.622268,3.80784
RAPP_003581,1,MAINA2019,False,False,True,,,SSA_MFL/ligne_6911,,,St Joseph Catholique Bomono Centre de Santé Integre,,,SOC.SANTE.CENTRE,,,,MAINA2019,9.6015,4.1762
RAPP_003582,1,MAINA2019,False,False,True,,,SSA_MFL/ligne_6912,,,St Lazare Centre de Santé,,,SOC.SANTE.CENTRE,,,,MAINA2019,9.829876,3.737051
RAPP_003583,1,MAINA2019,False,False,True,,,SSA_MFL/ligne_6913,,,St Luc Penja II Catholique Centre de Santé,,,SOC.SANTE.CENTRE,,,,MAINA2019,9.6877,4.6403
RAPP_003584,1,MAINA2019,False,False,True,,,SSA_MFL/ligne_6914,,,St Paul Bonaberi Annexe Dispensaire,,,SOC.SANTE.CENTRE,,,,MAINA2019,9.6759,4.0779
RAPP_003585,1,MAINA2019,False,False,True,,,SSA_MFL/ligne_6915,,,St. Joseph Mbanda Dispensaire,,,SOC.SANTE.CENTRE,,,,MAINA2019,10.1147,3.7987
RAPP_003586,1,MAINA2019,False,False,True,,,SSA_MFL/ligne_6916,,,St. Odile Dispensaire,,,SOC.SANTE.CENTRE,,,,MAINA2019,10.1003,3.8937
RAPP_003587,1,MAINA2019,False,False,True,,,SSA_MFL/ligne_6917,,,Tjedikoy Centre de Santé Integre,,,SOC.SANTE.CENTRE,,,,MAINA2019,10.583061,3.849136
RAPP_003588,1,MAINA2019,False,False,True,,,SSA_MFL/ligne_6918,,,Tomel Centre de Santé Integre,,,SOC.SANTE.CENTRE,,,,MAINA2019,10.517424,4.213064
RAPP_003589,1,MAINA2019,False,False,True,,,SSA_MFL/ligne_6919,,,Tonde Centre de Santé Integre,,,SOC.SANTE.CENTRE,,,,MAINA2019,9.844904,4.21309
RAPP_003590,1,MAINA2019,False,False,True,,,SSA_MFL/ligne_6920,,,Tongo Centre de Santé Integre,,,SOC.SANTE.CENTRE,,,,MAINA2019,10.403971,4.891191
RAPP_003591,1,MAINA2019,False,False,True,,,SSA_MFL/ligne_6921,,,Toube Centre de Santé Integre,,,SOC.SANTE.CENTRE,,,,MAINA2019,9.570213,3.790523
RAPP_003592,1,MAINA2019,False,False,True,,,SSA_MFL/ligne_6923,,,Yabassi Centre de Santé Integre,,,SOC.SANTE.CENTRE,,,,MAINA2019,9.960173,4.459435
RAPP_003593,1,MAINA2019,False,False,True,,,SSA_MFL/ligne_6924,,,Yabassi Hôpital de District,,,SOC.SANTE.HOPITAL,,,,MAINA2019,9.970833,4.45144
RAPP_003594,1,MAINA2019,False,False,True,,,SSA_MFL/ligne_6925,,,Yabea Centre de Santé Integre,,,SOC.SANTE.CENTRE,,,,MAINA2019,9.715727,4.193661
RAPP_003595,1,MAINA2019,False,False,True,,,SSA_MFL/ligne_6926,,,Yamissang EEC Centre de Santé,,,SOC.SANTE.CENTRE,,,,MAINA2019,10.0833,4.6833
RAPP_003596,1,MAINA2019,False,False,True,,,SSA_MFL/ligne_6927,,,Yassem Centre de Santé Integre,,,SOC.SANTE.CENTRE,,,,MAINA2019,9.749277,4.17861
RAPP_003597,1,MAINA2019,False,False,True,,,SSA_MFL/ligne_6928,,,Yingui Centre Médical d'Arrondissement,,,SOC.SANTE.CENTRE,,,,MAINA2019,10.284033,4.512188
RAPP_003598,1,MAINA2019,False,False,True,,,SSA_MFL/ligne_6929,,,Youme UEBC Centre de Santé,,,SOC.SANTE.CENTRE,,,,MAINA2019,9.7769,3.6397
RAPP_003599,1,MAINA2019,False,False,True,,,SSA_MFL/ligne_6930,,,Yoyo UEBC Centre de Santé,,,SOC.SANTE.CENTRE,,,,MAINA2019,9.671767,3.617374
RAPP_003600,1,MAINA2019,False,False,True,,,SSA_MFL/ligne_6931,,,Adoumri Centre de Santé Integre,,,SOC.SANTE.CENTRE,,,,MAINA2019,13.7743,9.253
RAPP_003601,1,MAINA2019,False,False,True,,,SSA_MFL/ligne_6932,,,Albiri Islamique Centre de Santé,,,SOC.SANTE.CENTRE,,,,MAINA2019,13.237893,9.047364
RAPP_003602,1,MAINA2019,False,False,True,,,SSA_MFL/ligne_6934,,,Babanguel Centre de Santé Integre,,,SOC.SANTE.CENTRE,,,,MAINA2019,13.714666,9.593218
RAPP_003603,1,MAINA2019,False,False,True,,,SSA_MFL/ligne_6935,,,Babla Centre de Santé Integre,,,SOC.SANTE.CENTRE,,,,MAINA2019,13.547262,9.255684
RAPP_003604,1,MAINA2019,False,False,True,,,SSA_MFL/ligne_6936,,,Babouri Centre de Santé Integre,,,SOC.SANTE.CENTRE,,,,MAINA2019,13.772226,9.783333
RAPP_003605,1,MAINA2019,False,False,True,,,SSA_MFL/ligne_6937,,,Badadji Centre de Santé Integre,,,SOC.SANTE.CENTRE,,,,MAINA2019,14.006353,9.690964
RAPP_003606,1,MAINA2019,False,False,True,,,SSA_MFL/ligne_6938,,,Badang Centre de Santé Integre,,,SOC.SANTE.CENTRE,,,,MAINA2019,12.975454,8.870805
RAPP_003607,1,MAINA2019,False,False,True,,,SSA_MFL/ligne_6939,,,Badankali Centre de Santé Integre,,,SOC.SANTE.CENTRE,,,,MAINA2019,13.525238,8.651407
RAPP_003608,1,MAINA2019,False,False,True,,,SSA_MFL/ligne_6941,,,Badjengo Centre de Santé Integre,,,SOC.SANTE.CENTRE,,,,MAINA2019,13.679876,9.477093
RAPP_003609,1,MAINA2019,False,False,True,,,SSA_MFL/ligne_6942,,,Badjouma Centre Centre de Santé Integre,,,SOC.SANTE.CENTRE,,,,MAINA2019,13.65685,9.386037
RAPP_003610,1,MAINA2019,False,False,True,,,SSA_MFL/ligne_6943,,,Badjouma Radier Centre de Santé Integre,,,SOC.SANTE.CENTRE,,,,MAINA2019,13.639622,9.447091
RAPP_003611,1,MAINA2019,False,False,True,,,SSA_MFL/ligne_6944,,,Badjouma Tam Centre de Santé Integre,,,SOC.SANTE.CENTRE,,,,MAINA2019,13.7743,9.37728
RAPP_003612,1,MAINA2019,False,False,True,,,SSA_MFL/ligne_6945,,,Baikwa Centre de Santé Integre,,,SOC.SANTE.CENTRE,,,,MAINA2019,14.425568,9.074588
RAPP_003613,1,MAINA2019,False,False,True,,,SSA_MFL/ligne_6946,,,Bakona Centre de Santé Integre,,,SOC.SANTE.CENTRE,,,,MAINA2019,13.587612,8.973522
RAPP_003614,1,MAINA2019,False,False,True,,,SSA_MFL/ligne_6947,,,Balga Centre de Santé Integre,,,SOC.SANTE.CENTRE,,,,MAINA2019,13.938907,9.933677
RAPP_003615,1,MAINA2019,False,False,True,,,SSA_MFL/ligne_6948,,,Balkossa Centre de Santé Integre,,,SOC.SANTE.CENTRE,,,,MAINA2019,12.43372,8.483355
RAPP_003616,1,MAINA2019,False,False,True,,,SSA_MFL/ligne_6949,,,Bamanga Centre de Santé Integre,,,SOC.SANTE.CENTRE,,,,MAINA2019,13.1513,9.5034
RAPP_003617,1,MAINA2019,False,False,True,,,SSA_MFL/ligne_6950,,,Bamo Centre de Santé Integre,,,SOC.SANTE.CENTRE,,,,MAINA2019,13.601651,9.071318
RAPP_003618,1,MAINA2019,False,False,True,,,SSA_MFL/ligne_6951,,,Banaye Centre de Santé Integre,,,SOC.SANTE.CENTRE,,,,MAINA2019,13.509001,9.454768
RAPP_003619,1,MAINA2019,False,False,True,,,SSA_MFL/ligne_6952,,,Bangli Centre de Santé Integre,,,SOC.SANTE.CENTRE,,,,MAINA2019,13.201101,9.240621
RAPP_003620,1,MAINA2019,False,False,True,,,SSA_MFL/ligne_6953,,,Bantadje Centre de Santé Integre,,,SOC.SANTE.CENTRE,,,,MAINA2019,13.22034,8.250173
RAPP_003621,1,MAINA2019,False,False,True,,,SSA_MFL/ligne_6954,,,Barmari Centre de Santé Integre,,,SOC.SANTE.CENTRE,,,,MAINA2019,13.397893,9.287881
RAPP_003622,1,MAINA2019,False,False,True,,,SSA_MFL/ligne_6955,,,Barndake Centre de Santé Integre,,,SOC.SANTE.CENTRE,,,,MAINA2019,12.9667,9.35
RAPP_003623,1,MAINA2019,False,False,True,,,SSA_MFL/ligne_6956,,,Bascheo Centre de Santé Integre,,,SOC.SANTE.CENTRE,,,,MAINA2019,13.3722,9.6722
RAPP_003624,1,MAINA2019,False,False,True,,,SSA_MFL/ligne_6957,,,Base Aerienne Centre de Santé Integre,,,SOC.SANTE.CENTRE,,,,MAINA2019,13.385636,9.333504
RAPP_003625,1,MAINA2019,False,False,True,,,SSA_MFL/ligne_6958,,,Batao Centre de Santé Integre,,,SOC.SANTE.CENTRE,,,,MAINA2019,14.163014,9.940791
RAPP_003626,1,MAINA2019,False,False,True,,,SSA_MFL/ligne_6959,,,Be Centre de Santé Integre,,,SOC.SANTE.CENTRE,,,,MAINA2019,13.664845,9.298663
RAPP_003627,1,MAINA2019,False,False,True,,,SSA_MFL/ligne_6960,,,Beka Centre Medical d’Arrondissement,,,SOC.SANTE.CENTRE,,,,MAINA2019,13.032,8.633
RAPP_003628,1,MAINA2019,False,False,True,,,SSA_MFL/ligne_6961,,,Beli Centre de Santé Integre,,,SOC.SANTE.CENTRE,,,,MAINA2019,13.986802,10.145366
RAPP_003629,1,MAINA2019,False,False,True,,,SSA_MFL/ligne_6962,,,Bere Centre de Santé Integre,,,SOC.SANTE.CENTRE,,,,MAINA2019,14.231404,9.007487
RAPP_003630,1,MAINA2019,False,False,True,,,SSA_MFL/ligne_6963,,,Bibemi Catholique Centre de Santé Integre,,,SOC.SANTE.CENTRE,,,,MAINA2019,13.8824,9.3148
RAPP_003631,1,MAINA2019,False,False,True,,,SSA_MFL/ligne_6964,,,Bibemi Centre de Santé Integre,,,SOC.SANTE.CENTRE,,,,MAINA2019,13.8708,9.3127
RAPP_003632,1,MAINA2019,False,False,True,,,SSA_MFL/ligne_6965,,,Bibemi Hôpital de District,,,SOC.SANTE.HOPITAL,,,,MAINA2019,13.8768,9.3087
RAPP_003633,1,MAINA2019,False,False,True,,,SSA_MFL/ligne_6966,,,Bide Centre de Santé Integre,,,SOC.SANTE.CENTRE,,,,MAINA2019,13.9926,9.4459
RAPP_003634,1,MAINA2019,False,False,True,,,SSA_MFL/ligne_6967,,,Bidzar Centre de Santé Integre,,,SOC.SANTE.CENTRE,,,,MAINA2019,14.115639,9.887723
RAPP_003635,1,MAINA2019,False,False,True,,,SSA_MFL/ligne_6968,,,Bimba Centre de Santé Integre,,,SOC.SANTE.CENTRE,,,,MAINA2019,12.51593,8.560568
RAPP_003636,1,MAINA2019,False,False,True,,,SSA_MFL/ligne_6969,,,Biou Centre de Santé Integre,,,SOC.SANTE.CENTRE,,,,MAINA2019,14.106895,9.860888
RAPP_003637,1,MAINA2019,False,False,True,,,SSA_MFL/ligne_6970,,,Bissoli Centre de Santé Integre,,,SOC.SANTE.CENTRE,,,,MAINA2019,13.919218,9.656876
RAPP_003638,1,MAINA2019,False,False,True,,,SSA_MFL/ligne_6971,,,Bocki Centre de Santé Integre,,,SOC.SANTE.CENTRE,,,,MAINA2019,13.544294,8.712531
RAPP_003639,1,MAINA2019,False,False,True,,,SSA_MFL/ligne_6972,,,Bockle Centre de Santé Integre,,,SOC.SANTE.CENTRE,,,,MAINA2019,13.441298,9.287886
RAPP_003640,1,MAINA2019,False,False,True,,,SSA_MFL/ligne_6973,,,Bossoum Centre de Santé Integre,,,SOC.SANTE.CENTRE,,,,MAINA2019,13.697091,9.934852
RAPP_003641,1,MAINA2019,False,False,True,,,SSA_MFL/ligne_6974,,,Boukadji Centre de Santé Integre,,,SOC.SANTE.CENTRE,,,,MAINA2019,13.860596,9.974005
RAPP_003642,1,MAINA2019,False,False,True,,,SSA_MFL/ligne_6975,,,Boula Ibib Centre de Santé Integre,,,SOC.SANTE.CENTRE,,,,MAINA2019,13.767734,9.548894
RAPP_003643,1,MAINA2019,False,False,True,,,SSA_MFL/ligne_6976,,,Bouli Centre de Santé Integre,,,SOC.SANTE.CENTRE,,,,MAINA2019,13.6268,9.3254
RAPP_003644,1,MAINA2019,False,False,True,,,SSA_MFL/ligne_6977,,,Boumba Centre de Santé Integre,,,SOC.SANTE.CENTRE,,,,MAINA2019,13.370603,8.476401
RAPP_003645,1,MAINA2019,False,False,True,,,SSA_MFL/ligne_6978,,,Boumedje Centre de Santé Integre,,,SOC.SANTE.CENTRE,,,,MAINA2019,13.399357,8.940478
RAPP_003646,1,MAINA2019,False,False,True,,,SSA_MFL/ligne_6979,,,Communautaire EEC Centre de Santé,,,SOC.SANTE.CENTRE,,,,MAINA2019,13.646,9.038
RAPP_003647,1,MAINA2019,False,False,True,,,SSA_MFL/ligne_6980,,,Delegation Regionale de La Santé Nord Centre de Santé,,,SOC.SANTE.CENTRE,,,,MAINA2019,13.122,9.004
RAPP_003648,1,MAINA2019,False,False,True,,,SSA_MFL/ligne_6981,,,Dembo Centre de Santé Integre,,,SOC.SANTE.CENTRE,,,,MAINA2019,13.5499,9.7125
RAPP_003649,1,MAINA2019,False,False,True,,,SSA_MFL/ligne_6982,,,Demsa Centre de Santé Integre,,,SOC.SANTE.CENTRE,,,,MAINA2019,13.226,9.5462
RAPP_003650,1,MAINA2019,False,False,True,,,SSA_MFL/ligne_6983,,,Dengui Centre de Santé Integre,,,SOC.SANTE.CENTRE,,,,MAINA2019,13.580046,9.285915
RAPP_003651,1,MAINA2019,False,False,True,,,SSA_MFL/ligne_6984,,,Dingale Centre de Santé Integre,,,SOC.SANTE.CENTRE,,,,MAINA2019,13.751557,9.120573
RAPP_003652,1,MAINA2019,False,False,True,,,SSA_MFL/ligne_6985,,,Djaba Centre de Santé Integre,,,SOC.SANTE.CENTRE,,,,MAINA2019,13.707982,8.371157
RAPP_003653,1,MAINA2019,False,False,True,,,SSA_MFL/ligne_6986,,,Djabi Centre de Santé Integre,,,SOC.SANTE.CENTRE,,,,MAINA2019,13.696785,9.621901
RAPP_003654,1,MAINA2019,False,False,True,,,SSA_MFL/ligne_6987,,,Djalingo Centre de Santé Integre,,,SOC.SANTE.CENTRE,,,,MAINA2019,12.739599,8.534989
RAPP_003655,1,MAINA2019,False,False,True,,,SSA_MFL/ligne_6988,,,Djalingo Centre de Santé Integre,,,SOC.SANTE.CENTRE,,,,MAINA2019,13.44229,9.223563
RAPP_003656,1,MAINA2019,False,False,True,,,SSA_MFL/ligne_6989,,,Djallou Centre de Santé Integre,,,SOC.SANTE.CENTRE,,,,MAINA2019,13.502,9.598
RAPP_003657,1,MAINA2019,False,False,True,,,SSA_MFL/ligne_6990,,,Djamare Centre de Santé Integre,,,SOC.SANTE.CENTRE,,,,MAINA2019,14.327058,9.071733
RAPP_003658,1,MAINA2019,False,False,True,,,SSA_MFL/ligne_6991,,,Djanga Centre de Santé Integre,,,SOC.SANTE.CENTRE,,,,MAINA2019,13.681601,9.119145
RAPP_003659,1,MAINA2019,False,False,True,,,SSA_MFL/ligne_6992,,,Djatoumi Centre de Santé Integre,,,SOC.SANTE.CENTRE,,,,MAINA2019,13.467,9.817
RAPP_003660,1,MAINA2019,False,False,True,,,SSA_MFL/ligne_6993,,,Djefatou Centre de Santé Integre,,,SOC.SANTE.CENTRE,,,,MAINA2019,13.507392,9.141138
RAPP_003661,1,MAINA2019,False,False,True,,,SSA_MFL/ligne_6994,,,Djemadjou Centre de Santé Integre,,,SOC.SANTE.CENTRE,,,,MAINA2019,15.141488,8.467049
RAPP_003662,1,MAINA2019,False,False,True,,,SSA_MFL/ligne_6995,,,Djipporde Centre de Santé Integre,,,SOC.SANTE.CENTRE,,,,MAINA2019,13.670655,9.041337
RAPP_003663,1,MAINA2019,False,False,True,,,SSA_MFL/ligne_6996,,,Djom Centre de Santé Integre,,,SOC.SANTE.CENTRE,,,,MAINA2019,15.327792,7.435695
RAPP_003664,1,MAINA2019,False,False,True,,,SSA_MFL/ligne_6997,,,Djougui Centre de Santé Integre,,,SOC.SANTE.CENTRE,,,,MAINA2019,14.100243,10.001848
RAPP_003665,1,MAINA2019,False,False,True,,,SSA_MFL/ligne_6998,,,Djoulo Bocki Centre de Santé Integre,,,SOC.SANTE.CENTRE,,,,MAINA2019,13.629014,9.128901
RAPP_003666,1,MAINA2019,False,False,True,,,SSA_MFL/ligne_6999,,,Djoumte Centre de Santé Integre,,,SOC.SANTE.CENTRE,,,,MAINA2019,13.002569,8.689594
RAPP_003667,1,MAINA2019,False,False,True,,,SSA_MFL/ligne_7000,,,Djouroum Centre de Santé Integre,,,SOC.SANTE.CENTRE,,,,MAINA2019,14.078464,8.748959
RAPP_003668,1,MAINA2019,False,False,True,,,SSA_MFL/ligne_7001,,,Dobinga Centre de Santé Integre,,,SOC.SANTE.CENTRE,,,,MAINA2019,13.982036,8.993686
RAPP_003669,1,MAINA2019,False,False,True,,,SSA_MFL/ligne_7002,,,Dola Centre de Santé Integre,,,SOC.SANTE.CENTRE,,,,MAINA2019,13.560185,9.431795
RAPP_003670,1,MAINA2019,False,False,True,,,SSA_MFL/ligne_7003,,,Dompta Centre de Santé Integre,,,SOC.SANTE.CENTRE,,,,MAINA2019,15.191306,7.29602
RAPP_003671,1,MAINA2019,False,False,True,,,SSA_MFL/ligne_7004,,,Douloumi Centre de Santé Integre,,,SOC.SANTE.CENTRE,,,,MAINA2019,13.644717,9.196576
RAPP_003672,1,MAINA2019,False,False,True,,,SSA_MFL/ligne_7005,,,Doumo Centre de Santé Integre,,,SOC.SANTE.CENTRE,,,,MAINA2019,13.3046,10.0622
RAPP_003673,1,MAINA2019,False,False,True,,,SSA_MFL/ligne_7006,,,Dourbeye Centre de Santé Integre,,,SOC.SANTE.CENTRE,,,,MAINA2019,13.520249,9.978253
RAPP_003674,1,MAINA2019,False,False,True,,,SSA_MFL/ligne_7007,,,Douroum Centre de Santé Integre,,,SOC.SANTE.CENTRE,,,,MAINA2019,13.765989,10.082508
RAPP_003675,1,MAINA2019,False,False,True,,,SSA_MFL/ligne_7008,,,Fignole Centre de Santé Integre,,,SOC.SANTE.CENTRE,,,,MAINA2019,13.049316,8.558879
RAPP_003676,1,MAINA2019,False,False,True,,,SSA_MFL/ligne_7009,,,Figuil Centre de Santé Integre,,,SOC.SANTE.CENTRE,,,,MAINA2019,13.967092,9.752979
RAPP_003677,1,MAINA2019,False,False,True,,,SSA_MFL/ligne_7010,,,Figuil Hôpital de District,,,SOC.SANTE.HOPITAL,,,,MAINA2019,13.969323,9.750153
RAPP_003678,1,MAINA2019,False,False,True,,,SSA_MFL/ligne_7011,,,Foulbere Centre de Santé Integre,,,SOC.SANTE.CENTRE,,,,MAINA2019,13.402396,9.29859
RAPP_003679,1,MAINA2019,False,False,True,,,SSA_MFL/ligne_7012,,,Gamba Centre de Santé Integre,,,SOC.SANTE.CENTRE,,,,MAINA2019,13.597099,8.084194
RAPP_003680,1,MAINA2019,False,False,True,,,SSA_MFL/ligne_7013,,,Gambou Centre de Santé Integre,,,SOC.SANTE.CENTRE,,,,MAINA2019,14.858927,8.680606
RAPP_003681,1,MAINA2019,False,False,True,,,SSA_MFL/ligne_7014,,,Garoua Hôpital de District,,,SOC.SANTE.HOPITAL,,,,MAINA2019,13.39177,9.299529
RAPP_003682,1,MAINA2019,False,False,True,,,SSA_MFL/ligne_7015,,,Garoua Hôpital Regional,,,SOC.SANTE.HOPITAL,,,,MAINA2019,13.388401,9.295531
RAPP_003683,1,MAINA2019,False,False,True,,,SSA_MFL/ligne_7016,,,Garoua Winde Centre de Santé Integre,,,SOC.SANTE.CENTRE,,,,MAINA2019,13.346054,9.26344
RAPP_003684,1,MAINA2019,False,False,True,,,SSA_MFL/ligne_7017,,,Gaschiga Centre de Santé Integre,,,SOC.SANTE.CENTRE,,,,MAINA2019,13.3644,9.4366
RAPP_003685,1,MAINA2019,False,False,True,,,SSA_MFL/ligne_7018,,,Gaschiga Hôpital de District,,,SOC.SANTE.HOPITAL,,,,MAINA2019,13.3634,9.4331
RAPP_003686,1,MAINA2019,False,False,True,,,SSA_MFL/ligne_7019,,,Gaval Centre de Santé Integre,,,SOC.SANTE.CENTRE,,,,MAINA2019,13.789138,10.210075
RAPP_003687,1,MAINA2019,False,False,True,,,SSA_MFL/ligne_7020,,,Gode Centre de Santé Integre,,,SOC.SANTE.CENTRE,,,,MAINA2019,13.024927,8.533894
RAPP_003688,1,MAINA2019,False,False,True,,,SSA_MFL/ligne_7021,,,Gop Rey Centre de Santé Integre,,,SOC.SANTE.CENTRE,,,,MAINA2019,14.028178,7.601917
RAPP_003689,1,MAINA2019,False,False,True,,,SSA_MFL/ligne_7022,,,Gormaya Centre de Santé Integre,,,SOC.SANTE.CENTRE,,,,MAINA2019,12.962644,8.402959
RAPP_003690,1,MAINA2019,False,False,True,,,SSA_MFL/ligne_7023,,,Gorom Centre de Santé Integre,,,SOC.SANTE.CENTRE,,,,MAINA2019,13.847605,10.04339
RAPP_003691,1,MAINA2019,False,False,True,,,SSA_MFL/ligne_7024,,,Gouna Centre de Santé Integre,,,SOC.SANTE.CENTRE,,,,MAINA2019,13.565094,8.51667
RAPP_003692,1,MAINA2019,False,False,True,,,SSA_MFL/ligne_7025,,,Gounougou Centre de Santé Integre,,,SOC.SANTE.CENTRE,,,,MAINA2019,13.692784,9.059659
RAPP_003693,1,MAINA2019,False,False,True,,,SSA_MFL/ligne_7026,,,Guebake Centre de Santé Integre,,,SOC.SANTE.CENTRE,,,,MAINA2019,13.541281,9.360351
RAPP_003694,1,MAINA2019,False,False,True,,,SSA_MFL/ligne_7027,,,Guede Centre de Santé Integre,,,SOC.SANTE.CENTRE,,,,MAINA2019,12.811737,8.694353
RAPP_003695,1,MAINA2019,False,False,True,,,SSA_MFL/ligne_7028,,,Guerete Centre de Santé Integre,,,SOC.SANTE.CENTRE,,,,MAINA2019,12.9964,9.4378
RAPP_003696,1,MAINA2019,False,False,True,,,SSA_MFL/ligne_7029,,,Guider Centre de Santé Integre,,,SOC.SANTE.CENTRE,,,,MAINA2019,13.949615,9.926538
RAPP_003697,1,MAINA2019,False,False,True,,,SSA_MFL/ligne_7030,,,Guider Hôpital de District,,,SOC.SANTE.HOPITAL,,,,MAINA2019,13.950757,9.929108
RAPP_003698,1,MAINA2019,False,False,True,,,SSA_MFL/ligne_7031,,,Guirviza Centre de Santé Integre,,,SOC.SANTE.CENTRE,,,,MAINA2019,13.3853,10.0466
RAPP_003699,1,MAINA2019,False,False,True,,,SSA_MFL/ligne_7032,,,Hamakoussou Centre de Santé Integre,,,SOC.SANTE.CENTRE,,,,MAINA2019,13.467,9.634
RAPP_003700,1,MAINA2019,False,False,True,,,SSA_MFL/ligne_7033,,,Holma Centre de Santé Integre,,,SOC.SANTE.CENTRE,,,,MAINA2019,13.790772,9.491492
RAPP_003701,1,MAINA2019,False,False,True,,,SSA_MFL/ligne_7034,,,Hormbali Centre de Santé Integre,,,SOC.SANTE.CENTRE,,,,MAINA2019,13.946443,7.696262
RAPP_003702,1,MAINA2019,False,False,True,,,SSA_MFL/ligne_7035,,,Houla Centre de Santé Integre,,,SOC.SANTE.CENTRE,,,,MAINA2019,13.7077,9.289
RAPP_003703,1,MAINA2019,False,False,True,,,SSA_MFL/ligne_7036,,,Insp. Medico-Sanit.,,,SOC.SANTE.CENTRE,,,,MAINA2019,13.4132,9.353
RAPP_003704,1,MAINA2019,False,False,True,,,SSA_MFL/ligne_7037,,,Jesus Sauve Et Guerit Centre de Santé,,,SOC.SANTE.CENTRE,,,,MAINA2019,13.4163,9.3311
RAPP_003705,1,MAINA2019,False,False,True,,,SSA_MFL/ligne_7038,,,Kakala Centre de Santé Integre,,,SOC.SANTE.CENTRE,,,,MAINA2019,13.944041,9.659139
RAPP_003706,1,MAINA2019,False,False,True,,,SSA_MFL/ligne_7039,,,Kali Centre de Santé Integre,,,SOC.SANTE.CENTRE,,,,MAINA2019,14.34187,8.370919
RAPP_003707,1,MAINA2019,False,False,True,,,SSA_MFL/ligne_7040,,,Karewa Centre de Santé Integre,,,SOC.SANTE.CENTRE,,,,MAINA2019,13.560882,9.171976
RAPP_003708,1,MAINA2019,False,False,True,,,SSA_MFL/ligne_7041,,,Karewa Centre de Santé Integre,,,SOC.SANTE.CENTRE,,,,MAINA2019,13.978246,9.767702
RAPP_003709,1,MAINA2019,False,False,True,,,SSA_MFL/ligne_7042,,,Kismatari Centre de Santé Integre,,,SOC.SANTE.CENTRE,,,,MAINA2019,13.492456,9.315488
RAPP_003710,1,MAINA2019,False,False,True,,,SSA_MFL/ligne_7043,,,Kobossi Centre de Santé Integre,,,SOC.SANTE.CENTRE,,,,MAINA2019,13.3031,9.9809
RAPP_003711,1,MAINA2019,False,False,True,,,SSA_MFL/ligne_7044,,,Kollere Centre de Santé Integre,,,SOC.SANTE.CENTRE,,,,MAINA2019,13.092,9.0029
RAPP_003712,1,MAINA2019,False,False,True,,,SSA_MFL/ligne_7045,,,Kollere Centre de Santé Integre,,,SOC.SANTE.CENTRE,,,,MAINA2019,13.346415,9.420205
RAPP_003713,1,MAINA2019,False,False,True,,,SSA_MFL/ligne_7046,,,Kong Kong Centre de Santé Integre,,,SOC.SANTE.CENTRE,,,,MAINA2019,14.17591,10.043251
RAPP_003714,1,MAINA2019,False,False,True,,,SSA_MFL/ligne_7047,,,Kong Rong Centre de Santé Integre,,,SOC.SANTE.CENTRE,,,,MAINA2019,14.182566,8.748661
RAPP_003715,1,MAINA2019,False,False,True,,,SSA_MFL/ligne_7048,,,Kotta Liddire Centre de Santé Integre,,,SOC.SANTE.CENTRE,,,,MAINA2019,13.404223,9.293679
RAPP_003716,1,MAINA2019,False,False,True,,,SSA_MFL/ligne_7049,,,Kourtesse Centre de Santé Integre,,,SOC.SANTE.CENTRE,,,,MAINA2019,12.927854,8.61012
RAPP_003717,1,MAINA2019,False,False,True,,,SSA_MFL/ligne_7050,,,Lagdo Hôpital de District,,,SOC.SANTE.HOPITAL,,,,MAINA2019,13.660185,9.051569
RAPP_003718,1,MAINA2019,False,False,True,,,SSA_MFL/ligne_7051,,,Lagdo Urbain Centre de Santé Integre,,,SOC.SANTE.CENTRE,,,,MAINA2019,13.664944,9.061325
RAPP_003719,1,MAINA2019,False,False,True,,,SSA_MFL/ligne_7052,,,Lainde Centre Médical d'Arrondissement,,,SOC.SANTE.CENTRE,,,,MAINA2019,13.414514,9.339031
RAPP_003720,1,MAINA2019,False,False,True,,,SSA_MFL/ligne_7053,,,Lainde Massa Centre de Santé Integre,,,SOC.SANTE.CENTRE,,,,MAINA2019,13.470892,9.082214
RAPP_003721,1,MAINA2019,False,False,True,,,SSA_MFL/ligne_7054,,,Lainde Tchitta Centre de Santé Integre,,,SOC.SANTE.CENTRE,,,,MAINA2019,13.535268,9.045428
RAPP_003722,1,MAINA2019,False,False,True,,,SSA_MFL/ligne_7055,,,Lam Centre de Santé Integre,,,SOC.SANTE.CENTRE,,,,MAINA2019,13.916066,9.572599
RAPP_003723,1,MAINA2019,False,False,True,,,SSA_MFL/ligne_7056,,,Lam Centre de Santé Integre,,,SOC.SANTE.CENTRE,,,,MAINA2019,14.129987,10.059193
RAPP_003724,1,MAINA2019,False,False,True,,,SSA_MFL/ligne_7057,,,Lamoudam Centre de Santé Integre,,,SOC.SANTE.CENTRE,,,,MAINA2019,13.530029,8.972809
RAPP_003725,1,MAINA2019,False,False,True,,,SSA_MFL/ligne_7058,,,Lanavet Bockle Centre de Santé,,,SOC.SANTE.CENTRE,,,,MAINA2019,13.12908,8.78173
RAPP_003726,1,MAINA2019,False,False,True,,,SSA_MFL/ligne_7059,,,Langui Centre de Santé Integre,,,SOC.SANTE.CENTRE,,,,MAINA2019,13.60355,9.323219
RAPP_003727,1,MAINA2019,False,False,True,,,SSA_MFL/ligne_7060,,,Larbak Centre de Santé Integre,,,SOC.SANTE.CENTRE,,,,MAINA2019,13.917085,10.040725
RAPP_003728,1,MAINA2019,False,False,True,,,SSA_MFL/ligne_7061,,,Libe Centre de Santé Integre,,,SOC.SANTE.CENTRE,,,,MAINA2019,13.797208,10.004272
RAPP_003729,1,MAINA2019,False,False,True,,,SSA_MFL/ligne_7062,,,Lombo Centre de Santé Integre,,,SOC.SANTE.CENTRE,,,,MAINA2019,14.0443,9.2399
RAPP_003730,1,MAINA2019,False,False,True,,,SSA_MFL/ligne_7063,,,Lougguere Centre de Santé Integre,,,SOC.SANTE.CENTRE,,,,MAINA2019,13.810342,9.923941
RAPP_003731,1,MAINA2019,False,False,True,,,SSA_MFL/ligne_7064,,,M Hôpital de District,,,SOC.SANTE.HOPITAL,,,,MAINA2019,13.392065,9.295341
RAPP_003732,1,MAINA2019,False,False,True,,,SSA_MFL/ligne_7065,,,Madingring Centre de Santé Integre,,,SOC.SANTE.CENTRE,,,,MAINA2019,15.010618,8.438495
RAPP_003733,1,MAINA2019,False,False,True,,,SSA_MFL/ligne_7066,,,Mafare Centre de Santé Integre,,,SOC.SANTE.CENTRE,,,,MAINA2019,15.416308,7.63081
RAPP_003734,1,MAINA2019,False,False,True,,,SSA_MFL/ligne_7067,,,Malkoga Centre de Santé Integre,,,SOC.SANTE.CENTRE,,,,MAINA2019,12.34104,8.379551
RAPP_003735,1,MAINA2019,False,False,True,,,SSA_MFL/ligne_7068,,,Mana Centre de Santé Integre,,,SOC.SANTE.CENTRE,,,,MAINA2019,12.8667,7.9667
RAPP_003736,1,MAINA2019,False,False,True,,,SSA_MFL/ligne_7069,,,Mandama Centre de Santé Integre,,,SOC.SANTE.CENTRE,,,,MAINA2019,13.691571,10.139628
RAPP_003737,1,MAINA2019,False,False,True,,,SSA_MFL/ligne_7071,,,Matafal Centre de Santé Integre,,,SOC.SANTE.CENTRE,,,,MAINA2019,14.034821,10.095643
RAPP_003738,1,MAINA2019,False,False,True,,,SSA_MFL/ligne_7072,,,Maye Poli Centre de Santé Integre,,,SOC.SANTE.CENTRE,,,,MAINA2019,13.862175,9.873808
RAPP_003739,1,MAINA2019,False,False,True,,,SSA_MFL/ligne_7073,,,Mayo - Bocki Centre de Santé Integre,,,SOC.SANTE.CENTRE,,,,MAINA2019,13.6667,8.75
RAPP_003740,1,MAINA2019,False,False,True,,,SSA_MFL/ligne_7074,,,Mayo Djarendi Centre de Santé Integre,,,SOC.SANTE.CENTRE,,,,MAINA2019,14.193749,8.387694
RAPP_003741,1,MAINA2019,False,False,True,,,SSA_MFL/ligne_7075,,,Mayo Galke Centre de Santé Integre,,,SOC.SANTE.CENTRE,,,,MAINA2019,14.238363,8.38234
RAPP_003742,1,MAINA2019,False,False,True,,,SSA_MFL/ligne_7076,,,Mayo Lope Centre de Santé Integre,,,SOC.SANTE.CENTRE,,,,MAINA2019,14.258753,9.349252
RAPP_003743,1,MAINA2019,False,False,True,,,SSA_MFL/ligne_7077,,,Mayo Loue Centre de Santé Integre,,,SOC.SANTE.CENTRE,,,,MAINA2019,13.976313,9.941672
RAPP_003744,1,MAINA2019,False,False,True,,,SSA_MFL/ligne_7078,,,Mayo Oulo Centre de Santé Integre,,,SOC.SANTE.CENTRE,,,,MAINA2019,13.612572,9.961502
RAPP_003745,1,MAINA2019,False,False,True,,,SSA_MFL/ligne_7079,,,Mayo Oulo Hôpital de District,,,SOC.SANTE.HOPITAL,,,,MAINA2019,13.6183,9.9686
RAPP_003746,1,MAINA2019,False,False,True,,,SSA_MFL/ligne_7080,,,Mbaga Centre de Santé Integre,,,SOC.SANTE.CENTRE,,,,MAINA2019,12.970224,9.195801
RAPP_003747,1,MAINA2019,False,False,True,,,SSA_MFL/ligne_7081,,,Mbai Mboum Centre de Santé Integre,,,SOC.SANTE.CENTRE,,,,MAINA2019,15.443909,7.548481
RAPP_003748,1,MAINA2019,False,False,True,,,SSA_MFL/ligne_7082,,,Mbaka Centre de Santé Integre,,,SOC.SANTE.CENTRE,,,,MAINA2019,14.176733,7.614392
RAPP_003749,1,MAINA2019,False,False,True,,,SSA_MFL/ligne_7083,,,Mbang Rey Centre de Santé Integre,,,SOC.SANTE.CENTRE,,,,MAINA2019,14.482464,7.177523
RAPP_003750,1,MAINA2019,False,False,True,,,SSA_MFL/ligne_7084,,,Mbeing Centre de Santé Integre,,,SOC.SANTE.CENTRE,,,,MAINA2019,14.89257,7.869304
RAPP_003751,1,MAINA2019,False,False,True,,,SSA_MFL/ligne_7085,,,Mbella Centre de Santé Integre,,,SOC.SANTE.CENTRE,,,,MAINA2019,12.85,8.916667
RAPP_003752,1,MAINA2019,False,False,True,,,SSA_MFL/ligne_7086,,,Mindjil Centre de Santé Integre,,,SOC.SANTE.CENTRE,,,,MAINA2019,14.202132,10.00318
RAPP_003753,1,MAINA2019,False,False,True,,,SSA_MFL/ligne_7087,,,Mombore Centre de Santé Integre,,,SOC.SANTE.CENTRE,,,,MAINA2019,14.346094,9.225922
RAPP_003754,1,MAINA2019,False,False,True,,,SSA_MFL/ligne_7088,,,Morija Centre de Santé Integre,,,SOC.SANTE.CENTRE,,,,MAINA2019,13.940335,9.893702
RAPP_003755,1,MAINA2019,False,False,True,,,SSA_MFL/ligne_7089,,,Mouroum Centre de Santé Integre,,,SOC.SANTE.CENTRE,,,,MAINA2019,13.652167,9.889737
RAPP_003756,1,MAINA2019,False,False,True,,,SSA_MFL/ligne_7090,,,Mousgoy Centre de Santé Integre,,,SOC.SANTE.CENTRE,,,,MAINA2019,13.890163,10.159236
RAPP_003757,1,MAINA2019,False,False,True,,,SSA_MFL/ligne_7091,,,Naari Centre de Santé Integre,,,SOC.SANTE.CENTRE,,,,MAINA2019,13.654939,8.759883
RAPP_003758,1,MAINA2019,False,False,True,,,SSA_MFL/ligne_7092,,,Nakong Centre de Santé Integre,,,SOC.SANTE.CENTRE,,,,MAINA2019,13.256661,9.299631
RAPP_003759,1,MAINA2019,False,False,True,,,SSA_MFL/ligne_7093,,,Nassarao Centre de Santé Integre,,,SOC.SANTE.CENTRE,,,,MAINA2019,13.444141,9.360023
RAPP_003760,1,MAINA2019,False,False,True,,,SSA_MFL/ligne_7094,,,Nd Perpet Secours Centre de Santé Integre,,,SOC.SANTE.CENTRE,,,,MAINA2019,13.5073,9.381
RAPP_003761,1,MAINA2019,False,False,True,,,SSA_MFL/ligne_7095,,,Ndiam - Badi Centre de Santé Integre,,,SOC.SANTE.CENTRE,,,,MAINA2019,13.8238,9.1202
RAPP_003762,1,MAINA2019,False,False,True,,,SSA_MFL/ligne_7096,,,Ndingtire Centre de Santé Integre,,,SOC.SANTE.CENTRE,,,,MAINA2019,12.764941,8.572763
RAPP_003763,1,MAINA2019,False,False,True,,,SSA_MFL/ligne_7097,,,Ndjola Centre de Santé Integre,,,SOC.SANTE.CENTRE,,,,MAINA2019,13.507075,9.086737
RAPP_003764,1,MAINA2019,False,False,True,,,SSA_MFL/ligne_7098,,,Ndjola Centre de Santé Integre,,,SOC.SANTE.CENTRE,,,,MAINA2019,13.389781,9.29734
RAPP_003765,1,MAINA2019,False,False,True,,,SSA_MFL/ligne_7099,,,Ngai Lara Centre de Santé Integre,,,SOC.SANTE.CENTRE,,,,MAINA2019,15.173704,8.013053
RAPP_003766,1,MAINA2019,False,False,True,,,SSA_MFL/ligne_7100,,,Ngalbidje Centre de Santé Integre,,,SOC.SANTE.CENTRE,,,,MAINA2019,13.392985,9.338232
RAPP_003767,1,MAINA2019,False,False,True,,,SSA_MFL/ligne_7101,,,Ngong Centre de Santé Integre,,,SOC.SANTE.CENTRE,,,,MAINA2019,13.511447,9.021909
RAPP_003768,1,MAINA2019,False,False,True,,,SSA_MFL/ligne_7102,,,Ngong Hôpital de District,,,SOC.SANTE.HOPITAL,,,,MAINA2019,13.5097,9.0251
RAPP_003769,1,MAINA2019,False,False,True,,,SSA_MFL/ligne_7103,,,Notre Dame de Perpetuels Secours Centre de Santé Integre,,,SOC.SANTE.CENTRE,,,,MAINA2019,13.51149,9.381957
RAPP_003770,1,MAINA2019,False,False,True,,,SSA_MFL/ligne_7104,,,Nounoudje Protestant Centre de Santé,,,SOC.SANTE.CENTRE,,,,MAINA2019,14.1698,8.402201
RAPP_003771,1,MAINA2019,False,False,True,,,SSA_MFL/ligne_7105,,,Ntham Centre de Santé Integre,,,SOC.SANTE.CENTRE,,,,MAINA2019,14.3275,8.4176
RAPP_003772,1,MAINA2019,False,False,True,,,SSA_MFL/ligne_7106,,,Nyimdelou Centre de Santé Integre,,,SOC.SANTE.CENTRE,,,,MAINA2019,12.550908,8.498821
RAPP_003773,1,MAINA2019,False,False,True,,,SSA_MFL/ligne_7107,,,Ouro Kanadi Centre de Santé Integre,,,SOC.SANTE.CENTRE,,,,MAINA2019,13.596,9.052
RAPP_003774,1,MAINA2019,False,False,True,,,SSA_MFL/ligne_7108,,,Ouro Malloum Centre de Santé Integre,,,SOC.SANTE.CENTRE,,,,MAINA2019,13.607785,9.753601
RAPP_003775,1,MAINA2019,False,False,True,,,SSA_MFL/ligne_7109,,,Ouro Sekehi Centre de Santé Integre,,,SOC.SANTE.CENTRE,,,,MAINA2019,13.092482,8.996608
RAPP_003776,1,MAINA2019,False,False,True,,,SSA_MFL/ligne_7110,,,Ouro Tara Centre de Santé Integre,,,SOC.SANTE.CENTRE,,,,MAINA2019,13.984022,9.901554
RAPP_003777,1,MAINA2019,False,False,True,,,SSA_MFL/ligne_7111,,,Ouro-Kessoum Centre de Santé Integre,,,SOC.SANTE.CENTRE,,,,MAINA2019,13.637799,8.807666
RAPP_003778,1,MAINA2019,False,False,True,,,SSA_MFL/ligne_7112,,,Padarme Centre de Santé Integre,,,SOC.SANTE.CENTRE,,,,MAINA2019,14.0617,9.5304
RAPP_003779,1,MAINA2019,False,False,True,,,SSA_MFL/ligne_7113,,,Paha Centre de Santé Integre,,,SOC.SANTE.CENTRE,,,,MAINA2019,13.765483,10.155316
RAPP_003780,1,MAINA2019,False,False,True,,,SSA_MFL/ligne_7114,,,Pelgue Centre de Santé Integre,,,SOC.SANTE.CENTRE,,,,MAINA2019,14.035204,9.769635
RAPP_003781,1,MAINA2019,False,False,True,,,SSA_MFL/ligne_7115,,,Pene Centre de Santé Integre,,,SOC.SANTE.CENTRE,,,,MAINA2019,13.622852,9.574975
RAPP_003782,1,MAINA2019,False,False,True,,,SSA_MFL/ligne_7116,,,Phacochere Centre de Santé Integre,,,SOC.SANTE.CENTRE,,,,MAINA2019,15.140986,8.135714
RAPP_003783,1,MAINA2019,False,False,True,,,SSA_MFL/ligne_7117,,,Pitoa Centre de Santé Integre,,,SOC.SANTE.CENTRE,,,,MAINA2019,13.508634,9.377959
RAPP_003784,1,MAINA2019,False,False,True,,,SSA_MFL/ligne_7119,,,Poli Centre de Santé Integre,,,SOC.SANTE.CENTRE,,,,MAINA2019,13.242707,8.468667
RAPP_003785,1,MAINA2019,False,False,True,,,SSA_MFL/ligne_7120,,,Poli Hôpital de District,,,SOC.SANTE.HOPITAL,,,,MAINA2019,13.2454,8.4748
RAPP_003786,1,MAINA2019,False,False,True,,,SSA_MFL/ligne_7121,,,Pologozom Centre de Santé Integre,,,SOC.SANTE.CENTRE,,,,MAINA2019,13.702933,10.065805
RAPP_003787,1,MAINA2019,False,False,True,,,SSA_MFL/ligne_7122,,,Pomla Centre de Santé Integre,,,SOC.SANTE.CENTRE,,,,MAINA2019,12.870747,8.762882
RAPP_003788,1,MAINA2019,False,False,True,,,SSA_MFL/ligne_7123,,,Pomla Centre de Santé Integre,,,SOC.SANTE.CENTRE,,,,MAINA2019,13.388782,9.296769
RAPP_003789,1,MAINA2019,False,False,True,,,SSA_MFL/ligne_7124,,,Pomla Manga Centre de Santé Integre,,,SOC.SANTE.CENTRE,,,,MAINA2019,13.339572,9.417441
RAPP_003790,1,MAINA2019,False,False,True,,,SSA_MFL/ligne_7125,,,Poumpoumre Centre de Santé Integre,,,SOC.SANTE.CENTRE,,,,MAINA2019,13.410974,9.324526
RAPP_003791,1,MAINA2019,False,False,True,,,SSA_MFL/ligne_7126,,,Poussane Centre de Santé Integre,,,SOC.SANTE.CENTRE,,,,MAINA2019,13.512724,9.572272
RAPP_003792,1,MAINA2019,False,False,True,,,SSA_MFL/ligne_7127,,,Publique Centre de Santé Integre,,,SOC.SANTE.CENTRE,,,,MAINA2019,13.054967,8.562745
RAPP_003793,1,MAINA2019,False,False,True,,,SSA_MFL/ligne_7128,,,Rey Bouba Centre de Santé Integre,,,SOC.SANTE.CENTRE,,,,MAINA2019,14.179294,8.663893
RAPP_003794,1,MAINA2019,False,False,True,,,SSA_MFL/ligne_7129,,,Rey Bouba Hôpital de District,,,SOC.SANTE.HOPITAL,,,,MAINA2019,14.173643,8.659134
RAPP_003795,1,MAINA2019,False,False,True,,,SSA_MFL/ligne_7130,,,Rognou Centre de Santé Integre,,,SOC.SANTE.CENTRE,,,,MAINA2019,13.5307,9.8769
RAPP_003796,1,MAINA2019,False,False,True,,,SSA_MFL/ligne_7131,,,Roumde Adjia Centre de Santé Integre,,,SOC.SANTE.CENTRE,,,,MAINA2019,13.393499,9.318758
RAPP_003797,1,MAINA2019,False,False,True,,,SSA_MFL/ligne_7132,,,Sabongari Centre de Santé Integre,,,SOC.SANTE.CENTRE,,,,MAINA2019,13.549072,9.473232
RAPP_003798,1,MAINA2019,False,False,True,,,SSA_MFL/ligne_7133,,,Sainte Martine Centre de Santé,,,SOC.SANTE.CENTRE,,,,MAINA2019,13.9821,9.9102
RAPP_003799,1,MAINA2019,False,False,True,,,SSA_MFL/ligne_7134,,,Sakdje Centre de Santé Integre,,,SOC.SANTE.CENTRE,,,,MAINA2019,13.655633,8.255515
RAPP_003800,1,MAINA2019,False,False,True,,,SSA_MFL/ligne_7135,,,Sanguere Ngal Centre de Santé Integre,,,SOC.SANTE.CENTRE,,,,MAINA2019,13.14398,8.82583
RAPP_003801,1,MAINA2019,False,False,True,,,SSA_MFL/ligne_7136,,,Sekande Centre de Santé Integre,,,SOC.SANTE.CENTRE,,,,MAINA2019,13.555,9.4239
RAPP_003802,1,MAINA2019,False,False,True,,,SSA_MFL/ligne_7137,,,Sinassi Centre de Santé Integre,,,SOC.SANTE.CENTRE,,,,MAINA2019,14.4832,8.8587
RAPP_003803,1,MAINA2019,False,False,True,,,SSA_MFL/ligne_7138,,,Sirdjam Centre de Santé Integre,,,SOC.SANTE.CENTRE,,,,MAINA2019,13.266501,8.552246
RAPP_003804,1,MAINA2019,False,False,True,,,SSA_MFL/ligne_7139,,,Somessi Centre de Santé Integre,,,SOC.SANTE.CENTRE,,,,MAINA2019,14.088636,9.057932
RAPP_003805,1,MAINA2019,False,False,True,,,SSA_MFL/ligne_7140,,,Sorawel Centre de Santé Integre,,,SOC.SANTE.CENTRE,,,,MAINA2019,13.837059,9.77512
RAPP_003806,1,MAINA2019,False,False,True,,,SSA_MFL/ligne_7141,,,Sorombeo Centre de Santé Integre,,,SOC.SANTE.CENTRE,,,,MAINA2019,14.945777,8.214231
RAPP_003807,1,MAINA2019,False,False,True,,,SSA_MFL/ligne_7142,,,Sossilim Centre de Santé Integre,,,SOC.SANTE.CENTRE,,,,MAINA2019,13.696,9.6234
RAPP_003808,1,MAINA2019,False,False,True,,,SSA_MFL/ligne_7143,,,Souari Centre de Santé Integre,,,SOC.SANTE.CENTRE,,,,MAINA2019,13.392548,9.283808
RAPP_003809,1,MAINA2019,False,False,True,,,SSA_MFL/ligne_7144,,,Soukoundou Centre de Santé Integre,,,SOC.SANTE.CENTRE,,,,MAINA2019,13.89365,9.845732
RAPP_003810,1,MAINA2019,False,False,True,,,SSA_MFL/ligne_7145,,,St Martine Centre de Santé Integre,,,SOC.SANTE.CENTRE,,,,MAINA2019,13.95918,9.921827
RAPP_003811,1,MAINA2019,False,False,True,,,SSA_MFL/ligne_7146,,,St Vincent de Paul Centre de Santé Integre,,,SOC.SANTE.CENTRE,,,,MAINA2019,12.956005,8.94287
RAPP_003812,1,MAINA2019,False,False,True,,,SSA_MFL/ligne_7147,,,Surete Nationale Centre Medic.,,,SOC.SANTE.CENTRE,,,,MAINA2019,13.1018,9.0032
RAPP_003813,1,MAINA2019,False,False,True,,,SSA_MFL/ligne_7148,,,Taboun Centre de Santé Integre,,,SOC.SANTE.CENTRE,,,,MAINA2019,14.047055,8.229936
RAPP_003814,1,MAINA2019,False,False,True,,,SSA_MFL/ligne_7149,,,Takasco Centre de Santé Integre,,,SOC.SANTE.CENTRE,,,,MAINA2019,13.422167,9.343914
RAPP_003815,1,MAINA2019,False,False,True,,,SSA_MFL/ligne_7150,,,Tam Centre de Santé Integre,,,SOC.SANTE.CENTRE,,,,MAINA2019,13.6552,9.3938
RAPP_003816,1,MAINA2019,False,False,True,,,SSA_MFL/ligne_7151,,,Tapare Centre de Santé Integre,,,SOC.SANTE.CENTRE,,,,MAINA2019,12.853139,8.618211
RAPP_003817,1,MAINA2019,False,False,True,,,SSA_MFL/ligne_7152,,,Tchamba Centre de Santé Integre,,,SOC.SANTE.CENTRE,,,,MAINA2019,12.805074,8.615355
RAPP_003818,1,MAINA2019,False,False,True,,,SSA_MFL/ligne_7153,,,Tcharatche Centre de Santé Integre,,,SOC.SANTE.CENTRE,,,,MAINA2019,13.137025,9.337096
RAPP_003819,1,MAINA2019,False,False,True,,,SSA_MFL/ligne_7154,,,Tcheboa Centre de Santé Integre,,,SOC.SANTE.CENTRE,,,,MAINA2019,13.184729,9.017236
RAPP_003820,1,MAINA2019,False,False,True,,,SSA_MFL/ligne_7155,,,Tchekal Centre de Santé Integre,,,SOC.SANTE.CENTRE,,,,MAINA2019,13.813,9.6548
RAPP_003821,1,MAINA2019,False,False,True,,,SSA_MFL/ligne_7156,,,Tchirkontchi Centre de Santé Integre,,,SOC.SANTE.CENTRE,,,,MAINA2019,12.972,9.3412
RAPP_003822,1,MAINA2019,False,False,True,,,SSA_MFL/ligne_7157,,,Tchollaram Centre de Santé Integre,,,SOC.SANTE.CENTRE,,,,MAINA2019,13.565528,9.53946
RAPP_003823,1,MAINA2019,False,False,True,,,SSA_MFL/ligne_7158,,,Tchollire Centre de Santé Integre,,,SOC.SANTE.CENTRE,,,,MAINA2019,14.172333,8.388765
RAPP_003824,1,MAINA2019,False,False,True,,,SSA_MFL/ligne_7159,,,Tchollire Hôpital de District,,,SOC.SANTE.HOPITAL,,,,MAINA2019,14.1698,8.4022
RAPP_003825,1,MAINA2019,False,False,True,,,SSA_MFL/ligne_7160,,,Tchontchi Centre de Santé Integre,,,SOC.SANTE.CENTRE,,,,MAINA2019,13.848965,9.702271
RAPP_003826,1,MAINA2019,False,False,True,,,SSA_MFL/ligne_7161,,,Tete Centre de Santé Integre,,,SOC.SANTE.CENTRE,,,,MAINA2019,13.060152,8.605362
RAPP_003827,1,MAINA2019,False,False,True,,,SSA_MFL/ligne_7162,,,Tham Centre de Santé Integre,,,SOC.SANTE.CENTRE,,,,MAINA2019,14.400048,8.356642
RAPP_003828,1,MAINA2019,False,False,True,,,SSA_MFL/ligne_7163,,,Tingling Centre de Santé Integre,,,SOC.SANTE.CENTRE,,,,MAINA2019,13.3657,9.4375
RAPP_003829,1,MAINA2019,False,False,True,,,SSA_MFL/ligne_7164,,,Tongo Centre de Santé Integre,,,SOC.SANTE.CENTRE,,,,MAINA2019,13.509351,8.906374
RAPP_003830,1,MAINA2019,False,False,True,,,SSA_MFL/ligne_7165,,,Touboro Centre de Santé Integre,,,SOC.SANTE.CENTRE,,,,MAINA2019,15.364316,7.770961
RAPP_003831,1,MAINA2019,False,False,True,,,SSA_MFL/ligne_7166,,,Touboro Hôpital de District,,,SOC.SANTE.HOPITAL,,,,MAINA2019,15.35575,7.767748
RAPP_003832,1,MAINA2019,False,False,True,,,SSA_MFL/ligne_7167,,,Touroua Centre Medical d’Arrondissement,,,SOC.SANTE.CENTRE,,,,MAINA2019,12.9667,9.0833
RAPP_003833,1,MAINA2019,False,False,True,,,SSA_MFL/ligne_7168,,,Vogzom Centre de Santé Integre,,,SOC.SANTE.CENTRE,,,,MAINA2019,14.662001,7.775077
RAPP_003834,1,MAINA2019,False,False,True,,,SSA_MFL/ligne_7169,,,Vongna Centre de Santé Integre,,,SOC.SANTE.CENTRE,,,,MAINA2019,14.3833,7.7167
RAPP_003835,1,MAINA2019,False,False,True,,,SSA_MFL/ligne_7170,,,Wafo Centre de Santé Integre,,,SOC.SANTE.CENTRE,,,,MAINA2019,13.657497,9.777998
RAPP_003836,1,MAINA2019,False,False,True,,,SSA_MFL/ligne_7171,,,Wangai Centre de Santé Integre,,,SOC.SANTE.CENTRE,,,,MAINA2019,12.679815,8.551943
RAPP_003837,1,MAINA2019,False,False,True,,,SSA_MFL/ligne_7172,,,Yanli Centre de Santé Integre,,,SOC.SANTE.CENTRE,,,,MAINA2019,15.273641,8.056359
RAPP_003838,1,MAINA2019,False,False,True,,,SSA_MFL/ligne_7173,,,Yelli Centre de Santé Integre,,,SOC.SANTE.CENTRE,,,,MAINA2019,12.4731,8.585255
RAPP_003839,1,MAINA2019,False,False,True,,,SSA_MFL/ligne_7174,,,Zone Recasement Centre de Santé Integre,,,SOC.SANTE.CENTRE,,,,MAINA2019,13.777493,9.077267
RAPP_003840,1,MAINA2019,False,False,True,,,SSA_MFL/ligne_7175,,,Abar Centre de Santé Integre,,,SOC.SANTE.CENTRE,,,,MAINA2019,10.242761,6.576128
RAPP_003841,1,MAINA2019,False,False,True,,,SSA_MFL/ligne_7176,,,Abebung Centre de Santé Integre,,,SOC.SANTE.CENTRE,,,,MAINA2019,9.8412,5.938
RAPP_003842,1,MAINA2019,False,False,True,,,SSA_MFL/ligne_7177,,,Abongshie Centre de Santé Integre,,,SOC.SANTE.CENTRE,,,,MAINA2019,10.75,6.8833
RAPP_003843,1,MAINA2019,False,False,True,,,SSA_MFL/ligne_7178,,,Abuh Centre de Santé Integre,,,SOC.SANTE.CENTRE,,,,MAINA2019,10.341176,6.294148
RAPP_003844,1,MAINA2019,False,False,True,,,SSA_MFL/ligne_7179,,,Acha Baptist Centre de Santé,,,SOC.SANTE.CENTRE,,,,MAINA2019,10.445728,6.162436
RAPP_003845,1,MAINA2019,False,False,True,,,SSA_MFL/ligne_7180,,,Achain Catholique Centre de Santé Integre,,,SOC.SANTE.CENTRE,,,,MAINA2019,10.3973,6.3528
RAPP_003846,1,MAINA2019,False,False,True,,,SSA_MFL/ligne_7181,,,Aduk Centre de Santé Integre,,,SOC.SANTE.CENTRE,,,,MAINA2019,10.348413,6.327467
RAPP_003847,1,MAINA2019,False,False,True,,,SSA_MFL/ligne_7182,,,Ajei Centre de Santé Integre,,,SOC.SANTE.CENTRE,,,,MAINA2019,9.8668,5.9415
RAPP_003848,1,MAINA2019,False,False,True,,,SSA_MFL/ligne_7183,,,Akanuku Centre de Santé Integre,,,SOC.SANTE.CENTRE,,,,MAINA2019,9.696165,6.045758
RAPP_003849,1,MAINA2019,False,False,True,,,SSA_MFL/ligne_7184,,,Akeh Baptist Centre de Santé Integre,,,SOC.SANTE.CENTRE,,,,MAINA2019,10.450027,6.298972
RAPP_003850,1,MAINA2019,False,False,True,,,SSA_MFL/ligne_7185,,,Ako Catholic Centre de Santé,,,SOC.SANTE.CENTRE,,,,MAINA2019,10.7225,6.8241
RAPP_003851,1,MAINA2019,False,False,True,,,SSA_MFL/ligne_7186,,,Ako Hôpital de District,,,SOC.SANTE.HOPITAL,,,,MAINA2019,10.718888,6.835788
RAPP_003852,1,MAINA2019,False,False,True,,,SSA_MFL/ligne_7187,,,Ako Urban Centre de Santé Integre,,,SOC.SANTE.CENTRE,,,,MAINA2019,10.7195,6.8332
RAPP_003853,1,MAINA2019,False,False,True,,,SSA_MFL/ligne_7188,,,Akofunguba Centre de Santé Integre,,,SOC.SANTE.CENTRE,,,,MAINA2019,10.018963,6.146045
RAPP_003854,1,MAINA2019,False,False,True,,,SSA_MFL/ligne_7189,,,Akossia Centre de Santé Integre,,,SOC.SANTE.CENTRE,,,,MAINA2019,10.025832,6.239253
RAPP_003855,1,MAINA2019,False,False,True,,,SSA_MFL/ligne_7190,,,Akum Centre de Santé Integre,,,SOC.SANTE.CENTRE,,,,MAINA2019,10.15443,5.892228
RAPP_003856,1,MAINA2019,False,False,True,,,SSA_MFL/ligne_7191,,,Akumlam Centre de Santé Integre,,,SOC.SANTE.CENTRE,,,,MAINA2019,10.111261,5.955835
RAPP_003857,1,MAINA2019,False,False,True,,,SSA_MFL/ligne_7192,,,Akwaja Centre de Santé Integre,,,SOC.SANTE.CENTRE,,,,MAINA2019,10.781017,6.71674
RAPP_003858,1,MAINA2019,False,False,True,,,SSA_MFL/ligne_7193,,,Alabukam Centre de Santé Integre,,,SOC.SANTE.CENTRE,,,,MAINA2019,10.069751,5.967911
RAPP_003859,1,MAINA2019,False,False,True,,,SSA_MFL/ligne_7194,,,Alamandom Centre de Santé Integre,,,SOC.SANTE.CENTRE,,,,MAINA2019,10.072077,6.004037
RAPP_003860,1,MAINA2019,False,False,True,,,SSA_MFL/ligne_7195,,,Andek Centre de Santé Integre,,,SOC.SANTE.CENTRE,,,,MAINA2019,9.834008,5.974688
RAPP_003861,1,MAINA2019,False,False,True,,,SSA_MFL/ligne_7196,,,Anjake Centre de Santé Integre,,,SOC.SANTE.CENTRE,,,,MAINA2019,9.859508,5.989885
RAPP_003862,1,MAINA2019,False,False,True,,,SSA_MFL/ligne_7197,,,Anyajua Centre de Santé Integre,,,SOC.SANTE.CENTRE,,,,MAINA2019,10.386015,6.197078
RAPP_003863,1,MAINA2019,False,False,True,,,SSA_MFL/ligne_7198,,,Ashing Catholic Centre de Santé,,,SOC.SANTE.CENTRE,,,,MAINA2019,10.3476,6.1857
RAPP_003864,1,MAINA2019,False,False,True,,,SSA_MFL/ligne_7199,,,Ashong Baptist Centre de Santé Integre,,,SOC.SANTE.CENTRE,,,,MAINA2019,9.95691,5.789869
RAPP_003865,1,MAINA2019,False,False,True,,,SSA_MFL/ligne_7200,,,Ashong Centre Médical d'Arrondissement,,,SOC.SANTE.CENTRE,,,,MAINA2019,9.964524,5.770833
RAPP_003866,1,MAINA2019,False,False,True,,,SSA_MFL/ligne_7201,,,Atuakom Centre de Santé Integre,,,SOC.SANTE.CENTRE,,,,MAINA2019,10.14261,5.942475
RAPP_003867,1,MAINA2019,False,False,True,,,SSA_MFL/ligne_7202,,,Awing Centre Medical d’Arrondissement,,,SOC.SANTE.CENTRE,,,,MAINA2019,10.2538,5.8359
RAPP_003868,1,MAINA2019,False,False,True,,,SSA_MFL/ligne_7203,,,Awing Presbyterian Centre de Santé,,,SOC.SANTE.CENTRE,,,,MAINA2019,10.2501,5.8463
RAPP_003869,1,MAINA2019,False,False,True,,,SSA_MFL/ligne_7204,,,Azem Centre de Santé Integre,,,SOC.SANTE.CENTRE,,,,MAINA2019,9.790739,5.903227
RAPP_003870,1,MAINA2019,False,False,True,,,SSA_MFL/ligne_7205,,,Azire Centre de Santé Integre,,,SOC.SANTE.CENTRE,,,,MAINA2019,10.142848,5.951219
RAPP_003871,1,MAINA2019,False,False,True,,,SSA_MFL/ligne_7206,,,Baba 1 Centre de Santé Integre,,,SOC.SANTE.CENTRE,,,,MAINA2019,10.484475,6.036747
RAPP_003872,1,MAINA2019,False,False,True,,,SSA_MFL/ligne_7207,,,Baba 2 Centre de Santé Integre,,,SOC.SANTE.CENTRE,,,,MAINA2019,10.094735,5.860998
RAPP_003873,1,MAINA2019,False,False,True,,,SSA_MFL/ligne_7208,,,Babessi Centre Médical d'Arrondissement,,,SOC.SANTE.CENTRE,,,,MAINA2019,10.582169,6.030566
RAPP_003874,1,MAINA2019,False,False,True,,,SSA_MFL/ligne_7209,,,Babungo Centre de Santé Integre,,,SOC.SANTE.CENTRE,,,,MAINA2019,10.446021,6.062643
RAPP_003875,1,MAINA2019,False,False,True,,,SSA_MFL/ligne_7210,,,Bafanji Centre de Santé Integre,,,SOC.SANTE.CENTRE,,,,MAINA2019,10.438869,5.85726
RAPP_003876,1,MAINA2019,False,False,True,,,SSA_MFL/ligne_7211,,,Bafmen Centre de Santé Integre,,,SOC.SANTE.CENTRE,,,,MAINA2019,10.184314,5.97352
RAPP_003877,1,MAINA2019,False,False,True,,,SSA_MFL/ligne_7212,,,Baforkum Centre de Santé Integre,,,SOC.SANTE.CENTRE,,,,MAINA2019,10.263994,6.013022
RAPP_003878,1,MAINA2019,False,False,True,,,SSA_MFL/ligne_7213,,,Bafut Hôpital de District,,,SOC.SANTE.HOPITAL,,,,MAINA2019,10.110858,6.092602
RAPP_003879,1,MAINA2019,False,False,True,,,SSA_MFL/ligne_7214,,,Bali Catholique Centre de Santé Integre,,,SOC.SANTE.CENTRE,,,,MAINA2019,10.010856,5.889091
RAPP_003880,1,MAINA2019,False,False,True,,,SSA_MFL/ligne_7215,,,Bali Centre de Santé Integre,,,SOC.SANTE.CENTRE,,,,MAINA2019,10.004917,5.890404
RAPP_003881,1,MAINA2019,False,False,True,,,SSA_MFL/ligne_7216,,,Bali Hôpital de District,,,SOC.SANTE.HOPITAL,,,,MAINA2019,10.007087,5.893945
RAPP_003882,1,MAINA2019,False,False,True,,,SSA_MFL/ligne_7217,,,Baligham Centre de Santé Integre,,,SOC.SANTE.CENTRE,,,,MAINA2019,10.245058,5.755356
RAPP_003883,1,MAINA2019,False,False,True,,,SSA_MFL/ligne_7218,,,Balikumbat Centre Médical d'Arrondissement,,,SOC.SANTE.CENTRE,,,,MAINA2019,10.368818,5.880483
RAPP_003884,1,MAINA2019,False,False,True,,,SSA_MFL/ligne_7219,,,Bambalang Centre de Santé Integre,,,SOC.SANTE.CENTRE,,,,MAINA2019,10.515203,5.887526
RAPP_003885,1,MAINA2019,False,False,True,,,SSA_MFL/ligne_7220,,,Bambili Centre Médical d'Arrondissement,,,SOC.SANTE.CENTRE,,,,MAINA2019,10.248146,6.002743
RAPP_003886,1,MAINA2019,False,False,True,,,SSA_MFL/ligne_7221,,,Bambui Centre de Santé Integre,,,SOC.SANTE.CENTRE,,,,MAINA2019,10.237582,6.02016
RAPP_003887,1,MAINA2019,False,False,True,,,SSA_MFL/ligne_7222,,,Bamdzeng Baptist Centre de Santé,,,SOC.SANTE.CENTRE,,,,MAINA2019,10.7921,6.2241
RAPP_003888,1,MAINA2019,False,False,True,,,SSA_MFL/ligne_7223,,,Bamenda Hôpital Regional,,,SOC.SANTE.HOPITAL,,,,MAINA2019,10.141837,5.951095
RAPP_003889,1,MAINA2019,False,False,True,,,SSA_MFL/ligne_7224,,,Bamessing Centre de Santé Integre,,,SOC.SANTE.CENTRE,,,,MAINA2019,10.34218,5.968086
RAPP_003890,1,MAINA2019,False,False,True,,,SSA_MFL/ligne_7225,,,Bamti Catholique Centre de Santé,,,SOC.SANTE.CENTRE,,,,MAINA2019,10.361971,6.20479
RAPP_003891,1,MAINA2019,False,False,True,,,SSA_MFL/ligne_7226,,,Bamunka Rural Centre de Santé Integre,,,SOC.SANTE.CENTRE,,,,MAINA2019,10.482238,5.970348
RAPP_003892,1,MAINA2019,False,False,True,,,SSA_MFL/ligne_7227,,,Bamunka Urban Centre de Santé Integre,,,SOC.SANTE.CENTRE,,,,MAINA2019,10.428265,5.982107
RAPP_003893,1,MAINA2019,False,False,True,,,SSA_MFL/ligne_7228,,,Bamunkumbit Centre de Santé Integre,,,SOC.SANTE.CENTRE,,,,MAINA2019,10.334522,5.843604
RAPP_003894,1,MAINA2019,False,False,True,,,SSA_MFL/ligne_7230,,,Bantakpa Centre de Santé,,,SOC.SANTE.CENTRE,,,,MAINA2019,9.8944,6.0806
RAPP_003895,1,MAINA2019,False,False,True,,,SSA_MFL/ligne_7231,,,Bassa Centre de Santé Integre,,,SOC.SANTE.CENTRE,,,,MAINA2019,9.829958,6.189679
RAPP_003896,1,MAINA2019,False,False,True,,,SSA_MFL/ligne_7232,,,Batibo 2 Centre de Santé Integre,,,SOC.SANTE.CENTRE,,,,MAINA2019,9.711224,5.913214
RAPP_003897,1,MAINA2019,False,False,True,,,SSA_MFL/ligne_7233,,,Batibo Hôpital de District,,,SOC.SANTE.HOPITAL,,,,MAINA2019,9.860422,5.844359
RAPP_003898,1,MAINA2019,False,False,True,,,SSA_MFL/ligne_7234,,,Bawock Centre de Santé Integre,,,SOC.SANTE.CENTRE,,,,MAINA2019,10.029111,5.855731
RAPP_003899,1,MAINA2019,False,False,True,,,SSA_MFL/ligne_7235,,,Baworo Centre de Santé Integre,,,SOC.SANTE.CENTRE,,,,MAINA2019,9.710388,6.501277
RAPP_003900,1,MAINA2019,False,False,True,,,SSA_MFL/ligne_7236,,,Beba Batomo Centre de Santé Integre,,,SOC.SANTE.CENTRE,,,,MAINA2019,9.899008,6.230528
RAPP_003901,1,MAINA2019,False,False,True,,,SSA_MFL/ligne_7237,,,Belo Baptist Centre de Santé Integre,,,SOC.SANTE.CENTRE,,,,MAINA2019,10.25,6.1333
RAPP_003902,1,MAINA2019,False,False,True,,,SSA_MFL/ligne_7238,,,Belo Centre Medical d’Arrondissement,,,SOC.SANTE.CENTRE,,,,MAINA2019,10.3694,6.1616
RAPP_003903,1,MAINA2019,False,False,True,,,SSA_MFL/ligne_7239,,,Benade Centre de Santé Integre,,,SOC.SANTE.CENTRE,,,,MAINA2019,9.841139,6.452736
RAPP_003904,1,MAINA2019,False,False,True,,,SSA_MFL/ligne_7240,,,Benakuma Centre de Santé Integre,,,SOC.SANTE.CENTRE,,,,MAINA2019,9.912523,6.409429
RAPP_003905,1,MAINA2019,False,False,True,,,SSA_MFL/ligne_7241,,,Benakuma District Hospital,,,SOC.SANTE.HOPITAL,,,,MAINA2019,9.9118,6.414
RAPP_003906,1,MAINA2019,False,False,True,,,SSA_MFL/ligne_7242,,,Berabe Centre de Santé Integre,,,SOC.SANTE.CENTRE,,,,MAINA2019,10.72962,6.695563
RAPP_003907,1,MAINA2019,False,False,True,,,SSA_MFL/ligne_7243,,,Bessi Centre de Santé Integre,,,SOC.SANTE.CENTRE,,,,MAINA2019,9.921955,5.80486
RAPP_003908,1,MAINA2019,False,False,True,,,SSA_MFL/ligne_7244,,,Bifang Centre de Santé Integre,,,SOC.SANTE.CENTRE,,,,MAINA2019,9.762323,5.880217
RAPP_003909,1,MAINA2019,False,False,True,,,SSA_MFL/ligne_7245,,,Bih Centre de Santé Integre,,,SOC.SANTE.CENTRE,,,,MAINA2019,10.778704,6.601969
RAPP_003910,1,MAINA2019,False,False,True,,,SSA_MFL/ligne_7246,,,Binka Centre de Santé Integre,,,SOC.SANTE.CENTRE,,,,MAINA2019,10.770852,6.543196
RAPP_003911,1,MAINA2019,False,False,True,,,SSA_MFL/ligne_7247,,,Bome Centre de Santé Integre,,,SOC.SANTE.CENTRE,,,,MAINA2019,9.982208,5.972125
RAPP_003912,1,MAINA2019,False,False,True,,,SSA_MFL/ligne_7248,,,Bossa Centre de Santé Integre,,,SOC.SANTE.CENTRE,,,,MAINA2019,9.984552,5.930417
RAPP_003913,1,MAINA2019,False,False,True,,,SSA_MFL/ligne_7249,,,Bu Centre de Santé Integre,,,SOC.SANTE.CENTRE,,,,MAINA2019,10.087501,6.291782
RAPP_003914,1,MAINA2019,False,False,True,,,SSA_MFL/ligne_7250,,,Bua-Bua Centre de Santé Integre,,,SOC.SANTE.CENTRE,,,,MAINA2019,10.333333,6.433333
RAPP_003915,1,MAINA2019,False,False,True,,,SSA_MFL/ligne_7251,,,Buchi Centre de Santé Integre,,,SOC.SANTE.CENTRE,,,,MAINA2019,10.113283,5.779483
RAPP_003916,1,MAINA2019,False,False,True,,,SSA_MFL/ligne_7252,,,Buku Centre de Santé Integre,,,SOC.SANTE.CENTRE,,,,MAINA2019,10.668777,6.933818
RAPP_003917,1,MAINA2019,False,False,True,,,SSA_MFL/ligne_7253,,,Buwe Bukari Centre de Santé Integre,,,SOC.SANTE.CENTRE,,,,MAINA2019,10.139602,6.102358
RAPP_003918,1,MAINA2019,False,False,True,,,SSA_MFL/ligne_7254,,,Chunghe Centre de Santé Integre,,,SOC.SANTE.CENTRE,,,,MAINA2019,10.563363,6.525232
RAPP_003919,1,MAINA2019,False,False,True,,,SSA_MFL/ligne_7255,,,CTE Centre de Santé,,,SOC.SANTE.CENTRE,,,,MAINA2019,10.849046,6.3497
RAPP_003920,1,MAINA2019,False,False,True,,,SSA_MFL/ligne_7256,,,Djottin Catholic Centre de Santé,,,SOC.SANTE.CENTRE,,,,MAINA2019,10.5333,6.25
RAPP_003921,1,MAINA2019,False,False,True,,,SSA_MFL/ligne_7257,,,Dumbu Centre de Santé Integre,,,SOC.SANTE.CENTRE,,,,MAINA2019,10.50346,6.705446
RAPP_003922,1,MAINA2019,False,False,True,,,SSA_MFL/ligne_7258,,,Dunger Baptist Mbem Centre de Santé,,,SOC.SANTE.CENTRE,,,,MAINA2019,11.108487,6.278871
RAPP_003923,1,MAINA2019,False,False,True,,,SSA_MFL/ligne_7259,,,Dzeng Centre de Santé Integre,,,SOC.SANTE.CENTRE,,,,MAINA2019,10.7963,6.224
RAPP_003924,1,MAINA2019,False,False,True,,,SSA_MFL/ligne_7260,,,Eberenyi Centre de Santé Integre,,,SOC.SANTE.CENTRE,,,,MAINA2019,9.828136,6.183782
RAPP_003925,1,MAINA2019,False,False,True,,,SSA_MFL/ligne_7261,,,Eka Centre de Santé Integre,,,SOC.SANTE.CENTRE,,,,MAINA2019,9.74197,5.92017
RAPP_003926,1,MAINA2019,False,False,True,,,SSA_MFL/ligne_7262,,,Elak-Oku Centre Medical d’Arrondissement,,,SOC.SANTE.CENTRE,,,,MAINA2019,10.519015,6.417514
RAPP_003927,1,MAINA2019,False,False,True,,,SSA_MFL/ligne_7263,,,Elemighong Catholic Centre de Santé,,,SOC.SANTE.CENTRE,,,,MAINA2019,10.3946,6.2124
RAPP_003928,1,MAINA2019,False,False,True,,,SSA_MFL/ligne_7264,,,Enyoh Centre de Santé Integre,,,SOC.SANTE.CENTRE,,,,MAINA2019,9.898821,5.773891
RAPP_003929,1,MAINA2019,False,False,True,,,SSA_MFL/ligne_7265,,,Esu Centre de Santé Integre,,,SOC.SANTE.CENTRE,,,,MAINA2019,10.0833,6.5667
RAPP_003930,1,MAINA2019,False,False,True,,,SSA_MFL/ligne_7266,,,Etwii Centre de Santé Integre,,,SOC.SANTE.CENTRE,,,,MAINA2019,9.855266,5.983885
RAPP_003931,1,MAINA2019,False,False,True,,,SSA_MFL/ligne_7267,,,Ewai Centre de Santé Integre,,,SOC.SANTE.CENTRE,,,,MAINA2019,9.895748,5.75825
RAPP_003932,1,MAINA2019,False,False,True,,,SSA_MFL/ligne_7268,,,Ewoh Centre de Santé Integre,,,SOC.SANTE.CENTRE,,,,MAINA2019,9.826096,5.823229
RAPP_003933,1,MAINA2019,False,False,True,,,SSA_MFL/ligne_7269,,,Finge Centre de Santé Integre,,,SOC.SANTE.CENTRE,,,,MAINA2019,10.243149,6.055567
RAPP_003934,1,MAINA2019,False,False,True,,,SSA_MFL/ligne_7270,,,Finkwi Baptist Centre de Santé Integre,,,SOC.SANTE.CENTRE,,,,MAINA2019,10.4459,6.0681
RAPP_003935,1,MAINA2019,False,False,True,,,SSA_MFL/ligne_7271,,,Fonfuka Centre Médical d'Arrondissement,,,SOC.SANTE.CENTRE,,,,MAINA2019,10.470564,6.525588
RAPP_003936,1,MAINA2019,False,False,True,,,SSA_MFL/ligne_7272,,,Fuanantui Centre Médical d'Arrondissement,,,SOC.SANTE.CENTRE,,,,MAINA2019,10.336414,6.213511
RAPP_003937,1,MAINA2019,False,False,True,,,SSA_MFL/ligne_7273,,,Fundong 2 Centre de Santé Integre,,,SOC.SANTE.CENTRE,,,,MAINA2019,10.229532,6.271441
RAPP_003938,1,MAINA2019,False,False,True,,,SSA_MFL/ligne_7274,,,Fundong Hôpital de District,,,SOC.SANTE.HOPITAL,,,,MAINA2019,10.285747,6.272779
RAPP_003939,1,MAINA2019,False,False,True,,,SSA_MFL/ligne_7275,,,Fundong Urban Centre de Santé Integre,,,SOC.SANTE.CENTRE,,,,MAINA2019,10.287978,6.279917
RAPP_003940,1,MAINA2019,False,False,True,,,SSA_MFL/ligne_7276,,,Furuawa Centre Médical d'Arrondissement,,,SOC.SANTE.CENTRE,,,,MAINA2019,10.185237,6.912584
RAPP_003941,1,MAINA2019,False,False,True,,,SSA_MFL/ligne_7277,,,Gom Centre de Santé Integre,,,SOC.SANTE.CENTRE,,,,MAINA2019,10.978407,6.506842
RAPP_003942,1,MAINA2019,False,False,True,,,SSA_MFL/ligne_7278,,,Gom WOHEMS Centre de Santé,,,SOC.SANTE.CENTRE,,,,MAINA2019,11.081123,6.37167
RAPP_003943,1,MAINA2019,False,False,True,,,SSA_MFL/ligne_7279,,,Gungong Centre de Santé Integre,,,SOC.SANTE.CENTRE,,,,MAINA2019,9.958584,5.872292
RAPP_003944,1,MAINA2019,False,False,True,,,SSA_MFL/ligne_7280,,,Guzang Centre de Santé Integre,,,SOC.SANTE.CENTRE,,,,MAINA2019,9.912628,5.829987
RAPP_003945,1,MAINA2019,False,False,True,,,SSA_MFL/ligne_7281,,,Gwofon Centre de Santé Integre,,,SOC.SANTE.CENTRE,,,,MAINA2019,9.911081,5.900657
RAPP_003946,1,MAINA2019,False,False,True,,,SSA_MFL/ligne_7282,,,Hope Clinic,,,SOC.SANTE.CLINIQUE,,,,MAINA2019,10.153199,5.953182
RAPP_003947,1,MAINA2019,False,False,True,,,SSA_MFL/ligne_7283,,,Hope Solidarity Centre de Santé,,,SOC.SANTE.CENTRE,,,,MAINA2019,10.612679,5.941964
RAPP_003948,1,MAINA2019,False,False,True,,,SSA_MFL/ligne_7284,,,Ibal Centre Médical d'Arrondissement,,,SOC.SANTE.CENTRE,,,,MAINA2019,10.460448,6.116187
RAPP_003949,1,MAINA2019,False,False,True,,,SSA_MFL/ligne_7285,,,Ichim Centre de Santé Integre,,,SOC.SANTE.CENTRE,,,,MAINA2019,10.463011,6.255643
RAPP_003950,1,MAINA2019,False,False,True,,,SSA_MFL/ligne_7286,,,Ilung Catholique Centre de Santé Integre,,,SOC.SANTE.CENTRE,,,,MAINA2019,10.378468,6.52693
RAPP_003951,1,MAINA2019,False,False,True,,,SSA_MFL/ligne_7287,,,Ise Centre de Santé Integre,,,SOC.SANTE.CENTRE,,,,MAINA2019,10.083333,6.566667
RAPP_003952,1,MAINA2019,False,False,True,,,SSA_MFL/ligne_7288,,,Islamic Centre de Santé Integre,,,SOC.SANTE.CENTRE,,,,MAINA2019,11.170394,6.388833
RAPP_003953,1,MAINA2019,False,False,True,,,SSA_MFL/ligne_7289,,,Jakiri Centre de Santé Integre,,,SOC.SANTE.CENTRE,,,,MAINA2019,10.634116,6.085269
RAPP_003954,1,MAINA2019,False,False,True,,,SSA_MFL/ligne_7290,,,Jakiri Centre Médical d'Arrondissement,,,SOC.SANTE.CENTRE,,,,MAINA2019,10.649285,6.077833
RAPP_003955,1,MAINA2019,False,False,True,,,SSA_MFL/ligne_7291,,,Jevi Centre de Santé Integre,,,SOC.SANTE.CENTRE,,,,MAINA2019,10.67061,6.689376
RAPP_003956,1,MAINA2019,False,False,True,,,SSA_MFL/ligne_7292,,,Jikijem Baptist Centre de Santé Integre,,,SOC.SANTE.CENTRE,,,,MAINA2019,10.467082,6.236948
RAPP_003957,1,MAINA2019,False,False,True,,,SSA_MFL/ligne_7293,,,Kakar Centre de Santé Integre,,,SOC.SANTE.CENTRE,,,,MAINA2019,10.806354,6.394163
RAPP_003958,1,MAINA2019,False,False,True,,,SSA_MFL/ligne_7294,,,Kedjom Keku Centre de Santé Integre,,,SOC.SANTE.CENTRE,,,,MAINA2019,10.253714,6.122953
RAPP_003959,1,MAINA2019,False,False,True,,,SSA_MFL/ligne_7295,,,Kedjom Ketinguh Centre de Santé Integre,,,SOC.SANTE.CENTRE,,,,MAINA2019,10.299257,5.980043
RAPP_003960,1,MAINA2019,False,False,True,,,SSA_MFL/ligne_7296,,,Kevu Centre de Santé Integre,,,SOC.SANTE.CENTRE,,,,MAINA2019,10.468438,6.151164
RAPP_003961,1,MAINA2019,False,False,True,,,SSA_MFL/ligne_7297,,,Kifem Centre de Santé Integre,,,SOC.SANTE.CENTRE,,,,MAINA2019,10.814132,6.232937
RAPP_003962,1,MAINA2019,False,False,True,,,SSA_MFL/ligne_7298,,,Kikaikom Centre de Santé Integre,,,SOC.SANTE.CENTRE,,,,MAINA2019,10.658416,6.24665
RAPP_003963,1,MAINA2019,False,False,True,,,SSA_MFL/ligne_7299,,,Kikfuini Centre de Santé Integre,,,SOC.SANTE.CENTRE,,,,MAINA2019,10.311237,6.192706
RAPP_003964,1,MAINA2019,False,False,True,,,SSA_MFL/ligne_7300,,,Kinsenjam H.P. Centre de Santé Integre,,,SOC.SANTE.CENTRE,,,,MAINA2019,10.602737,6.131817
RAPP_003965,1,MAINA2019,False,False,True,,,SSA_MFL/ligne_7301,,,Kishong Presbiterian Centre de Santé,,,SOC.SANTE.CENTRE,,,,MAINA2019,10.7333,6.2333
RAPP_003966,1,MAINA2019,False,False,True,,,SSA_MFL/ligne_7302,,,Kitfumen Public Centre de Santé,,,SOC.SANTE.CENTRE,,,,MAINA2019,10.490462,6.238579
RAPP_003967,1,MAINA2019,False,False,True,,,SSA_MFL/ligne_7303,,,Kitiwum Centre de Santé Integre,,,SOC.SANTE.CENTRE,,,,MAINA2019,10.720282,6.238322
RAPP_003968,1,MAINA2019,False,False,True,,,SSA_MFL/ligne_7304,,,Kob Centre de Santé Integre,,,SOC.SANTE.CENTRE,,,,MAINA2019,9.967886,6.000469
RAPP_003969,1,MAINA2019,False,False,True,,,SSA_MFL/ligne_7305,,,Kom Centre de Santé Integre,,,SOC.SANTE.CENTRE,,,,MAINA2019,10.932049,6.631025
RAPP_003970,1,MAINA2019,False,False,True,,,SSA_MFL/ligne_7306,,,Konda Centre de Santé Integre,,,SOC.SANTE.CENTRE,,,,MAINA2019,9.864423,6.169951
RAPP_003971,1,MAINA2019,False,False,True,,,SSA_MFL/ligne_7307,,,Konene Centre de Santé Integre,,,SOC.SANTE.CENTRE,,,,MAINA2019,10.401862,6.41408
RAPP_003972,1,MAINA2019,False,False,True,,,SSA_MFL/ligne_7308,,,Kugwe Centre de Santé Integre,,,SOC.SANTE.CENTRE,,,,MAINA2019,9.851122,5.792172
RAPP_003973,1,MAINA2019,False,False,True,,,SSA_MFL/ligne_7309,,,Kulabei Centre de Santé Integre,,,SOC.SANTE.CENTRE,,,,MAINA2019,9.846,5.8102
RAPP_003974,1,MAINA2019,False,False,True,,,SSA_MFL/ligne_7310,,,Kumbo Centre Medical d’Arrondissement,,,SOC.SANTE.CENTRE,,,,MAINA2019,10.480944,6.459393
RAPP_003975,1,MAINA2019,False,False,True,,,SSA_MFL/ligne_7311,,,Kumbo Urban Centre de Santé Integre,,,SOC.SANTE.CENTRE,,,,MAINA2019,10.473805,6.3566
RAPP_003976,1,MAINA2019,False,False,True,,,SSA_MFL/ligne_7312,,,Kumfutu Centre de Santé Integre,,,SOC.SANTE.CENTRE,,,,MAINA2019,10.2,6.4833
RAPP_003977,1,MAINA2019,False,False,True,,,SSA_MFL/ligne_7313,,,Kuruku Centre de Santé Integre,,,SOC.SANTE.CENTRE,,,,MAINA2019,9.813582,5.796092
RAPP_003978,1,MAINA2019,False,False,True,,,SSA_MFL/ligne_7314,,,Kuta Centre de Santé Integre,,,SOC.SANTE.CENTRE,,,,MAINA2019,10.649908,6.680096
RAPP_003979,1,MAINA2019,False,False,True,,,SSA_MFL/ligne_7315,,,Kuttin Centre de Santé Integre,,,SOC.SANTE.CENTRE,,,,MAINA2019,9.781064,6.064413
RAPP_003980,1,MAINA2019,False,False,True,,,SSA_MFL/ligne_7316,,,Kuvlu Centre de Santé Integre,,,SOC.SANTE.CENTRE,,,,MAINA2019,10.607055,6.067733
RAPP_003981,1,MAINA2019,False,False,True,,,SSA_MFL/ligne_7317,,,Kwanso Centre de Santé Integre,,,SOC.SANTE.CENTRE,,,,MAINA2019,10.556486,6.080808
RAPP_003982,1,MAINA2019,False,False,True,,,SSA_MFL/ligne_7318,,,Kwighe Baptist Centre de Santé,,,SOC.SANTE.CENTRE,,,,MAINA2019,10.516715,6.067634
RAPP_003983,1,MAINA2019,False,False,True,,,SSA_MFL/ligne_7319,,,Larinji Centre de Santé Integre,,,SOC.SANTE.CENTRE,,,,MAINA2019,9.707445,5.992083
RAPP_003984,1,MAINA2019,False,False,True,,,SSA_MFL/ligne_7320,,,Lassin Baptist Centre de Santé Integre,,,SOC.SANTE.CENTRE,,,,MAINA2019,10.625302,6.443312
RAPP_003985,1,MAINA2019,False,False,True,,,SSA_MFL/ligne_7321,,,Lih Centre de Santé Integre,,,SOC.SANTE.CENTRE,,,,MAINA2019,10.238581,6.097255
RAPP_003986,1,MAINA2019,False,False,True,,,SSA_MFL/ligne_7322,,,Lip Centre de Santé Integre,,,SOC.SANTE.CENTRE,,,,MAINA2019,10.907586,6.05644
RAPP_003987,1,MAINA2019,False,False,True,,,SSA_MFL/ligne_7323,,,Luh Centre de Santé Integre,,,SOC.SANTE.CENTRE,,,,MAINA2019,10.705525,6.409035
RAPP_003988,1,MAINA2019,False,False,True,,,SSA_MFL/ligne_7324,,,Lus Centre de Santé Integre,,,SOC.SANTE.CENTRE,,,,MAINA2019,10.980531,6.658092
RAPP_003989,1,MAINA2019,False,False,True,,,SSA_MFL/ligne_7325,,,Mah Health Post Centre de Santé,,,SOC.SANTE.CENTRE,,,,MAINA2019,10.724,6.2402
RAPP_003990,1,MAINA2019,False,False,True,,,SSA_MFL/ligne_7326,,,Mangu Centre de Santé Integre,,,SOC.SANTE.CENTRE,,,,MAINA2019,10.854539,6.405763
RAPP_003991,1,MAINA2019,False,False,True,,,SSA_MFL/ligne_7327,,,Manji Centre de Santé Integre,,,SOC.SANTE.CENTRE,,,,MAINA2019,10.123041,6.082989
RAPP_003992,1,MAINA2019,False,False,True,,,SSA_MFL/ligne_7328,,,Mankanikong Centre de Santé Integre,,,SOC.SANTE.CENTRE,,,,MAINA2019,10.084166,6.080479
RAPP_003993,1,MAINA2019,False,False,True,,,SSA_MFL/ligne_7329,,,Mankon Centre Medical d’Arrondissement,,,SOC.SANTE.CENTRE,,,,MAINA2019,10.107656,5.962586
RAPP_003994,1,MAINA2019,False,False,True,,,SSA_MFL/ligne_7330,,,Mankon Presbyterian Centre de Santé,,,SOC.SANTE.CENTRE,,,,MAINA2019,10.108,5.959
RAPP_003995,1,MAINA2019,False,False,True,,,SSA_MFL/ligne_7331,,,Mankwi Centre de Santé Integre,,,SOC.SANTE.CENTRE,,,,MAINA2019,10.0816,6.0851
RAPP_003996,1,MAINA2019,False,False,True,,,SSA_MFL/ligne_7332,,,Mantum Centre de Santé Integre,,,SOC.SANTE.CENTRE,,,,MAINA2019,10.059372,5.847091
RAPP_003997,1,MAINA2019,False,False,True,,,SSA_MFL/ligne_7333,,,Mbachogwa Centre de Santé Integre,,,SOC.SANTE.CENTRE,,,,MAINA2019,10.102808,5.910066
RAPP_003998,1,MAINA2019,False,False,True,,,SSA_MFL/ligne_7334,,,Mbah Centre de Santé Integre,,,SOC.SANTE.CENTRE,,,,MAINA2019,10.66603,6.180263
RAPP_003999,1,MAINA2019,False,False,True,,,SSA_MFL/ligne_7335,,,Mbakong Centre de Santé Integre,,,SOC.SANTE.CENTRE,,,,MAINA2019,10.06422,6.191588
RAPP_004000,1,MAINA2019,False,False,True,,,SSA_MFL/ligne_7336,,,Mbam Catholique Centre de Santé,,,SOC.SANTE.CENTRE,,,,MAINA2019,10.484751,6.401334
RAPP_004001,1,MAINA2019,False,False,True,,,SSA_MFL/ligne_7337,,,Mbam Centre de Santé Integre,,,SOC.SANTE.CENTRE,,,,MAINA2019,10.793906,6.278296
RAPP_004002,1,MAINA2019,False,False,True,,,SSA_MFL/ligne_7338,,,Mbangsalle Centre de Santé Integre,,,SOC.SANTE.CENTRE,,,,MAINA2019,10.441683,5.940798
RAPP_004003,1,MAINA2019,False,False,True,,,SSA_MFL/ligne_7339,,,Mbashie Mbaw Centre de Santé Integre,,,SOC.SANTE.CENTRE,,,,MAINA2019,10.511205,5.848194
RAPP_004004,1,MAINA2019,False,False,True,,,SSA_MFL/ligne_7340,,,Mbaw Centre de Santé Integre,,,SOC.SANTE.CENTRE,,,,MAINA2019,10.572595,5.806196
RAPP_004005,1,MAINA2019,False,False,True,,,SSA_MFL/ligne_7341,,,Mbawrong Centre de Santé Integre,,,SOC.SANTE.CENTRE,,,,MAINA2019,10.930833,6.293509
RAPP_004006,1,MAINA2019,False,False,True,,,SSA_MFL/ligne_7342,,,Mbekunyam Centre de Santé Integre,,,SOC.SANTE.CENTRE,,,,MAINA2019,9.858858,6.229879
RAPP_004007,1,MAINA2019,False,False,True,,,SSA_MFL/ligne_7343,,,Mbengeghang Centre de Santé Integre,,,SOC.SANTE.CENTRE,,,,MAINA2019,9.959443,6.117611
RAPP_004008,1,MAINA2019,False,False,True,,,SSA_MFL/ligne_7344,,,Mbengkas Centre de Santé Integre,,,SOC.SANTE.CENTRE,,,,MAINA2019,10.113028,6.237295
RAPP_004009,1,MAINA2019,False,False,True,,,SSA_MFL/ligne_7345,,,Mbengwi Hôpital de District,,,SOC.SANTE.HOPITAL,,,,MAINA2019,10.010551,6.002881
RAPP_004010,1,MAINA2019,False,False,True,,,SSA_MFL/ligne_7346,,,Mbiame Centre Medical d’Arrondissement,,,SOC.SANTE.CENTRE,,,,MAINA2019,10.8557,6.1811
RAPP_004011,1,MAINA2019,False,False,True,,,SSA_MFL/ligne_7347,,,Mbim Catholique Centre de Santé,,,SOC.SANTE.CENTRE,,,,MAINA2019,10.613242,6.098191
RAPP_004012,1,MAINA2019,False,False,True,,,SSA_MFL/ligne_7348,,,Mbinon Catholique Centre de Santé,,,SOC.SANTE.CENTRE,,,,MAINA2019,10.579454,6.301872
RAPP_004013,1,MAINA2019,False,False,True,,,SSA_MFL/ligne_7349,,,Mbirboh Centre de Santé Integre,,,SOC.SANTE.CENTRE,,,,MAINA2019,10.781321,6.502984
RAPP_004014,1,MAINA2019,False,False,True,,,SSA_MFL/ligne_7350,,,Mbissa-Mbaw Centre de Santé Integre,,,SOC.SANTE.CENTRE,,,,MAINA2019,10.576641,5.808218
RAPP_004015,1,MAINA2019,False,False,True,,,SSA_MFL/ligne_7351,,,Mbiyeh Centre de Santé Integre,,,SOC.SANTE.CENTRE,,,,MAINA2019,10.758468,6.448296
RAPP_004016,1,MAINA2019,False,False,True,,,SSA_MFL/ligne_7352,,,Mboh Centre de Santé Integre,,,SOC.SANTE.CENTRE,,,,MAINA2019,10.474167,6.232576
RAPP_004017,1,MAINA2019,False,False,True,,,SSA_MFL/ligne_7353,,,Mbokam Centre de Santé Integre,,,SOC.SANTE.CENTRE,,,,MAINA2019,10.75758,6.021529
RAPP_004018,1,MAINA2019,False,False,True,,,SSA_MFL/ligne_7354,,,Mbokeghas WOHEMS Centre de Santé,,,SOC.SANTE.CENTRE,,,,MAINA2019,10.603248,6.220971
RAPP_004019,1,MAINA2019,False,False,True,,,SSA_MFL/ligne_7355,,,Mbongong Centre de Santé Integre,,,SOC.SANTE.CENTRE,,,,MAINA2019,10.829257,6.483988
RAPP_004020,1,MAINA2019,False,False,True,,,SSA_MFL/ligne_7356,,,Mbongong WOHEMS Centre de Santé Integre,,,SOC.SANTE.CENTRE,,,,MAINA2019,10.711752,6.484615
RAPP_004021,1,MAINA2019,False,False,True,,,SSA_MFL/ligne_7357,,,Mbonso Centre de Santé Integre,,,SOC.SANTE.CENTRE,,,,MAINA2019,10.937021,6.253398
RAPP_004022,1,MAINA2019,False,False,True,,,SSA_MFL/ligne_7358,,,Mbontsem Catholique Centre de Santé,,,SOC.SANTE.CENTRE,,,,MAINA2019,10.877,6.1546
RAPP_004023,1,MAINA2019,False,False,True,,,SSA_MFL/ligne_7359,,,Mbot Centre de Santé Integre,,,SOC.SANTE.CENTRE,,,,MAINA2019,10.740681,6.465831
RAPP_004024,1,MAINA2019,False,False,True,,,SSA_MFL/ligne_7360,,,Mbu Centre de Santé Integre,,,SOC.SANTE.CENTRE,,,,MAINA2019,10.070821,5.846245
RAPP_004025,1,MAINA2019,False,False,True,,,SSA_MFL/ligne_7361,,,Mbueni Centre de Santé Integre,,,SOC.SANTE.CENTRE,,,,MAINA2019,10.224327,6.211954
RAPP_004026,1,MAINA2019,False,False,True,,,SSA_MFL/ligne_7362,,,Mejang Centre de Santé Integre,,,SOC.SANTE.CENTRE,,,,MAINA2019,10.24024,6.162235
RAPP_004027,1,MAINA2019,False,False,True,,,SSA_MFL/ligne_7363,,,Meli-Fundong Public Centre de Santé,,,SOC.SANTE.CENTRE,,,,MAINA2019,10.2847,6.2827
RAPP_004028,1,MAINA2019,False,False,True,,,SSA_MFL/ligne_7364,,,Melim Centre de Santé Integre,,,SOC.SANTE.CENTRE,,,,MAINA2019,10.56181,6.146149
RAPP_004029,1,MAINA2019,False,False,True,,,SSA_MFL/ligne_7365,,,Meluf Catholique Centre de Santé,,,SOC.SANTE.CENTRE,,,,MAINA2019,10.459529,6.425128
RAPP_004030,1,MAINA2019,False,False,True,,,SSA_MFL/ligne_7366,,,Mendankwe Centre de Santé Integre,,,SOC.SANTE.CENTRE,,,,MAINA2019,10.184703,5.932957
RAPP_004031,1,MAINA2019,False,False,True,,,SSA_MFL/ligne_7367,,,Menka Centre de Santé Integre,,,SOC.SANTE.CENTRE,,,,MAINA2019,10.092962,5.762351
RAPP_004032,1,MAINA2019,False,False,True,,,SSA_MFL/ligne_7368,,,Mensai Centre de Santé,,,SOC.SANTE.CENTRE,,,,MAINA2019,10.842883,6.317671
RAPP_004033,1,MAINA2019,False,False,True,,,SSA_MFL/ligne_7369,,,Mentang Centre de Santé Integre,,,SOC.SANTE.CENTRE,,,,MAINA2019,10.2418,6.167
RAPP_004034,1,MAINA2019,False,False,True,,,SSA_MFL/ligne_7371,,,Mighang Centre de Santé Integre,,,SOC.SANTE.CENTRE,,,,MAINA2019,10.469136,5.890762
RAPP_004035,1,MAINA2019,False,False,True,,,SSA_MFL/ligne_7372,,,Misaje Centre Médical d'Arrondissement,,,SOC.SANTE.CENTRE,,,,MAINA2019,10.551941,6.582339
RAPP_004036,1,MAINA2019,False,False,True,,,SSA_MFL/ligne_7373,,,Modelle Centre de Santé Integre,,,SOC.SANTE.CENTRE,,,,MAINA2019,9.9808,6.4026
RAPP_004037,1,MAINA2019,False,False,True,,,SSA_MFL/ligne_7374,,,Mukuru Centre de Santé Integre,,,SOC.SANTE.CENTRE,,,,MAINA2019,9.9605,6.3335
RAPP_004038,1,MAINA2019,False,False,True,,,SSA_MFL/ligne_7375,,,Mulang Centre de Santé Integre,,,SOC.SANTE.CENTRE,,,,MAINA2019,10.142134,5.973919
RAPP_004039,1,MAINA2019,False,False,True,,,SSA_MFL/ligne_7376,,,Munam Centre de Santé Integre,,,SOC.SANTE.CENTRE,,,,MAINA2019,9.9917,5.9805
RAPP_004040,1,MAINA2019,False,False,True,,,SSA_MFL/ligne_7377,,,Mundum 2 Centre de Santé Integre,,,SOC.SANTE.CENTRE,,,,MAINA2019,9.9457,6.2349
RAPP_004041,1,MAINA2019,False,False,True,,,SSA_MFL/ligne_7378,,,Mundum Centre de Santé Integre,,,SOC.SANTE.CENTRE,,,,MAINA2019,9.9769,6.145005
RAPP_004042,1,MAINA2019,False,False,True,,,SSA_MFL/ligne_7379,,,Munkep Centre de Santé Integre,,,SOC.SANTE.CENTRE,,,,MAINA2019,9.980544,6.735076
RAPP_004043,1,MAINA2019,False,False,True,,,SSA_MFL/ligne_7380,,,Naka Centre de Santé Integre,,,SOC.SANTE.CENTRE,,,,MAINA2019,10.088749,5.923803
RAPP_004044,1,MAINA2019,False,False,True,,,SSA_MFL/ligne_7381,,,Nchum Centre de Santé Integre,,,SOC.SANTE.CENTRE,,,,MAINA2019,10.1234,6.1009
RAPP_004045,1,MAINA2019,False,False,True,,,SSA_MFL/ligne_7382,,,Ndawara Centre Médical d'Arrondissement,,,SOC.SANTE.CENTRE,,,,MAINA2019,10.377419,6.084087
RAPP_004046,1,MAINA2019,False,False,True,,,SSA_MFL/ligne_7383,,,Ndepang Centre de Santé Integre,,,SOC.SANTE.CENTRE,,,,MAINA2019,10.036468,5.790566
RAPP_004047,1,MAINA2019,False,False,True,,,SSA_MFL/ligne_7384,,,Ndop Hôpital de District,,,SOC.SANTE.HOPITAL,,,,MAINA2019,10.439421,5.996731
RAPP_004048,1,MAINA2019,False,False,True,,,SSA_MFL/ligne_7385,,,Ndu Baptist Centre de Santé,,,SOC.SANTE.CENTRE,,,,MAINA2019,10.7854,6.4259
RAPP_004049,1,MAINA2019,False,False,True,,,SSA_MFL/ligne_7386,,,Ndu District Hospital,,,SOC.SANTE.HOPITAL,,,,MAINA2019,10.7954,6.4274
RAPP_004050,1,MAINA2019,False,False,True,,,SSA_MFL/ligne_7387,,,Ndu Tea Plantation Centre de Santé,,,SOC.SANTE.CENTRE,,,,MAINA2019,10.7977,6.4193
RAPP_004051,1,MAINA2019,False,False,True,,,SSA_MFL/ligne_7388,,,Ndu Urban Centre de Santé Integre,,,SOC.SANTE.CENTRE,,,,MAINA2019,10.79416,6.423758
RAPP_004052,1,MAINA2019,False,False,True,,,SSA_MFL/ligne_7389,,,Nduh Baptist Centre de Santé Integre,,,SOC.SANTE.CENTRE,,,,MAINA2019,10.790591,6.418106
RAPP_004053,1,MAINA2019,False,False,True,,,SSA_MFL/ligne_7391,,,Ndzah Centre de Santé Integre,,,SOC.SANTE.CENTRE,,,,MAINA2019,10.215874,5.951279
RAPP_004054,1,MAINA2019,False,False,True,,,SSA_MFL/ligne_7392,,,Ngarum Catholique Centre de Santé Integre,,,SOC.SANTE.CENTRE,,,,MAINA2019,10.856423,6.333757
RAPP_004055,1,MAINA2019,False,False,True,,,SSA_MFL/ligne_7393,,,Ngendzen Centre de Santé Integre,,,SOC.SANTE.CENTRE,,,,MAINA2019,10.806398,6.317259
RAPP_004056,1,MAINA2019,False,False,True,,,SSA_MFL/ligne_7394,,,Ngensimba WOHEMS Centre de Santé,,,SOC.SANTE.CENTRE,,,,MAINA2019,10.665114,6.286168
RAPP_004057,1,MAINA2019,False,False,True,,,SSA_MFL/ligne_7395,,,Ngeptang Centre de Santé Integre,,,SOC.SANTE.CENTRE,,,,MAINA2019,10.519698,6.299364
RAPP_004058,1,MAINA2019,False,False,True,,,SSA_MFL/ligne_7397,,,Ngu Centre de Santé Integre,,,SOC.SANTE.CENTRE,,,,MAINA2019,11.110729,6.321292
RAPP_004059,1,MAINA2019,False,False,True,,,SSA_MFL/ligne_7398,,,Ngu Islamic Centre de Santé,,,SOC.SANTE.CENTRE,,,,MAINA2019,11.1333,6.2833
RAPP_004060,1,MAINA2019,False,False,True,,,SSA_MFL/ligne_7399,,,Ngwah Catholique Centre de Santé Integre,,,SOC.SANTE.CENTRE,,,,MAINA2019,10.322789,6.509322
RAPP_004061,1,MAINA2019,False,False,True,,,SSA_MFL/ligne_7400,,,Ngyen Centre de Santé Integre,,,SOC.SANTE.CENTRE,,,,MAINA2019,10.03407,5.94936
RAPP_004062,1,MAINA2019,False,False,True,,,SSA_MFL/ligne_7401,,,Njah Etu Centre de Santé Integre,,,SOC.SANTE.CENTRE,,,,MAINA2019,9.939693,5.954034
RAPP_004063,1,MAINA2019,False,False,True,,,SSA_MFL/ligne_7402,,,Njap Centre de Santé Integre,,,SOC.SANTE.CENTRE,,,,MAINA2019,10.690426,6.522019
RAPP_004064,1,MAINA2019,False,False,True,,,SSA_MFL/ligne_7403,,,Njen Centre de Santé Integre,,,SOC.SANTE.CENTRE,,,,MAINA2019,9.936261,5.749735
RAPP_004065,1,MAINA2019,False,False,True,,,SSA_MFL/ligne_7404,,,Njenka Centre de Santé Integre,,,SOC.SANTE.CENTRE,,,,MAINA2019,10.019137,5.889776
RAPP_004066,1,MAINA2019,False,False,True,,,SSA_MFL/ligne_7405,,,Njikwa Centre de Santé Integre,,,SOC.SANTE.CENTRE,,,,MAINA2019,9.823704,6.103222
RAPP_004067,1,MAINA2019,False,False,True,,,SSA_MFL/ligne_7406,,,Njikwa Hôpital de District,,,SOC.SANTE.HOPITAL,,,,MAINA2019,9.820968,6.103222
RAPP_004068,1,MAINA2019,False,False,True,,,SSA_MFL/ligne_7407,,,Njikwa Urban Centre de Santé Integre,,,SOC.SANTE.CENTRE,,,,MAINA2019,9.806453,6.090254
RAPP_004069,1,MAINA2019,False,False,True,,,SSA_MFL/ligne_7408,,,Njindom Catholic Centre de Santé,,,SOC.SANTE.CENTRE,,,,MAINA2019,10.0213,5.970178
RAPP_004070,1,MAINA2019,False,False,True,,,SSA_MFL/ligne_7409,,,Nkambe Centre de Santé Integre,,,SOC.SANTE.CENTRE,,,,MAINA2019,10.699944,6.583885
RAPP_004071,1,MAINA2019,False,False,True,,,SSA_MFL/ligne_7410,,,Nkambe Hôpital de District,,,SOC.SANTE.HOPITAL,,,,MAINA2019,10.703751,6.58103
RAPP_004072,1,MAINA2019,False,False,True,,,SSA_MFL/ligne_7411,,,Nkambe Presbyterian Centre de Santé,,,SOC.SANTE.CENTRE,,,,MAINA2019,10.7044,6.5804
RAPP_004073,1,MAINA2019,False,False,True,,,SSA_MFL/ligne_7412,,,Nkar Centre de Santé Integre,,,SOC.SANTE.CENTRE,,,,MAINA2019,10.637388,6.109659
RAPP_004074,1,MAINA2019,False,False,True,,,SSA_MFL/ligne_7414,,,Nkor Centre Médical d'Arrondissement,,,SOC.SANTE.CENTRE,,,,MAINA2019,10.582471,6.389489
RAPP_004075,1,MAINA2019,False,False,True,,,SSA_MFL/ligne_7415,,,Nkuf Centre de Santé Integre,,,SOC.SANTE.CENTRE,,,,MAINA2019,10.709,6.1816
RAPP_004076,1,MAINA2019,False,False,True,,,SSA_MFL/ligne_7416,,,Nkumkov Centre de Santé Integre,,,SOC.SANTE.CENTRE,,,,MAINA2019,10.693668,6.336613
RAPP_004077,1,MAINA2019,False,False,True,,,SSA_MFL/ligne_7417,,,Nkwen Baptist Centre de Santé,,,SOC.SANTE.CENTRE,,,,MAINA2019,10.1944,5.9935
RAPP_004078,1,MAINA2019,False,False,True,,,SSA_MFL/ligne_7418,,,Nkwen Centre Médical d'Arrondissement,,,SOC.SANTE.CENTRE,,,,MAINA2019,10.168725,5.965198
RAPP_004079,1,MAINA2019,False,False,True,,,SSA_MFL/ligne_7419,,,Nkwen Rural Centre de Santé Integre,,,SOC.SANTE.CENTRE,,,,MAINA2019,10.184584,5.990421
RAPP_004080,1,MAINA2019,False,False,True,,,SSA_MFL/ligne_7420,,,Nkwi Catholique Centre de Santé,,,SOC.SANTE.CENTRE,,,,MAINA2019,10.459529,6.347558
RAPP_004081,1,MAINA2019,False,False,True,,,SSA_MFL/ligne_7421,,,Noi Community Centre de Santé,,,SOC.SANTE.CENTRE,,,,MAINA2019,10.6399,6.0842
RAPP_004082,1,MAINA2019,False,False,True,,,SSA_MFL/ligne_7422,,,Nsam Centre de Santé Integre,,,SOC.SANTE.CENTRE,,,,MAINA2019,10.963143,6.394186
RAPP_004083,1,MAINA2019,False,False,True,,,SSA_MFL/ligne_7423,,,Nsem Presbyterian Centre de Santé,,,SOC.SANTE.CENTRE,,,,MAINA2019,10.1338,6.0773
RAPP_004084,1,MAINA2019,False,False,True,,,SSA_MFL/ligne_7424,,,Nsoh Centre de Santé Integre,,,SOC.SANTE.CENTRE,,,,MAINA2019,10.134432,6.034823
RAPP_004085,1,MAINA2019,False,False,True,,,SSA_MFL/ligne_7425,,,Ntaba Centre de Santé Integre,,,SOC.SANTE.CENTRE,,,,MAINA2019,10.950432,6.338436
RAPP_004086,1,MAINA2019,False,False,True,,,SSA_MFL/ligne_7426,,,Ntambag Centre de Santé Integre,,,SOC.SANTE.CENTRE,,,,MAINA2019,10.142392,5.986469
RAPP_004087,1,MAINA2019,False,False,True,,,SSA_MFL/ligne_7427,,,Ntankah Centre de Santé Integre,,,SOC.SANTE.CENTRE,,,,MAINA2019,10.147916,5.997464
RAPP_004088,1,MAINA2019,False,False,True,,,SSA_MFL/ligne_7428,,,Ntehmbang Centre de Santé Integre,,,SOC.SANTE.CENTRE,,,,MAINA2019,10.248146,5.975617
RAPP_004089,1,MAINA2019,False,False,True,,,SSA_MFL/ligne_7429,,,Ntem Centre de Santé Integre,,,SOC.SANTE.CENTRE,,,,MAINA2019,11.02772,6.313052
RAPP_004090,1,MAINA2019,False,False,True,,,SSA_MFL/ligne_7430,,,Ntoh Awing Centre de Santé Integre,,,SOC.SANTE.CENTRE,,,,MAINA2019,10.240471,5.849582
RAPP_004091,1,MAINA2019,False,False,True,,,SSA_MFL/ligne_7431,,,Ntong Centre de Santé Integre,,,SOC.SANTE.CENTRE,,,,MAINA2019,11.065258,6.594287
RAPP_004092,1,MAINA2019,False,False,True,,,SSA_MFL/ligne_7432,,,Ntoti Catholique Centre de Santé,,,SOC.SANTE.CENTRE,,,,MAINA2019,10.5529,6.076
RAPP_004093,1,MAINA2019,False,False,True,,,SSA_MFL/ligne_7433,,,Ntumbaw Centre de Santé Integre,,,SOC.SANTE.CENTRE,,,,MAINA2019,10.858703,6.354099
RAPP_004094,1,MAINA2019,False,False,True,,,SSA_MFL/ligne_7434,,,Nwa Hôpital de District,,,SOC.SANTE.HOPITAL,,,,MAINA2019,11.054086,6.475445
RAPP_004095,1,MAINA2019,False,False,True,,,SSA_MFL/ligne_7435,,,Nwangri WOHEMS Centre de Santé,,,SOC.SANTE.CENTRE,,,,MAINA2019,10.7058,6.4607
RAPP_004096,1,MAINA2019,False,False,True,,,SSA_MFL/ligne_7436,,,Nwat Centre de Santé Integre,,,SOC.SANTE.CENTRE,,,,MAINA2019,11.158699,6.367358
RAPP_004097,1,MAINA2019,False,False,True,,,SSA_MFL/ligne_7437,,,Okoromanjang Centre de Santé Integre,,,SOC.SANTE.CENTRE,,,,MAINA2019,9.912761,6.270945
RAPP_004098,1,MAINA2019,False,False,True,,,SSA_MFL/ligne_7438,,,Oku Hôpital de District,,,SOC.SANTE.HOPITAL,,,,MAINA2019,10.507184,6.24117
RAPP_004099,1,MAINA2019,False,False,True,,,SSA_MFL/ligne_7439,,,Olorunti Centre de Santé Integre,,,SOC.SANTE.CENTRE,,,,MAINA2019,9.6867,5.9177
RAPP_004100,1,MAINA2019,False,False,True,,,SSA_MFL/ligne_7440,,,Oshie Centre Médical d'Arrondissement,,,SOC.SANTE.CENTRE,,,,MAINA2019,9.861597,6.12608
RAPP_004101,1,MAINA2019,False,False,True,,,SSA_MFL/ligne_7441,,,Pinyin Centre Médical d'Arrondissement,,,SOC.SANTE.CENTRE,,,,MAINA2019,10.064409,5.775962
RAPP_004102,1,MAINA2019,False,False,True,,,SSA_MFL/ligne_7442,,,Sabga Baptist Centre de Santé Integre,,,SOC.SANTE.CENTRE,,,,MAINA2019,10.3167,6.0167
RAPP_004103,1,MAINA2019,False,False,True,,,SSA_MFL/ligne_7443,,,Sacred Heart Centre de Santé Integre,,,SOC.SANTE.CENTRE,,,,MAINA2019,10.605116,6.062962
RAPP_004104,1,MAINA2019,False,False,True,,,SSA_MFL/ligne_7444,,,Santa Hôpital de District,,,SOC.SANTE.HOPITAL,,,,MAINA2019,10.154543,5.793046
RAPP_004105,1,MAINA2019,False,False,True,,,SSA_MFL/ligne_7445,,,Santa Urban Centre de Santé Integre,,,SOC.SANTE.CENTRE,,,,MAINA2019,10.1601,5.7966
RAPP_004106,1,MAINA2019,False,False,True,,,SSA_MFL/ligne_7446,,,Simonkoh WOHEMS Centre de Santé,,,SOC.SANTE.CENTRE,,,,MAINA2019,10.556611,6.181948
RAPP_004107,1,MAINA2019,False,False,True,,,SSA_MFL/ligne_7447,,,Sop Centre de Santé Integre,,,SOC.SANTE.CENTRE,,,,MAINA2019,10.631439,6.144756
RAPP_004108,1,MAINA2019,False,False,True,,,SSA_MFL/ligne_7448,,,St Agnes Catholic Centre de Santé Integre,,,SOC.SANTE.CENTRE,,,,MAINA2019,10.455907,6.273041
RAPP_004109,1,MAINA2019,False,False,True,,,SSA_MFL/ligne_7449,,,St John Of God Centre de Santé Integre,,,SOC.SANTE.CENTRE,,,,MAINA2019,9.894354,5.834746
RAPP_004110,1,MAINA2019,False,False,True,,,SSA_MFL/ligne_7450,,,St John The Baptist Centre de Santé,,,SOC.SANTE.CENTRE,,,,MAINA2019,10.4437,5.9859
RAPP_004111,1,MAINA2019,False,False,True,,,SSA_MFL/ligne_7451,,,St Kizito Sabongari Catholic Centre de Santé,,,SOC.SANTE.CENTRE,,,,MAINA2019,11.1369,6.2896
RAPP_004112,1,MAINA2019,False,False,True,,,SSA_MFL/ligne_7452,,,St Monica Catholique Centre de Santé,,,SOC.SANTE.CENTRE,,,,MAINA2019,10.4667,6.0333
RAPP_004113,1,MAINA2019,False,False,True,,,SSA_MFL/ligne_7453,,,St Patrick Binshua Catholic Centre de Santé,,,SOC.SANTE.CENTRE,,,,MAINA2019,10.7288,6.5535
RAPP_004114,1,MAINA2019,False,False,True,,,SSA_MFL/ligne_7454,,,St Theresia Catholique Centre de Santé Integre,,,SOC.SANTE.CENTRE,,,,MAINA2019,10.4505,6.0674
RAPP_004115,1,MAINA2019,False,False,True,,,SSA_MFL/ligne_7455,,,St Theresia Catholique Limbo Centre de Santé,,,SOC.SANTE.CENTRE,,,,MAINA2019,10.450525,6.067424
RAPP_004116,1,MAINA2019,False,False,True,,,SSA_MFL/ligne_7456,,,St. Martin Catholic Wum Centre de Santé,,,SOC.SANTE.CENTRE,,,,MAINA2019,10.0684,6.3987
RAPP_004117,1,MAINA2019,False,False,True,,,SSA_MFL/ligne_7457,,,St. Theresia Catholique Medical Centre Mambu,,,SOC.SANTE.CENTRE,,,,MAINA2019,10.1026,6.0637
RAPP_004118,1,MAINA2019,False,False,True,,,SSA_MFL/ligne_7458,,,Tabenken Catholique Centre de Santé Integre,,,SOC.SANTE.CENTRE,,,,MAINA2019,10.7154,6.4658
RAPP_004119,1,MAINA2019,False,False,True,,,SSA_MFL/ligne_7459,,,Tabenken Centre de Santé Integre,,,SOC.SANTE.CENTRE,,,,MAINA2019,10.698754,6.515595
RAPP_004120,1,MAINA2019,False,False,True,,,SSA_MFL/ligne_7460,,,Tadu Catholique Centre de Santé,,,SOC.SANTE.CENTRE,,,,MAINA2019,10.621332,6.142924
RAPP_004121,1,MAINA2019,False,False,True,,,SSA_MFL/ligne_7461,,,Takijah Catholique Centre de Santé,,,SOC.SANTE.CENTRE,,,,MAINA2019,10.669873,6.335185
RAPP_004122,1,MAINA2019,False,False,True,,,SSA_MFL/ligne_7462,,,Taku Centre de Santé Integre,,,SOC.SANTE.CENTRE,,,,MAINA2019,10.73745,6.37278
RAPP_004123,1,MAINA2019,False,False,True,,,SSA_MFL/ligne_7463,,,Taku Centre Médical d'Arrondissement,,,SOC.SANTE.CENTRE,,,,MAINA2019,10.71415,6.418106
RAPP_004124,1,MAINA2019,False,False,True,,,SSA_MFL/ligne_7464,,,Takui Health Post Centre de Santé,,,SOC.SANTE.CENTRE,,,,MAINA2019,10.7988,6.2687
RAPP_004125,1,MAINA2019,False,False,True,,,SSA_MFL/ligne_7465,,,Taz Centre de Santé Integre,,,SOC.SANTE.CENTRE,,,,MAINA2019,10.140944,5.952052
RAPP_004126,1,MAINA2019,False,False,True,,,SSA_MFL/ligne_7466,,,Teze Centre de Santé Integre,,,SOC.SANTE.CENTRE,,,,MAINA2019,9.818027,5.94137
RAPP_004127,1,MAINA2019,False,False,True,,,SSA_MFL/ligne_7467,,,Tiben Centre de Santé Integre,,,SOC.SANTE.CENTRE,,,,MAINA2019,9.798958,5.855945
RAPP_004128,1,MAINA2019,False,False,True,,,SSA_MFL/ligne_7468,,,Tikebeng Centre de Santé Integre,,,SOC.SANTE.CENTRE,,,,MAINA2019,10.332237,5.962768
RAPP_004129,1,MAINA2019,False,False,True,,,SSA_MFL/ligne_7469,,,Tinechung Centre de Santé Integre,,,SOC.SANTE.CENTRE,,,,MAINA2019,9.8761,6.0364
RAPP_004130,1,MAINA2019,False,False,True,,,SSA_MFL/ligne_7470,,,Tingoh Centre de Santé Integre,,,SOC.SANTE.CENTRE,,,,MAINA2019,10.068187,6.198802
RAPP_004131,1,MAINA2019,False,False,True,,,SSA_MFL/ligne_7471,,,Tubah Centre de Santé Integre,,,SOC.SANTE.CENTRE,,,,MAINA2019,10.522069,6.069419
RAPP_004132,1,MAINA2019,False,False,True,,,SSA_MFL/ligne_7472,,,Tubah Hôpital de District,,,SOC.SANTE.HOPITAL,,,,MAINA2019,10.22716,6.012451
RAPP_004133,1,MAINA2019,False,False,True,,,SSA_MFL/ligne_7473,,,Unigo Centre de Santé,,,SOC.SANTE.CENTRE,,,,MAINA2019,10.45486,5.98276
RAPP_004134,1,MAINA2019,False,False,True,,,SSA_MFL/ligne_7474,,,Vekovi Centre de Santé Integre,,,SOC.SANTE.CENTRE,,,,MAINA2019,10.5802,6.1344
RAPP_004135,1,MAINA2019,False,False,True,,,SSA_MFL/ligne_7475,,,Wanti Centre de Santé Integre,,,SOC.SANTE.CENTRE,,,,MAINA2019,10.680956,6.452744
RAPP_004136,1,MAINA2019,False,False,True,,,SSA_MFL/ligne_7476,,,Wasi-Ber Centre de Santé Integre,,,SOC.SANTE.CENTRE,,,,MAINA2019,10.6618,6.005
RAPP_004137,1,MAINA2019,False,False,True,,,SSA_MFL/ligne_7477,,,Weh II Centre de Santé Integre,,,SOC.SANTE.CENTRE,,,,MAINA2019,10.1101,6.4552
RAPP_004138,1,MAINA2019,False,False,True,,,SSA_MFL/ligne_7478,,,Weh Presbyterian Centre de Santé Integre,,,SOC.SANTE.CENTRE,,,,MAINA2019,10.1209,6.4582
RAPP_004139,1,MAINA2019,False,False,True,,,SSA_MFL/ligne_7479,,,Widikum Centre Medical d’Arrondissement,,,SOC.SANTE.CENTRE,,,,MAINA2019,9.768,5.8659
RAPP_004140,1,MAINA2019,False,False,True,,,SSA_MFL/ligne_7480,,,Wosing Centre de Santé Integre,,,SOC.SANTE.CENTRE,,,,MAINA2019,10.056507,5.9209
RAPP_004141,1,MAINA2019,False,False,True,,,SSA_MFL/ligne_7481,,,Wum Hôpital de District,,,SOC.SANTE.HOPITAL,,,,MAINA2019,10.076793,6.389221
RAPP_004142,1,MAINA2019,False,False,True,,,SSA_MFL/ligne_7482,,,Wum Urban Centre de Santé Integre,,,SOC.SANTE.CENTRE,,,,MAINA2019,10.0713,6.3949
RAPP_004143,1,MAINA2019,False,False,True,,,SSA_MFL/ligne_7483,,,Wvem Centre de Santé Integre,,,SOC.SANTE.CENTRE,,,,MAINA2019,10.602737,6.170484
RAPP_004144,1,MAINA2019,False,False,True,,,SSA_MFL/ligne_7484,,,Yang Centre de Santé Integre,,,SOC.SANTE.CENTRE,,,,MAINA2019,11.13613,6.491625
RAPP_004145,1,MAINA2019,False,False,True,,,SSA_MFL/ligne_7485,,,Yemge Centre de Santé Integre,,,SOC.SANTE.CENTRE,,,,MAINA2019,10.203262,6.536629
RAPP_004146,1,MAINA2019,False,False,True,,,SSA_MFL/ligne_7486,,,Yimso Centre de Santé,,,SOC.SANTE.CENTRE,,,,MAINA2019,10.566667,6.01667
RAPP_004147,1,MAINA2019,False,False,True,,,SSA_MFL/ligne_7487,,,Zhoa Centre Medical d’Arrondissement,,,SOC.SANTE.CENTRE,,,,MAINA2019,10.0667,6.3333
RAPP_004148,1,MAINA2019,False,False,True,,,SSA_MFL/ligne_7488,,,Abang Catholique Centre de Santé,,,SOC.SANTE.CENTRE,,,,MAINA2019,11.1167,2.9167
RAPP_004149,1,MAINA2019,False,False,True,,,SSA_MFL/ligne_7489,,,Abang Minko Centre de Santé Integre,,,SOC.SANTE.CENTRE,,,,MAINA2019,11.428931,2.328559
RAPP_004150,1,MAINA2019,False,False,True,,,SSA_MFL/ligne_7490,,,Abing Catholique Centre de Santé,,,SOC.SANTE.CENTRE,,,,MAINA2019,12.6838,2.6743
RAPP_004151,1,MAINA2019,False,False,True,,,SSA_MFL/ligne_7491,,,Abing EPC Centre de Santé,,,SOC.SANTE.CENTRE,,,,MAINA2019,11.9578,2.9172
RAPP_004152,1,MAINA2019,False,False,True,,,SSA_MFL/ligne_7492,,,Adjap Catholique Centre de Santé,,,SOC.SANTE.CENTRE,,,,MAINA2019,11.1333,3.0833
RAPP_004153,1,MAINA2019,False,False,True,,,SSA_MFL/ligne_7493,,,Adjap Centre de Santé Integre,,,SOC.SANTE.CENTRE,,,,MAINA2019,10.187234,2.811651
RAPP_004154,1,MAINA2019,False,False,True,,,SSA_MFL/ligne_7494,,,Adjoli Catholique Centre de Santé,,,SOC.SANTE.CENTRE,,,,MAINA2019,12.4456,3.4391
RAPP_004155,1,MAINA2019,False,False,True,,,SSA_MFL/ligne_7495,,,Afane Mabe Centre Medical d’Arrondissement,,,SOC.SANTE.CENTRE,,,,MAINA2019,9.916667,2.95
RAPP_004156,1,MAINA2019,False,False,True,,,SSA_MFL/ligne_7496,,,Afanengong Centre de Santé Integre,,,SOC.SANTE.CENTRE,,,,MAINA2019,11.05597,2.930001
RAPP_004157,1,MAINA2019,False,False,True,,,SSA_MFL/ligne_7497,,,Akak Centre de Santé Integre,,,SOC.SANTE.CENTRE,,,,MAINA2019,10.985717,2.216159
RAPP_004158,1,MAINA2019,False,False,True,,,SSA_MFL/ligne_7498,,,Akam Messi Centre de Santé Integre,,,SOC.SANTE.CENTRE,,,,MAINA2019,11.331445,2.588218
RAPP_004159,1,MAINA2019,False,False,True,,,SSA_MFL/ligne_7499,,,Akok Centre de Santé Integre,,,SOC.SANTE.CENTRE,,,,MAINA2019,10.27682,2.779528
RAPP_004160,1,MAINA2019,False,False,True,,,SSA_MFL/ligne_7500,,,Akom 2 Centre Médical d'Arrondissement,,,SOC.SANTE.CENTRE,,,,MAINA2019,10.5438,2.809522
RAPP_004161,1,MAINA2019,False,False,True,,,SSA_MFL/ligne_7501,,,Akom Bikoe Centre de Santé Integre,,,SOC.SANTE.CENTRE,,,,MAINA2019,11.019029,3.373736
RAPP_004162,1,MAINA2019,False,False,True,,,SSA_MFL/ligne_7502,,,Akomessing Centre de Santé Integre,,,SOC.SANTE.CENTRE,,,,MAINA2019,11.860195,2.884445
RAPP_004163,1,MAINA2019,False,False,True,,,SSA_MFL/ligne_7503,,,Akon Catholique Dispensaire,,,SOC.SANTE.CENTRE,,,,MAINA2019,11.9793,2.9523
RAPP_004164,1,MAINA2019,False,False,True,,,SSA_MFL/ligne_7504,,,Akon Centre de Santé Integre,,,SOC.SANTE.CENTRE,,,,MAINA2019,11.975837,2.939173
RAPP_004165,1,MAINA2019,False,False,True,,,SSA_MFL/ligne_7505,,,Akwa Centre de Santé Integre,,,SOC.SANTE.CENTRE,,,,MAINA2019,11.145675,2.91382
RAPP_004166,1,MAINA2019,False,False,True,,,SSA_MFL/ligne_7506,,,Alati Centre de Santé Integre,,,SOC.SANTE.CENTRE,,,,MAINA2019,13.4029,2.1941
RAPP_004167,1,MAINA2019,False,False,True,,,SSA_MFL/ligne_7507,,,Alombo Centre de Santé Integre,,,SOC.SANTE.CENTRE,,,,MAINA2019,11.747409,2.371397
RAPP_004168,1,MAINA2019,False,False,True,,,SSA_MFL/ligne_7508,,,Ambam (Ex-PMI) Centre de Santé Integre,,,SOC.SANTE.CENTRE,,,,MAINA2019,11.2683,2.3835
RAPP_004169,1,MAINA2019,False,False,True,,,SSA_MFL/ligne_7509,,,Ambam Catholique Centre de Santé,,,SOC.SANTE.CENTRE,,,,MAINA2019,11.2667,2.3922
RAPP_004170,1,MAINA2019,False,False,True,,,SSA_MFL/ligne_7511,,,Ambam Rural Centre de Santé Integre,,,SOC.SANTE.CENTRE,,,,MAINA2019,11.2594,2.3659
RAPP_004171,1,MAINA2019,False,False,True,,,SSA_MFL/ligne_7512,,,Ambam Urbain Centre de Santé Integre,,,SOC.SANTE.CENTRE,,,,MAINA2019,11.265938,2.400895
RAPP_004172,1,MAINA2019,False,False,True,,,SSA_MFL/ligne_7513,,,Amvom Centre de Santé Integre,,,SOC.SANTE.CENTRE,,,,MAINA2019,11.926701,2.416773
RAPP_004173,1,MAINA2019,False,False,True,,,SSA_MFL/ligne_7514,,,Amvom EPC Centre de Santé,,,SOC.SANTE.CENTRE,,,,MAINA2019,11.9278,2.4155
RAPP_004174,1,MAINA2019,False,False,True,,,SSA_MFL/ligne_7515,,,Andoo EPC Centre de Santé,,,SOC.SANTE.CENTRE,,,,MAINA2019,12.35,3.5
RAPP_004175,1,MAINA2019,False,False,True,,,SSA_MFL/ligne_7516,,,Assandjick Centre de Santé Integre,,,SOC.SANTE.CENTRE,,,,MAINA2019,11.345174,2.37591
RAPP_004176,1,MAINA2019,False,False,True,,,SSA_MFL/ligne_7517,,,Atinzam Centre de Santé Integre,,,SOC.SANTE.CENTRE,,,,MAINA2019,10.961231,3.219904
RAPP_004177,1,MAINA2019,False,False,True,,,SSA_MFL/ligne_7518,,,Atog Boga Centre de Santé Integre,,,SOC.SANTE.CENTRE,,,,MAINA2019,10.47711,3.284241
RAPP_004178,1,MAINA2019,False,False,True,,,SSA_MFL/ligne_7519,,,Avebe Esse Centre de Santé Integre,,,SOC.SANTE.CENTRE,,,,MAINA2019,11.760948,2.970058
RAPP_004179,1,MAINA2019,False,False,True,,,SSA_MFL/ligne_7520,,,Aya Amang Centre de Santé Integre,,,SOC.SANTE.CENTRE,,,,MAINA2019,10.440654,2.380055
RAPP_004180,1,MAINA2019,False,False,True,,,SSA_MFL/ligne_7521,,,Bandevouri Centre de Santé Integre,,,SOC.SANTE.CENTRE,,,,MAINA2019,10.197227,3.049716
RAPP_004181,1,MAINA2019,False,False,True,,,SSA_MFL/ligne_7522,,,Behonde (En Mer) A Achever Centre de Santé,,,SOC.SANTE.CENTRE,,,,MAINA2019,10.133333,3.45
RAPP_004182,1,MAINA2019,False,False,True,,,SSA_MFL/ligne_7523,,,Bella Centre de Santé Integre,,,SOC.SANTE.CENTRE,,,,MAINA2019,10.2,3.25
RAPP_004183,1,MAINA2019,False,False,True,,,SSA_MFL/ligne_7524,,,Bengbis Centre Médical d'Arrondissement,,,SOC.SANTE.CENTRE,,,,MAINA2019,12.445281,3.433824
RAPP_004184,1,MAINA2019,False,False,True,,,SSA_MFL/ligne_7525,,,Biba 1 Centre de Santé Integre,,,SOC.SANTE.CENTRE,,,,MAINA2019,11.103767,2.769989
RAPP_004185,1,MAINA2019,False,False,True,,,SSA_MFL/ligne_7526,,,Biba Centre de Santé Integre,,,SOC.SANTE.CENTRE,,,,MAINA2019,12.090146,3.283561
RAPP_004186,1,MAINA2019,False,False,True,,,SSA_MFL/ligne_7527,,,Bibia EPC Centre de Santé,,,SOC.SANTE.CENTRE,,,,MAINA2019,10.7,3.2333
RAPP_004187,1,MAINA2019,False,False,True,,,SSA_MFL/ligne_7528,,,Bibondi Centre de Santé Integre,,,SOC.SANTE.CENTRE,,,,MAINA2019,10.660107,3.269436
RAPP_004188,1,MAINA2019,False,False,True,,,SSA_MFL/ligne_7529,,,Bidjouka Centre de Santé Integre,,,SOC.SANTE.CENTRE,,,,MAINA2019,10.487976,3.118978
RAPP_004189,1,MAINA2019,False,False,True,,,SSA_MFL/ligne_7530,,,Bilibila Centre de Santé Integre,,,SOC.SANTE.CENTRE,,,,MAINA2019,11.136099,2.190842
RAPP_004190,1,MAINA2019,False,False,True,,,SSA_MFL/ligne_7531,,,Bimengue Centre de Santé,,,SOC.SANTE.CENTRE,,,,MAINA2019,11.891094,2.734955
RAPP_004191,1,MAINA2019,False,False,True,,,SSA_MFL/ligne_7532,,,Bipindi Centre Médical d'Arrondissement,,,SOC.SANTE.CENTRE,,,,MAINA2019,10.408202,3.066281
RAPP_004192,1,MAINA2019,False,False,True,,,SSA_MFL/ligne_7533,,,Bissam Centre de Santé Integre,,,SOC.SANTE.CENTRE,,,,MAINA2019,11.521957,2.52312
RAPP_004193,1,MAINA2019,False,False,True,,,SSA_MFL/ligne_7534,,,Bissombo Construire Centre de Santé Integre,,,SOC.SANTE.CENTRE,,,,MAINA2019,12.4667,3.2833
RAPP_004194,1,MAINA2019,False,False,True,,,SSA_MFL/ligne_7535,,,Biton Ekowong Centre de Santé,,,SOC.SANTE.CENTRE,,,,MAINA2019,10.723744,2.914214
RAPP_004195,1,MAINA2019,False,False,True,,,SSA_MFL/ligne_7536,,,Bitsogman Centre de Santé Integre,,,SOC.SANTE.CENTRE,,,,MAINA2019,11.509322,3.050064
RAPP_004196,1,MAINA2019,False,False,True,,,SSA_MFL/ligne_7537,,,Bitye Centre de Santé Integre,,,SOC.SANTE.CENTRE,,,,MAINA2019,12.342937,3.00114
RAPP_004197,1,MAINA2019,False,False,True,,,SSA_MFL/ligne_7538,,,Biwong Bane Centre Medical d’Arrondissement,,,SOC.SANTE.CENTRE,,,,MAINA2019,11.15,3.1333
RAPP_004198,1,MAINA2019,False,False,True,,,SSA_MFL/ligne_7539,,,Biwong Boulou Centre Médical d'Arrondissement,,,SOC.SANTE.CENTRE,,,,MAINA2019,11.367874,2.77558
RAPP_004199,1,MAINA2019,False,False,True,,,SSA_MFL/ligne_7540,,,Bonybalue Centre de Santé Integre,,,SOC.SANTE.CENTRE,,,,MAINA2019,11.162807,2.908823
RAPP_004200,1,MAINA2019,False,False,True,,,SSA_MFL/ligne_7541,,,Cam Raoul Follero de Mvong Centre de Santé Integre,,,SOC.SANTE.CENTRE,,,,MAINA2019,11.660826,2.778161
RAPP_004201,1,MAINA2019,False,False,True,,,SSA_MFL/ligne_7542,,,Campo Centre Médical d'Arrondissement,,,SOC.SANTE.CENTRE,,,,MAINA2019,9.831379,2.372402
RAPP_004202,1,MAINA2019,False,False,True,,,SSA_MFL/ligne_7543,,,Construire Centre de Santé Integre,,,SOC.SANTE.CENTRE,,,,MAINA2019,10.75,2.4833
RAPP_004203,1,MAINA2019,False,False,True,,,SSA_MFL/ligne_7544,,,Croix Rouge de Grand Batanga Centre de Santé,,,SOC.SANTE.CENTRE,,,,MAINA2019,9.8865,2.8451
RAPP_004204,1,MAINA2019,False,False,True,,,SSA_MFL/ligne_7545,,,Croix Rouge de Mpalla Centre de Santé,,,SOC.SANTE.CENTRE,,,,MAINA2019,9.975855,3.074457
RAPP_004205,1,MAINA2019,False,False,True,,,SSA_MFL/ligne_7546,,,D Bella Centre de Santé Integre,,,SOC.SANTE.CENTRE,,,,MAINA2019,10.202938,3.239894
RAPP_004206,1,MAINA2019,False,False,True,,,SSA_MFL/ligne_7547,,,Dehane Centre de Santé,,,SOC.SANTE.CENTRE,,,,MAINA2019,10.0833,3.5
RAPP_004207,1,MAINA2019,False,False,True,,,SSA_MFL/ligne_7548,,,Dikobe Centre de Santé,,,SOC.SANTE.CENTRE,,,,MAINA2019,10.133333,3.450001
RAPP_004208,1,MAINA2019,False,False,True,,,SSA_MFL/ligne_7549,,,Djoum EPC Centre de Santé,,,SOC.SANTE.CENTRE,,,,MAINA2019,12.6707,2.6682
RAPP_004209,1,MAINA2019,False,False,True,,,SSA_MFL/ligne_7550,,,Djoum Hôpital de District,,,SOC.SANTE.HOPITAL,,,,MAINA2019,12.678359,2.66638
RAPP_004210,1,MAINA2019,False,False,True,,,SSA_MFL/ligne_7551,,,Djoum Urbain Centre de Santé Integre,,,SOC.SANTE.CENTRE,,,,MAINA2019,12.6803,2.6724
RAPP_004211,1,MAINA2019,False,False,True,,,SSA_MFL/ligne_7552,,,Doum Centre de Santé Integre,,,SOC.SANTE.CENTRE,,,,MAINA2019,11.691054,3.122637
RAPP_004212,1,MAINA2019,False,False,True,,,SSA_MFL/ligne_7553,,,Ebamina Centre de Santé Integre,,,SOC.SANTE.CENTRE,,,,MAINA2019,11.892638,3.372771
RAPP_004213,1,MAINA2019,False,False,True,,,SSA_MFL/ligne_7554,,,Ebe Centre de Santé Integre,,,SOC.SANTE.CENTRE,,,,MAINA2019,11.566559,2.69682
RAPP_004214,1,MAINA2019,False,False,True,,,SSA_MFL/ligne_7555,,,Ebemvok Centre de Santé Integre,,,SOC.SANTE.CENTRE,,,,MAINA2019,10.679485,2.81058
RAPP_004215,1,MAINA2019,False,False,True,,,SSA_MFL/ligne_7556,,,Ebodje Centre de Santé Integre,,,SOC.SANTE.CENTRE,,,,MAINA2019,9.830666,2.556216
RAPP_004216,1,MAINA2019,False,False,True,,,SSA_MFL/ligne_7557,,,Ebolowa Adventiste Centre de Santé,,,SOC.SANTE.CENTRE,,,,MAINA2019,11.145962,2.928009
RAPP_004217,1,MAINA2019,False,False,True,,,SSA_MFL/ligne_7558,,,Ebolowa Centre de Santé Integre,,,SOC.SANTE.CENTRE,,,,MAINA2019,11.153527,2.916914
RAPP_004218,1,MAINA2019,False,False,True,,,SSA_MFL/ligne_7559,,,Ebolowa Centre Medical d’Arrondissement,,,SOC.SANTE.CENTRE,,,,MAINA2019,11.1534,2.9176
RAPP_004219,1,MAINA2019,False,False,True,,,SSA_MFL/ligne_7560,,,Ebolowa Evangile Centre de Santé,,,SOC.SANTE.CENTRE,,,,MAINA2019,11.150528,2.912138
RAPP_004220,1,MAINA2019,False,False,True,,,SSA_MFL/ligne_7561,,,Ebolowa Regional Hôpital Regional,,,SOC.SANTE.HOPITAL,,,,MAINA2019,11.1671,2.9199
RAPP_004221,1,MAINA2019,False,False,True,,,SSA_MFL/ligne_7562,,,Ebom Centre de Santé Integre,,,SOC.SANTE.CENTRE,,,,MAINA2019,11.050699,3.282912
RAPP_004222,1,MAINA2019,False,False,True,,,SSA_MFL/ligne_7563,,,Efoulan Catholique Centre de Santé,,,SOC.SANTE.CENTRE,,,,MAINA2019,12.134,3.267
RAPP_004223,1,MAINA2019,False,False,True,,,SSA_MFL/ligne_7564,,,Efoulan Centre Médical d'Arrondissement,,,SOC.SANTE.CENTRE,,,,MAINA2019,10.920114,2.993259
RAPP_004224,1,MAINA2019,False,False,True,,,SSA_MFL/ligne_7565,,,Efoulan EPC Centre de Santé,,,SOC.SANTE.CENTRE,,,,MAINA2019,10.9167,3.0
RAPP_004225,1,MAINA2019,False,False,True,,,SSA_MFL/ligne_7566,,,Ekombite Centre de Santé Integre,,,SOC.SANTE.CENTRE,,,,MAINA2019,11.820851,3.117709
RAPP_004226,1,MAINA2019,False,False,True,,,SSA_MFL/ligne_7567,,,Ekong Catholique Centre de Santé,,,SOC.SANTE.CENTRE,,,,MAINA2019,12.1499,3.1579
RAPP_004227,1,MAINA2019,False,False,True,,,SSA_MFL/ligne_7568,,,Ekowong Centre de Santé Integre,,,SOC.SANTE.CENTRE,,,,MAINA2019,11.889835,2.51766
RAPP_004228,1,MAINA2019,False,False,True,,,SSA_MFL/ligne_7569,,,Elogbatindi Centre de Santé Integre,,,SOC.SANTE.CENTRE,,,,MAINA2019,10.127628,3.419425
RAPP_004229,1,MAINA2019,False,False,True,,,SSA_MFL/ligne_7570,,,Elom Yemfek Centre de Santé Integre,,,SOC.SANTE.CENTRE,,,,MAINA2019,12.170596,2.72865
RAPP_004230,1,MAINA2019,False,False,True,,,SSA_MFL/ligne_7571,,,Elon Centre de Santé Integre,,,SOC.SANTE.CENTRE,,,,MAINA2019,11.587845,3.127694
RAPP_004231,1,MAINA2019,False,False,True,,,SSA_MFL/ligne_7572,,,Elon Centre de Santé Integre,,,SOC.SANTE.CENTRE,,,,MAINA2019,10.892893,3.238368
RAPP_004232,1,MAINA2019,False,False,True,,,SSA_MFL/ligne_7573,,,Eminemvon Centre de Santé,,,SOC.SANTE.CENTRE,,,,MAINA2019,11.4833,2.9667
RAPP_004233,1,MAINA2019,False,False,True,,,SSA_MFL/ligne_7574,,,Enamegal Catholique Centre de Santé,,,SOC.SANTE.CENTRE,,,,MAINA2019,11.283,3.101
RAPP_004234,1,MAINA2019,False,False,True,,,SSA_MFL/ligne_7575,,,Endendem Centre de Santé Integre,,,SOC.SANTE.CENTRE,,,,MAINA2019,10.808757,2.493833
RAPP_004235,1,MAINA2019,False,False,True,,,SSA_MFL/ligne_7576,,,Endengue Centre de Santé Integre,,,SOC.SANTE.CENTRE,,,,MAINA2019,12.1745,2.5457
RAPP_004236,1,MAINA2019,False,False,True,,,SSA_MFL/ligne_7577,,,Engoutouk Centre de Santé Integre,,,SOC.SANTE.CENTRE,,,,MAINA2019,11.934992,3.398588
RAPP_004237,1,MAINA2019,False,False,True,,,SSA_MFL/ligne_7578,,,Enongal Annexe Centre de Santé,,,SOC.SANTE.CENTRE,,,,MAINA2019,11.1723,2.8768
RAPP_004238,1,MAINA2019,False,False,True,,,SSA_MFL/ligne_7579,,,Enongal Hôpital Central,,,SOC.SANTE.HOPITAL,,,,MAINA2019,11.1763,2.8732
RAPP_004239,1,MAINA2019,False,False,True,,,SSA_MFL/ligne_7580,,,Enyeng Centre de Santé Integre,,,SOC.SANTE.CENTRE,,,,MAINA2019,12.0333,3.2333
RAPP_004240,1,MAINA2019,False,False,True,,,SSA_MFL/ligne_7581,,,Epc Centre de Santé Integre,,,SOC.SANTE.CENTRE,,,,MAINA2019,11.083561,2.213875
RAPP_004241,1,MAINA2019,False,False,True,,,SSA_MFL/ligne_7582,,,Epc Du Koum Yetotan Centre de Santé Integre,,,SOC.SANTE.CENTRE,,,,MAINA2019,12.167812,3.090788
RAPP_004242,1,MAINA2019,False,False,True,,,SSA_MFL/ligne_7583,,,Essa Ngoungounou Centre de Santé Integre,,,SOC.SANTE.CENTRE,,,,MAINA2019,11.740296,3.171241
RAPP_004243,1,MAINA2019,False,False,True,,,SSA_MFL/ligne_7584,,,Essam Yemekak Catholique Centre de Santé,,,SOC.SANTE.CENTRE,,,,MAINA2019,12.15,2.983333
RAPP_004244,1,MAINA2019,False,False,True,,,SSA_MFL/ligne_7585,,,Essang Mvout Centre de Santé Integre,,,SOC.SANTE.CENTRE,,,,MAINA2019,12.263989,2.821746
RAPP_004245,1,MAINA2019,False,False,True,,,SSA_MFL/ligne_7586,,,Essong Centre de Santé Integre,,,SOC.SANTE.CENTRE,,,,MAINA2019,12.658372,2.524564
RAPP_004246,1,MAINA2019,False,False,True,,,SSA_MFL/ligne_7587,,,Essong Centre de Santé Integre,,,SOC.SANTE.CENTRE,,,,MAINA2019,12.149038,3.226454
RAPP_004247,1,MAINA2019,False,False,True,,,SSA_MFL/ligne_7588,,,Evouzok Construire Centre de Santé Integre,,,SOC.SANTE.CENTRE,,,,MAINA2019,10.5167,2.2833
RAPP_004248,1,MAINA2019,False,False,True,,,SSA_MFL/ligne_7589,,,Fibot Centre de Santé Integre,,,SOC.SANTE.CENTRE,,,,MAINA2019,11.892162,3.401919
RAPP_004249,1,MAINA2019,False,False,True,,,SSA_MFL/ligne_7590,,,Fifinda Centre Medical d’Arrondissement,,,SOC.SANTE.CENTRE,,,,MAINA2019,10.05,3.25
RAPP_004250,1,MAINA2019,False,False,True,,,SSA_MFL/ligne_7591,,,Fondation Medicale Chantal Biya ,,,SOC.SANTE.CENTRE,,,,MAINA2019,12.2468,3.1045
RAPP_004251,1,MAINA2019,False,False,True,,,SSA_MFL/ligne_7592,,,Foulassi Centre de Santé Integre,,,SOC.SANTE.CENTRE,,,,MAINA2019,10.929858,2.803651
RAPP_004252,1,MAINA2019,False,False,True,,,SSA_MFL/ligne_7593,,,Garnison Centre Médical d'Arrondissement,,,SOC.SANTE.CENTRE,,,,MAINA2019,11.168518,2.9162
RAPP_004253,1,MAINA2019,False,False,True,,,SSA_MFL/ligne_7594,,,Grand Batanga Centre de Santé Integre,,,SOC.SANTE.CENTRE,,,,MAINA2019,9.890634,2.834851
RAPP_004254,1,MAINA2019,False,False,True,,,SSA_MFL/ligne_7595,,,Grand Zambi Centre de Santé Integre,,,SOC.SANTE.CENTRE,,,,MAINA2019,10.311596,3.043914
RAPP_004255,1,MAINA2019,False,False,True,,,SSA_MFL/ligne_7596,,,Ipono (Chantier) Centre de Santé,,,SOC.SANTE.CENTRE,,,,MAINA2019,9.851455,2.329853
RAPP_004256,1,MAINA2019,False,False,True,,,SSA_MFL/ligne_7597,,,Ipono (Direction) Centre de Santé,,,SOC.SANTE.CENTRE,,,,MAINA2019,9.845054,2.332106
RAPP_004257,1,MAINA2019,False,False,True,,,SSA_MFL/ligne_7598,,,Konofonossi Centre de Santé,,,SOC.SANTE.CENTRE,,,,MAINA2019,11.355256,2.265688
RAPP_004258,1,MAINA2019,False,False,True,,,SSA_MFL/ligne_7599,,,Koum Yetotan Centre de Santé Integre,,,SOC.SANTE.CENTRE,,,,MAINA2019,12.163138,3.087621
RAPP_004259,1,MAINA2019,False,False,True,,,SSA_MFL/ligne_7600,,,Koungolou Centre de Santé Integre,,,SOC.SANTE.CENTRE,,,,MAINA2019,11.774802,2.730572
RAPP_004260,1,MAINA2019,False,False,True,,,SSA_MFL/ligne_7601,,,Kribi (Ex-PMI) Centre de Santé Integre,,,SOC.SANTE.CENTRE,,,,MAINA2019,9.9141,2.9494
RAPP_004261,1,MAINA2019,False,False,True,,,SSA_MFL/ligne_7603,,,Kribi Centre de Santé Integre,,,SOC.SANTE.CENTRE,,,,MAINA2019,9.919544,2.942997
RAPP_004262,1,MAINA2019,False,False,True,,,SSA_MFL/ligne_7604,,,Kribi Hôpital de District,,,SOC.SANTE.HOPITAL,,,,MAINA2019,9.910338,2.931695
RAPP_004263,1,MAINA2019,False,False,True,,,SSA_MFL/ligne_7605,,,Kye Ossi Catholique Dispensaire,,,SOC.SANTE.CENTRE,,,,MAINA2019,11.354556,2.255888
RAPP_004264,1,MAINA2019,False,False,True,,,SSA_MFL/ligne_7606,,,Kye Ossi Centre Medical d’Arrondissement,,,SOC.SANTE.CENTRE,,,,MAINA2019,11.357456,2.255588
RAPP_004265,1,MAINA2019,False,False,True,,,SSA_MFL/ligne_7607,,,Lolodorf Hôpital de District,,,SOC.SANTE.HOPITAL,,,,MAINA2019,10.72346,3.226606
RAPP_004266,1,MAINA2019,False,False,True,,,SSA_MFL/ligne_7608,,,Londji Centre de Santé Integre,,,SOC.SANTE.CENTRE,,,,MAINA2019,9.973082,3.058639
RAPP_004267,1,MAINA2019,False,False,True,,,SSA_MFL/ligne_7609,,,Loum Centre de Santé Integre,,,SOC.SANTE.CENTRE,,,,MAINA2019,11.558101,2.975706
RAPP_004268,1,MAINA2019,False,False,True,,,SSA_MFL/ligne_7610,,,Lyna Centre de Santé Integre,,,SOC.SANTE.CENTRE,,,,MAINA2019,11.152814,2.901685
RAPP_004269,1,MAINA2019,False,False,True,,,SSA_MFL/ligne_7611,,,Ma Amezam Centre de Santé Integre,,,SOC.SANTE.CENTRE,,,,MAINA2019,11.186751,2.771179
RAPP_004270,1,MAINA2019,False,False,True,,,SSA_MFL/ligne_7612,,,Maan Centre Médical d'Arrondissement,,,SOC.SANTE.CENTRE,,,,MAINA2019,10.631963,2.372916
RAPP_004271,1,MAINA2019,False,False,True,,,SSA_MFL/ligne_7613,,,Mbam Essa Obam Centre de Santé Integre,,,SOC.SANTE.CENTRE,,,,MAINA2019,11.563708,2.400597
RAPP_004272,1,MAINA2019,False,False,True,,,SSA_MFL/ligne_7614,,,Mbelemam Centre de Santé Integre,,,SOC.SANTE.CENTRE,,,,MAINA2019,11.057684,2.647
RAPP_004273,1,MAINA2019,False,False,True,,,SSA_MFL/ligne_7615,,,Mbometa Centre de Santé Integre,,,SOC.SANTE.CENTRE,,,,MAINA2019,12.298587,3.436323
RAPP_004274,1,MAINA2019,False,False,True,,,SSA_MFL/ligne_7616,,,Mebang Centre de Santé Integre,,,SOC.SANTE.CENTRE,,,,MAINA2019,10.935106,2.325605
RAPP_004275,1,MAINA2019,False,False,True,,,SSA_MFL/ligne_7617,,,Mebemenko Centre de Santé Integre,,,SOC.SANTE.CENTRE,,,,MAINA2019,12.1667,2.55
RAPP_004276,1,MAINA2019,False,False,True,,,SSA_MFL/ligne_7618,,,Mefo Centre de Santé Integre,,,SOC.SANTE.CENTRE,,,,MAINA2019,10.812314,2.792639
RAPP_004277,1,MAINA2019,False,False,True,,,SSA_MFL/ligne_7619,,,Mefoup Centre de Santé Integre,,,SOC.SANTE.CENTRE,,,,MAINA2019,11.061015,2.692448
RAPP_004278,1,MAINA2019,False,False,True,,,SSA_MFL/ligne_7620,,,Mekas Centre de Santé Integre,,,SOC.SANTE.CENTRE,,,,MAINA2019,12.518928,3.16159
RAPP_004279,1,MAINA2019,False,False,True,,,SSA_MFL/ligne_7621,,,Mekom Centre de Santé,,,SOC.SANTE.CENTRE,,,,MAINA2019,11.8833,2.9
RAPP_004280,1,MAINA2019,False,False,True,,,SSA_MFL/ligne_7622,,,Mekomegona Centre de Santé Integre,,,SOC.SANTE.CENTRE,,,,MAINA2019,11.177407,2.251947
RAPP_004281,1,MAINA2019,False,False,True,,,SSA_MFL/ligne_7623,,,Mekomengona District Hôpital de District,,,SOC.SANTE.HOPITAL,,,,MAINA2019,11.216128,2.252501
RAPP_004282,1,MAINA2019,False,False,True,,,SSA_MFL/ligne_7624,,,Mekomo Centre de Santé Integre,,,SOC.SANTE.CENTRE,,,,MAINA2019,11.336954,2.631981
RAPP_004283,1,MAINA2019,False,False,True,,,SSA_MFL/ligne_7625,,,Mekomo II Centre de Santé Integre,,,SOC.SANTE.CENTRE,,,,MAINA2019,11.363656,2.256288
RAPP_004284,1,MAINA2019,False,False,True,,,SSA_MFL/ligne_7626,,,Melangue 1 Centre de Santé Integre,,,SOC.SANTE.CENTRE,,,,MAINA2019,11.108805,3.015388
RAPP_004285,1,MAINA2019,False,False,True,,,SSA_MFL/ligne_7627,,,Melangue 2 Centre de Santé Integre,,,SOC.SANTE.CENTRE,,,,MAINA2019,10.947478,3.125319
RAPP_004286,1,MAINA2019,False,False,True,,,SSA_MFL/ligne_7628,,,Melen Centre de Santé Integre,,,SOC.SANTE.CENTRE,,,,MAINA2019,10.873667,3.26597
RAPP_004287,1,MAINA2019,False,False,True,,,SSA_MFL/ligne_7629,,,Mellen Centre de Santé Integre,,,SOC.SANTE.CENTRE,,,,MAINA2019,12.5333,2.7667
RAPP_004288,1,MAINA2019,False,False,True,,,SSA_MFL/ligne_7630,,,Mellen-Nkolanfedeck Centre de Santé,,,SOC.SANTE.CENTRE,,,,MAINA2019,12.5167,2.7667
RAPP_004289,1,MAINA2019,False,False,True,,,SSA_MFL/ligne_7631,,,Melondo Centre de Santé Integre,,,SOC.SANTE.CENTRE,,,,MAINA2019,10.530178,3.331731
RAPP_004290,1,MAINA2019,False,False,True,,,SSA_MFL/ligne_7632,,,Memel 2 Centre de Santé Integre,,,SOC.SANTE.CENTRE,,,,MAINA2019,10.395593,3.188589
RAPP_004291,1,MAINA2019,False,False,True,,,SSA_MFL/ligne_7633,,,Mendjimi Centre de Santé Integre,,,SOC.SANTE.CENTRE,,,,MAINA2019,11.31812,2.49066
RAPP_004292,1,MAINA2019,False,False,True,,,SSA_MFL/ligne_7634,,,Mengale Centre de Santé Integre,,,SOC.SANTE.CENTRE,,,,MAINA2019,10.865387,3.087842
RAPP_004293,1,MAINA2019,False,False,True,,,SSA_MFL/ligne_7635,,,Mengon Centre de Santé Integre,,,SOC.SANTE.CENTRE,,,,MAINA2019,12.241763,2.999334
RAPP_004294,1,MAINA2019,False,False,True,,,SSA_MFL/ligne_7636,,,Mengong Catholique Centre de Santé,,,SOC.SANTE.CENTRE,,,,MAINA2019,11.416,2.934
RAPP_004295,1,MAINA2019,False,False,True,,,SSA_MFL/ligne_7637,,,Mengong Centre Médical d'Arrondissement,,,SOC.SANTE.CENTRE,,,,MAINA2019,11.39838,2.940014
RAPP_004296,1,MAINA2019,False,False,True,,,SSA_MFL/ligne_7638,,,Messam Construire Centre de Santé Integre,,,SOC.SANTE.CENTRE,,,,MAINA2019,11.8,3.3
RAPP_004297,1,MAINA2019,False,False,True,,,SSA_MFL/ligne_7639,,,Messama I Centre de Santé Integre,,,SOC.SANTE.CENTRE,,,,MAINA2019,10.8333,2.7
RAPP_004298,1,MAINA2019,False,False,True,,,SSA_MFL/ligne_7640,,,Messok Centre de Santé Integre,,,SOC.SANTE.CENTRE,,,,MAINA2019,12.271342,3.19545
RAPP_004299,1,MAINA2019,False,False,True,,,SSA_MFL/ligne_7641,,,Meyila Centre de Santé Integre,,,SOC.SANTE.CENTRE,,,,MAINA2019,11.852974,3.173103
RAPP_004300,1,MAINA2019,False,False,True,,,SSA_MFL/ligne_7642,,,Meyo Centre Centre de Santé Integre,,,SOC.SANTE.CENTRE,,,,MAINA2019,11.0333,2.55
RAPP_004301,1,MAINA2019,False,False,True,,,SSA_MFL/ligne_7643,,,Meyo Centre Centre Médical d'Arrondissement,,,SOC.SANTE.CENTRE,,,,MAINA2019,11.030082,2.564671
RAPP_004302,1,MAINA2019,False,False,True,,,SSA_MFL/ligne_7644,,,Meyo Elie Centre de Santé Integre,,,SOC.SANTE.CENTRE,,,,MAINA2019,11.218587,2.438728
RAPP_004303,1,MAINA2019,False,False,True,,,SSA_MFL/ligne_7645,,,Meyo Esse Centre de Santé,,,SOC.SANTE.CENTRE,,,,MAINA2019,11.95,2.9667
RAPP_004304,1,MAINA2019,False,False,True,,,SSA_MFL/ligne_7646,,,Meyo Ville Centre de Santé Integre,,,SOC.SANTE.CENTRE,,,,MAINA2019,11.021705,2.853382
RAPP_004305,1,MAINA2019,False,False,True,,,SSA_MFL/ligne_7647,,,Meyobiboulou Centre de Santé Integre,,,SOC.SANTE.CENTRE,,,,MAINA2019,11.007228,2.1897
RAPP_004306,1,MAINA2019,False,False,True,,,SSA_MFL/ligne_7648,,,Meyomadjom Centre de Santé Integre,,,SOC.SANTE.CENTRE,,,,MAINA2019,11.957039,2.767316
RAPP_004307,1,MAINA2019,False,False,True,,,SSA_MFL/ligne_7649,,,Meyomessala Hôpital de District,,,SOC.SANTE.HOPITAL,,,,MAINA2019,12.264903,3.106316
RAPP_004308,1,MAINA2019,False,False,True,,,SSA_MFL/ligne_7650,,,Meyomessi Centre Médical d'Arrondissement,,,SOC.SANTE.CENTRE,,,,MAINA2019,12.203908,2.817582
RAPP_004309,1,MAINA2019,False,False,True,,,SSA_MFL/ligne_7651,,,Mezesse Centre de Santé Integre,,,SOC.SANTE.CENTRE,,,,MAINA2019,12.15,2.9667
RAPP_004310,1,MAINA2019,False,False,True,,,SSA_MFL/ligne_7652,,,Mfem Centre de Santé Integre,,,SOC.SANTE.CENTRE,,,,MAINA2019,12.66789,2.538365
RAPP_004311,1,MAINA2019,False,False,True,,,SSA_MFL/ligne_7653,,,Mfenda Centre de Santé,,,SOC.SANTE.CENTRE,,,,MAINA2019,10.635567,3.008441
RAPP_004312,1,MAINA2019,False,False,True,,,SSA_MFL/ligne_7654,,,Mfoua Centre de Santé Integre,,,SOC.SANTE.CENTRE,,,,MAINA2019,10.8333,2.3333
RAPP_004313,1,MAINA2019,False,False,True,,,SSA_MFL/ligne_7655,,,Mfouba Centre de Santé Integre,,,SOC.SANTE.CENTRE,,,,MAINA2019,10.833741,2.333695
RAPP_004314,1,MAINA2019,False,False,True,,,SSA_MFL/ligne_7656,,,Mfouladja Centre de Santé Integre,,,SOC.SANTE.CENTRE,,,,MAINA2019,11.801355,3.1729
RAPP_004315,1,MAINA2019,False,False,True,,,SSA_MFL/ligne_7657,,,Mifombo Centre de Santé Integre,,,SOC.SANTE.CENTRE,,,,MAINA2019,10.51385,3.04558
RAPP_004316,1,MAINA2019,False,False,True,,,SSA_MFL/ligne_7658,,,Minkan 2 Centre de Santé Integre,,,SOC.SANTE.CENTRE,,,,MAINA2019,10.925254,3.307087
RAPP_004317,1,MAINA2019,False,False,True,,,SSA_MFL/ligne_7659,,,Minkan Centre de Santé Integre,,,SOC.SANTE.CENTRE,,,,MAINA2019,11.137597,3.13555
RAPP_004318,1,MAINA2019,False,False,True,,,SSA_MFL/ligne_7660,,,Minlaa Centre de Santé Integre,,,SOC.SANTE.CENTRE,,,,MAINA2019,12.386746,3.49343
RAPP_004319,1,MAINA2019,False,False,True,,,SSA_MFL/ligne_7661,,,Mintom Centre Médical d'Arrondissement,,,SOC.SANTE.CENTRE,,,,MAINA2019,13.287085,2.692693
RAPP_004320,1,MAINA2019,False,False,True,,,SSA_MFL/ligne_7662,,,Moneko O Centre de Santé Integre,,,SOC.SANTE.CENTRE,,,,MAINA2019,11.73287,3.029069
RAPP_004321,1,MAINA2019,False,False,True,,,SSA_MFL/ligne_7663,,,Moungue Achever Centre de Santé Integre,,,SOC.SANTE.CENTRE,,,,MAINA2019,10.633333,3.233333
RAPP_004322,1,MAINA2019,False,False,True,,,SSA_MFL/ligne_7664,,,Mva Amedjap Fong Centre de Santé Integre,,,SOC.SANTE.CENTRE,,,,MAINA2019,11.575352,3.057797
RAPP_004323,1,MAINA2019,False,False,True,,,SSA_MFL/ligne_7665,,,Mvagmedjap Bane Centre de Santé Integre,,,SOC.SANTE.CENTRE,,,,MAINA2019,11.341059,3.082591
RAPP_004324,1,MAINA2019,False,False,True,,,SSA_MFL/ligne_7666,,,Mvam Essakoe Centre de Santé Integre,,,SOC.SANTE.CENTRE,,,,MAINA2019,11.153527,2.874321
RAPP_004325,1,MAINA2019,False,False,True,,,SSA_MFL/ligne_7667,,,Mvanbisson Centre de Santé Integre,,,SOC.SANTE.CENTRE,,,,MAINA2019,12.192386,3.03199
RAPP_004326,1,MAINA2019,False,False,True,,,SSA_MFL/ligne_7668,,,Mvangan Hôpital de District,,,SOC.SANTE.HOPITAL,,,,MAINA2019,11.742085,2.656023
RAPP_004327,1,MAINA2019,False,False,True,,,SSA_MFL/ligne_7669,,,Mveng Centre de Santé Integre,,,SOC.SANTE.CENTRE,,,,MAINA2019,12.61459,2.742523
RAPP_004328,1,MAINA2019,False,False,True,,,SSA_MFL/ligne_7670,,,Mvengue Centre Médical d'Arrondissement,,,SOC.SANTE.CENTRE,,,,MAINA2019,10.971891,3.276249
RAPP_004329,1,MAINA2019,False,False,True,,,SSA_MFL/ligne_7671,,,Mvia Centre de Santé Integre,,,SOC.SANTE.CENTRE,,,,MAINA2019,12.250731,3.033196
RAPP_004330,1,MAINA2019,False,False,True,,,SSA_MFL/ligne_7672,,,Mvie Centre de Santé Integre,,,SOC.SANTE.CENTRE,,,,MAINA2019,10.554563,2.904271
RAPP_004331,1,MAINA2019,False,False,True,,,SSA_MFL/ligne_7673,,,Mvieng Centre de Santé Integre,,,SOC.SANTE.CENTRE,,,,MAINA2019,10.952463,2.83744
RAPP_004332,1,MAINA2019,False,False,True,,,SSA_MFL/ligne_7674,,,Mvong Centre de Santé,,,SOC.SANTE.CENTRE,,,,MAINA2019,10.4,2.4
RAPP_004333,1,MAINA2019,False,False,True,,,SSA_MFL/ligne_7675,,,Ndanga Ngoe Centre de Santé Integre,,,SOC.SANTE.CENTRE,,,,MAINA2019,12.124014,2.62665
RAPP_004334,1,MAINA2019,False,False,True,,,SSA_MFL/ligne_7676,,,Ndele Centre de Santé Integre,,,SOC.SANTE.CENTRE,,,,MAINA2019,11.938855,3.302128
RAPP_004335,1,MAINA2019,False,False,True,,,SSA_MFL/ligne_7677,,,Ndick Centre de Santé Integre,,,SOC.SANTE.CENTRE,,,,MAINA2019,11.900991,2.608871
RAPP_004336,1,MAINA2019,False,False,True,,,SSA_MFL/ligne_7678,,,Ndjazeng EPC Centre de Santé Integre,,,SOC.SANTE.CENTRE,,,,MAINA2019,10.9167,2.5167
RAPP_004337,1,MAINA2019,False,False,True,,,SSA_MFL/ligne_7679,,,Ndjazeng Public Construire Centre de Santé Integre,,,SOC.SANTE.CENTRE,,,,MAINA2019,10.9155,2.5346
RAPP_004338,1,MAINA2019,False,False,True,,,SSA_MFL/ligne_7680,,,Ndjom Essamane Centre de Santé Integre,,,SOC.SANTE.CENTRE,,,,MAINA2019,11.68766,3.024786
RAPP_004339,1,MAINA2019,False,False,True,,,SSA_MFL/ligne_7681,,,Ngalane Centre de Santé Integre,,,SOC.SANTE.CENTRE,,,,MAINA2019,11.2333,2.8
RAPP_004340,1,MAINA2019,False,False,True,,,SSA_MFL/ligne_7682,,,Ngallan Centre de Santé Integre,,,SOC.SANTE.CENTRE,,,,MAINA2019,11.121405,2.933094
RAPP_004341,1,MAINA2019,False,False,True,,,SSA_MFL/ligne_7683,,,Ngoasse Centre de Santé Integre,,,SOC.SANTE.CENTRE,,,,MAINA2019,12.1333,3.25
RAPP_004342,1,MAINA2019,False,False,True,,,SSA_MFL/ligne_7684,,,Ngoazip 1 Centre de Santé Integre,,,SOC.SANTE.CENTRE,,,,MAINA2019,11.021717,3.050128
RAPP_004343,1,MAINA2019,False,False,True,,,SSA_MFL/ligne_7686,,,Ngolbang Centre de Santé Integre,,,SOC.SANTE.CENTRE,,,,MAINA2019,11.818236,3.310833
RAPP_004344,1,MAINA2019,False,False,True,,,SSA_MFL/ligne_7687,,,Ngomedene EPC Centre de Santé,,,SOC.SANTE.CENTRE,,,,MAINA2019,11.15,3.133333
RAPP_004345,1,MAINA2019,False,False,True,,,SSA_MFL/ligne_7688,,,Ngon Centre de Santé Integre,,,SOC.SANTE.CENTRE,,,,MAINA2019,11.608002,2.670372
RAPP_004346,1,MAINA2019,False,False,True,,,SSA_MFL/ligne_7689,,,Ngonebeme Centre de Santé Integre,,,SOC.SANTE.CENTRE,,,,MAINA2019,11.146389,2.899068
RAPP_004347,1,MAINA2019,False,False,True,,,SSA_MFL/ligne_7690,,,Ngoulemakong Centre Médical d'Arrondissement,,,SOC.SANTE.CENTRE,,,,MAINA2019,11.41851,3.083138
RAPP_004348,1,MAINA2019,False,False,True,,,SSA_MFL/ligne_7691,,,Ngoulessaman Centre de Santé Integre,,,SOC.SANTE.CENTRE,,,,MAINA2019,11.296955,2.951019
RAPP_004349,1,MAINA2019,False,False,True,,,SSA_MFL/ligne_7692,,,Ngovayang Centre de Santé Integre,,,SOC.SANTE.CENTRE,,,,MAINA2019,10.6167,3.25
RAPP_004350,1,MAINA2019,False,False,True,,,SSA_MFL/ligne_7693,,,Nkoekouk Centre de Santé Integre,,,SOC.SANTE.CENTRE,,,,MAINA2019,10.7167,3.0667
RAPP_004351,1,MAINA2019,False,False,True,,,SSA_MFL/ligne_7694,,,Nkoemvone Centre de Santé,,,SOC.SANTE.CENTRE,,,,MAINA2019,11.133,2.8
RAPP_004352,1,MAINA2019,False,False,True,,,SSA_MFL/ligne_7695,,,Nkoetye Centre de Santé Integre,,,SOC.SANTE.CENTRE,,,,MAINA2019,11.284463,2.864168
RAPP_004353,1,MAINA2019,False,False,True,,,SSA_MFL/ligne_7696,,,Nkol Efoulan Centre de Santé Integre,,,SOC.SANTE.CENTRE,,,,MAINA2019,11.3,2.4333
RAPP_004354,1,MAINA2019,False,False,True,,,SSA_MFL/ligne_7697,,,Nkolandom Centre Médical d'Arrondissement,,,SOC.SANTE.CENTRE,,,,MAINA2019,11.160428,2.803413
RAPP_004355,1,MAINA2019,False,False,True,,,SSA_MFL/ligne_7698,,,Nkolbang Centre de Santé Integre,,,SOC.SANTE.CENTRE,,,,MAINA2019,12.045265,3.365326
RAPP_004356,1,MAINA2019,False,False,True,,,SSA_MFL/ligne_7699,,,Nkolbitye Centre de Santé Integre,,,SOC.SANTE.CENTRE,,,,MAINA2019,11.37518,2.863573
RAPP_004357,1,MAINA2019,False,False,True,,,SSA_MFL/ligne_7700,,,Nkoldja Centre de Santé Integre,,,SOC.SANTE.CENTRE,,,,MAINA2019,12.413637,3.109242
RAPP_004358,1,MAINA2019,False,False,True,,,SSA_MFL/ligne_7701,,,Nkolenyeng Centre de Santé Integre,,,SOC.SANTE.CENTRE,,,,MAINA2019,12.583181,2.427958
RAPP_004359,1,MAINA2019,False,False,True,,,SSA_MFL/ligne_7702,,,Nkolenyeng Centre de Santé Integre,,,SOC.SANTE.CENTRE,,,,MAINA2019,12.314504,3.068927
RAPP_004360,1,MAINA2019,False,False,True,,,SSA_MFL/ligne_7703,,,Nkollo Centre de Santé Integre,,,SOC.SANTE.CENTRE,,,,MAINA2019,10.274322,3.21027
RAPP_004361,1,MAINA2019,False,False,True,,,SSA_MFL/ligne_7704,,,Nkolnguet Centre de Santé Integre,,,SOC.SANTE.CENTRE,,,,MAINA2019,11.978216,2.912761
RAPP_004362,1,MAINA2019,False,False,True,,,SSA_MFL/ligne_7705,,,Nkolotou Centre de Santé Integre,,,SOC.SANTE.CENTRE,,,,MAINA2019,12.019976,3.069686
RAPP_004363,1,MAINA2019,False,False,True,,,SSA_MFL/ligne_7706,,,Nkongmekak Centre de Santé Integre,,,SOC.SANTE.CENTRE,,,,MAINA2019,12.1333,3.2
RAPP_004364,1,MAINA2019,False,False,True,,,SSA_MFL/ligne_7707,,,Nkouambpoer Centre de Santé Integre,,,SOC.SANTE.CENTRE,,,,MAINA2019,10.764367,3.405858
RAPP_004365,1,MAINA2019,False,False,True,,,SSA_MFL/ligne_7708,,,Nkouekouk Centre de Santé Integre,,,SOC.SANTE.CENTRE,,,,MAINA2019,10.73404,3.0418
RAPP_004366,1,MAINA2019,False,False,True,,,SSA_MFL/ligne_7709,,,Nkoulougangal Centre de Santé Integre,,,SOC.SANTE.CENTRE,,,,MAINA2019,11.086677,3.257785
RAPP_004367,1,MAINA2019,False,False,True,,,SSA_MFL/ligne_7710,,,Nkoumadjap Centre de Santé Integre,,,SOC.SANTE.CENTRE,,,,MAINA2019,11.944888,3.193321
RAPP_004368,1,MAINA2019,False,False,True,,,SSA_MFL/ligne_7711,,,Nkpang Centre de Santé Integre,,,SOC.SANTE.CENTRE,,,,MAINA2019,11.957158,3.035422
RAPP_004369,1,MAINA2019,False,False,True,,,SSA_MFL/ligne_7712,,,Nlede Dibe Centre de Santé Integre,,,SOC.SANTE.CENTRE,,,,MAINA2019,9.883496,2.763824
RAPP_004370,1,MAINA2019,False,False,True,,,SSA_MFL/ligne_7713,,,Nlomoto Centre de Santé Integre,,,SOC.SANTE.CENTRE,,,,MAINA2019,10.501586,2.786606
RAPP_004371,1,MAINA2019,False,False,True,,,SSA_MFL/ligne_7714,,,Nlonkeng Centre de Santé Integre,,,SOC.SANTE.CENTRE,,,,MAINA2019,10.467926,2.957778
RAPP_004372,1,MAINA2019,False,False,True,,,SSA_MFL/ligne_7715,,,Nnelefoup Centre de Santé,,,SOC.SANTE.CENTRE,,,,MAINA2019,10.795981,2.86395
RAPP_004373,1,MAINA2019,False,False,True,,,SSA_MFL/ligne_7716,,,Nnelefoup Centre de Santé Integre,,,SOC.SANTE.CENTRE,,,,MAINA2019,10.738551,2.803347
RAPP_004374,1,MAINA2019,False,False,True,,,SSA_MFL/ligne_7717,,,Nnemeyong 2 Centre de Santé Integre,,,SOC.SANTE.CENTRE,,,,MAINA2019,11.601229,2.985818
RAPP_004375,1,MAINA2019,False,False,True,,,SSA_MFL/ligne_7718,,,Nong Centre de Santé Integre,,,SOC.SANTE.CENTRE,,,,MAINA2019,11.088105,2.328222
RAPP_004376,1,MAINA2019,False,False,True,,,SSA_MFL/ligne_7719,,,Nselang Centre de Santé Integre,,,SOC.SANTE.CENTRE,,,,MAINA2019,11.580876,2.845024
RAPP_004377,1,MAINA2019,False,False,True,,,SSA_MFL/ligne_7720,,,Nsessoum Centre de Santé Integre,,,SOC.SANTE.CENTRE,,,,MAINA2019,11.117646,2.513989
RAPP_004378,1,MAINA2019,False,False,True,,,SSA_MFL/ligne_7721,,,Nyabessang Centre de Santé Integre,,,SOC.SANTE.CENTRE,,,,MAINA2019,10.397824,2.405515
RAPP_004379,1,MAINA2019,False,False,True,,,SSA_MFL/ligne_7722,,,Nyamfende Centre de Santé,,,SOC.SANTE.CENTRE,,,,MAINA2019,11.016667,3.283333
RAPP_004380,1,MAINA2019,False,False,True,,,SSA_MFL/ligne_7723,,,Nyangong Centre de Santé Integre,,,SOC.SANTE.CENTRE,,,,MAINA2019,10.937948,2.890739
RAPP_004381,1,MAINA2019,False,False,True,,,SSA_MFL/ligne_7724,,,Odong Adjap Centre de Santé Integre,,,SOC.SANTE.CENTRE,,,,MAINA2019,10.847898,3.1321
RAPP_004382,1,MAINA2019,False,False,True,,,SSA_MFL/ligne_7725,,,Olamze Hôpital de District,,,SOC.SANTE.HOPITAL,,,,MAINA2019,11.094411,2.213875
RAPP_004383,1,MAINA2019,False,False,True,,,SSA_MFL/ligne_7726,,,Olembe Centre de Santé Integre,,,SOC.SANTE.CENTRE,,,,MAINA2019,12.454918,3.560531
RAPP_004384,1,MAINA2019,False,False,True,,,SSA_MFL/ligne_7727,,,Olounou Centre de Santé,,,SOC.SANTE.CENTRE,,,,MAINA2019,12.0833,3.3667
RAPP_004385,1,MAINA2019,False,False,True,,,SSA_MFL/ligne_7728,,,Olounou Centre de Santé Integre,,,SOC.SANTE.CENTRE,,,,MAINA2019,12.125088,2.802116
RAPP_004386,1,MAINA2019,False,False,True,,,SSA_MFL/ligne_7729,,,Ondondo Centre de Santé Integre,,,SOC.SANTE.CENTRE,,,,MAINA2019,11.662016,2.676796
RAPP_004387,1,MAINA2019,False,False,True,,,SSA_MFL/ligne_7730,,,Oveng Fang Centre Médical d'Arrondissement,,,SOC.SANTE.CENTRE,,,,MAINA2019,12.258218,2.41794
RAPP_004388,1,MAINA2019,False,False,True,,,SSA_MFL/ligne_7731,,,Oveng Yemvak Centre de Santé,,,SOC.SANTE.CENTRE,,,,MAINA2019,11.8956,3.0961
RAPP_004389,1,MAINA2019,False,False,True,,,SSA_MFL/ligne_7732,,,Oveng Yemvak Centre de Santé Integre,,,SOC.SANTE.CENTRE,,,,MAINA2019,11.898147,3.087056
RAPP_004390,1,MAINA2019,False,False,True,,,SSA_MFL/ligne_7733,,,Pama Centre de Santé Integre,,,SOC.SANTE.CENTRE,,,,MAINA2019,10.076946,3.263451
RAPP_004391,1,MAINA2019,False,False,True,,,SSA_MFL/ligne_7734,,,Sangmelima (Ex-PMI) Centre de Santé Integre,,,SOC.SANTE.CENTRE,,,,MAINA2019,11.9772,2.9308
RAPP_004392,1,MAINA2019,False,False,True,,,SSA_MFL/ligne_7735,,,Sangmelima Hôpital de District,,,SOC.SANTE.HOPITAL,,,,MAINA2019,11.977502,2.919899
RAPP_004393,1,MAINA2019,False,False,True,,,SSA_MFL/ligne_7736,,,Service Medical de La Socapalm Kienke,,,SOC.SANTE.CENTRE,,,,MAINA2019,10.583,2.85
RAPP_004394,1,MAINA2019,False,False,True,,,SSA_MFL/ligne_7737,,,Song Mahi Centre de Santé Integre,,,SOC.SANTE.CENTRE,,,,MAINA2019,10.533344,3.362185
RAPP_004395,1,MAINA2019,False,False,True,,,SSA_MFL/ligne_7738,,,Soumou Centre de Santé Integre,,,SOC.SANTE.CENTRE,,,,MAINA2019,11.315777,3.093001
RAPP_004396,1,MAINA2019,False,False,True,,,SSA_MFL/ligne_7739,,,Ste Marguerite de Nkolomang Centre de Santé,,,SOC.SANTE.CENTRE,,,,MAINA2019,11.887,3.2557
RAPP_004397,1,MAINA2019,False,False,True,,,SSA_MFL/ligne_7740,,,Ste Wijma Centre de Santé,,,SOC.SANTE.CENTRE,,,,MAINA2019,9.9499,2.8827
RAPP_004398,1,MAINA2019,False,False,True,,,SSA_MFL/ligne_7741,,,Tchangue Centre de Santé Integre,,,SOC.SANTE.CENTRE,,,,MAINA2019,10.952237,2.969464
RAPP_004399,1,MAINA2019,False,False,True,,,SSA_MFL/ligne_7742,,,Tekmo Centre de Santé Integre,,,SOC.SANTE.CENTRE,,,,MAINA2019,12.085149,3.142578
RAPP_004400,1,MAINA2019,False,False,True,,,SSA_MFL/ligne_7743,,,Teng (Non Construit) Centre de Santé,,,SOC.SANTE.CENTRE,,,,MAINA2019,12.3,3.4
RAPP_004401,1,MAINA2019,False,False,True,,,SSA_MFL/ligne_7744,,,Vallee Du Dja Centre de Santé Integre,,,SOC.SANTE.CENTRE,,,,MAINA2019,12.38865,3.237804
RAPP_004402,1,MAINA2019,False,False,True,,,SSA_MFL/ligne_7745,,,Woabete Centre de Santé Integre,,,SOC.SANTE.CENTRE,,,,MAINA2019,11.763514,3.134154
RAPP_004403,1,MAINA2019,False,False,True,,,SSA_MFL/ligne_7746,,,Wom Centre de Santé Integre,,,SOC.SANTE.CENTRE,,,,MAINA2019,11.121091,3.197884
RAPP_004404,1,MAINA2019,False,False,True,,,SSA_MFL/ligne_7747,,,Zingui Centre de Santé Integre,,,SOC.SANTE.CENTRE,,,,MAINA2019,10.187234,2.762753
RAPP_004405,1,MAINA2019,False,False,True,,,SSA_MFL/ligne_7748,,,Zoebefam Centre de Santé Integre,,,SOC.SANTE.CENTRE,,,,MAINA2019,11.812755,2.571553
RAPP_004406,1,MAINA2019,False,False,True,,,SSA_MFL/ligne_7749,,,Zoetele Hôpital de District,,,SOC.SANTE.HOPITAL,,,,MAINA2019,11.883784,3.24643
RAPP_004407,1,MAINA2019,False,False,True,,,SSA_MFL/ligne_7750,,,Zouameyong Centre de Santé Integre,,,SOC.SANTE.CENTRE,,,,MAINA2019,10.826,2.6781
RAPP_004408,1,MAINA2019,False,False,True,,,SSA_MFL/ligne_7751,,,Afap Centre de Santé Integre,,,SOC.SANTE.CENTRE,,,,MAINA2019,9.170066,5.677499
RAPP_004409,1,MAINA2019,False,False,True,,,SSA_MFL/ligne_7752,,,Ajayukndip Centre de Santé Integre,,,SOC.SANTE.CENTRE,,,,MAINA2019,9.164736,5.650659
RAPP_004410,1,MAINA2019,False,False,True,,,SSA_MFL/ligne_7753,,,Akwa Centre de Santé Integre,,,SOC.SANTE.CENTRE,,,,MAINA2019,9.471244,6.051204
RAPP_004411,1,MAINA2019,False,False,True,,,SSA_MFL/ligne_7754,,,Akwa Centre Médical d'Arrondissement,,,SOC.SANTE.CENTRE,,,,MAINA2019,8.61762,4.815004
RAPP_004412,1,MAINA2019,False,False,True,,,SSA_MFL/ligne_7755,,,Akwaya Hôpital de District,,,SOC.SANTE.HOPITAL,,,,MAINA2019,9.514272,6.364936
RAPP_004413,1,MAINA2019,False,False,True,,,SSA_MFL/ligne_7756,,,Akwaya R Centre de Santé Integre,,,SOC.SANTE.CENTRE,,,,MAINA2019,9.5355,6.3713
RAPP_004414,1,MAINA2019,False,False,True,,,SSA_MFL/ligne_7757,,,Alou Centre Médical d'Arrondissement,,,SOC.SANTE.CENTRE,,,,MAINA2019,9.941418,5.512634
RAPP_004415,1,MAINA2019,False,False,True,,,SSA_MFL/ligne_7758,,,Amassi Centre de Santé Integre,,,SOC.SANTE.CENTRE,,,,MAINA2019,9.745548,6.160767
RAPP_004416,1,MAINA2019,False,False,True,,,SSA_MFL/ligne_7759,,,Apostolic Centre de Santé,,,SOC.SANTE.CENTRE,,,,MAINA2019,9.3181,4.352
RAPP_004417,1,MAINA2019,False,False,True,,,SSA_MFL/ligne_7760,,,Ayong Centre de Santé,,,SOC.SANTE.CENTRE,,,,MAINA2019,9.3152,5.1975
RAPP_004418,1,MAINA2019,False,False,True,,,SSA_MFL/ligne_7761,,,Ayukaba Betieukeu Centre de Santé Integre,,,SOC.SANTE.CENTRE,,,,MAINA2019,9.178364,5.749116
RAPP_004419,1,MAINA2019,False,False,True,,,SSA_MFL/ligne_7762,,,Azi Hôpital de District,,,SOC.SANTE.HOPITAL,,,,MAINA2019,9.883907,5.462042
RAPP_004420,1,MAINA2019,False,False,True,,,SSA_MFL/ligne_7763,,,Babong Centre de Santé Integre,,,SOC.SANTE.CENTRE,,,,MAINA2019,9.0451,5.5836
RAPP_004421,1,MAINA2019,False,False,True,,,SSA_MFL/ligne_7764,,,Bachuo Akagbe Centre de Santé Integre,,,SOC.SANTE.CENTRE,,,,MAINA2019,9.4436,5.6932
RAPP_004422,1,MAINA2019,False,False,True,,,SSA_MFL/ligne_7765,,,Bafaka Centre de Santé Integre,,,SOC.SANTE.CENTRE,,,,MAINA2019,9.162969,4.724474
RAPP_004423,1,MAINA2019,False,False,True,,,SSA_MFL/ligne_7766,,,Bafia Centre de Santé Integre,,,SOC.SANTE.CENTRE,,,,MAINA2019,9.309595,4.354209
RAPP_004424,1,MAINA2019,False,False,True,,,SSA_MFL/ligne_7767,,,Bagundu PCC Centre de Santé,,,SOC.SANTE.CENTRE,,,,MAINA2019,9.6705,6.4622
RAPP_004425,1,MAINA2019,False,False,True,,,SSA_MFL/ligne_7768,,,Bai Kuke Centre de Santé Integre,,,SOC.SANTE.CENTRE,,,,MAINA2019,9.1449,4.4589
RAPP_004426,1,MAINA2019,False,False,True,,,SSA_MFL/ligne_7769,,,Bai Manya Centre de Santé Integre,,,SOC.SANTE.CENTRE,,,,MAINA2019,9.320196,4.531238
RAPP_004427,1,MAINA2019,False,False,True,,,SSA_MFL/ligne_7770,,,Bai Pamol Centre de Santé Integre,,,SOC.SANTE.CENTRE,,,,MAINA2019,9.1069,4.5343
RAPP_004428,1,MAINA2019,False,False,True,,,SSA_MFL/ligne_7771,,,Bakingili Centre de Santé Integre,,,SOC.SANTE.CENTRE,,,,MAINA2019,9.0292,4.0683
RAPP_004429,1,MAINA2019,False,False,True,,,SSA_MFL/ligne_7772,,,Bakogo Centre de Santé Integre,,,SOC.SANTE.CENTRE,,,,MAINA2019,9.3094,5.4649
RAPP_004430,1,MAINA2019,False,False,True,,,SSA_MFL/ligne_7773,,,Bakuke Centre de Santé Integre,,,SOC.SANTE.CENTRE,,,,MAINA2019,9.138228,4.457049
RAPP_004431,1,MAINA2019,False,False,True,,,SSA_MFL/ligne_7774,,,Bakumba Centre de Santé Integre,,,SOC.SANTE.CENTRE,,,,MAINA2019,9.27781,4.769961
RAPP_004432,1,MAINA2019,False,False,True,,,SSA_MFL/ligne_7775,,,Ballin Centre de Santé Integre,,,SOC.SANTE.CENTRE,,,,MAINA2019,9.640384,6.465587
RAPP_004433,1,MAINA2019,False,False,True,,,SSA_MFL/ligne_7777,,,Banga Bakundu Apostolic Centre de Santé,,,SOC.SANTE.CENTRE,,,,MAINA2019,9.487595,4.544719
RAPP_004434,1,MAINA2019,False,False,True,,,SSA_MFL/ligne_7778,,,Bangem Hôpital de District,,,SOC.SANTE.HOPITAL,,,,MAINA2019,9.769702,5.073569
RAPP_004435,1,MAINA2019,False,False,True,,,SSA_MFL/ligne_7779,,,Bantakpa Centre de Santé Integre,,,SOC.SANTE.CENTRE,,,,MAINA2019,9.697388,6.116604
RAPP_004436,1,MAINA2019,False,False,True,,,SSA_MFL/ligne_7780,,,Barombi Kotto Centre de Santé Integre,,,SOC.SANTE.CENTRE,,,,MAINA2019,9.249,4.467
RAPP_004437,1,MAINA2019,False,False,True,,,SSA_MFL/ligne_7781,,,Bassa Centre de Santé Integre,,,SOC.SANTE.CENTRE,,,,MAINA2019,9.766106,6.180564
RAPP_004438,1,MAINA2019,False,False,True,,,SSA_MFL/ligne_7782,,,Batoke Centre de Santé Integre,,,SOC.SANTE.CENTRE,,,,MAINA2019,9.1005,4.029
RAPP_004439,1,MAINA2019,False,False,True,,,SSA_MFL/ligne_7783,,,Bavenga Ikata Centre de Santé Integre,,,SOC.SANTE.CENTRE,,,,MAINA2019,9.348428,4.324157
RAPP_004440,1,MAINA2019,False,False,True,,,SSA_MFL/ligne_7784,,,Bechati Centre de Santé Integre,,,SOC.SANTE.CENTRE,,,,MAINA2019,9.908571,5.661203
RAPP_004441,1,MAINA2019,False,False,True,,,SSA_MFL/ligne_7785,,,Bekora Centre de Santé Integre,,,SOC.SANTE.CENTRE,,,,MAINA2019,9.0978,4.6051
RAPP_004442,1,MAINA2019,False,False,True,,,SSA_MFL/ligne_7786,,,Bekumu Centre de Santé Integre,,,SOC.SANTE.CENTRE,,,,MAINA2019,8.899904,4.383199
RAPP_004443,1,MAINA2019,False,False,True,,,SSA_MFL/ligne_7787,,,Beoko Centre de Santé Integre,,,SOC.SANTE.CENTRE,,,,MAINA2019,8.9494,4.8469
RAPP_004444,1,MAINA2019,False,False,True,,,SSA_MFL/ligne_7788,,,Beulah Yoke Centre de Santé,,,SOC.SANTE.CENTRE,,,,MAINA2019,9.4922,4.5991
RAPP_004445,1,MAINA2019,False,False,True,,,SSA_MFL/ligne_7789,,,Big Bekondo Centre de Santé Integre,,,SOC.SANTE.CENTRE,,,,MAINA2019,9.316018,4.674423
RAPP_004446,1,MAINA2019,False,False,True,,,SSA_MFL/ligne_7790,,,Big Butu Centre de Santé Integre,,,SOC.SANTE.CENTRE,,,,MAINA2019,9.3219,4.7798
RAPP_004447,1,MAINA2019,False,False,True,,,SSA_MFL/ligne_7791,,,Big Nganjo Centre de Santé Integre,,,SOC.SANTE.CENTRE,,,,MAINA2019,9.152337,4.573472
RAPP_004448,1,MAINA2019,False,False,True,,,SSA_MFL/ligne_7792,,,Big Ngbandi Centre de Santé Integre,,,SOC.SANTE.CENTRE,,,,MAINA2019,9.233335,4.785037
RAPP_004449,1,MAINA2019,False,False,True,,,SSA_MFL/ligne_7793,,,Bimbia Centre de Santé,,,SOC.SANTE.CENTRE,,,,MAINA2019,9.2521,3.9586
RAPP_004450,1,MAINA2019,False,False,True,,,SSA_MFL/ligne_7794,,,Bisoro Balue Centre de Santé Integre,,,SOC.SANTE.CENTRE,,,,MAINA2019,9.168547,4.758396
RAPP_004451,1,MAINA2019,False,False,True,,,SSA_MFL/ligne_7795,,,Boa Balondo Centre de Santé Integre,,,SOC.SANTE.CENTRE,,,,MAINA2019,8.966646,4.429284
RAPP_004452,1,MAINA2019,False,False,True,,,SSA_MFL/ligne_7796,,,Bojongo Centre de Santé Integre,,,SOC.SANTE.CENTRE,,,,MAINA2019,9.183,4.0675
RAPP_004453,1,MAINA2019,False,False,True,,,SSA_MFL/ligne_7797,,,Bokosso Centre de Santé Integre,,,SOC.SANTE.CENTRE,,,,MAINA2019,9.137721,4.413272
RAPP_004454,1,MAINA2019,False,False,True,,,SSA_MFL/ligne_7798,,,Bokova Centre de Santé Integre,,,SOC.SANTE.CENTRE,,,,MAINA2019,9.272836,4.185217
RAPP_004455,1,MAINA2019,False,False,True,,,SSA_MFL/ligne_7799,,,Bokwaongo Centre de Santé Integre,,,SOC.SANTE.CENTRE,,,,MAINA2019,9.221,4.1346
RAPP_004456,1,MAINA2019,False,False,True,,,SSA_MFL/ligne_7800,,,Bole Apostolic Centre de Santé,,,SOC.SANTE.CENTRE,,,,MAINA2019,9.2541,4.5497
RAPP_004457,1,MAINA2019,False,False,True,,,SSA_MFL/ligne_7801,,,Bonadikombo Centre de Santé Integre,,,SOC.SANTE.CENTRE,,,,MAINA2019,9.2321,4.0539
RAPP_004458,1,MAINA2019,False,False,True,,,SSA_MFL/ligne_7802,,,Bonakanda Centre de Santé Integre,,,SOC.SANTE.CENTRE,,,,MAINA2019,9.271218,4.202825
RAPP_004459,1,MAINA2019,False,False,True,,,SSA_MFL/ligne_7803,,,Bonji Balue Centre de Santé Integre,,,SOC.SANTE.CENTRE,,,,MAINA2019,9.1948,4.7979
RAPP_004460,1,MAINA2019,False,False,True,,,SSA_MFL/ligne_7804,,,Bota Hôpital de District,,,SOC.SANTE.HOPITAL,,,,MAINA2019,9.1956,4.0197
RAPP_004461,1,MAINA2019,False,False,True,,,SSA_MFL/ligne_7805,,,Bova Centre de Santé Integre,,,SOC.SANTE.CENTRE,,,,MAINA2019,9.263414,4.191594
RAPP_004462,1,MAINA2019,False,False,True,,,SSA_MFL/ligne_7806,,,Buba 1 Centre de Santé Integre,,,SOC.SANTE.CENTRE,,,,MAINA2019,9.624102,4.625541
RAPP_004463,1,MAINA2019,False,False,True,,,SSA_MFL/ligne_7807,,,Buea (7th Day Adventist) Dispensaire,,,SOC.SANTE.CENTRE,,,,MAINA2019,9.2625,4.1488
RAPP_004464,1,MAINA2019,False,False,True,,,SSA_MFL/ligne_7808,,,Buea Centre de Santé Integre,,,SOC.SANTE.CENTRE,,,,MAINA2019,9.232147,4.159947
RAPP_004465,1,MAINA2019,False,False,True,,,SSA_MFL/ligne_7809,,,Buea Hôpital Regional,,,SOC.SANTE.HOPITAL,,,,MAINA2019,9.232005,4.14567
RAPP_004466,1,MAINA2019,False,False,True,,,SSA_MFL/ligne_7810,,,Buea Road Centre de Santé Integre,,,SOC.SANTE.CENTRE,,,,MAINA2019,9.2334,4.1543
RAPP_004467,1,MAINA2019,False,False,True,,,SSA_MFL/ligne_7811,,,Buea Town Centre de Santé Integre,,,SOC.SANTE.HOPITAL,,,,MAINA2019,9.239659,4.148588
RAPP_004468,1,MAINA2019,False,False,True,,,SSA_MFL/ligne_7812,,,Bukemwe Centre de Santé Integre,,,SOC.SANTE.CENTRE,,,,MAINA2019,9.444921,4.627498
RAPP_004469,1,MAINA2019,False,False,True,,,SSA_MFL/ligne_7813,,,Bwassa Likombe Centre de Santé Integre,,,SOC.SANTE.CENTRE,,,,MAINA2019,9.201143,4.108265
RAPP_004470,1,MAINA2019,False,False,True,,,SSA_MFL/ligne_7814,,,Dadi Centre de Santé,,,SOC.SANTE.CENTRE,,,,MAINA2019,9.0863,5.997
RAPP_004471,1,MAINA2019,False,False,True,,,SSA_MFL/ligne_7815,,,Dadi Centre de Santé,,,SOC.SANTE.CENTRE,,,,MAINA2019,9.5138,6.3704
RAPP_004472,1,MAINA2019,False,False,True,,,SSA_MFL/ligne_7816,,,Dienys Centre de Santé Integre,,,SOC.SANTE.CENTRE,,,,MAINA2019,9.211338,4.623235
RAPP_004473,1,MAINA2019,False,False,True,,,SSA_MFL/ligne_7817,,,Difenda Balue Centre de Santé Integre,,,SOC.SANTE.CENTRE,,,,MAINA2019,9.2561,4.8995
RAPP_004474,1,MAINA2019,False,False,True,,,SSA_MFL/ligne_7818,,,Dikombe Balue Centre de Santé Integre,,,SOC.SANTE.CENTRE,,,,MAINA2019,9.253351,4.89851
RAPP_004475,1,MAINA2019,False,False,True,,,SSA_MFL/ligne_7819,,,Dikome Ngolo Centre de Santé Integre,,,SOC.SANTE.CENTRE,,,,MAINA2019,9.191337,5.015923
RAPP_004476,1,MAINA2019,False,False,True,,,SSA_MFL/ligne_7820,,,Dikume Balue Centre de Santé,,,SOC.SANTE.CENTRE,,,,MAINA2019,9.254,4.9025
RAPP_004477,1,MAINA2019,False,False,True,,,SSA_MFL/ligne_7821,,,Dikume Balue PCC Centre de Santé,,,SOC.SANTE.CENTRE,,,,MAINA2019,9.2572,4.9001
RAPP_004478,1,MAINA2019,False,False,True,,,SSA_MFL/ligne_7822,,,Ebamut Centre de Santé Integre,,,SOC.SANTE.CENTRE,,,,MAINA2019,9.7349,5.1345
RAPP_004479,1,MAINA2019,False,False,True,,,SSA_MFL/ligne_7823,,,Ebonji Centre de Santé Integre,,,SOC.SANTE.CENTRE,,,,MAINA2019,9.228935,4.149525
RAPP_004480,1,MAINA2019,False,False,True,,,SSA_MFL/ligne_7824,,,Ebonji Centre de Santé Integre,,,SOC.SANTE.CENTRE,,,,MAINA2019,9.601625,4.713931
RAPP_004481,1,MAINA2019,False,False,True,,,SSA_MFL/ligne_7825,,,Egbekaw Centre de Santé Integre,,,SOC.SANTE.CENTRE,,,,MAINA2019,9.3078,5.7636
RAPP_004482,1,MAINA2019,False,False,True,,,SSA_MFL/ligne_7827,,,Ekok Centre de Santé Integre,,,SOC.SANTE.CENTRE,,,,MAINA2019,8.854931,5.812081
RAPP_004483,1,MAINA2019,False,False,True,,,SSA_MFL/ligne_7828,,,Ekombe Bonji Centre de Santé Integre,,,SOC.SANTE.CENTRE,,,,MAINA2019,9.355778,4.602932
RAPP_004484,1,MAINA2019,False,False,True,,,SSA_MFL/ligne_7829,,,Ekon II Centre de Santé Integre,,,SOC.SANTE.CENTRE,,,,MAINA2019,8.7507,5.0601
RAPP_004485,1,MAINA2019,False,False,True,,,SSA_MFL/ligne_7830,,,Ekona Centre Medical d’Arrondissement,,,SOC.SANTE.CENTRE,,,,MAINA2019,9.4924,5.0288
RAPP_004486,1,MAINA2019,False,False,True,,,SSA_MFL/ligne_7831,,,Ekondo Titi Centre de Santé Integre,,,SOC.SANTE.CENTRE,,,,MAINA2019,9.233075,4.146598
RAPP_004487,1,MAINA2019,False,False,True,,,SSA_MFL/ligne_7832,,,Ekondo Titi Centre de Santé Integre,,,SOC.SANTE.CENTRE,,,,MAINA2019,9.033492,4.60201
RAPP_004488,1,MAINA2019,False,False,True,,,SSA_MFL/ligne_7833,,,Ekondo Titi Hôpital de District,,,SOC.SANTE.HOPITAL,,,,MAINA2019,9.030044,4.605613
RAPP_004489,1,MAINA2019,False,False,True,,,SSA_MFL/ligne_7834,,,Enyandong Centre de Santé Integre,,,SOC.SANTE.CENTRE,,,,MAINA2019,9.280117,4.154736
RAPP_004490,1,MAINA2019,False,False,True,,,SSA_MFL/ligne_7835,,,Enyandong Centre de Santé Integre,,,SOC.SANTE.CENTRE,,,,MAINA2019,9.723897,5.104085
RAPP_004491,1,MAINA2019,False,False,True,,,SSA_MFL/ligne_7836,,,Eshobi Centre de Santé Integre,,,SOC.SANTE.CENTRE,,,,MAINA2019,9.359,5.7857
RAPP_004492,1,MAINA2019,False,False,True,,,SSA_MFL/ligne_7837,,,Essangong Centre de Santé Integre,,,SOC.SANTE.CENTRE,,,,MAINA2019,9.9072,5.5114
RAPP_004493,1,MAINA2019,False,False,True,,,SSA_MFL/ligne_7838,,,Essoh Attah Centre de Santé Integre,,,SOC.SANTE.CENTRE,,,,MAINA2019,9.873485,5.410134
RAPP_004494,1,MAINA2019,False,False,True,,,SSA_MFL/ligne_7839,,,Etam 1 Centre de Santé Integre,,,SOC.SANTE.CENTRE,,,,MAINA2019,9.540473,4.715121
RAPP_004495,1,MAINA2019,False,False,True,,,SSA_MFL/ligne_7840,,,Etodi Centre de Santé,,,SOC.SANTE.CENTRE,,,,MAINA2019,9.7634,5.4047
RAPP_004496,1,MAINA2019,False,False,True,,,SSA_MFL/ligne_7841,,,Etoko 22 Centre de Santé Integre,,,SOC.SANTE.CENTRE,,,,MAINA2019,9.441,5.6913
RAPP_004497,1,MAINA2019,False,False,True,,,SSA_MFL/ligne_7842,,,Eyang Atem Ako Centre de Santé Integre,,,SOC.SANTE.CENTRE,,,,MAINA2019,9.4882,5.4402
RAPP_004498,1,MAINA2019,False,False,True,,,SSA_MFL/ligne_7844,,,Foe Bakundu Apostolic Centre de Santé,,,SOC.SANTE.CENTRE,,,,MAINA2019,9.202,4.484
RAPP_004499,1,MAINA2019,False,False,True,,,SSA_MFL/ligne_7845,,,Fojumetaw Centre Médical d'Arrondissement,,,SOC.SANTE.CENTRE,,,,MAINA2019,9.903347,5.561377
RAPP_004500,1,MAINA2019,False,False,True,,,SSA_MFL/ligne_7846,,,Fossimundi Centre Médical d'Arrondissement,,,SOC.SANTE.CENTRE,,,,MAINA2019,9.986747,5.634813
RAPP_004501,1,MAINA2019,False,False,True,,,SSA_MFL/ligne_7847,,,Fossungu Centre de Santé,,,SOC.SANTE.CENTRE,,,,MAINA2019,9.966,5.5886
RAPP_004502,1,MAINA2019,False,False,True,,,SSA_MFL/ligne_7848,,,Fotabe Centre de Santé Integre,,,SOC.SANTE.CENTRE,,,,MAINA2019,9.5806,5.5224
RAPP_004503,1,MAINA2019,False,False,True,,,SSA_MFL/ligne_7849,,,Fotabong Centre Medical d’Arrondissement,,,SOC.SANTE.CENTRE,,,,MAINA2019,9.903,5.514
RAPP_004504,1,MAINA2019,False,False,True,,,SSA_MFL/ligne_7850,,,Fotang Centre de Santé Integre,,,SOC.SANTE.CENTRE,,,,MAINA2019,10.0412,5.675
RAPP_004505,1,MAINA2019,False,False,True,,,SSA_MFL/ligne_7851,,,Gertrud Schor Centre de Santé,,,SOC.SANTE.CENTRE,,,,MAINA2019,9.2913,5.4621
RAPP_004506,1,MAINA2019,False,False,True,,,SSA_MFL/ligne_7852,,,Great Soppo Centre de Santé Integre,,,SOC.SANTE.CENTRE,,,,MAINA2019,9.246139,4.154807
RAPP_004507,1,MAINA2019,False,False,True,,,SSA_MFL/ligne_7853,,,Hope Clinic,,,SOC.SANTE.CLINIQUE,,,,MAINA2019,9.451554,4.651469
RAPP_004508,1,MAINA2019,False,False,True,,,SSA_MFL/ligne_7854,,,Ibemi Centre de Santé Integre,,,SOC.SANTE.CENTRE,,,,MAINA2019,9.321654,5.041116
RAPP_004509,1,MAINA2019,False,False,True,,,SSA_MFL/ligne_7855,,,Idabato Centre Médical d'Arrondissement,,,SOC.SANTE.CENTRE,,,,MAINA2019,8.540414,4.502328
RAPP_004510,1,MAINA2019,False,False,True,,,SSA_MFL/ligne_7856,,,Idenau Centre Medical d’Arrondissement,,,SOC.SANTE.CENTRE,,,,MAINA2019,8.9912,4.2405
RAPP_004511,1,MAINA2019,False,False,True,,,SSA_MFL/ligne_7857,,,Ikiliwindi Centre de Santé Integre,,,SOC.SANTE.CENTRE,,,,MAINA2019,9.4881,4.7317
RAPP_004512,1,MAINA2019,False,False,True,,,SSA_MFL/ligne_7858,,,Illor Balondo Centre de Santé Integre,,,SOC.SANTE.CENTRE,,,,MAINA2019,8.901221,4.803179
RAPP_004513,1,MAINA2019,False,False,True,,,SSA_MFL/ligne_7859,,,Inokun Centre de Santé Integre,,,SOC.SANTE.CENTRE,,,,MAINA2019,9.028155,5.693679
RAPP_004514,1,MAINA2019,False,False,True,,,SSA_MFL/ligne_7860,,,Isangele Centre Medical d’Arrondissement,,,SOC.SANTE.CENTRE,,,,MAINA2019,8.68,4.7804
RAPP_004515,1,MAINA2019,False,False,True,,,SSA_MFL/ligne_7861,,,Iso Obo Centre de Santé Integre,,,SOC.SANTE.CENTRE,,,,MAINA2019,8.672502,4.785059
RAPP_004516,1,MAINA2019,False,False,True,,,SSA_MFL/ligne_7862,,,Itok Centre de Santé Integre,,,SOC.SANTE.CENTRE,,,,MAINA2019,9.237715,4.147954
RAPP_004517,1,MAINA2019,False,False,True,,,SSA_MFL/ligne_7863,,,Itoki Centre de Santé Integre,,,SOC.SANTE.CENTRE,,,,MAINA2019,9.253866,5.011152
RAPP_004518,1,MAINA2019,False,False,True,,,SSA_MFL/ligne_7864,,,Kajifu Centre de Santé Integre,,,SOC.SANTE.CENTRE,,,,MAINA2019,9.184282,5.968262
RAPP_004519,1,MAINA2019,False,False,True,,,SSA_MFL/ligne_7865,,,Kake II Centre de Santé Integre,,,SOC.SANTE.CENTRE,,,,MAINA2019,9.399,4.616
RAPP_004520,1,MAINA2019,False,False,True,,,SSA_MFL/ligne_7866,,,Kange Centre de Santé Integre,,,SOC.SANTE.CENTRE,,,,MAINA2019,9.355,3.905
RAPP_004521,1,MAINA2019,False,False,True,,,SSA_MFL/ligne_7867,,,Kembong Centre de Santé Integre,,,SOC.SANTE.CENTRE,,,,MAINA2019,9.234026,5.634859
RAPP_004522,1,MAINA2019,False,False,True,,,SSA_MFL/ligne_7868,,,Kendem Centre de Santé Integre,,,SOC.SANTE.CENTRE,,,,MAINA2019,9.700757,5.723977
RAPP_004523,1,MAINA2019,False,False,True,,,SSA_MFL/ligne_7869,,,Kobone Centre de Santé Integre,,,SOC.SANTE.CENTRE,,,,MAINA2019,9.30465,4.579654
RAPP_004524,1,MAINA2019,False,False,True,,,SSA_MFL/ligne_7870,,,Kokobuma Centre de Santé Integre,,,SOC.SANTE.CENTRE,,,,MAINA2019,9.410501,5.087841
RAPP_004525,1,MAINA2019,False,False,True,,,SSA_MFL/ligne_7871,,,Kombo a Munja II Centre de Santé Integre,,,SOC.SANTE.CENTRE,,,,MAINA2019,8.5705,4.4965
RAPP_004526,1,MAINA2019,False,False,True,,,SSA_MFL/ligne_7872,,,Kombo a Munja III Centre de Santé Integre,,,SOC.SANTE.CENTRE,,,,MAINA2019,8.5666,4.493
RAPP_004527,1,MAINA2019,False,False,True,,,SSA_MFL/ligne_7873,,,Kombo Amunja 1 Centre de Santé Integre,,,SOC.SANTE.CENTRE,,,,MAINA2019,8.567233,4.502602
RAPP_004528,1,MAINA2019,False,False,True,,,SSA_MFL/ligne_7874,,,Konye Centre de Santé,,,SOC.SANTE.CENTRE,,,,MAINA2019,9.4751,4.9322
RAPP_004529,1,MAINA2019,False,False,True,,,SSA_MFL/ligne_7875,,,Konye Hôpital de District,,,SOC.SANTE.HOPITAL,,,,MAINA2019,9.4768,4.9371
RAPP_004530,1,MAINA2019,False,False,True,,,SSA_MFL/ligne_7876,,,Kosala Centre de Santé Integre,,,SOC.SANTE.CENTRE,,,,MAINA2019,9.446127,4.644383
RAPP_004531,1,MAINA2019,False,False,True,,,SSA_MFL/ligne_7877,,,Kotto Barombi Centre de Santé Integre,,,SOC.SANTE.CENTRE,,,,MAINA2019,9.220695,4.46504
RAPP_004532,1,MAINA2019,False,False,True,,,SSA_MFL/ligne_7878,,,Kotto Centre de Santé Integre,,,SOC.SANTE.CENTRE,,,,MAINA2019,9.067289,4.345219
RAPP_004533,1,MAINA2019,False,False,True,,,SSA_MFL/ligne_7879,,,Kumba Centre de Santé Integre,,,SOC.SANTE.CENTRE,,,,MAINA2019,9.424417,4.641971
RAPP_004534,1,MAINA2019,False,False,True,,,SSA_MFL/ligne_7880,,,Kumba Centre Medical d’Arrondissement,,,SOC.SANTE.CENTRE,,,,MAINA2019,9.4344,4.6346
RAPP_004535,1,MAINA2019,False,False,True,,,SSA_MFL/ligne_7882,,,Kumba Presbyterian General Hospital,,,SOC.SANTE.HOPITAL,,,,MAINA2019,9.4445,4.6268
RAPP_004536,1,MAINA2019,False,False,True,,,SSA_MFL/ligne_7883,,,Kumbe Balue Centre de Santé Integre,,,SOC.SANTE.CENTRE,,,,MAINA2019,9.204429,4.689799
RAPP_004537,1,MAINA2019,False,False,True,,,SSA_MFL/ligne_7884,,,Kurume Centre de Santé Integre,,,SOC.SANTE.CENTRE,,,,MAINA2019,9.4728,4.9001
RAPP_004538,1,MAINA2019,False,False,True,,,SSA_MFL/ligne_7885,,,Lagos Public Centre de Santé,,,SOC.SANTE.CENTRE,,,,MAINA2019,9.5109,6.3787
RAPP_004539,1,MAINA2019,False,False,True,,,SSA_MFL/ligne_7886,,,Limbe Centre Médical d'Arrondissement,,,SOC.SANTE.CENTRE,,,,MAINA2019,9.217116,4.007925
RAPP_004540,1,MAINA2019,False,False,True,,,SSA_MFL/ligne_7887,,,Limbe Hôpital Regional,,,SOC.SANTE.HOPITAL,,,,MAINA2019,9.218603,4.021904
RAPP_004541,1,MAINA2019,False,False,True,,,SSA_MFL/ligne_7889,,,Limbola Centre de Santé,,,SOC.SANTE.CENTRE,,,,MAINA2019,9.128287,4.013851
RAPP_004542,1,MAINA2019,False,False,True,,,SSA_MFL/ligne_7890,,,Lipenja Centre de Santé Integre,,,SOC.SANTE.CENTRE,,,,MAINA2019,9.249019,4.824654
RAPP_004543,1,MAINA2019,False,False,True,,,SSA_MFL/ligne_7891,,,Lower Bolifamba (Mile 16) Centre de Santé Integre,,,SOC.SANTE.CENTRE,,,,MAINA2019,9.3058,4.1405
RAPP_004544,1,MAINA2019,False,False,True,,,SSA_MFL/ligne_7892,,,Lysoka Centre de Santé Integre,,,SOC.SANTE.CENTRE,,,,MAINA2019,9.299962,4.202539
RAPP_004545,1,MAINA2019,False,False,True,,,SSA_MFL/ligne_7894,,,Madie Ngollo PCC Centre de Santé,,,SOC.SANTE.CENTRE,,,,MAINA2019,9.2149,5.0122
RAPP_004546,1,MAINA2019,False,False,True,,,SSA_MFL/ligne_7895,,,Malendem Centre de Santé Integre,,,SOC.SANTE.CENTRE,,,,MAINA2019,9.426461,4.34198
RAPP_004547,1,MAINA2019,False,False,True,,,SSA_MFL/ligne_7897,,,Mamfe Urban Centre de Santé Integre,,,SOC.SANTE.CENTRE,,,,MAINA2019,9.3134,5.7531
RAPP_004548,1,MAINA2019,False,False,True,,,SSA_MFL/ligne_7898,,,Marte Centre de Santé,,,SOC.SANTE.CENTRE,,,,MAINA2019,9.4727,4.1855
RAPP_004549,1,MAINA2019,False,False,True,,,SSA_MFL/ligne_7899,,,Massaka Centre de Santé Integre,,,SOC.SANTE.CENTRE,,,,MAINA2019,9.289785,4.685429
RAPP_004550,1,MAINA2019,False,False,True,,,SSA_MFL/ligne_7900,,,Matoh Butu Centre de Santé Integre,,,SOC.SANTE.CENTRE,,,,MAINA2019,9.3991,4.7627
RAPP_004551,1,MAINA2019,False,False,True,,,SSA_MFL/ligne_7901,,,Matondo II Centre de Santé Integre,,,SOC.SANTE.CENTRE,,,,MAINA2019,9.391,4.8662
RAPP_004552,1,MAINA2019,False,False,True,,,SSA_MFL/ligne_7902,,,Mavas Centre de Santé Integre,,,SOC.SANTE.CENTRE,,,,MAINA2019,9.588987,6.392776
RAPP_004553,1,MAINA2019,False,False,True,,,SSA_MFL/ligne_7903,,,Mbakang Centre de Santé,,,SOC.SANTE.CENTRE,,,,MAINA2019,9.133,5.718
RAPP_004554,1,MAINA2019,False,False,True,,,SSA_MFL/ligne_7904,,,Mbakem Centre de Santé Integre,,,SOC.SANTE.CENTRE,,,,MAINA2019,9.0962,5.7321
RAPP_004555,1,MAINA2019,False,False,True,,,SSA_MFL/ligne_7905,,,Mbakwa Supe Centre de Santé Integre,,,SOC.SANTE.CENTRE,,,,MAINA2019,9.4207,5.013
RAPP_004556,1,MAINA2019,False,False,True,,,SSA_MFL/ligne_7906,,,Mbamock Ad Lucem Centre de Santé Integre,,,SOC.SANTE.CENTRE,,,,MAINA2019,10.0378,5.6827
RAPP_004557,1,MAINA2019,False,False,True,,,SSA_MFL/ligne_7907,,,Mbanga Pongo Centre de Santé Integre,,,SOC.SANTE.CENTRE,,,,MAINA2019,9.8127,5.6249
RAPP_004558,1,MAINA2019,False,False,True,,,SSA_MFL/ligne_7908,,,Mbat Centre de Santé Integre,,,SOC.SANTE.CENTRE,,,,MAINA2019,9.8157,5.0641
RAPP_004559,1,MAINA2019,False,False,True,,,SSA_MFL/ligne_7909,,,Mbengmong Centre de Santé Integre,,,SOC.SANTE.CENTRE,,,,MAINA2019,8.602963,4.805106
RAPP_004560,1,MAINA2019,False,False,True,,,SSA_MFL/ligne_7910,,,Mbinjong Centre de Santé Integre,,,SOC.SANTE.CENTRE,,,,MAINA2019,9.4719,5.6523
RAPP_004561,1,MAINA2019,False,False,True,,,SSA_MFL/ligne_7912,,,Mbonge Centre de Santé Integre,,,SOC.SANTE.CENTRE,,,,MAINA2019,9.105064,4.536971
RAPP_004562,1,MAINA2019,False,False,True,,,SSA_MFL/ligne_7913,,,Mbonge Centre Médical d'Arrondissement,,,SOC.SANTE.CENTRE,,,,MAINA2019,9.098818,4.5337
RAPP_004563,1,MAINA2019,False,False,True,,,SSA_MFL/ligne_7915,,,Mbongo PCC Centre de Santé,,,SOC.SANTE.CENTRE,,,,MAINA2019,8.984,4.462
RAPP_004564,1,MAINA2019,False,False,True,,,SSA_MFL/ligne_7916,,,Meangwe II Centre de Santé Integre,,,SOC.SANTE.CENTRE,,,,MAINA2019,9.1409,5.0409
RAPP_004565,1,MAINA2019,False,False,True,,,SSA_MFL/ligne_7917,,,Menji Centre de Santé Integre,,,SOC.SANTE.CENTRE,,,,MAINA2019,9.851594,5.486259
RAPP_004566,1,MAINA2019,False,False,True,,,SSA_MFL/ligne_7918,,,Mile 16 Centre de Santé Integre,,,SOC.SANTE.CENTRE,,,,MAINA2019,9.300819,4.136866
RAPP_004567,1,MAINA2019,False,False,True,,,SSA_MFL/ligne_7919,,,Misselele Centre de Santé Integre,,,SOC.SANTE.CENTRE,,,,MAINA2019,9.442611,4.115797
RAPP_004568,1,MAINA2019,False,False,True,,,SSA_MFL/ligne_7920,,,Mkpot Centre de Santé Integre,,,SOC.SANTE.CENTRE,,,,MAINA2019,9.217846,5.684542
RAPP_004569,1,MAINA2019,False,False,True,,,SSA_MFL/ligne_7921,,,Mock Mbi Centre de Santé Integre,,,SOC.SANTE.CENTRE,,,,MAINA2019,9.988651,5.590079
RAPP_004570,1,MAINA2019,False,False,True,,,SSA_MFL/ligne_7922,,,Mokunda Centre de Santé,,,SOC.SANTE.CENTRE,,,,MAINA2019,9.1676,4.0466
RAPP_004571,1,MAINA2019,False,False,True,,,SSA_MFL/ligne_7923,,,Molyko Centre de Santé Integre,,,SOC.SANTE.CENTRE,,,,MAINA2019,9.280046,4.157163
RAPP_004572,1,MAINA2019,False,False,True,,,SSA_MFL/ligne_7924,,,Moquo Centre de Santé Integre,,,SOC.SANTE.CENTRE,,,,MAINA2019,9.498017,4.132912
RAPP_004573,1,MAINA2019,False,False,True,,,SSA_MFL/ligne_7925,,,Muabi-Nhia Centre de Santé Integre,,,SOC.SANTE.CENTRE,,,,MAINA2019,9.823072,5.057513
RAPP_004574,1,MAINA2019,False,False,True,,,SSA_MFL/ligne_7927,,,Muambong Centre de Santé Integre,,,SOC.SANTE.CENTRE,,,,MAINA2019,9.7225,4.9457
RAPP_004575,1,MAINA2019,False,False,True,,,SSA_MFL/ligne_7928,,,Muangalle Centre de Santé,,,SOC.SANTE.CENTRE,,,,MAINA2019,9.3967,5.2198
RAPP_004576,1,MAINA2019,False,False,True,,,SSA_MFL/ligne_7929,,,Mudeka Centre de Santé Integre,,,SOC.SANTE.CENTRE,,,,MAINA2019,9.497637,4.129033
RAPP_004577,1,MAINA2019,False,False,True,,,SSA_MFL/ligne_7930,,,Muea Centre Médical d'Arrondissement,,,SOC.SANTE.CENTRE,,,,MAINA2019,9.297012,4.170749
RAPP_004578,1,MAINA2019,False,False,True,,,SSA_MFL/ligne_7931,,,Mundemba Centre de Santé Integre,,,SOC.SANTE.CENTRE,,,,MAINA2019,8.750554,5.072311
RAPP_004579,1,MAINA2019,False,False,True,,,SSA_MFL/ligne_7933,,,Munyenge Centre de Santé Integre,,,SOC.SANTE.CENTRE,,,,MAINA2019,9.260955,4.402011
RAPP_004580,1,MAINA2019,False,False,True,,,SSA_MFL/ligne_7934,,,Mutengene Centre Médical d'Arrondissement,,,SOC.SANTE.CENTRE,,,,MAINA2019,9.311015,4.090367
RAPP_004581,1,MAINA2019,False,False,True,,,SSA_MFL/ligne_7935,,,Muyuka Hôpital de District,,,SOC.SANTE.HOPITAL,,,,MAINA2019,9.4103,4.2898
RAPP_004582,1,MAINA2019,False,False,True,,,SSA_MFL/ligne_7937,,,Nchang Centre de Santé Integre,,,SOC.SANTE.CENTRE,,,,MAINA2019,9.2677,5.6936
RAPP_004583,1,MAINA2019,False,False,True,,,SSA_MFL/ligne_7938,,,Ndebaya Baptist Centre de Santé Integre,,,SOC.SANTE.CENTRE,,,,MAINA2019,9.009881,5.769822
RAPP_004584,1,MAINA2019,False,False,True,,,SSA_MFL/ligne_7939,,,Ndekwa Centre de Santé Integre,,,SOC.SANTE.CENTRE,,,,MAINA2019,9.237573,4.149525
RAPP_004585,1,MAINA2019,False,False,True,,,SSA_MFL/ligne_7940,,,Ndekwai Centre de Santé Integre,,,SOC.SANTE.CENTRE,,,,MAINA2019,9.299128,5.666839
RAPP_004586,1,MAINA2019,False,False,True,,,SSA_MFL/ligne_7941,,,Ndibenjock Centre de Santé Integre,,,SOC.SANTE.CENTRE,,,,MAINA2019,9.637245,4.832428
RAPP_004587,1,MAINA2019,False,False,True,,,SSA_MFL/ligne_7942,,,Ndibse Centre de Santé Integre,,,SOC.SANTE.CENTRE,,,,MAINA2019,9.745669,5.092545
RAPP_004588,1,MAINA2019,False,False,True,,,SSA_MFL/ligne_7943,,,Ndom Centre de Santé Integre,,,SOC.SANTE.CENTRE,,,,MAINA2019,9.699302,4.87088
RAPP_004589,1,MAINA2019,False,False,True,,,SSA_MFL/ligne_7944,,,Ndungweh Centre de Santé,,,SOC.SANTE.CENTRE,,,,MAINA2019,9.841472,5.371287
RAPP_004590,1,MAINA2019,False,False,True,,,SSA_MFL/ligne_7945,,,Ndungweh Centre de Santé Integre,,,SOC.SANTE.CENTRE,,,,MAINA2019,9.242569,4.150881
RAPP_004591,1,MAINA2019,False,False,True,,,SSA_MFL/ligne_7946,,,Nembi Centre de Santé Integre,,,SOC.SANTE.CENTRE,,,,MAINA2019,9.231224,4.832075
RAPP_004592,1,MAINA2019,False,False,True,,,SSA_MFL/ligne_7947,,,Ngosso I Centre de Santé Integre,,,SOC.SANTE.CENTRE,,,,MAINA2019,8.798054,4.557906
RAPP_004593,1,MAINA2019,False,False,True,,,SSA_MFL/ligne_7948,,,Nguti 1 Centre de Santé,,,SOC.SANTE.CENTRE,,,,MAINA2019,9.432895,5.327076
RAPP_004594,1,MAINA2019,False,False,True,,,SSA_MFL/ligne_7949,,,Nguti Centre Médical d'Arrondissement,,,SOC.SANTE.CENTRE,,,,MAINA2019,9.403244,5.343633
RAPP_004595,1,MAINA2019,False,False,True,,,SSA_MFL/ligne_7950,,,Njenawung Centre de Santé Integre,,,SOC.SANTE.CENTRE,,,,MAINA2019,9.895923,5.518725
RAPP_004596,1,MAINA2019,False,False,True,,,SSA_MFL/ligne_7951,,,Njungo Centre de Santé Integre,,,SOC.SANTE.CENTRE,,,,MAINA2019,9.874823,5.372955
RAPP_004597,1,MAINA2019,False,False,True,,,SSA_MFL/ligne_7952,,,Nka Centre de Santé Integre,,,SOC.SANTE.CENTRE,,,,MAINA2019,9.933269,5.411472
RAPP_004598,1,MAINA2019,False,False,True,,,SSA_MFL/ligne_7954,,,Nkikoh Centre de Santé Integre,,,SOC.SANTE.CENTRE,,,,MAINA2019,9.801289,5.081718
RAPP_004599,1,MAINA2019,False,False,True,,,SSA_MFL/ligne_7956,,,Nsanaragati Centre de Santé Integre,,,SOC.SANTE.CENTRE,,,,MAINA2019,8.907755,5.86349
RAPP_004600,1,MAINA2019,False,False,True,,,SSA_MFL/ligne_7957,,,Ntale Centre de Santé Integre,,,SOC.SANTE.CENTRE,,,,MAINA2019,9.5733,5.2498
RAPP_004601,1,MAINA2019,False,False,True,,,SSA_MFL/ligne_7958,,,Ntam Centre Médical d'Arrondissement,,,SOC.SANTE.CENTRE,,,,MAINA2019,9.465274,4.630212
RAPP_004602,1,MAINA2019,False,False,True,,,SSA_MFL/ligne_7959,,,Nwametaw Centre de Santé,,,SOC.SANTE.CENTRE,,,,MAINA2019,9.898,5.5164
RAPP_004603,1,MAINA2019,False,False,True,,,SSA_MFL/ligne_7960,,,Nyandong Centre de Santé Integre,,,SOC.SANTE.CENTRE,,,,MAINA2019,9.57807,4.96203
RAPP_004604,1,MAINA2019,False,False,True,,,SSA_MFL/ligne_7961,,,Ogurang Centre de Santé Integre,,,SOC.SANTE.CENTRE,,,,MAINA2019,8.955801,5.481831
RAPP_004605,1,MAINA2019,False,False,True,,,SSA_MFL/ligne_7962,,,Ossing Centre Médical d'Arrondissement,,,SOC.SANTE.CENTRE,,,,MAINA2019,9.293798,5.638095
RAPP_004606,1,MAINA2019,False,False,True,,,SSA_MFL/ligne_7963,,,Ottu Centre de Santé Integre,,,SOC.SANTE.CENTRE,,,,MAINA2019,8.887101,5.706624
RAPP_004607,1,MAINA2019,False,False,True,,,SSA_MFL/ligne_7964,,,Pamol Ndian Centre de Santé Integre,,,SOC.SANTE.CENTRE,,,,MAINA2019,8.892898,4.963662
RAPP_004608,1,MAINA2019,False,False,True,,,SSA_MFL/ligne_7965,,,Presbyterian Centre de Santé Integre,,,SOC.SANTE.CENTRE,,,,MAINA2019,9.764883,5.082611
RAPP_004609,1,MAINA2019,False,False,True,,,SSA_MFL/ligne_7966,,,Rem Centre de Santé Integre,,,SOC.SANTE.CENTRE,,,,MAINA2019,9.835116,5.364478
RAPP_004610,1,MAINA2019,False,False,True,,,SSA_MFL/ligne_7967,,,Sanje Centre de Santé Integre,,,SOC.SANTE.CENTRE,,,,MAINA2019,8.9745,4.239
RAPP_004611,1,MAINA2019,False,False,True,,,SSA_MFL/ligne_7968,,,St Albert The Great Centre de Santé,,,SOC.SANTE.CENTRE,,,,MAINA2019,9.285,4.1529
RAPP_004612,1,MAINA2019,False,False,True,,,SSA_MFL/ligne_7969,,,St Joan Of Arc Centre de Santé Integre,,,SOC.SANTE.CENTRE,,,,MAINA2019,9.2874,4.1604
RAPP_004613,1,MAINA2019,False,False,True,,,SSA_MFL/ligne_7970,,,Takwai Centre de Santé Integre,,,SOC.SANTE.CENTRE,,,,MAINA2019,9.8035,5.5495
RAPP_004614,1,MAINA2019,False,False,True,,,SSA_MFL/ligne_7971,,,Tali Centre de Santé Integre,,,SOC.SANTE.CENTRE,,,,MAINA2019,9.653723,5.57472
RAPP_004615,1,MAINA2019,False,False,True,,,SSA_MFL/ligne_7972,,,Tiko Centre de Santé Integre,,,SOC.SANTE.CENTRE,,,,MAINA2019,9.3459,4.0896
RAPP_004616,1,MAINA2019,False,False,True,,,SSA_MFL/ligne_7973,,,Tiko Hôpital de District,,,SOC.SANTE.HOPITAL,,,,MAINA2019,9.363701,4.080245
RAPP_004617,1,MAINA2019,False,False,True,,,SSA_MFL/ligne_7974,,,Tinto Centre Médical d'Arrondissement,,,SOC.SANTE.CENTRE,,,,MAINA2019,9.576391,5.549736
RAPP_004618,1,MAINA2019,False,False,True,,,SSA_MFL/ligne_7975,,,Toko Centre de Santé Integre,,,SOC.SANTE.CENTRE,,,,MAINA2019,9.1025,4.8907
RAPP_004619,1,MAINA2019,False,False,True,,,SSA_MFL/ligne_7976,,,Tole Centre de Santé Integre,,,SOC.SANTE.CENTRE,,,,MAINA2019,9.240618,4.110835
RAPP_004620,1,MAINA2019,False,False,True,,,SSA_MFL/ligne_7977,,,Tombel Centre de Santé Integre,,,SOC.SANTE.CENTRE,,,,MAINA2019,9.662301,4.741771
RAPP_004621,1,MAINA2019,False,False,True,,,SSA_MFL/ligne_7978,,,Tombel Hôpital de District,,,SOC.SANTE.HOPITAL,,,,MAINA2019,9.670748,4.742009
RAPP_004622,1,MAINA2019,False,False,True,,,SSA_MFL/ligne_7979,,,United Methodist Sumbe Centre de Santé,,,SOC.SANTE.CENTRE,,,,MAINA2019,9.4781,5.4332
RAPP_004623,1,MAINA2019,False,False,True,,,SSA_MFL/ligne_7980,,,Wabane Centre Médical d'Arrondissement,,,SOC.SANTE.CENTRE,,,,MAINA2019,9.975842,5.679705
RAPP_004624,1,MAINA2019,False,False,True,,,SSA_MFL/ligne_7981,,,Wodike Centre de Santé,,,SOC.SANTE.CENTRE,,,,MAINA2019,9.7593,5.4122
RAPP_004625,1,MAINA2019,False,False,True,,,SSA_MFL/ligne_7982,,,Wone Centre de Santé Integre,,,SOC.SANTE.CENTRE,,,,MAINA2019,9.385512,5.057327
RAPP_004626,1,MAINA2019,False,False,True,,,SSA_MFL/ligne_7983,,,Ad Lucem Bangang Centre Médical d'Arrondissement,,,SOC.SANTE.CENTRE,,,,MAINA2019,10.16086,5.556329
RAPP_004627,1,MAINA2019,False,False,True,,,SSA_MFL/ligne_7984,,,Ad Lucem Bangou Ville Centre de Santé,,,SOC.SANTE.CENTRE,,,,MAINA2019,10.398295,5.245418
RAPP_004628,1,MAINA2019,False,False,True,,,SSA_MFL/ligne_7985,,,Ad Lucem Centre de Santé,,,SOC.SANTE.CENTRE,,,,MAINA2019,10.089021,5.452891
RAPP_004629,1,MAINA2019,False,False,True,,,SSA_MFL/ligne_7986,,,Ad Lucem Centre de Santé Integre,,,SOC.SANTE.CENTRE,,,,MAINA2019,10.120239,5.413487
RAPP_004630,1,MAINA2019,False,False,True,,,SSA_MFL/ligne_7987,,,Ad Lucem Centre de Santé Integre,,,SOC.SANTE.CENTRE,,,,MAINA2019,10.25374,5.444517
RAPP_004631,1,MAINA2019,False,False,True,,,SSA_MFL/ligne_7988,,,Ad Lucem Centre de Santé Integre,,,SOC.SANTE.CENTRE,,,,MAINA2019,10.619069,5.500527
RAPP_004632,1,MAINA2019,False,False,True,,,SSA_MFL/ligne_7989,,,Ad Lucem Moume Centre de Santé Integre,,,SOC.SANTE.CENTRE,,,,MAINA2019,10.075899,5.165753
RAPP_004633,1,MAINA2019,False,False,True,,,SSA_MFL/ligne_7990,,,Ad Lucem Ngui Centre de Santé,,,SOC.SANTE.CENTRE,,,,MAINA2019,10.054185,5.43119
RAPP_004634,1,MAINA2019,False,False,True,,,SSA_MFL/ligne_7991,,,Apouh Centre de Santé Integre,,,SOC.SANTE.CENTRE,,,,MAINA2019,9.994584,5.543376
RAPP_004635,1,MAINA2019,False,False,True,,,SSA_MFL/ligne_7992,,,Babadjou Centre de Santé Integre,,,SOC.SANTE.CENTRE,,,,MAINA2019,10.204452,5.673285
RAPP_004636,1,MAINA2019,False,False,True,,,SSA_MFL/ligne_7993,,,Babete Centre de Santé Integre,,,SOC.SANTE.CENTRE,,,,MAINA2019,10.262888,5.582995
RAPP_004637,1,MAINA2019,False,False,True,,,SSA_MFL/ligne_7994,,,Baboate Centre de Santé Integre,,,SOC.SANTE.CENTRE,,,,MAINA2019,10.180868,5.196672
RAPP_004638,1,MAINA2019,False,False,True,,,SSA_MFL/ligne_7995,,,Babone Centre de Santé Integre,,,SOC.SANTE.CENTRE,,,,MAINA2019,10.175277,5.121838
RAPP_004639,1,MAINA2019,False,False,True,,,SSA_MFL/ligne_7996,,,Babou Centre de Santé Integre,,,SOC.SANTE.CENTRE,,,,MAINA2019,10.578947,5.089574
RAPP_004640,1,MAINA2019,False,False,True,,,SSA_MFL/ligne_7997,,,Babouantou Centre de Santé Integre,,,SOC.SANTE.CENTRE,,,,MAINA2019,10.290917,5.211326
RAPP_004641,1,MAINA2019,False,False,True,,,SSA_MFL/ligne_7998,,,Babouantou EEC Centre de Santé,,,SOC.SANTE.CENTRE,,,,MAINA2019,10.284,5.2
RAPP_004642,1,MAINA2019,False,False,True,,,SSA_MFL/ligne_7999,,,Baboutcha Fongam Centre de Santé Integre,,,SOC.SANTE.CENTRE,,,,MAINA2019,10.0941,5.0153
RAPP_004643,1,MAINA2019,False,False,True,,,SSA_MFL/ligne_8000,,,Baboutcheu-Ngaleu EEC Centre de Santé,,,SOC.SANTE.CENTRE,,,,MAINA2019,10.167,5.1
RAPP_004644,1,MAINA2019,False,False,True,,,SSA_MFL/ligne_8001,,,Badeng Centre de Santé Integre,,,SOC.SANTE.CENTRE,,,,MAINA2019,10.370316,5.57612
RAPP_004645,1,MAINA2019,False,False,True,,,SSA_MFL/ligne_8002,,,Badenkop Centre de Santé Integre,,,SOC.SANTE.CENTRE,,,,MAINA2019,10.342596,5.250862
RAPP_004646,1,MAINA2019,False,False,True,,,SSA_MFL/ligne_8003,,,Badiembou Centre de Santé Integre,,,SOC.SANTE.CENTRE,,,,MAINA2019,10.448822,5.436196
RAPP_004647,1,MAINA2019,False,False,True,,,SSA_MFL/ligne_8004,,,Badjeghang Centre de Santé Integre,,,SOC.SANTE.CENTRE,,,,MAINA2019,10.273593,5.397275
RAPP_004648,1,MAINA2019,False,False,True,,,SSA_MFL/ligne_8005,,,Badjong 1 Centre de Santé Integre,,,SOC.SANTE.CENTRE,,,,MAINA2019,10.331668,5.44698
RAPP_004649,1,MAINA2019,False,False,True,,,SSA_MFL/ligne_8006,,,Badoumla Centre de Santé Integre,,,SOC.SANTE.CENTRE,,,,MAINA2019,10.281758,5.171688
RAPP_004650,1,MAINA2019,False,False,True,,,SSA_MFL/ligne_8007,,,Badoumven Centre de Santé Integre,,,SOC.SANTE.CENTRE,,,,MAINA2019,10.242972,5.190843
RAPP_004651,1,MAINA2019,False,False,True,,,SSA_MFL/ligne_8008,,,Badounga Centre de Santé Integre,,,SOC.SANTE.CENTRE,,,,MAINA2019,10.538148,4.980845
RAPP_004652,1,MAINA2019,False,False,True,,,SSA_MFL/ligne_8009,,,Bafang Hôpital de District,,,SOC.SANTE.HOPITAL,,,,MAINA2019,10.168257,5.147061
RAPP_004653,1,MAINA2019,False,False,True,,,SSA_MFL/ligne_8010,,,Bafang II (Thomas Noutong) EEC Centre de Santé,,,SOC.SANTE.CENTRE,,,,MAINA2019,10.1706,5.1583
RAPP_004654,1,MAINA2019,False,False,True,,,SSA_MFL/ligne_8011,,,Bafemghah Centre de Santé Integre,,,SOC.SANTE.CENTRE,,,,MAINA2019,10.240786,5.671572
RAPP_004655,1,MAINA2019,False,False,True,,,SSA_MFL/ligne_8012,,,Bafole Centre de Santé Integre,,,SOC.SANTE.CENTRE,,,,MAINA2019,10.701014,5.636053
RAPP_004656,1,MAINA2019,False,False,True,,,SSA_MFL/ligne_8013,,,Bafou Chefferie Centre de Santé Integre,,,SOC.SANTE.CENTRE,,,,MAINA2019,10.108169,5.483669
RAPP_004657,1,MAINA2019,False,False,True,,,SSA_MFL/ligne_8014,,,Bafounda Centre de Santé Integre,,,SOC.SANTE.CENTRE,,,,MAINA2019,10.296677,5.572716
RAPP_004658,1,MAINA2019,False,False,True,,,SSA_MFL/ligne_8016,,,Bagam Centre de Santé Integre,,,SOC.SANTE.CENTRE,,,,MAINA2019,10.294795,5.683669
RAPP_004659,1,MAINA2019,False,False,True,,,SSA_MFL/ligne_8017,,,Baham Ad Lucem Centre de Santé,,,SOC.SANTE.CENTRE,,,,MAINA2019,10.4014,5.3432
RAPP_004660,1,MAINA2019,False,False,True,,,SSA_MFL/ligne_8018,,,Baham EEC Centre de Santé,,,SOC.SANTE.CENTRE,,,,MAINA2019,10.3982,5.327
RAPP_004661,1,MAINA2019,False,False,True,,,SSA_MFL/ligne_8019,,,Baham Hôpital de District,,,SOC.SANTE.HOPITAL,,,,MAINA2019,10.373752,5.325744
RAPP_004662,1,MAINA2019,False,False,True,,,SSA_MFL/ligne_8020,,,Bahiala Centre de Santé Integre,,,SOC.SANTE.CENTRE,,,,MAINA2019,10.4184,5.3293
RAPP_004663,1,MAINA2019,False,False,True,,,SSA_MFL/ligne_8021,,,Bahouan Centre de Santé,,,SOC.SANTE.CENTRE,,,,MAINA2019,10.407794,5.486469
RAPP_004664,1,MAINA2019,False,False,True,,,SSA_MFL/ligne_8022,,,Bahouan Centre de Santé Integre,,,SOC.SANTE.CENTRE,,,,MAINA2019,10.364162,5.364252
RAPP_004665,1,MAINA2019,False,False,True,,,SSA_MFL/ligne_8023,,,Bahouoc Centre de Santé,,,SOC.SANTE.CENTRE,,,,MAINA2019,10.482412,5.116107
RAPP_004666,1,MAINA2019,False,False,True,,,SSA_MFL/ligne_8024,,,Baigom Kouloumke Centre de Santé Integre,,,SOC.SANTE.CENTRE,,,,MAINA2019,10.663327,5.560204
RAPP_004667,1,MAINA2019,False,False,True,,,SSA_MFL/ligne_8025,,,Bakambe Catholique Centre de Santé,,,SOC.SANTE.CENTRE,,,,MAINA2019,10.2111,5.0407
RAPP_004668,1,MAINA2019,False,False,True,,,SSA_MFL/ligne_8026,,,Bakassa Centre de Santé Integre,,,SOC.SANTE.CENTRE,,,,MAINA2019,10.240831,5.12053
RAPP_004669,1,MAINA2019,False,False,True,,,SSA_MFL/ligne_8027,,,Bakondji Centre de Santé Integre,,,SOC.SANTE.CENTRE,,,,MAINA2019,10.1321,5.1081
RAPP_004670,1,MAINA2019,False,False,True,,,SSA_MFL/ligne_8028,,,Bakong Centre de Santé Integre,,,SOC.SANTE.CENTRE,,,,MAINA2019,10.489221,5.096095
RAPP_004671,1,MAINA2019,False,False,True,,,SSA_MFL/ligne_8029,,,Bakotcha Centre de Santé Integre,,,SOC.SANTE.CENTRE,,,,MAINA2019,10.186,5.274
RAPP_004672,1,MAINA2019,False,False,True,,,SSA_MFL/ligne_8030,,,Bakou Centre Médical d'Arrondissement,,,SOC.SANTE.CENTRE,,,,MAINA2019,10.17906,5.070299
RAPP_004673,1,MAINA2019,False,False,True,,,SSA_MFL/ligne_8031,,,Bakouotio Centre de Santé Integre,,,SOC.SANTE.CENTRE,,,,MAINA2019,10.164929,5.640734
RAPP_004674,1,MAINA2019,False,False,True,,,SSA_MFL/ligne_8032,,,Bakoven Centre de Santé Integre,,,SOC.SANTE.CENTRE,,,,MAINA2019,10.212634,5.229509
RAPP_004675,1,MAINA2019,False,False,True,,,SSA_MFL/ligne_8033,,,Baladjeutsa Centre de Santé Integre,,,SOC.SANTE.CENTRE,,,,MAINA2019,10.199393,5.618494
RAPP_004676,1,MAINA2019,False,False,True,,,SSA_MFL/ligne_8034,,,Balafotio Centre de Santé Integre,,,SOC.SANTE.CENTRE,,,,MAINA2019,10.189968,5.588611
RAPP_004677,1,MAINA2019,False,False,True,,,SSA_MFL/ligne_8035,,,Balatchi Centre de Santé Integre,,,SOC.SANTE.CENTRE,,,,MAINA2019,10.184441,5.623697
RAPP_004678,1,MAINA2019,False,False,True,,,SSA_MFL/ligne_8036,,,Balatsit Centre de Santé Integre,,,SOC.SANTE.CENTRE,,,,MAINA2019,10.286413,5.36455
RAPP_004679,1,MAINA2019,False,False,True,,,SSA_MFL/ligne_8037,,,Bale Centre de Santé Integre,,,SOC.SANTE.CENTRE,,,,MAINA2019,10.085917,5.251801
RAPP_004680,1,MAINA2019,False,False,True,,,SSA_MFL/ligne_8038,,,Balefe Centre de Santé Integre,,,SOC.SANTE.CENTRE,,,,MAINA2019,10.095379,5.492295
RAPP_004681,1,MAINA2019,False,False,True,,,SSA_MFL/ligne_8039,,,Balefock Centre de Santé Integre,,,SOC.SANTE.CENTRE,,,,MAINA2019,10.13032,5.386853
RAPP_004682,1,MAINA2019,False,False,True,,,SSA_MFL/ligne_8040,,,Baleghang Centre de Santé Integre,,,SOC.SANTE.CENTRE,,,,MAINA2019,10.270813,5.522321
RAPP_004683,1,MAINA2019,False,False,True,,,SSA_MFL/ligne_8041,,,Balembo Centre de Santé Integre,,,SOC.SANTE.CENTRE,,,,MAINA2019,10.098266,5.161113
RAPP_004684,1,MAINA2019,False,False,True,,,SSA_MFL/ligne_8042,,,Balena Centre de Santé Integre,,,SOC.SANTE.CENTRE,,,,MAINA2019,10.209197,5.529327
RAPP_004685,1,MAINA2019,False,False,True,,,SSA_MFL/ligne_8043,,,Balengou Centre de Santé Integre,,,SOC.SANTE.CENTRE,,,,MAINA2019,10.457963,5.112204
RAPP_004686,1,MAINA2019,False,False,True,,,SSA_MFL/ligne_8044,,,Balepo Centre de Santé Integre,,,SOC.SANTE.CENTRE,,,,MAINA2019,10.156411,5.707264
RAPP_004687,1,MAINA2019,False,False,True,,,SSA_MFL/ligne_8045,,,Balessing Centre Médical d'Arrondissement,,,SOC.SANTE.CENTRE,,,,MAINA2019,10.242248,5.495794
RAPP_004688,1,MAINA2019,False,False,True,,,SSA_MFL/ligne_8046,,,Balevoni Centre de Santé Integre,,,SOC.SANTE.CENTRE,,,,MAINA2019,10.054189,5.517188
RAPP_004689,1,MAINA2019,False,False,True,,,SSA_MFL/ligne_8047,,,Baloum Centre de Santé Integre,,,SOC.SANTE.CENTRE,,,,MAINA2019,10.273547,5.191874
RAPP_004690,1,MAINA2019,False,False,True,,,SSA_MFL/ligne_8048,,,Baloum Centre de Santé Integre,,,SOC.SANTE.CENTRE,,,,MAINA2019,10.220642,5.398254
RAPP_004691,1,MAINA2019,False,False,True,,,SSA_MFL/ligne_8049,,,Baloumgou Centre de Santé Integre,,,SOC.SANTE.CENTRE,,,,MAINA2019,10.424193,5.211382
RAPP_004692,1,MAINA2019,False,False,True,,,SSA_MFL/ligne_8050,,,Bambi Centre de Santé Integre,,,SOC.SANTE.CENTRE,,,,MAINA2019,10.20627,5.517019
RAPP_004693,1,MAINA2019,False,False,True,,,SSA_MFL/ligne_8051,,,Bambi Centre de Santé Integre,,,SOC.SANTE.CENTRE,,,,MAINA2019,10.254963,5.565954
RAPP_004694,1,MAINA2019,False,False,True,,,SSA_MFL/ligne_8052,,,Bamedou Centre de Santé Integre,,,SOC.SANTE.CENTRE,,,,MAINA2019,10.179634,5.707645
RAPP_004695,1,MAINA2019,False,False,True,,,SSA_MFL/ligne_8053,,,Bamedou Metchou Centre de Santé Integre,,,SOC.SANTE.CENTRE,,,,MAINA2019,10.21467,5.431924
RAPP_004696,1,MAINA2019,False,False,True,,,SSA_MFL/ligne_8054,,,Bameffo Centre de Santé Integre,,,SOC.SANTE.CENTRE,,,,MAINA2019,10.192807,5.544289
RAPP_004697,1,MAINA2019,False,False,True,,,SSA_MFL/ligne_8055,,,Bameka Centre de Santé Integre,,,SOC.SANTE.CENTRE,,,,MAINA2019,10.344321,5.414586
RAPP_004698,1,MAINA2019,False,False,True,,,SSA_MFL/ligne_8056,,,Bameleck Centre de Santé Integre,,,SOC.SANTE.CENTRE,,,,MAINA2019,10.014722,5.074356
RAPP_004699,1,MAINA2019,False,False,True,,,SSA_MFL/ligne_8057,,,Bamelio Catholique Centre de Santé,,,SOC.SANTE.CENTRE,,,,MAINA2019,10.1372,5.5977
RAPP_004700,1,MAINA2019,False,False,True,,,SSA_MFL/ligne_8058,,,Bamena Centre de Santé Integre,,,SOC.SANTE.CENTRE,,,,MAINA2019,10.431877,5.158277
RAPP_004701,1,MAINA2019,False,False,True,,,SSA_MFL/ligne_8059,,,Bamendjinda Centre de Santé Integre,,,SOC.SANTE.CENTRE,,,,MAINA2019,10.292869,5.62021
RAPP_004702,1,MAINA2019,False,False,True,,,SSA_MFL/ligne_8060,,,Bamendjing Centre de Santé Integre,,,SOC.SANTE.CENTRE,,,,MAINA2019,10.484782,5.695288
RAPP_004703,1,MAINA2019,False,False,True,,,SSA_MFL/ligne_8061,,,Bamendjingha Centre de Santé Integre,,,SOC.SANTE.CENTRE,,,,MAINA2019,10.200335,5.652061
RAPP_004704,1,MAINA2019,False,False,True,,,SSA_MFL/ligne_8062,,,Bamendjo Centre de Santé Integre,,,SOC.SANTE.CENTRE,,,,MAINA2019,10.282971,5.551682
RAPP_004705,1,MAINA2019,False,False,True,,,SSA_MFL/ligne_8063,,,Bamendjou Catholique Centre de Santé,,,SOC.SANTE.CENTRE,,,,MAINA2019,10.3266,5.3875
RAPP_004706,1,MAINA2019,False,False,True,,,SSA_MFL/ligne_8064,,,Bamendjou Hôpital de District,,,SOC.SANTE.HOPITAL,,,,MAINA2019,10.3301,5.3899
RAPP_004707,1,MAINA2019,False,False,True,,,SSA_MFL/ligne_8065,,,Bamendjou Hôpital de District,,,SOC.SANTE.HOPITAL,,,,MAINA2019,10.407166,5.484184
RAPP_004708,1,MAINA2019,False,False,True,,,SSA_MFL/ligne_8066,,,Bamendou 2 Centre de Santé Integre,,,SOC.SANTE.CENTRE,,,,MAINA2019,10.15999,5.41315
RAPP_004709,1,MAINA2019,False,False,True,,,SSA_MFL/ligne_8067,,,Bamendou Babadjou Centre de Santé Integre,,,SOC.SANTE.CENTRE,,,,MAINA2019,10.1934,5.6694
RAPP_004710,1,MAINA2019,False,False,True,,,SSA_MFL/ligne_8068,,,Bamendou Catholique Centre de Santé Integre,,,SOC.SANTE.CENTRE,,,,MAINA2019,10.157563,5.418932
RAPP_004711,1,MAINA2019,False,False,True,,,SSA_MFL/ligne_8069,,,Bamendou Leo Centre de Santé Integre,,,SOC.SANTE.CENTRE,,,,MAINA2019,10.1524,5.4342
RAPP_004712,1,MAINA2019,False,False,True,,,SSA_MFL/ligne_8070,,,Bamendou Metchou Centre de Santé Integre,,,SOC.SANTE.CENTRE,,,,MAINA2019,10.1384,5.4296
RAPP_004713,1,MAINA2019,False,False,True,,,SSA_MFL/ligne_8071,,,Bamendou Tchueffi Centre de Santé Integre,,,SOC.SANTE.CENTRE,,,,MAINA2019,10.202368,5.482565
RAPP_004714,1,MAINA2019,False,False,True,,,SSA_MFL/ligne_8072,,,Bamendzi Cameroon Baptist Convention Centre de Santé,,,SOC.SANTE.CENTRE,,,,MAINA2019,10.493323,5.486295
RAPP_004715,1,MAINA2019,False,False,True,,,SSA_MFL/ligne_8073,,,Bamengui Centre de Santé Integre,,,SOC.SANTE.CENTRE,,,,MAINA2019,10.077077,5.228642
RAPP_004716,1,MAINA2019,False,False,True,,,SSA_MFL/ligne_8074,,,Bamenkombo Chefferie Centre de Santé Integre,,,SOC.SANTE.CENTRE,,,,MAINA2019,10.3196,5.6199
RAPP_004717,1,MAINA2019,False,False,True,,,SSA_MFL/ligne_8075,,,Bamenyam Centre de Santé Integre,,,SOC.SANTE.CENTRE,,,,MAINA2019,10.321626,5.752197
RAPP_004718,1,MAINA2019,False,False,True,,,SSA_MFL/ligne_8076,,,Bamesso Centre de Santé Integre,,,SOC.SANTE.CENTRE,,,,MAINA2019,10.327312,5.632232
RAPP_004719,1,MAINA2019,False,False,True,,,SSA_MFL/ligne_8077,,,Bametchetcha Centre de Santé Integre,,,SOC.SANTE.CENTRE,,,,MAINA2019,10.312786,5.260913
RAPP_004720,1,MAINA2019,False,False,True,,,SSA_MFL/ligne_8078,,,Bametchoue Fodom Centre de Santé Integre,,,SOC.SANTE.CENTRE,,,,MAINA2019,10.258229,5.281016
RAPP_004721,1,MAINA2019,False,False,True,,,SSA_MFL/ligne_8079,,,Bamougong Centre de Santé Integre,,,SOC.SANTE.CENTRE,,,,MAINA2019,10.224506,5.592453
RAPP_004722,1,MAINA2019,False,False,True,,,SSA_MFL/ligne_8080,,,Bana Centre Medical d’Arrondissement,,,SOC.SANTE.CENTRE,,,,MAINA2019,10.27628,5.100357
RAPP_004723,1,MAINA2019,False,False,True,,,SSA_MFL/ligne_8081,,,Bandja Hôpital de District,,,SOC.SANTE.HOPITAL,,,,MAINA2019,10.228211,5.264825
RAPP_004724,1,MAINA2019,False,False,True,,,SSA_MFL/ligne_8082,,,Bandja-Chefferie Centre de Santé Integre,,,SOC.SANTE.CENTRE,,,,MAINA2019,10.2623,5.4555
RAPP_004725,1,MAINA2019,False,False,True,,,SSA_MFL/ligne_8083,,,Bandjoun Centre de Santé Integre,,,SOC.SANTE.CENTRE,,,,MAINA2019,10.411024,5.357631
RAPP_004726,1,MAINA2019,False,False,True,,,SSA_MFL/ligne_8084,,,Bandounga Centre de Santé Integre,,,SOC.SANTE.CENTRE,,,,MAINA2019,10.55,4.9833
RAPP_004727,1,MAINA2019,False,False,True,,,SSA_MFL/ligne_8085,,,Bandrefam Centre de Santé Integre,,,SOC.SANTE.CENTRE,,,,MAINA2019,10.4904,5.2407
RAPP_004728,1,MAINA2019,False,False,True,,,SSA_MFL/ligne_8086,,,Banefo Centre de Santé Integre,,,SOC.SANTE.CENTRE,,,,MAINA2019,10.403867,5.577333
RAPP_004729,1,MAINA2019,False,False,True,,,SSA_MFL/ligne_8087,,,Baneghang Centre de Santé Integre,,,SOC.SANTE.CENTRE,,,,MAINA2019,10.307992,5.475652
RAPP_004730,1,MAINA2019,False,False,True,,,SSA_MFL/ligne_8088,,,Banekane Centre de Santé Integre,,,SOC.SANTE.CENTRE,,,,MAINA2019,10.584073,5.124853
RAPP_004731,1,MAINA2019,False,False,True,,,SSA_MFL/ligne_8089,,,Banengo Village L2 Centre de Santé Integre,,,SOC.SANTE.CENTRE,,,,MAINA2019,10.40751,5.448816
RAPP_004732,1,MAINA2019,False,False,True,,,SSA_MFL/ligne_8090,,,Banfelouk Centre de Santé Integre,,,SOC.SANTE.CENTRE,,,,MAINA2019,10.185984,5.178827
RAPP_004733,1,MAINA2019,False,False,True,,,SSA_MFL/ligne_8091,,,Bangam Centre de Santé Integre,,,SOC.SANTE.CENTRE,,,,MAINA2019,10.258633,5.338019
RAPP_004734,1,MAINA2019,False,False,True,,,SSA_MFL/ligne_8092,,,Bangambi Centre de Santé Integre,,,SOC.SANTE.CENTRE,,,,MAINA2019,10.733966,5.827724
RAPP_004735,1,MAINA2019,False,False,True,,,SSA_MFL/ligne_8093,,,Bangang Ad Lucem Centre de Santé,,,SOC.SANTE.CENTRE,,,,MAINA2019,10.1744,5.5675
RAPP_004736,1,MAINA2019,False,False,True,,,SSA_MFL/ligne_8094,,,Bangang Chefferie Centre Médical d'Arrondissement,,,SOC.SANTE.CENTRE,,,,MAINA2019,10.1664,5.563752
RAPP_004737,1,MAINA2019,False,False,True,,,SSA_MFL/ligne_8095,,,Bangang Fokam Centre de Santé Integre,,,SOC.SANTE.CENTRE,,,,MAINA2019,10.515554,5.248212
RAPP_004738,1,MAINA2019,False,False,True,,,SSA_MFL/ligne_8096,,,Bangang Fondji Centre de Santé Integre,,,SOC.SANTE.CENTRE,,,,MAINA2019,10.600568,5.389479
RAPP_004739,1,MAINA2019,False,False,True,,,SSA_MFL/ligne_8097,,,Bangangte Centre de Santé Integre,,,SOC.SANTE.CENTRE,,,,MAINA2019,10.516915,5.150907
RAPP_004740,1,MAINA2019,False,False,True,,,SSA_MFL/ligne_8098,,,Bangangte Hôpital de District,,,SOC.SANTE.HOPITAL,,,,MAINA2019,10.516915,5.138117
RAPP_004741,1,MAINA2019,False,False,True,,,SSA_MFL/ligne_8099,,,Bangou Ad Lucem Centre de Santé,,,SOC.SANTE.CENTRE,,,,MAINA2019,10.4022,5.2573
RAPP_004742,1,MAINA2019,False,False,True,,,SSA_MFL/ligne_8100,,,Bangou Centre Médical d'Arrondissement,,,SOC.SANTE.CENTRE,,,,MAINA2019,10.395611,5.251185
RAPP_004743,1,MAINA2019,False,False,True,,,SSA_MFL/ligne_8101,,,Bangou Chefferie Centre de Santé Integre,,,SOC.SANTE.CENTRE,,,,MAINA2019,10.382562,5.198204
RAPP_004744,1,MAINA2019,False,False,True,,,SSA_MFL/ligne_8102,,,Bangoua Centre de Santé Integre,,,SOC.SANTE.CENTRE,,,,MAINA2019,10.489745,5.192541
RAPP_004745,1,MAINA2019,False,False,True,,,SSA_MFL/ligne_8103,,,Bangoulap Centre de Santé Integre,,,SOC.SANTE.CENTRE,,,,MAINA2019,10.527213,5.087351
RAPP_004746,1,MAINA2019,False,False,True,,,SSA_MFL/ligne_8104,,,Bangourain Hôpital de District,,,SOC.SANTE.HOPITAL,,,,MAINA2019,10.672207,5.867125
RAPP_004747,1,MAINA2019,False,False,True,,,SSA_MFL/ligne_8105,,,Bangui Chari Centre de Santé Integre,,,SOC.SANTE.CENTRE,,,,MAINA2019,10.020367,5.130914
RAPP_004748,1,MAINA2019,False,False,True,,,SSA_MFL/ligne_8106,,,Bani Centre de Santé Integre,,,SOC.SANTE.CENTRE,,,,MAINA2019,10.189211,5.372148
RAPP_004749,1,MAINA2019,False,False,True,,,SSA_MFL/ligne_8107,,,Banki Centre de Santé Integre,,,SOC.SANTE.CENTRE,,,,MAINA2019,10.056362,5.381261
RAPP_004750,1,MAINA2019,False,False,True,,,SSA_MFL/ligne_8108,,,Bankondji Centre de Santé Integre,,,SOC.SANTE.CENTRE,,,,MAINA2019,10.143035,5.100066
RAPP_004751,1,MAINA2019,False,False,True,,,SSA_MFL/ligne_8109,,,Bankouop Catholique Centre de Santé,,,SOC.SANTE.CENTRE,,,,MAINA2019,10.1965,5.1238
RAPP_004752,1,MAINA2019,False,False,True,,,SSA_MFL/ligne_8110,,,Banseu EEC Centre de Santé,,,SOC.SANTE.CENTRE,,,,MAINA2019,10.3136,5.4484
RAPP_004753,1,MAINA2019,False,False,True,,,SSA_MFL/ligne_8111,,,Bansoa Chefferie Centre Medical d’Arrondissement,,,SOC.SANTE.CENTRE,,,,MAINA2019,10.316,5.45
RAPP_004754,1,MAINA2019,False,False,True,,,SSA_MFL/ligne_8112,,,Bantoum 1 Centre de Santé Integre,,,SOC.SANTE.CENTRE,,,,MAINA2019,10.642502,5.089326
RAPP_004755,1,MAINA2019,False,False,True,,,SSA_MFL/ligne_8113,,,Banwa Centre de Santé Integre,,,SOC.SANTE.CENTRE,,,,MAINA2019,10.072138,5.096864
RAPP_004756,1,MAINA2019,False,False,True,,,SSA_MFL/ligne_8114,,,Banza Centre de Santé Integre,,,SOC.SANTE.CENTRE,,,,MAINA2019,10.144307,5.514007
RAPP_004757,1,MAINA2019,False,False,True,,,SSA_MFL/ligne_8115,,,Bapa Centre de Santé Integre,,,SOC.SANTE.CENTRE,,,,MAINA2019,10.337285,5.273933
RAPP_004758,1,MAINA2019,False,False,True,,,SSA_MFL/ligne_8116,,,Bapi Centre de Santé Integre,,,SOC.SANTE.CENTRE,,,,MAINA2019,10.356763,5.280534
RAPP_004759,1,MAINA2019,False,False,True,,,SSA_MFL/ligne_8117,,,Bapi Centre de Santé Integre,,,SOC.SANTE.CENTRE,,,,MAINA2019,10.373428,5.553136
RAPP_004760,1,MAINA2019,False,False,True,,,SSA_MFL/ligne_8118,,,Bapouh Centre de Santé Integre,,,SOC.SANTE.CENTRE,,,,MAINA2019,10.302935,5.157887
RAPP_004761,1,MAINA2019,False,False,True,,,SSA_MFL/ligne_8119,,,Bapoundeu Centre de Santé Integre,,,SOC.SANTE.CENTRE,,,,MAINA2019,10.156598,5.178351
RAPP_004762,1,MAINA2019,False,False,True,,,SSA_MFL/ligne_8120,,,Bapoungue Centre de Santé Integre,,,SOC.SANTE.CENTRE,,,,MAINA2019,10.073126,5.128107
RAPP_004763,1,MAINA2019,False,False,True,,,SSA_MFL/ligne_8121,,,Barrage Centre de Santé Integre,,,SOC.SANTE.CENTRE,,,,MAINA2019,11.28603,6.041905
RAPP_004764,1,MAINA2019,False,False,True,,,SSA_MFL/ligne_8122,,,Basoa Chefferie Centre Médical d'Arrondissement,,,SOC.SANTE.CENTRE,,,,MAINA2019,10.31406,5.43651
RAPP_004765,1,MAINA2019,False,False,True,,,SSA_MFL/ligne_8123,,,Bassamba Centre Medical d’Arrondissement,,,SOC.SANTE.CENTRE,,,,MAINA2019,10.5712,5.0544
RAPP_004766,1,MAINA2019,False,False,True,,,SSA_MFL/ligne_8124,,,Bassap Centre de Santé Integre,,,SOC.SANTE.CENTRE,,,,MAINA2019,10.203116,5.123504
RAPP_004767,1,MAINA2019,False,False,True,,,SSA_MFL/ligne_8125,,,Bassoh Centre de Santé Integre,,,SOC.SANTE.CENTRE,,,,MAINA2019,10.2783,5.5352
RAPP_004768,1,MAINA2019,False,False,True,,,SSA_MFL/ligne_8126,,,Bassossia Centre de Santé Integre,,,SOC.SANTE.CENTRE,,,,MAINA2019,10.319473,5.464885
RAPP_004769,1,MAINA2019,False,False,True,,,SSA_MFL/ligne_8127,,,Batang Centre de Santé Integre,,,SOC.SANTE.CENTRE,,,,MAINA2019,10.253846,5.598414
RAPP_004770,1,MAINA2019,False,False,True,,,SSA_MFL/ligne_8128,,,Batcha Centre de Santé Integre,,,SOC.SANTE.CENTRE,,,,MAINA2019,10.32081,5.121711
RAPP_004771,1,MAINA2019,False,False,True,,,SSA_MFL/ligne_8129,,,Batcham Hôpital de District,,,SOC.SANTE.HOPITAL,,,,MAINA2019,10.205316,5.578974
RAPP_004772,1,MAINA2019,False,False,True,,,SSA_MFL/ligne_8130,,,Batchicheu Centre de Santé Integre,,,SOC.SANTE.CENTRE,,,,MAINA2019,10.194661,5.261213
RAPP_004773,1,MAINA2019,False,False,True,,,SSA_MFL/ligne_8131,,,Batchingou Centre de Santé Integre,,,SOC.SANTE.CENTRE,,,,MAINA2019,10.379528,5.167224
RAPP_004774,1,MAINA2019,False,False,True,,,SSA_MFL/ligne_8132,,,Bati Centre de Santé Integre,,,SOC.SANTE.CENTRE,,,,MAINA2019,10.447311,5.663051
RAPP_004775,1,MAINA2019,False,False,True,,,SSA_MFL/ligne_8133,,,Batie Centre Médical d'Arrondissement,,,SOC.SANTE.CENTRE,,,,MAINA2019,10.323332,5.311782
RAPP_004776,1,MAINA2019,False,False,True,,,SSA_MFL/ligne_8134,,,Batie-Bahiala Centre de Santé Integre,,,SOC.SANTE.CENTRE,,,,MAINA2019,10.2266,5.262
RAPP_004777,1,MAINA2019,False,False,True,,,SSA_MFL/ligne_8135,,,Batotcha Centre de Santé Integre,,,SOC.SANTE.CENTRE,,,,MAINA2019,10.238536,5.42281
RAPP_004778,1,MAINA2019,False,False,True,,,SSA_MFL/ligne_8136,,,Batoufam Centre de Santé Integre,,,SOC.SANTE.CENTRE,,,,MAINA2019,10.4549,5.255
RAPP_004779,1,MAINA2019,False,False,True,,,SSA_MFL/ligne_8138,,,Batoula Centre de Santé Integre,,,SOC.SANTE.CENTRE,,,,MAINA2019,10.307871,5.208649
RAPP_004780,1,MAINA2019,False,False,True,,,SSA_MFL/ligne_8139,,,Batoula Centre de Santé Integre,,,SOC.SANTE.CENTRE,,,,MAINA2019,10.161275,5.395875
RAPP_004781,1,MAINA2019,False,False,True,,,SSA_MFL/ligne_8140,,,Batoula Centre de Santé Integre,,,SOC.SANTE.CENTRE,,,,MAINA2019,10.218705,5.63036
RAPP_004782,1,MAINA2019,False,False,True,,,SSA_MFL/ligne_8141,,,Batsintchuet Centre de Santé Integre,,,SOC.SANTE.CENTRE,,,,MAINA2019,10.177616,5.529727
RAPP_004783,1,MAINA2019,False,False,True,,,SSA_MFL/ligne_8142,,,Baving Centre de Santé Integre,,,SOC.SANTE.CENTRE,,,,MAINA2019,10.243773,5.362435
RAPP_004784,1,MAINA2019,False,False,True,,,SSA_MFL/ligne_8143,,,Bawang Centre de Santé Integre,,,SOC.SANTE.CENTRE,,,,MAINA2019,10.223699,5.254774
RAPP_004785,1,MAINA2019,False,False,True,,,SSA_MFL/ligne_8144,,,Bayagam Centre de Santé Integre,,,SOC.SANTE.CENTRE,,,,MAINA2019,10.447934,5.282191
RAPP_004786,1,MAINA2019,False,False,True,,,SSA_MFL/ligne_8145,,,Bayangam Centre Medical d’Arrondissement,,,SOC.SANTE.CENTRE,,,,MAINA2019,10.4541,5.2934
RAPP_004787,1,MAINA2019,False,False,True,,,SSA_MFL/ligne_8146,,,Baye Centre de Santé Integre,,,SOC.SANTE.CENTRE,,,,MAINA2019,10.506838,5.558727
RAPP_004788,1,MAINA2019,False,False,True,,,SSA_MFL/ligne_8147,,,Bayon Centre de Santé Integre,,,SOC.SANTE.CENTRE,,,,MAINA2019,10.016522,5.068256
RAPP_004789,1,MAINA2019,False,False,True,,,SSA_MFL/ligne_8148,,,Bazimbap Centre de Santé Integre,,,SOC.SANTE.CENTRE,,,,MAINA2019,10.2133,5.5289
RAPP_004790,1,MAINA2019,False,False,True,,,SSA_MFL/ligne_8149,,,Bazou Centre Médical d'Arrondissement,,,SOC.SANTE.CENTRE,,,,MAINA2019,10.467812,5.059158
RAPP_004791,1,MAINA2019,False,False,True,,,SSA_MFL/ligne_8150,,,Benediction Centre de Santé Integre,,,SOC.SANTE.CENTRE,,,,MAINA2019,11.108714,5.875295
RAPP_004792,1,MAINA2019,False,False,True,,,SSA_MFL/ligne_8151,,,Bush Centre de Santé Integre,,,SOC.SANTE.CENTRE,,,,MAINA2019,10.898822,5.716137
RAPP_004793,1,MAINA2019,False,False,True,,,SSA_MFL/ligne_8152,,,Catholique Bamendjou Centre de Santé,,,SOC.SANTE.CENTRE,,,,MAINA2019,10.409108,5.481729
RAPP_004794,1,MAINA2019,False,False,True,,,SSA_MFL/ligne_8153,,,Catholique Fombap Centre de Santé Integre,,,SOC.SANTE.CENTRE,,,,MAINA2019,9.990281,5.298305
RAPP_004795,1,MAINA2019,False,False,True,,,SSA_MFL/ligne_8154,,,Centre Hospitalier Communautaire Hôpital de District,,,SOC.SANTE.HOPITAL,,,,MAINA2019,10.403055,5.449559
RAPP_004796,1,MAINA2019,False,False,True,,,SSA_MFL/ligne_8156,,,Cheff Centre de Santé Integre,,,SOC.SANTE.CENTRE,,,,MAINA2019,10.3199,5.595368
RAPP_004797,1,MAINA2019,False,False,True,,,SSA_MFL/ligne_8157,,,Cheffou Centre de Santé Integre,,,SOC.SANTE.CENTRE,,,,MAINA2019,10.419866,5.317606
RAPP_004798,1,MAINA2019,False,False,True,,,SSA_MFL/ligne_8158,,,Chengne Centre de Santé Integre,,,SOC.SANTE.CENTRE,,,,MAINA2019,10.372111,5.274705
RAPP_004799,1,MAINA2019,False,False,True,,,SSA_MFL/ligne_8159,,,CSPI Metio (Toupalaba) Centre de Santé,,,SOC.SANTE.CENTRE,,,,MAINA2019,10.278977,5.643174
RAPP_004800,1,MAINA2019,False,False,True,,,SSA_MFL/ligne_8160,,,Dackpeudjie Centre de Santé Integre,,,SOC.SANTE.CENTRE,,,,MAINA2019,10.253,5.4659
RAPP_004801,1,MAINA2019,False,False,True,,,SSA_MFL/ligne_8161,,,Demgo Centre de Santé Integre,,,SOC.SANTE.CENTRE,,,,MAINA2019,10.372111,5.340235
RAPP_004802,1,MAINA2019,False,False,True,,,SSA_MFL/ligne_8162,,,Didango EEC Centre de Santé Integre,,,SOC.SANTE.CENTRE,,,,MAINA2019,10.7232,5.6632
RAPP_004803,1,MAINA2019,False,False,True,,,SSA_MFL/ligne_8163,,,Djassa Centre de Santé Integre,,,SOC.SANTE.CENTRE,,,,MAINA2019,10.455299,5.488843
RAPP_004804,1,MAINA2019,False,False,True,,,SSA_MFL/ligne_8164,,,Djebem Centre de Santé Integre,,,SOC.SANTE.CENTRE,,,,MAINA2019,10.452061,5.330911
RAPP_004805,1,MAINA2019,False,False,True,,,SSA_MFL/ligne_8165,,,Djebem Centre Medical d’Arrondissement,,,SOC.SANTE.CENTRE,,,,MAINA2019,10.4548,5.3273
RAPP_004806,1,MAINA2019,False,False,True,,,SSA_MFL/ligne_8166,,,Djeleng Centre Medical d’Arrondissement,,,SOC.SANTE.CENTRE,,,,MAINA2019,10.4236,5.4037
RAPP_004807,1,MAINA2019,False,False,True,,,SSA_MFL/ligne_8167,,,Djietcha Centre de Santé Integre,,,SOC.SANTE.CENTRE,,,,MAINA2019,10.436953,5.513375
RAPP_004808,1,MAINA2019,False,False,True,,,SSA_MFL/ligne_8168,,,Djiogo Centre de Santé Integre,,,SOC.SANTE.CENTRE,,,,MAINA2019,10.484292,5.285808
RAPP_004809,1,MAINA2019,False,False,True,,,SSA_MFL/ligne_8169,,,Djiomghouo Centre de Santé Integre,,,SOC.SANTE.CENTRE,,,,MAINA2019,10.391093,5.345604
RAPP_004810,1,MAINA2019,False,False,True,,,SSA_MFL/ligne_8170,,,Djuba Centre de Santé Integre,,,SOC.SANTE.CENTRE,,,,MAINA2019,10.333078,5.396323
RAPP_004811,1,MAINA2019,False,False,True,,,SSA_MFL/ligne_8171,,,Djunang Catholique Centre de Santé,,,SOC.SANTE.CENTRE,,,,MAINA2019,10.3792,5.4438
RAPP_004812,1,MAINA2019,False,False,True,,,SSA_MFL/ligne_8172,,,Doumbouo Ad Lucem Centre de Santé,,,SOC.SANTE.CENTRE,,,,MAINA2019,10.1206,5.4195
RAPP_004813,1,MAINA2019,False,False,True,,,SSA_MFL/ligne_8173,,,Doumbouo Centre de Santé Integre,,,SOC.SANTE.CENTRE,,,,MAINA2019,10.1111,5.3959
RAPP_004814,1,MAINA2019,False,False,True,,,SSA_MFL/ligne_8174,,,Dschang 2 Centre de Santé Integre,,,SOC.SANTE.CENTRE,,,,MAINA2019,9.970613,5.400654
RAPP_004815,1,MAINA2019,False,False,True,,,SSA_MFL/ligne_8175,,,Dschang Hôpital de District,,,SOC.SANTE.HOPITAL,,,,MAINA2019,10.0533,5.444
RAPP_004816,1,MAINA2019,False,False,True,,,SSA_MFL/ligne_8176,,,Ec de Santchou Centre de Santé Integre,,,SOC.SANTE.CENTRE,,,,MAINA2019,9.960567,5.279836
RAPP_004817,1,MAINA2019,False,False,True,,,SSA_MFL/ligne_8177,,,Echiok Centre de Santé Integre,,,SOC.SANTE.CENTRE,,,,MAINA2019,9.941719,5.318897
RAPP_004818,1,MAINA2019,False,False,True,,,SSA_MFL/ligne_8178,,,Eec Bagambi Centre de Santé Integre,,,SOC.SANTE.CENTRE,,,,MAINA2019,10.721545,5.819586
RAPP_004819,1,MAINA2019,False,False,True,,,SSA_MFL/ligne_8179,,,Eec Centre de Santé Integre,,,SOC.SANTE.CENTRE,,,,MAINA2019,10.951554,5.49739
RAPP_004820,1,MAINA2019,False,False,True,,,SSA_MFL/ligne_8180,,,Eec Centre Médical d'Arrondissement,,,SOC.SANTE.CENTRE,,,,MAINA2019,10.247114,5.46736
RAPP_004821,1,MAINA2019,False,False,True,,,SSA_MFL/ligne_8181,,,Eec Centre Médical d'Arrondissement,,,SOC.SANTE.CENTRE,,,,MAINA2019,10.675986,5.568294
RAPP_004822,1,MAINA2019,False,False,True,,,SSA_MFL/ligne_8182,,,Eec de Maloum Makouetvu Centre de Santé Integre,,,SOC.SANTE.CENTRE,,,,MAINA2019,11.035031,5.797549
RAPP_004823,1,MAINA2019,False,False,True,,,SSA_MFL/ligne_8183,,,Eec Koumengba Centre de Santé Integre,,,SOC.SANTE.CENTRE,,,,MAINA2019,10.631031,5.781753
RAPP_004824,1,MAINA2019,False,False,True,,,SSA_MFL/ligne_8184,,,Eec Koussam Centre de Santé Integre,,,SOC.SANTE.CENTRE,,,,MAINA2019,10.92855,5.793831
RAPP_004825,1,MAINA2019,False,False,True,,,SSA_MFL/ligne_8185,,,Esperance Centre de Santé,,,SOC.SANTE.CENTRE,,,,MAINA2019,11.1059,5.7294
RAPP_004826,1,MAINA2019,False,False,True,,,SSA_MFL/ligne_8186,,,Famkeu Centre de Santé Integre,,,SOC.SANTE.CENTRE,,,,MAINA2019,10.130424,5.144919
RAPP_004827,1,MAINA2019,False,False,True,,,SSA_MFL/ligne_8187,,,Famla 2 Centre de Santé Integre,,,SOC.SANTE.CENTRE,,,,MAINA2019,10.48039,5.316075
RAPP_004828,1,MAINA2019,False,False,True,,,SSA_MFL/ligne_8188,,,Famla Islamique Centre de Santé,,,SOC.SANTE.CENTRE,,,,MAINA2019,10.488923,5.507295
RAPP_004829,1,MAINA2019,False,False,True,,,SSA_MFL/ligne_8189,,,Famtchouet Baleng Centre de Santé Integre,,,SOC.SANTE.CENTRE,,,,MAINA2019,10.4147,5.5118
RAPP_004830,1,MAINA2019,False,False,True,,,SSA_MFL/ligne_8190,,,Famwouo Centre de Santé Integre,,,SOC.SANTE.CENTRE,,,,MAINA2019,10.440148,5.340842
RAPP_004831,1,MAINA2019,False,False,True,,,SSA_MFL/ligne_8191,,,Fejemkwet Centre de Santé Integre,,,SOC.SANTE.CENTRE,,,,MAINA2019,11.184898,5.978364
RAPP_004832,1,MAINA2019,False,False,True,,,SSA_MFL/ligne_8192,,,Feugnoun Centre de Santé Integre,,,SOC.SANTE.CENTRE,,,,MAINA2019,10.576837,5.107816
RAPP_004833,1,MAINA2019,False,False,True,,,SSA_MFL/ligne_8193,,,Fiela Catholique Centre de Santé Integre,,,SOC.SANTE.CENTRE,,,,MAINA2019,10.226215,5.542119
RAPP_004834,1,MAINA2019,False,False,True,,,SSA_MFL/ligne_8194,,,Fokoue Centre Medical d’Arrondissement,,,SOC.SANTE.CENTRE,,,,MAINA2019,10.1215,5.3674
RAPP_004835,1,MAINA2019,False,False,True,,,SSA_MFL/ligne_8195,,,Folap Centre de Santé Integre,,,SOC.SANTE.CENTRE,,,,MAINA2019,10.89955,5.820302
RAPP_004836,1,MAINA2019,False,False,True,,,SSA_MFL/ligne_8196,,,Folentcha Centre de Santé Integre,,,SOC.SANTE.CENTRE,,,,MAINA2019,10.164331,5.204049
RAPP_004837,1,MAINA2019,False,False,True,,,SSA_MFL/ligne_8197,,,Fombap Centre de Santé Integre,,,SOC.SANTE.CENTRE,,,,MAINA2019,9.99623,5.304824
RAPP_004838,1,MAINA2019,False,False,True,,,SSA_MFL/ligne_8198,,,Fometa Centre de Santé Integre,,,SOC.SANTE.CENTRE,,,,MAINA2019,10.071603,5.448322
RAPP_004839,1,MAINA2019,False,False,True,,,SSA_MFL/ligne_8199,,,Fomopea Centre de Santé Integre,,,SOC.SANTE.CENTRE,,,,MAINA2019,10.145677,5.317244
RAPP_004840,1,MAINA2019,False,False,True,,,SSA_MFL/ligne_8200,,,Fondanti Centre de Santé Integre,,,SOC.SANTE.CENTRE,,,,MAINA2019,10.147761,5.246103
RAPP_004841,1,MAINA2019,False,False,True,,,SSA_MFL/ligne_8201,,,Fondjomekwet 2 Centre de Santé Integre,,,SOC.SANTE.CENTRE,,,,MAINA2019,10.166393,5.281176
RAPP_004842,1,MAINA2019,False,False,True,,,SSA_MFL/ligne_8202,,,Fondjomekwet Centre de Santé Integre,,,SOC.SANTE.CENTRE,,,,MAINA2019,10.166892,5.299879
RAPP_004843,1,MAINA2019,False,False,True,,,SSA_MFL/ligne_8203,,,Fondonera Centre de Santé Integre,,,SOC.SANTE.CENTRE,,,,MAINA2019,9.942059,5.375669
RAPP_004844,1,MAINA2019,False,False,True,,,SSA_MFL/ligne_8204,,,Fongo Ndeng Centre de Santé Integre,,,SOC.SANTE.CENTRE,,,,MAINA2019,9.973664,5.436806
RAPP_004845,1,MAINA2019,False,False,True,,,SSA_MFL/ligne_8205,,,Fongo Tongo Centre de Santé Integre,,,SOC.SANTE.CENTRE,,,,MAINA2019,9.989373,5.498818
RAPP_004846,1,MAINA2019,False,False,True,,,SSA_MFL/ligne_8206,,,Fontsa Touala Centre de Santé Integre,,,SOC.SANTE.CENTRE,,,,MAINA2019,10.080003,5.319861
RAPP_004847,1,MAINA2019,False,False,True,,,SSA_MFL/ligne_8207,,,Fontsem Lessing Centre de Santé Integre,,,SOC.SANTE.CENTRE,,,,MAINA2019,10.0735,5.3547
RAPP_004848,1,MAINA2019,False,False,True,,,SSA_MFL/ligne_8208,,,Fosset Centre de Santé Integre,,,SOC.SANTE.CENTRE,,,,MAINA2019,10.673928,5.50434
RAPP_004849,1,MAINA2019,False,False,True,,,SSA_MFL/ligne_8209,,,Fossong-Wentcheng Centre de Santé Integre,,,SOC.SANTE.CENTRE,,,,MAINA2019,9.934426,5.396272
RAPP_004850,1,MAINA2019,False,False,True,,,SSA_MFL/ligne_8210,,,Fotetsa Centre de Santé Integre,,,SOC.SANTE.CENTRE,,,,MAINA2019,9.997935,5.432713
RAPP_004851,1,MAINA2019,False,False,True,,,SSA_MFL/ligne_8211,,,Fotomena Centre de Santé Integre,,,SOC.SANTE.CENTRE,,,,MAINA2019,10.1,5.2167
RAPP_004852,1,MAINA2019,False,False,True,,,SSA_MFL/ligne_8212,,,Fotouni Centre de Santé Integre,,,SOC.SANTE.CENTRE,,,,MAINA2019,10.226545,5.317011
RAPP_004853,1,MAINA2019,False,False,True,,,SSA_MFL/ligne_8213,,,Fotsem Lessing Centre de Santé Integre,,,SOC.SANTE.CENTRE,,,,MAINA2019,10.075691,5.347433
RAPP_004854,1,MAINA2019,False,False,True,,,SSA_MFL/ligne_8214,,,Foumban Hôpital de District,,,SOC.SANTE.HOPITAL,,,,MAINA2019,10.873552,5.726702
RAPP_004855,1,MAINA2019,False,False,True,,,SSA_MFL/ligne_8215,,,Foumbot Ad Lucem Centre de Santé,,,SOC.SANTE.CENTRE,,,,MAINA2019,10.598,5.678
RAPP_004856,1,MAINA2019,False,False,True,,,SSA_MFL/ligne_8216,,,Foumbot Hôpital de District,,,SOC.SANTE.HOPITAL,,,,MAINA2019,10.6325,5.508
RAPP_004857,1,MAINA2019,False,False,True,,,SSA_MFL/ligne_8217,,,Foyemtcha Centre de Santé Integre,,,SOC.SANTE.CENTRE,,,,MAINA2019,10.076244,5.206692
RAPP_004858,1,MAINA2019,False,False,True,,,SSA_MFL/ligne_8218,,,Foyemtcha EEC Centre de Santé,,,SOC.SANTE.CENTRE,,,,MAINA2019,10.0737,5.2091
RAPP_004859,1,MAINA2019,False,False,True,,,SSA_MFL/ligne_8219,,,Foyet Centre de Santé Integre,,,SOC.SANTE.CENTRE,,,,MAINA2019,10.876443,5.840051
RAPP_004860,1,MAINA2019,False,False,True,,,SSA_MFL/ligne_8220,,,Galim Centre de Santé Integre,,,SOC.SANTE.CENTRE,,,,MAINA2019,10.41453,5.684906
RAPP_004861,1,MAINA2019,False,False,True,,,SSA_MFL/ligne_8221,,,Galim Hôpital de District,,,SOC.SANTE.HOPITAL,,,,MAINA2019,10.363704,5.68405
RAPP_004862,1,MAINA2019,False,False,True,,,SSA_MFL/ligne_8222,,,Gbassa Centre de Santé Integre,,,SOC.SANTE.CENTRE,,,,MAINA2019,10.960167,5.72467
RAPP_004863,1,MAINA2019,False,False,True,,,SSA_MFL/ligne_8223,,,Haa Centre de Santé Integre,,,SOC.SANTE.CENTRE,,,,MAINA2019,10.435,5.370314
RAPP_004864,1,MAINA2019,False,False,True,,,SSA_MFL/ligne_8224,,,Jonas Lowe (Bameka EEC) Centre de Santé,,,SOC.SANTE.CENTRE,,,,MAINA2019,10.541,5.6393
RAPP_004865,1,MAINA2019,False,False,True,,,SSA_MFL/ligne_8225,,,Kafeng Centre de Santé Integre,,,SOC.SANTE.CENTRE,,,,MAINA2019,10.608195,5.092439
RAPP_004866,1,MAINA2019,False,False,True,,,SSA_MFL/ligne_8226,,,Kagnie Centre de Santé Integre,,,SOC.SANTE.CENTRE,,,,MAINA2019,10.4887,5.2604
RAPP_004867,1,MAINA2019,False,False,True,,,SSA_MFL/ligne_8227,,,Kamgo Centre de Santé Integre,,,SOC.SANTE.CENTRE,,,,MAINA2019,10.437463,5.389148
RAPP_004868,1,MAINA2019,False,False,True,,,SSA_MFL/ligne_8228,,,Kassang Centre de Santé Integre,,,SOC.SANTE.CENTRE,,,,MAINA2019,10.410171,5.114466
RAPP_004869,1,MAINA2019,False,False,True,,,SSA_MFL/ligne_8229,,,Kekang Centre de Santé Integre,,,SOC.SANTE.CENTRE,,,,MAINA2019,10.0909,5.4912
RAPP_004870,1,MAINA2019,False,False,True,,,SSA_MFL/ligne_8230,,,Kekem Hôpital de District,,,SOC.SANTE.HOPITAL,,,,MAINA2019,10.017007,5.152964
RAPP_004871,1,MAINA2019,False,False,True,,,SSA_MFL/ligne_8231,,,Keuleu Centre de Santé Integre,,,SOC.SANTE.CENTRE,,,,MAINA2019,10.374213,5.524796
RAPP_004872,1,MAINA2019,False,False,True,,,SSA_MFL/ligne_8232,,,King Place Centre de Santé Integre,,,SOC.SANTE.CENTRE,,,,MAINA2019,10.425897,5.464711
RAPP_004873,1,MAINA2019,False,False,True,,,SSA_MFL/ligne_8233,,,Kombou Centre de Santé Integre,,,SOC.SANTE.CENTRE,,,,MAINA2019,10.16436,5.735627
RAPP_004874,1,MAINA2019,False,False,True,,,SSA_MFL/ligne_8234,,,Kondso Centre de Santé Integre,,,SOC.SANTE.CENTRE,,,,MAINA2019,10.354433,5.485868
RAPP_004875,1,MAINA2019,False,False,True,,,SSA_MFL/ligne_8235,,,Konti Centre de Santé Integre,,,SOC.SANTE.CENTRE,,,,MAINA2019,10.396841,5.539787
RAPP_004876,1,MAINA2019,False,False,True,,,SSA_MFL/ligne_8236,,,Kouchankap Centre de Santé Integre,,,SOC.SANTE.CENTRE,,,,MAINA2019,10.808387,5.604228
RAPP_004877,1,MAINA2019,False,False,True,,,SSA_MFL/ligne_8237,,,Kouffen Centre de Santé Integre,,,SOC.SANTE.CENTRE,,,,MAINA2019,10.8802,5.63567
RAPP_004878,1,MAINA2019,False,False,True,,,SSA_MFL/ligne_8238,,,Koufomloum Centre de Santé Integre,,,SOC.SANTE.CENTRE,,,,MAINA2019,10.799613,5.83101
RAPP_004879,1,MAINA2019,False,False,True,,,SSA_MFL/ligne_8239,,,Kouhouat Centre de Santé Integre,,,SOC.SANTE.CENTRE,,,,MAINA2019,10.707697,5.784037
RAPP_004880,1,MAINA2019,False,False,True,,,SSA_MFL/ligne_8240,,,Koukwet-Maloum Centre Medical d’Arrondissement,,,SOC.SANTE.CENTRE,,,,MAINA2019,10.956,5.7267
RAPP_004881,1,MAINA2019,False,False,True,,,SSA_MFL/ligne_8241,,,Koula Centre de Santé Integre,,,SOC.SANTE.CENTRE,,,,MAINA2019,11.11419,5.995098
RAPP_004882,1,MAINA2019,False,False,True,,,SSA_MFL/ligne_8242,,,Koumelap Centre de Santé Integre,,,SOC.SANTE.CENTRE,,,,MAINA2019,10.7614,5.6755
RAPP_004883,1,MAINA2019,False,False,True,,,SSA_MFL/ligne_8243,,,Koumengba Centre de Santé Integre,,,SOC.SANTE.CENTRE,,,,MAINA2019,10.614612,5.775471
RAPP_004884,1,MAINA2019,False,False,True,,,SSA_MFL/ligne_8244,,,Koumengba EEC Centre de Santé,,,SOC.SANTE.CENTRE,,,,MAINA2019,10.6371,5.7776
RAPP_004885,1,MAINA2019,False,False,True,,,SSA_MFL/ligne_8245,,,Koumenke Protestant Centre de Santé Integre,,,SOC.SANTE.CENTRE,,,,MAINA2019,10.744972,5.729058
RAPP_004886,1,MAINA2019,False,False,True,,,SSA_MFL/ligne_8246,,,Koundja Centre de Santé Integre,,,SOC.SANTE.CENTRE,,,,MAINA2019,10.7467,5.6388
RAPP_004887,1,MAINA2019,False,False,True,,,SSA_MFL/ligne_8247,,,Kouoptamo Hôpital de District,,,SOC.SANTE.HOPITAL,,,,MAINA2019,10.609319,5.66339
RAPP_004888,1,MAINA2019,False,False,True,,,SSA_MFL/ligne_8248,,,Koupa Kagnam Centre de Santé Integre,,,SOC.SANTE.CENTRE,,,,MAINA2019,10.759392,5.725774
RAPP_004889,1,MAINA2019,False,False,True,,,SSA_MFL/ligne_8249,,,Koupa Matapit Centre Médical d'Arrondissement,,,SOC.SANTE.CENTRE,,,,MAINA2019,10.794556,5.765723
RAPP_004890,1,MAINA2019,False,False,True,,,SSA_MFL/ligne_8250,,,Koupa Ngagnou Centre de Santé Integre,,,SOC.SANTE.CENTRE,,,,MAINA2019,10.840658,5.77658
RAPP_004891,1,MAINA2019,False,False,True,,,SSA_MFL/ligne_8251,,,Koupara Centre de Santé Integre,,,SOC.SANTE.CENTRE,,,,MAINA2019,10.643027,5.571729
RAPP_004892,1,MAINA2019,False,False,True,,,SSA_MFL/ligne_8252,,,Kourap Centre de Santé Integre,,,SOC.SANTE.CENTRE,,,,MAINA2019,11.120374,5.884337
RAPP_004893,1,MAINA2019,False,False,True,,,SSA_MFL/ligne_8253,,,Kourom Marche Centre de Santé Integre,,,SOC.SANTE.CENTRE,,,,MAINA2019,10.647449,5.771045
RAPP_004894,1,MAINA2019,False,False,True,,,SSA_MFL/ligne_8254,,,Koutie Centre de Santé Integre,,,SOC.SANTE.CENTRE,,,,MAINA2019,10.799911,5.617017
RAPP_004895,1,MAINA2019,False,False,True,,,SSA_MFL/ligne_8255,,,Koutoukpi Centre de Santé Integre,,,SOC.SANTE.CENTRE,,,,MAINA2019,10.68366,5.973703
RAPP_004896,1,MAINA2019,False,False,True,,,SSA_MFL/ligne_8256,,,Kueka Centre de Santé Integre,,,SOC.SANTE.CENTRE,,,,MAINA2019,10.904545,5.727356
RAPP_004897,1,MAINA2019,False,False,True,,,SSA_MFL/ligne_8257,,,Kwen Centre de Santé Integre,,,SOC.SANTE.CENTRE,,,,MAINA2019,10.691119,5.577622
RAPP_004898,1,MAINA2019,False,False,True,,,SSA_MFL/ligne_8258,,,La Patience Centre de Santé Integre,,,SOC.SANTE.CENTRE,,,,MAINA2019,10.052091,5.447085
RAPP_004899,1,MAINA2019,False,False,True,,,SSA_MFL/ligne_8259,,,La Pitie Centre de Santé Integre,,,SOC.SANTE.CENTRE,,,,MAINA2019,10.899965,5.722847
RAPP_004900,1,MAINA2019,False,False,True,,,SSA_MFL/ligne_8260,,,Lafe Centre Médical d'Arrondissement,,,SOC.SANTE.CENTRE,,,,MAINA2019,10.392695,5.503096
RAPP_004901,1,MAINA2019,False,False,True,,,SSA_MFL/ligne_8261,,,Latchouet Centre de Santé Integre,,,SOC.SANTE.CENTRE,,,,MAINA2019,10.1701,5.4895
RAPP_004902,1,MAINA2019,False,False,True,,,SSA_MFL/ligne_8262,,,Le Progres Centre de Santé Integre,,,SOC.SANTE.CENTRE,,,,MAINA2019,11.216407,5.949869
RAPP_004903,1,MAINA2019,False,False,True,,,SSA_MFL/ligne_8263,,,Lemgo Centre de Santé Integre,,,SOC.SANTE.CENTRE,,,,MAINA2019,10.454881,5.388863
RAPP_004904,1,MAINA2019,False,False,True,,,SSA_MFL/ligne_8264,,,Leo Centre de Santé Integre,,,SOC.SANTE.CENTRE,,,,MAINA2019,10.169983,5.450127
RAPP_004905,1,MAINA2019,False,False,True,,,SSA_MFL/ligne_8265,,,Lepi Centre Médical d'Arrondissement,,,SOC.SANTE.CENTRE,,,,MAINA2019,10.262222,5.620971
RAPP_004906,1,MAINA2019,False,False,True,,,SSA_MFL/ligne_8266,,,Lepoh Centre de Santé Integre,,,SOC.SANTE.CENTRE,,,,MAINA2019,10.0837,5.5003
RAPP_004907,1,MAINA2019,False,False,True,,,SSA_MFL/ligne_8267,,,Leproserie Centre de Santé Integre,,,SOC.SANTE.CENTRE,,,,MAINA2019,10.806704,5.690245
RAPP_004908,1,MAINA2019,False,False,True,,,SSA_MFL/ligne_8268,,,Likong Centre de Santé Integre,,,SOC.SANTE.CENTRE,,,,MAINA2019,10.061478,5.404699
RAPP_004909,1,MAINA2019,False,False,True,,,SSA_MFL/ligne_8269,,,Lingang Foto Centre de Santé Integre,,,SOC.SANTE.CENTRE,,,,MAINA2019,10.026619,5.47342
RAPP_004910,1,MAINA2019,False,False,True,,,SSA_MFL/ligne_8270,,,Long Street Centre de Santé Integre,,,SOC.SANTE.CENTRE,,,,MAINA2019,11.070689,6.081166
RAPP_004911,1,MAINA2019,False,False,True,,,SSA_MFL/ligne_8271,,,Louh Tougwe Centre de Santé Integre,,,SOC.SANTE.CENTRE,,,,MAINA2019,10.451103,5.140954
RAPP_004912,1,MAINA2019,False,False,True,,,SSA_MFL/ligne_8272,,,Mabouo Centre de Santé Integre,,,SOC.SANTE.CENTRE,,,,MAINA2019,10.905691,5.971214
RAPP_004913,1,MAINA2019,False,False,True,,,SSA_MFL/ligne_8273,,,Machatoum Centre de Santé Integre,,,SOC.SANTE.CENTRE,,,,MAINA2019,11.061496,5.418104
RAPP_004914,1,MAINA2019,False,False,True,,,SSA_MFL/ligne_8274,,,Mafouatie Centre de Santé Integre,,,SOC.SANTE.CENTRE,,,,MAINA2019,11.020294,5.759082
RAPP_004915,1,MAINA2019,False,False,True,,,SSA_MFL/ligne_8275,,,Magba Catholique Centre de Santé,,,SOC.SANTE.CENTRE,,,,MAINA2019,11.2328,5.9701
RAPP_004916,1,MAINA2019,False,False,True,,,SSA_MFL/ligne_8276,,,Magba Centre Medical d’Arrondissement,,,SOC.SANTE.CENTRE,,,,MAINA2019,11.2167,5.95
RAPP_004917,1,MAINA2019,False,False,True,,,SSA_MFL/ligne_8277,,,Maghait Centre de Santé Integre,,,SOC.SANTE.CENTRE,,,,MAINA2019,10.97257,5.797103
RAPP_004918,1,MAINA2019,False,False,True,,,SSA_MFL/ligne_8278,,,Magham Centre de Santé Integre,,,SOC.SANTE.CENTRE,,,,MAINA2019,10.983277,5.761559
RAPP_004919,1,MAINA2019,False,False,True,,,SSA_MFL/ligne_8279,,,Magna Centre de Santé Integre,,,SOC.SANTE.CENTRE,,,,MAINA2019,10.920487,4.986609
RAPP_004920,1,MAINA2019,False,False,True,,,SSA_MFL/ligne_8280,,,Maham Centre de Santé Integre,,,SOC.SANTE.CENTRE,,,,MAINA2019,10.693289,5.014128
RAPP_004921,1,MAINA2019,False,False,True,,,SSA_MFL/ligne_8281,,,Mahoua Centre de Santé Integre,,,SOC.SANTE.CENTRE,,,,MAINA2019,11.186761,5.824375
RAPP_004922,1,MAINA2019,False,False,True,,,SSA_MFL/ligne_8282,,,Maka 2 Centre de Santé Integre,,,SOC.SANTE.CENTRE,,,,MAINA2019,10.657281,5.370985
RAPP_004923,1,MAINA2019,False,False,True,,,SSA_MFL/ligne_8283,,,Maka Centre de Santé Integre,,,SOC.SANTE.CENTRE,,,,MAINA2019,10.030664,5.404699
RAPP_004924,1,MAINA2019,False,False,True,,,SSA_MFL/ligne_8284,,,Makam Centre de Santé Integre,,,SOC.SANTE.CENTRE,,,,MAINA2019,10.958608,5.910155
RAPP_004925,1,MAINA2019,False,False,True,,,SSA_MFL/ligne_8285,,,Makeka Centre de Santé Integre,,,SOC.SANTE.CENTRE,,,,MAINA2019,10.658343,5.467339
RAPP_004926,1,MAINA2019,False,False,True,,,SSA_MFL/ligne_8286,,,Makom 1 Centre de Santé Integre,,,SOC.SANTE.CENTRE,,,,MAINA2019,11.010653,5.490002
RAPP_004927,1,MAINA2019,False,False,True,,,SSA_MFL/ligne_8287,,,Makom 2 Centre de Santé Integre,,,SOC.SANTE.CENTRE,,,,MAINA2019,11.002662,5.523773
RAPP_004928,1,MAINA2019,False,False,True,,,SSA_MFL/ligne_8288,,,Makouenmeka Centre de Santé Integre,,,SOC.SANTE.CENTRE,,,,MAINA2019,10.814,5.777
RAPP_004929,1,MAINA2019,False,False,True,,,SSA_MFL/ligne_8289,,,Makouetvu Centre de Santé Integre,,,SOC.SANTE.CENTRE,,,,MAINA2019,10.813,5.755
RAPP_004930,1,MAINA2019,False,False,True,,,SSA_MFL/ligne_8290,,,Makouombou Centre de Santé Integre,,,SOC.SANTE.CENTRE,,,,MAINA2019,11.093914,5.479448
RAPP_004931,1,MAINA2019,False,False,True,,,SSA_MFL/ligne_8291,,,Makouoncha Islamique Centre de Santé,,,SOC.SANTE.CENTRE,,,,MAINA2019,10.7863,5.7244
RAPP_004932,1,MAINA2019,False,False,True,,,SSA_MFL/ligne_8292,,,Makouopsap Centre de Santé Integre,,,SOC.SANTE.CENTRE,,,,MAINA2019,11.04254,5.280812
RAPP_004933,1,MAINA2019,False,False,True,,,SSA_MFL/ligne_8293,,,Makoup Centre de Santé Integre,,,SOC.SANTE.CENTRE,,,,MAINA2019,11.124562,5.568154
RAPP_004934,1,MAINA2019,False,False,True,,,SSA_MFL/ligne_8294,,,Makoutam Centre de Santé Integre,,,SOC.SANTE.CENTRE,,,,MAINA2019,11.037806,5.742759
RAPP_004935,1,MAINA2019,False,False,True,,,SSA_MFL/ligne_8295,,,Makoutmbou Centre de Santé Integre,,,SOC.SANTE.CENTRE,,,,MAINA2019,11.0932,5.5177
RAPP_004936,1,MAINA2019,False,False,True,,,SSA_MFL/ligne_8296,,,Makpa 1 Centre de Santé Integre,,,SOC.SANTE.CENTRE,,,,MAINA2019,11.035855,5.550261
RAPP_004937,1,MAINA2019,False,False,True,,,SSA_MFL/ligne_8297,,,Makpa 2 Centre de Santé Integre,,,SOC.SANTE.CENTRE,,,,MAINA2019,11.055462,5.572913
RAPP_004938,1,MAINA2019,False,False,True,,,SSA_MFL/ligne_8298,,,Makpatoum Centre de Santé Integre,,,SOC.SANTE.CENTRE,,,,MAINA2019,10.85894,5.162023
RAPP_004939,1,MAINA2019,False,False,True,,,SSA_MFL/ligne_8299,,,Malanden Centre de Santé Integre,,,SOC.SANTE.CENTRE,,,,MAINA2019,10.821512,5.42722
RAPP_004940,1,MAINA2019,False,False,True,,,SSA_MFL/ligne_8300,,,Malantouen EEC Centre de Santé,,,SOC.SANTE.CENTRE,,,,MAINA2019,11.1,5.7333
RAPP_004941,1,MAINA2019,False,False,True,,,SSA_MFL/ligne_8301,,,Malantouen Hôpital de District,,,SOC.SANTE.HOPITAL,,,,MAINA2019,11.130843,5.719678
RAPP_004942,1,MAINA2019,False,False,True,,,SSA_MFL/ligne_8302,,,Malantouen Urbain Centre de Santé Integre,,,SOC.SANTE.CENTRE,,,,MAINA2019,11.114853,5.707305
RAPP_004943,1,MAINA2019,False,False,True,,,SSA_MFL/ligne_8303,,,Malien Centre de Santé Integre,,,SOC.SANTE.CENTRE,,,,MAINA2019,11.011109,5.601467
RAPP_004944,1,MAINA2019,False,False,True,,,SSA_MFL/ligne_8304,,,Malong Matoupou Centre de Santé Integre,,,SOC.SANTE.CENTRE,,,,MAINA2019,10.833333,5.116667
RAPP_004945,1,MAINA2019,False,False,True,,,SSA_MFL/ligne_8305,,,Maloum Centre de Santé Integre,,,SOC.SANTE.CENTRE,,,,MAINA2019,10.9643,5.8576
RAPP_004946,1,MAINA2019,False,False,True,,,SSA_MFL/ligne_8306,,,Maloure Centre de Santé Integre,,,SOC.SANTE.CENTRE,,,,MAINA2019,11.034237,5.888382
RAPP_004947,1,MAINA2019,False,False,True,,,SSA_MFL/ligne_8307,,,Mambain Centre Médical d'Arrondissement,,,SOC.SANTE.CENTRE,,,,MAINA2019,10.884546,5.696578
RAPP_004948,1,MAINA2019,False,False,True,,,SSA_MFL/ligne_8308,,,Mambouobou Centre de Santé Integre,,,SOC.SANTE.CENTRE,,,,MAINA2019,11.030716,5.578053
RAPP_004949,1,MAINA2019,False,False,True,,,SSA_MFL/ligne_8309,,,Mammognam Centre de Santé Integre,,,SOC.SANTE.CENTRE,,,,MAINA2019,10.946126,5.501762
RAPP_004950,1,MAINA2019,False,False,True,,,SSA_MFL/ligne_8310,,,Mamovouo Centre de Santé Integre,,,SOC.SANTE.CENTRE,,,,MAINA2019,10.826781,5.664963
RAPP_004951,1,MAINA2019,False,False,True,,,SSA_MFL/ligne_8311,,,Mancha Centre de Santé Integre,,,SOC.SANTE.CENTRE,,,,MAINA2019,10.872205,5.553626
RAPP_004952,1,MAINA2019,False,False,True,,,SSA_MFL/ligne_8312,,,Manda Centre de Santé Integre,,,SOC.SANTE.CENTRE,,,,MAINA2019,11.12613,6.147315
RAPP_004953,1,MAINA2019,False,False,True,,,SSA_MFL/ligne_8313,,,Mandah Centre de Santé Integre,,,SOC.SANTE.CENTRE,,,,MAINA2019,11.201037,5.76465
RAPP_004954,1,MAINA2019,False,False,True,,,SSA_MFL/ligne_8314,,,Mandinga Plateau Centre de Santé Integre,,,SOC.SANTE.CENTRE,,,,MAINA2019,10.994167,5.564918
RAPP_004955,1,MAINA2019,False,False,True,,,SSA_MFL/ligne_8315,,,Manfu EEC Centre de Santé,,,SOC.SANTE.CENTRE,,,,MAINA2019,10.8371,5.6644
RAPP_004956,1,MAINA2019,False,False,True,,,SSA_MFL/ligne_8316,,,Mange Magnit Centre de Santé Integre,,,SOC.SANTE.CENTRE,,,,MAINA2019,11.097769,5.779879
RAPP_004957,1,MAINA2019,False,False,True,,,SSA_MFL/ligne_8317,,,Manguiembou Centre de Santé Integre,,,SOC.SANTE.CENTRE,,,,MAINA2019,11.091249,5.522469
RAPP_004958,1,MAINA2019,False,False,True,,,SSA_MFL/ligne_8319,,,Manje Koutou Centre de Santé Integre,,,SOC.SANTE.CENTRE,,,,MAINA2019,11.065408,5.753467
RAPP_004959,1,MAINA2019,False,False,True,,,SSA_MFL/ligne_8320,,,Manjouom Centre de Santé Integre,,,SOC.SANTE.CENTRE,,,,MAINA2019,11.077734,5.637444
RAPP_004960,1,MAINA2019,False,False,True,,,SSA_MFL/ligne_8321,,,Manki 1 Centre de Santé Integre,,,SOC.SANTE.CENTRE,,,,MAINA2019,11.010344,5.824169
RAPP_004961,1,MAINA2019,False,False,True,,,SSA_MFL/ligne_8322,,,Manki Marche Centre de Santé Integre,,,SOC.SANTE.CENTRE,,,,MAINA2019,11.11157,5.871726
RAPP_004962,1,MAINA2019,False,False,True,,,SSA_MFL/ligne_8323,,,Mankouombip Centre de Santé Integre,,,SOC.SANTE.CENTRE,,,,MAINA2019,11.060734,5.454082
RAPP_004963,1,MAINA2019,False,False,True,,,SSA_MFL/ligne_8325,,,Mansen Centre de Santé Integre,,,SOC.SANTE.CENTRE,,,,MAINA2019,10.679429,5.804167
RAPP_004964,1,MAINA2019,False,False,True,,,SSA_MFL/ligne_8326,,,Mansom Centre de Santé Integre,,,SOC.SANTE.CENTRE,,,,MAINA2019,10.83,5.757
RAPP_004965,1,MAINA2019,False,False,True,,,SSA_MFL/ligne_8327,,,Mansouen Centre de Santé Integre,,,SOC.SANTE.CENTRE,,,,MAINA2019,10.907934,5.458629
RAPP_004966,1,MAINA2019,False,False,True,,,SSA_MFL/ligne_8328,,,Mante Centre de Santé Integre,,,SOC.SANTE.CENTRE,,,,MAINA2019,10.993077,5.983166
RAPP_004967,1,MAINA2019,False,False,True,,,SSA_MFL/ligne_8329,,,Mantoum Centre de Santé Integre,,,SOC.SANTE.CENTRE,,,,MAINA2019,11.154828,5.645249
RAPP_004968,1,MAINA2019,False,False,True,,,SSA_MFL/ligne_8330,,,Manzom Centre de Santé Integre,,,SOC.SANTE.CENTRE,,,,MAINA2019,10.7902,5.7254
RAPP_004969,1,MAINA2019,False,False,True,,,SSA_MFL/ligne_8331,,,Mapare Centre de Santé Integre,,,SOC.SANTE.CENTRE,,,,MAINA2019,10.646109,5.598194
RAPP_004970,1,MAINA2019,False,False,True,,,SSA_MFL/ligne_8332,,,Mapou Njipoute Centre de Santé Integre,,,SOC.SANTE.CENTRE,,,,MAINA2019,11.248865,5.758226
RAPP_004971,1,MAINA2019,False,False,True,,,SSA_MFL/ligne_8333,,,Mapouoche-Magham Centre de Santé Integre,,,SOC.SANTE.CENTRE,,,,MAINA2019,10.6938,5.5721
RAPP_004972,1,MAINA2019,False,False,True,,,SSA_MFL/ligne_8334,,,Marah Mambicham Centre de Santé Integre,,,SOC.SANTE.CENTRE,,,,MAINA2019,11.235778,5.826754
RAPP_004973,1,MAINA2019,False,False,True,,,SSA_MFL/ligne_8335,,,Marapdoum Centre de Santé Integre,,,SOC.SANTE.CENTRE,,,,MAINA2019,11.123467,5.796535
RAPP_004974,1,MAINA2019,False,False,True,,,SSA_MFL/ligne_8336,,,Marie Munda Centre de Santé Integre,,,SOC.SANTE.CENTRE,,,,MAINA2019,10.370578,5.413348
RAPP_004975,1,MAINA2019,False,False,True,,,SSA_MFL/ligne_8337,,,Marom Centre de Santé Integre,,,SOC.SANTE.CENTRE,,,,MAINA2019,10.960167,5.722243
RAPP_004976,1,MAINA2019,False,False,True,,,SSA_MFL/ligne_8338,,,Massangam Centre de Santé Integre,,,SOC.SANTE.CENTRE,,,,MAINA2019,10.999439,5.42648
RAPP_004977,1,MAINA2019,False,False,True,,,SSA_MFL/ligne_8339,,,Massangam Hôpital de District,,,SOC.SANTE.HOPITAL,,,,MAINA2019,10.997536,5.423624
RAPP_004978,1,MAINA2019,False,False,True,,,SSA_MFL/ligne_8340,,,Massissah Centre de Santé Integre,,,SOC.SANTE.CENTRE,,,,MAINA2019,11.103599,5.941515
RAPP_004979,1,MAINA2019,False,False,True,,,SSA_MFL/ligne_8341,,,Mataket Centre de Santé Integre,,,SOC.SANTE.CENTRE,,,,MAINA2019,10.786776,5.666748
RAPP_004980,1,MAINA2019,False,False,True,,,SSA_MFL/ligne_8342,,,Matefam Centre de Santé Integre,,,SOC.SANTE.CENTRE,,,,MAINA2019,10.799911,5.636053
RAPP_004981,1,MAINA2019,False,False,True,,,SSA_MFL/ligne_8343,,,Matetchit Centre de Santé Integre,,,SOC.SANTE.CENTRE,,,,MAINA2019,11.140407,6.009782
RAPP_004982,1,MAINA2019,False,False,True,,,SSA_MFL/ligne_8344,,,Matiapon Centre de Santé Integre,,,SOC.SANTE.CENTRE,,,,MAINA2019,11.075878,5.735859
RAPP_004983,1,MAINA2019,False,False,True,,,SSA_MFL/ligne_8345,,,Matoufa Centre de Santé Integre,,,SOC.SANTE.CENTRE,,,,MAINA2019,10.971002,5.548498
RAPP_004984,1,MAINA2019,False,False,True,,,SSA_MFL/ligne_8346,,,Matoumbain Centre de Santé Integre,,,SOC.SANTE.CENTRE,,,,MAINA2019,10.908816,5.737695
RAPP_004985,1,MAINA2019,False,False,True,,,SSA_MFL/ligne_8347,,,Matoupu Centre de Santé,,,SOC.SANTE.CENTRE,,,,MAINA2019,11.170438,5.705211
RAPP_004986,1,MAINA2019,False,False,True,,,SSA_MFL/ligne_8348,,,Mayakoue Centre de Santé Integre,,,SOC.SANTE.CENTRE,,,,MAINA2019,10.870551,5.104155
RAPP_004987,1,MAINA2019,False,False,True,,,SSA_MFL/ligne_8349,,,Mayap Centre de Santé Integre,,,SOC.SANTE.CENTRE,,,,MAINA2019,10.802,5.756
RAPP_004988,1,MAINA2019,False,False,True,,,SSA_MFL/ligne_8350,,,Mayo Centre de Santé Integre,,,SOC.SANTE.CENTRE,,,,MAINA2019,11.090868,5.823661
RAPP_004989,1,MAINA2019,False,False,True,,,SSA_MFL/ligne_8351,,,Mazom Centre de Santé Integre,,,SOC.SANTE.CENTRE,,,,MAINA2019,10.768624,5.695787
RAPP_004990,1,MAINA2019,False,False,True,,,SSA_MFL/ligne_8352,,,Mbafam Centre de Santé Integre,,,SOC.SANTE.CENTRE,,,,MAINA2019,10.0233,5.1088
RAPP_004991,1,MAINA2019,False,False,True,,,SSA_MFL/ligne_8353,,,Mbafam EEC Centre de Santé,,,SOC.SANTE.CENTRE,,,,MAINA2019,10.0233,5.108801
RAPP_004992,1,MAINA2019,False,False,True,,,SSA_MFL/ligne_8354,,,Mbakop Centre de Santé Integre,,,SOC.SANTE.CENTRE,,,,MAINA2019,11.153494,6.060227
RAPP_004993,1,MAINA2019,False,False,True,,,SSA_MFL/ligne_8355,,,Mbanjou Kounoure Centre de Santé Integre,,,SOC.SANTE.CENTRE,,,,MAINA2019,10.623352,5.533554
RAPP_004994,1,MAINA2019,False,False,True,,,SSA_MFL/ligne_8356,,,Mbantou Centre de Santé Integre,,,SOC.SANTE.CENTRE,,,,MAINA2019,10.611,5.658
RAPP_004995,1,MAINA2019,False,False,True,,,SSA_MFL/ligne_8357,,,Mbatap Centre de Santé Integre,,,SOC.SANTE.CENTRE,,,,MAINA2019,10.316854,5.612691
RAPP_004996,1,MAINA2019,False,False,True,,,SSA_MFL/ligne_8358,,,Mbaye Centre de Santé Integre,,,SOC.SANTE.CENTRE,,,,MAINA2019,11.17177,5.745139
RAPP_004997,1,MAINA2019,False,False,True,,,SSA_MFL/ligne_8359,,,Mbekong Centre de Santé Integre,,,SOC.SANTE.CENTRE,,,,MAINA2019,10.395446,5.651023
RAPP_004998,1,MAINA2019,False,False,True,,,SSA_MFL/ligne_8360,,,Mbem Centre de Santé Integre,,,SOC.SANTE.CENTRE,,,,MAINA2019,10.411366,5.342212
RAPP_004999,1,MAINA2019,False,False,True,,,SSA_MFL/ligne_8361,,,Mbessa Centre de Santé Integre,,,SOC.SANTE.CENTRE,,,,MAINA2019,10.301362,5.701372
RAPP_005000,1,MAINA2019,False,False,True,,,SSA_MFL/ligne_8362,,,Mbieng Centre de Santé Integre,,,SOC.SANTE.CENTRE,,,,MAINA2019,10.405786,5.421045
RAPP_005001,1,MAINA2019,False,False,True,,,SSA_MFL/ligne_8363,,,Mbingo Annex Bayangam Centre de Santé,,,SOC.SANTE.CENTRE,,,,MAINA2019,10.4677,5.2951
RAPP_005002,1,MAINA2019,False,False,True,,,SSA_MFL/ligne_8364,,,Mboebo Centre de Santé Integre,,,SOC.SANTE.CENTRE,,,,MAINA2019,10.101347,5.227215
RAPP_005003,1,MAINA2019,False,False,True,,,SSA_MFL/ligne_8365,,,Mbouda CPFF Centre de Santé Integre,,,SOC.SANTE.CENTRE,,,,MAINA2019,10.2487,5.6237
RAPP_005004,1,MAINA2019,False,False,True,,,SSA_MFL/ligne_8366,,,Mbouda Hôpital de District,,,SOC.SANTE.HOPITAL,,,,MAINA2019,10.256511,5.628871
RAPP_005005,1,MAINA2019,False,False,True,,,SSA_MFL/ligne_8367,,,Mboum Centre de Santé Integre,,,SOC.SANTE.CENTRE,,,,MAINA2019,10.317822,5.349083
RAPP_005006,1,MAINA2019,False,False,True,,,SSA_MFL/ligne_8368,,,Mbouo I Centre de Santé Integre,,,SOC.SANTE.CENTRE,,,,MAINA2019,10.1684,5.4186
RAPP_005007,1,MAINA2019,False,False,True,,,SSA_MFL/ligne_8369,,,Mbu Tiepi Centre de Santé Integre,,,SOC.SANTE.CENTRE,,,,MAINA2019,10.208113,5.157887
RAPP_005008,1,MAINA2019,False,False,True,,,SSA_MFL/ligne_8370,,,Mebou Centre de Santé Integre,,,SOC.SANTE.CENTRE,,,,MAINA2019,10.145794,5.467013
RAPP_005009,1,MAINA2019,False,False,True,,,SSA_MFL/ligne_8371,,,Medjo Centre de Santé Integre,,,SOC.SANTE.CENTRE,,,,MAINA2019,10.40973,5.327885
RAPP_005010,1,MAINA2019,False,False,True,,,SSA_MFL/ligne_8372,,,Megueu Centre de Santé Integre,,,SOC.SANTE.CENTRE,,,,MAINA2019,9.970368,5.473324
RAPP_005011,1,MAINA2019,False,False,True,,,SSA_MFL/ligne_8373,,,Mekouale Centre de Santé Integre,,,SOC.SANTE.CENTRE,,,,MAINA2019,10.012374,5.526943
RAPP_005012,1,MAINA2019,False,False,True,,,SSA_MFL/ligne_8374,,,Menfoung Centre de Santé Integre,,,SOC.SANTE.CENTRE,,,,MAINA2019,10.431248,5.770453
RAPP_005013,1,MAINA2019,False,False,True,,,SSA_MFL/ligne_8375,,,Messeng Centre de Santé Integre,,,SOC.SANTE.CENTRE,,,,MAINA2019,10.372541,5.420844
RAPP_005014,1,MAINA2019,False,False,True,,,SSA_MFL/ligne_8376,,,Mevobo Centre de Santé Integre,,,SOC.SANTE.CENTRE,,,,MAINA2019,10.33181,5.725643
RAPP_005015,1,MAINA2019,False,False,True,,,SSA_MFL/ligne_8377,,,Mfetame Centre de Santé Integre,,,SOC.SANTE.CENTRE,,,,MAINA2019,10.879919,5.795169
RAPP_005016,1,MAINA2019,False,False,True,,,SSA_MFL/ligne_8378,,,Mfetom Centre de Santé,,,SOC.SANTE.CENTRE,,,,MAINA2019,10.5208,5.1423
RAPP_005017,1,MAINA2019,False,False,True,,,SSA_MFL/ligne_8379,,,Mifi Hôpital de District,,,SOC.SANTE.HOPITAL,,,,MAINA2019,10.418531,5.472763
RAPP_005018,1,MAINA2019,False,False,True,,,SSA_MFL/ligne_8380,,,Mission Catholique Centre de Santé Integre,,,SOC.SANTE.CENTRE,,,,MAINA2019,11.224699,5.961478
RAPP_005019,1,MAINA2019,False,False,True,,,SSA_MFL/ligne_8381,,,Mokot Centre de Santé Integre,,,SOC.SANTE.CENTRE,,,,MAINA2019,10.038994,5.279593
RAPP_005020,1,MAINA2019,False,False,True,,,SSA_MFL/ligne_8382,,,Momo Centre de Santé Integre,,,SOC.SANTE.CENTRE,,,,MAINA2019,10.560814,5.451997
RAPP_005021,1,MAINA2019,False,False,True,,,SSA_MFL/ligne_8383,,,Moumee Ad Lucem Centre de Santé,,,SOC.SANTE.CENTRE,,,,MAINA2019,10.0572,5.1655
RAPP_005022,1,MAINA2019,False,False,True,,,SSA_MFL/ligne_8384,,,Mtieki Centre de Santé Integre,,,SOC.SANTE.CENTRE,,,,MAINA2019,10.382527,5.370827
RAPP_005023,1,MAINA2019,False,False,True,,,SSA_MFL/ligne_8385,,,Ndam Centre de Santé,,,SOC.SANTE.CENTRE,,,,MAINA2019,11.0333,5.8167
RAPP_005024,1,MAINA2019,False,False,True,,,SSA_MFL/ligne_8386,,,Ndionzou Centre de Santé Integre,,,SOC.SANTE.CENTRE,,,,MAINA2019,10.4193,5.064
RAPP_005025,1,MAINA2019,False,False,True,,,SSA_MFL/ligne_8387,,,Ndiop Centre de Santé Integre,,,SOC.SANTE.CENTRE,,,,MAINA2019,10.426,5.0742
RAPP_005026,1,MAINA2019,False,False,True,,,SSA_MFL/ligne_8388,,,Ndipta III Centre de Santé Integre,,,SOC.SANTE.CENTRE,,,,MAINA2019,10.4232,5.0691
RAPP_005027,1,MAINA2019,False,False,True,,,SSA_MFL/ligne_8389,,,Ndoh Djuttitsa Centre Médical d'Arrondissement,,,SOC.SANTE.CENTRE,,,,MAINA2019,10.310669,5.484932
RAPP_005028,1,MAINA2019,False,False,True,,,SSA_MFL/ligne_8390,,,Ndokovi Centre de Santé Integre,,,SOC.SANTE.CENTRE,,,,MAINA2019,10.164807,5.156222
RAPP_005029,1,MAINA2019,False,False,True,,,SSA_MFL/ligne_8391,,,Ndoumkain EEC Centre de Santé,,,SOC.SANTE.CENTRE,,,,MAINA2019,10.5609,5.6549
RAPP_005030,1,MAINA2019,False,False,True,,,SSA_MFL/ligne_8393,,,Ngang Centre de Santé Integre,,,SOC.SANTE.CENTRE,,,,MAINA2019,10.16971,4.999463
RAPP_005031,1,MAINA2019,False,False,True,,,SSA_MFL/ligne_8394,,,Ngbassa Centre de Santé Integre,,,SOC.SANTE.CENTRE,,,,MAINA2019,10.9688,5.7142
RAPP_005032,1,MAINA2019,False,False,True,,,SSA_MFL/ligne_8395,,,Ngbetsouen Centre de Santé Integre,,,SOC.SANTE.CENTRE,,,,MAINA2019,10.5319,5.6349
RAPP_005033,1,MAINA2019,False,False,True,,,SSA_MFL/ligne_8396,,,Ngbetsouen II EEC Centre de Santé,,,SOC.SANTE.CENTRE,,,,MAINA2019,10.5213,5.6347
RAPP_005034,1,MAINA2019,False,False,True,,,SSA_MFL/ligne_8397,,,Ngouang Centre de Santé Integre,,,SOC.SANTE.CENTRE,,,,MAINA2019,10.345554,5.44263
RAPP_005035,1,MAINA2019,False,False,True,,,SSA_MFL/ligne_8399,,,Ngoundoup Centre de Santé Integre,,,SOC.SANTE.CENTRE,,,,MAINA2019,10.7397,5.6118
RAPP_005036,1,MAINA2019,False,False,True,,,SSA_MFL/ligne_8400,,,Ngoyo Centre de Santé Integre,,,SOC.SANTE.CENTRE,,,,MAINA2019,10.40198,5.75463
RAPP_005037,1,MAINA2019,False,False,True,,,SSA_MFL/ligne_8401,,,Nguesse Centre de Santé Integre,,,SOC.SANTE.CENTRE,,,,MAINA2019,10.363242,5.625927
RAPP_005038,1,MAINA2019,False,False,True,,,SSA_MFL/ligne_8402,,,Ngwatta Centre de Santé Integre,,,SOC.SANTE.CENTRE,,,,MAINA2019,9.906122,5.290956
RAPP_005039,1,MAINA2019,False,False,True,,,SSA_MFL/ligne_8403,,,Ngwenfon Centre de Santé Integre,,,SOC.SANTE.CENTRE,,,,MAINA2019,10.660298,5.837432
RAPP_005040,1,MAINA2019,False,False,True,,,SSA_MFL/ligne_8404,,,Nji Chare Centre de Santé Integre,,,SOC.SANTE.CENTRE,,,,MAINA2019,10.744439,5.634863
RAPP_005041,1,MAINA2019,False,False,True,,,SSA_MFL/ligne_8405,,,Njidoun Centre de Santé Integre,,,SOC.SANTE.CENTRE,,,,MAINA2019,10.582707,5.595088
RAPP_005042,1,MAINA2019,False,False,True,,,SSA_MFL/ligne_8406,,,Njiketkie Centre de Santé Integre,,,SOC.SANTE.CENTRE,,,,MAINA2019,10.910904,5.768694
RAPP_005043,1,MAINA2019,False,False,True,,,SSA_MFL/ligne_8407,,,Njimom Centre de Santé Integre,,,SOC.SANTE.CENTRE,,,,MAINA2019,10.948775,5.824615
RAPP_005044,1,MAINA2019,False,False,True,,,SSA_MFL/ligne_8408,,,Njindare Centre de Santé Integre,,,SOC.SANTE.CENTRE,,,,MAINA2019,10.8877,5.5104
RAPP_005045,1,MAINA2019,False,False,True,,,SSA_MFL/ligne_8409,,,Njingoumbe Centre de Santé Integre,,,SOC.SANTE.CENTRE,,,,MAINA2019,10.5774,5.6745
RAPP_005046,1,MAINA2019,False,False,True,,,SSA_MFL/ligne_8410,,,Njingoumbe Protestant Centre de Santé,,,SOC.SANTE.CENTRE,,,,MAINA2019,10.5732,5.6813
RAPP_005047,1,MAINA2019,False,False,True,,,SSA_MFL/ligne_8411,,,Njipouh Centre de Santé Integre,,,SOC.SANTE.CENTRE,,,,MAINA2019,10.9111,5.728986
RAPP_005048,1,MAINA2019,False,False,True,,,SSA_MFL/ligne_8412,,,Njiren Centre de Santé Integre,,,SOC.SANTE.CENTRE,,,,MAINA2019,11.083968,5.785827
RAPP_005049,1,MAINA2019,False,False,True,,,SSA_MFL/ligne_8413,,,Njitapon Centre de Santé Integre,,,SOC.SANTE.CENTRE,,,,MAINA2019,10.5989,5.7705
RAPP_005050,1,MAINA2019,False,False,True,,,SSA_MFL/ligne_8414,,,Njiyawa Centre de Santé Integre,,,SOC.SANTE.CENTRE,,,,MAINA2019,10.946693,5.769739
RAPP_005051,1,MAINA2019,False,False,True,,,SSA_MFL/ligne_8415,,,Njiyouom Centre de Santé Integre,,,SOC.SANTE.CENTRE,,,,MAINA2019,10.909706,5.631102
RAPP_005052,1,MAINA2019,False,False,True,,,SSA_MFL/ligne_8416,,,Njone Centre de Santé Integre,,,SOC.SANTE.CENTRE,,,,MAINA2019,10.54961,5.368605
RAPP_005053,1,MAINA2019,False,False,True,,,SSA_MFL/ligne_8417,,,Njoya Magba Centre de Santé,,,SOC.SANTE.CENTRE,,,,MAINA2019,11.2407,5.9713
RAPP_005054,1,MAINA2019,False,False,True,,,SSA_MFL/ligne_8418,,,Nka Centre de Santé Integre,,,SOC.SANTE.CENTRE,,,,MAINA2019,10.3456,5.3103
RAPP_005055,1,MAINA2019,False,False,True,,,SSA_MFL/ligne_8419,,,Nkeuli Centre de Santé Integre,,,SOC.SANTE.CENTRE,,,,MAINA2019,10.001016,5.466281
RAPP_005056,1,MAINA2019,False,False,True,,,SSA_MFL/ligne_8420,,,Nkeutcheu Centre de Santé Integre,,,SOC.SANTE.CENTRE,,,,MAINA2019,10.288568,5.29515
RAPP_005057,1,MAINA2019,False,False,True,,,SSA_MFL/ligne_8421,,,Nkong Gni-Baleveng Centre Medical d’Arrondissement,,,SOC.SANTE.CENTRE,,,,MAINA2019,10.1597,5.4906
RAPP_005058,1,MAINA2019,False,False,True,,,SSA_MFL/ligne_8422,,,Nkoudoumbain Centre de Santé Integre,,,SOC.SANTE.CENTRE,,,,MAINA2019,10.6,5.695
RAPP_005059,1,MAINA2019,False,False,True,,,SSA_MFL/ligne_8423,,,Noumbouo Centre de Santé Integre,,,SOC.SANTE.CENTRE,,,,MAINA2019,10.119382,5.411583
RAPP_005060,1,MAINA2019,False,False,True,,,SSA_MFL/ligne_8424,,,Nteingue Centre de Santé Integre,,,SOC.SANTE.CENTRE,,,,MAINA2019,10.011389,5.336314
RAPP_005061,1,MAINA2019,False,False,True,,,SSA_MFL/ligne_8425,,,Ntialong Centre de Santé Integre,,,SOC.SANTE.CENTRE,,,,MAINA2019,10.177397,5.609706
RAPP_005062,1,MAINA2019,False,False,True,,,SSA_MFL/ligne_8426,,,Ntong Centre de Santé Integre,,,SOC.SANTE.CENTRE,,,,MAINA2019,10.178159,5.680662
RAPP_005063,1,MAINA2019,False,False,True,,,SSA_MFL/ligne_8427,,,Ntsingbeu Catholique Centre de Santé,,,SOC.SANTE.CENTRE,,,,MAINA2019,10.1194,5.454
RAPP_005064,1,MAINA2019,False,False,True,,,SSA_MFL/ligne_8428,,,Nzong EEC Centre de Santé,,,SOC.SANTE.CENTRE,,,,MAINA2019,10.0889,5.472
RAPP_005065,1,MAINA2019,False,False,True,,,SSA_MFL/ligne_8429,,,Penka Michel Hôpital de District,,,SOC.SANTE.HOPITAL,,,,MAINA2019,10.243128,5.471167
RAPP_005066,1,MAINA2019,False,False,True,,,SSA_MFL/ligne_8430,,,Penka Ville Centre de Santé Integre,,,SOC.SANTE.CENTRE,,,,MAINA2019,10.265876,5.448086
RAPP_005067,1,MAINA2019,False,False,True,,,SSA_MFL/ligne_8431,,,Penka Ville EEC Centre de Santé,,,SOC.SANTE.CENTRE,,,,MAINA2019,10.2395,5.4681
RAPP_005068,1,MAINA2019,False,False,True,,,SSA_MFL/ligne_8432,,,Plateau Protestant Centre de Santé,,,SOC.SANTE.CENTRE,,,,MAINA2019,10.426,5.3959
RAPP_005069,1,MAINA2019,False,False,True,,,SSA_MFL/ligne_8433,,,Poumougne Centre Medical d’Arrondissement,,,SOC.SANTE.CENTRE,,,,MAINA2019,10.4228,5.3978
RAPP_005070,1,MAINA2019,False,False,True,,,SSA_MFL/ligne_8434,,,Pouokam Centre de Santé Integre,,,SOC.SANTE.CENTRE,,,,MAINA2019,10.686086,5.982787
RAPP_005071,1,MAINA2019,False,False,True,,,SSA_MFL/ligne_8435,,,Projet Route Noun Centre de Santé Integre,,,SOC.SANTE.CENTRE,,,,MAINA2019,10.612947,5.210672
RAPP_005072,1,MAINA2019,False,False,True,,,SSA_MFL/ligne_8436,,,Saah Batsingla Centre de Santé Integre,,,SOC.SANTE.CENTRE,,,,MAINA2019,10.1112,5.4445
RAPP_005073,1,MAINA2019,False,False,True,,,SSA_MFL/ligne_8437,,,Santchou Hôpital de District,,,SOC.SANTE.HOPITAL,,,,MAINA2019,9.975069,5.27285
RAPP_005074,1,MAINA2019,False,False,True,,,SSA_MFL/ligne_8438,,,Sedembom EEC Centre de Santé,,,SOC.SANTE.CENTRE,,,,MAINA2019,10.4516,5.3209
RAPP_005075,1,MAINA2019,False,False,True,,,SSA_MFL/ligne_8440,,,Singaim Centre de Santé Integre,,,SOC.SANTE.CENTRE,,,,MAINA2019,9.839949,5.284103
RAPP_005076,1,MAINA2019,False,False,True,,,SSA_MFL/ligne_8441,,,Solidarite Centre de Santé Integre,,,SOC.SANTE.CENTRE,,,,MAINA2019,10.759311,5.651668
RAPP_005077,1,MAINA2019,False,False,True,,,SSA_MFL/ligne_8442,,,Solidarite Malantouen Centre de Santé,,,SOC.SANTE.CENTRE,,,,MAINA2019,11.0894,5.7362
RAPP_005078,1,MAINA2019,False,False,True,,,SSA_MFL/ligne_8443,,,Souvenitr Centre de Santé Integre,,,SOC.SANTE.CENTRE,,,,MAINA2019,10.616975,5.497101
RAPP_005079,1,MAINA2019,False,False,True,,,SSA_MFL/ligne_8444,,,St Blaise Centre de Santé,,,SOC.SANTE.CENTRE,,,,MAINA2019,10.635991,5.510096
RAPP_005080,1,MAINA2019,False,False,True,,,SSA_MFL/ligne_8445,,,St Joseph de Bangwang Centre de Santé Integre,,,SOC.SANTE.CENTRE,,,,MAINA2019,10.240605,5.529213
RAPP_005081,1,MAINA2019,False,False,True,,,SSA_MFL/ligne_8446,,,St Kisito Centre de Santé Integre,,,SOC.SANTE.CENTRE,,,,MAINA2019,10.156799,5.489915
RAPP_005082,1,MAINA2019,False,False,True,,,SSA_MFL/ligne_8447,,,Takouche Centre de Santé Integre,,,SOC.SANTE.CENTRE,,,,MAINA2019,10.438559,5.577429
RAPP_005083,1,MAINA2019,False,False,True,,,SSA_MFL/ligne_8448,,,Tang Centre de Santé Integre,,,SOC.SANTE.CENTRE,,,,MAINA2019,10.147712,5.446415
RAPP_005084,1,MAINA2019,False,False,True,,,SSA_MFL/ligne_8449,,,Tanga Fetba Centre de Santé Integre,,,SOC.SANTE.CENTRE,,,,MAINA2019,10.51485,5.035187
RAPP_005085,1,MAINA2019,False,False,True,,,SSA_MFL/ligne_8450,,,Tchada Centre de Santé Integre,,,SOC.SANTE.CENTRE,,,,MAINA2019,10.425139,5.543735
RAPP_005086,1,MAINA2019,False,False,True,,,SSA_MFL/ligne_8451,,,Tchala Centre de Santé Integre,,,SOC.SANTE.CENTRE,,,,MAINA2019,10.419952,5.285428
RAPP_005087,1,MAINA2019,False,False,True,,,SSA_MFL/ligne_8452,,,Tchelekouet Centre de Santé Integre,,,SOC.SANTE.CENTRE,,,,MAINA2019,10.15041,5.550504
RAPP_005088,1,MAINA2019,False,False,True,,,SSA_MFL/ligne_8453,,,Tchoum Centre de Santé Integre,,,SOC.SANTE.CENTRE,,,,MAINA2019,10.254956,5.383193
RAPP_005089,1,MAINA2019,False,False,True,,,SSA_MFL/ligne_8454,,,Tesse Centre de Santé Integre,,,SOC.SANTE.CENTRE,,,,MAINA2019,10.44917,5.408993
RAPP_005090,1,MAINA2019,False,False,True,,,SSA_MFL/ligne_8455,,,Thesso Centre de Santé Integre,,,SOC.SANTE.CENTRE,,,,MAINA2019,10.396625,5.403972
RAPP_005091,1,MAINA2019,False,False,True,,,SSA_MFL/ligne_8456,,,Tomdjo Centre de Santé Integre,,,SOC.SANTE.CENTRE,,,,MAINA2019,10.509479,5.483774
RAPP_005092,1,MAINA2019,False,False,True,,,SSA_MFL/ligne_8457,,,Tonga Centre Médical d'Arrondissement,,,SOC.SANTE.CENTRE,,,,MAINA2019,10.695551,4.972065
RAPP_005093,1,MAINA2019,False,False,True,,,SSA_MFL/ligne_8458,,,Topo Centre de Santé Integre,,,SOC.SANTE.CENTRE,,,,MAINA2019,10.400611,5.388435
RAPP_005094,1,MAINA2019,False,False,True,,,SSA_MFL/ligne_8459,,,Toukop Centre de Santé Integre,,,SOC.SANTE.CENTRE,,,,MAINA2019,10.554689,5.153435
RAPP_005095,1,MAINA2019,False,False,True,,,SSA_MFL/ligne_8460,,,Toula Ad Lucem Catholique Centre de Santé,,,SOC.SANTE.CENTRE,,,,MAINA2019,10.1997,5.5663
RAPP_005096,1,MAINA2019,False,False,True,,,SSA_MFL/ligne_8461,,,Toumi Centre de Santé Integre,,,SOC.SANTE.CENTRE,,,,MAINA2019,10.28934,5.38462
RAPP_005097,1,MAINA2019,False,False,True,,,SSA_MFL/ligne_8462,,,Tsada Centre de Santé Integre,,,SOC.SANTE.CENTRE,,,,MAINA2019,10.398071,5.618068
RAPP_005098,1,MAINA2019,False,False,True,,,SSA_MFL/ligne_8463,,,Tsela Centre de Santé Integre,,,SOC.SANTE.CENTRE,,,,MAINA2019,10.384965,5.397369
RAPP_005099,1,MAINA2019,False,False,True,,,SSA_MFL/ligne_8464,,,Tyo Centre Médical d'Arrondissement,,,SOC.SANTE.CENTRE,,,,MAINA2019,10.401513,5.487954
RAPP_005100,1,MAINA2019,False,False,True,,,SSA_MFL/ligne_8465,,,Yagou Centre de Santé Integre,,,SOC.SANTE.CENTRE,,,,MAINA2019,10.455299,5.475779
RAPP_005101,1,MAINA2019,False,False,True,,,SSA_MFL/ligne_8466,,,Zemla Centre de Santé,,,SOC.SANTE.CENTRE,,,,MAINA2019,10.1542,5.4278
